player_id,rule_def,window_def,total_orders_raw,late_orders_raw,late_ratio_raw,win_orders_raw,win_rate_raw,valid_bet_raw,profit_raw,roi_raw,total_orders_ok,late_orders_ok,late_ratio_ok,win_orders_ok,lose_orders_ok,tie_orders_ok,win_rate_ok,valid_bet_ok,profit_ok,rebate_ok,net_pnl_ok,roi_ok,resid_identity,hit_raw,hit_ok
1949606,late40_r60_n30,dt_ge_2026-03-21_lt_2026-08-07,56,34,0.6071,28,0.5000,5205.21,256.71,0.0493,56,34,0.6071,28,25,3,0.5283,5205.21,256.71,0.00,256.71,0.0493,0.0000,1,1
3377663,late40_r60_n30,dt_ge_2026-03-21_lt_2026-08-07,66,45,0.6818,26,0.3939,329.17,-65.21,-0.1981,66,45,0.6818,26,34,6,0.4333,329.17,-65.21,0.00,-65.21,-0.1981,0.0000,1,1
5698676,late40_r60_n30,dt_ge_2026-03-21_lt_2026-08-07,410,330,0.8049,71,0.1732,4996.32,60.83,0.0122,410,330,0.8049,71,331,8,0.1766,4996.32,60.83,39.97,100.80,0.0122,0.0000,1,1
7103129,late40_r60_n30,dt_ge_2026-03-21_lt_2026-08-07,33,20,0.6061,5,0.1515,2052.88,-326.00,-0.1588,33,20,0.6061,5,27,1,0.1563,2052.88,-326.00,16.42,-309.58,-0.1588,0.0000,1,1
8708407,late40_r60_n30,dt_ge_2026-03-21_lt_2026-08-07,46,28,0.6087,23,0.5000,410.00,38.50,0.0939,46,28,0.6087,23,18,5,0.5610,410.00,38.50,0.00,38.50,0.0939,0.0000,1,1
10702402,late40_r60_n30,dt_ge_2026-03-21_lt_2026-08-07,132,80,0.6061,58,0.4394,8048.34,-534.93,-0.0665,132,80,0.6061,58,65,9,0.4715,8048.34,-534.93,0.00,-534.93,-0.0665,0.0000,1,1
13703074,late40_r60_n30,dt_ge_2026-03-21_lt_2026-08-07,44,41,0.9318,5,0.1136,848.10,-256.52,-0.3025,44,41,0.9318,5,39,0,0.1136,848.10,-256.52,0.00,-256.52,-0.3025,0.0000,1,1
15543685,late40_r60_n30,dt_ge_2026-03-21_lt_2026-08-07,32,20,0.6250,9,0.2813,3565.61,-1396.94,-0.3918,32,20,0.6250,9,21,2,0.3000,3565.61,-1396.94,0.00,-1396.94,-0.3918,0.0000,1,1
17085585,late40_r60_n30,dt_ge_2026-03-21_lt_2026-08-07,93,72,0.7742,27,0.2903,2164.13,905.76,0.4185,93,72,0.7742,27,66,0,0.2903,2164.13,905.76,0.00,905.76,0.4185,0.0000,1,1
17491065,late40_r60_n30,dt_ge_2026-03-21_lt_2026-08-07,62,44,0.7097,17,0.2742,4059.18,-101.13,-0.0249,62,44,0.7097,17,41,4,0.2931,4059.18,-101.13,0.00,-101.13,-0.0249,0.0000,1,1
21209899,late40_r60_n30,dt_ge_2026-03-21_lt_2026-08-07,48,29,0.6042,17,0.3542,11680.57,-1592.03,-0.1363,48,29,0.6042,17,21,10,0.4474,11680.57,-1592.03,0.00,-1592.03,-0.1363,0.0000,1,1
21538046,late40_r60_n30,dt_ge_2026-03-21_lt_2026-08-07,104,67,0.6442,24,0.2308,1387.82,284.60,0.2051,104,67,0.6442,24,76,4,0.2400,1387.82,284.60,0.00,284.60,0.2051,0.0000,1,1
21689449,late40_r60_n30,dt_ge_2026-03-21_lt_2026-08-07,33,29,0.8788,13,0.3939,383.48,-49.87,-0.1300,33,29,0.8788,13,17,3,0.4333,383.48,-49.87,0.00,-49.87,-0.1300,0.0000,1,1
22135416,late40_r60_n30,dt_ge_2026-03-21_lt_2026-08-07,53,32,0.6038,24,0.4528,448.83,-49.75,-0.1108,53,32,0.6038,24,27,2,0.4706,448.83,-49.75,3.59,-46.16,-0.1108,0.0000,1,1
23608495,late40_r60_n30,dt_ge_2026-03-21_lt_2026-08-07,63,51,0.8095,24,0.3810,1585.05,189.00,0.1192,63,51,0.8095,24,35,4,0.4068,1585.05,189.00,0.00,189.00,0.1192,0.0000,1,1
30979905,late40_r60_n30,dt_ge_2026-03-21_lt_2026-08-07,981,799,0.8145,156,0.1590,69550.42,-6601.61,-0.0949,981,799,0.8145,156,804,21,0.1625,69550.42,-6601.61,0.00,-6601.61,-0.0949,0.0000,1,1
32497473,late40_r60_n30,dt_ge_2026-03-21_lt_2026-08-07,31,20,0.6452,10,0.3226,404.69,-90.75,-0.2242,16,10,0.6250,5,9,2,0.3571,208.80,-51.83,0.00,-51.83,-0.2482,0.0000,1,0
32528909,late40_r60_n30,dt_ge_2026-03-21_lt_2026-08-07,192,122,0.6354,98,0.5104,11307.67,1191.96,0.1054,192,122,0.6354,98,79,15,0.5537,11307.67,1191.96,0.00,1191.96,0.1054,0.0000,1,1
32677550,late40_r60_n30,dt_ge_2026-03-21_lt_2026-08-07,73,46,0.6301,13,0.1781,3031.85,1042.20,0.3438,73,46,0.6301,13,56,4,0.1884,3031.85,1042.20,0.00,1042.20,0.3438,0.0000,1,1
32845969,late40_r60_n30,dt_ge_2026-03-21_lt_2026-08-07,48,29,0.6042,8,0.1667,288.17,-77.97,-0.2706,48,29,0.6042,8,36,4,0.1818,288.17,-77.97,0.00,-77.97,-0.2706,0.0000,1,1
33781716,late40_r60_n30,dt_ge_2026-03-21_lt_2026-08-07,61,45,0.7377,9,0.1475,1525.02,-237.45,-0.1557,61,45,0.7377,9,51,1,0.1500,1525.02,-237.45,0.00,-237.45,-0.1557,0.0000,1,1
33892282,late40_r60_n30,dt_ge_2026-03-21_lt_2026-08-07,178,108,0.6067,33,0.1854,1039.20,-331.69,-0.3192,178,108,0.6067,33,141,4,0.1897,1039.20,-331.69,0.00,-331.69,-0.3192,0.0000,1,1
34449986,late40_r60_n30,dt_ge_2026-03-21_lt_2026-08-07,32,22,0.6875,9,0.2813,1194.89,-302.72,-0.2533,32,22,0.6875,9,22,1,0.2903,1194.89,-302.72,0.00,-302.72,-0.2533,0.0000,1,1
34686624,late40_r60_n30,dt_ge_2026-03-21_lt_2026-08-07,61,38,0.6230,11,0.1803,545.87,-69.79,-0.1279,61,38,0.6230,11,49,1,0.1833,545.87,-69.79,0.00,-69.79,-0.1279,0.0000,1,1
36261920,late40_r60_n30,dt_ge_2026-03-21_lt_2026-08-07,81,67,0.8272,36,0.4444,18790.00,-2257.50,-0.1201,81,67,0.8272,36,42,3,0.4615,18790.00,-2257.50,0.00,-2257.50,-0.1201,0.0000,1,1
38271859,late40_r60_n30,dt_ge_2026-03-21_lt_2026-08-07,32,21,0.6563,5,0.1563,142.08,-20.36,-0.1433,32,21,0.6563,5,27,0,0.1563,142.08,-20.36,0.00,-20.36,-0.1433,0.0000,1,1
41798275,late40_r60_n30,dt_ge_2026-03-21_lt_2026-08-07,203,129,0.6355,53,0.2611,9888.63,140.30,0.0142,203,129,0.6355,53,137,13,0.2789,9888.63,140.30,0.00,140.30,0.0142,0.0000,1,1
42040777,late40_r60_n30,dt_ge_2026-03-21_lt_2026-08-07,43,27,0.6279,15,0.3488,706.32,-93.99,-0.1331,43,27,0.6279,15,27,1,0.3571,706.32,-93.99,0.00,-93.99,-0.1331,0.0000,1,1
42722878,late40_r60_n30,dt_ge_2026-03-21_lt_2026-08-07,67,48,0.7164,8,0.1194,766.05,-274.08,-0.3578,67,48,0.7164,8,57,2,0.1231,766.05,-274.08,0.00,-274.08,-0.3578,0.0000,1,1
44581637,late40_r60_n30,dt_ge_2026-03-21_lt_2026-08-07,70,43,0.6143,23,0.3286,93.23,0.77,0.0083,70,43,0.6143,23,45,2,0.3382,93.23,0.77,0.00,0.77,0.0083,0.0000,1,1
47488418,late40_r60_n30,dt_ge_2026-03-21_lt_2026-08-07,6354,4063,0.6394,2562,0.4032,51915.37,-1942.89,-0.0374,6320,4044,0.6399,2552,3289,479,0.4369,51689.55,-1858.86,0.00,-1858.86,-0.0360,0.0000,1,1
47651652,late40_r60_n30,dt_ge_2026-03-21_lt_2026-08-07,39,24,0.6154,3,0.0769,177.58,-90.55,-0.5099,39,24,0.6154,3,36,0,0.0769,177.58,-90.55,0.00,-90.55,-0.5099,0.0000,1,1
47968815,late40_r60_n30,dt_ge_2026-03-21_lt_2026-08-07,44,28,0.6364,7,0.1591,1668.68,-518.55,-0.3108,44,28,0.6364,7,35,2,0.1667,1668.68,-518.55,0.00,-518.55,-0.3108,0.0000,1,1
48031652,late40_r60_n30,dt_ge_2026-03-21_lt_2026-08-07,59,36,0.6102,13,0.2203,2177.96,-173.31,-0.0796,59,36,0.6102,13,43,3,0.2321,2177.96,-173.31,0.00,-173.31,-0.0796,0.0000,1,1
48823109,late40_r60_n30,dt_ge_2026-03-21_lt_2026-08-07,38,36,0.9474,5,0.1316,3213.96,-238.75,-0.0743,38,36,0.9474,5,33,0,0.1316,3213.96,-238.75,0.00,-238.75,-0.0743,0.0000,1,1
50709530,late40_r60_n30,dt_ge_2026-03-21_lt_2026-08-07,42,28,0.6667,11,0.2619,117.07,-49.39,-0.4219,42,28,0.6667,11,28,3,0.2821,117.07,-49.39,0.00,-49.39,-0.4219,0.0000,1,1
51956950,late40_r60_n30,dt_ge_2026-03-21_lt_2026-08-07,87,65,0.7471,14,0.1609,12700.00,-1620.00,-0.1276,87,65,0.7471,14,73,0,0.1609,12700.00,-1620.00,0.00,-1620.00,-0.1276,0.0000,1,1
52034263,late40_r60_n30,dt_ge_2026-03-21_lt_2026-08-07,101,61,0.6040,44,0.4356,2299.28,115.36,0.0502,101,61,0.6040,44,48,9,0.4783,2299.28,115.36,0.00,115.36,0.0502,0.0000,1,1
52076405,late40_r60_n30,dt_ge_2026-03-21_lt_2026-08-07,36,34,0.9444,3,0.0833,189.11,-63.67,-0.3367,36,34,0.9444,3,33,0,0.0833,189.11,-63.67,0.00,-63.67,-0.3367,0.0000,1,1
54583316,late40_r60_n30,dt_ge_2026-03-21_lt_2026-08-07,50,33,0.6600,10,0.2000,843.54,-238.35,-0.2826,50,33,0.6600,10,34,6,0.2273,843.54,-238.35,0.00,-238.35,-0.2826,0.0000,1,1
54830202,late40_r60_n30,dt_ge_2026-03-21_lt_2026-08-07,38,28,0.7368,14,0.3684,776.00,-149.05,-0.1921,38,28,0.7368,14,21,3,0.4000,776.00,-149.05,0.00,-149.05,-0.1921,0.0000,1,1
55370427,late40_r60_n30,dt_ge_2026-03-21_lt_2026-08-07,176,125,0.7102,24,0.1364,1945.87,-93.37,-0.0480,176,125,0.7102,24,146,6,0.1412,1945.87,-93.37,15.57,-77.80,-0.0480,0.0000,1,1
56175373,late40_r60_n30,dt_ge_2026-03-21_lt_2026-08-07,66,47,0.7121,10,0.1515,422.26,-135.57,-0.3211,66,47,0.7121,10,56,0,0.1515,422.26,-135.57,0.00,-135.57,-0.3211,0.0000,1,1
58619350,late40_r60_n30,dt_ge_2026-03-21_lt_2026-08-07,184,134,0.7283,38,0.2065,37470.00,3175.00,0.0847,184,134,0.7283,38,144,2,0.2088,37470.00,3175.00,0.00,3175.00,0.0847,0.0000,1,1
59078537,late40_r60_n30,dt_ge_2026-03-21_lt_2026-08-07,122,122,1.0000,19,0.1557,3641.24,-1.04,-0.0003,122,122,1.0000,19,101,2,0.1583,3641.24,-1.04,29.13,28.09,-0.0003,0.0000,1,1
59192623,late40_r60_n30,dt_ge_2026-03-21_lt_2026-08-07,62,39,0.6290,13,0.2097,1179.26,-325.40,-0.2759,62,39,0.6290,13,47,2,0.2167,1179.26,-325.40,0.00,-325.40,-0.2759,0.0000,1,1
60004616,late40_r60_n30,dt_ge_2026-03-21_lt_2026-08-07,113,71,0.6283,31,0.2743,8518.37,2265.37,0.2659,113,71,0.6283,31,77,5,0.2870,8518.37,2265.37,68.15,2333.52,0.2659,0.0000,1,1
62388654,late40_r60_n30,dt_ge_2026-03-21_lt_2026-08-07,77,50,0.6494,13,0.1688,4844.82,-1317.88,-0.2720,77,50,0.6494,13,60,4,0.1781,4844.82,-1317.88,0.00,-1317.88,-0.2720,0.0000,1,1
62763059,late40_r60_n30,dt_ge_2026-03-21_lt_2026-08-07,48,30,0.6250,19,0.3958,358.87,-21.82,-0.0608,48,30,0.6250,19,22,7,0.4634,358.87,-21.82,0.00,-21.82,-0.0608,0.0000,1,1
62912796,late40_r60_n30,dt_ge_2026-03-21_lt_2026-08-07,96,70,0.7292,25,0.2604,18592.78,-1393.87,-0.0750,96,70,0.7292,25,68,3,0.2688,18592.78,-1393.87,0.00,-1393.87,-0.0750,0.0000,1,1
63251506,late40_r60_n30,dt_ge_2026-03-21_lt_2026-08-07,94,58,0.6170,34,0.3617,1187.76,-40.03,-0.0337,94,58,0.6170,34,48,12,0.4146,1187.76,-40.03,0.00,-40.03,-0.0337,0.0000,1,1
63594151,late40_r60_n30,dt_ge_2026-03-21_lt_2026-08-07,41,25,0.6098,18,0.4390,1214.38,97.91,0.0806,41,25,0.6098,18,19,4,0.4865,1214.38,97.91,9.72,107.62,0.0806,0.0000,1,1
64095855,late40_r60_n30,dt_ge_2026-03-21_lt_2026-08-07,79,50,0.6329,27,0.3418,7206.67,-410.13,-0.0569,79,50,0.6329,27,47,5,0.3649,7206.67,-410.13,0.00,-410.13,-0.0569,0.0000,1,1
64957589,late40_r60_n30,dt_ge_2026-03-21_lt_2026-08-07,364,218,0.5989,136,0.3736,10593.31,-2314.74,-0.2185,357,216,0.6050,135,192,30,0.4128,10544.79,-2286.97,0.00,-2286.97,-0.2169,0.0000,0,1
64962201,late40_r60_n30,dt_ge_2026-03-21_lt_2026-08-07,40,24,0.6000,20,0.5000,1046.11,607.08,0.5803,20,12,0.6000,10,9,1,0.5263,523.05,303.54,0.00,303.54,0.5803,0.0000,1,0
65491734,late40_r60_n30,dt_ge_2026-03-21_lt_2026-08-07,203,125,0.6158,92,0.4532,20591.39,-1132.00,-0.0550,203,125,0.6158,92,97,14,0.4868,20591.39,-1132.00,0.00,-1132.00,-0.0550,0.0000,1,1
65931410,late40_r60_n30,dt_ge_2026-03-21_lt_2026-08-07,190,120,0.6316,44,0.2316,31533.32,-2713.78,-0.0861,190,120,0.6316,44,144,2,0.2340,31533.32,-2713.78,0.00,-2713.78,-0.0861,0.0000,1,1
66338302,late40_r60_n30,dt_ge_2026-03-21_lt_2026-08-07,37,30,0.8108,4,0.1081,1642.75,-747.87,-0.4553,37,30,0.8108,4,33,0,0.1081,1642.75,-747.87,0.00,-747.87,-0.4553,0.0000,1,1
66354411,late40_r60_n30,dt_ge_2026-03-21_lt_2026-08-07,33,20,0.6061,7,0.2121,84.86,-41.01,-0.4833,33,20,0.6061,7,24,2,0.2258,84.86,-41.01,0.00,-41.01,-0.4833,0.0000,1,1
66479976,late40_r60_n30,dt_ge_2026-03-21_lt_2026-08-07,41,26,0.6341,14,0.3415,3035.20,-90.26,-0.0297,41,26,0.6341,14,24,3,0.3684,3035.20,-90.26,0.00,-90.26,-0.0297,0.0000,1,1
66854219,late40_r60_n30,dt_ge_2026-03-21_lt_2026-08-07,45,27,0.6000,23,0.5111,3388.79,264.28,0.0780,37,19,0.5135,18,16,3,0.5294,3170.84,144.75,0.00,144.75,0.0456,0.0000,1,0
67289866,late40_r60_n30,dt_ge_2026-03-21_lt_2026-08-07,69,43,0.6232,9,0.1304,264.12,-108.31,-0.4101,69,43,0.6232,9,58,2,0.1343,264.12,-108.31,0.00,-108.31,-0.4101,0.0000,1,1
67450030,late40_r60_n30,dt_ge_2026-03-21_lt_2026-08-07,42,26,0.6190,10,0.2381,306.01,2.57,0.0084,42,26,0.6190,10,30,2,0.2500,306.01,2.57,0.00,2.57,0.0084,0.0000,1,1
67465872,late40_r60_n30,dt_ge_2026-03-21_lt_2026-08-07,43,37,0.8605,4,0.0930,167.67,-64.22,-0.3831,43,37,0.8605,4,37,2,0.0976,167.67,-64.22,0.00,-64.22,-0.3831,0.0000,1,1
67910734,late40_r60_n30,dt_ge_2026-03-21_lt_2026-08-07,468,299,0.6389,221,0.4722,3937.13,-120.71,-0.0307,468,299,0.6389,221,208,39,0.5152,3937.13,-120.71,0.00,-120.71,-0.0307,0.0000,1,1
68300124,late40_r60_n30,dt_ge_2026-03-21_lt_2026-08-07,68,48,0.7059,28,0.4118,516.34,-83.30,-0.1613,68,48,0.7059,28,32,8,0.4667,516.34,-83.30,0.00,-83.30,-0.1613,0.0000,1,1
68651039,late40_r60_n30,dt_ge_2026-03-21_lt_2026-08-07,33,21,0.6364,5,0.1515,4389.71,-1171.37,-0.2668,33,21,0.6364,5,27,1,0.1563,4389.71,-1171.37,0.00,-1171.37,-0.2668,0.0000,1,1
69150857,late40_r60_n30,dt_ge_2026-03-21_lt_2026-08-07,47,32,0.6809,6,0.1277,129.85,-55.39,-0.4265,47,32,0.6809,6,41,0,0.1277,129.85,-55.39,0.00,-55.39,-0.4265,0.0000,1,1
69897402,late40_r60_n30,dt_ge_2026-03-21_lt_2026-08-07,50,33,0.6600,14,0.2800,383.91,19.21,0.0500,50,33,0.6600,14,33,3,0.2979,383.91,19.21,0.00,19.21,0.0500,0.0000,1,1
70014531,late40_r60_n30,dt_ge_2026-03-21_lt_2026-08-07,42,35,0.8333,2,0.0476,698.86,-315.90,-0.4520,42,35,0.8333,2,38,2,0.0500,698.86,-315.90,0.00,-315.90,-0.4520,0.0000,1,1
70176335,late40_r60_n30,dt_ge_2026-03-21_lt_2026-08-07,44,33,0.7500,16,0.3636,2136.89,1238.80,0.5797,27,20,0.7407,10,16,1,0.3846,1283.79,811.40,0.00,811.40,0.6320,0.0000,1,0
71491328,late40_r60_n30,dt_ge_2026-03-21_lt_2026-08-07,32,22,0.6875,14,0.4375,952.99,268.07,0.2813,32,22,0.6875,14,11,7,0.5600,952.99,268.07,0.00,268.07,0.2813,0.0000,1,1
71958178,late40_r60_n30,dt_ge_2026-03-21_lt_2026-08-07,106,65,0.6132,10,0.0943,505.75,-223.58,-0.4421,106,65,0.6132,10,94,2,0.0962,505.75,-223.58,0.00,-223.58,-0.4421,0.0000,1,1
72466860,late40_r60_n30,dt_ge_2026-03-21_lt_2026-08-07,36,24,0.6667,14,0.3889,346.29,106.10,0.3064,36,24,0.6667,14,21,1,0.4000,346.29,106.10,2.77,108.87,0.3064,0.0000,1,1
72502658,late40_r60_n30,dt_ge_2026-03-21_lt_2026-08-07,104,79,0.7596,48,0.4615,2707.50,152.09,0.0562,104,79,0.7596,48,49,7,0.4948,2707.50,152.09,0.00,152.09,0.0562,0.0000,1,1
72671741,late40_r60_n30,dt_ge_2026-03-21_lt_2026-08-07,56,40,0.7143,21,0.3750,389.14,-11.87,-0.0305,56,40,0.7143,21,35,0,0.3750,389.14,-11.87,0.00,-11.87,-0.0305,0.0000,1,1
72990825,late40_r60_n30,dt_ge_2026-03-21_lt_2026-08-07,115,85,0.7391,23,0.2000,2778.00,-148.51,-0.0535,115,85,0.7391,23,89,3,0.2054,2778.00,-148.51,0.00,-148.51,-0.0535,0.0000,1,1
73019292,late40_r60_n30,dt_ge_2026-03-21_lt_2026-08-07,42,33,0.7857,11,0.2619,6041.23,-2270.23,-0.3758,42,33,0.7857,11,30,1,0.2683,6041.23,-2270.23,0.00,-2270.23,-0.3758,0.0000,1,1
73087552,late40_r60_n30,dt_ge_2026-03-21_lt_2026-08-07,45,30,0.6667,18,0.4000,7589.00,532.15,0.0701,45,30,0.6667,18,24,3,0.4286,7589.00,532.15,0.00,532.15,0.0701,0.0000,1,1
73224074,late40_r60_n30,dt_ge_2026-03-21_lt_2026-08-07,32,21,0.6563,11,0.3438,436.32,-29.56,-0.0678,32,21,0.6563,11,21,0,0.3438,436.32,-29.56,0.00,-29.56,-0.0678,0.0000,1,1
73263305,late40_r60_n30,dt_ge_2026-03-21_lt_2026-08-07,420,256,0.6095,77,0.1833,1328.92,-22.15,-0.0167,420,256,0.6095,77,333,10,0.1878,1328.92,-22.15,0.00,-22.15,-0.0167,0.0000,1,1
73320937,late40_r60_n30,dt_ge_2026-03-21_lt_2026-08-07,31,20,0.6452,14,0.4516,1629.19,-25.91,-0.0159,31,20,0.6452,14,15,2,0.4828,1629.19,-25.91,0.00,-25.91,-0.0159,0.0000,1,1
73412375,late40_r60_n30,dt_ge_2026-03-21_lt_2026-08-07,33,30,0.9091,7,0.2121,290.19,25.52,0.0879,33,30,0.9091,7,25,1,0.2188,290.19,25.52,0.00,25.52,0.0879,0.0000,1,1
73491479,late40_r60_n30,dt_ge_2026-03-21_lt_2026-08-07,133,98,0.7368,51,0.3835,2123.25,308.61,0.1453,133,98,0.7368,51,73,9,0.4113,2123.25,308.61,0.00,308.61,0.1453,0.0000,1,1
74025982,late40_r60_n30,dt_ge_2026-03-21_lt_2026-08-07,1214,755,0.6219,213,0.1755,26925.80,-1748.38,-0.0649,1214,755,0.6219,213,976,25,0.1791,26925.80,-1748.38,0.00,-1748.38,-0.0649,0.0000,1,1
74165511,late40_r60_n30,dt_ge_2026-03-21_lt_2026-08-07,36,23,0.6389,9,0.2500,514.65,-117.84,-0.2290,36,23,0.6389,9,25,2,0.2647,514.65,-117.84,0.00,-117.84,-0.2290,0.0000,1,1
75037884,late40_r60_n30,dt_ge_2026-03-21_lt_2026-08-07,32,22,0.6875,6,0.1875,86.63,-25.40,-0.2932,32,22,0.6875,6,25,1,0.1935,86.63,-25.40,0.00,-25.40,-0.2932,0.0000,1,1
75805727,late40_r60_n30,dt_ge_2026-03-21_lt_2026-08-07,59,54,0.9153,7,0.1186,126.49,-51.17,-0.4045,59,54,0.9153,7,48,4,0.1273,126.49,-51.17,0.00,-51.17,-0.4045,0.0000,1,1
76116023,late40_r60_n30,dt_ge_2026-03-21_lt_2026-08-07,67,50,0.7463,11,0.1642,493.00,-128.97,-0.2616,67,50,0.7463,11,56,0,0.1642,493.00,-128.97,0.00,-128.97,-0.2616,0.0000,1,1
76395763,late40_r60_n30,dt_ge_2026-03-21_lt_2026-08-07,58,47,0.8103,26,0.4483,247.19,16.19,0.0655,58,47,0.8103,26,26,6,0.5000,247.19,16.19,0.00,16.19,0.0655,0.0000,1,1
76871415,late40_r60_n30,dt_ge_2026-03-21_lt_2026-08-07,35,23,0.6571,14,0.4000,4063.98,1058.39,0.2604,35,23,0.6571,14,18,3,0.4375,4063.98,1058.39,0.00,1058.39,0.2604,0.0000,1,1
77047102,late40_r60_n30,dt_ge_2026-03-21_lt_2026-08-07,119,73,0.6134,19,0.1597,750.35,-77.97,-0.1039,119,73,0.6134,19,99,1,0.1610,750.35,-77.97,0.00,-77.97,-0.1039,0.0000,1,1
77080332,late40_r60_n30,dt_ge_2026-03-21_lt_2026-08-07,3691,2416,0.6546,1670,0.4525,57218.53,-1908.61,-0.0334,3691,2416,0.6546,1670,1660,361,0.5015,57218.53,-1908.61,0.00,-1908.61,-0.0334,0.0000,1,1
77183325,late40_r60_n30,dt_ge_2026-03-21_lt_2026-08-07,47,29,0.6170,6,0.1277,395.26,-120.02,-0.3036,47,29,0.6170,6,37,4,0.1395,395.26,-120.02,0.00,-120.02,-0.3036,0.0000,1,1
77285602,late40_r60_n30,dt_ge_2026-03-21_lt_2026-08-07,35,23,0.6571,2,0.0571,922.35,-505.98,-0.5486,35,23,0.6571,2,33,0,0.0571,922.35,-505.98,0.00,-505.98,-0.5486,0.0000,1,1
77434747,late40_r60_n30,dt_ge_2026-03-21_lt_2026-08-07,38,38,1.0000,0,0.0000,98.59,-98.59,-1.0000,19,19,1.0000,0,19,0,0.0000,49.30,-49.30,0.00,-49.30,-1.0000,0.0000,1,0
77978995,late40_r60_n30,dt_ge_2026-03-21_lt_2026-08-07,63,38,0.6032,28,0.4444,2899.15,-155.12,-0.0535,63,38,0.6032,28,31,4,0.4746,2899.15,-155.12,0.00,-155.12,-0.0535,0.0000,1,1
78454691,late40_r60_n30,dt_ge_2026-03-21_lt_2026-08-07,62,42,0.6774,15,0.2419,401.62,-69.63,-0.1734,62,42,0.6774,15,45,2,0.2500,401.62,-69.63,0.00,-69.63,-0.1734,0.0000,1,1
78647162,late40_r60_n30,dt_ge_2026-03-21_lt_2026-08-07,42,26,0.6190,16,0.3810,4873.84,-295.98,-0.0607,42,26,0.6190,16,25,1,0.3902,4873.84,-295.98,0.00,-295.98,-0.0607,0.0000,1,1
79281121,late40_r60_n30,dt_ge_2026-03-21_lt_2026-08-07,85,57,0.6706,38,0.4471,735.81,-38.83,-0.0528,85,57,0.6706,38,43,4,0.4691,735.81,-38.83,0.00,-38.83,-0.0528,0.0000,1,1
79508678,late40_r60_n30,dt_ge_2026-03-21_lt_2026-08-07,46,37,0.8043,4,0.0870,516.45,-16.88,-0.0327,46,37,0.8043,4,38,4,0.0952,516.45,-16.88,0.00,-16.88,-0.0327,0.0000,1,1
79781117,late40_r60_n30,dt_ge_2026-03-21_lt_2026-08-07,62,41,0.6613,27,0.4355,4693.77,-46.28,-0.0099,62,41,0.6613,27,31,4,0.4655,4693.77,-46.28,0.00,-46.28,-0.0099,0.0000,1,1
79839637,late40_r60_n30,dt_ge_2026-03-21_lt_2026-08-07,137,87,0.6350,19,0.1387,2340.38,-701.99,-0.2999,137,87,0.6350,19,114,4,0.1429,2340.38,-701.99,0.00,-701.99,-0.2999,0.0000,1,1
80535534,late40_r60_n30,dt_ge_2026-03-21_lt_2026-08-07,36,27,0.7500,8,0.2222,935.00,-111.50,-0.1193,36,27,0.7500,8,27,1,0.2286,935.00,-111.50,0.00,-111.50,-0.1193,0.0000,1,1
80648950,late40_r60_n30,dt_ge_2026-03-21_lt_2026-08-07,99,60,0.6061,45,0.4545,12657.43,172.35,0.0136,99,60,0.6061,45,50,4,0.4737,12657.43,172.35,0.00,172.35,0.0136,0.0000,1,1
80819167,late40_r60_n30,dt_ge_2026-03-21_lt_2026-08-07,33,20,0.6061,17,0.5152,702.56,296.57,0.4221,33,20,0.6061,17,12,4,0.5862,702.56,296.57,0.00,296.57,0.4221,0.0000,1,1
81043772,late40_r60_n30,dt_ge_2026-03-21_lt_2026-08-07,72,51,0.7083,19,0.2639,707.24,-68.00,-0.0961,72,51,0.7083,19,51,2,0.2714,707.24,-68.00,0.00,-68.00,-0.0961,0.0000,1,1
81198374,late40_r60_n30,dt_ge_2026-03-21_lt_2026-08-07,31,21,0.6774,10,0.3226,980.66,-60.71,-0.0619,31,21,0.6774,10,19,2,0.3448,980.66,-60.71,0.00,-60.71,-0.0619,0.0000,1,1
81270092,late40_r60_n30,dt_ge_2026-03-21_lt_2026-08-07,38,35,0.9211,12,0.3158,212.30,107.10,0.5045,38,35,0.9211,12,24,2,0.3333,212.30,107.10,0.00,107.10,0.5045,0.0000,1,1
81576076,late40_r60_n30,dt_ge_2026-03-21_lt_2026-08-07,43,37,0.8605,5,0.1163,117.63,8.19,0.0696,43,37,0.8605,5,37,1,0.1190,117.63,8.19,0.94,9.13,0.0696,0.0000,1,1
81624975,late40_r60_n30,dt_ge_2026-03-21_lt_2026-08-07,33,21,0.6364,17,0.5152,845.88,170.83,0.2020,33,21,0.6364,17,13,3,0.5667,845.88,170.83,0.00,170.83,0.2020,0.0000,1,1
81891227,late40_r60_n30,dt_ge_2026-03-21_lt_2026-08-07,36,26,0.7222,9,0.2500,9936.84,-1032.56,-0.1039,36,26,0.7222,9,23,4,0.2813,9936.84,-1032.56,0.00,-1032.56,-0.1039,0.0000,1,1
82187164,late40_r60_n30,dt_ge_2026-03-21_lt_2026-08-07,50,38,0.7600,11,0.2200,731.02,167.00,0.2284,50,38,0.7600,11,39,0,0.2200,731.02,167.00,0.00,167.00,0.2284,0.0000,1,1
82274536,late40_r60_n30,dt_ge_2026-03-21_lt_2026-08-07,1176,890,0.7568,532,0.4524,5257.81,-192.13,-0.0365,1176,890,0.7568,532,534,110,0.4991,5257.81,-192.13,0.00,-192.13,-0.0365,0.0000,1,1
82643010,late40_r60_n30,dt_ge_2026-03-21_lt_2026-08-07,75,51,0.6800,19,0.2533,1205.00,-334.30,-0.2774,75,51,0.6800,19,52,4,0.2676,1205.00,-334.30,0.00,-334.30,-0.2774,0.0000,1,1
82892047,late40_r60_n30,dt_ge_2026-03-21_lt_2026-08-07,70,43,0.6143,14,0.2000,1495.64,42.13,0.0282,70,43,0.6143,14,56,0,0.2000,1495.64,42.13,0.00,42.13,0.0282,0.0000,1,1
82937268,late40_r60_n30,dt_ge_2026-03-21_lt_2026-08-07,75,63,0.8400,14,0.1867,1118.81,246.77,0.2206,75,63,0.8400,14,59,2,0.1918,1118.81,246.77,8.95,255.72,0.2206,0.0000,1,1
82953290,late40_r60_n30,dt_ge_2026-03-21_lt_2026-08-07,39,25,0.6410,14,0.3590,1346.78,371.48,0.2758,39,25,0.6410,14,24,1,0.3684,1346.78,371.48,0.00,371.48,0.2758,0.0000,1,1
82973548,late40_r60_n30,dt_ge_2026-03-21_lt_2026-08-07,33,29,0.8788,10,0.3030,1547.23,-613.17,-0.3963,33,29,0.8788,10,20,3,0.3333,1547.23,-613.17,0.00,-613.17,-0.3963,0.0000,1,1
83748132,late40_r60_n30,dt_ge_2026-03-21_lt_2026-08-07,45,28,0.6222,16,0.3556,1709.91,-294.18,-0.1720,45,28,0.6222,16,23,6,0.4103,1709.91,-294.18,0.00,-294.18,-0.1720,0.0000,1,1
84578966,late40_r60_n30,dt_ge_2026-03-21_lt_2026-08-07,71,60,0.8451,20,0.2817,7723.58,156.92,0.0203,71,60,0.8451,20,46,5,0.3030,7723.58,156.92,0.00,156.92,0.0203,0.0000,1,1
84628251,late40_r60_n30,dt_ge_2026-03-21_lt_2026-08-07,78,52,0.6667,30,0.3846,245.66,-59.98,-0.2441,75,51,0.6800,30,41,4,0.4225,227.76,-42.07,0.00,-42.07,-0.1847,0.0000,1,1
85252747,late40_r60_n30,dt_ge_2026-03-21_lt_2026-08-07,64,46,0.7188,11,0.1719,5805.00,-475.00,-0.0818,64,46,0.7188,11,53,0,0.1719,5805.00,-475.00,0.00,-475.00,-0.0818,0.0000,1,1
85328918,late40_r60_n30,dt_ge_2026-03-21_lt_2026-08-07,190,128,0.6737,72,0.3789,4147.18,-774.09,-0.1867,190,128,0.6737,72,103,15,0.4114,4147.18,-774.09,33.18,-740.92,-0.1867,0.0000,1,1
85583895,late40_r60_n30,dt_ge_2026-03-21_lt_2026-08-07,33,22,0.6667,15,0.4545,1232.42,-19.46,-0.0158,33,22,0.6667,15,15,3,0.5000,1232.42,-19.46,0.00,-19.46,-0.0158,0.0000,1,1
86149726,late40_r60_n30,dt_ge_2026-03-21_lt_2026-08-07,30,26,0.8667,6,0.2000,3253.02,-1407.63,-0.4327,30,26,0.8667,6,24,0,0.2000,3253.02,-1407.63,0.00,-1407.63,-0.4327,0.0000,1,1
86166419,late40_r60_n30,dt_ge_2026-03-21_lt_2026-08-07,31,20,0.6452,11,0.3548,2497.10,885.85,0.3548,31,20,0.6452,11,18,2,0.3793,2497.10,885.85,0.00,885.85,0.3548,0.0000,1,1
86846751,late40_r60_n30,dt_ge_2026-03-21_lt_2026-08-07,32,21,0.6563,15,0.4688,5245.66,-552.02,-0.1052,32,21,0.6563,15,14,3,0.5172,5245.66,-552.02,0.00,-552.02,-0.1052,0.0000,1,1
86921525,late40_r60_n30,dt_ge_2026-03-21_lt_2026-08-07,47,36,0.7660,13,0.2766,562.35,-39.81,-0.0708,47,36,0.7660,13,32,2,0.2889,562.35,-39.81,0.00,-39.81,-0.0708,0.0000,1,1
87065950,late40_r60_n30,dt_ge_2026-03-21_lt_2026-08-07,96,71,0.7396,20,0.2083,1928.42,-96.97,-0.0503,96,71,0.7396,20,74,2,0.2128,1928.42,-96.97,15.43,-81.54,-0.0503,0.0000,1,1
87483521,late40_r60_n30,dt_ge_2026-03-21_lt_2026-08-07,122,100,0.8197,37,0.3033,31042.55,4014.15,0.1293,122,100,0.8197,37,79,6,0.3190,31042.55,4014.15,0.00,4014.15,0.1293,0.0000,1,1
87496488,late40_r60_n30,dt_ge_2026-03-21_lt_2026-08-07,83,58,0.6988,25,0.3012,16894.06,-1920.21,-0.1137,83,58,0.6988,25,54,4,0.3165,16894.06,-1920.21,0.00,-1920.21,-0.1137,0.0000,1,1
87801483,late40_r60_n30,dt_ge_2026-03-21_lt_2026-08-07,65,48,0.7385,10,0.1538,11894.59,-3775.02,-0.3174,65,48,0.7385,10,52,3,0.1613,11894.59,-3775.02,0.00,-3775.02,-0.3174,0.0000,1,1
88166599,late40_r60_n30,dt_ge_2026-03-21_lt_2026-08-07,75,47,0.6267,20,0.2667,591.02,-24.40,-0.0413,75,47,0.6267,20,48,7,0.2941,591.02,-24.40,0.00,-24.40,-0.0413,0.0000,1,1
88404414,late40_r60_n30,dt_ge_2026-03-21_lt_2026-08-07,33,23,0.6970,9,0.2727,10735.15,1535.57,0.1430,33,23,0.6970,9,20,4,0.3103,10735.15,1535.57,0.00,1535.57,0.1430,0.0000,1,1
88611571,late40_r60_n30,dt_ge_2026-03-21_lt_2026-08-07,132,80,0.6061,36,0.2727,657.68,-8.14,-0.0124,132,80,0.6061,36,90,6,0.2857,657.68,-8.14,0.00,-8.14,-0.0124,0.0000,1,1
88686505,late40_r60_n30,dt_ge_2026-03-21_lt_2026-08-07,34,26,0.7647,8,0.2353,1320.89,-188.67,-0.1428,34,26,0.7647,8,24,2,0.2500,1320.89,-188.67,0.00,-188.67,-0.1428,0.0000,1,1
88846475,late40_r60_n30,dt_ge_2026-03-21_lt_2026-08-07,39,25,0.6410,4,0.1026,888.03,-624.61,-0.7034,39,25,0.6410,4,33,2,0.1081,888.03,-624.61,0.00,-624.61,-0.7034,0.0000,1,1
88958351,late40_r60_n30,dt_ge_2026-03-21_lt_2026-08-07,34,27,0.7941,0,0.0000,181.55,-181.55,-1.0000,34,27,0.7941,0,34,0,0.0000,181.55,-181.55,0.00,-181.55,-1.0000,0.0000,1,1
88966254,late40_r60_n30,dt_ge_2026-03-21_lt_2026-08-07,36,24,0.6667,8,0.2222,884.49,-263.09,-0.2974,36,24,0.6667,8,22,6,0.2667,884.49,-263.09,0.00,-263.09,-0.2974,0.0000,1,1
89055789,late40_r60_n30,dt_ge_2026-03-21_lt_2026-08-07,114,71,0.6228,23,0.2018,834.95,-41.67,-0.0499,114,71,0.6228,23,88,3,0.2072,834.95,-41.67,0.00,-41.67,-0.0499,0.0000,1,1
89114390,late40_r60_n30,dt_ge_2026-03-21_lt_2026-08-07,32,28,0.8750,7,0.2188,1431.86,-177.12,-0.1237,32,28,0.8750,7,23,2,0.2333,1431.86,-177.12,0.00,-177.12,-0.1237,0.0000,1,1
89195189,late40_r60_n30,dt_ge_2026-03-21_lt_2026-08-07,83,64,0.7711,6,0.0723,2319.54,-1392.50,-0.6003,83,64,0.7711,6,75,2,0.0741,2319.54,-1392.50,0.00,-1392.50,-0.6003,0.0000,1,1
89281696,late40_r60_n30,dt_ge_2026-03-21_lt_2026-08-07,128,79,0.6172,24,0.1875,1168.36,-41.56,-0.0356,128,79,0.6172,24,103,1,0.1890,1168.36,-41.56,0.00,-41.56,-0.0356,0.0000,1,1
89644261,late40_r60_n30,dt_ge_2026-03-21_lt_2026-08-07,201,140,0.6965,29,0.1443,2199.52,-55.76,-0.0254,201,140,0.6965,29,165,7,0.1495,2199.52,-55.76,0.00,-55.76,-0.0254,0.0000,1,1
89795186,late40_r60_n30,dt_ge_2026-03-21_lt_2026-08-07,1050,784,0.7467,469,0.4467,24418.53,-356.89,-0.0146,1044,778,0.7452,466,462,116,0.5022,24336.62,-351.19,0.00,-351.19,-0.0144,0.0000,1,1
90004790,late40_r60_n30,dt_ge_2026-03-21_lt_2026-08-07,79,48,0.6076,10,0.1266,499.37,-145.66,-0.2917,79,48,0.6076,10,66,3,0.1316,499.37,-145.66,0.00,-145.66,-0.2917,0.0000,1,1
90779571,late40_r60_n30,dt_ge_2026-03-21_lt_2026-08-07,243,164,0.6749,102,0.4198,4501.30,-745.65,-0.1657,243,164,0.6749,102,118,23,0.4636,4501.30,-745.65,0.00,-745.65,-0.1657,0.0000,1,1
91101295,late40_r60_n30,dt_ge_2026-03-21_lt_2026-08-07,137,87,0.6350,32,0.2336,1416.90,-89.23,-0.0630,137,87,0.6350,32,96,9,0.2500,1416.90,-89.23,0.00,-89.23,-0.0630,0.0000,1,1
91269462,late40_r60_n30,dt_ge_2026-03-21_lt_2026-08-07,30,18,0.6000,6,0.2000,522.84,-203.66,-0.3895,30,18,0.6000,6,24,0,0.2000,522.84,-203.66,0.00,-203.66,-0.3895,0.0000,1,1
91388892,late40_r60_n30,dt_ge_2026-03-21_lt_2026-08-07,78,48,0.6154,19,0.2436,963.01,-321.22,-0.3336,78,48,0.6154,19,55,4,0.2568,963.01,-321.22,7.70,-313.51,-0.3336,0.0000,1,1
91651248,late40_r60_n30,dt_ge_2026-03-21_lt_2026-08-07,66,42,0.6364,21,0.3182,482.36,83.70,0.1735,66,42,0.6364,21,42,3,0.3333,482.36,83.70,0.00,83.70,0.1735,0.0000,1,1
91948977,late40_r60_n30,dt_ge_2026-03-21_lt_2026-08-07,31,26,0.8387,7,0.2258,3158.36,226.53,0.0717,31,26,0.8387,7,23,1,0.2333,3158.36,226.53,0.00,226.53,0.0717,0.0000,1,1
92005751,late40_r60_n30,dt_ge_2026-03-21_lt_2026-08-07,50,32,0.6400,15,0.3000,976.17,-64.59,-0.0662,50,32,0.6400,15,31,4,0.3261,976.17,-64.59,0.00,-64.59,-0.0662,0.0000,1,1
92733770,late40_r60_n30,dt_ge_2026-03-21_lt_2026-08-07,44,32,0.7273,12,0.2727,371.27,-2.16,-0.0058,44,32,0.7273,12,28,4,0.3000,371.27,-2.16,0.00,-2.16,-0.0058,0.0000,1,1
92973945,late40_r60_n30,dt_ge_2026-03-21_lt_2026-08-07,138,86,0.6232,30,0.2174,4240.49,2146.09,0.5061,138,86,0.6232,30,104,4,0.2239,4240.49,2146.09,0.00,2146.09,0.5061,0.0000,1,1
93485011,late40_r60_n30,dt_ge_2026-03-21_lt_2026-08-07,1419,936,0.6596,224,0.1579,36943.58,-3786.45,-0.1025,1419,936,0.6596,224,1166,29,0.1612,36943.58,-3786.45,0.00,-3786.45,-0.1025,0.0000,1,1
93617758,late40_r60_n30,dt_ge_2026-03-21_lt_2026-08-07,81,55,0.6790,7,0.0864,410.16,-197.10,-0.4805,81,55,0.6790,7,72,2,0.0886,410.16,-197.10,0.00,-197.10,-0.4805,0.0000,1,1
93976359,late40_r60_n30,dt_ge_2026-03-21_lt_2026-08-07,63,39,0.6190,32,0.5079,13494.95,271.64,0.0201,63,39,0.6190,32,24,7,0.5714,13494.95,271.64,0.00,271.64,0.0201,0.0000,1,1
94041344,late40_r60_n30,dt_ge_2026-03-21_lt_2026-08-07,42,27,0.6429,10,0.2381,2689.00,1025.00,0.3812,42,27,0.6429,10,30,2,0.2500,2689.00,1025.00,0.00,1025.00,0.3812,0.0000,1,1
94390769,late40_r60_n30,dt_ge_2026-03-21_lt_2026-08-07,31,24,0.7742,5,0.1613,360.02,-37.42,-0.1039,31,24,0.7742,5,25,1,0.1667,360.02,-37.42,0.00,-37.42,-0.1039,0.0000,1,1
94428061,late40_r60_n30,dt_ge_2026-03-21_lt_2026-08-07,51,35,0.6863,15,0.2941,156.38,2.46,0.0157,51,35,0.6863,15,34,2,0.3061,156.38,2.46,0.00,2.46,0.0157,0.0000,1,1
94698036,late40_r60_n30,dt_ge_2026-03-21_lt_2026-08-07,216,148,0.6852,66,0.3056,32952.73,-3208.75,-0.0974,169,121,0.7160,51,104,14,0.3290,22663.90,-2192.05,0.00,-2192.05,-0.0967,0.0000,1,1
94788510,late40_r60_n30,dt_ge_2026-03-21_lt_2026-08-07,66,42,0.6364,20,0.3030,1422.88,-253.03,-0.1778,66,42,0.6364,20,39,7,0.3390,1422.88,-253.03,0.00,-253.03,-0.1778,0.0000,1,1
95048793,late40_r60_n30,dt_ge_2026-03-21_lt_2026-08-07,98,69,0.7041,36,0.3673,18845.38,-2841.47,-0.1508,98,69,0.7041,36,58,4,0.3830,18845.38,-2841.47,0.00,-2841.47,-0.1508,0.0000,1,1
95225012,late40_r60_n30,dt_ge_2026-03-21_lt_2026-08-07,34,21,0.6176,15,0.4412,907.68,-417.92,-0.4604,34,21,0.6176,15,17,2,0.4688,907.68,-417.92,0.00,-417.92,-0.4604,0.0000,1,1
95234669,late40_r60_n30,dt_ge_2026-03-21_lt_2026-08-07,84,51,0.6071,34,0.4048,296594.41,21918.65,0.0739,84,51,0.6071,34,45,5,0.4304,296594.41,21918.65,0.00,21918.65,0.0739,0.0000,1,1
95427913,late40_r60_n30,dt_ge_2026-03-21_lt_2026-08-07,44,27,0.6136,20,0.4545,746.32,-31.99,-0.0429,44,27,0.6136,20,19,5,0.5128,746.32,-31.99,0.00,-31.99,-0.0429,0.0000,1,1
95588112,late40_r60_n30,dt_ge_2026-03-21_lt_2026-08-07,160,97,0.6063,73,0.4563,9867.43,23.41,0.0024,160,97,0.6063,73,72,15,0.5034,9867.43,23.41,0.00,23.41,0.0024,0.0000,1,1
95733114,late40_r60_n30,dt_ge_2026-03-21_lt_2026-08-07,44,32,0.7273,23,0.5227,2905.53,500.09,0.1721,44,32,0.7273,23,18,3,0.5610,2905.53,500.09,0.00,500.09,0.1721,0.0000,1,1
96529267,late40_r60_n30,dt_ge_2026-03-21_lt_2026-08-07,35,23,0.6571,16,0.4571,2269.98,-400.16,-0.1763,35,23,0.6571,16,16,3,0.5000,2269.98,-400.16,0.00,-400.16,-0.1763,0.0000,1,1
96786452,late40_r60_n30,dt_ge_2026-03-21_lt_2026-08-07,46,31,0.6739,22,0.4783,203.16,-12.07,-0.0594,46,31,0.6739,22,21,3,0.5116,203.16,-12.07,0.00,-12.07,-0.0594,0.0000,1,1
96816736,late40_r60_n30,dt_ge_2026-03-21_lt_2026-08-07,33,23,0.6970,4,0.1212,67.24,-40.78,-0.6064,33,23,0.6970,4,29,0,0.1212,67.24,-40.78,0.00,-40.78,-0.6064,0.0000,1,1
96877491,late40_r60_n30,dt_ge_2026-03-21_lt_2026-08-07,61,41,0.6721,24,0.3934,1403.03,-127.74,-0.0910,61,41,0.6721,24,29,8,0.4528,1403.03,-127.74,0.00,-127.74,-0.0910,0.0000,1,1
96889330,late40_r60_n30,dt_ge_2026-03-21_lt_2026-08-07,55,37,0.6727,23,0.4182,264.87,67.63,0.2553,55,37,0.6727,23,26,6,0.4694,264.87,67.63,0.00,67.63,0.2553,0.0000,1,1
97010825,late40_r60_n30,dt_ge_2026-03-21_lt_2026-08-07,52,40,0.7692,14,0.2692,1140.56,52.71,0.0462,52,40,0.7692,14,38,0,0.2692,1140.56,52.71,0.00,52.71,0.0462,0.0000,1,1
97126477,late40_r60_n30,dt_ge_2026-03-21_lt_2026-08-07,39,24,0.6154,16,0.4103,19516.86,-2866.46,-0.1469,39,24,0.6154,16,22,1,0.4211,19516.86,-2866.46,175.65,-2690.81,-0.1469,0.0000,1,1
97238724,late40_r60_n30,dt_ge_2026-03-21_lt_2026-08-07,128,78,0.6094,19,0.1484,23574.07,-5069.07,-0.2150,128,78,0.6094,19,105,4,0.1532,23574.07,-5069.07,0.00,-5069.07,-0.2150,0.0000,1,1
97258788,late40_r60_n30,dt_ge_2026-03-21_lt_2026-08-07,65,65,1.0000,6,0.0923,1747.82,-474.99,-0.2718,65,65,1.0000,6,59,0,0.0923,1747.82,-474.99,0.00,-474.99,-0.2718,0.0000,1,1
97300912,late40_r60_n30,dt_ge_2026-03-21_lt_2026-08-07,32,20,0.6250,11,0.3438,2354.89,-387.71,-0.1646,32,20,0.6250,11,16,5,0.4074,2354.89,-387.71,0.00,-387.71,-0.1646,0.0000,1,1
97607132,late40_r60_n30,dt_ge_2026-03-21_lt_2026-08-07,41,38,0.9268,11,0.2683,709.37,-8.51,-0.0120,41,38,0.9268,11,29,1,0.2750,709.37,-8.51,0.00,-8.51,-0.0120,0.0000,1,1
97643480,late40_r60_n30,dt_ge_2026-03-21_lt_2026-08-07,630,513,0.8143,266,0.4222,18226.38,-1555.69,-0.0854,593,481,0.8111,253,286,54,0.4694,17125.66,-1346.15,0.00,-1346.15,-0.0786,0.0000,1,1
98035175,late40_r60_n30,dt_ge_2026-03-21_lt_2026-08-07,129,83,0.6434,60,0.4651,356.92,-10.44,-0.0292,129,83,0.6434,60,54,15,0.5263,356.92,-10.44,2.86,-7.58,-0.0292,0.0000,1,1
98144129,late40_r60_n30,dt_ge_2026-03-21_lt_2026-08-07,38,25,0.6579,9,0.2368,883.37,174.66,0.1977,38,25,0.6579,9,27,2,0.2500,883.37,174.66,0.00,174.66,0.1977,0.0000,1,1
98387538,late40_r60_n30,dt_ge_2026-03-21_lt_2026-08-07,34,34,1.0000,4,0.1176,341.71,-182.02,-0.5327,34,34,1.0000,4,30,0,0.1176,341.71,-182.02,0.00,-182.02,-0.5327,0.0000,1,1
98411782,late40_r60_n30,dt_ge_2026-03-21_lt_2026-08-07,40,25,0.6250,15,0.3750,1664.66,-210.93,-0.1267,40,25,0.6250,15,18,7,0.4545,1664.66,-210.93,0.00,-210.93,-0.1267,0.0000,1,1
98733474,late40_r60_n30,dt_ge_2026-03-21_lt_2026-08-07,61,39,0.6393,27,0.4426,925.32,121.16,0.1309,61,39,0.6393,27,27,7,0.5000,925.32,121.16,8.33,129.49,0.1309,0.0000,1,1
98744931,late40_r60_n30,dt_ge_2026-03-21_lt_2026-08-07,55,35,0.6364,21,0.3818,9623.07,-2953.56,-0.3069,55,35,0.6364,21,29,5,0.4200,9623.07,-2953.56,0.00,-2953.56,-0.3069,0.0000,1,1
99444457,late40_r60_n30,dt_ge_2026-03-21_lt_2026-08-07,31,19,0.6129,6,0.1935,103.44,-36.20,-0.3500,31,19,0.6129,6,21,4,0.2222,103.44,-36.20,0.00,-36.20,-0.3500,0.0000,1,1
99599364,late40_r60_n30,dt_ge_2026-03-21_lt_2026-08-07,185,124,0.6703,64,0.3459,16664.40,-438.86,-0.0263,185,124,0.6703,64,107,14,0.3743,16664.40,-438.86,0.00,-438.86,-0.0263,0.0000,1,1
99774903,late40_r60_n30,dt_ge_2026-03-21_lt_2026-08-07,137,83,0.6058,51,0.3723,3395.65,124.72,0.0367,137,83,0.6058,51,85,1,0.3750,3395.65,124.72,0.00,124.72,0.0367,0.0000,1,1
99895706,late40_r60_n30,dt_ge_2026-03-21_lt_2026-08-07,30,18,0.6000,9,0.3000,2444.66,-349.54,-0.1430,30,18,0.6000,9,20,1,0.3103,2444.66,-349.54,0.00,-349.54,-0.1430,0.0000,1,1
99960905,late40_r60_n30,dt_ge_2026-03-21_lt_2026-08-07,47,37,0.7872,18,0.3830,7460.25,-183.95,-0.0247,47,37,0.7872,18,21,8,0.4615,7460.25,-183.95,0.00,-183.95,-0.0247,0.0000,1,1
99982420,late40_r60_n30,dt_ge_2026-03-21_lt_2026-08-07,5079,3203,0.6306,1838,0.3619,392657.64,-8030.99,-0.0205,5073,3198,0.6304,1835,2868,370,0.3902,392592.29,-8001.44,0.00,-8001.44,-0.0204,0.0000,1,1
100649296,late40_r60_n30,dt_ge_2026-03-21_lt_2026-08-07,73,52,0.7123,16,0.2192,1555.93,-113.29,-0.0728,73,52,0.7123,16,54,3,0.2286,1555.93,-113.29,0.00,-113.29,-0.0728,0.0000,1,1
101016745,late40_r60_n30,dt_ge_2026-03-21_lt_2026-08-07,39,36,0.9231,12,0.3077,1041.80,341.60,0.3279,39,36,0.9231,12,25,2,0.3243,1041.80,341.60,0.00,341.60,0.3279,0.0000,1,1
101084699,late40_r60_n30,dt_ge_2026-03-21_lt_2026-08-07,42,32,0.7619,13,0.3095,259.31,-21.19,-0.0817,42,32,0.7619,13,27,2,0.3250,259.31,-21.19,0.00,-21.19,-0.0817,0.0000,1,1
101515456,late40_r60_n30,dt_ge_2026-03-21_lt_2026-08-07,31,19,0.6129,17,0.5484,1003.05,278.02,0.2772,31,19,0.6129,17,9,5,0.6538,1003.05,278.02,0.00,278.02,0.2772,0.0000,1,1
101624616,late40_r60_n30,dt_ge_2026-03-21_lt_2026-08-07,57,38,0.6667,18,0.3158,3103.37,-376.50,-0.1213,57,38,0.6667,18,32,7,0.3600,3103.37,-376.50,0.00,-376.50,-0.1213,0.0000,1,1
101736389,late40_r60_n30,dt_ge_2026-03-21_lt_2026-08-07,67,43,0.6418,28,0.4179,1144.03,-57.67,-0.0504,67,43,0.6418,28,37,2,0.4308,1144.03,-57.67,0.00,-57.67,-0.0504,0.0000,1,1
102046860,late40_r60_n30,dt_ge_2026-03-21_lt_2026-08-07,267,202,0.7566,117,0.4382,15470.00,-3667.50,-0.2371,258,196,0.7597,112,126,20,0.4706,14990.00,-3767.50,0.00,-3767.50,-0.2513,0.0000,1,1
102089818,late40_r60_n30,dt_ge_2026-03-21_lt_2026-08-07,53,48,0.9057,5,0.0943,569.99,-167.29,-0.2935,53,48,0.9057,5,46,2,0.0980,569.99,-167.29,0.00,-167.29,-0.2935,0.0000,1,1
102110834,late40_r60_n30,dt_ge_2026-03-21_lt_2026-08-07,1084,1017,0.9382,105,0.0969,10715.78,-2984.82,-0.2785,1084,1017,0.9382,105,969,10,0.0978,10715.78,-2984.82,0.00,-2984.82,-0.2785,0.0000,1,1
102255119,late40_r60_n30,dt_ge_2026-03-21_lt_2026-08-07,51,32,0.6275,15,0.2941,376.41,7.25,0.0193,51,32,0.6275,15,31,5,0.3261,376.41,7.25,0.00,7.25,0.0193,0.0000,1,1
102450545,late40_r60_n30,dt_ge_2026-03-21_lt_2026-08-07,38,25,0.6579,7,0.1842,294.96,-66.60,-0.2258,38,25,0.6579,7,30,1,0.1892,294.96,-66.60,0.00,-66.60,-0.2258,0.0000,1,1
102602688,late40_r60_n30,dt_ge_2026-03-21_lt_2026-08-07,42,27,0.6429,17,0.4048,2168.92,-470.36,-0.2169,42,27,0.6429,17,21,4,0.4474,2168.92,-470.36,0.00,-470.36,-0.2169,0.0000,1,1
102653037,late40_r60_n30,dt_ge_2026-03-21_lt_2026-08-07,46,34,0.7391,14,0.3043,8120.21,-716.17,-0.0882,46,34,0.7391,14,31,1,0.3111,8120.21,-716.17,0.00,-716.17,-0.0882,0.0000,1,1
102741047,late40_r60_n30,dt_ge_2026-03-21_lt_2026-08-07,72,53,0.7361,23,0.3194,1628.10,-312.84,-0.1921,72,53,0.7361,23,44,5,0.3433,1628.10,-312.84,0.00,-312.84,-0.1921,0.0000,1,1
102840048,late40_r60_n30,dt_ge_2026-03-21_lt_2026-08-07,83,52,0.6265,19,0.2289,874.67,135.13,0.1545,83,52,0.6265,19,63,1,0.2317,874.67,135.13,0.00,135.13,0.1545,0.0000,1,1
102989040,late40_r60_n30,dt_ge_2026-03-21_lt_2026-08-07,34,22,0.6471,7,0.2059,278.34,-56.37,-0.2025,34,22,0.6471,7,25,2,0.2188,278.34,-56.37,0.00,-56.37,-0.2025,0.0000,1,1
103121231,late40_r60_n30,dt_ge_2026-03-21_lt_2026-08-07,82,57,0.6951,17,0.2073,1087.04,-105.14,-0.0967,82,57,0.6951,17,63,2,0.2125,1087.04,-105.14,0.00,-105.14,-0.0967,0.0000,1,1
103223445,late40_r60_n30,dt_ge_2026-03-21_lt_2026-08-07,193,153,0.7927,27,0.1399,2829.07,-432.05,-0.1527,193,153,0.7927,27,164,2,0.1414,2829.07,-432.05,0.00,-432.05,-0.1527,0.0000,1,1
103658058,late40_r60_n30,dt_ge_2026-03-21_lt_2026-08-07,60,36,0.6000,27,0.4500,474.35,-117.01,-0.2467,60,36,0.6000,27,31,2,0.4655,474.35,-117.01,0.00,-117.01,-0.2467,0.0000,1,1
103815933,late40_r60_n30,dt_ge_2026-03-21_lt_2026-08-07,64,64,1.0000,12,0.1875,160.23,50.18,0.3132,64,64,1.0000,12,48,4,0.2000,160.23,50.18,0.00,50.18,0.3132,0.0000,1,1
103823883,late40_r60_n30,dt_ge_2026-03-21_lt_2026-08-07,30,18,0.6000,13,0.4333,701.52,129.57,0.1847,30,18,0.6000,13,15,2,0.4643,701.52,129.57,0.00,129.57,0.1847,0.0000,1,1
103960267,late40_r60_n30,dt_ge_2026-03-21_lt_2026-08-07,65,65,1.0000,13,0.2000,485.18,-8.69,-0.0179,65,65,1.0000,13,49,3,0.2097,485.18,-8.69,0.00,-8.69,-0.0179,0.0000,1,1
104145367,late40_r60_n30,dt_ge_2026-03-21_lt_2026-08-07,36,24,0.6667,11,0.3056,11939.47,-1418.98,-0.1188,36,24,0.6667,11,19,6,0.3667,11939.47,-1418.98,0.00,-1418.98,-0.1188,0.0000,1,1
104261678,late40_r60_n30,dt_ge_2026-03-21_lt_2026-08-07,65,44,0.6769,25,0.3846,48077.25,-3119.17,-0.0649,65,44,0.6769,25,34,6,0.4237,48077.25,-3119.17,0.00,-3119.17,-0.0649,0.0000,1,1
104297561,late40_r60_n30,dt_ge_2026-03-21_lt_2026-08-07,39,39,1.0000,5,0.1282,4831.30,-1276.12,-0.2641,39,39,1.0000,5,33,1,0.1316,4831.30,-1276.12,0.00,-1276.12,-0.2641,0.0000,1,1
104768142,late40_r60_n30,dt_ge_2026-03-21_lt_2026-08-07,43,34,0.7907,10,0.2326,481.29,53.25,0.1106,43,34,0.7907,10,33,0,0.2326,481.29,53.25,0.00,53.25,0.1106,0.0000,1,1
104879463,late40_r60_n30,dt_ge_2026-03-21_lt_2026-08-07,32,32,1.0000,5,0.1563,1050.00,-49.50,-0.0471,32,32,1.0000,5,26,1,0.1613,1050.00,-49.50,0.00,-49.50,-0.0471,0.0000,1,1
104934710,late40_r60_n30,dt_ge_2026-03-21_lt_2026-08-07,649,430,0.6626,260,0.4006,78452.14,-908.34,-0.0116,649,430,0.6626,260,339,50,0.4341,78452.14,-908.34,0.00,-908.34,-0.0116,0.0000,1,1
105104832,late40_r60_n30,dt_ge_2026-03-21_lt_2026-08-07,60,36,0.6000,15,0.2500,413.35,2.18,0.0053,60,36,0.6000,15,40,5,0.2727,413.35,2.18,0.00,2.18,0.0053,0.0000,1,1
105259299,late40_r60_n30,dt_ge_2026-03-21_lt_2026-08-07,87,61,0.7011,19,0.2184,276.25,-10.33,-0.0374,87,61,0.7011,19,64,4,0.2289,276.25,-10.33,0.00,-10.33,-0.0374,0.0000,1,1
105385956,late40_r60_n30,dt_ge_2026-03-21_lt_2026-08-07,45,27,0.6000,14,0.3111,869.70,-133.75,-0.1538,45,27,0.6000,14,27,4,0.3415,869.70,-133.75,0.00,-133.75,-0.1538,0.0000,1,1
105716712,late40_r60_n30,dt_ge_2026-03-21_lt_2026-08-07,70,45,0.6429,38,0.5429,9190.75,2705.68,0.2944,70,45,0.6429,38,26,6,0.5938,9190.75,2705.68,0.00,2705.68,0.2944,0.0000,1,1
106109736,late40_r60_n30,dt_ge_2026-03-21_lt_2026-08-07,61,54,0.8852,5,0.0820,308.20,-122.35,-0.3970,61,54,0.8852,5,55,1,0.0833,308.20,-122.35,0.00,-122.35,-0.3970,0.0000,1,1
106585911,late40_r60_n30,dt_ge_2026-03-21_lt_2026-08-07,40,33,0.8250,9,0.2250,2370.23,-282.57,-0.1192,40,33,0.8250,9,29,2,0.2368,2370.23,-282.57,0.00,-282.57,-0.1192,0.0000,1,1
107305610,late40_r60_n30,dt_ge_2026-03-21_lt_2026-08-07,34,21,0.6176,16,0.4706,1233.93,154.70,0.1254,34,21,0.6176,16,15,3,0.5161,1233.93,154.70,0.00,154.70,0.1254,0.0000,1,1
107572165,late40_r60_n30,dt_ge_2026-03-21_lt_2026-08-07,185,132,0.7135,37,0.2000,530.64,-33.43,-0.0630,185,132,0.7135,37,140,8,0.2090,530.64,-33.43,0.00,-33.43,-0.0630,0.0000,1,1
107583422,late40_r60_n30,dt_ge_2026-03-21_lt_2026-08-07,34,22,0.6471,8,0.2353,172.68,-103.40,-0.5988,34,22,0.6471,8,26,0,0.2353,172.68,-103.40,0.00,-103.40,-0.5988,0.0000,1,1
107884128,late40_r60_n30,dt_ge_2026-03-21_lt_2026-08-07,31,28,0.9032,11,0.3548,4214.78,2079.87,0.4935,31,28,0.9032,11,19,1,0.3667,4214.78,2079.87,0.00,2079.87,0.4935,0.0000,1,1
108100652,late40_r60_n30,dt_ge_2026-03-21_lt_2026-08-07,47,47,1.0000,7,0.1489,457.75,-5.94,-0.0130,47,47,1.0000,7,39,1,0.1522,457.75,-5.94,0.00,-5.94,-0.0130,0.0000,1,1
108213538,late40_r60_n30,dt_ge_2026-03-21_lt_2026-08-07,43,26,0.6047,19,0.4419,913.55,-41.94,-0.0459,43,26,0.6047,19,20,4,0.4872,913.55,-41.94,0.00,-41.94,-0.0459,0.0000,1,1
108445687,late40_r60_n30,dt_ge_2026-03-21_lt_2026-08-07,89,59,0.6629,15,0.1685,901.04,-25.82,-0.0287,89,59,0.6629,15,73,1,0.1705,901.04,-25.82,0.00,-25.82,-0.0287,0.0000,1,1
108669971,late40_r60_n30,dt_ge_2026-03-21_lt_2026-08-07,35,25,0.7143,9,0.2571,300.42,-2.24,-0.0075,35,25,0.7143,9,22,4,0.2903,300.42,-2.24,0.00,-2.24,-0.0075,0.0000,1,1
108723530,late40_r60_n30,dt_ge_2026-03-21_lt_2026-08-07,118,78,0.6610,28,0.2373,1583.47,-81.11,-0.0512,118,78,0.6610,28,85,5,0.2478,1583.47,-81.11,0.00,-81.11,-0.0512,0.0000,1,1
108798665,late40_r60_n30,dt_ge_2026-03-21_lt_2026-08-07,44,27,0.6136,10,0.2273,287.14,152.85,0.5323,44,27,0.6136,10,31,3,0.2439,287.14,152.85,0.00,152.85,0.5323,0.0000,1,1
109019361,late40_r60_n30,dt_ge_2026-03-21_lt_2026-08-07,55,35,0.6364,11,0.2000,1686.49,-483.27,-0.2866,55,35,0.6364,11,39,5,0.2200,1686.49,-483.27,0.00,-483.27,-0.2866,0.0000,1,1
109057120,late40_r60_n30,dt_ge_2026-03-21_lt_2026-08-07,68,52,0.7647,22,0.3235,183.42,-31.20,-0.1701,68,52,0.7647,22,39,7,0.3607,183.42,-31.20,0.00,-31.20,-0.1701,0.0000,1,1
109103296,late40_r60_n30,dt_ge_2026-03-21_lt_2026-08-07,55,39,0.7091,22,0.4000,169.04,-33.34,-0.1972,55,39,0.7091,22,27,6,0.4490,169.04,-33.34,0.00,-33.34,-0.1972,0.0000,1,1
109319336,late40_r60_n30,dt_ge_2026-03-21_lt_2026-08-07,78,58,0.7436,28,0.3590,1404.68,-261.95,-0.1865,78,58,0.7436,28,45,5,0.3836,1404.68,-261.95,0.00,-261.95,-0.1865,0.0000,1,1
109586289,late40_r60_n30,dt_ge_2026-03-21_lt_2026-08-07,36,24,0.6667,12,0.3333,1116.08,73.37,0.0657,36,24,0.6667,12,23,1,0.3429,1116.08,73.37,0.00,73.37,0.0657,0.0000,1,1
109591049,late40_r60_n30,dt_ge_2026-03-21_lt_2026-08-07,81,50,0.6173,38,0.4691,3621.02,205.34,0.0567,81,50,0.6173,38,33,10,0.5352,3621.02,205.34,0.00,205.34,0.0567,0.0000,1,1
109635989,late40_r60_n30,dt_ge_2026-03-21_lt_2026-08-07,35,26,0.7429,2,0.0571,154.20,-109.94,-0.7129,35,26,0.7429,2,33,0,0.0571,154.20,-109.94,0.00,-109.94,-0.7129,0.0000,1,1
109746759,late40_r60_n30,dt_ge_2026-03-21_lt_2026-08-07,332,203,0.6114,74,0.2229,3284.03,-800.73,-0.2438,332,203,0.6114,74,246,12,0.2313,3284.03,-800.73,0.00,-800.73,-0.2438,0.0000,1,1
109771784,late40_r60_n30,dt_ge_2026-03-21_lt_2026-08-07,43,27,0.6279,22,0.5116,3552.64,757.74,0.2133,43,27,0.6279,22,20,1,0.5238,3552.64,757.74,0.00,757.74,0.2133,0.0000,1,1
109894713,late40_r60_n30,dt_ge_2026-03-21_lt_2026-08-07,43,27,0.6279,13,0.3023,1870.69,392.17,0.2096,43,27,0.6279,13,29,1,0.3095,1870.69,392.17,0.00,392.17,0.2096,0.0000,1,1
109926327,late40_r60_n30,dt_ge_2026-03-21_lt_2026-08-07,30,19,0.6333,9,0.3000,1000.00,-212.00,-0.2120,30,19,0.6333,9,15,6,0.3750,1000.00,-212.00,0.00,-212.00,-0.2120,0.0000,1,1
109928730,late40_r60_n30,dt_ge_2026-03-21_lt_2026-08-07,80,58,0.7250,16,0.2000,1666.75,-284.00,-0.1704,40,29,0.7250,8,31,1,0.2051,833.38,-142.00,0.00,-142.00,-0.1704,0.0000,1,1
110253930,late40_r60_n30,dt_ge_2026-03-21_lt_2026-08-07,57300,37448,0.6535,7973,0.1391,1108279.25,-79203.43,-0.0715,57300,37448,0.6535,7973,48287,1040,0.1417,1108279.25,-79203.43,0.00,-79203.43,-0.0715,0.0000,1,1
110269216,late40_r60_n30,dt_ge_2026-03-21_lt_2026-08-07,30,22,0.7333,7,0.2333,92.76,-23.19,-0.2500,30,22,0.7333,7,21,2,0.2500,92.76,-23.19,0.00,-23.19,-0.2500,0.0000,1,1
110609775,late40_r60_n30,dt_ge_2026-03-21_lt_2026-08-07,140,92,0.6571,66,0.4714,3105.92,171.98,0.0554,140,92,0.6571,66,64,10,0.5077,3105.92,171.98,0.00,171.98,0.0554,0.0000,1,1
110619792,late40_r60_n30,dt_ge_2026-03-21_lt_2026-08-07,37,23,0.6216,13,0.3514,713.59,220.53,0.3090,37,23,0.6216,13,22,2,0.3714,713.59,220.53,0.00,220.53,0.3090,0.0000,1,1
110653283,late40_r60_n30,dt_ge_2026-03-21_lt_2026-08-07,213,140,0.6573,30,0.1408,623.14,122.41,0.1964,213,140,0.6573,30,178,5,0.1442,623.14,122.41,0.00,122.41,0.1964,0.0000,1,1
110731003,late40_r60_n30,dt_ge_2026-03-21_lt_2026-08-07,44,27,0.6136,17,0.3864,1201.26,92.70,0.0772,44,27,0.6136,17,24,3,0.4146,1201.26,92.70,0.00,92.70,0.0772,0.0000,1,1
110817219,late40_r60_n30,dt_ge_2026-03-21_lt_2026-08-07,32,24,0.7500,17,0.5313,1664.82,705.34,0.4237,32,24,0.7500,17,13,2,0.5667,1664.82,705.34,0.00,705.34,0.4237,0.0000,1,1
110914412,late40_r60_n30,dt_ge_2026-03-21_lt_2026-08-07,59,41,0.6949,14,0.2373,2167.71,344.62,0.1590,59,41,0.6949,14,41,4,0.2545,2167.71,344.62,17.34,361.96,0.1590,0.0000,1,1
111202864,late40_r60_n30,dt_ge_2026-03-21_lt_2026-08-07,38,27,0.7105,15,0.3947,1057.51,488.18,0.4616,38,27,0.7105,15,23,0,0.3947,1057.51,488.18,0.00,488.18,0.4616,0.0000,1,1
111279961,late40_r60_n30,dt_ge_2026-03-21_lt_2026-08-07,51,31,0.6078,23,0.4510,3155.45,-215.38,-0.0683,51,31,0.6078,23,21,7,0.5227,3155.45,-215.38,0.00,-215.38,-0.0683,0.0000,1,1
111480327,late40_r60_n30,dt_ge_2026-03-21_lt_2026-08-07,243,159,0.6543,17,0.0700,997.87,-214.31,-0.2148,243,159,0.6543,17,226,0,0.0700,997.87,-214.31,0.00,-214.31,-0.2148,0.0000,1,1
111631463,late40_r60_n30,dt_ge_2026-03-21_lt_2026-08-07,41,25,0.6098,10,0.2439,321.96,-20.98,-0.0652,41,25,0.6098,10,31,0,0.2439,321.96,-20.98,0.00,-20.98,-0.0652,0.0000,1,1
111753656,late40_r60_n30,dt_ge_2026-03-21_lt_2026-08-07,35,35,1.0000,7,0.2000,422.12,-84.81,-0.2009,35,35,1.0000,7,26,2,0.2121,422.12,-84.81,0.00,-84.81,-0.2009,0.0000,1,1
111949083,late40_r60_n30,dt_ge_2026-03-21_lt_2026-08-07,70,54,0.7714,20,0.2857,7046.86,1774.69,0.2518,35,27,0.7714,10,24,1,0.2941,3523.43,887.34,0.00,887.34,0.2518,0.0000,1,1
112033960,late40_r60_n30,dt_ge_2026-03-21_lt_2026-08-07,48,29,0.6042,23,0.4792,768.63,18.37,0.0239,48,29,0.6042,23,19,6,0.5476,768.63,18.37,0.00,18.37,0.0239,0.0000,1,1
112145972,late40_r60_n30,dt_ge_2026-03-21_lt_2026-08-07,55,42,0.7636,15,0.2727,12629.90,3193.47,0.2528,55,42,0.7636,15,37,3,0.2885,12629.90,3193.47,0.00,3193.47,0.2528,0.0000,1,1
112251250,late40_r60_n30,dt_ge_2026-03-21_lt_2026-08-07,33,20,0.6061,6,0.1818,339.34,-105.52,-0.3109,33,20,0.6061,6,26,1,0.1875,339.34,-105.52,0.00,-105.52,-0.3109,0.0000,1,1
112293458,late40_r60_n30,dt_ge_2026-03-21_lt_2026-08-07,39,24,0.6154,18,0.4615,255.60,18.07,0.0707,39,24,0.6154,18,19,2,0.4865,255.60,18.07,0.00,18.07,0.0707,0.0000,1,1
112306519,late40_r60_n30,dt_ge_2026-03-21_lt_2026-08-07,89,66,0.7416,10,0.1124,688.78,-149.66,-0.2173,89,66,0.7416,10,78,1,0.1136,688.78,-149.66,0.00,-149.66,-0.2173,0.0000,1,1
112344167,late40_r60_n30,dt_ge_2026-03-21_lt_2026-08-07,59,44,0.7458,22,0.3729,3110.09,1059.13,0.3405,59,44,0.7458,22,32,5,0.4074,3110.09,1059.13,24.88,1084.01,0.3405,0.0000,1,1
112376074,late40_r60_n30,dt_ge_2026-03-21_lt_2026-08-07,152,96,0.6316,25,0.1645,1245.34,-191.86,-0.1541,152,96,0.6316,25,124,3,0.1678,1245.34,-191.86,0.00,-191.86,-0.1541,0.0000,1,1
112392406,late40_r60_n30,dt_ge_2026-03-21_lt_2026-08-07,192,138,0.7188,65,0.3385,2661.36,-795.06,-0.2987,192,138,0.7188,65,110,17,0.3714,2661.36,-795.06,0.00,-795.06,-0.2987,0.0000,1,1
112537338,late40_r60_n30,dt_ge_2026-03-21_lt_2026-08-07,30,20,0.6667,9,0.3000,381.68,-48.29,-0.1265,30,20,0.6667,9,20,1,0.3103,381.68,-48.29,0.00,-48.29,-0.1265,0.0000,1,1
112606504,late40_r60_n30,dt_ge_2026-03-21_lt_2026-08-07,58,45,0.7759,20,0.3448,915.29,2.50,0.0027,58,45,0.7759,20,36,2,0.3571,915.29,2.50,0.00,2.50,0.0027,0.0000,1,1
112682987,late40_r60_n30,dt_ge_2026-03-21_lt_2026-08-07,41,30,0.7317,10,0.2439,457.19,-156.87,-0.3431,41,30,0.7317,10,28,3,0.2632,457.19,-156.87,0.00,-156.87,-0.3431,0.0000,1,1
112830856,late40_r60_n30,dt_ge_2026-03-21_lt_2026-08-07,55,40,0.7273,7,0.1273,915.29,-283.33,-0.3096,55,40,0.7273,7,47,1,0.1296,915.29,-283.33,0.00,-283.33,-0.3096,0.0000,1,1
112860373,late40_r60_n30,dt_ge_2026-03-21_lt_2026-08-07,159,122,0.7673,40,0.2516,1399.77,-229.70,-0.1641,159,122,0.7673,40,111,8,0.2649,1399.77,-229.70,0.00,-229.70,-0.1641,0.0000,1,1
112879599,late40_r60_n30,dt_ge_2026-03-21_lt_2026-08-07,50,47,0.9400,8,0.1600,735.31,-79.24,-0.1078,50,47,0.9400,8,42,0,0.1600,735.31,-79.24,6.62,-72.63,-0.1078,0.0000,1,1
112906596,late40_r60_n30,dt_ge_2026-03-21_lt_2026-08-07,31,19,0.6129,11,0.3548,187.59,-11.29,-0.0602,31,19,0.6129,11,20,0,0.3548,187.59,-11.29,0.00,-11.29,-0.0602,0.0000,1,1
112948932,late40_r60_n30,dt_ge_2026-03-21_lt_2026-08-07,65,53,0.8154,7,0.1077,1073.03,-166.36,-0.1550,65,53,0.8154,7,58,0,0.1077,1073.03,-166.36,0.00,-166.36,-0.1550,0.0000,1,1
112977986,late40_r60_n30,dt_ge_2026-03-21_lt_2026-08-07,35,33,0.9429,6,0.1714,193.70,-19.63,-0.1014,35,33,0.9429,6,28,1,0.1765,193.70,-19.63,0.00,-19.63,-0.1014,0.0000,1,1
112995215,late40_r60_n30,dt_ge_2026-03-21_lt_2026-08-07,31,19,0.6129,12,0.3871,24.51,-5.98,-0.2441,31,19,0.6129,12,13,6,0.4800,24.51,-5.98,0.00,-5.98,-0.2441,0.0000,1,1
113189423,late40_r60_n30,dt_ge_2026-03-21_lt_2026-08-07,34,23,0.6765,11,0.3235,189.52,-13.71,-0.0723,34,23,0.6765,11,22,1,0.3333,189.52,-13.71,0.00,-13.71,-0.0723,0.0000,1,1
113407361,late40_r60_n30,dt_ge_2026-03-21_lt_2026-08-07,39,26,0.6667,8,0.2051,651.24,7.01,0.0108,39,26,0.6667,8,31,0,0.2051,651.24,7.01,0.00,7.01,0.0108,0.0000,1,1
113434548,late40_r60_n30,dt_ge_2026-03-21_lt_2026-08-07,32,22,0.6875,5,0.1563,879.51,-197.63,-0.2247,32,22,0.6875,5,26,1,0.1613,879.51,-197.63,0.00,-197.63,-0.2247,0.0000,1,1
113626172,late40_r60_n30,dt_ge_2026-03-21_lt_2026-08-07,699,457,0.6538,301,0.4306,14223.68,-650.56,-0.0457,699,457,0.6538,301,328,70,0.4785,14223.68,-650.56,0.00,-650.56,-0.0457,0.0000,1,1
113638848,late40_r60_n30,dt_ge_2026-03-21_lt_2026-08-07,194,140,0.7216,89,0.4588,2802.41,165.28,0.0590,194,140,0.7216,89,93,12,0.4890,2802.41,165.28,0.00,165.28,0.0590,0.0000,1,1
113654144,late40_r60_n30,dt_ge_2026-03-21_lt_2026-08-07,44,32,0.7273,11,0.2500,1639.34,-238.93,-0.1457,44,32,0.7273,11,29,4,0.2750,1639.34,-238.93,0.00,-238.93,-0.1457,0.0000,1,1
113690000,late40_r60_n30,dt_ge_2026-03-21_lt_2026-08-07,30,21,0.7000,10,0.3333,447.80,-133.34,-0.2978,30,21,0.7000,10,16,4,0.3846,447.80,-133.34,0.00,-133.34,-0.2978,0.0000,1,1
113785936,late40_r60_n30,dt_ge_2026-03-21_lt_2026-08-07,73,68,0.9315,13,0.1781,874.92,119.33,0.1364,73,68,0.9315,13,59,1,0.1806,874.92,119.33,0.00,119.33,0.1364,0.0000,1,1
113804049,late40_r60_n30,dt_ge_2026-03-21_lt_2026-08-07,36,28,0.7778,14,0.3889,99.33,-7.77,-0.0782,36,28,0.7778,14,21,1,0.4000,99.33,-7.77,0.00,-7.77,-0.0782,0.0000,1,1
113815653,late40_r60_n30,dt_ge_2026-03-21_lt_2026-08-07,52,46,0.8846,14,0.2692,3142.94,-465.28,-0.1480,52,46,0.8846,14,35,3,0.2857,3142.94,-465.28,0.00,-465.28,-0.1480,0.0000,1,1
113843036,late40_r60_n30,dt_ge_2026-03-21_lt_2026-08-07,43,40,0.9302,7,0.1628,429.55,230.35,0.5363,43,40,0.9302,7,35,1,0.1667,429.55,230.35,0.00,230.35,0.5363,0.0000,1,1
113863792,late40_r60_n30,dt_ge_2026-03-21_lt_2026-08-07,71,43,0.6056,32,0.4507,4219.22,403.98,0.0957,71,43,0.6056,32,31,8,0.5079,4219.22,403.98,33.75,437.73,0.0957,0.0000,1,1
113892396,late40_r60_n30,dt_ge_2026-03-21_lt_2026-08-07,60,44,0.7333,15,0.2500,308.63,-25.04,-0.0811,60,44,0.7333,15,39,6,0.2778,308.63,-25.04,0.00,-25.04,-0.0811,0.0000,1,1
113956036,late40_r60_n30,dt_ge_2026-03-21_lt_2026-08-07,161,129,0.8012,23,0.1429,8049.98,462.14,0.0574,161,129,0.8012,23,136,2,0.1447,8049.98,462.14,0.00,462.14,0.0574,0.0000,1,1
114125127,late40_r60_n30,dt_ge_2026-03-21_lt_2026-08-07,55,35,0.6364,24,0.4364,698.04,289.57,0.4148,55,35,0.6364,24,27,4,0.4706,698.04,289.57,0.00,289.57,0.4148,0.0000,1,1
114127008,late40_r60_n30,dt_ge_2026-03-21_lt_2026-08-07,32,26,0.8125,7,0.2188,5376.21,-822.42,-0.1530,32,26,0.8125,7,23,2,0.2333,5376.21,-822.42,0.00,-822.42,-0.1530,0.0000,1,1
114161863,late40_r60_n30,dt_ge_2026-03-21_lt_2026-08-07,44,31,0.7045,8,0.1818,599.35,128.43,0.2143,44,31,0.7045,8,34,2,0.1905,599.35,128.43,0.00,128.43,0.2143,0.0000,1,1
114202587,late40_r60_n30,dt_ge_2026-03-21_lt_2026-08-07,46,28,0.6087,15,0.3261,4192.82,-1870.50,-0.4461,46,28,0.6087,15,23,8,0.3947,4192.82,-1870.50,0.00,-1870.50,-0.4461,0.0000,1,1
114206273,late40_r60_n30,dt_ge_2026-03-21_lt_2026-08-07,52,46,0.8846,11,0.2115,267.74,60.50,0.2260,52,46,0.8846,11,38,3,0.2245,267.74,60.50,0.00,60.50,0.2260,0.0000,1,1
114260109,late40_r60_n30,dt_ge_2026-03-21_lt_2026-08-07,330,229,0.6939,65,0.1970,1875.07,-272.07,-0.1451,330,229,0.6939,65,256,9,0.2025,1875.07,-272.07,0.00,-272.07,-0.1451,0.0000,1,1
114322611,late40_r60_n30,dt_ge_2026-03-21_lt_2026-08-07,62,41,0.6613,15,0.2419,70.62,-46.42,-0.6574,62,41,0.6613,15,47,0,0.2419,70.62,-46.42,0.00,-46.42,-0.6574,0.0000,1,1
114336553,late40_r60_n30,dt_ge_2026-03-21_lt_2026-08-07,38,24,0.6316,16,0.4211,2152.26,38.38,0.0178,38,24,0.6316,16,17,5,0.4848,2152.26,38.38,0.00,38.38,0.0178,0.0000,1,1
114578797,late40_r60_n30,dt_ge_2026-03-21_lt_2026-08-07,106,76,0.7170,3,0.0283,1323.14,-689.61,-0.5212,106,76,0.7170,3,103,0,0.0283,1323.14,-689.61,0.00,-689.61,-0.5212,0.0000,1,1
114623390,late40_r60_n30,dt_ge_2026-03-21_lt_2026-08-07,122,95,0.7787,18,0.1475,1927.99,328.81,0.1705,122,95,0.7787,18,104,0,0.1475,1927.99,328.81,0.00,328.81,0.1705,0.0000,1,1
114657832,late40_r60_n30,dt_ge_2026-03-21_lt_2026-08-07,69,42,0.6087,11,0.1594,7931.98,-2001.41,-0.2523,69,42,0.6087,11,53,5,0.1719,7931.98,-2001.41,0.00,-2001.41,-0.2523,0.0000,1,1
114701288,late40_r60_n30,dt_ge_2026-03-21_lt_2026-08-07,252,175,0.6944,45,0.1786,848.22,-90.03,-0.1061,252,175,0.6944,45,195,12,0.1875,848.22,-90.03,0.00,-90.03,-0.1061,0.0000,1,1
114701986,late40_r60_n30,dt_ge_2026-03-21_lt_2026-08-07,56,38,0.6786,7,0.1250,1129.80,-250.70,-0.2219,56,38,0.6786,7,47,2,0.1296,1129.80,-250.70,0.00,-250.70,-0.2219,0.0000,1,1
114827274,late40_r60_n30,dt_ge_2026-03-21_lt_2026-08-07,145,103,0.7103,64,0.4414,10907.79,-1311.49,-0.1202,145,103,0.7103,64,68,13,0.4848,10907.79,-1311.49,0.00,-1311.49,-0.1202,0.0000,1,1
114950125,late40_r60_n30,dt_ge_2026-03-21_lt_2026-08-07,43,33,0.7674,19,0.4419,264.53,-1.87,-0.0071,43,33,0.7674,19,17,7,0.5278,264.53,-1.87,0.00,-1.87,-0.0071,0.0000,1,1
114980427,late40_r60_n30,dt_ge_2026-03-21_lt_2026-08-07,56,38,0.6786,12,0.2143,1689.89,188.50,0.1115,56,38,0.6786,12,43,1,0.2182,1689.89,188.50,0.00,188.50,0.1115,0.0000,1,1
115049038,late40_r60_n30,dt_ge_2026-03-21_lt_2026-08-07,105,85,0.8095,28,0.2667,11491.42,360.90,0.0314,105,85,0.8095,28,69,8,0.2887,11491.42,360.90,0.00,360.90,0.0314,0.0000,1,1
115058498,late40_r60_n30,dt_ge_2026-03-21_lt_2026-08-07,37,23,0.6216,21,0.5676,257.48,64.21,0.2494,37,23,0.6216,21,16,0,0.5676,257.48,64.21,0.00,64.21,0.2494,0.0000,1,1
115234696,late40_r60_n30,dt_ge_2026-03-21_lt_2026-08-07,112,92,0.8214,13,0.1161,440.62,-82.22,-0.1866,112,92,0.8214,13,95,4,0.1204,440.62,-82.22,0.00,-82.22,-0.1866,0.0000,1,1
115237791,late40_r60_n30,dt_ge_2026-03-21_lt_2026-08-07,183,114,0.6230,43,0.2350,6368.43,0.85,0.0001,183,114,0.6230,43,139,1,0.2363,6368.43,0.85,0.00,0.85,0.0001,0.0000,1,1
115297530,late40_r60_n30,dt_ge_2026-03-21_lt_2026-08-07,85,55,0.6471,24,0.2824,4896.36,532.65,0.1088,70,55,0.7857,17,50,3,0.2537,3430.42,495.68,0.00,495.68,0.1445,0.0000,1,1
115298309,late40_r60_n30,dt_ge_2026-03-21_lt_2026-08-07,226,182,0.8053,109,0.4823,206495.76,13972.03,0.0677,226,182,0.8053,109,94,23,0.5369,206495.76,13972.03,0.00,13972.03,0.0677,0.0000,1,1
115336382,late40_r60_n30,dt_ge_2026-03-21_lt_2026-08-07,51,33,0.6471,20,0.3922,1443.14,-465.22,-0.3224,51,33,0.6471,20,25,6,0.4444,1443.14,-465.22,0.00,-465.22,-0.3224,0.0000,1,1
115451193,late40_r60_n30,dt_ge_2026-03-21_lt_2026-08-07,52,39,0.7500,15,0.2885,182.47,93.68,0.5134,52,39,0.7500,15,35,2,0.3000,182.47,93.68,0.00,93.68,0.5134,0.0000,1,1
115475622,late40_r60_n30,dt_ge_2026-03-21_lt_2026-08-07,40,30,0.7500,10,0.2500,807.06,203.70,0.2524,40,30,0.7500,10,30,0,0.2500,807.06,203.70,0.00,203.70,0.2524,0.0000,1,1
115691706,late40_r60_n30,dt_ge_2026-03-21_lt_2026-08-07,36,24,0.6667,15,0.4167,1985.77,122.05,0.0615,36,24,0.6667,15,17,4,0.4688,1985.77,122.05,0.00,122.05,0.0615,0.0000,1,1
115712810,late40_r60_n30,dt_ge_2026-03-21_lt_2026-08-07,90,57,0.6333,34,0.3778,793.56,42.78,0.0539,90,57,0.6333,34,51,5,0.4000,793.56,42.78,0.00,42.78,0.0539,0.0000,1,1
115731461,late40_r60_n30,dt_ge_2026-03-21_lt_2026-08-07,34,25,0.7353,12,0.3529,200.88,-3.79,-0.0189,34,25,0.7353,12,19,3,0.3871,200.88,-3.79,0.00,-3.79,-0.0189,0.0000,1,1
115895633,late40_r60_n30,dt_ge_2026-03-21_lt_2026-08-07,118,84,0.7119,15,0.1271,2185.28,-53.16,-0.0243,118,84,0.7119,15,102,1,0.1282,2185.28,-53.16,0.00,-53.16,-0.0243,0.0000,1,1
115974527,late40_r60_n30,dt_ge_2026-03-21_lt_2026-08-07,95,67,0.7053,19,0.2000,949.75,-81.73,-0.0861,95,67,0.7053,19,72,4,0.2088,949.75,-81.73,0.00,-81.73,-0.0861,0.0000,1,1
116025208,late40_r60_n30,dt_ge_2026-03-21_lt_2026-08-07,129,86,0.6667,52,0.4031,3262.05,5.60,0.0017,129,86,0.6667,52,65,12,0.4444,3262.05,5.60,0.00,5.60,0.0017,0.0000,1,1
116145027,late40_r60_n30,dt_ge_2026-03-21_lt_2026-08-07,91,61,0.6703,30,0.3297,1379.29,-40.97,-0.0297,91,61,0.6703,30,56,5,0.3488,1379.29,-40.97,0.00,-40.97,-0.0297,0.0000,1,1
116152024,late40_r60_n30,dt_ge_2026-03-21_lt_2026-08-07,98,66,0.6735,23,0.2347,387.46,-53.44,-0.1379,98,66,0.6735,23,70,5,0.2473,387.46,-53.44,0.00,-53.44,-0.1379,0.0000,1,1
116254431,late40_r60_n30,dt_ge_2026-03-21_lt_2026-08-07,98,62,0.6327,30,0.3061,2028.84,-345.20,-0.1701,98,62,0.6327,30,62,6,0.3261,2028.84,-345.20,0.00,-345.20,-0.1701,0.0000,1,1
116255873,late40_r60_n30,dt_ge_2026-03-21_lt_2026-08-07,30,18,0.6000,10,0.3333,130.69,-42.03,-0.3216,30,18,0.6000,10,17,3,0.3704,130.69,-42.03,0.00,-42.03,-0.3216,0.0000,1,1
116256191,late40_r60_n30,dt_ge_2026-03-21_lt_2026-08-07,50,34,0.6800,17,0.3400,253.59,-63.76,-0.2514,50,34,0.6800,17,31,2,0.3542,253.59,-63.76,0.00,-63.76,-0.2514,0.0000,1,1
116284991,late40_r60_n30,dt_ge_2026-03-21_lt_2026-08-07,33,33,1.0000,4,0.1212,102.93,-69.74,-0.6776,33,33,1.0000,4,27,2,0.1290,102.93,-69.74,0.00,-69.74,-0.6776,0.0000,1,1
116336950,late40_r60_n30,dt_ge_2026-03-21_lt_2026-08-07,31,23,0.7419,13,0.4194,2939.30,532.41,0.1811,31,23,0.7419,13,16,2,0.4483,2939.30,532.41,0.00,532.41,0.1811,0.0000,1,1
116372381,late40_r60_n30,dt_ge_2026-03-21_lt_2026-08-07,32,21,0.6563,12,0.3750,1411.93,-312.96,-0.2217,32,21,0.6563,12,17,3,0.4138,1411.93,-312.96,0.00,-312.96,-0.2217,0.0000,1,1
116445491,late40_r60_n30,dt_ge_2026-03-21_lt_2026-08-07,42,29,0.6905,8,0.1905,1220.92,356.67,0.2921,42,29,0.6905,8,33,1,0.1951,1220.92,356.67,0.00,356.67,0.2921,0.0000,1,1
116568942,late40_r60_n30,dt_ge_2026-03-21_lt_2026-08-07,3956,2471,0.6246,612,0.1547,16080.98,-2551.11,-0.1586,3637,2271,0.6244,557,2998,82,0.1567,14788.05,-2434.52,0.00,-2434.52,-0.1646,0.0000,1,1
116611437,late40_r60_n30,dt_ge_2026-03-21_lt_2026-08-07,318,200,0.6289,43,0.1352,3346.91,-430.09,-0.1285,318,200,0.6289,43,267,8,0.1387,3346.91,-430.09,0.00,-430.09,-0.1285,0.0000,1,1
116736002,late40_r60_n30,dt_ge_2026-03-21_lt_2026-08-07,69,48,0.6957,14,0.2029,3406.52,-917.06,-0.2692,69,48,0.6957,14,53,2,0.2090,3406.52,-917.06,0.00,-917.06,-0.2692,0.0000,1,1
116743837,late40_r60_n30,dt_ge_2026-03-21_lt_2026-08-07,37,25,0.6757,12,0.3243,119.74,48.31,0.4035,37,25,0.6757,12,23,2,0.3429,119.74,48.31,0.00,48.31,0.4035,0.0000,1,1
116761518,late40_r60_n30,dt_ge_2026-03-21_lt_2026-08-07,86,52,0.6047,47,0.5465,667.68,149.73,0.2243,86,52,0.6047,47,33,6,0.5875,667.68,149.73,0.00,149.73,0.2243,0.0000,1,1
116876159,late40_r60_n30,dt_ge_2026-03-21_lt_2026-08-07,30,23,0.7667,11,0.3667,5066.47,-792.32,-0.1564,30,23,0.7667,11,18,1,0.3793,5066.47,-792.32,0.00,-792.32,-0.1564,0.0000,1,1
116897282,late40_r60_n30,dt_ge_2026-03-21_lt_2026-08-07,47,33,0.7021,19,0.4043,1396.40,132.92,0.0952,27,17,0.6296,11,15,1,0.4231,844.01,105.15,0.00,105.15,0.1246,0.0000,1,0
116958557,late40_r60_n30,dt_ge_2026-03-21_lt_2026-08-07,92,64,0.6957,17,0.1848,577.66,85.81,0.1485,92,64,0.6957,17,72,3,0.1910,577.66,85.81,0.00,85.81,0.1485,0.0000,1,1
116965669,late40_r60_n30,dt_ge_2026-03-21_lt_2026-08-07,154,94,0.6104,44,0.2857,9449.43,1340.10,0.1418,78,47,0.6026,23,54,1,0.2987,4737.69,683.02,0.00,683.02,0.1442,0.0000,1,1
116997204,late40_r60_n30,dt_ge_2026-03-21_lt_2026-08-07,40,28,0.7000,4,0.1000,1678.00,-97.00,-0.0578,40,28,0.7000,4,34,2,0.1053,1678.00,-97.00,0.00,-97.00,-0.0578,0.0000,1,1
117127947,late40_r60_n30,dt_ge_2026-03-21_lt_2026-08-07,34,21,0.6176,10,0.2941,139.85,-39.75,-0.2842,34,21,0.6176,10,20,4,0.3333,139.85,-39.75,0.00,-39.75,-0.2842,0.0000,1,1
117135606,late40_r60_n30,dt_ge_2026-03-21_lt_2026-08-07,87,53,0.6092,29,0.3333,238.44,-29.41,-0.1233,87,53,0.6092,29,56,2,0.3412,238.44,-29.41,0.00,-29.41,-0.1233,0.0000,1,1
117175155,late40_r60_n30,dt_ge_2026-03-21_lt_2026-08-07,334,240,0.7186,62,0.1856,6175.04,236.38,0.0383,334,240,0.7186,62,256,16,0.1950,6175.04,236.38,49.40,285.78,0.0383,0.0000,1,1
117182731,late40_r60_n30,dt_ge_2026-03-21_lt_2026-08-07,114,71,0.6228,51,0.4474,18099.21,2550.97,0.1409,114,71,0.6228,51,57,6,0.4722,18099.21,2550.97,0.00,2550.97,0.1409,0.0000,1,1
117387690,late40_r60_n30,dt_ge_2026-03-21_lt_2026-08-07,31,22,0.7097,16,0.5161,118.39,38.67,0.3267,31,22,0.7097,16,8,7,0.6667,118.39,38.67,0.00,38.67,0.3267,0.0000,1,1
117476262,late40_r60_n30,dt_ge_2026-03-21_lt_2026-08-07,30,26,0.8667,13,0.4333,11657.38,3598.23,0.3087,30,26,0.8667,13,15,2,0.4643,11657.38,3598.23,0.00,3598.23,0.3087,0.0000,1,1
117509515,late40_r60_n30,dt_ge_2026-03-21_lt_2026-08-07,31,25,0.8065,19,0.6129,1063.27,256.30,0.2410,31,25,0.8065,19,11,1,0.6333,1063.27,256.30,0.00,256.30,0.2410,0.0000,1,1
117538405,late40_r60_n30,dt_ge_2026-03-21_lt_2026-08-07,233,205,0.8798,100,0.4292,1799.13,-174.69,-0.0971,233,205,0.8798,100,111,22,0.4739,1799.13,-174.69,0.00,-174.69,-0.0971,0.0000,1,1
117744669,late40_r60_n30,dt_ge_2026-03-21_lt_2026-08-07,178,117,0.6573,27,0.1517,281.28,30.80,0.1095,178,117,0.6573,27,149,2,0.1534,281.28,30.80,0.00,30.80,0.1095,0.0000,1,1
117770798,late40_r60_n30,dt_ge_2026-03-21_lt_2026-08-07,39,31,0.7949,16,0.4103,218.57,-21.07,-0.0964,39,31,0.7949,16,21,2,0.4324,218.57,-21.07,0.00,-21.07,-0.0964,0.0000,1,1
118139336,late40_r60_n30,dt_ge_2026-03-21_lt_2026-08-07,57,35,0.6140,11,0.1930,520.73,-24.24,-0.0466,57,35,0.6140,11,45,1,0.1964,520.73,-24.24,0.00,-24.24,-0.0466,0.0000,1,1
118164491,late40_r60_n30,dt_ge_2026-03-21_lt_2026-08-07,34,23,0.6765,17,0.5000,607.36,-17.72,-0.0292,34,23,0.6765,17,14,3,0.5484,607.36,-17.72,5.47,-12.25,-0.0292,0.0000,1,1
118201452,late40_r60_n30,dt_ge_2026-03-21_lt_2026-08-07,1620,1016,0.6272,247,0.1525,3653.12,-99.95,-0.0274,1620,1016,0.6272,247,1336,37,0.1560,3653.12,-99.95,0.00,-99.95,-0.0274,0.0000,1,1
118202205,late40_r60_n30,dt_ge_2026-03-21_lt_2026-08-07,112,68,0.6071,51,0.4554,7793.71,-162.97,-0.0209,112,68,0.6071,51,54,7,0.4857,7793.71,-162.97,0.00,-162.97,-0.0209,0.0000,1,1
118209300,late40_r60_n30,dt_ge_2026-03-21_lt_2026-08-07,38,27,0.7105,10,0.2632,1827.84,-381.17,-0.2085,38,27,0.7105,10,27,1,0.2703,1827.84,-381.17,0.00,-381.17,-0.2085,0.0000,1,1
118766784,late40_r60_n30,dt_ge_2026-03-21_lt_2026-08-07,55,36,0.6545,21,0.3818,1199.91,0.97,0.0008,55,36,0.6545,21,26,8,0.4468,1199.91,0.97,0.00,0.97,0.0008,0.0000,1,1
118851248,late40_r60_n30,dt_ge_2026-03-21_lt_2026-08-07,32,32,1.0000,8,0.2500,2075.75,112.95,0.0544,32,32,1.0000,8,24,0,0.2500,2075.75,112.95,0.00,112.95,0.0544,0.0000,1,1
118914760,late40_r60_n30,dt_ge_2026-03-21_lt_2026-08-07,33,22,0.6667,8,0.2424,1822.00,-382.00,-0.2097,33,22,0.6667,8,24,1,0.2500,1822.00,-382.00,0.00,-382.00,-0.2097,0.0000,1,1
119023006,late40_r60_n30,dt_ge_2026-03-21_lt_2026-08-07,44,29,0.6591,11,0.2500,180.71,-53.69,-0.2971,44,29,0.6591,11,32,1,0.2558,180.71,-53.69,0.00,-53.69,-0.2971,0.0000,1,1
119405407,late40_r60_n30,dt_ge_2026-03-21_lt_2026-08-07,80,71,0.8875,6,0.0750,1469.36,-616.03,-0.4193,80,71,0.8875,6,72,2,0.0769,1469.36,-616.03,0.00,-616.03,-0.4193,0.0000,1,1
119546049,late40_r60_n30,dt_ge_2026-03-21_lt_2026-08-07,42,32,0.7619,8,0.1905,518.91,-62.01,-0.1195,21,16,0.7619,4,17,0,0.1905,259.46,-31.01,0.00,-31.01,-0.1195,0.0000,1,0
119561614,late40_r60_n30,dt_ge_2026-03-21_lt_2026-08-07,35,29,0.8286,6,0.1714,13654.00,-2081.20,-0.1524,35,29,0.8286,6,27,2,0.1818,13654.00,-2081.20,0.00,-2081.20,-0.1524,0.0000,1,1
119624270,late40_r60_n30,dt_ge_2026-03-21_lt_2026-08-07,43,28,0.6512,17,0.3953,449.58,-63.07,-0.1403,43,28,0.6512,17,23,3,0.4250,449.58,-63.07,0.00,-63.07,-0.1403,0.0000,1,1
119711698,late40_r60_n30,dt_ge_2026-03-21_lt_2026-08-07,72,38,0.5278,16,0.2222,2975.39,-847.49,-0.2848,60,38,0.6333,12,46,2,0.2069,2645.10,-841.72,0.00,-841.72,-0.3182,0.0000,0,1
119723159,late40_r60_n30,dt_ge_2026-03-21_lt_2026-08-07,84,67,0.7976,28,0.3333,2118.52,-242.70,-0.1146,84,67,0.7976,28,53,3,0.3457,2118.52,-242.70,0.00,-242.70,-0.1146,0.0000,1,1
119749035,late40_r60_n30,dt_ge_2026-03-21_lt_2026-08-07,33,20,0.6061,19,0.5758,1287.95,-22.70,-0.0176,33,20,0.6061,19,11,3,0.6333,1287.95,-22.70,0.00,-22.70,-0.0176,0.0000,1,1
119783863,late40_r60_n30,dt_ge_2026-03-21_lt_2026-08-07,35,25,0.7143,7,0.2000,897.68,-158.02,-0.1760,35,25,0.7143,7,26,2,0.2121,897.68,-158.02,0.00,-158.02,-0.1760,0.0000,1,1
119989685,late40_r60_n30,dt_ge_2026-03-21_lt_2026-08-07,33,28,0.8485,6,0.1818,825.07,218.20,0.2645,33,28,0.8485,6,27,0,0.1818,825.07,218.20,0.00,218.20,0.2645,0.0000,1,1
120017065,late40_r60_n30,dt_ge_2026-03-21_lt_2026-08-07,47,36,0.7660,22,0.4681,5159.20,1085.48,0.2104,47,36,0.7660,22,15,10,0.5946,5159.20,1085.48,0.00,1085.48,0.2104,0.0000,1,1
120181121,late40_r60_n30,dt_ge_2026-03-21_lt_2026-08-07,54,44,0.8148,13,0.2407,2556.97,2076.42,0.8121,54,44,0.8148,13,41,0,0.2407,2556.97,2076.42,0.00,2076.42,0.8121,0.0000,1,1
120191848,late40_r60_n30,dt_ge_2026-03-21_lt_2026-08-07,154,108,0.7013,73,0.4740,37928.66,5287.24,0.1394,154,108,0.7013,73,63,18,0.5368,37928.66,5287.24,0.00,5287.24,0.1394,0.0000,1,1
120229999,late40_r60_n30,dt_ge_2026-03-21_lt_2026-08-07,46,32,0.6957,24,0.5217,196.03,16.03,0.0818,46,32,0.6957,24,19,3,0.5581,196.03,16.03,0.00,16.03,0.0818,0.0000,1,1
120269083,late40_r60_n30,dt_ge_2026-03-21_lt_2026-08-07,33,20,0.6061,13,0.3939,366.46,93.97,0.2564,33,20,0.6061,13,19,1,0.4063,366.46,93.97,0.00,93.97,0.2564,0.0000,1,1
120537265,late40_r60_n30,dt_ge_2026-03-21_lt_2026-08-07,3016,2259,0.7490,1387,0.4599,183265.75,1440.18,0.0079,2902,2166,0.7464,1332,1287,283,0.5086,179434.01,1137.64,0.00,1137.64,0.0063,0.0000,1,1
120591912,late40_r60_n30,dt_ge_2026-03-21_lt_2026-08-07,167,120,0.7186,67,0.4012,1031.37,-152.47,-0.1478,167,120,0.7186,67,90,10,0.4268,1031.37,-152.47,0.00,-152.47,-0.1478,0.0000,1,1
120986076,late40_r60_n30,dt_ge_2026-03-21_lt_2026-08-07,50,35,0.7000,8,0.1600,151.36,-54.33,-0.3589,50,35,0.7000,8,36,6,0.1818,151.36,-54.33,0.00,-54.33,-0.3589,0.0000,1,1
121111348,late40_r60_n30,dt_ge_2026-03-21_lt_2026-08-07,121,91,0.7521,30,0.2479,437.25,34.20,0.0782,121,91,0.7521,30,86,5,0.2586,437.25,34.20,0.00,34.20,0.0782,0.0000,1,1
121123522,late40_r60_n30,dt_ge_2026-03-21_lt_2026-08-07,40,25,0.6250,10,0.2500,650.00,314.00,0.4831,40,25,0.6250,10,29,1,0.2564,650.00,314.00,0.00,314.00,0.4831,0.0000,1,1
121288391,late40_r60_n30,dt_ge_2026-03-21_lt_2026-08-07,584,416,0.7123,116,0.1986,273692.37,20831.15,0.0761,526,358,0.6806,106,400,20,0.2095,239735.85,25032.38,0.00,25032.38,0.1044,0.0000,1,1
121701441,late40_r60_n30,dt_ge_2026-03-21_lt_2026-08-07,63,43,0.6825,14,0.2222,2984.67,-1237.48,-0.4146,63,43,0.6825,14,46,3,0.2333,2984.67,-1237.48,0.00,-1237.48,-0.4146,0.0000,1,1
121877688,late40_r60_n30,dt_ge_2026-03-21_lt_2026-08-07,116,76,0.6552,39,0.3362,8576.31,-1054.12,-0.1229,116,76,0.6552,39,73,4,0.3482,8576.31,-1054.12,0.00,-1054.12,-0.1229,0.0000,1,1
122032553,late40_r60_n30,dt_ge_2026-03-21_lt_2026-08-07,6202,3920,0.6321,2214,0.3570,194568.78,-1979.39,-0.0102,6196,3914,0.6317,2213,3558,425,0.3835,194421.74,-1853.36,0.00,-1853.36,-0.0095,0.0000,1,1
122206586,late40_r60_n30,dt_ge_2026-03-21_lt_2026-08-07,58,38,0.6552,9,0.1552,556.44,-281.32,-0.5056,58,38,0.6552,9,46,3,0.1636,556.44,-281.32,4.45,-276.86,-0.5056,0.0000,1,1
122323150,late40_r60_n30,dt_ge_2026-03-21_lt_2026-08-07,36,33,0.9167,8,0.2222,2112.81,79.72,0.0377,36,33,0.9167,8,27,1,0.2286,2112.81,79.72,0.00,79.72,0.0377,0.0000,1,1
122556614,late40_r60_n30,dt_ge_2026-03-21_lt_2026-08-07,559,341,0.6100,264,0.4723,220966.86,-9347.88,-0.0423,559,341,0.6100,264,240,55,0.5238,220966.86,-9347.88,0.00,-9347.88,-0.0423,0.0000,1,1
122581961,late40_r60_n30,dt_ge_2026-03-21_lt_2026-08-07,58,54,0.9310,7,0.1207,611.39,-157.50,-0.2576,57,53,0.9298,7,48,2,0.1273,606.72,-152.83,0.00,-152.83,-0.2519,0.0000,1,1
122602883,late40_r60_n30,dt_ge_2026-03-21_lt_2026-08-07,49,34,0.6939,11,0.2245,277.31,44.57,0.1607,49,34,0.6939,11,38,0,0.2245,277.31,44.57,0.00,44.57,0.1607,0.0000,1,1
122648792,late40_r60_n30,dt_ge_2026-03-21_lt_2026-08-07,81,74,0.9136,13,0.1605,3102.12,1600.57,0.5160,81,74,0.9136,13,67,1,0.1625,3102.12,1600.57,0.00,1600.57,0.5160,0.0000,1,1
122840378,late40_r60_n30,dt_ge_2026-03-21_lt_2026-08-07,33,23,0.6970,16,0.4848,183.34,13.73,0.0749,33,23,0.6970,16,11,6,0.5926,183.34,13.73,0.00,13.73,0.0749,0.0000,1,1
122851036,late40_r60_n30,dt_ge_2026-03-21_lt_2026-08-07,40,30,0.7500,20,0.5000,2681.87,-128.71,-0.0480,40,30,0.7500,20,17,3,0.5405,2681.87,-128.71,0.00,-128.71,-0.0480,0.0000,1,1
122876534,late40_r60_n30,dt_ge_2026-03-21_lt_2026-08-07,40,25,0.6250,7,0.1750,1336.63,-161.76,-0.1210,40,25,0.6250,7,32,1,0.1795,1336.63,-161.76,0.00,-161.76,-0.1210,0.0000,1,1
122956165,late40_r60_n30,dt_ge_2026-03-21_lt_2026-08-07,52,35,0.6731,32,0.6154,4837.24,1588.24,0.3283,52,35,0.6731,32,18,2,0.6400,4837.24,1588.24,0.00,1588.24,0.3283,0.0000,1,1
122993568,late40_r60_n30,dt_ge_2026-03-21_lt_2026-08-07,39,25,0.6410,5,0.1282,868.25,-312.09,-0.3594,39,25,0.6410,5,34,0,0.1282,868.25,-312.09,6.95,-305.15,-0.3594,0.0000,1,1
123029882,late40_r60_n30,dt_ge_2026-03-21_lt_2026-08-07,52,35,0.6731,15,0.2885,584.39,67.85,0.1161,52,35,0.6731,15,35,2,0.3000,584.39,67.85,0.00,67.85,0.1161,0.0000,1,1
123037115,late40_r60_n30,dt_ge_2026-03-21_lt_2026-08-07,14507,8841,0.6094,6271,0.4323,340688.65,-7014.11,-0.0206,14469,8821,0.6096,6254,6879,1336,0.4762,340503.80,-7001.51,0.00,-7001.51,-0.0206,0.0000,1,1
123087523,late40_r60_n30,dt_ge_2026-03-21_lt_2026-08-07,31,26,0.8387,8,0.2581,142.84,0.42,0.0029,31,26,0.8387,8,20,3,0.2857,142.84,0.42,0.00,0.42,0.0029,0.0000,1,1
123128703,late40_r60_n30,dt_ge_2026-03-21_lt_2026-08-07,103,68,0.6602,15,0.1456,1575.00,-219.59,-0.1394,103,68,0.6602,15,87,1,0.1471,1575.00,-219.59,0.00,-219.59,-0.1394,0.0000,1,1
123329351,late40_r60_n30,dt_ge_2026-03-21_lt_2026-08-07,57,43,0.7544,14,0.2456,375.56,-98.07,-0.2611,57,43,0.7544,14,39,4,0.2642,375.56,-98.07,0.00,-98.07,-0.2611,0.0000,1,1
123370775,late40_r60_n30,dt_ge_2026-03-21_lt_2026-08-07,52,39,0.7500,13,0.2500,1265.18,140.11,0.1107,52,39,0.7500,13,38,1,0.2549,1265.18,140.11,0.00,140.11,0.1107,0.0000,1,1
123481484,late40_r60_n30,dt_ge_2026-03-21_lt_2026-08-07,34,22,0.6471,10,0.2941,86.46,58.56,0.6773,34,22,0.6471,10,24,0,0.2941,86.46,58.56,0.00,58.56,0.6773,0.0000,1,1
123637446,late40_r60_n30,dt_ge_2026-03-21_lt_2026-08-07,46,31,0.6739,16,0.3478,428.31,-58.23,-0.1359,46,31,0.6739,16,29,1,0.3556,428.31,-58.23,0.00,-58.23,-0.1359,0.0000,1,1
123654800,late40_r60_n30,dt_ge_2026-03-21_lt_2026-08-07,31,31,1.0000,6,0.1935,133.87,-21.07,-0.1574,31,31,1.0000,6,25,0,0.1935,133.87,-21.07,0.00,-21.07,-0.1574,0.0000,1,1
123802429,late40_r60_n30,dt_ge_2026-03-21_lt_2026-08-07,76,52,0.6842,17,0.2237,252.07,-48.73,-0.1933,76,52,0.6842,17,56,3,0.2329,252.07,-48.73,0.00,-48.73,-0.1933,0.0000,1,1
123832660,late40_r60_n30,dt_ge_2026-03-21_lt_2026-08-07,46,30,0.6522,11,0.2391,1827.90,327.89,0.1794,46,30,0.6522,11,33,2,0.2500,1827.90,327.89,0.00,327.89,0.1794,0.0000,1,1
123872759,late40_r60_n30,dt_ge_2026-03-21_lt_2026-08-07,92,71,0.7717,28,0.3043,5720.57,86.32,0.0151,92,71,0.7717,28,60,4,0.3182,5720.57,86.32,0.00,86.32,0.0151,0.0000,1,1
123889412,late40_r60_n30,dt_ge_2026-03-21_lt_2026-08-07,78,57,0.7308,16,0.2051,4555.30,-1341.06,-0.2944,78,57,0.7308,16,57,5,0.2192,4555.30,-1341.06,0.00,-1341.06,-0.2944,0.0000,1,1
123921856,late40_r60_n30,dt_ge_2026-03-21_lt_2026-08-07,36,23,0.6389,14,0.3889,100.31,-12.87,-0.1283,36,23,0.6389,14,20,2,0.4118,100.31,-12.87,0.00,-12.87,-0.1283,0.0000,1,1
123939367,late40_r60_n30,dt_ge_2026-03-21_lt_2026-08-07,103,67,0.6505,53,0.5146,8165.39,318.85,0.0390,103,67,0.6505,53,44,6,0.5464,8165.39,318.85,0.00,318.85,0.0390,0.0000,1,1
123940418,late40_r60_n30,dt_ge_2026-03-21_lt_2026-08-07,46,28,0.6087,17,0.3696,1291.22,-52.52,-0.0407,46,28,0.6087,17,23,6,0.4250,1291.22,-52.52,0.00,-52.52,-0.0407,0.0000,1,1
124142087,late40_r60_n30,dt_ge_2026-03-21_lt_2026-08-07,38,27,0.7105,16,0.4211,651.61,-107.55,-0.1651,38,27,0.7105,16,20,2,0.4444,651.61,-107.55,5.86,-101.69,-0.1651,0.0000,1,1
124153159,late40_r60_n30,dt_ge_2026-03-21_lt_2026-08-07,52,33,0.6346,18,0.3462,199.29,-44.36,-0.2226,52,33,0.6346,18,32,2,0.3600,199.29,-44.36,0.00,-44.36,-0.2226,0.0000,1,1
124213838,late40_r60_n30,dt_ge_2026-03-21_lt_2026-08-07,79,50,0.6329,19,0.2405,34.10,-11.08,-0.3249,79,50,0.6329,19,58,2,0.2468,34.10,-11.08,0.00,-11.08,-0.3249,0.0000,1,1
124215193,late40_r60_n30,dt_ge_2026-03-21_lt_2026-08-07,119,74,0.6218,55,0.4622,221.81,-4.72,-0.0213,119,74,0.6218,55,54,10,0.5046,221.81,-4.72,0.00,-4.72,-0.0213,0.0000,1,1
124237639,late40_r60_n30,dt_ge_2026-03-21_lt_2026-08-07,31,21,0.6774,10,0.3226,205.26,-45.12,-0.2198,31,21,0.6774,10,18,3,0.3571,205.26,-45.12,0.00,-45.12,-0.2198,0.0000,1,1
124370008,late40_r60_n30,dt_ge_2026-03-21_lt_2026-08-07,31,21,0.6774,6,0.1935,215.35,-38.92,-0.1807,31,21,0.6774,6,23,2,0.2069,215.35,-38.92,0.00,-38.92,-0.1807,0.0000,1,1
124376374,late40_r60_n30,dt_ge_2026-03-21_lt_2026-08-07,184,127,0.6902,36,0.1957,900.29,-190.59,-0.2117,184,127,0.6902,36,143,5,0.2011,900.29,-190.59,0.00,-190.59,-0.2117,0.0000,1,1
124399976,late40_r60_n30,dt_ge_2026-03-21_lt_2026-08-07,35,27,0.7714,8,0.2286,104.24,-27.69,-0.2657,35,27,0.7714,8,25,2,0.2424,104.24,-27.69,0.00,-27.69,-0.2657,0.0000,1,1
124491403,late40_r60_n30,dt_ge_2026-03-21_lt_2026-08-07,44,27,0.6136,9,0.2045,165.95,0.00,0.0000,44,27,0.6136,9,35,0,0.2045,165.95,0.00,0.00,0.00,0.0000,0.0000,1,1
124520927,late40_r60_n30,dt_ge_2026-03-21_lt_2026-08-07,35,35,1.0000,6,0.1714,169.86,-45.66,-0.2688,35,35,1.0000,6,28,1,0.1765,169.86,-45.66,0.00,-45.66,-0.2688,0.0000,1,1
124606924,late40_r60_n30,dt_ge_2026-03-21_lt_2026-08-07,35,26,0.7429,8,0.2286,1558.84,-458.83,-0.2943,35,26,0.7429,8,27,0,0.2286,1558.84,-458.83,0.00,-458.83,-0.2943,0.0000,1,1
124611190,late40_r60_n30,dt_ge_2026-03-21_lt_2026-08-07,379,267,0.7045,79,0.2084,1334.88,4.78,0.0036,379,267,0.7045,79,291,9,0.2135,1334.88,4.78,0.00,4.78,0.0036,0.0000,1,1
124803646,late40_r60_n30,dt_ge_2026-03-21_lt_2026-08-07,40,32,0.8000,7,0.1750,304.08,-31.39,-0.1032,40,32,0.8000,7,33,0,0.1750,304.08,-31.39,0.91,-30.48,-0.1032,0.0000,1,1
124819388,late40_r60_n30,dt_ge_2026-03-21_lt_2026-08-07,53,34,0.6415,12,0.2264,3756.19,6.46,0.0017,53,34,0.6415,12,41,0,0.2264,3756.19,6.46,0.00,6.46,0.0017,0.0000,1,1
124820757,late40_r60_n30,dt_ge_2026-03-21_lt_2026-08-07,41,33,0.8049,7,0.1707,104.54,-20.19,-0.1932,41,33,0.8049,7,33,1,0.1750,104.54,-20.19,0.00,-20.19,-0.1932,0.0000,1,1
124864718,late40_r60_n30,dt_ge_2026-03-21_lt_2026-08-07,140,91,0.6500,15,0.1071,1109.98,-585.35,-0.5274,140,91,0.6500,15,122,3,0.1095,1109.98,-585.35,0.00,-585.35,-0.5274,0.0000,1,1
124866132,late40_r60_n30,dt_ge_2026-03-21_lt_2026-08-07,130,84,0.6462,30,0.2308,1515.42,-121.11,-0.0799,130,84,0.6462,30,97,3,0.2362,1515.42,-121.11,0.00,-121.11,-0.0799,0.0000,1,1
124874855,late40_r60_n30,dt_ge_2026-03-21_lt_2026-08-07,52,36,0.6923,9,0.1731,2515.51,-807.53,-0.3210,52,36,0.6923,9,43,0,0.1731,2515.51,-807.53,0.00,-807.53,-0.3210,0.0000,1,1
124976215,late40_r60_n30,dt_ge_2026-03-21_lt_2026-08-07,32,21,0.6563,19,0.5938,26060.00,5507.50,0.2113,32,21,0.6563,19,12,1,0.6129,26060.00,5507.50,0.00,5507.50,0.2113,0.0000,1,1
125080163,late40_r60_n30,dt_ge_2026-03-21_lt_2026-08-07,33,20,0.6061,10,0.3030,10698.58,-903.18,-0.0844,33,20,0.6061,10,23,0,0.3030,10698.58,-903.18,0.00,-903.18,-0.0844,0.0000,1,1
125087824,late40_r60_n30,dt_ge_2026-03-21_lt_2026-08-07,33,30,0.9091,10,0.3030,628.10,107.00,0.1704,33,30,0.9091,10,21,2,0.3226,628.10,107.00,0.00,107.00,0.1704,0.0000,1,1
125146159,late40_r60_n30,dt_ge_2026-03-21_lt_2026-08-07,557,354,0.6355,192,0.3447,100422.00,-6983.00,-0.0695,557,354,0.6355,192,319,46,0.3757,100422.00,-6983.00,0.00,-6983.00,-0.0695,0.0000,1,1
125189859,late40_r60_n30,dt_ge_2026-03-21_lt_2026-08-07,124,77,0.6210,57,0.4597,111956.00,-2185.00,-0.0195,124,77,0.6210,57,54,13,0.5135,111956.00,-2185.00,0.00,-2185.00,-0.0195,0.0000,1,1
125215450,late40_r60_n30,dt_ge_2026-03-21_lt_2026-08-07,35,21,0.6000,16,0.4571,1359.03,54.65,0.0402,35,21,0.6000,16,14,5,0.5333,1359.03,54.65,0.00,54.65,0.0402,0.0000,1,1
125216860,late40_r60_n30,dt_ge_2026-03-21_lt_2026-08-07,37,31,0.8378,11,0.2973,10990.04,-1481.44,-0.1348,37,31,0.8378,11,22,4,0.3333,10990.04,-1481.44,0.00,-1481.44,-0.1348,0.0000,1,1
125355493,late40_r60_n30,dt_ge_2026-03-21_lt_2026-08-07,69,44,0.6377,12,0.1739,6457.00,-998.20,-0.1546,69,44,0.6377,12,54,3,0.1818,6457.00,-998.20,0.00,-998.20,-0.1546,0.0000,1,1
125377675,late40_r60_n30,dt_ge_2026-03-21_lt_2026-08-07,31,31,1.0000,6,0.1935,168.25,-17.14,-0.1019,31,31,1.0000,6,25,0,0.1935,168.25,-17.14,0.00,-17.14,-0.1019,0.0000,1,1
125549059,late40_r60_n30,dt_ge_2026-03-21_lt_2026-08-07,58,40,0.6897,18,0.3103,4875.77,-262.11,-0.0538,58,40,0.6897,18,33,7,0.3529,4875.77,-262.11,0.00,-262.11,-0.0538,0.0000,1,1
125576826,late40_r60_n30,dt_ge_2026-03-21_lt_2026-08-07,54,33,0.6111,11,0.2037,1920.84,715.80,0.3726,54,33,0.6111,11,42,1,0.2075,1920.84,715.80,0.00,715.80,0.3726,0.0000,1,1
125612430,late40_r60_n30,dt_ge_2026-03-21_lt_2026-08-07,60,42,0.7000,10,0.1667,2767.00,-1174.55,-0.4245,60,42,0.7000,10,47,3,0.1754,2767.00,-1174.55,0.00,-1174.55,-0.4245,0.0000,1,1
125621286,late40_r60_n30,dt_ge_2026-03-21_lt_2026-08-07,58,35,0.6034,16,0.2759,2159.20,307.69,0.1425,58,35,0.6034,16,41,1,0.2807,2159.20,307.69,0.00,307.69,0.1425,0.0000,1,1
125702324,late40_r60_n30,dt_ge_2026-03-21_lt_2026-08-07,784,500,0.6378,352,0.4490,31789.29,-1751.61,-0.0551,784,500,0.6378,352,369,63,0.4882,31789.29,-1751.61,0.00,-1751.61,-0.0551,0.0000,1,1
125732684,late40_r60_n30,dt_ge_2026-03-21_lt_2026-08-07,51,35,0.6863,14,0.2745,1894.72,-283.28,-0.1495,51,35,0.6863,14,33,4,0.2979,1894.72,-283.28,0.00,-283.28,-0.1495,0.0000,1,1
125777721,late40_r60_n30,dt_ge_2026-03-21_lt_2026-08-07,31,28,0.9032,8,0.2581,351.68,-80.84,-0.2299,31,28,0.9032,8,23,0,0.2581,351.68,-80.84,0.00,-80.84,-0.2299,0.0000,1,1
125788656,late40_r60_n30,dt_ge_2026-03-21_lt_2026-08-07,2007,1303,0.6492,379,0.1888,62278.27,-1192.16,-0.0191,2007,1303,0.6492,379,1573,55,0.1942,62278.27,-1192.16,0.00,-1192.16,-0.0191,0.0000,1,1
125837954,late40_r60_n30,dt_ge_2026-03-21_lt_2026-08-07,30,20,0.6667,7,0.2333,128.15,-34.13,-0.2663,30,20,0.6667,7,22,1,0.2414,128.15,-34.13,0.00,-34.13,-0.2663,0.0000,1,1
125852565,late40_r60_n30,dt_ge_2026-03-21_lt_2026-08-07,1028,684,0.6654,474,0.4611,106399.35,3164.75,0.0297,1028,684,0.6654,474,451,103,0.5124,106399.35,3164.75,0.00,3164.75,0.0297,0.0000,1,1
125874217,late40_r60_n30,dt_ge_2026-03-21_lt_2026-08-07,65,43,0.6615,8,0.1231,11076.66,-3257.54,-0.2941,65,43,0.6615,8,55,2,0.1270,11076.66,-3257.54,0.00,-3257.54,-0.2941,0.0000,1,1
125886331,late40_r60_n30,dt_ge_2026-03-21_lt_2026-08-07,49,33,0.6735,21,0.4286,544.24,261.67,0.4808,49,33,0.6735,21,24,4,0.4667,544.24,261.67,0.00,261.67,0.4808,0.0000,1,1
125988745,late40_r60_n30,dt_ge_2026-03-21_lt_2026-08-07,34,21,0.6176,5,0.1471,352.85,-97.16,-0.2754,34,21,0.6176,5,28,1,0.1515,352.85,-97.16,0.00,-97.16,-0.2754,0.0000,1,1
126027368,late40_r60_n30,dt_ge_2026-03-21_lt_2026-08-07,31,28,0.9032,16,0.5161,2667.22,179.03,0.0671,23,20,0.8696,12,9,2,0.5714,2488.19,150.49,0.00,150.49,0.0605,0.0000,1,0
126030149,late40_r60_n30,dt_ge_2026-03-21_lt_2026-08-07,30,19,0.6333,9,0.3000,496.05,20.96,0.0423,30,19,0.6333,9,19,2,0.3214,496.05,20.96,0.00,20.96,0.0423,0.0000,1,1
126052268,late40_r60_n30,dt_ge_2026-03-21_lt_2026-08-07,7739,5599,0.7235,3479,0.4495,834174.14,-15126.05,-0.0181,7604,5484,0.7212,3419,3449,736,0.4978,829552.78,-14652.36,0.00,-14652.36,-0.0177,0.0000,1,1
126066922,late40_r60_n30,dt_ge_2026-03-21_lt_2026-08-07,40,27,0.6750,21,0.5250,596.86,-60.56,-0.1015,40,27,0.6750,21,17,2,0.5526,596.86,-60.56,4.77,-55.79,-0.1015,0.0000,1,1
126352202,late40_r60_n30,dt_ge_2026-03-21_lt_2026-08-07,31,23,0.7419,8,0.2581,1397.31,-414.39,-0.2966,31,23,0.7419,8,20,3,0.2857,1397.31,-414.39,0.00,-414.39,-0.2966,0.0000,1,1
126492232,late40_r60_n30,dt_ge_2026-03-21_lt_2026-08-07,35,21,0.6000,5,0.1429,477.40,-193.30,-0.4049,35,21,0.6000,5,30,0,0.1429,477.40,-193.30,0.00,-193.30,-0.4049,0.0000,1,1
126588532,late40_r60_n30,dt_ge_2026-03-21_lt_2026-08-07,43,33,0.7674,16,0.3721,904.55,-206.81,-0.2286,43,33,0.7674,16,19,8,0.4571,904.55,-206.81,0.00,-206.81,-0.2286,0.0000,1,1
126627332,late40_r60_n30,dt_ge_2026-03-21_lt_2026-08-07,37,32,0.8649,1,0.0270,95.83,-61.59,-0.6428,37,32,0.8649,1,36,0,0.0270,95.83,-61.59,0.00,-61.59,-0.6428,0.0000,1,1
126654582,late40_r60_n30,dt_ge_2026-03-21_lt_2026-08-07,33,21,0.6364,14,0.4242,712.73,53.44,0.0750,33,21,0.6364,14,13,6,0.5185,712.73,53.44,0.00,53.44,0.0750,0.0000,1,1
126718374,late40_r60_n30,dt_ge_2026-03-21_lt_2026-08-07,37,35,0.9459,9,0.2432,137.67,-49.02,-0.3560,37,35,0.9459,9,27,1,0.2500,137.67,-49.02,0.00,-49.02,-0.3560,0.0000,1,1
126724635,late40_r60_n30,dt_ge_2026-03-21_lt_2026-08-07,44,30,0.6818,9,0.2045,3423.43,-1702.20,-0.4972,44,30,0.6818,9,31,4,0.2250,3423.43,-1702.20,0.00,-1702.20,-0.4972,0.0000,1,1
126773141,late40_r60_n30,dt_ge_2026-03-21_lt_2026-08-07,59,42,0.7119,9,0.1525,200.28,-17.71,-0.0884,59,42,0.7119,9,49,1,0.1552,200.28,-17.71,0.00,-17.71,-0.0884,0.0000,1,1
126777162,late40_r60_n30,dt_ge_2026-03-21_lt_2026-08-07,43,27,0.6279,19,0.4419,2432.00,-276.50,-0.1137,43,27,0.6279,19,22,2,0.4634,2432.00,-276.50,0.00,-276.50,-0.1137,0.0000,1,1
126810829,late40_r60_n30,dt_ge_2026-03-21_lt_2026-08-07,54,37,0.6852,20,0.3704,737.00,179.50,0.2436,54,37,0.6852,20,30,4,0.4000,737.00,179.50,0.00,179.50,0.2436,0.0000,1,1
126965821,late40_r60_n30,dt_ge_2026-03-21_lt_2026-08-07,33,21,0.6364,8,0.2424,51.89,-0.02,-0.0004,33,21,0.6364,8,24,1,0.2500,51.89,-0.02,0.00,-0.02,-0.0004,0.0000,1,1
126981625,late40_r60_n30,dt_ge_2026-03-21_lt_2026-08-07,80,48,0.6000,11,0.1375,3709.78,-705.19,-0.1901,80,48,0.6000,11,67,2,0.1410,3709.78,-705.19,0.00,-705.19,-0.1901,0.0000,1,1
127088020,late40_r60_n30,dt_ge_2026-03-21_lt_2026-08-07,7479,4793,0.6409,1194,0.1596,86139.80,-4603.37,-0.0534,7464,4788,0.6415,1192,6122,150,0.1630,86023.39,-4581.67,0.00,-4581.67,-0.0533,0.0000,1,1
127104298,late40_r60_n30,dt_ge_2026-03-21_lt_2026-08-07,30,19,0.6333,13,0.4333,216.17,48.24,0.2232,30,19,0.6333,13,14,3,0.4815,216.17,48.24,0.00,48.24,0.2232,0.0000,1,1
127110637,late40_r60_n30,dt_ge_2026-03-21_lt_2026-08-07,45,42,0.9333,6,0.1333,314.97,-81.96,-0.2602,45,42,0.9333,6,39,0,0.1333,314.97,-81.96,2.52,-79.44,-0.2602,0.0000,1,1
127184854,late40_r60_n30,dt_ge_2026-03-21_lt_2026-08-07,302,211,0.6987,119,0.3940,31274.11,-2757.23,-0.0882,302,211,0.6987,119,158,25,0.4296,31274.11,-2757.23,0.00,-2757.23,-0.0882,0.0000,1,1
127395006,late40_r60_n30,dt_ge_2026-03-21_lt_2026-08-07,53,33,0.6226,16,0.3019,11928.37,-1830.69,-0.1535,53,33,0.6226,16,34,3,0.3200,11928.37,-1830.69,0.00,-1830.69,-0.1535,0.0000,1,1
127479688,late40_r60_n30,dt_ge_2026-03-21_lt_2026-08-07,39,24,0.6154,6,0.1538,431.67,-97.05,-0.2248,39,24,0.6154,6,32,1,0.1579,431.67,-97.05,0.00,-97.05,-0.2248,0.0000,1,1
127510682,late40_r60_n30,dt_ge_2026-03-21_lt_2026-08-07,41,32,0.7805,13,0.3171,342.64,-110.40,-0.3222,41,32,0.7805,13,23,5,0.3611,342.64,-110.40,0.00,-110.40,-0.3222,0.0000,1,1
127647075,late40_r60_n30,dt_ge_2026-03-21_lt_2026-08-07,42,30,0.7143,17,0.4048,1467.33,-66.23,-0.0451,42,30,0.7143,17,20,5,0.4595,1467.33,-66.23,0.00,-66.23,-0.0451,0.0000,1,1
127729725,late40_r60_n30,dt_ge_2026-03-21_lt_2026-08-07,85,64,0.7529,20,0.2353,4259.69,-471.15,-0.1106,85,64,0.7529,20,62,3,0.2439,4259.69,-471.15,0.00,-471.15,-0.1106,0.0000,1,1
127810393,late40_r60_n30,dt_ge_2026-03-21_lt_2026-08-07,67,47,0.7015,22,0.3284,2631.70,-644.45,-0.2449,67,47,0.7015,22,40,5,0.3548,2631.70,-644.45,0.00,-644.45,-0.2449,0.0000,1,1
128047064,late40_r60_n30,dt_ge_2026-03-21_lt_2026-08-07,31,26,0.8387,3,0.0968,123.29,-81.75,-0.6630,31,26,0.8387,3,28,0,0.0968,123.29,-81.75,0.00,-81.75,-0.6630,0.0000,1,1
128147267,late40_r60_n30,dt_ge_2026-03-21_lt_2026-08-07,56,37,0.6607,15,0.2679,4537.55,-31.64,-0.0070,56,37,0.6607,15,37,4,0.2885,4537.55,-31.64,0.00,-31.64,-0.0070,0.0000,1,1
128171894,late40_r60_n30,dt_ge_2026-03-21_lt_2026-08-07,107,91,0.8505,15,0.1402,2133.75,-455.17,-0.2133,107,91,0.8505,15,88,4,0.1456,2133.75,-455.17,0.00,-455.17,-0.2133,0.0000,1,1
128232521,late40_r60_n30,dt_ge_2026-03-21_lt_2026-08-07,58,41,0.7069,8,0.1379,483.97,26.17,0.0541,58,41,0.7069,8,48,2,0.1429,483.97,26.17,0.00,26.17,0.0541,0.0000,1,1
128238433,late40_r60_n30,dt_ge_2026-03-21_lt_2026-08-07,90,54,0.6000,31,0.3444,4191.26,1.37,0.0003,90,54,0.6000,31,55,4,0.3605,4191.26,1.37,0.00,1.37,0.0003,0.0000,1,1
128292121,late40_r60_n30,dt_ge_2026-03-21_lt_2026-08-07,50,40,0.8000,4,0.0800,120.80,-63.88,-0.5288,50,40,0.8000,4,44,2,0.0833,120.80,-63.88,0.00,-63.88,-0.5288,0.0000,1,1
128377242,late40_r60_n30,dt_ge_2026-03-21_lt_2026-08-07,43,42,0.9767,10,0.2326,478.94,105.56,0.2204,43,42,0.9767,10,32,1,0.2381,478.94,105.56,0.00,105.56,0.2204,0.0000,1,1
128499502,late40_r60_n30,dt_ge_2026-03-21_lt_2026-08-07,52,40,0.7692,29,0.5577,280.25,43.56,0.1554,52,40,0.7692,29,20,3,0.5918,280.25,43.56,0.00,43.56,0.1554,0.0000,1,1
128518298,late40_r60_n30,dt_ge_2026-03-21_lt_2026-08-07,50,33,0.6600,23,0.4600,10923.63,-499.85,-0.0458,50,33,0.6600,23,25,2,0.4792,10923.63,-499.85,0.00,-499.85,-0.0458,0.0000,1,1
128532117,late40_r60_n30,dt_ge_2026-03-21_lt_2026-08-07,42,31,0.7381,9,0.2143,83.81,-16.70,-0.1992,42,31,0.7381,9,30,3,0.2308,83.81,-16.70,0.00,-16.70,-0.1992,0.0000,1,1
128548371,late40_r60_n30,dt_ge_2026-03-21_lt_2026-08-07,48,35,0.7292,7,0.1458,999.94,-211.35,-0.2114,48,35,0.7292,7,37,4,0.1591,999.94,-211.35,0.00,-211.35,-0.2114,0.0000,1,1
128594660,late40_r60_n30,dt_ge_2026-03-21_lt_2026-08-07,136,87,0.6397,47,0.3456,6021.12,138.70,0.0230,136,87,0.6397,47,79,10,0.3730,6021.12,138.70,0.00,138.70,0.0230,0.0000,1,1
128649698,late40_r60_n30,dt_ge_2026-03-21_lt_2026-08-07,30,19,0.6333,7,0.2333,92.11,-14.27,-0.1549,30,19,0.6333,7,22,1,0.2414,92.11,-14.27,0.00,-14.27,-0.1549,0.0000,1,1
128651003,late40_r60_n30,dt_ge_2026-03-21_lt_2026-08-07,60,56,0.9333,8,0.1333,452.22,-147.76,-0.3267,60,56,0.9333,8,51,1,0.1356,452.22,-147.76,0.00,-147.76,-0.3267,0.0000,1,1
128672793,late40_r60_n30,dt_ge_2026-03-21_lt_2026-08-07,146,127,0.8699,22,0.1507,690.61,-51.33,-0.0743,146,127,0.8699,22,119,5,0.1560,690.61,-51.33,0.00,-51.33,-0.0743,0.0000,1,1
128757243,late40_r60_n30,dt_ge_2026-03-21_lt_2026-08-07,63,48,0.7619,17,0.2698,1917.18,664.27,0.3465,63,48,0.7619,17,43,3,0.2833,1917.18,664.27,0.00,664.27,0.3465,0.0000,1,1
128786631,late40_r60_n30,dt_ge_2026-03-21_lt_2026-08-07,66,56,0.8485,20,0.3030,60097.21,-1633.50,-0.0272,66,56,0.8485,20,43,3,0.3175,60097.21,-1633.50,0.00,-1633.50,-0.0272,0.0000,1,1
128793448,late40_r60_n30,dt_ge_2026-03-21_lt_2026-08-07,47,42,0.8936,10,0.2128,115.53,13.86,0.1200,47,42,0.8936,10,35,2,0.2222,115.53,13.86,0.00,13.86,0.1200,0.0000,1,1
128838357,late40_r60_n30,dt_ge_2026-03-21_lt_2026-08-07,91,60,0.6593,21,0.2308,324.06,28.27,0.0872,91,60,0.6593,21,66,4,0.2414,324.06,28.27,0.00,28.27,0.0872,0.0000,1,1
128855168,late40_r60_n30,dt_ge_2026-03-21_lt_2026-08-07,31,23,0.7419,6,0.1935,441.48,54.22,0.1228,31,23,0.7419,6,24,1,0.2000,441.48,54.22,0.00,54.22,0.1228,0.0000,1,1
128915576,late40_r60_n30,dt_ge_2026-03-21_lt_2026-08-07,16861,10226,0.6065,2836,0.1682,75262.50,-2755.49,-0.0366,16861,10226,0.6065,2836,13632,393,0.1722,75262.50,-2755.49,0.00,-2755.49,-0.0366,0.0000,1,1
128969338,late40_r60_n30,dt_ge_2026-03-21_lt_2026-08-07,40,27,0.6750,25,0.6250,262.79,80.82,0.3076,40,27,0.6750,25,15,0,0.6250,262.79,80.82,0.00,80.82,0.3076,0.0000,1,1
128991735,late40_r60_n30,dt_ge_2026-03-21_lt_2026-08-07,87,53,0.6092,26,0.2989,58194.05,-1526.46,-0.0262,87,53,0.6092,26,57,4,0.3133,58194.05,-1526.46,0.00,-1526.46,-0.0262,0.0000,1,1
129048735,late40_r60_n30,dt_ge_2026-03-21_lt_2026-08-07,37,23,0.6216,4,0.1081,332.11,-98.59,-0.2969,37,23,0.6216,4,31,2,0.1143,332.11,-98.59,0.00,-98.59,-0.2969,0.0000,1,1
129059621,late40_r60_n30,dt_ge_2026-03-21_lt_2026-08-07,42,30,0.7143,21,0.5000,552.31,85.86,0.1555,42,30,0.7143,21,19,2,0.5250,552.31,85.86,0.00,85.86,0.1555,0.0000,1,1
129314309,late40_r60_n30,dt_ge_2026-03-21_lt_2026-08-07,38,23,0.6053,18,0.4737,10873.76,-1047.00,-0.0963,38,23,0.6053,18,19,1,0.4865,10873.76,-1047.00,0.00,-1047.00,-0.0963,0.0000,1,1
129327738,late40_r60_n30,dt_ge_2026-03-21_lt_2026-08-07,74,67,0.9054,10,0.1351,189.74,-92.45,-0.4872,74,67,0.9054,10,62,2,0.1389,189.74,-92.45,0.00,-92.45,-0.4872,0.0000,1,1
129380478,late40_r60_n30,dt_ge_2026-03-21_lt_2026-08-07,53,35,0.6604,13,0.2453,1077.40,-405.78,-0.3766,53,35,0.6604,13,38,2,0.2549,1077.40,-405.78,0.00,-405.78,-0.3766,0.0000,1,1
129409474,late40_r60_n30,dt_ge_2026-03-21_lt_2026-08-07,45,27,0.6000,11,0.2444,84.29,-7.79,-0.0924,45,27,0.6000,11,30,4,0.2683,84.29,-7.79,0.00,-7.79,-0.0924,0.0000,1,1
129478071,late40_r60_n30,dt_ge_2026-03-21_lt_2026-08-07,30,19,0.6333,9,0.3000,1602.00,-405.55,-0.2532,30,19,0.6333,9,16,5,0.3600,1602.00,-405.55,0.00,-405.55,-0.2532,0.0000,1,1
129490813,late40_r60_n30,dt_ge_2026-03-21_lt_2026-08-07,35,24,0.6857,8,0.2286,500.75,-12.45,-0.0249,35,24,0.6857,8,27,0,0.2286,500.75,-12.45,0.00,-12.45,-0.0249,0.0000,1,1
129609806,late40_r60_n30,dt_ge_2026-03-21_lt_2026-08-07,95,76,0.8000,37,0.3895,2636.00,254.29,0.0965,95,76,0.8000,37,50,8,0.4253,2636.00,254.29,0.00,254.29,0.0965,0.0000,1,1
129626101,late40_r60_n30,dt_ge_2026-03-21_lt_2026-08-07,36,24,0.6667,16,0.4444,1929.12,-132.41,-0.0686,36,24,0.6667,16,18,2,0.4706,1929.12,-132.41,0.00,-132.41,-0.0686,0.0000,1,1
129668149,late40_r60_n30,dt_ge_2026-03-21_lt_2026-08-07,45,39,0.8667,10,0.2222,771.56,-148.10,-0.1920,45,39,0.8667,10,34,1,0.2273,771.56,-148.10,0.00,-148.10,-0.1920,0.0000,1,1
129695242,late40_r60_n30,dt_ge_2026-03-21_lt_2026-08-07,66,40,0.6061,25,0.3788,1294.25,-108.54,-0.0839,66,40,0.6061,25,32,9,0.4386,1294.25,-108.54,0.00,-108.54,-0.0839,0.0000,1,1
129779170,late40_r60_n30,dt_ge_2026-03-21_lt_2026-08-07,105,65,0.6190,35,0.3333,5168.83,-408.25,-0.0790,105,65,0.6190,35,63,7,0.3571,5168.83,-408.25,0.00,-408.25,-0.0790,0.0000,1,1
129815010,late40_r60_n30,dt_ge_2026-03-21_lt_2026-08-07,30,21,0.7000,14,0.4667,316.73,131.27,0.4145,30,21,0.7000,14,16,0,0.4667,316.73,131.27,0.00,131.27,0.4145,0.0000,1,1
129827164,late40_r60_n30,dt_ge_2026-03-21_lt_2026-08-07,36,25,0.6944,18,0.5000,685.06,-40.08,-0.0585,36,25,0.6944,18,16,2,0.5294,685.06,-40.08,0.00,-40.08,-0.0585,0.0000,1,1
129836066,late40_r60_n30,dt_ge_2026-03-21_lt_2026-08-07,53,46,0.8679,13,0.2453,2400.28,-130.73,-0.0545,53,46,0.8679,13,39,1,0.2500,2400.28,-130.73,0.00,-130.73,-0.0545,0.0000,1,1
129866454,late40_r60_n30,dt_ge_2026-03-21_lt_2026-08-07,41,36,0.8780,12,0.2927,649.14,149.94,0.2310,41,36,0.8780,12,27,2,0.3077,649.14,149.94,0.00,149.94,0.2310,0.0000,1,1
129923976,late40_r60_n30,dt_ge_2026-03-21_lt_2026-08-07,34,22,0.6471,9,0.2647,431.26,-211.19,-0.4897,34,22,0.6471,9,20,5,0.3103,431.26,-211.19,0.00,-211.19,-0.4897,0.0000,1,1
129951535,late40_r60_n30,dt_ge_2026-03-21_lt_2026-08-07,35,35,1.0000,6,0.1714,268.46,-19.58,-0.0729,35,35,1.0000,6,27,2,0.1818,268.46,-19.58,2.15,-17.43,-0.0729,0.0000,1,1
129954236,late40_r60_n30,dt_ge_2026-03-21_lt_2026-08-07,44,32,0.7273,12,0.2727,245.27,174.75,0.7125,44,32,0.7273,12,29,3,0.2927,245.27,174.75,0.00,174.75,0.7125,0.0000,1,1
129964850,late40_r60_n30,dt_ge_2026-03-21_lt_2026-08-07,53,33,0.6226,18,0.3396,2232.41,-210.82,-0.0944,53,33,0.6226,18,30,5,0.3750,2232.41,-210.82,0.00,-210.82,-0.0944,0.0000,1,1
129995256,late40_r60_n30,dt_ge_2026-03-21_lt_2026-08-07,166,100,0.6024,48,0.2892,235.74,16.96,0.0719,166,100,0.6024,48,107,11,0.3097,235.74,16.96,0.00,16.96,0.0719,0.0000,1,1
130021167,late40_r60_n30,dt_ge_2026-03-21_lt_2026-08-07,146,90,0.6164,35,0.2397,5578.47,-897.83,-0.1609,146,90,0.6164,35,101,10,0.2574,5578.47,-897.83,0.00,-897.83,-0.1609,0.0000,1,1
130249645,late40_r60_n30,dt_ge_2026-03-21_lt_2026-08-07,350,236,0.6743,59,0.1686,4518.37,-802.05,-0.1775,350,236,0.6743,59,281,10,0.1735,4518.37,-802.05,0.00,-802.05,-0.1775,0.0000,1,1
130378206,late40_r60_n30,dt_ge_2026-03-21_lt_2026-08-07,35,21,0.6000,9,0.2571,445.68,-143.72,-0.3225,35,21,0.6000,9,24,2,0.2727,445.68,-143.72,0.00,-143.72,-0.3225,0.0000,1,1
130431079,late40_r60_n30,dt_ge_2026-03-21_lt_2026-08-07,37,27,0.7297,18,0.4865,1462.78,394.14,0.2694,37,27,0.7297,18,14,5,0.5625,1462.78,394.14,0.00,394.14,0.2694,0.0000,1,1
130469964,late40_r60_n30,dt_ge_2026-03-21_lt_2026-08-07,120,78,0.6500,43,0.3583,2222.12,165.60,0.0745,120,78,0.6500,43,72,5,0.3739,2222.12,165.60,0.00,165.60,0.0745,0.0000,1,1
130520039,late40_r60_n30,dt_ge_2026-03-21_lt_2026-08-07,43,39,0.9070,3,0.0698,153.98,-62.60,-0.4065,43,39,0.9070,3,39,1,0.0714,153.98,-62.60,0.00,-62.60,-0.4065,0.0000,1,1
130548773,late40_r60_n30,dt_ge_2026-03-21_lt_2026-08-07,50,50,1.0000,11,0.2200,387.27,177.37,0.4580,50,50,1.0000,11,36,3,0.2340,387.27,177.37,0.00,177.37,0.4580,0.0000,1,1
130566399,late40_r60_n30,dt_ge_2026-03-21_lt_2026-08-07,37,24,0.6486,19,0.5135,359.36,-51.41,-0.1431,21,12,0.5714,11,9,1,0.5500,230.41,0.61,0.00,0.61,0.0026,0.0000,1,0
130571100,late40_r60_n30,dt_ge_2026-03-21_lt_2026-08-07,51,40,0.7843,15,0.2941,724.00,-180.05,-0.2487,51,40,0.7843,15,35,1,0.3000,724.00,-180.05,0.00,-180.05,-0.2487,0.0000,1,1
130582018,late40_r60_n30,dt_ge_2026-03-21_lt_2026-08-07,36,22,0.6111,9,0.2500,165.57,20.05,0.1211,36,22,0.6111,9,27,0,0.2500,165.57,20.05,0.00,20.05,0.1211,0.0000,1,1
130719587,late40_r60_n30,dt_ge_2026-03-21_lt_2026-08-07,32,20,0.6250,19,0.5938,12369.81,5733.50,0.4635,32,20,0.6250,19,8,5,0.7037,12369.81,5733.50,0.00,5733.50,0.4635,0.0000,1,1
130724415,late40_r60_n30,dt_ge_2026-03-21_lt_2026-08-07,54,36,0.6667,15,0.2778,3905.04,-189.34,-0.0485,54,36,0.6667,15,37,2,0.2885,3905.04,-189.34,0.00,-189.34,-0.0485,0.0000,1,1
130740580,late40_r60_n30,dt_ge_2026-03-21_lt_2026-08-07,37,25,0.6757,7,0.1892,130.36,-0.92,-0.0070,37,25,0.6757,7,28,2,0.2000,130.36,-0.92,0.00,-0.92,-0.0070,0.0000,1,1
130933261,late40_r60_n30,dt_ge_2026-03-21_lt_2026-08-07,31,21,0.6774,14,0.4516,830.92,32.52,0.0391,31,21,0.6774,14,13,4,0.5185,830.92,32.52,0.00,32.52,0.0391,0.0000,1,1
131078381,late40_r60_n30,dt_ge_2026-03-21_lt_2026-08-07,86,57,0.6628,30,0.3488,309.59,-30.11,-0.0973,86,57,0.6628,30,51,5,0.3704,309.59,-30.11,0.00,-30.11,-0.0973,0.0000,1,1
131092480,late40_r60_n30,dt_ge_2026-03-21_lt_2026-08-07,40,25,0.6250,11,0.2750,287.48,-115.32,-0.4012,40,25,0.6250,11,25,4,0.3056,287.48,-115.32,0.00,-115.32,-0.4012,0.0000,1,1
131133268,late40_r60_n30,dt_ge_2026-03-21_lt_2026-08-07,90,67,0.7444,17,0.1889,784.04,-64.70,-0.0825,90,67,0.7444,17,71,2,0.1932,784.04,-64.70,0.00,-64.70,-0.0825,0.0000,1,1
131142003,late40_r60_n30,dt_ge_2026-03-21_lt_2026-08-07,55,45,0.8182,4,0.0727,145.30,-10.38,-0.0714,55,45,0.8182,4,51,0,0.0727,145.30,-10.38,0.00,-10.38,-0.0714,0.0000,1,1
131169829,late40_r60_n30,dt_ge_2026-03-21_lt_2026-08-07,2277,1469,0.6451,409,0.1796,20246.63,-1678.28,-0.0829,2277,1469,0.6451,409,1822,46,0.1833,20246.63,-1678.28,0.00,-1678.28,-0.0829,0.0000,1,1
131175331,late40_r60_n30,dt_ge_2026-03-21_lt_2026-08-07,37,23,0.6216,15,0.4054,2138.47,-355.63,-0.1663,22,13,0.5909,8,14,0,0.3636,1141.90,-225.30,0.00,-225.30,-0.1973,0.0000,1,0
131179467,late40_r60_n30,dt_ge_2026-03-21_lt_2026-08-07,67,57,0.8507,10,0.1493,284.47,-64.87,-0.2280,67,57,0.8507,10,56,1,0.1515,284.47,-64.87,0.00,-64.87,-0.2280,0.0000,1,1
131201428,late40_r60_n30,dt_ge_2026-03-21_lt_2026-08-07,52,32,0.6154,8,0.1538,1237.05,-105.16,-0.0850,52,32,0.6154,8,44,0,0.1538,1237.05,-105.16,9.90,-95.26,-0.0850,0.0000,1,1
131225324,late40_r60_n30,dt_ge_2026-03-21_lt_2026-08-07,56,40,0.7143,13,0.2321,1217.86,312.92,0.2569,56,40,0.7143,13,41,2,0.2407,1217.86,312.92,0.00,312.92,0.2569,0.0000,1,1
131255153,late40_r60_n30,dt_ge_2026-03-21_lt_2026-08-07,62,42,0.6774,22,0.3548,1406.37,417.27,0.2967,62,42,0.6774,22,38,2,0.3667,1406.37,417.27,0.00,417.27,0.2967,0.0000,1,1
131344832,late40_r60_n30,dt_ge_2026-03-21_lt_2026-08-07,81,57,0.7037,5,0.0617,209.12,-46.60,-0.2228,81,57,0.7037,5,75,1,0.0625,209.12,-46.60,0.00,-46.60,-0.2228,0.0000,1,1
131375469,late40_r60_n30,dt_ge_2026-03-21_lt_2026-08-07,901,570,0.6326,395,0.4384,132926.52,-7575.98,-0.0570,898,570,0.6347,395,406,97,0.4931,132926.52,-7437.83,0.00,-7437.83,-0.0560,0.0000,1,1
131413271,late40_r60_n30,dt_ge_2026-03-21_lt_2026-08-07,52,33,0.6346,8,0.1538,732.13,-98.19,-0.1341,52,33,0.6346,8,42,2,0.1600,732.13,-98.19,0.00,-98.19,-0.1341,0.0000,1,1
131419447,late40_r60_n30,dt_ge_2026-03-21_lt_2026-08-07,5272,3438,0.6521,1319,0.2502,25269.70,-1738.33,-0.0688,5272,3438,0.6521,1319,3737,216,0.2609,25269.70,-1738.33,202.16,-1536.17,-0.0688,0.0000,1,1
131501216,late40_r60_n30,dt_ge_2026-03-21_lt_2026-08-07,69,51,0.7391,25,0.3623,707.64,-127.08,-0.1796,65,47,0.7231,25,34,6,0.4237,676.13,-95.57,0.00,-95.57,-0.1413,0.0000,1,1
131513755,late40_r60_n30,dt_ge_2026-03-21_lt_2026-08-07,65,52,0.8000,10,0.1538,9774.61,152.32,0.0156,65,52,0.8000,10,54,1,0.1563,9774.61,152.32,0.00,152.32,0.0156,0.0000,1,1
131520029,late40_r60_n30,dt_ge_2026-03-21_lt_2026-08-07,68,45,0.6618,19,0.2794,1384.90,231.38,0.1671,68,45,0.6618,19,48,1,0.2836,1384.90,231.38,0.00,231.38,0.1671,0.0000,1,1
131667988,late40_r60_n30,dt_ge_2026-03-21_lt_2026-08-07,96,84,0.8750,12,0.1250,1751.17,-596.81,-0.3408,96,84,0.8750,12,80,4,0.1304,1751.17,-596.81,0.00,-596.81,-0.3408,0.0000,1,1
131703667,late40_r60_n30,dt_ge_2026-03-21_lt_2026-08-07,391,241,0.6164,68,0.1739,22484.25,1609.91,0.0716,391,241,0.6164,68,317,6,0.1766,22484.25,1609.91,0.00,1609.91,0.0716,0.0000,1,1
131767174,late40_r60_n30,dt_ge_2026-03-21_lt_2026-08-07,54,34,0.6296,26,0.4815,2023.15,181.39,0.0897,54,34,0.6296,26,24,4,0.5200,2023.15,181.39,0.00,181.39,0.0897,0.0000,1,1
131813405,late40_r60_n30,dt_ge_2026-03-21_lt_2026-08-07,67,41,0.6119,15,0.2239,616.95,-60.40,-0.0979,67,41,0.6119,15,47,5,0.2419,616.95,-60.40,0.00,-60.40,-0.0979,0.0000,1,1
131826464,late40_r60_n30,dt_ge_2026-03-21_lt_2026-08-07,57,37,0.6491,23,0.4035,31174.87,-2116.47,-0.0679,57,37,0.6491,23,26,8,0.4694,31174.87,-2116.47,0.00,-2116.47,-0.0679,0.0000,1,1
132031071,late40_r60_n30,dt_ge_2026-03-21_lt_2026-08-07,43,32,0.7442,8,0.1860,3252.28,-710.12,-0.2183,43,32,0.7442,8,32,3,0.2000,3252.28,-710.12,0.00,-710.12,-0.2183,0.0000,1,1
132084933,late40_r60_n30,dt_ge_2026-03-21_lt_2026-08-07,35,21,0.6000,9,0.2571,607.19,-162.32,-0.2673,35,21,0.6000,9,21,5,0.3000,607.19,-162.32,0.00,-162.32,-0.2673,0.0000,1,1
132102442,late40_r60_n30,dt_ge_2026-03-21_lt_2026-08-07,2029,1218,0.6003,897,0.4421,24959.38,-1858.54,-0.0745,2010,1204,0.5990,889,938,183,0.4866,24543.03,-1795.63,0.00,-1795.63,-0.0732,0.0000,1,0
132152211,late40_r60_n30,dt_ge_2026-03-21_lt_2026-08-07,43,30,0.6977,20,0.4651,380.11,9.36,0.0246,43,30,0.6977,20,19,4,0.5128,380.11,9.36,0.00,9.36,0.0246,0.0000,1,1
132176190,late40_r60_n30,dt_ge_2026-03-21_lt_2026-08-07,79,50,0.6329,39,0.4937,1363.23,39.61,0.0291,79,50,0.6329,39,37,3,0.5132,1363.23,39.61,0.00,39.61,0.0291,0.0000,1,1
132280272,late40_r60_n30,dt_ge_2026-03-21_lt_2026-08-07,30,18,0.6000,10,0.3333,137.59,-20.43,-0.1485,30,18,0.6000,10,18,2,0.3571,137.59,-20.43,0.00,-20.43,-0.1485,0.0000,1,1
132358009,late40_r60_n30,dt_ge_2026-03-21_lt_2026-08-07,101,67,0.6634,46,0.4554,4598.31,-112.06,-0.0244,101,67,0.6634,46,48,7,0.4894,4598.31,-112.06,0.00,-112.06,-0.0244,0.0000,1,1
132422433,late40_r60_n30,dt_ge_2026-03-21_lt_2026-08-07,31,21,0.6774,13,0.4194,20550.00,2850.00,0.1387,31,21,0.6774,13,18,0,0.4194,20550.00,2850.00,0.00,2850.00,0.1387,0.0000,1,1
132482181,late40_r60_n30,dt_ge_2026-03-21_lt_2026-08-07,30,20,0.6667,15,0.5000,209.35,-17.29,-0.0826,30,20,0.6667,15,13,2,0.5357,209.35,-17.29,0.00,-17.29,-0.0826,0.0000,1,1
132496784,late40_r60_n30,dt_ge_2026-03-21_lt_2026-08-07,30,22,0.7333,9,0.3000,1056.96,206.97,0.1958,30,22,0.7333,9,20,1,0.3103,1056.96,206.97,0.00,206.97,0.1958,0.0000,1,1
132638762,late40_r60_n30,dt_ge_2026-03-21_lt_2026-08-07,150,112,0.7467,41,0.2733,13974.56,-2919.93,-0.2089,150,112,0.7467,41,89,20,0.3154,13974.56,-2919.93,0.00,-2919.93,-0.2089,0.0000,1,1
132789134,late40_r60_n30,dt_ge_2026-03-21_lt_2026-08-07,155,97,0.6258,21,0.1355,15296.70,-5198.99,-0.3399,155,97,0.6258,21,132,2,0.1373,15296.70,-5198.99,0.00,-5198.99,-0.3399,0.0000,1,1
132899003,late40_r60_n30,dt_ge_2026-03-21_lt_2026-08-07,710,451,0.6352,347,0.4887,14145.79,759.25,0.0537,710,451,0.6352,347,308,55,0.5298,14145.79,759.25,0.00,759.25,0.0537,0.0000,1,1
132912892,late40_r60_n30,dt_ge_2026-03-21_lt_2026-08-07,55,42,0.7636,15,0.2727,780.47,-25.56,-0.0327,55,42,0.7636,15,36,4,0.2941,780.47,-25.56,0.00,-25.56,-0.0327,0.0000,1,1
132956733,late40_r60_n30,dt_ge_2026-03-21_lt_2026-08-07,43,27,0.6279,13,0.3023,100.53,5.33,0.0530,43,27,0.6279,13,30,0,0.3023,100.53,5.33,0.00,5.33,0.0530,0.0000,1,1
133042350,late40_r60_n30,dt_ge_2026-03-21_lt_2026-08-07,203,140,0.6897,85,0.4187,2574.72,-264.44,-0.1027,203,140,0.6897,85,105,13,0.4474,2574.72,-264.44,0.00,-264.44,-0.1027,0.0000,1,1
133157153,late40_r60_n30,dt_ge_2026-03-21_lt_2026-08-07,31,19,0.6129,5,0.1613,2503.94,-917.97,-0.3666,31,19,0.6129,5,24,2,0.1724,2503.94,-917.97,0.00,-917.97,-0.3666,0.0000,1,1
133188302,late40_r60_n30,dt_ge_2026-03-21_lt_2026-08-07,207,129,0.6232,49,0.2367,47125.85,-450.12,-0.0096,207,129,0.6232,49,152,6,0.2438,47125.85,-450.12,424.13,-25.98,-0.0096,0.0000,1,1
133373789,late40_r60_n30,dt_ge_2026-03-21_lt_2026-08-07,80,49,0.6125,11,0.1375,175.52,-1.45,-0.0083,80,49,0.6125,11,67,2,0.1410,175.52,-1.45,0.00,-1.45,-0.0083,0.0000,1,1
133386950,late40_r60_n30,dt_ge_2026-03-21_lt_2026-08-07,42,42,1.0000,4,0.0952,195.36,-94.53,-0.4839,42,42,1.0000,4,37,1,0.0976,195.36,-94.53,0.00,-94.53,-0.4839,0.0000,1,1
133405855,late40_r60_n30,dt_ge_2026-03-21_lt_2026-08-07,31,19,0.6129,4,0.1290,119.83,-108.08,-0.9019,31,19,0.6129,4,24,3,0.1429,119.83,-108.08,0.00,-108.08,-0.9019,0.0000,1,1
133410250,late40_r60_n30,dt_ge_2026-03-21_lt_2026-08-07,40,32,0.8000,4,0.1000,116.79,-38.02,-0.3255,22,18,0.8182,2,18,2,0.1000,60.08,-20.69,0.00,-20.69,-0.3444,0.0000,1,0
133528210,late40_r60_n30,dt_ge_2026-03-21_lt_2026-08-07,91,63,0.6923,30,0.3297,1477.06,317.73,0.2151,91,63,0.6923,30,56,5,0.3488,1477.06,317.73,0.00,317.73,0.2151,0.0000,1,1
133532128,late40_r60_n30,dt_ge_2026-03-21_lt_2026-08-07,85,61,0.7176,32,0.3765,3381.77,513.96,0.1520,85,61,0.7176,32,45,8,0.4156,3381.77,513.96,0.00,513.96,0.1520,0.0000,1,1
133549649,late40_r60_n30,dt_ge_2026-03-21_lt_2026-08-07,46,28,0.6087,21,0.4565,3019.00,-944.95,-0.3130,46,28,0.6087,21,22,3,0.4884,3019.00,-944.95,0.00,-944.95,-0.3130,0.0000,1,1
133564817,late40_r60_n30,dt_ge_2026-03-21_lt_2026-08-07,193,118,0.6114,37,0.1917,349.24,-25.92,-0.0742,193,118,0.6114,37,150,6,0.1979,349.24,-25.92,0.00,-25.92,-0.0742,0.0000,1,1
133684169,late40_r60_n30,dt_ge_2026-03-21_lt_2026-08-07,70,49,0.7000,12,0.1714,1802.27,-293.83,-0.1630,70,49,0.7000,12,58,0,0.1714,1802.27,-293.83,0.00,-293.83,-0.1630,0.0000,1,1
133737301,late40_r60_n30,dt_ge_2026-03-21_lt_2026-08-07,72,47,0.6528,32,0.4444,458.20,-16.58,-0.0362,72,47,0.6528,32,35,5,0.4776,458.20,-16.58,0.00,-16.58,-0.0362,0.0000,1,1
133770454,late40_r60_n30,dt_ge_2026-03-21_lt_2026-08-07,37,24,0.6486,15,0.4054,976.36,389.37,0.3988,37,24,0.6486,15,20,2,0.4286,976.36,389.37,0.00,389.37,0.3988,0.0000,1,1
133934170,late40_r60_n30,dt_ge_2026-03-21_lt_2026-08-07,40,24,0.6000,11,0.2750,539.00,-250.94,-0.4656,40,24,0.6000,11,28,1,0.2821,539.00,-250.94,0.00,-250.94,-0.4656,0.0000,1,1
134009204,late40_r60_n30,dt_ge_2026-03-21_lt_2026-08-07,40,29,0.7250,11,0.2750,3702.45,1046.20,0.2826,40,29,0.7250,11,25,4,0.3056,3702.45,1046.20,0.00,1046.20,0.2826,0.0000,1,1
134022160,late40_r60_n30,dt_ge_2026-03-21_lt_2026-08-07,1148,733,0.6385,536,0.4669,8295.39,311.92,0.0376,1140,729,0.6395,531,503,106,0.5135,8238.31,287.53,0.00,287.53,0.0349,0.0000,1,1
134093939,late40_r60_n30,dt_ge_2026-03-21_lt_2026-08-07,39,31,0.7949,5,0.1282,586.53,-269.35,-0.4592,39,31,0.7949,5,32,2,0.1351,586.53,-269.35,0.00,-269.35,-0.4592,0.0000,1,1
134113936,late40_r60_n30,dt_ge_2026-03-21_lt_2026-08-07,59,42,0.7119,10,0.1695,11355.67,-1427.13,-0.1257,59,42,0.7119,10,47,2,0.1754,11355.67,-1427.13,0.00,-1427.13,-0.1257,0.0000,1,1
134117979,late40_r60_n30,dt_ge_2026-03-21_lt_2026-08-07,62,50,0.8065,15,0.2419,128.78,-11.11,-0.0863,62,50,0.8065,15,47,0,0.2419,128.78,-11.11,0.00,-11.11,-0.0863,0.0000,1,1
134130472,late40_r60_n30,dt_ge_2026-03-21_lt_2026-08-07,81,49,0.6049,36,0.4444,707.97,20.57,0.0291,81,49,0.6049,36,33,12,0.5217,707.97,20.57,0.00,20.57,0.0291,0.0000,1,1
134138813,late40_r60_n30,dt_ge_2026-03-21_lt_2026-08-07,102,67,0.6569,49,0.4804,3401.92,63.79,0.0188,102,67,0.6569,49,48,5,0.5052,3401.92,63.79,0.00,63.79,0.0188,0.0000,1,1
134151840,late40_r60_n30,dt_ge_2026-03-21_lt_2026-08-07,44,29,0.6591,21,0.4773,2620.00,491.70,0.1877,44,29,0.6591,21,21,2,0.5000,2620.00,491.70,0.00,491.70,0.1877,0.0000,1,1
134168395,late40_r60_n30,dt_ge_2026-03-21_lt_2026-08-07,30,19,0.6333,10,0.3333,1221.63,-201.52,-0.1650,30,19,0.6333,10,19,1,0.3448,1221.63,-201.52,0.00,-201.52,-0.1650,0.0000,1,1
134183233,late40_r60_n30,dt_ge_2026-03-21_lt_2026-08-07,81,60,0.7407,22,0.2716,421.79,-24.98,-0.0592,70,49,0.7000,21,42,7,0.3333,367.18,17.03,0.00,17.03,0.0464,0.0000,1,1
134187436,late40_r60_n30,dt_ge_2026-03-21_lt_2026-08-07,320,241,0.7531,34,0.1063,8853.17,152.08,0.0172,320,241,0.7531,34,280,6,0.1083,8853.17,152.08,0.00,152.08,0.0172,0.0000,1,1
134195956,late40_r60_n30,dt_ge_2026-03-21_lt_2026-08-07,161,112,0.6957,33,0.2050,2233.24,-132.06,-0.0591,161,112,0.6957,33,117,11,0.2200,2233.24,-132.06,0.00,-132.06,-0.0591,0.0000,1,1
134200037,late40_r60_n30,dt_ge_2026-03-21_lt_2026-08-07,35,22,0.6286,2,0.0571,735.30,-521.25,-0.7089,35,22,0.6286,2,32,1,0.0588,735.30,-521.25,0.00,-521.25,-0.7089,0.0000,1,1
134271816,late40_r60_n30,dt_ge_2026-03-21_lt_2026-08-07,46,33,0.7174,11,0.2391,84.02,-32.56,-0.3875,46,33,0.7174,11,33,2,0.2500,84.02,-32.56,0.00,-32.56,-0.3875,0.0000,1,1
134295045,late40_r60_n30,dt_ge_2026-03-21_lt_2026-08-07,31,19,0.6129,15,0.4839,1216.40,6.15,0.0051,31,19,0.6129,15,12,4,0.5556,1216.40,6.15,0.00,6.15,0.0051,0.0000,1,1
134321723,late40_r60_n30,dt_ge_2026-03-21_lt_2026-08-07,74,45,0.6081,11,0.1486,2322.70,-301.28,-0.1297,74,45,0.6081,11,61,2,0.1528,2322.70,-301.28,0.00,-301.28,-0.1297,0.0000,1,1
134397822,late40_r60_n30,dt_ge_2026-03-21_lt_2026-08-07,122,79,0.6475,46,0.3770,108624.33,-7662.67,-0.0705,122,79,0.6475,46,71,5,0.3932,108624.33,-7662.67,0.00,-7662.67,-0.0705,0.0000,1,1
134408524,late40_r60_n30,dt_ge_2026-03-21_lt_2026-08-07,41,31,0.7561,8,0.1951,1950.00,2497.50,1.2808,41,31,0.7561,8,33,0,0.1951,1950.00,2497.50,0.00,2497.50,1.2808,0.0000,1,1
134471015,late40_r60_n30,dt_ge_2026-03-21_lt_2026-08-07,30,26,0.8667,6,0.2000,3238.03,157.23,0.0486,30,26,0.8667,6,23,1,0.2069,3238.03,157.23,0.00,157.23,0.0486,0.0000,1,1
134498557,late40_r60_n30,dt_ge_2026-03-21_lt_2026-08-07,98,60,0.6122,15,0.1531,774.24,-296.37,-0.3828,98,60,0.6122,15,81,2,0.1563,774.24,-296.37,0.00,-296.37,-0.3828,0.0000,1,1
134644336,late40_r60_n30,dt_ge_2026-03-21_lt_2026-08-07,106,82,0.7736,25,0.2358,1516.26,-187.79,-0.1238,106,82,0.7736,25,76,5,0.2475,1516.26,-187.79,0.00,-187.79,-0.1238,0.0000,1,1
134772292,late40_r60_n30,dt_ge_2026-03-21_lt_2026-08-07,216,138,0.6389,31,0.1435,1599.68,-281.64,-0.1761,216,138,0.6389,31,184,1,0.1442,1599.68,-281.64,0.00,-281.64,-0.1761,0.0000,1,1
134797633,late40_r60_n30,dt_ge_2026-03-21_lt_2026-08-07,36,22,0.6111,12,0.3333,99.29,-35.70,-0.3595,36,22,0.6111,12,21,3,0.3636,99.29,-35.70,0.00,-35.70,-0.3595,0.0000,1,1
134899952,late40_r60_n30,dt_ge_2026-03-21_lt_2026-08-07,64,44,0.6875,33,0.5156,613.17,60.63,0.0989,64,44,0.6875,33,28,3,0.5410,613.17,60.63,0.00,60.63,0.0989,0.0000,1,1
134914792,late40_r60_n30,dt_ge_2026-03-21_lt_2026-08-07,31,19,0.6129,19,0.6129,274.07,22.87,0.0835,31,19,0.6129,19,10,2,0.6552,274.07,22.87,0.00,22.87,0.0835,0.0000,1,1
134934619,late40_r60_n30,dt_ge_2026-03-21_lt_2026-08-07,171,107,0.6257,73,0.4269,3405.23,-52.56,-0.0154,171,107,0.6257,73,83,15,0.4679,3405.23,-52.56,0.00,-52.56,-0.0154,0.0000,1,1
134972281,late40_r60_n30,dt_ge_2026-03-21_lt_2026-08-07,151,95,0.6291,25,0.1656,373.91,-53.85,-0.1440,151,95,0.6291,25,120,6,0.1724,373.91,-53.85,0.00,-53.85,-0.1440,0.0000,1,1
135018014,late40_r60_n30,dt_ge_2026-03-21_lt_2026-08-07,39,28,0.7179,13,0.3333,103.30,1.90,0.0184,39,28,0.7179,13,24,2,0.3514,103.30,1.90,0.00,1.90,0.0184,0.0000,1,1
135044234,late40_r60_n30,dt_ge_2026-03-21_lt_2026-08-07,40,25,0.6250,12,0.3000,522.22,-36.81,-0.0705,40,25,0.6250,12,25,3,0.3243,522.22,-36.81,0.00,-36.81,-0.0705,0.0000,1,1
135054193,late40_r60_n30,dt_ge_2026-03-21_lt_2026-08-07,31,23,0.7419,20,0.6452,315.07,150.63,0.4781,31,23,0.7419,20,11,0,0.6452,315.07,150.63,0.00,150.63,0.4781,0.0000,1,1
135055875,late40_r60_n30,dt_ge_2026-03-21_lt_2026-08-07,31,23,0.7419,13,0.4194,320.16,-103.85,-0.3244,31,23,0.7419,13,17,1,0.4333,320.16,-103.85,0.00,-103.85,-0.3244,0.0000,1,1
135085146,late40_r60_n30,dt_ge_2026-03-21_lt_2026-08-07,211,142,0.6730,104,0.4929,145170.00,18976.00,0.1307,211,142,0.6730,104,89,18,0.5389,145170.00,18976.00,0.00,18976.00,0.1307,0.0000,1,1
135090367,late40_r60_n30,dt_ge_2026-03-21_lt_2026-08-07,58,40,0.6897,8,0.1379,658.07,-86.94,-0.1321,58,40,0.6897,8,49,1,0.1404,658.07,-86.94,0.00,-86.94,-0.1321,0.0000,1,1
135229630,late40_r60_n30,dt_ge_2026-03-21_lt_2026-08-07,6090,3823,0.6278,2792,0.4585,3517816.91,-53086.60,-0.0151,6090,3823,0.6278,2792,2743,555,0.5044,3517816.91,-53086.60,0.00,-53086.60,-0.0151,0.0000,1,1
135277639,late40_r60_n30,dt_ge_2026-03-21_lt_2026-08-07,1646,1099,0.6677,498,0.3026,27394.74,-1463.42,-0.0534,1261,867,0.6875,370,813,78,0.3128,22083.65,-2052.52,0.00,-2052.52,-0.0929,0.0000,1,1
135329498,late40_r60_n30,dt_ge_2026-03-21_lt_2026-08-07,50,45,0.9000,16,0.3200,1631.78,-504.64,-0.3093,50,45,0.9000,16,26,8,0.3810,1631.78,-504.64,0.00,-504.64,-0.3093,0.0000,1,1
135517313,late40_r60_n30,dt_ge_2026-03-21_lt_2026-08-07,105,77,0.7333,15,0.1429,269.83,109.20,0.4047,91,63,0.6923,12,77,2,0.1348,200.72,53.12,0.00,53.12,0.2646,0.0000,1,1
135551928,late40_r60_n30,dt_ge_2026-03-21_lt_2026-08-07,90,66,0.7333,12,0.1333,527.35,-87.94,-0.1667,86,62,0.7209,12,73,1,0.1412,507.62,-68.20,0.00,-68.20,-0.1344,0.0000,1,1
135615731,late40_r60_n30,dt_ge_2026-03-21_lt_2026-08-07,83,57,0.6867,12,0.1446,174.98,-55.66,-0.3181,83,57,0.6867,12,68,3,0.1500,174.98,-55.66,0.00,-55.66,-0.3181,0.0000,1,1
135701360,late40_r60_n30,dt_ge_2026-03-21_lt_2026-08-07,38,25,0.6579,17,0.4474,2719.45,62.12,0.0228,38,25,0.6579,17,18,3,0.4857,2719.45,62.12,0.00,62.12,0.0228,0.0000,1,1
135714802,late40_r60_n30,dt_ge_2026-03-21_lt_2026-08-07,52,33,0.6346,18,0.3462,2648.00,-348.90,-0.1318,52,33,0.6346,18,27,7,0.4000,2648.00,-348.90,0.00,-348.90,-0.1318,0.0000,1,1
135750589,late40_r60_n30,dt_ge_2026-03-21_lt_2026-08-07,47,45,0.9574,9,0.1915,164.29,-42.54,-0.2589,47,45,0.9574,9,34,4,0.2093,164.29,-42.54,0.00,-42.54,-0.2589,0.0000,1,1
135791481,late40_r60_n30,dt_ge_2026-03-21_lt_2026-08-07,63,41,0.6508,6,0.0952,2960.26,-1149.91,-0.3884,63,41,0.6508,6,53,4,0.1017,2960.26,-1149.91,0.00,-1149.91,-0.3884,0.0000,1,1
135811296,late40_r60_n30,dt_ge_2026-03-21_lt_2026-08-07,144,100,0.6944,37,0.2569,848.09,118.98,0.1403,144,100,0.6944,37,105,2,0.2606,848.09,118.98,0.00,118.98,0.1403,0.0000,1,1
135818008,late40_r60_n30,dt_ge_2026-03-21_lt_2026-08-07,33,20,0.6061,6,0.1818,170.52,-60.61,-0.3555,33,20,0.6061,6,26,1,0.1875,170.52,-60.61,0.00,-60.61,-0.3555,0.0000,1,1
135823827,late40_r60_n30,dt_ge_2026-03-21_lt_2026-08-07,50,31,0.6200,6,0.1200,277.02,-105.41,-0.3805,50,31,0.6200,6,44,0,0.1200,277.02,-105.41,0.00,-105.41,-0.3805,0.0000,1,1
135841647,late40_r60_n30,dt_ge_2026-03-21_lt_2026-08-07,52,32,0.6154,31,0.5962,2525.50,797.35,0.3157,52,32,0.6154,31,14,7,0.6889,2525.50,797.35,0.00,797.35,0.3157,0.0000,1,1
135842206,late40_r60_n30,dt_ge_2026-03-21_lt_2026-08-07,103,69,0.6699,30,0.2913,4959.33,-98.45,-0.0199,103,69,0.6699,30,67,6,0.3093,4959.33,-98.45,0.00,-98.45,-0.0199,0.0000,1,1
135854126,late40_r60_n30,dt_ge_2026-03-21_lt_2026-08-07,39,25,0.6410,9,0.2308,122.28,1.26,0.0103,39,25,0.6410,9,29,1,0.2368,122.28,1.26,0.00,1.26,0.0103,0.0000,1,1
135864129,late40_r60_n30,dt_ge_2026-03-21_lt_2026-08-07,30,21,0.7000,6,0.2000,1908.66,426.04,0.2232,30,21,0.7000,6,21,3,0.2222,1908.66,426.04,15.27,441.31,0.2232,0.0000,1,1
135874606,late40_r60_n30,dt_ge_2026-03-21_lt_2026-08-07,10692,6691,0.6258,4814,0.4502,1601097.22,-27920.05,-0.0174,10678,6679,0.6255,4808,4921,949,0.4942,1600681.50,-27852.83,0.00,-27852.83,-0.0174,0.0000,1,1
135887087,late40_r60_n30,dt_ge_2026-03-21_lt_2026-08-07,57,53,0.9298,13,0.2281,416.80,-12.65,-0.0303,57,53,0.9298,13,43,1,0.2321,416.80,-12.65,0.00,-12.65,-0.0303,0.0000,1,1
135893888,late40_r60_n30,dt_ge_2026-03-21_lt_2026-08-07,41,25,0.6098,15,0.3659,402.34,11.55,0.0287,41,25,0.6098,15,21,5,0.4167,402.34,11.55,0.00,11.55,0.0287,0.0000,1,1
136018133,late40_r60_n30,dt_ge_2026-03-21_lt_2026-08-07,68,43,0.6324,25,0.3676,383.40,31.43,0.0820,68,43,0.6324,25,42,1,0.3731,383.40,31.43,0.00,31.43,0.0820,0.0000,1,1
136267054,late40_r60_n30,dt_ge_2026-03-21_lt_2026-08-07,191,135,0.7068,36,0.1885,2328.57,-8.16,-0.0035,191,135,0.7068,36,148,7,0.1957,2328.57,-8.16,0.00,-8.16,-0.0035,0.0000,1,1
136336056,late40_r60_n30,dt_ge_2026-03-21_lt_2026-08-07,71,45,0.6338,27,0.3803,2099.29,519.15,0.2473,71,45,0.6338,27,38,6,0.4154,2099.29,519.15,0.00,519.15,0.2473,0.0000,1,1
136339792,late40_r60_n30,dt_ge_2026-03-21_lt_2026-08-07,61,51,0.8361,25,0.4098,3228.31,-539.72,-0.1672,61,51,0.8361,25,31,5,0.4464,3228.31,-539.72,0.00,-539.72,-0.1672,0.0000,1,1
136417898,late40_r60_n30,dt_ge_2026-03-21_lt_2026-08-07,993,624,0.6284,434,0.4371,20276.86,-533.78,-0.0263,993,624,0.6284,434,476,83,0.4769,20276.86,-533.78,0.00,-533.78,-0.0263,0.0000,1,1
136477536,late40_r60_n30,dt_ge_2026-03-21_lt_2026-08-07,34,21,0.6176,8,0.2353,708.79,31.06,0.0438,34,21,0.6176,8,25,1,0.2424,708.79,31.06,0.00,31.06,0.0438,0.0000,1,1
136525263,late40_r60_n30,dt_ge_2026-03-21_lt_2026-08-07,117,81,0.6923,42,0.3590,1547.92,23.81,0.0154,117,81,0.6923,42,69,6,0.3784,1547.92,23.81,0.00,23.81,0.0154,0.0000,1,1
136528115,late40_r60_n30,dt_ge_2026-03-21_lt_2026-08-07,322,204,0.6335,89,0.2764,12827.50,573.02,0.0447,322,204,0.6335,89,213,20,0.2947,12827.50,573.02,0.00,573.02,0.0447,0.0000,1,1
136537675,late40_r60_n30,dt_ge_2026-03-21_lt_2026-08-07,33,21,0.6364,17,0.5152,91.39,10.91,0.1193,33,21,0.6364,17,13,3,0.5667,91.39,10.91,0.00,10.91,0.1193,0.0000,1,1
136583726,late40_r60_n30,dt_ge_2026-03-21_lt_2026-08-07,1061,1011,0.9529,470,0.4430,75514.11,-6310.27,-0.0836,1061,1011,0.9529,470,473,118,0.4984,75514.11,-6310.27,0.00,-6310.27,-0.0836,0.0000,1,1
136647370,late40_r60_n30,dt_ge_2026-03-21_lt_2026-08-07,47,44,0.9362,6,0.1277,269.36,-129.06,-0.4791,47,44,0.9362,6,38,3,0.1364,269.36,-129.06,0.00,-129.06,-0.4791,0.0000,1,1
136700890,late40_r60_n30,dt_ge_2026-03-21_lt_2026-08-07,48,30,0.6250,11,0.2292,415.64,-24.61,-0.0592,48,30,0.6250,11,36,1,0.2340,415.64,-24.61,0.00,-24.61,-0.0592,0.0000,1,1
136774380,late40_r60_n30,dt_ge_2026-03-21_lt_2026-08-07,451,405,0.8980,70,0.1552,6071.21,26.77,0.0044,451,405,0.8980,70,368,13,0.1598,6071.21,26.77,0.00,26.77,0.0044,0.0000,1,1
136776261,late40_r60_n30,dt_ge_2026-03-21_lt_2026-08-07,45,27,0.6000,11,0.2444,7752.46,-2352.25,-0.3034,45,27,0.6000,11,31,3,0.2619,7752.46,-2352.25,0.00,-2352.25,-0.3034,0.0000,1,1
136780524,late40_r60_n30,dt_ge_2026-03-21_lt_2026-08-07,30,18,0.6000,17,0.5667,16266.78,2176.66,0.1338,30,18,0.6000,17,12,1,0.5862,16266.78,2176.66,0.00,2176.66,0.1338,0.0000,1,1
136814875,late40_r60_n30,dt_ge_2026-03-21_lt_2026-08-07,66,41,0.6212,28,0.4242,128.60,-6.85,-0.0533,66,41,0.6212,28,30,8,0.4828,128.60,-6.85,0.00,-6.85,-0.0533,0.0000,1,1
136866525,late40_r60_n30,dt_ge_2026-03-21_lt_2026-08-07,35,35,1.0000,12,0.3429,920.24,84.11,0.0914,35,35,1.0000,12,20,3,0.3750,920.24,84.11,0.00,84.11,0.0914,0.0000,1,1
136878002,late40_r60_n30,dt_ge_2026-03-21_lt_2026-08-07,31,25,0.8065,6,0.1935,557.55,-53.01,-0.0951,31,25,0.8065,6,24,1,0.2000,557.55,-53.01,0.00,-53.01,-0.0951,0.0000,1,1
136956050,late40_r60_n30,dt_ge_2026-03-21_lt_2026-08-07,61,42,0.6885,7,0.1148,630.27,-420.82,-0.6677,61,42,0.6885,7,53,1,0.1167,630.27,-420.82,0.00,-420.82,-0.6677,0.0000,1,1
136965016,late40_r60_n30,dt_ge_2026-03-21_lt_2026-08-07,36,25,0.6944,6,0.1667,2234.73,-421.65,-0.1887,36,25,0.6944,6,29,1,0.1714,2234.73,-421.65,0.00,-421.65,-0.1887,0.0000,1,1
136967715,late40_r60_n30,dt_ge_2026-03-21_lt_2026-08-07,63,38,0.6032,28,0.4444,1753.03,335.63,0.1915,63,38,0.6032,28,30,5,0.4828,1753.03,335.63,0.00,335.63,0.1915,0.0000,1,1
137025278,late40_r60_n30,dt_ge_2026-03-21_lt_2026-08-07,52,37,0.7115,15,0.2885,5564.60,646.32,0.1161,52,37,0.7115,15,34,3,0.3061,5564.60,646.32,0.00,646.32,0.1161,0.0000,1,1
137049587,late40_r60_n30,dt_ge_2026-03-21_lt_2026-08-07,59,36,0.6102,11,0.1864,263.59,-62.31,-0.2364,59,36,0.6102,11,46,2,0.1930,263.59,-62.31,0.00,-62.31,-0.2364,0.0000,1,1
137165699,late40_r60_n30,dt_ge_2026-03-21_lt_2026-08-07,73,49,0.6712,14,0.1918,1034.64,-44.07,-0.0426,73,49,0.6712,14,58,1,0.1944,1034.64,-44.07,8.28,-35.80,-0.0426,0.0000,1,1
137202432,late40_r60_n30,dt_ge_2026-03-21_lt_2026-08-07,33,22,0.6667,8,0.2424,884.75,14.22,0.0161,33,22,0.6667,8,23,2,0.2581,884.75,14.22,0.00,14.22,0.0161,0.0000,1,1
137277108,late40_r60_n30,dt_ge_2026-03-21_lt_2026-08-07,39,39,1.0000,7,0.1795,2067.04,53.98,0.0261,39,39,1.0000,7,32,0,0.1795,2067.04,53.98,0.00,53.98,0.0261,0.0000,1,1
137288262,late40_r60_n30,dt_ge_2026-03-21_lt_2026-08-07,33,23,0.6970,20,0.6061,2970.00,993.50,0.3345,33,23,0.6970,20,12,1,0.6250,2970.00,993.50,0.00,993.50,0.3345,0.0000,1,1
137313106,late40_r60_n30,dt_ge_2026-03-21_lt_2026-08-07,42,28,0.6667,13,0.3095,396.35,26.35,0.0665,42,28,0.6667,13,25,4,0.3421,396.35,26.35,0.00,26.35,0.0665,0.0000,1,1
137329274,late40_r60_n30,dt_ge_2026-03-21_lt_2026-08-07,108,66,0.6111,21,0.1944,706.37,-165.81,-0.2347,108,66,0.6111,21,83,4,0.2019,706.37,-165.81,0.00,-165.81,-0.2347,0.0000,1,1
137373640,late40_r60_n30,dt_ge_2026-03-21_lt_2026-08-07,44,29,0.6591,6,0.1364,1272.23,50.47,0.0397,44,29,0.6591,6,37,1,0.1395,1272.23,50.47,0.00,50.47,0.0397,0.0000,1,1
137380612,late40_r60_n30,dt_ge_2026-03-21_lt_2026-08-07,163,102,0.6258,73,0.4479,1335.78,-22.09,-0.0165,163,102,0.6258,73,77,13,0.4867,1335.78,-22.09,0.00,-22.09,-0.0165,0.0000,1,1
137390683,late40_r60_n30,dt_ge_2026-03-21_lt_2026-08-07,47,37,0.7872,19,0.4043,425.24,9.60,0.0226,47,37,0.7872,19,23,5,0.4524,425.24,9.60,0.00,9.60,0.0226,0.0000,1,1
137428514,late40_r60_n30,dt_ge_2026-03-21_lt_2026-08-07,177,108,0.6102,56,0.3164,2244.90,53.31,0.0237,177,108,0.6102,56,112,9,0.3333,2244.90,53.31,0.00,53.31,0.0237,0.0000,1,1
137431385,late40_r60_n30,dt_ge_2026-03-21_lt_2026-08-07,35,26,0.7429,21,0.6000,774.72,186.42,0.2406,35,26,0.7429,21,13,1,0.6176,774.72,186.42,0.00,186.42,0.2406,0.0000,1,1
137444717,late40_r60_n30,dt_ge_2026-03-21_lt_2026-08-07,30,30,1.0000,5,0.1667,262.58,-83.18,-0.3168,30,30,1.0000,5,25,0,0.1667,262.58,-83.18,0.00,-83.18,-0.3168,0.0000,1,1
137454779,late40_r60_n30,dt_ge_2026-03-21_lt_2026-08-07,30,22,0.7333,5,0.1667,752.85,-324.36,-0.4308,30,22,0.7333,5,24,1,0.1724,752.85,-324.36,0.00,-324.36,-0.4308,0.0000,1,1
137459718,late40_r60_n30,dt_ge_2026-03-21_lt_2026-08-07,37,24,0.6486,17,0.4595,118.95,6.07,0.0510,37,24,0.6486,17,16,4,0.5152,118.95,6.07,0.00,6.07,0.0510,0.0000,1,1
137477002,late40_r60_n30,dt_ge_2026-03-21_lt_2026-08-07,93,60,0.6452,19,0.2043,486.76,-164.52,-0.3380,93,60,0.6452,19,69,5,0.2159,486.76,-164.52,0.00,-164.52,-0.3380,0.0000,1,1
137505634,late40_r60_n30,dt_ge_2026-03-21_lt_2026-08-07,64,46,0.7188,4,0.0625,122.46,-49.06,-0.4007,64,46,0.7188,4,60,0,0.0625,122.46,-49.06,0.00,-49.06,-0.4007,0.0000,1,1
137569256,late40_r60_n30,dt_ge_2026-03-21_lt_2026-08-07,30,29,0.9667,10,0.3333,237.88,107.39,0.4515,30,29,0.9667,10,18,2,0.3571,237.88,107.39,0.00,107.39,0.4515,0.0000,1,1
137621044,late40_r60_n30,dt_ge_2026-03-21_lt_2026-08-07,1039,881,0.8479,172,0.1655,13105.20,-358.78,-0.0274,1039,881,0.8479,172,840,27,0.1700,13105.20,-358.78,0.00,-358.78,-0.0274,0.0000,1,1
137626892,late40_r60_n30,dt_ge_2026-03-21_lt_2026-08-07,173,127,0.7341,43,0.2486,1242.58,-160.61,-0.1293,173,127,0.7341,43,125,5,0.2560,1242.58,-160.61,0.00,-160.61,-0.1293,0.0000,1,1
137665406,late40_r60_n30,dt_ge_2026-03-21_lt_2026-08-07,1370,857,0.6255,325,0.2372,7503.25,-629.21,-0.0839,1370,857,0.6255,325,992,53,0.2468,7503.25,-629.21,0.00,-629.21,-0.0839,0.0000,1,1
137729269,late40_r60_n30,dt_ge_2026-03-21_lt_2026-08-07,32,27,0.8438,11,0.3438,334.93,-75.60,-0.2257,32,27,0.8438,11,19,2,0.3667,334.93,-75.60,0.00,-75.60,-0.2257,0.0000,1,1
137854453,late40_r60_n30,dt_ge_2026-03-21_lt_2026-08-07,140,119,0.8500,29,0.2071,755.72,91.63,0.1213,140,119,0.8500,29,106,5,0.2148,755.72,91.63,0.00,91.63,0.1213,0.0000,1,1
137877499,late40_r60_n30,dt_ge_2026-03-21_lt_2026-08-07,54,33,0.6111,28,0.5185,422.91,66.47,0.1572,54,33,0.6111,28,22,4,0.5600,422.91,66.47,0.00,66.47,0.1572,0.0000,1,1
137923397,late40_r60_n30,dt_ge_2026-03-21_lt_2026-08-07,33,33,1.0000,4,0.1212,287.94,-145.01,-0.5036,33,33,1.0000,4,28,1,0.1250,287.94,-145.01,0.00,-145.01,-0.5036,0.0000,1,1
137984821,late40_r60_n30,dt_ge_2026-03-21_lt_2026-08-07,33,21,0.6364,9,0.2727,1034.24,-313.59,-0.3032,33,21,0.6364,9,21,3,0.3000,1034.24,-313.59,0.00,-313.59,-0.3032,0.0000,1,1
138002439,late40_r60_n30,dt_ge_2026-03-21_lt_2026-08-07,130,78,0.6000,20,0.1538,19645.00,-995.00,-0.0506,130,78,0.6000,20,110,0,0.1538,19645.00,-995.00,0.00,-995.00,-0.0506,0.0000,1,1
138009074,late40_r60_n30,dt_ge_2026-03-21_lt_2026-08-07,43,26,0.6047,25,0.5814,172.72,22.07,0.1278,43,26,0.6047,25,17,1,0.5952,172.72,22.07,0.00,22.07,0.1278,0.0000,1,1
138103430,late40_r60_n30,dt_ge_2026-03-21_lt_2026-08-07,249,150,0.6024,38,0.1526,2480.16,-147.94,-0.0596,249,150,0.6024,38,210,1,0.1532,2480.16,-147.94,0.00,-147.94,-0.0596,0.0000,1,1
138888264,late40_r60_n30,dt_ge_2026-03-21_lt_2026-08-07,47,36,0.7660,27,0.5745,110.04,20.58,0.1870,47,36,0.7660,27,16,4,0.6279,110.04,20.58,0.00,20.58,0.1870,0.0000,1,1
138944634,late40_r60_n30,dt_ge_2026-03-21_lt_2026-08-07,122,86,0.7049,32,0.2623,1076.24,-496.63,-0.4615,122,86,0.7049,32,82,8,0.2807,1076.24,-496.63,0.00,-496.63,-0.4615,0.0000,1,1
138961687,late40_r60_n30,dt_ge_2026-03-21_lt_2026-08-07,82,59,0.7195,29,0.3537,3821.68,-948.87,-0.2483,82,59,0.7195,29,51,2,0.3625,3821.68,-948.87,0.00,-948.87,-0.2483,0.0000,1,1
138978981,late40_r60_n30,dt_ge_2026-03-21_lt_2026-08-07,30,19,0.6333,11,0.3667,440.18,197.86,0.4495,30,19,0.6333,11,18,1,0.3793,440.18,197.86,0.00,197.86,0.4495,0.0000,1,1
139002352,late40_r60_n30,dt_ge_2026-03-21_lt_2026-08-07,68,52,0.7647,32,0.4706,545.07,80.58,0.1478,68,52,0.7647,32,31,5,0.5079,545.07,80.58,0.00,80.58,0.1478,0.0000,1,1
139039826,late40_r60_n30,dt_ge_2026-03-21_lt_2026-08-07,209,156,0.7464,32,0.1531,711.62,-53.24,-0.0748,209,156,0.7464,32,170,7,0.1584,711.62,-53.24,0.00,-53.24,-0.0748,0.0000,1,1
139057131,late40_r60_n30,dt_ge_2026-03-21_lt_2026-08-07,31,27,0.8710,12,0.3871,84.33,-4.32,-0.0513,31,27,0.8710,12,14,5,0.4615,84.33,-4.32,0.00,-4.32,-0.0513,0.0000,1,1
139058736,late40_r60_n30,dt_ge_2026-03-21_lt_2026-08-07,757,464,0.6129,343,0.4531,110979.46,-6610.89,-0.0596,747,457,0.6118,340,336,71,0.5030,110734.86,-6444.14,0.00,-6444.14,-0.0582,0.0000,1,1
139084278,late40_r60_n30,dt_ge_2026-03-21_lt_2026-08-07,36,34,0.9444,8,0.2222,3482.81,-320.45,-0.0920,36,34,0.9444,8,27,1,0.2286,3482.81,-320.45,0.00,-320.45,-0.0920,0.0000,1,1
139162691,late40_r60_n30,dt_ge_2026-03-21_lt_2026-08-07,42,36,0.8571,13,0.3095,2488.54,-957.70,-0.3848,42,36,0.8571,13,27,2,0.3250,2488.54,-957.70,0.00,-957.70,-0.3848,0.0000,1,1
139169308,late40_r60_n30,dt_ge_2026-03-21_lt_2026-08-07,311,231,0.7428,83,0.2669,4790.53,-503.20,-0.1050,311,231,0.7428,83,214,14,0.2795,4790.53,-503.20,0.00,-503.20,-0.1050,0.0000,1,1
139227854,late40_r60_n30,dt_ge_2026-03-21_lt_2026-08-07,151,104,0.6887,31,0.2053,961.31,-96.17,-0.1000,151,104,0.6887,31,115,5,0.2123,961.31,-96.17,0.00,-96.17,-0.1000,0.0000,1,1
139243444,late40_r60_n30,dt_ge_2026-03-21_lt_2026-08-07,30,23,0.7667,6,0.2000,103.14,-13.31,-0.1290,30,23,0.7667,6,20,4,0.2308,103.14,-13.31,0.00,-13.31,-0.1290,0.0000,1,1
139292040,late40_r60_n30,dt_ge_2026-03-21_lt_2026-08-07,30,27,0.9000,6,0.2000,56.08,1.74,0.0310,30,27,0.9000,6,22,2,0.2143,56.08,1.74,0.00,1.74,0.0310,0.0000,1,1
139331954,late40_r60_n30,dt_ge_2026-03-21_lt_2026-08-07,53,32,0.6038,15,0.2830,774.81,114.58,0.1479,53,32,0.6038,15,35,3,0.3000,774.81,114.58,0.00,114.58,0.1479,0.0000,1,1
139332048,late40_r60_n30,dt_ge_2026-03-21_lt_2026-08-07,52,38,0.7308,24,0.4615,1080.00,6.50,0.0060,52,38,0.7308,24,26,2,0.4800,1080.00,6.50,0.00,6.50,0.0060,0.0000,1,1
139350854,late40_r60_n30,dt_ge_2026-03-21_lt_2026-08-07,31,22,0.7097,11,0.3548,175.66,-61.06,-0.3476,31,22,0.7097,11,18,2,0.3793,175.66,-61.06,1.41,-59.65,-0.3476,0.0000,1,1
139352960,late40_r60_n30,dt_ge_2026-03-21_lt_2026-08-07,44,29,0.6591,23,0.5227,23242.94,-1985.45,-0.0854,44,29,0.6591,23,16,5,0.5897,23242.94,-1985.45,0.00,-1985.45,-0.0854,0.0000,1,1
139356528,late40_r60_n30,dt_ge_2026-03-21_lt_2026-08-07,90,58,0.6444,42,0.4667,614.91,41.38,0.0673,90,58,0.6444,42,38,10,0.5250,614.91,41.38,0.00,41.38,0.0673,0.0000,1,1
139372931,late40_r60_n30,dt_ge_2026-03-21_lt_2026-08-07,61,38,0.6230,30,0.4918,736.02,-16.21,-0.0220,61,38,0.6230,30,27,4,0.5263,736.02,-16.21,0.00,-16.21,-0.0220,0.0000,1,1
139402577,late40_r60_n30,dt_ge_2026-03-21_lt_2026-08-07,54,39,0.7222,8,0.1481,783.67,-476.53,-0.6081,54,39,0.7222,8,44,2,0.1538,783.67,-476.53,0.00,-476.53,-0.6081,0.0000,1,1
139440831,late40_r60_n30,dt_ge_2026-03-21_lt_2026-08-07,513,318,0.6199,243,0.4737,8041.58,681.24,0.0847,478,292,0.6109,223,203,52,0.5235,6502.88,452.54,0.00,452.54,0.0696,0.0000,1,1
139464789,late40_r60_n30,dt_ge_2026-03-21_lt_2026-08-07,244,179,0.7336,85,0.3484,2374.52,36.72,0.0155,244,179,0.7336,85,140,19,0.3778,2374.52,36.72,0.00,36.72,0.0155,0.0000,1,1
139469130,late40_r60_n30,dt_ge_2026-03-21_lt_2026-08-07,45,34,0.7556,17,0.3778,4313.76,-572.23,-0.1327,45,34,0.7556,17,22,6,0.4359,4313.76,-572.23,0.00,-572.23,-0.1327,0.0000,1,1
139499647,late40_r60_n30,dt_ge_2026-03-21_lt_2026-08-07,34,22,0.6471,4,0.1176,338.50,-144.21,-0.4260,34,22,0.6471,4,30,0,0.1176,338.50,-144.21,0.00,-144.21,-0.4260,0.0000,1,1
139531219,late40_r60_n30,dt_ge_2026-03-21_lt_2026-08-07,34,26,0.7647,13,0.3824,1915.81,-219.22,-0.1144,34,26,0.7647,13,20,1,0.3939,1915.81,-219.22,0.00,-219.22,-0.1144,0.0000,1,1
139593762,late40_r60_n30,dt_ge_2026-03-21_lt_2026-08-07,38,29,0.7632,16,0.4211,3961.08,258.58,0.0653,38,29,0.7632,16,19,3,0.4571,3961.08,258.58,0.00,258.58,0.0653,0.0000,1,1
139602620,late40_r60_n30,dt_ge_2026-03-21_lt_2026-08-07,36,27,0.7500,10,0.2778,967.68,9.49,0.0098,36,27,0.7500,10,26,0,0.2778,967.68,9.49,0.00,9.49,0.0098,0.0000,1,1
139620093,late40_r60_n30,dt_ge_2026-03-21_lt_2026-08-07,31,30,0.9677,7,0.2258,868.87,-207.92,-0.2393,31,30,0.9677,7,24,0,0.2258,868.87,-207.92,0.00,-207.92,-0.2393,0.0000,1,1
139626375,late40_r60_n30,dt_ge_2026-03-21_lt_2026-08-07,93,76,0.8172,21,0.2258,634.58,493.54,0.7777,93,76,0.8172,21,72,0,0.2258,634.58,493.54,0.00,493.54,0.7777,0.0000,1,1
139630601,late40_r60_n30,dt_ge_2026-03-21_lt_2026-08-07,179,118,0.6592,72,0.4022,6792.40,-1790.86,-0.2637,179,118,0.6592,72,100,7,0.4186,6792.40,-1790.86,0.00,-1790.86,-0.2637,0.0000,1,1
139655060,late40_r60_n30,dt_ge_2026-03-21_lt_2026-08-07,62,41,0.6613,14,0.2258,3135.95,-324.41,-0.1034,62,41,0.6613,14,47,1,0.2295,3135.95,-324.41,0.00,-324.41,-0.1034,0.0000,1,1
139670890,late40_r60_n30,dt_ge_2026-03-21_lt_2026-08-07,32,22,0.6875,12,0.3750,511.19,69.58,0.1361,32,22,0.6875,12,19,1,0.3871,511.19,69.58,0.00,69.58,0.1361,0.0000,1,1
139731236,late40_r60_n30,dt_ge_2026-03-21_lt_2026-08-07,41,30,0.7317,13,0.3171,512.36,-33.08,-0.0646,41,30,0.7317,13,25,3,0.3421,512.36,-33.08,0.00,-33.08,-0.0646,0.0000,1,1
139744298,late40_r60_n30,dt_ge_2026-03-21_lt_2026-08-07,67,50,0.7463,18,0.2687,4251.00,-1749.75,-0.4116,67,50,0.7463,18,44,5,0.2903,4251.00,-1749.75,0.00,-1749.75,-0.4116,0.0000,1,1
139813623,late40_r60_n30,dt_ge_2026-03-21_lt_2026-08-07,64,60,0.9375,9,0.1406,1154.06,-415.64,-0.3602,64,60,0.9375,9,53,2,0.1452,1154.06,-415.64,0.00,-415.64,-0.3602,0.0000,1,1
139847202,late40_r60_n30,dt_ge_2026-03-21_lt_2026-08-07,67,46,0.6866,18,0.2687,387.92,-68.00,-0.1753,67,46,0.6866,18,45,4,0.2857,387.92,-68.00,0.00,-68.00,-0.1753,0.0000,1,1
139849308,late40_r60_n30,dt_ge_2026-03-21_lt_2026-08-07,4398,4318,0.9818,1896,0.4311,303529.85,937.49,0.0031,4398,4318,0.9818,1896,2069,433,0.4782,303529.85,937.49,0.00,937.49,0.0031,0.0000,1,1
139875590,late40_r60_n30,dt_ge_2026-03-21_lt_2026-08-07,33,21,0.6364,18,0.5455,3383.94,239.63,0.0708,33,21,0.6364,18,14,1,0.5625,3383.94,239.63,0.00,239.63,0.0708,0.0000,1,1
139876139,late40_r60_n30,dt_ge_2026-03-21_lt_2026-08-07,72,51,0.7083,9,0.1250,83.09,-29.96,-0.3606,72,51,0.7083,9,59,4,0.1324,83.09,-29.96,0.00,-29.96,-0.3606,0.0000,1,1
139880449,late40_r60_n30,dt_ge_2026-03-21_lt_2026-08-07,57,35,0.6140,17,0.2982,1791.91,635.40,0.3546,55,33,0.6000,15,39,1,0.2778,1478.49,329.76,0.00,329.76,0.2230,0.0000,1,1
139881303,late40_r60_n30,dt_ge_2026-03-21_lt_2026-08-07,66,45,0.6818,25,0.3788,124.91,-7.62,-0.0610,66,45,0.6818,25,33,8,0.4310,124.91,-7.62,0.00,-7.62,-0.0610,0.0000,1,1
139952371,late40_r60_n30,dt_ge_2026-03-21_lt_2026-08-07,37,33,0.8919,4,0.1081,81.21,-36.66,-0.4514,37,33,0.8919,4,31,2,0.1143,81.21,-36.66,0.00,-36.66,-0.4514,0.0000,1,1
139958374,late40_r60_n30,dt_ge_2026-03-21_lt_2026-08-07,33,20,0.6061,15,0.4545,293.17,13.22,0.0451,33,20,0.6061,15,16,2,0.4839,293.17,13.22,0.00,13.22,0.0451,0.0000,1,1
139965886,late40_r60_n30,dt_ge_2026-03-21_lt_2026-08-07,34,26,0.7647,15,0.4412,355.81,-0.31,-0.0009,34,26,0.7647,15,15,4,0.5000,355.81,-0.31,0.00,-0.31,-0.0009,0.0000,1,1
140010895,late40_r60_n30,dt_ge_2026-03-21_lt_2026-08-07,30,27,0.9000,7,0.2333,591.58,127.48,0.2155,30,27,0.9000,7,22,1,0.2414,591.58,127.48,0.00,127.48,0.2155,0.0000,1,1
140050630,late40_r60_n30,dt_ge_2026-03-21_lt_2026-08-07,48,35,0.7292,17,0.3542,1385.50,-470.39,-0.3395,48,35,0.7292,17,29,2,0.3696,1385.50,-470.39,0.00,-470.39,-0.3395,0.0000,1,1
140060217,late40_r60_n30,dt_ge_2026-03-21_lt_2026-08-07,644,436,0.6770,202,0.3137,3761.48,-326.57,-0.0868,644,436,0.6770,202,407,35,0.3317,3761.48,-326.57,0.00,-326.57,-0.0868,0.0000,1,1
140154197,late40_r60_n30,dt_ge_2026-03-21_lt_2026-08-07,35,22,0.6286,7,0.2000,87.89,-19.42,-0.2209,35,22,0.6286,7,26,2,0.2121,87.89,-19.42,0.00,-19.42,-0.2209,0.0000,1,1
140195304,late40_r60_n30,dt_ge_2026-03-21_lt_2026-08-07,35,25,0.7143,13,0.3714,60.08,10.77,0.1793,35,25,0.7143,13,19,3,0.4063,60.08,10.77,0.00,10.77,0.1793,0.0000,1,1
140243799,late40_r60_n30,dt_ge_2026-03-21_lt_2026-08-07,79,49,0.6203,30,0.3797,181.20,-22.84,-0.1261,79,49,0.6203,30,40,9,0.4286,181.20,-22.84,0.00,-22.84,-0.1261,0.0000,1,1
140251539,late40_r60_n30,dt_ge_2026-03-21_lt_2026-08-07,40,26,0.6500,17,0.4250,144.78,51.92,0.3586,40,26,0.6500,17,19,4,0.4722,144.78,51.92,0.00,51.92,0.3586,0.0000,1,1
140287640,late40_r60_n30,dt_ge_2026-03-21_lt_2026-08-07,47,31,0.6596,7,0.1489,260.97,-126.22,-0.4837,47,31,0.6596,7,36,4,0.1628,260.97,-126.22,0.00,-126.22,-0.4837,0.0000,1,1
140347186,late40_r60_n30,dt_ge_2026-03-21_lt_2026-08-07,85,53,0.6235,39,0.4588,5828.92,253.27,0.0435,85,53,0.6235,39,39,7,0.5000,5828.92,253.27,0.00,253.27,0.0435,0.0000,1,1
140356058,late40_r60_n30,dt_ge_2026-03-21_lt_2026-08-07,228,140,0.6140,87,0.3816,24421.69,-2952.83,-0.1209,228,140,0.6140,87,120,21,0.4203,24421.69,-2952.83,0.00,-2952.83,-0.1209,0.0000,1,1
140358810,late40_r60_n30,dt_ge_2026-03-21_lt_2026-08-07,35,35,1.0000,12,0.3429,72.94,59.56,0.8165,35,35,1.0000,12,21,2,0.3636,72.94,59.56,0.00,59.56,0.8165,0.0000,1,1
140373684,late40_r60_n30,dt_ge_2026-03-21_lt_2026-08-07,33,24,0.7273,18,0.5455,1086.30,205.22,0.1889,33,24,0.7273,18,15,0,0.5455,1086.30,205.22,0.00,205.22,0.1889,0.0000,1,1
140373980,late40_r60_n30,dt_ge_2026-03-21_lt_2026-08-07,45,30,0.6667,5,0.1111,230.56,-82.25,-0.3568,45,30,0.6667,5,40,0,0.1111,230.56,-82.25,0.00,-82.25,-0.3568,0.0000,1,1
140409316,late40_r60_n30,dt_ge_2026-03-21_lt_2026-08-07,39,39,1.0000,16,0.4103,228.49,-2.13,-0.0093,39,39,1.0000,16,21,2,0.4324,228.49,-2.13,1.83,-0.30,-0.0093,0.0000,1,1
140410429,late40_r60_n30,dt_ge_2026-03-21_lt_2026-08-07,222,170,0.7658,32,0.1441,2360.05,-520.81,-0.2207,222,170,0.7658,32,189,1,0.1448,2360.05,-520.81,0.00,-520.81,-0.2207,0.0000,1,1
140492365,late40_r60_n30,dt_ge_2026-03-21_lt_2026-08-07,40,25,0.6250,14,0.3500,190.80,-14.81,-0.0776,40,25,0.6250,14,25,1,0.3590,190.80,-14.81,0.00,-14.81,-0.0776,0.0000,1,1
140587815,late40_r60_n30,dt_ge_2026-03-21_lt_2026-08-07,78,47,0.6026,32,0.4103,1646.07,-345.51,-0.2099,78,47,0.6026,32,42,4,0.4324,1646.07,-345.51,0.00,-345.51,-0.2099,0.0000,1,1
140603417,late40_r60_n30,dt_ge_2026-03-21_lt_2026-08-07,33,24,0.7273,13,0.3939,359.11,-61.19,-0.1704,33,24,0.7273,13,18,2,0.4194,359.11,-61.19,0.00,-61.19,-0.1704,0.0000,1,1
140628152,late40_r60_n30,dt_ge_2026-03-21_lt_2026-08-07,929,609,0.6555,242,0.2605,18334.21,-1451.02,-0.0791,929,609,0.6555,242,636,51,0.2756,18334.21,-1451.02,0.00,-1451.02,-0.0791,0.0000,1,1
140654867,late40_r60_n30,dt_ge_2026-03-21_lt_2026-08-07,121,95,0.7851,48,0.3967,194620.29,-7408.34,-0.0381,121,95,0.7851,48,59,14,0.4486,194620.29,-7408.34,0.00,-7408.34,-0.0381,0.0000,1,1
140674874,late40_r60_n30,dt_ge_2026-03-21_lt_2026-08-07,36,22,0.6111,13,0.3611,254.73,8.68,0.0341,36,22,0.6111,13,18,5,0.4194,254.73,8.68,0.00,8.68,0.0341,0.0000,1,1
140683942,late40_r60_n30,dt_ge_2026-03-21_lt_2026-08-07,71,59,0.8310,23,0.3239,419.00,-55.10,-0.1315,71,59,0.8310,23,46,2,0.3333,419.00,-55.10,0.00,-55.10,-0.1315,0.0000,1,1
140731353,late40_r60_n30,dt_ge_2026-03-21_lt_2026-08-07,62,43,0.6935,18,0.2903,1292.29,-47.66,-0.0369,62,43,0.6935,18,40,4,0.3103,1292.29,-47.66,0.00,-47.66,-0.0369,0.0000,1,1
140745724,late40_r60_n30,dt_ge_2026-03-21_lt_2026-08-07,285,172,0.6035,116,0.4070,16686.88,-960.08,-0.0575,285,172,0.6035,116,135,34,0.4622,16686.88,-960.08,0.00,-960.08,-0.0575,0.0000,1,1
140838650,late40_r60_n30,dt_ge_2026-03-21_lt_2026-08-07,31,26,0.8387,15,0.4839,231.70,14.54,0.0627,31,26,0.8387,15,13,3,0.5357,231.70,14.54,0.00,14.54,0.0627,0.0000,1,1
140872427,late40_r60_n30,dt_ge_2026-03-21_lt_2026-08-07,35,33,0.9429,11,0.3143,211.24,97.64,0.4622,35,33,0.9429,11,21,3,0.3438,211.24,97.64,0.00,97.64,0.4622,0.0000,1,1
140882820,late40_r60_n30,dt_ge_2026-03-21_lt_2026-08-07,35,24,0.6857,11,0.3143,85.38,-17.95,-0.2102,35,24,0.6857,11,24,0,0.3143,85.38,-17.95,0.00,-17.95,-0.2102,0.0000,1,1
140934485,late40_r60_n30,dt_ge_2026-03-21_lt_2026-08-07,43,43,1.0000,4,0.0930,1314.03,-662.25,-0.5040,43,43,1.0000,4,38,1,0.0952,1314.03,-662.25,0.00,-662.25,-0.5040,0.0000,1,1
140992042,late40_r60_n30,dt_ge_2026-03-21_lt_2026-08-07,50,33,0.6600,24,0.4800,779.75,-63.27,-0.0811,50,33,0.6600,24,21,5,0.5333,779.75,-63.27,0.00,-63.27,-0.0811,0.0000,1,1
141005983,late40_r60_n30,dt_ge_2026-03-21_lt_2026-08-07,371,242,0.6523,91,0.2453,6302.86,-1235.25,-0.1960,371,242,0.6523,91,256,24,0.2622,6302.86,-1235.25,0.00,-1235.25,-0.1960,0.0000,1,1
141026370,late40_r60_n30,dt_ge_2026-03-21_lt_2026-08-07,69,44,0.6377,11,0.1594,254.69,6.48,0.0255,69,44,0.6377,11,56,2,0.1642,254.69,6.48,0.00,6.48,0.0255,0.0000,1,1
141131738,late40_r60_n30,dt_ge_2026-03-21_lt_2026-08-07,705,516,0.7319,66,0.0936,11541.16,443.15,0.0384,705,516,0.7319,66,638,1,0.0938,11541.16,443.15,0.00,443.15,0.0384,0.0000,1,1
141163986,late40_r60_n30,dt_ge_2026-03-21_lt_2026-08-07,33,32,0.9697,8,0.2424,236.07,74.60,0.3160,33,32,0.9697,8,23,2,0.2581,236.07,74.60,0.00,74.60,0.3160,0.0000,1,1
141199088,late40_r60_n30,dt_ge_2026-03-21_lt_2026-08-07,41,26,0.6341,20,0.4878,62.39,8.88,0.1423,41,26,0.6341,20,15,6,0.5714,62.39,8.88,0.50,9.37,0.1423,0.0000,1,1
141201137,late40_r60_n30,dt_ge_2026-03-21_lt_2026-08-07,95,57,0.6000,39,0.4105,7759.00,726.60,0.0936,95,57,0.6000,39,51,5,0.4333,7759.00,726.60,0.00,726.60,0.0936,0.0000,1,1
141218372,late40_r60_n30,dt_ge_2026-03-21_lt_2026-08-07,31,24,0.7742,11,0.3548,590.52,-78.28,-0.1326,31,24,0.7742,11,19,1,0.3667,590.52,-78.28,0.00,-78.28,-0.1326,0.0000,1,1
141232978,late40_r60_n30,dt_ge_2026-03-21_lt_2026-08-07,40,27,0.6750,8,0.2000,297.21,-30.43,-0.1024,40,27,0.6750,8,32,0,0.2000,297.21,-30.43,0.00,-30.43,-0.1024,0.0000,1,1
141247780,late40_r60_n30,dt_ge_2026-03-21_lt_2026-08-07,144,89,0.6181,27,0.1875,1343.03,-266.89,-0.1987,144,89,0.6181,27,108,9,0.2000,1343.03,-266.89,0.00,-266.89,-0.1987,0.0000,1,1
141259514,late40_r60_n30,dt_ge_2026-03-21_lt_2026-08-07,54,34,0.6296,11,0.2037,1351.09,-692.20,-0.5123,46,29,0.6304,10,28,8,0.2632,1269.62,-615.92,0.00,-615.92,-0.4851,0.0000,1,1
141319460,late40_r60_n30,dt_ge_2026-03-21_lt_2026-08-07,22510,13541,0.6016,10130,0.4500,682889.82,-9285.80,-0.0136,22510,13541,0.6016,10130,10219,2161,0.4978,682889.82,-9285.80,0.00,-9285.80,-0.0136,0.0000,1,1
141347457,late40_r60_n30,dt_ge_2026-03-21_lt_2026-08-07,33,24,0.7273,12,0.3636,1218.36,-203.23,-0.1668,33,24,0.7273,12,18,3,0.4000,1218.36,-203.23,0.00,-203.23,-0.1668,0.0000,1,1
141426867,late40_r60_n30,dt_ge_2026-03-21_lt_2026-08-07,73,49,0.6712,22,0.3014,954.54,-116.15,-0.1217,73,49,0.6712,22,46,5,0.3235,954.54,-116.15,0.00,-116.15,-0.1217,0.0000,1,1
141490917,late40_r60_n30,dt_ge_2026-03-21_lt_2026-08-07,136,108,0.7941,15,0.1103,368.43,-122.85,-0.3335,136,108,0.7941,15,119,2,0.1119,368.43,-122.85,0.00,-122.85,-0.3335,0.0000,1,1
141533490,late40_r60_n30,dt_ge_2026-03-21_lt_2026-08-07,111,92,0.8288,15,0.1351,777.31,-107.35,-0.1381,111,92,0.8288,15,92,4,0.1402,777.31,-107.35,0.00,-107.35,-0.1381,0.0000,1,1
141567982,late40_r60_n30,dt_ge_2026-03-21_lt_2026-08-07,37,26,0.7027,7,0.1892,202.80,-112.09,-0.5527,37,26,0.7027,7,30,0,0.1892,202.80,-112.09,0.00,-112.09,-0.5527,0.0000,1,1
141612137,late40_r60_n30,dt_ge_2026-03-21_lt_2026-08-07,42,36,0.8571,9,0.2143,1771.87,-258.66,-0.1460,42,36,0.8571,9,31,2,0.2250,1771.87,-258.66,0.00,-258.66,-0.1460,0.0000,1,1
141620071,late40_r60_n30,dt_ge_2026-03-21_lt_2026-08-07,32,29,0.9063,6,0.1875,169.92,-42.27,-0.2488,32,29,0.9063,6,26,0,0.1875,169.92,-42.27,0.00,-42.27,-0.2488,0.0000,1,1
141622294,late40_r60_n30,dt_ge_2026-03-21_lt_2026-08-07,39,27,0.6923,7,0.1795,1228.96,-285.32,-0.2322,39,27,0.6923,7,31,1,0.1842,1228.96,-285.32,0.00,-285.32,-0.2322,0.0000,1,1
141624776,late40_r60_n30,dt_ge_2026-03-21_lt_2026-08-07,67,43,0.6418,17,0.2537,252.99,-10.54,-0.0417,67,43,0.6418,17,47,3,0.2656,252.99,-10.54,0.00,-10.54,-0.0417,0.0000,1,1
141665155,late40_r60_n30,dt_ge_2026-03-21_lt_2026-08-07,39,27,0.6923,16,0.4103,478.36,-118.45,-0.2476,39,27,0.6923,16,18,5,0.4706,478.36,-118.45,0.00,-118.45,-0.2476,0.0000,1,1
141688701,late40_r60_n30,dt_ge_2026-03-21_lt_2026-08-07,47,36,0.7660,14,0.2979,733.00,286.33,0.3906,47,36,0.7660,14,31,2,0.3111,733.00,286.33,0.00,286.33,0.3906,0.0000,1,1
141767258,late40_r60_n30,dt_ge_2026-03-21_lt_2026-08-07,169,106,0.6272,74,0.4379,251038.00,-14535.50,-0.0579,169,106,0.6272,74,83,12,0.4713,251038.00,-14535.50,0.00,-14535.50,-0.0579,0.0000,1,1
141790890,late40_r60_n30,dt_ge_2026-03-21_lt_2026-08-07,38,34,0.8947,13,0.3421,3335.65,-306.28,-0.0918,38,34,0.8947,13,20,5,0.3939,3335.65,-306.28,26.69,-279.59,-0.0918,0.0000,1,1
141850276,late40_r60_n30,dt_ge_2026-03-21_lt_2026-08-07,38,24,0.6316,20,0.5263,516.32,-77.84,-0.1508,38,24,0.6316,20,13,5,0.6061,516.32,-77.84,0.00,-77.84,-0.1508,0.0000,1,1
141912866,late40_r60_n30,dt_ge_2026-03-21_lt_2026-08-07,72,45,0.6250,14,0.1944,1211.06,-442.54,-0.3654,72,45,0.6250,14,53,5,0.2090,1211.06,-442.54,0.00,-442.54,-0.3654,0.0000,1,1
141939478,late40_r60_n30,dt_ge_2026-03-21_lt_2026-08-07,31,31,1.0000,4,0.1290,343.64,-130.71,-0.3804,31,31,1.0000,4,25,2,0.1379,343.64,-130.71,0.00,-130.71,-0.3804,0.0000,1,1
141941281,late40_r60_n30,dt_ge_2026-03-21_lt_2026-08-07,36,36,1.0000,0,0.0000,84.02,-84.02,-1.0000,18,18,1.0000,0,18,0,0.0000,42.01,-42.01,0.00,-42.01,-1.0000,0.0000,1,0
142001562,late40_r60_n30,dt_ge_2026-03-21_lt_2026-08-07,33,25,0.7576,15,0.4545,889.98,217.84,0.2448,33,25,0.7576,15,17,1,0.4688,889.98,217.84,0.00,217.84,0.2448,0.0000,1,1
142004088,late40_r60_n30,dt_ge_2026-03-21_lt_2026-08-07,33,23,0.6970,7,0.2121,3616.52,-465.92,-0.1288,33,23,0.6970,7,26,0,0.2121,3616.52,-465.92,0.00,-465.92,-0.1288,0.0000,1,1
142060897,late40_r60_n30,dt_ge_2026-03-21_lt_2026-08-07,56,43,0.7679,16,0.2857,1677.16,-331.55,-0.1977,56,43,0.7679,16,40,0,0.2857,1677.16,-331.55,0.00,-331.55,-0.1977,0.0000,1,1
142066233,late40_r60_n30,dt_ge_2026-03-21_lt_2026-08-07,203,161,0.7931,38,0.1872,623.60,-93.18,-0.1494,203,161,0.7931,38,161,4,0.1910,623.60,-93.18,0.00,-93.18,-0.1494,0.0000,1,1
142067149,late40_r60_n30,dt_ge_2026-03-21_lt_2026-08-07,49,35,0.7143,17,0.3469,664.61,-60.96,-0.0917,49,35,0.7143,17,24,8,0.4146,664.61,-60.96,0.00,-60.96,-0.0917,0.0000,1,1
142074331,late40_r60_n30,dt_ge_2026-03-21_lt_2026-08-07,92,67,0.7283,16,0.1739,1400.80,-361.13,-0.2578,92,67,0.7283,16,75,1,0.1758,1400.80,-361.13,0.00,-361.13,-0.2578,0.0000,1,1
142089973,late40_r60_n30,dt_ge_2026-03-21_lt_2026-08-07,43,26,0.6047,15,0.3488,12320.76,-1026.48,-0.0833,43,26,0.6047,15,27,1,0.3571,12320.76,-1026.48,0.00,-1026.48,-0.0833,0.0000,1,1
142115663,late40_r60_n30,dt_ge_2026-03-21_lt_2026-08-07,120,77,0.6417,20,0.1667,802.32,10.03,0.0125,120,77,0.6417,20,97,3,0.1709,802.32,10.03,0.00,10.03,0.0125,0.0000,1,1
142163682,late40_r60_n30,dt_ge_2026-03-21_lt_2026-08-07,86,54,0.6279,18,0.2093,95.14,2.64,0.0278,86,54,0.6279,18,68,0,0.2093,95.14,2.64,0.00,2.64,0.0278,0.0000,1,1
142210633,late40_r60_n30,dt_ge_2026-03-21_lt_2026-08-07,31,23,0.7419,3,0.0968,449.53,105.03,0.2336,31,23,0.7419,3,28,0,0.0968,449.53,105.03,0.00,105.03,0.2336,0.0000,1,1
142212992,late40_r60_n30,dt_ge_2026-03-21_lt_2026-08-07,61,51,0.8361,14,0.2295,289.26,100.72,0.3482,61,51,0.8361,14,46,1,0.2333,289.26,100.72,0.00,100.72,0.3482,0.0000,1,1
142228712,late40_r60_n30,dt_ge_2026-03-21_lt_2026-08-07,46,30,0.6522,11,0.2391,943.38,279.69,0.2965,46,30,0.6522,11,33,2,0.2500,943.38,279.69,0.00,279.69,0.2965,0.0000,1,1
142253918,late40_r60_n30,dt_ge_2026-03-21_lt_2026-08-07,91,60,0.6593,25,0.2747,1658.91,-623.76,-0.3760,91,60,0.6593,25,63,3,0.2841,1658.91,-623.76,0.00,-623.76,-0.3760,0.0000,1,1
142278320,late40_r60_n30,dt_ge_2026-03-21_lt_2026-08-07,41,33,0.8049,9,0.2195,648.02,-255.21,-0.3938,41,33,0.8049,9,31,1,0.2250,648.02,-255.21,0.00,-255.21,-0.3938,0.0000,1,1
142285099,late40_r60_n30,dt_ge_2026-03-21_lt_2026-08-07,44,31,0.7045,5,0.1136,20.82,-5.54,-0.2662,44,31,0.7045,5,38,1,0.1163,20.82,-5.54,0.00,-5.54,-0.2662,0.0000,1,1
142314656,late40_r60_n30,dt_ge_2026-03-21_lt_2026-08-07,40,33,0.8250,16,0.4000,2875.77,-221.35,-0.0770,40,33,0.8250,16,20,4,0.4444,2875.77,-221.35,0.00,-221.35,-0.0770,0.0000,1,1
142319563,late40_r60_n30,dt_ge_2026-03-21_lt_2026-08-07,68,46,0.6765,8,0.1176,275.16,-105.05,-0.3818,68,46,0.6765,8,59,1,0.1194,275.16,-105.05,0.00,-105.05,-0.3818,0.0000,1,1
142328743,late40_r60_n30,dt_ge_2026-03-21_lt_2026-08-07,64,48,0.7500,15,0.2344,409.31,-116.32,-0.2842,64,48,0.7500,15,46,3,0.2459,409.31,-116.32,0.00,-116.32,-0.2842,0.0000,1,1
142334415,late40_r60_n30,dt_ge_2026-03-21_lt_2026-08-07,30,18,0.6000,11,0.3667,488.34,-135.53,-0.2775,30,18,0.6000,11,15,4,0.4231,488.34,-135.53,0.00,-135.53,-0.2775,0.0000,1,1
142352043,late40_r60_n30,dt_ge_2026-03-21_lt_2026-08-07,37,32,0.8649,11,0.2973,72.92,11.41,0.1565,37,32,0.8649,11,24,2,0.3143,72.92,11.41,0.00,11.41,0.1565,0.0000,1,1
142397868,late40_r60_n30,dt_ge_2026-03-21_lt_2026-08-07,77,48,0.6234,16,0.2078,1163.62,66.88,0.0575,77,48,0.6234,16,59,2,0.2133,1163.62,66.88,0.00,66.88,0.0575,0.0000,1,1
142398388,late40_r60_n30,dt_ge_2026-03-21_lt_2026-08-07,678,473,0.6976,91,0.1342,15788.01,116.95,0.0074,678,473,0.6976,91,580,7,0.1356,15788.01,116.95,0.00,116.95,0.0074,0.0000,1,1
142404747,late40_r60_n30,dt_ge_2026-03-21_lt_2026-08-07,325,225,0.6923,65,0.2000,1710.01,-207.13,-0.1211,325,225,0.6923,65,248,12,0.2077,1710.01,-207.13,0.00,-207.13,-0.1211,0.0000,1,1
142412540,late40_r60_n30,dt_ge_2026-03-21_lt_2026-08-07,72,48,0.6667,13,0.1806,419.54,0.42,0.0010,72,48,0.6667,13,58,1,0.1831,419.54,0.42,0.00,0.42,0.0010,0.0000,1,1
142416116,late40_r60_n30,dt_ge_2026-03-21_lt_2026-08-07,586,403,0.6877,116,0.1980,33809.73,-6801.06,-0.2012,586,403,0.6877,116,455,15,0.2032,33809.73,-6801.06,0.00,-6801.06,-0.2012,0.0000,1,1
142429841,late40_r60_n30,dt_ge_2026-03-21_lt_2026-08-07,37,25,0.6757,10,0.2703,598.22,-159.52,-0.2667,37,25,0.6757,10,24,3,0.2941,598.22,-159.52,0.00,-159.52,-0.2667,0.0000,1,1
142452262,late40_r60_n30,dt_ge_2026-03-21_lt_2026-08-07,265,170,0.6415,121,0.4566,5881.81,-220.34,-0.0375,265,170,0.6415,121,117,27,0.5084,5881.81,-220.34,0.00,-220.34,-0.0375,0.0000,1,1
142465646,late40_r60_n30,dt_ge_2026-03-21_lt_2026-08-07,43,27,0.6279,16,0.3721,377.35,-118.05,-0.3128,43,27,0.6279,16,25,2,0.3902,377.35,-118.05,0.00,-118.05,-0.3128,0.0000,1,1
142469277,late40_r60_n30,dt_ge_2026-03-21_lt_2026-08-07,38,27,0.7105,16,0.4211,294.25,-31.97,-0.1086,38,27,0.7105,16,19,3,0.4571,294.25,-31.97,0.00,-31.97,-0.1086,0.0000,1,1
142472511,late40_r60_n30,dt_ge_2026-03-21_lt_2026-08-07,42,26,0.6190,15,0.3571,152.81,-13.58,-0.0889,42,26,0.6190,15,20,7,0.4286,152.81,-13.58,0.00,-13.58,-0.0889,0.0000,1,1
142472626,late40_r60_n30,dt_ge_2026-03-21_lt_2026-08-07,31,23,0.7419,5,0.1613,2432.69,-585.41,-0.2406,31,23,0.7419,5,26,0,0.1613,2432.69,-585.41,0.00,-585.41,-0.2406,0.0000,1,1
142488087,late40_r60_n30,dt_ge_2026-03-21_lt_2026-08-07,39,25,0.6410,12,0.3077,331.41,-32.05,-0.0967,39,25,0.6410,12,25,2,0.3243,331.41,-32.05,0.00,-32.05,-0.0967,0.0000,1,1
142518026,late40_r60_n30,dt_ge_2026-03-21_lt_2026-08-07,94,72,0.7660,34,0.3617,1256.10,388.47,0.3093,94,72,0.7660,34,54,6,0.3864,1256.10,388.47,0.00,388.47,0.3093,0.0000,1,1
142547952,late40_r60_n30,dt_ge_2026-03-21_lt_2026-08-07,56,43,0.7679,10,0.1786,3015.66,-501.45,-0.1663,56,43,0.7679,10,42,4,0.1923,3015.66,-501.45,0.00,-501.45,-0.1663,0.0000,1,1
142600437,late40_r60_n30,dt_ge_2026-03-21_lt_2026-08-07,117,71,0.6068,42,0.3590,4628.72,-387.51,-0.0837,117,71,0.6068,42,60,15,0.4118,4628.72,-387.51,0.00,-387.51,-0.0837,0.0000,1,1
142613021,late40_r60_n30,dt_ge_2026-03-21_lt_2026-08-07,85,55,0.6471,37,0.4353,2048.50,-79.04,-0.0386,74,46,0.6216,31,38,5,0.4493,1765.97,-16.02,0.00,-16.02,-0.0091,0.0000,1,1
142656195,late40_r60_n30,dt_ge_2026-03-21_lt_2026-08-07,31,20,0.6452,3,0.0968,497.54,-206.61,-0.4153,31,20,0.6452,3,27,1,0.1000,497.54,-206.61,0.00,-206.61,-0.4153,0.0000,1,1
142675269,late40_r60_n30,dt_ge_2026-03-21_lt_2026-08-07,31,25,0.8065,11,0.3548,1848.55,299.86,0.1622,31,25,0.8065,11,20,0,0.3548,1848.55,299.86,0.00,299.86,0.1622,0.0000,1,1
142694440,late40_r60_n30,dt_ge_2026-03-21_lt_2026-08-07,55,36,0.6545,7,0.1273,774.04,-47.70,-0.0616,55,36,0.6545,7,47,1,0.1296,774.04,-47.70,0.00,-47.70,-0.0616,0.0000,1,1
142727285,late40_r60_n30,dt_ge_2026-03-21_lt_2026-08-07,35,21,0.6000,13,0.3714,13493.17,-1321.33,-0.0979,35,21,0.6000,13,20,2,0.3939,13493.17,-1321.33,0.00,-1321.33,-0.0979,0.0000,1,1
142741419,late40_r60_n30,dt_ge_2026-03-21_lt_2026-08-07,30,23,0.7667,11,0.3667,142.73,-22.56,-0.1581,30,23,0.7667,11,12,7,0.4783,142.73,-22.56,0.00,-22.56,-0.1581,0.0000,1,1
142782140,late40_r60_n30,dt_ge_2026-03-21_lt_2026-08-07,72,58,0.8056,21,0.2917,1389.94,168.44,0.1212,72,58,0.8056,21,49,2,0.3000,1389.94,168.44,0.00,168.44,0.1212,0.0000,1,1
142787856,late40_r60_n30,dt_ge_2026-03-21_lt_2026-08-07,55,40,0.7273,20,0.3636,137.07,-38.35,-0.2798,55,40,0.7273,20,31,4,0.3922,137.07,-38.35,0.00,-38.35,-0.2798,0.0000,1,1
142836522,late40_r60_n30,dt_ge_2026-03-21_lt_2026-08-07,139,86,0.6187,19,0.1367,3481.40,-425.36,-0.1222,139,86,0.6187,19,118,2,0.1387,3481.40,-425.36,0.00,-425.36,-0.1222,0.0000,1,1
142848661,late40_r60_n30,dt_ge_2026-03-21_lt_2026-08-07,44,40,0.9091,8,0.1818,1393.29,-518.91,-0.3724,22,20,0.9091,4,18,0,0.1818,696.64,-259.46,0.00,-259.46,-0.3724,0.0000,1,0
142860331,late40_r60_n30,dt_ge_2026-03-21_lt_2026-08-07,79,50,0.6329,27,0.3418,794.81,313.79,0.3948,79,50,0.6329,27,50,2,0.3506,794.81,313.79,0.00,313.79,0.3948,0.0000,1,1
142890647,late40_r60_n30,dt_ge_2026-03-21_lt_2026-08-07,30,19,0.6333,14,0.4667,261.62,98.01,0.3746,30,19,0.6333,14,14,2,0.5000,261.62,98.01,0.00,98.01,0.3746,0.0000,1,1
142896940,late40_r60_n30,dt_ge_2026-03-21_lt_2026-08-07,66,43,0.6515,23,0.3485,1498.88,-136.53,-0.0911,66,43,0.6515,23,40,3,0.3651,1498.88,-136.53,0.00,-136.53,-0.0911,0.0000,1,1
142920691,late40_r60_n30,dt_ge_2026-03-21_lt_2026-08-07,34,22,0.6471,11,0.3235,341.69,-62.40,-0.1826,34,22,0.6471,11,22,1,0.3333,341.69,-62.40,0.00,-62.40,-0.1826,0.0000,1,1
142981780,late40_r60_n30,dt_ge_2026-03-21_lt_2026-08-07,32,30,0.9375,13,0.4063,316.14,-10.53,-0.0333,32,30,0.9375,13,19,0,0.4063,316.14,-10.53,0.00,-10.53,-0.0333,0.0000,1,1
142985502,late40_r60_n30,dt_ge_2026-03-21_lt_2026-08-07,34,30,0.8824,9,0.2647,1676.09,-127.91,-0.0763,34,30,0.8824,9,25,0,0.2647,1676.09,-127.91,0.00,-127.91,-0.0763,0.0000,1,1
142996112,late40_r60_n30,dt_ge_2026-03-21_lt_2026-08-07,716,436,0.6089,237,0.3310,12475.83,139.24,0.0112,716,436,0.6089,237,431,48,0.3548,12475.83,139.24,0.00,139.24,0.0112,0.0000,1,1
143000819,late40_r60_n30,dt_ge_2026-03-21_lt_2026-08-07,61,37,0.6066,7,0.1148,1163.75,-210.82,-0.1812,61,37,0.6066,7,51,3,0.1207,1163.75,-210.82,0.00,-210.82,-0.1812,0.0000,1,1
143021583,late40_r60_n30,dt_ge_2026-03-21_lt_2026-08-07,32,24,0.7500,6,0.1875,154.06,-35.21,-0.2286,32,24,0.7500,6,26,0,0.1875,154.06,-35.21,0.00,-35.21,-0.2286,0.0000,1,1
143028546,late40_r60_n30,dt_ge_2026-03-21_lt_2026-08-07,61,42,0.6885,11,0.1803,2949.12,-1085.59,-0.3681,61,42,0.6885,11,49,1,0.1833,2949.12,-1085.59,0.00,-1085.59,-0.3681,0.0000,1,1
143033241,late40_r60_n30,dt_ge_2026-03-21_lt_2026-08-07,35,22,0.6286,15,0.4286,758.61,87.43,0.1153,35,22,0.6286,15,16,4,0.4839,758.61,87.43,0.00,87.43,0.1153,0.0000,1,1
143065194,late40_r60_n30,dt_ge_2026-03-21_lt_2026-08-07,1877,1138,0.6063,504,0.2685,2706.58,-128.84,-0.0476,1877,1138,0.6063,504,1260,113,0.2857,2706.58,-128.84,0.00,-128.84,-0.0476,0.0000,1,1
143067845,late40_r60_n30,dt_ge_2026-03-21_lt_2026-08-07,44,27,0.6136,9,0.2045,620.69,53.45,0.0861,44,27,0.6136,9,35,0,0.2045,620.69,53.45,0.00,53.45,0.0861,0.0000,1,1
143120485,late40_r60_n30,dt_ge_2026-03-21_lt_2026-08-07,102,67,0.6569,43,0.4216,801.43,-67.18,-0.0838,102,67,0.6569,43,50,9,0.4624,801.43,-67.18,0.00,-67.18,-0.0838,0.0000,1,1
143127727,late40_r60_n30,dt_ge_2026-03-21_lt_2026-08-07,39,39,1.0000,7,0.1795,534.53,64.51,0.1207,39,39,1.0000,7,31,1,0.1842,534.53,64.51,0.00,64.51,0.1207,0.0000,1,1
143155340,late40_r60_n30,dt_ge_2026-03-21_lt_2026-08-07,52,38,0.7308,20,0.3846,857.57,123.80,0.1444,52,38,0.7308,20,31,1,0.3922,857.57,123.80,0.00,123.80,0.1444,0.0000,1,1
143175186,late40_r60_n30,dt_ge_2026-03-21_lt_2026-08-07,37,23,0.6216,15,0.4054,1164.29,-240.03,-0.2062,37,23,0.6216,15,20,2,0.4286,1164.29,-240.03,0.00,-240.03,-0.2062,0.0000,1,1
143232810,late40_r60_n30,dt_ge_2026-03-21_lt_2026-08-07,755,454,0.6013,302,0.4000,8918.82,381.20,0.0427,755,454,0.6013,302,377,76,0.4448,8918.82,381.20,0.00,381.20,0.0427,0.0000,1,1
143240132,late40_r60_n30,dt_ge_2026-03-21_lt_2026-08-07,47,29,0.6170,14,0.2979,633.85,-123.12,-0.1942,47,29,0.6170,14,31,2,0.3111,633.85,-123.12,0.00,-123.12,-0.1942,0.0000,1,1
143243381,late40_r60_n30,dt_ge_2026-03-21_lt_2026-08-07,47,34,0.7234,16,0.3404,1670.41,201.77,0.1208,47,34,0.7234,16,28,3,0.3636,1670.41,201.77,0.00,201.77,0.1208,0.0000,1,1
143278912,late40_r60_n30,dt_ge_2026-03-21_lt_2026-08-07,62,42,0.6774,5,0.0806,159.68,-32.02,-0.2006,62,42,0.6774,5,57,0,0.0806,159.68,-32.02,0.00,-32.02,-0.2006,0.0000,1,1
143282468,late40_r60_n30,dt_ge_2026-03-21_lt_2026-08-07,65,42,0.6462,9,0.1385,831.09,126.64,0.1524,65,42,0.6462,9,56,0,0.1385,831.09,126.64,0.00,126.64,0.1524,0.0000,1,1
143291467,late40_r60_n30,dt_ge_2026-03-21_lt_2026-08-07,96,68,0.7083,19,0.1979,1400.85,715.30,0.5106,96,68,0.7083,19,74,3,0.2043,1400.85,715.30,0.00,715.30,0.5106,0.0000,1,1
143297178,late40_r60_n30,dt_ge_2026-03-21_lt_2026-08-07,30,21,0.7000,11,0.3667,564.82,119.74,0.2120,30,21,0.7000,11,18,1,0.3793,564.82,119.74,0.00,119.74,0.2120,0.0000,1,1
143303301,late40_r60_n30,dt_ge_2026-03-21_lt_2026-08-07,42,30,0.7143,16,0.3810,881.00,-114.89,-0.1304,42,30,0.7143,16,23,3,0.4103,881.00,-114.89,0.00,-114.89,-0.1304,0.0000,1,1
143365999,late40_r60_n30,dt_ge_2026-03-21_lt_2026-08-07,98,80,0.8163,28,0.2857,1801.17,-180.35,-0.1001,98,80,0.8163,28,65,5,0.3011,1801.17,-180.35,0.00,-180.35,-0.1001,0.0000,1,1
143393129,late40_r60_n30,dt_ge_2026-03-21_lt_2026-08-07,33,32,0.9697,5,0.1515,246.05,-81.15,-0.3298,33,32,0.9697,5,27,1,0.1563,246.05,-81.15,0.00,-81.15,-0.3298,0.0000,1,1
143397315,late40_r60_n30,dt_ge_2026-03-21_lt_2026-08-07,44,32,0.7273,16,0.3636,411.57,92.66,0.2251,44,32,0.7273,16,26,2,0.3810,411.57,92.66,0.00,92.66,0.2251,0.0000,1,1
143400314,late40_r60_n30,dt_ge_2026-03-21_lt_2026-08-07,53,51,0.9623,9,0.1698,600.01,-91.67,-0.1528,53,51,0.9623,9,42,2,0.1765,600.01,-91.67,0.00,-91.67,-0.1528,0.0000,1,1
143447737,late40_r60_n30,dt_ge_2026-03-21_lt_2026-08-07,30,18,0.6000,18,0.6000,199.78,56.30,0.2818,30,18,0.6000,18,10,2,0.6429,199.78,56.30,0.00,56.30,0.2818,0.0000,1,1
143481672,late40_r60_n30,dt_ge_2026-03-21_lt_2026-08-07,32,23,0.7188,3,0.0938,113.84,-55.24,-0.4852,32,23,0.7188,3,29,0,0.0938,113.84,-55.24,0.00,-55.24,-0.4852,0.0000,1,1
143493338,late40_r60_n30,dt_ge_2026-03-21_lt_2026-08-07,42,27,0.6429,19,0.4524,329.25,25.12,0.0763,42,27,0.6429,19,21,2,0.4750,329.25,25.12,0.00,25.12,0.0763,0.0000,1,1
143498616,late40_r60_n30,dt_ge_2026-03-21_lt_2026-08-07,33,25,0.7576,4,0.1212,147.48,-62.31,-0.4225,33,25,0.7576,4,28,1,0.1250,147.48,-62.31,0.00,-62.31,-0.4225,0.0000,1,1
143511554,late40_r60_n30,dt_ge_2026-03-21_lt_2026-08-07,46,29,0.6304,18,0.3913,369.56,-35.44,-0.0959,46,29,0.6304,18,23,5,0.4390,369.56,-35.44,0.00,-35.44,-0.0959,0.0000,1,1
143542502,late40_r60_n30,dt_ge_2026-03-21_lt_2026-08-07,44,27,0.6136,8,0.1818,572.39,-106.36,-0.1858,44,27,0.6136,8,34,2,0.1905,572.39,-106.36,0.00,-106.36,-0.1858,0.0000,1,1
143554505,late40_r60_n30,dt_ge_2026-03-21_lt_2026-08-07,118,76,0.6441,44,0.3729,286.48,-24.04,-0.0839,118,76,0.6441,44,60,14,0.4231,286.48,-24.04,0.00,-24.04,-0.0839,0.0000,1,1
143599018,late40_r60_n30,dt_ge_2026-03-21_lt_2026-08-07,46,28,0.6087,8,0.1739,503.35,3.89,0.0077,23,14,0.6087,4,18,1,0.1818,251.67,1.95,0.00,1.95,0.0077,0.0000,1,0
143611844,late40_r60_n30,dt_ge_2026-03-21_lt_2026-08-07,91,57,0.6264,32,0.3516,1854.41,257.17,0.1387,91,57,0.6264,32,58,1,0.3556,1854.41,257.17,14.84,272.00,0.1387,0.0000,1,1
143614046,late40_r60_n30,dt_ge_2026-03-21_lt_2026-08-07,51,39,0.7647,22,0.4314,758.42,-14.88,-0.0196,38,26,0.6842,16,18,4,0.4706,557.60,24.04,0.00,24.04,0.0431,0.0000,1,1
143614797,late40_r60_n30,dt_ge_2026-03-21_lt_2026-08-07,58,35,0.6034,12,0.2069,257.27,21.19,0.0824,58,35,0.6034,12,43,3,0.2182,257.27,21.19,0.00,21.19,0.0824,0.0000,1,1
143617976,late40_r60_n30,dt_ge_2026-03-21_lt_2026-08-07,63,56,0.8889,16,0.2540,802.82,242.65,0.3022,63,56,0.8889,16,45,2,0.2623,802.82,242.65,0.00,242.65,0.3022,0.0000,1,1
143630793,late40_r60_n30,dt_ge_2026-03-21_lt_2026-08-07,44,32,0.7273,22,0.5000,3025.00,-95.00,-0.0314,44,32,0.7273,22,18,4,0.5500,3025.00,-95.00,0.00,-95.00,-0.0314,0.0000,1,1
143638133,late40_r60_n30,dt_ge_2026-03-21_lt_2026-08-07,296,179,0.6047,80,0.2703,1901.63,-54.29,-0.0285,296,179,0.6047,80,199,17,0.2867,1901.63,-54.29,0.00,-54.29,-0.0285,0.0000,1,1
143645369,late40_r60_n30,dt_ge_2026-03-21_lt_2026-08-07,304,184,0.6053,54,0.1776,959.72,-239.35,-0.2494,304,184,0.6053,54,245,5,0.1806,959.72,-239.35,0.00,-239.35,-0.2494,0.0000,1,1
143705922,late40_r60_n30,dt_ge_2026-03-21_lt_2026-08-07,44,30,0.6818,9,0.2045,198.02,-26.43,-0.1335,44,30,0.6818,9,35,0,0.2045,198.02,-26.43,0.00,-26.43,-0.1335,0.0000,1,1
143787995,late40_r60_n30,dt_ge_2026-03-21_lt_2026-08-07,107,69,0.6449,48,0.4486,3853.82,-20.65,-0.0054,107,69,0.6449,48,44,15,0.5217,3853.82,-20.65,0.00,-20.65,-0.0054,0.0000,1,1
143825716,late40_r60_n30,dt_ge_2026-03-21_lt_2026-08-07,33,21,0.6364,16,0.4848,870.46,-43.03,-0.0494,33,21,0.6364,16,17,0,0.4848,870.46,-43.03,0.00,-43.03,-0.0494,0.0000,1,1
143827374,late40_r60_n30,dt_ge_2026-03-21_lt_2026-08-07,53,32,0.6038,20,0.3774,1746.44,-320.61,-0.1836,53,32,0.6038,20,22,11,0.4762,1746.44,-320.61,0.00,-320.61,-0.1836,0.0000,1,1
143829990,late40_r60_n30,dt_ge_2026-03-21_lt_2026-08-07,56,50,0.8929,14,0.2500,491.43,-105.35,-0.2144,56,50,0.8929,14,41,1,0.2545,491.43,-105.35,0.00,-105.35,-0.2144,0.0000,1,1
143835245,late40_r60_n30,dt_ge_2026-03-21_lt_2026-08-07,32,20,0.6250,15,0.4688,1121.26,-10.90,-0.0097,32,20,0.6250,15,16,1,0.4839,1121.26,-10.90,0.00,-10.90,-0.0097,0.0000,1,1
143843966,late40_r60_n30,dt_ge_2026-03-21_lt_2026-08-07,40,24,0.6000,8,0.2000,562.06,105.52,0.1877,40,24,0.6000,8,31,1,0.2051,562.06,105.52,0.00,105.52,0.1877,0.0000,1,1
143845592,late40_r60_n30,dt_ge_2026-03-21_lt_2026-08-07,63,39,0.6190,14,0.2222,705.46,73.44,0.1041,63,39,0.6190,14,45,4,0.2373,705.46,73.44,0.00,73.44,0.1041,0.0000,1,1
143877080,late40_r60_n30,dt_ge_2026-03-21_lt_2026-08-07,31,30,0.9677,7,0.2258,230.35,23.56,0.1023,31,30,0.9677,7,22,2,0.2414,230.35,23.56,0.00,23.56,0.1023,0.0000,1,1
143891658,late40_r60_n30,dt_ge_2026-03-21_lt_2026-08-07,35,23,0.6571,8,0.2286,549.77,115.08,0.2093,35,23,0.6571,8,24,3,0.2500,549.77,115.08,0.00,115.08,0.2093,0.0000,1,1
143901121,late40_r60_n30,dt_ge_2026-03-21_lt_2026-08-07,31,21,0.6774,4,0.1290,162.97,-116.90,-0.7173,31,21,0.6774,4,26,1,0.1333,162.97,-116.90,0.00,-116.90,-0.7173,0.0000,1,1
143908208,late40_r60_n30,dt_ge_2026-03-21_lt_2026-08-07,61,42,0.6885,8,0.1311,376.97,-81.69,-0.2167,61,42,0.6885,8,49,4,0.1404,376.97,-81.69,0.00,-81.69,-0.2167,0.0000,1,1
143956313,late40_r60_n30,dt_ge_2026-03-21_lt_2026-08-07,52,39,0.7500,23,0.4423,269.93,119.96,0.4444,52,39,0.7500,23,22,7,0.5111,269.93,119.96,0.00,119.96,0.4444,0.0000,1,1
143964102,late40_r60_n30,dt_ge_2026-03-21_lt_2026-08-07,42,34,0.8095,15,0.3571,345.00,-94.90,-0.2751,42,34,0.8095,15,22,5,0.4054,345.00,-94.90,0.00,-94.90,-0.2751,0.0000,1,1
143964784,late40_r60_n30,dt_ge_2026-03-21_lt_2026-08-07,31,31,1.0000,11,0.3548,1258.62,599.16,0.4760,31,31,1.0000,11,20,0,0.3548,1258.62,599.16,0.00,599.16,0.4760,0.0000,1,1
144021646,late40_r60_n30,dt_ge_2026-03-21_lt_2026-08-07,63,55,0.8730,12,0.1905,307.80,-43.22,-0.1404,63,55,0.8730,12,48,3,0.2000,307.80,-43.22,0.00,-43.22,-0.1404,0.0000,1,1
144023893,late40_r60_n30,dt_ge_2026-03-21_lt_2026-08-07,67,42,0.6269,32,0.4776,895.74,-139.26,-0.1555,67,42,0.6269,32,31,4,0.5079,895.74,-139.26,0.00,-139.26,-0.1555,0.0000,1,1
144046688,late40_r60_n30,dt_ge_2026-03-21_lt_2026-08-07,109,67,0.6147,31,0.2844,1821.91,-278.26,-0.1527,109,67,0.6147,31,73,5,0.2981,1821.91,-278.26,0.00,-278.26,-0.1527,0.0000,1,1
144108674,late40_r60_n30,dt_ge_2026-03-21_lt_2026-08-07,41,25,0.6098,12,0.2927,1078.70,-427.32,-0.3961,41,25,0.6098,12,26,3,0.3158,1078.70,-427.32,0.00,-427.32,-0.3961,0.0000,1,1
144109633,late40_r60_n30,dt_ge_2026-03-21_lt_2026-08-07,67,46,0.6866,27,0.4030,847.64,8.06,0.0095,67,46,0.6866,27,30,10,0.4737,847.64,8.06,0.00,8.06,0.0095,0.0000,1,1
144124002,late40_r60_n30,dt_ge_2026-03-21_lt_2026-08-07,75,46,0.6133,16,0.2133,1754.57,-574.84,-0.3276,75,46,0.6133,16,53,6,0.2319,1754.57,-574.84,0.00,-574.84,-0.3276,0.0000,1,1
144133379,late40_r60_n30,dt_ge_2026-03-21_lt_2026-08-07,38,24,0.6316,10,0.2632,190.28,42.49,0.2233,38,24,0.6316,10,25,3,0.2857,190.28,42.49,0.00,42.49,0.2233,0.0000,1,1
144157181,late40_r60_n30,dt_ge_2026-03-21_lt_2026-08-07,126,78,0.6190,29,0.2302,2282.54,506.24,0.2218,126,78,0.6190,29,92,5,0.2397,2282.54,506.24,0.00,506.24,0.2218,0.0000,1,1
144162182,late40_r60_n30,dt_ge_2026-03-21_lt_2026-08-07,35,25,0.7143,3,0.0857,92.56,-17.63,-0.1905,35,25,0.7143,3,32,0,0.0857,92.56,-17.63,0.00,-17.63,-0.1905,0.0000,1,1
144196289,late40_r60_n30,dt_ge_2026-03-21_lt_2026-08-07,43,29,0.6744,17,0.3953,8215.85,-866.35,-0.1054,43,29,0.6744,17,22,4,0.4359,8215.85,-866.35,0.00,-866.35,-0.1054,0.0000,1,1
144273005,late40_r60_n30,dt_ge_2026-03-21_lt_2026-08-07,92,58,0.6304,45,0.4891,23453.00,5025.25,0.2143,92,58,0.6304,45,37,10,0.5488,23453.00,5025.25,0.00,5025.25,0.2143,0.0000,1,1
144273876,late40_r60_n30,dt_ge_2026-03-21_lt_2026-08-07,239,178,0.7448,60,0.2510,2332.53,-216.21,-0.0927,154,108,0.7013,41,104,9,0.2828,1485.98,-110.13,0.00,-110.13,-0.0741,0.0000,1,1
144324483,late40_r60_n30,dt_ge_2026-03-21_lt_2026-08-07,31,23,0.7419,5,0.1613,234.58,-50.45,-0.2150,31,23,0.7419,5,25,1,0.1667,234.58,-50.45,0.00,-50.45,-0.2150,0.0000,1,1
144325010,late40_r60_n30,dt_ge_2026-03-21_lt_2026-08-07,42,31,0.7381,5,0.1190,217.15,-114.69,-0.5282,42,31,0.7381,5,37,0,0.1190,217.15,-114.69,0.00,-114.69,-0.5282,0.0000,1,1
144345045,late40_r60_n30,dt_ge_2026-03-21_lt_2026-08-07,45,32,0.7111,10,0.2222,1139.18,-274.49,-0.2410,45,32,0.7111,10,32,3,0.2381,1139.18,-274.49,0.00,-274.49,-0.2410,0.0000,1,1
144351701,late40_r60_n30,dt_ge_2026-03-21_lt_2026-08-07,33,20,0.6061,15,0.4545,2879.36,917.47,0.3186,33,20,0.6061,15,14,4,0.5172,2879.36,917.47,0.00,917.47,0.3186,0.0000,1,1
144364610,late40_r60_n30,dt_ge_2026-03-21_lt_2026-08-07,40,28,0.7000,18,0.4500,6194.46,1127.72,0.1821,40,28,0.7000,18,15,7,0.5455,6194.46,1127.72,0.00,1127.72,0.1821,0.0000,1,1
144369371,late40_r60_n30,dt_ge_2026-03-21_lt_2026-08-07,45,27,0.6000,9,0.2000,675.39,-128.96,-0.1909,45,27,0.6000,9,35,1,0.2045,675.39,-128.96,0.00,-128.96,-0.1909,0.0000,1,1
144396992,late40_r60_n30,dt_ge_2026-03-21_lt_2026-08-07,51,43,0.8431,14,0.2745,12786.02,3078.92,0.2408,51,43,0.8431,14,36,1,0.2800,12786.02,3078.92,0.00,3078.92,0.2408,0.0000,1,1
144405595,late40_r60_n30,dt_ge_2026-03-21_lt_2026-08-07,30,22,0.7333,9,0.3000,153.90,-70.20,-0.4562,30,22,0.7333,9,19,2,0.3214,153.90,-70.20,0.00,-70.20,-0.4562,0.0000,1,1
144411352,late40_r60_n30,dt_ge_2026-03-21_lt_2026-08-07,40,30,0.7500,5,0.1250,174.59,-40.57,-0.2324,40,30,0.7500,5,33,2,0.1316,174.59,-40.57,0.00,-40.57,-0.2324,0.0000,1,1
144411573,late40_r60_n30,dt_ge_2026-03-21_lt_2026-08-07,37,33,0.8919,10,0.2703,1795.67,-192.39,-0.1071,37,33,0.8919,10,23,4,0.3030,1795.67,-192.39,0.00,-192.39,-0.1071,0.0000,1,1
144463055,late40_r60_n30,dt_ge_2026-03-21_lt_2026-08-07,45,30,0.6667,12,0.2667,6038.36,-17.48,-0.0029,45,30,0.6667,12,32,1,0.2727,6038.36,-17.48,0.00,-17.48,-0.0029,0.0000,1,1
144480745,late40_r60_n30,dt_ge_2026-03-21_lt_2026-08-07,136,87,0.6397,22,0.1618,4305.94,-160.98,-0.0374,136,87,0.6397,22,113,1,0.1630,4305.94,-160.98,0.00,-160.98,-0.0374,0.0000,1,1
144484761,late40_r60_n30,dt_ge_2026-03-21_lt_2026-08-07,42,42,1.0000,4,0.0952,337.32,-50.81,-0.1506,42,42,1.0000,4,38,0,0.0952,337.32,-50.81,0.00,-50.81,-0.1506,0.0000,1,1
144507455,late40_r60_n30,dt_ge_2026-03-21_lt_2026-08-07,64,46,0.7188,30,0.4688,9801.07,1784.47,0.1821,64,46,0.7188,30,30,4,0.5000,9801.07,1784.47,0.00,1784.47,0.1821,0.0000,1,1
144512508,late40_r60_n30,dt_ge_2026-03-21_lt_2026-08-07,505,309,0.6119,75,0.1485,7418.89,-132.80,-0.0179,505,309,0.6119,75,422,8,0.1509,7418.89,-132.80,0.00,-132.80,-0.0179,0.0000,1,1
144545383,late40_r60_n30,dt_ge_2026-03-21_lt_2026-08-07,62,39,0.6290,26,0.4194,387.54,-54.10,-0.1396,62,39,0.6290,26,28,8,0.4815,387.54,-54.10,0.00,-54.10,-0.1396,0.0000,1,1
144567936,late40_r60_n30,dt_ge_2026-03-21_lt_2026-08-07,36,27,0.7500,13,0.3611,1262.00,-235.70,-0.1868,36,27,0.7500,13,18,5,0.4194,1262.00,-235.70,0.00,-235.70,-0.1868,0.0000,1,1
144575854,late40_r60_n30,dt_ge_2026-03-21_lt_2026-08-07,113,106,0.9381,17,0.1504,619.85,-131.55,-0.2122,113,106,0.9381,17,95,1,0.1518,619.85,-131.55,0.00,-131.55,-0.2122,0.0000,1,1
144590787,late40_r60_n30,dt_ge_2026-03-21_lt_2026-08-07,33,21,0.6364,14,0.4242,266.72,-25.98,-0.0974,33,21,0.6364,14,16,3,0.4667,266.72,-25.98,0.00,-25.98,-0.0974,0.0000,1,1
144595722,late40_r60_n30,dt_ge_2026-03-21_lt_2026-08-07,36,22,0.6111,9,0.2500,379.78,-208.22,-0.5483,36,22,0.6111,9,25,2,0.2647,379.78,-208.22,0.00,-208.22,-0.5483,0.0000,1,1
144733335,late40_r60_n30,dt_ge_2026-03-21_lt_2026-08-07,37,37,1.0000,8,0.2162,433.29,50.59,0.1168,37,37,1.0000,8,29,0,0.2162,433.29,50.59,0.00,50.59,0.1168,0.0000,1,1
144758922,late40_r60_n30,dt_ge_2026-03-21_lt_2026-08-07,46,38,0.8261,11,0.2391,293.04,84.33,0.2878,46,38,0.8261,11,33,2,0.2500,293.04,84.33,0.00,84.33,0.2878,0.0000,1,1
144771772,late40_r60_n30,dt_ge_2026-03-21_lt_2026-08-07,49,37,0.7551,16,0.3265,1809.05,98.37,0.0544,49,37,0.7551,16,29,4,0.3556,1809.05,98.37,0.00,98.37,0.0544,0.0000,1,1
144789241,late40_r60_n30,dt_ge_2026-03-21_lt_2026-08-07,38,29,0.7632,9,0.2368,1507.43,140.17,0.0930,38,29,0.7632,9,28,1,0.2432,1507.43,140.17,0.00,140.17,0.0930,0.0000,1,1
144817690,late40_r60_n30,dt_ge_2026-03-21_lt_2026-08-07,41,27,0.6585,19,0.4634,406.48,-45.49,-0.1119,41,27,0.6585,19,19,3,0.5000,406.48,-45.49,0.00,-45.49,-0.1119,0.0000,1,1
144828796,late40_r60_n30,dt_ge_2026-03-21_lt_2026-08-07,30,24,0.8000,6,0.2000,351.89,-158.39,-0.4501,30,24,0.8000,6,23,1,0.2069,351.89,-158.39,0.00,-158.39,-0.4501,0.0000,1,1
144853099,late40_r60_n30,dt_ge_2026-03-21_lt_2026-08-07,32,21,0.6563,16,0.5000,125.49,-9.68,-0.0772,32,21,0.6563,16,14,2,0.5333,125.49,-9.68,0.00,-9.68,-0.0772,0.0000,1,1
144870748,late40_r60_n30,dt_ge_2026-03-21_lt_2026-08-07,31,23,0.7419,6,0.1935,2635.69,-1204.41,-0.4570,31,23,0.7419,6,22,3,0.2143,2635.69,-1204.41,0.00,-1204.41,-0.4570,0.0000,1,1
144906652,late40_r60_n30,dt_ge_2026-03-21_lt_2026-08-07,37,28,0.7568,9,0.2432,544.20,-60.48,-0.1111,37,28,0.7568,9,24,4,0.2727,544.20,-60.48,0.00,-60.48,-0.1111,0.0000,1,1
144914459,late40_r60_n30,dt_ge_2026-03-21_lt_2026-08-07,86,74,0.8605,13,0.1512,451.84,-115.01,-0.2545,86,74,0.8605,13,72,1,0.1529,451.84,-115.01,0.00,-115.01,-0.2545,0.0000,1,1
144947793,late40_r60_n30,dt_ge_2026-03-21_lt_2026-08-07,35,21,0.6000,7,0.2000,535.85,-248.38,-0.4635,35,21,0.6000,7,26,2,0.2121,535.85,-248.38,0.00,-248.38,-0.4635,0.0000,1,1
144970445,late40_r60_n30,dt_ge_2026-03-21_lt_2026-08-07,84,58,0.6905,15,0.1786,1281.69,-160.08,-0.1249,84,58,0.6905,15,64,5,0.1899,1281.69,-160.08,0.00,-160.08,-0.1249,0.0000,1,1
144982233,late40_r60_n30,dt_ge_2026-03-21_lt_2026-08-07,43,29,0.6744,9,0.2093,223.59,23.02,0.1030,43,29,0.6744,9,32,2,0.2195,223.59,23.02,0.00,23.02,0.1030,0.0000,1,1
144994336,late40_r60_n30,dt_ge_2026-03-21_lt_2026-08-07,54,35,0.6481,17,0.3148,567.98,-95.32,-0.1678,54,35,0.6481,17,35,2,0.3269,567.98,-95.32,0.00,-95.32,-0.1678,0.0000,1,1
144994688,late40_r60_n30,dt_ge_2026-03-21_lt_2026-08-07,36,23,0.6389,14,0.3889,543.16,15.32,0.0282,36,23,0.6389,14,19,3,0.4242,543.16,15.32,0.00,15.32,0.0282,0.0000,1,1
145051725,late40_r60_n30,dt_ge_2026-03-21_lt_2026-08-07,5872,4056,0.6907,1709,0.2910,29852.82,-1644.98,-0.0551,5872,4056,0.6907,1709,3870,293,0.3063,29852.82,-1644.98,0.00,-1644.98,-0.0551,0.0000,1,1
145060395,late40_r60_n30,dt_ge_2026-03-21_lt_2026-08-07,68,53,0.7794,18,0.2647,1367.29,-63.12,-0.0462,68,53,0.7794,18,48,2,0.2727,1367.29,-63.12,0.00,-63.12,-0.0462,0.0000,1,1
145079989,late40_r60_n30,dt_ge_2026-03-21_lt_2026-08-07,45,29,0.6444,24,0.5333,408.69,45.22,0.1107,45,29,0.6444,24,19,2,0.5581,408.69,45.22,0.00,45.22,0.1107,0.0000,1,1
145113961,late40_r60_n30,dt_ge_2026-03-21_lt_2026-08-07,40,26,0.6500,11,0.2750,728.49,-125.93,-0.1729,40,26,0.6500,11,28,1,0.2821,728.49,-125.93,0.00,-125.93,-0.1729,0.0000,1,1
145122098,late40_r60_n30,dt_ge_2026-03-21_lt_2026-08-07,445,268,0.6022,87,0.1955,7117.16,-909.79,-0.1278,445,268,0.6022,87,341,17,0.2033,7117.16,-909.79,0.00,-909.79,-0.1278,0.0000,1,1
145143397,late40_r60_n30,dt_ge_2026-03-21_lt_2026-08-07,42,27,0.6429,21,0.5000,13930.69,361.18,0.0259,42,27,0.6429,21,18,3,0.5385,13930.69,361.18,0.00,361.18,0.0259,0.0000,1,1
145213999,late40_r60_n30,dt_ge_2026-03-21_lt_2026-08-07,81,64,0.7901,11,0.1358,1979.69,-385.57,-0.1948,81,64,0.7901,11,68,2,0.1392,1979.69,-385.57,0.00,-385.57,-0.1948,0.0000,1,1
145237884,late40_r60_n30,dt_ge_2026-03-21_lt_2026-08-07,41,32,0.7805,13,0.3171,171.61,39.28,0.2289,41,32,0.7805,13,26,2,0.3333,171.61,39.28,0.00,39.28,0.2289,0.0000,1,1
145247897,late40_r60_n30,dt_ge_2026-03-21_lt_2026-08-07,55,45,0.8182,12,0.2182,1153.78,-285.89,-0.2478,55,45,0.8182,12,43,0,0.2182,1153.78,-285.89,0.00,-285.89,-0.2478,0.0000,1,1
145262340,late40_r60_n30,dt_ge_2026-03-21_lt_2026-08-07,35,24,0.6857,15,0.4286,382.22,-32.35,-0.0846,35,24,0.6857,15,17,3,0.4688,382.22,-32.35,0.00,-32.35,-0.0846,0.0000,1,1
145272001,late40_r60_n30,dt_ge_2026-03-21_lt_2026-08-07,31,19,0.6129,17,0.5484,5390.75,942.61,0.1749,31,19,0.6129,17,12,2,0.5862,5390.75,942.61,0.00,942.61,0.1749,0.0000,1,1
145308883,late40_r60_n30,dt_ge_2026-03-21_lt_2026-08-07,51,32,0.6275,9,0.1765,5142.69,-2386.95,-0.4641,51,32,0.6275,9,35,7,0.2045,5142.69,-2386.95,0.00,-2386.95,-0.4641,0.0000,1,1
145416764,late40_r60_n30,dt_ge_2026-03-21_lt_2026-08-07,36,22,0.6111,18,0.5000,112.82,18.87,0.1672,36,22,0.6111,18,14,4,0.5625,112.82,18.87,0.00,18.87,0.1672,0.0000,1,1
145421337,late40_r60_n30,dt_ge_2026-03-21_lt_2026-08-07,109,82,0.7523,19,0.1743,3077.41,347.65,0.1130,109,82,0.7523,19,88,2,0.1776,3077.41,347.65,0.00,347.65,0.1130,0.0000,1,1
145428964,late40_r60_n30,dt_ge_2026-03-21_lt_2026-08-07,50,31,0.6200,19,0.3800,226.31,-24.94,-0.1102,50,31,0.6200,19,28,3,0.4043,226.31,-24.94,0.00,-24.94,-0.1102,0.0000,1,1
145434410,late40_r60_n30,dt_ge_2026-03-21_lt_2026-08-07,37,28,0.7568,16,0.4324,294.59,-72.08,-0.2447,37,28,0.7568,16,19,2,0.4571,294.59,-72.08,0.00,-72.08,-0.2447,0.0000,1,1
145447259,late40_r60_n30,dt_ge_2026-03-21_lt_2026-08-07,153,97,0.6340,64,0.4183,2907.88,-92.04,-0.0317,153,97,0.6340,64,68,21,0.4848,2907.88,-92.04,0.00,-92.04,-0.0317,0.0000,1,1
145479911,late40_r60_n30,dt_ge_2026-03-21_lt_2026-08-07,86,54,0.6279,34,0.3953,1077.67,59.71,0.0554,86,54,0.6279,34,46,6,0.4250,1077.67,59.71,0.00,59.71,0.0554,0.0000,1,1
145490452,late40_r60_n30,dt_ge_2026-03-21_lt_2026-08-07,66,42,0.6364,30,0.4545,382.10,15.25,0.0399,63,42,0.6667,29,31,3,0.4833,367.31,24.98,0.00,24.98,0.0680,0.0000,1,1
145536580,late40_r60_n30,dt_ge_2026-03-21_lt_2026-08-07,365,234,0.6411,160,0.4384,116514.00,-12171.75,-0.1045,365,234,0.6411,160,168,37,0.4878,116514.00,-12171.75,0.00,-12171.75,-0.1045,0.0000,1,1
145561329,late40_r60_n30,dt_ge_2026-03-21_lt_2026-08-07,34,22,0.6471,7,0.2059,193.63,-70.61,-0.3647,34,22,0.6471,7,26,1,0.2121,193.63,-70.61,0.00,-70.61,-0.3647,0.0000,1,1
145592498,late40_r60_n30,dt_ge_2026-03-21_lt_2026-08-07,32,23,0.7188,13,0.4063,504.67,38.88,0.0770,32,23,0.7188,13,17,2,0.4333,504.67,38.88,0.00,38.88,0.0770,0.0000,1,1
145599100,late40_r60_n30,dt_ge_2026-03-21_lt_2026-08-07,37,23,0.6216,4,0.1081,106.94,-44.37,-0.4149,37,23,0.6216,4,32,1,0.1111,106.94,-44.37,0.00,-44.37,-0.4149,0.0000,1,1
145651422,late40_r60_n30,dt_ge_2026-03-21_lt_2026-08-07,59,36,0.6102,16,0.2712,2918.71,795.22,0.2725,59,36,0.6102,16,42,1,0.2759,2918.71,795.22,0.00,795.22,0.2725,0.0000,1,1
145653961,late40_r60_n30,dt_ge_2026-03-21_lt_2026-08-07,58,58,1.0000,12,0.2069,8328.58,-883.45,-0.1061,29,29,1.0000,6,22,1,0.2143,4164.29,-441.73,0.00,-441.73,-0.1061,0.0000,1,0
145656044,late40_r60_n30,dt_ge_2026-03-21_lt_2026-08-07,33,28,0.8485,7,0.2121,202.38,178.38,0.8814,33,28,0.8485,7,26,0,0.2121,202.38,178.38,0.00,178.38,0.8814,0.0000,1,1
145677448,late40_r60_n30,dt_ge_2026-03-21_lt_2026-08-07,31,19,0.6129,10,0.3226,472.25,4.95,0.0105,31,19,0.6129,10,20,1,0.3333,472.25,4.95,0.00,4.95,0.0105,0.0000,1,1
145720026,late40_r60_n30,dt_ge_2026-03-21_lt_2026-08-07,76,49,0.6447,35,0.4605,345.30,-34.37,-0.0995,76,49,0.6447,35,37,4,0.4861,345.30,-34.37,0.00,-34.37,-0.0995,0.0000,1,1
145727333,late40_r60_n30,dt_ge_2026-03-21_lt_2026-08-07,125,85,0.6800,50,0.4000,7526.03,-1271.33,-0.1689,123,83,0.6748,48,67,8,0.4174,7463.01,-1334.35,0.00,-1334.35,-0.1788,0.0000,1,1
145757851,late40_r60_n30,dt_ge_2026-03-21_lt_2026-08-07,48,33,0.6875,19,0.3958,4990.71,1309.84,0.2625,48,33,0.6875,19,24,5,0.4419,4990.71,1309.84,0.00,1309.84,0.2625,0.0000,1,1
145791556,late40_r60_n30,dt_ge_2026-03-21_lt_2026-08-07,136,87,0.6397,27,0.1985,1321.32,-20.55,-0.0156,136,87,0.6397,27,99,10,0.2143,1321.32,-20.55,0.00,-20.55,-0.0156,0.0000,1,1
145809172,late40_r60_n30,dt_ge_2026-03-21_lt_2026-08-07,38,23,0.6053,10,0.2632,198.17,-21.08,-0.1064,38,23,0.6053,10,24,4,0.2941,198.17,-21.08,0.00,-21.08,-0.1064,0.0000,1,1
145825273,late40_r60_n30,dt_ge_2026-03-21_lt_2026-08-07,41,29,0.7073,14,0.3415,826.44,-47.75,-0.0578,41,29,0.7073,14,25,2,0.3590,826.44,-47.75,0.00,-47.75,-0.0578,0.0000,1,1
145848940,late40_r60_n30,dt_ge_2026-03-21_lt_2026-08-07,31,20,0.6452,23,0.7419,3644.22,1109.41,0.3044,31,20,0.6452,23,8,0,0.7419,3644.22,1109.41,0.00,1109.41,0.3044,0.0000,1,1
145851013,late40_r60_n30,dt_ge_2026-03-21_lt_2026-08-07,88,60,0.6818,26,0.2955,3747.35,-460.42,-0.1229,88,60,0.6818,26,52,10,0.3333,3747.35,-460.42,0.00,-460.42,-0.1229,0.0000,1,1
145877420,late40_r60_n30,dt_ge_2026-03-21_lt_2026-08-07,584,351,0.6010,241,0.4127,4279.07,8.66,0.0020,584,351,0.6010,241,302,41,0.4438,4279.07,8.66,0.00,8.66,0.0020,0.0000,1,1
145885405,late40_r60_n30,dt_ge_2026-03-21_lt_2026-08-07,42,27,0.6429,16,0.3810,8320.00,-85.50,-0.0103,42,27,0.6429,16,20,6,0.4444,8320.00,-85.50,0.00,-85.50,-0.0103,0.0000,1,1
145890793,late40_r60_n30,dt_ge_2026-03-21_lt_2026-08-07,51,41,0.8039,8,0.1569,2109.26,-262.62,-0.1245,51,41,0.8039,8,41,2,0.1633,2109.26,-262.62,0.00,-262.62,-0.1245,0.0000,1,1
145891933,late40_r60_n30,dt_ge_2026-03-21_lt_2026-08-07,100,62,0.6200,19,0.1900,4522.17,1420.42,0.3141,100,62,0.6200,19,79,2,0.1939,4522.17,1420.42,0.00,1420.42,0.3141,0.0000,1,1
145915071,late40_r60_n30,dt_ge_2026-03-21_lt_2026-08-07,47,30,0.6383,11,0.2340,5130.50,1001.62,0.1952,46,30,0.6522,11,33,2,0.2500,5000.77,1131.34,0.00,1131.34,0.2262,0.0000,1,1
145931262,late40_r60_n30,dt_ge_2026-03-21_lt_2026-08-07,48,33,0.6875,9,0.1875,3052.31,-210.93,-0.0691,48,33,0.6875,9,38,1,0.1915,3052.31,-210.93,0.00,-210.93,-0.0691,0.0000,1,1
145932217,late40_r60_n30,dt_ge_2026-03-21_lt_2026-08-07,46,30,0.6522,22,0.4783,289.54,-11.78,-0.0407,46,30,0.6522,22,23,1,0.4889,289.54,-11.78,0.00,-11.78,-0.0407,0.0000,1,1
145969483,late40_r60_n30,dt_ge_2026-03-21_lt_2026-08-07,75,48,0.6400,31,0.4133,544.14,-102.04,-0.1875,75,48,0.6400,31,41,3,0.4306,544.14,-102.04,0.00,-102.04,-0.1875,0.0000,1,1
145977127,late40_r60_n30,dt_ge_2026-03-21_lt_2026-08-07,40,31,0.7750,24,0.6000,832.38,258.60,0.3107,40,31,0.7750,24,14,2,0.6316,832.38,258.60,0.00,258.60,0.3107,0.0000,1,1
145980933,late40_r60_n30,dt_ge_2026-03-21_lt_2026-08-07,96,59,0.6146,17,0.1771,1025.10,-72.26,-0.0705,96,59,0.6146,17,76,3,0.1828,1025.10,-72.26,0.00,-72.26,-0.0705,0.0000,1,1
146010982,late40_r60_n30,dt_ge_2026-03-21_lt_2026-08-07,35,21,0.6000,9,0.2571,983.66,-127.15,-0.1293,35,21,0.6000,9,25,1,0.2647,983.66,-127.15,0.00,-127.15,-0.1293,0.0000,1,1
146011442,late40_r60_n30,dt_ge_2026-03-21_lt_2026-08-07,519,355,0.6840,138,0.2659,22204.76,1074.58,0.0484,519,355,0.6840,138,352,29,0.2816,22204.76,1074.58,177.64,1252.22,0.0484,0.0000,1,1
146018869,late40_r60_n30,dt_ge_2026-03-21_lt_2026-08-07,76,54,0.7105,12,0.1579,357.89,-79.45,-0.2220,76,54,0.7105,12,59,5,0.1690,357.89,-79.45,0.00,-79.45,-0.2220,0.0000,1,1
146026898,late40_r60_n30,dt_ge_2026-03-21_lt_2026-08-07,282,174,0.6170,89,0.3156,52466.00,237.50,0.0045,282,174,0.6170,89,179,14,0.3321,52466.00,237.50,0.00,237.50,0.0045,0.0000,1,1
146054760,late40_r60_n30,dt_ge_2026-03-21_lt_2026-08-07,50,30,0.6000,22,0.4400,2081.57,-72.54,-0.0349,50,30,0.6000,22,27,1,0.4490,2081.57,-72.54,0.00,-72.54,-0.0349,0.0000,1,1
146083232,late40_r60_n30,dt_ge_2026-03-21_lt_2026-08-07,56,36,0.6429,22,0.3929,210.13,-44.72,-0.2128,56,36,0.6429,22,30,4,0.4231,210.13,-44.72,0.00,-44.72,-0.2128,0.0000,1,1
146083783,late40_r60_n30,dt_ge_2026-03-21_lt_2026-08-07,37,27,0.7297,9,0.2432,1211.67,-207.57,-0.1713,37,27,0.7297,9,27,1,0.2500,1211.67,-207.57,0.00,-207.57,-0.1713,0.0000,1,1
146087397,late40_r60_n30,dt_ge_2026-03-21_lt_2026-08-07,53,44,0.8302,3,0.0566,146.59,-52.35,-0.3571,53,44,0.8302,3,50,0,0.0566,146.59,-52.35,0.00,-52.35,-0.3571,0.0000,1,1
146091574,late40_r60_n30,dt_ge_2026-03-21_lt_2026-08-07,36,28,0.7778,12,0.3333,173.86,11.95,0.0688,36,28,0.7778,12,22,2,0.3529,173.86,11.95,0.00,11.95,0.0688,0.0000,1,1
146101502,late40_r60_n30,dt_ge_2026-03-21_lt_2026-08-07,57,38,0.6667,17,0.2982,2850.56,248.15,0.0871,57,38,0.6667,17,37,3,0.3148,2850.56,248.15,0.00,248.15,0.0871,0.0000,1,1
146105142,late40_r60_n30,dt_ge_2026-03-21_lt_2026-08-07,38,27,0.7105,8,0.2105,872.44,-50.86,-0.0583,38,27,0.7105,8,29,1,0.2162,872.44,-50.86,0.00,-50.86,-0.0583,0.0000,1,1
146117892,late40_r60_n30,dt_ge_2026-03-21_lt_2026-08-07,37,23,0.6216,16,0.4324,158.09,16.90,0.1069,37,23,0.6216,16,18,3,0.4706,158.09,16.90,0.00,16.90,0.1069,0.0000,1,1
146139128,late40_r60_n30,dt_ge_2026-03-21_lt_2026-08-07,51,31,0.6078,16,0.3137,1411.34,-220.08,-0.1559,51,31,0.6078,16,31,4,0.3404,1411.34,-220.08,0.00,-220.08,-0.1559,0.0000,1,1
146143661,late40_r60_n30,dt_ge_2026-03-21_lt_2026-08-07,40,28,0.7000,21,0.5250,5728.03,668.81,0.1168,40,28,0.7000,21,14,5,0.6000,5728.03,668.81,0.00,668.81,0.1168,0.0000,1,1
146143934,late40_r60_n30,dt_ge_2026-03-21_lt_2026-08-07,66,53,0.8030,6,0.0909,449.75,-102.69,-0.2283,66,53,0.8030,6,58,2,0.0938,449.75,-102.69,0.00,-102.69,-0.2283,0.0000,1,1
146152618,late40_r60_n30,dt_ge_2026-03-21_lt_2026-08-07,385,254,0.6597,144,0.3740,11097.38,-1950.97,-0.1758,385,254,0.6597,144,206,35,0.4114,11097.38,-1950.97,0.00,-1950.97,-0.1758,0.0000,1,1
146155373,late40_r60_n30,dt_ge_2026-03-21_lt_2026-08-07,55,35,0.6364,9,0.1636,1308.69,-294.09,-0.2247,55,35,0.6364,9,46,0,0.1636,1308.69,-294.09,0.00,-294.09,-0.2247,0.0000,1,1
146165066,late40_r60_n30,dt_ge_2026-03-21_lt_2026-08-07,45,45,1.0000,10,0.2222,348.93,-13.61,-0.0390,45,45,1.0000,10,34,1,0.2273,348.93,-13.61,0.00,-13.61,-0.0390,0.0000,1,1
146183058,late40_r60_n30,dt_ge_2026-03-21_lt_2026-08-07,33,20,0.6061,16,0.4848,683.11,261.50,0.3828,33,20,0.6061,16,17,0,0.4848,683.11,261.50,0.00,261.50,0.3828,0.0000,1,1
146213633,late40_r60_n30,dt_ge_2026-03-21_lt_2026-08-07,41,25,0.6098,4,0.0976,135.44,-75.99,-0.5611,41,25,0.6098,4,37,0,0.0976,135.44,-75.99,1.08,-74.91,-0.5611,0.0000,1,1
146229816,late40_r60_n30,dt_ge_2026-03-21_lt_2026-08-07,30,20,0.6667,10,0.3333,74.42,-22.35,-0.3003,30,20,0.6667,10,18,2,0.3571,74.42,-22.35,0.00,-22.35,-0.3003,0.0000,1,1
146240910,late40_r60_n30,dt_ge_2026-03-21_lt_2026-08-07,69,42,0.6087,21,0.3043,830.39,-280.25,-0.3375,69,42,0.6087,21,47,1,0.3088,830.39,-280.25,0.00,-280.25,-0.3375,0.0000,1,1
146256570,late40_r60_n30,dt_ge_2026-03-21_lt_2026-08-07,52,33,0.6346,27,0.5192,20848.35,585.14,0.0281,52,33,0.6346,27,19,6,0.5870,20848.35,585.14,0.00,585.14,0.0281,0.0000,1,1
146261805,late40_r60_n30,dt_ge_2026-03-21_lt_2026-08-07,1531,1019,0.6656,219,0.1430,21222.34,-1992.12,-0.0939,1531,1019,0.6656,219,1282,30,0.1459,21222.34,-1992.12,0.00,-1992.12,-0.0939,0.0000,1,1
146262916,late40_r60_n30,dt_ge_2026-03-21_lt_2026-08-07,124,81,0.6532,54,0.4355,2774.89,60.76,0.0219,124,81,0.6532,54,56,14,0.4909,2774.89,60.76,0.00,60.76,0.0219,0.0000,1,1
146289252,late40_r60_n30,dt_ge_2026-03-21_lt_2026-08-07,116,76,0.6552,53,0.4569,964.69,-9.14,-0.0095,116,76,0.6552,53,51,12,0.5096,964.69,-9.14,0.00,-9.14,-0.0095,0.0000,1,1
146289655,late40_r60_n30,dt_ge_2026-03-21_lt_2026-08-07,34,22,0.6471,12,0.3529,2443.14,234.30,0.0959,34,22,0.6471,12,21,1,0.3636,2443.14,234.30,0.00,234.30,0.0959,0.0000,1,1
146323947,late40_r60_n30,dt_ge_2026-03-21_lt_2026-08-07,37,29,0.7838,9,0.2432,21.29,3.97,0.1866,37,29,0.7838,9,27,1,0.2500,21.29,3.97,0.00,3.97,0.1866,0.0000,1,1
146333062,late40_r60_n30,dt_ge_2026-03-21_lt_2026-08-07,30,28,0.9333,13,0.4333,604.93,379.87,0.6280,30,28,0.9333,13,15,2,0.4643,604.93,379.87,0.00,379.87,0.6280,0.0000,1,1
146338647,late40_r60_n30,dt_ge_2026-03-21_lt_2026-08-07,49,37,0.7551,18,0.3673,130.07,-9.58,-0.0737,49,37,0.7551,18,27,4,0.4000,130.07,-9.58,0.00,-9.58,-0.0737,0.0000,1,1
146349227,late40_r60_n30,dt_ge_2026-03-21_lt_2026-08-07,90,73,0.8111,15,0.1667,4413.27,15.29,0.0035,90,73,0.8111,15,72,3,0.1724,4413.27,15.29,0.00,15.29,0.0035,0.0000,1,1
146365935,late40_r60_n30,dt_ge_2026-03-21_lt_2026-08-07,34,21,0.6176,2,0.0588,124.35,-81.60,-0.6562,34,21,0.6176,2,31,1,0.0606,124.35,-81.60,0.00,-81.60,-0.6562,0.0000,1,1
146366962,late40_r60_n30,dt_ge_2026-03-21_lt_2026-08-07,152,111,0.7303,24,0.1579,1246.75,-130.02,-0.1043,152,111,0.7303,24,124,4,0.1622,1246.75,-130.02,0.00,-130.02,-0.1043,0.0000,1,1
146367673,late40_r60_n30,dt_ge_2026-03-21_lt_2026-08-07,116,72,0.6207,16,0.1379,1756.73,-271.33,-0.1545,116,72,0.6207,16,98,2,0.1404,1756.73,-271.33,0.00,-271.33,-0.1545,0.0000,1,1
146368775,late40_r60_n30,dt_ge_2026-03-21_lt_2026-08-07,33,22,0.6667,7,0.2121,180.20,162.12,0.8996,33,22,0.6667,7,24,2,0.2258,180.20,162.12,0.00,162.12,0.8996,0.0000,1,1
146370056,late40_r60_n30,dt_ge_2026-03-21_lt_2026-08-07,328,260,0.7927,60,0.1829,17309.11,-369.71,-0.0214,164,130,0.7927,30,132,2,0.1852,8654.55,-184.85,69.24,-115.62,-0.0214,0.0000,1,1
146377484,late40_r60_n30,dt_ge_2026-03-21_lt_2026-08-07,86,57,0.6628,42,0.4884,1201.64,6.50,0.0054,86,57,0.6628,42,37,7,0.5316,1201.64,6.50,0.00,6.50,0.0054,0.0000,1,1
146396936,late40_r60_n30,dt_ge_2026-03-21_lt_2026-08-07,35,35,1.0000,5,0.1429,741.49,-239.33,-0.3228,35,35,1.0000,5,30,0,0.1429,741.49,-239.33,0.00,-239.33,-0.3228,0.0000,1,1
146436936,late40_r60_n30,dt_ge_2026-03-21_lt_2026-08-07,33,28,0.8485,11,0.3333,104.70,27.88,0.2662,33,28,0.8485,11,20,2,0.3548,104.70,27.88,0.00,27.88,0.2662,0.0000,1,1
146448079,late40_r60_n30,dt_ge_2026-03-21_lt_2026-08-07,48,30,0.6250,21,0.4375,92.55,19.88,0.2148,48,30,0.6250,21,22,5,0.4884,92.55,19.88,0.00,19.88,0.2148,0.0000,1,1
146455923,late40_r60_n30,dt_ge_2026-03-21_lt_2026-08-07,74,61,0.8243,38,0.5135,9655.31,201.74,0.0209,74,61,0.8243,38,34,2,0.5278,9655.31,201.74,0.00,201.74,0.0209,0.0000,1,1
146478467,late40_r60_n30,dt_ge_2026-03-21_lt_2026-08-07,88,72,0.8182,22,0.2500,272.91,-17.44,-0.0639,88,72,0.8182,22,63,3,0.2588,272.91,-17.44,0.00,-17.44,-0.0639,0.0000,1,1
146502292,late40_r60_n30,dt_ge_2026-03-21_lt_2026-08-07,189,120,0.6349,26,0.1376,3398.19,174.54,0.0514,189,120,0.6349,26,160,3,0.1398,3398.19,174.54,0.00,174.54,0.0514,0.0000,1,1
146510931,late40_r60_n30,dt_ge_2026-03-21_lt_2026-08-07,30,18,0.6000,8,0.2667,196.75,-59.89,-0.3044,30,18,0.6000,8,19,3,0.2963,196.75,-59.89,0.00,-59.89,-0.3044,0.0000,1,1
146529257,late40_r60_n30,dt_ge_2026-03-21_lt_2026-08-07,30,18,0.6000,9,0.3000,238.23,-74.62,-0.3132,30,18,0.6000,9,21,0,0.3000,238.23,-74.62,0.00,-74.62,-0.3132,0.0000,1,1
146575061,late40_r60_n30,dt_ge_2026-03-21_lt_2026-08-07,73,50,0.6849,16,0.2192,1647.31,-210.52,-0.1278,73,50,0.6849,16,53,4,0.2319,1647.31,-210.52,0.00,-210.52,-0.1278,0.0000,1,1
146582935,late40_r60_n30,dt_ge_2026-03-21_lt_2026-08-07,62,38,0.6129,13,0.2097,10268.83,857.66,0.0835,62,38,0.6129,13,48,1,0.2131,10268.83,857.66,0.00,857.66,0.0835,0.0000,1,1
146592537,late40_r60_n30,dt_ge_2026-03-21_lt_2026-08-07,47,39,0.8298,12,0.2553,561.23,-11.15,-0.0199,47,39,0.8298,12,34,1,0.2609,561.23,-11.15,0.00,-11.15,-0.0199,0.0000,1,1
146608340,late40_r60_n30,dt_ge_2026-03-21_lt_2026-08-07,68,42,0.6176,25,0.3676,1349.73,308.79,0.2288,68,42,0.6176,25,41,2,0.3788,1349.73,308.79,0.00,308.79,0.2288,0.0000,1,1
146628719,late40_r60_n30,dt_ge_2026-03-21_lt_2026-08-07,55,34,0.6182,13,0.2364,285.21,-85.61,-0.3002,55,34,0.6182,13,36,6,0.2653,285.21,-85.61,0.00,-85.61,-0.3002,0.0000,1,1
146676246,late40_r60_n30,dt_ge_2026-03-21_lt_2026-08-07,53,39,0.7358,12,0.2264,1102.11,528.33,0.4794,53,39,0.7358,12,39,2,0.2353,1102.11,528.33,0.00,528.33,0.4794,0.0000,1,1
146679460,late40_r60_n30,dt_ge_2026-03-21_lt_2026-08-07,97,60,0.6186,35,0.3608,446.21,-44.84,-0.1005,97,60,0.6186,35,53,9,0.3977,446.21,-44.84,0.00,-44.84,-0.1005,0.0000,1,1
146691892,late40_r60_n30,dt_ge_2026-03-21_lt_2026-08-07,34,24,0.7059,6,0.1765,71.39,-16.22,-0.2272,34,24,0.7059,6,25,3,0.1935,71.39,-16.22,0.00,-16.22,-0.2272,0.0000,1,1
146710270,late40_r60_n30,dt_ge_2026-03-21_lt_2026-08-07,73,50,0.6849,17,0.2329,2074.06,82.98,0.0400,73,50,0.6849,17,56,0,0.2329,2074.06,82.98,0.00,82.98,0.0400,0.0000,1,1
146736934,late40_r60_n30,dt_ge_2026-03-21_lt_2026-08-07,59,37,0.6271,27,0.4576,1167.24,174.16,0.1492,59,37,0.6271,27,23,9,0.5400,1167.24,174.16,0.00,174.16,0.1492,0.0000,1,1
146741529,late40_r60_n30,dt_ge_2026-03-21_lt_2026-08-07,32,20,0.6250,10,0.3125,971.69,106.29,0.1094,32,20,0.6250,10,17,5,0.3704,971.69,106.29,0.00,106.29,0.1094,0.0000,1,1
146742823,late40_r60_n30,dt_ge_2026-03-21_lt_2026-08-07,67,49,0.7313,28,0.4179,915.55,-110.46,-0.1206,67,49,0.7313,28,31,8,0.4746,915.55,-110.46,0.00,-110.46,-0.1206,0.0000,1,1
146767678,late40_r60_n30,dt_ge_2026-03-21_lt_2026-08-07,90,65,0.7222,10,0.1111,265.64,-39.53,-0.1488,90,65,0.7222,10,79,1,0.1124,265.64,-39.53,0.00,-39.53,-0.1488,0.0000,1,1
146773820,late40_r60_n30,dt_ge_2026-03-21_lt_2026-08-07,79,72,0.9114,11,0.1392,345.75,-39.74,-0.1149,79,72,0.9114,11,67,1,0.1410,345.75,-39.74,2.77,-36.97,-0.1149,0.0000,1,1
146800567,late40_r60_n30,dt_ge_2026-03-21_lt_2026-08-07,47,38,0.8085,5,0.1064,191.89,-93.97,-0.4897,47,38,0.8085,5,42,0,0.1064,191.89,-93.97,0.00,-93.97,-0.4897,0.0000,1,1
146807602,late40_r60_n30,dt_ge_2026-03-21_lt_2026-08-07,36,24,0.6667,14,0.3889,1950.00,-375.00,-0.1923,36,24,0.6667,14,18,4,0.4375,1950.00,-375.00,0.00,-375.00,-0.1923,0.0000,1,1
146821012,late40_r60_n30,dt_ge_2026-03-21_lt_2026-08-07,36,24,0.6667,10,0.2778,261.84,9.59,0.0366,36,24,0.6667,10,23,3,0.3030,261.84,9.59,0.00,9.59,0.0366,0.0000,1,1
146825979,late40_r60_n30,dt_ge_2026-03-21_lt_2026-08-07,32,32,1.0000,5,0.1563,682.08,-16.64,-0.0244,32,32,1.0000,5,25,2,0.1667,682.08,-16.64,0.00,-16.64,-0.0244,0.0000,1,1
146827853,late40_r60_n30,dt_ge_2026-03-21_lt_2026-08-07,47,33,0.7021,11,0.2340,1214.04,302.66,0.2493,47,33,0.7021,11,35,1,0.2391,1214.04,302.66,0.00,302.66,0.2493,0.0000,1,1
146828745,late40_r60_n30,dt_ge_2026-03-21_lt_2026-08-07,36,26,0.7222,11,0.3056,1428.73,729.45,0.5106,36,26,0.7222,11,22,3,0.3333,1428.73,729.45,0.00,729.45,0.5106,0.0000,1,1
146835373,late40_r60_n30,dt_ge_2026-03-21_lt_2026-08-07,31,31,1.0000,2,0.0645,84.33,-51.44,-0.6100,31,31,1.0000,2,26,3,0.0714,84.33,-51.44,0.00,-51.44,-0.6100,0.0000,1,1
146843433,late40_r60_n30,dt_ge_2026-03-21_lt_2026-08-07,31,20,0.6452,14,0.4516,153.64,-21.93,-0.1427,31,20,0.6452,14,16,1,0.4667,153.64,-21.93,0.00,-21.93,-0.1427,0.0000,1,1
146844656,late40_r60_n30,dt_ge_2026-03-21_lt_2026-08-07,193,121,0.6269,27,0.1399,2652.73,-58.25,-0.0220,193,121,0.6269,27,163,3,0.1421,2652.73,-58.25,0.00,-58.25,-0.0220,0.0000,1,1
146845354,late40_r60_n30,dt_ge_2026-03-21_lt_2026-08-07,57,38,0.6667,20,0.3509,1110.49,203.80,0.1835,57,38,0.6667,20,33,4,0.3774,1110.49,203.80,0.00,203.80,0.1835,0.0000,1,1
146852838,late40_r60_n30,dt_ge_2026-03-21_lt_2026-08-07,32,21,0.6563,9,0.2813,490.35,-32.73,-0.0667,32,21,0.6563,9,19,4,0.3214,490.35,-32.73,0.00,-32.73,-0.0667,0.0000,1,1
146861116,late40_r60_n30,dt_ge_2026-03-21_lt_2026-08-07,33,26,0.7879,11,0.3333,293.60,-31.56,-0.1075,33,26,0.7879,11,21,1,0.3438,293.60,-31.56,0.00,-31.56,-0.1075,0.0000,1,1
146881102,late40_r60_n30,dt_ge_2026-03-21_lt_2026-08-07,181,139,0.7680,19,0.1050,596.20,-82.59,-0.1385,181,139,0.7680,19,160,2,0.1061,596.20,-82.59,0.00,-82.59,-0.1385,0.0000,1,1
146890892,late40_r60_n30,dt_ge_2026-03-21_lt_2026-08-07,116,93,0.8017,49,0.4224,3395.41,-52.03,-0.0153,116,93,0.8017,49,59,8,0.4537,3395.41,-52.03,0.00,-52.03,-0.0153,0.0000,1,1
146895756,late40_r60_n30,dt_ge_2026-03-21_lt_2026-08-07,45,28,0.6222,17,0.3778,139.75,-26.98,-0.1931,45,28,0.6222,17,25,3,0.4048,139.75,-26.98,0.00,-26.98,-0.1931,0.0000,1,1
146909269,late40_r60_n30,dt_ge_2026-03-21_lt_2026-08-07,32,22,0.6875,14,0.4375,1094.39,-156.71,-0.1432,16,11,0.6875,7,8,1,0.4667,547.20,-78.36,0.00,-78.36,-0.1432,0.0000,1,0
146912970,late40_r60_n30,dt_ge_2026-03-21_lt_2026-08-07,31,21,0.6774,5,0.1613,431.05,-142.23,-0.3300,31,21,0.6774,5,26,0,0.1613,431.05,-142.23,0.00,-142.23,-0.3300,0.0000,1,1
146917320,late40_r60_n30,dt_ge_2026-03-21_lt_2026-08-07,37,30,0.8108,18,0.4865,3374.77,-251.03,-0.0744,37,30,0.8108,18,16,3,0.5294,3374.77,-251.03,0.00,-251.03,-0.0744,0.0000,1,1
146931325,late40_r60_n30,dt_ge_2026-03-21_lt_2026-08-07,67,43,0.6418,14,0.2090,318.44,-71.47,-0.2244,67,43,0.6418,14,48,5,0.2258,318.44,-71.47,0.00,-71.47,-0.2244,0.0000,1,1
146933222,late40_r60_n30,dt_ge_2026-03-21_lt_2026-08-07,54,49,0.9074,11,0.2037,343.99,-20.53,-0.0597,54,49,0.9074,11,42,1,0.2075,343.99,-20.53,0.00,-20.53,-0.0597,0.0000,1,1
146938030,late40_r60_n30,dt_ge_2026-03-21_lt_2026-08-07,30,19,0.6333,12,0.4000,4916.37,238.99,0.0486,30,19,0.6333,12,13,5,0.4800,4916.37,238.99,0.00,238.99,0.0486,0.0000,1,1
146959720,late40_r60_n30,dt_ge_2026-03-21_lt_2026-08-07,91,57,0.6264,16,0.1758,5094.00,-767.35,-0.1506,91,57,0.6264,16,73,2,0.1798,5094.00,-767.35,0.00,-767.35,-0.1506,0.0000,1,1
146960355,late40_r60_n30,dt_ge_2026-03-21_lt_2026-08-07,65,39,0.6000,14,0.2154,132.26,-14.61,-0.1105,65,39,0.6000,14,46,5,0.2333,132.26,-14.61,0.00,-14.61,-0.1105,0.0000,1,1
146960930,late40_r60_n30,dt_ge_2026-03-21_lt_2026-08-07,73,50,0.6849,23,0.3151,586.09,-62.72,-0.1070,73,50,0.6849,23,49,1,0.3194,586.09,-62.72,0.00,-62.72,-0.1070,0.0000,1,1
146964955,late40_r60_n30,dt_ge_2026-03-21_lt_2026-08-07,35,25,0.7143,15,0.4286,649.34,-7.50,-0.0116,35,25,0.7143,15,17,3,0.4688,649.34,-7.50,0.00,-7.50,-0.0116,0.0000,1,1
146979106,late40_r60_n30,dt_ge_2026-03-21_lt_2026-08-07,45,28,0.6222,9,0.2000,123.93,-72.55,-0.5854,45,28,0.6222,9,34,2,0.2093,123.93,-72.55,0.00,-72.55,-0.5854,0.0000,1,1
146985701,late40_r60_n30,dt_ge_2026-03-21_lt_2026-08-07,88,55,0.6250,28,0.3182,535.56,-1.79,-0.0033,88,55,0.6250,28,58,2,0.3256,535.56,-1.79,0.00,-1.79,-0.0033,0.0000,1,1
146987065,late40_r60_n30,dt_ge_2026-03-21_lt_2026-08-07,41,25,0.6098,14,0.3415,1400.00,-262.50,-0.1875,41,25,0.6098,14,21,6,0.4000,1400.00,-262.50,0.00,-262.50,-0.1875,0.0000,1,1
146998400,late40_r60_n30,dt_ge_2026-03-21_lt_2026-08-07,44,36,0.8182,18,0.4091,7326.01,-407.48,-0.0556,44,36,0.8182,18,25,1,0.4186,7326.01,-407.48,0.00,-407.48,-0.0556,0.0000,1,1
147014062,late40_r60_n30,dt_ge_2026-03-21_lt_2026-08-07,30,22,0.7333,14,0.4667,689.62,93.88,0.1361,30,22,0.7333,14,12,4,0.5385,689.62,93.88,0.00,93.88,0.1361,0.0000,1,1
147019371,late40_r60_n30,dt_ge_2026-03-21_lt_2026-08-07,79,55,0.6962,20,0.2532,219.87,-22.01,-0.1001,79,55,0.6962,20,51,8,0.2817,219.87,-22.01,0.00,-22.01,-0.1001,0.0000,1,1
147023831,late40_r60_n30,dt_ge_2026-03-21_lt_2026-08-07,48,38,0.7917,21,0.4375,2543.36,418.72,0.1646,48,38,0.7917,21,24,3,0.4667,2543.36,418.72,22.89,441.61,0.1646,0.0000,1,1
147039219,late40_r60_n30,dt_ge_2026-03-21_lt_2026-08-07,32,20,0.6250,4,0.1250,205.16,-96.68,-0.4712,32,20,0.6250,4,28,0,0.1250,205.16,-96.68,0.00,-96.68,-0.4712,0.0000,1,1
147045172,late40_r60_n30,dt_ge_2026-03-21_lt_2026-08-07,30,18,0.6000,9,0.3000,1201.69,504.01,0.4194,30,18,0.6000,9,18,3,0.3333,1201.69,504.01,0.00,504.01,0.4194,0.0000,1,1
147049638,late40_r60_n30,dt_ge_2026-03-21_lt_2026-08-07,75,53,0.7067,27,0.3600,62.84,15.39,0.2449,75,53,0.7067,27,45,3,0.3750,62.84,15.39,0.00,15.39,0.2449,0.0000,1,1
147061828,late40_r60_n30,dt_ge_2026-03-21_lt_2026-08-07,52,32,0.6154,12,0.2308,1938.58,-215.90,-0.1114,52,32,0.6154,12,38,2,0.2400,1938.58,-215.90,0.00,-215.90,-0.1114,0.0000,1,1
147071968,late40_r60_n30,dt_ge_2026-03-21_lt_2026-08-07,61,40,0.6557,15,0.2459,1725.31,223.77,0.1297,61,40,0.6557,15,43,3,0.2586,1725.31,223.77,0.00,223.77,0.1297,0.0000,1,1
147107064,late40_r60_n30,dt_ge_2026-03-21_lt_2026-08-07,34,21,0.6176,15,0.4412,453.70,-64.93,-0.1431,34,21,0.6176,15,15,4,0.5000,453.70,-64.93,0.00,-64.93,-0.1431,0.0000,1,1
147108867,late40_r60_n30,dt_ge_2026-03-21_lt_2026-08-07,46,36,0.7826,10,0.2174,187.70,27.63,0.1472,46,36,0.7826,10,35,1,0.2222,187.70,27.63,0.00,27.63,0.1472,0.0000,1,1
147108956,late40_r60_n30,dt_ge_2026-03-21_lt_2026-08-07,40,25,0.6250,14,0.3500,272.42,-39.13,-0.1436,40,25,0.6250,14,23,3,0.3784,272.42,-39.13,0.00,-39.13,-0.1436,0.0000,1,1
147117066,late40_r60_n30,dt_ge_2026-03-21_lt_2026-08-07,30,18,0.6000,8,0.2667,310.45,-77.48,-0.2496,30,18,0.6000,8,21,1,0.2759,310.45,-77.48,0.00,-77.48,-0.2496,0.0000,1,1
147117739,late40_r60_n30,dt_ge_2026-03-21_lt_2026-08-07,40,31,0.7750,12,0.3000,3487.10,268.54,0.0770,40,31,0.7750,12,25,3,0.3243,3487.10,268.54,0.00,268.54,0.0770,0.0000,1,1
147124797,late40_r60_n30,dt_ge_2026-03-21_lt_2026-08-07,79,60,0.7595,36,0.4557,2437.20,-84.18,-0.0345,76,60,0.7895,34,32,10,0.5152,2389.30,-77.19,19.11,-58.07,-0.0323,0.0000,1,1
147138784,late40_r60_n30,dt_ge_2026-03-21_lt_2026-08-07,31,25,0.8065,2,0.0645,127.97,-78.00,-0.6096,31,25,0.8065,2,28,1,0.0667,127.97,-78.00,0.00,-78.00,-0.6096,0.0000,1,1
147142668,late40_r60_n30,dt_ge_2026-03-21_lt_2026-08-07,31,25,0.8065,5,0.1613,298.41,-51.04,-0.1711,31,25,0.8065,5,25,1,0.1667,298.41,-51.04,0.00,-51.04,-0.1711,0.0000,1,1
147158512,late40_r60_n30,dt_ge_2026-03-21_lt_2026-08-07,31,19,0.6129,11,0.3548,417.42,17.43,0.0418,24,12,0.5000,8,16,0,0.3333,303.98,5.88,0.00,5.88,0.0193,0.0000,1,0
147189649,late40_r60_n30,dt_ge_2026-03-21_lt_2026-08-07,120,84,0.7000,26,0.2167,684.27,103.26,0.1509,120,84,0.7000,26,91,3,0.2222,684.27,103.26,0.00,103.26,0.1509,0.0000,1,1
147189864,late40_r60_n30,dt_ge_2026-03-21_lt_2026-08-07,39,35,0.8974,19,0.4872,865.38,-149.60,-0.1729,39,35,0.8974,19,18,2,0.5135,865.38,-149.60,0.00,-149.60,-0.1729,0.0000,1,1
147192819,late40_r60_n30,dt_ge_2026-03-21_lt_2026-08-07,58,36,0.6207,23,0.3966,357.30,-55.55,-0.1555,58,36,0.6207,23,30,5,0.4340,357.30,-55.55,0.00,-55.55,-0.1555,0.0000,1,1
147207078,late40_r60_n30,dt_ge_2026-03-21_lt_2026-08-07,49,30,0.6122,11,0.2245,1132.18,-178.86,-0.1580,49,30,0.6122,11,38,0,0.2245,1132.18,-178.86,0.00,-178.86,-0.1580,0.0000,1,1
147229594,late40_r60_n30,dt_ge_2026-03-21_lt_2026-08-07,47,31,0.6596,20,0.4255,439.00,151.00,0.3440,47,31,0.6596,20,25,2,0.4444,439.00,151.00,0.00,151.00,0.3440,0.0000,1,1
147232611,late40_r60_n30,dt_ge_2026-03-21_lt_2026-08-07,378,239,0.6323,177,0.4683,12357.22,727.09,0.0588,378,239,0.6323,177,164,37,0.5191,12357.22,727.09,0.00,727.09,0.0588,0.0000,1,1
147240881,late40_r60_n30,dt_ge_2026-03-21_lt_2026-08-07,48,32,0.6667,12,0.2500,192.34,-45.72,-0.2377,48,32,0.6667,12,34,2,0.2609,192.34,-45.72,0.00,-45.72,-0.2377,0.0000,1,1
147247583,late40_r60_n30,dt_ge_2026-03-21_lt_2026-08-07,31,21,0.6774,8,0.2581,71.68,-19.50,-0.2721,31,21,0.6774,8,21,2,0.2759,71.68,-19.50,0.00,-19.50,-0.2721,0.0000,1,1
147255034,late40_r60_n30,dt_ge_2026-03-21_lt_2026-08-07,45,28,0.6222,8,0.1778,259.82,-15.77,-0.0607,45,28,0.6222,8,34,3,0.1905,259.82,-15.77,0.00,-15.77,-0.0607,0.0000,1,1
147255222,late40_r60_n30,dt_ge_2026-03-21_lt_2026-08-07,33,27,0.8182,13,0.3939,3348.96,-715.14,-0.2135,33,27,0.8182,13,18,2,0.4194,3348.96,-715.14,30.14,-685.00,-0.2135,0.0000,1,1
147256120,late40_r60_n30,dt_ge_2026-03-21_lt_2026-08-07,32,24,0.7500,5,0.1563,124.39,-57.55,-0.4627,32,24,0.7500,5,26,1,0.1613,124.39,-57.55,0.00,-57.55,-0.4627,0.0000,1,1
147282231,late40_r60_n30,dt_ge_2026-03-21_lt_2026-08-07,80,49,0.6125,20,0.2500,2681.62,50.93,0.0190,80,49,0.6125,20,54,6,0.2703,2681.62,50.93,0.00,50.93,0.0190,0.0000,1,1
147284086,late40_r60_n30,dt_ge_2026-03-21_lt_2026-08-07,35,21,0.6000,15,0.4286,1306.04,-104.70,-0.0802,35,21,0.6000,15,19,1,0.4412,1306.04,-104.70,0.00,-104.70,-0.0802,0.0000,1,1
147311442,late40_r60_n30,dt_ge_2026-03-21_lt_2026-08-07,267,167,0.6255,127,0.4757,40363.89,904.00,0.0224,267,167,0.6255,127,115,25,0.5248,40363.89,904.00,0.00,904.00,0.0224,0.0000,1,1
147319332,late40_r60_n30,dt_ge_2026-03-21_lt_2026-08-07,892,578,0.6480,353,0.3957,45754.48,-2598.05,-0.0568,892,578,0.6480,353,460,79,0.4342,45754.48,-2598.05,0.00,-2598.05,-0.0568,0.0000,1,1
147329143,late40_r60_n30,dt_ge_2026-03-21_lt_2026-08-07,114,104,0.9123,22,0.1930,192.19,-80.05,-0.4165,114,104,0.9123,22,88,4,0.2000,192.19,-80.05,0.00,-80.05,-0.4165,0.0000,1,1
147356585,late40_r60_n30,dt_ge_2026-03-21_lt_2026-08-07,50,50,1.0000,8,0.1600,320.89,-25.55,-0.0796,50,50,1.0000,8,41,1,0.1633,320.89,-25.55,0.00,-25.55,-0.0796,0.0000,1,1
147363775,late40_r60_n30,dt_ge_2026-03-21_lt_2026-08-07,61,40,0.6557,18,0.2951,115.95,76.85,0.6627,61,40,0.6557,18,43,0,0.2951,115.95,76.85,0.93,77.77,0.6627,0.0000,1,1
147380671,late40_r60_n30,dt_ge_2026-03-21_lt_2026-08-07,33,21,0.6364,4,0.1212,67.42,-51.15,-0.7587,33,21,0.6364,4,29,0,0.1212,67.42,-51.15,0.00,-51.15,-0.7587,0.0000,1,1
147386326,late40_r60_n30,dt_ge_2026-03-21_lt_2026-08-07,53,33,0.6226,15,0.2830,1191.01,313.85,0.2635,53,33,0.6226,15,37,1,0.2885,1191.01,313.85,0.00,313.85,0.2635,0.0000,1,1
147388222,late40_r60_n30,dt_ge_2026-03-21_lt_2026-08-07,37,23,0.6216,8,0.2162,3949.50,-439.21,-0.1112,37,23,0.6216,8,28,1,0.2222,3949.50,-439.21,0.00,-439.21,-0.1112,0.0000,1,1
147390253,late40_r60_n30,dt_ge_2026-03-21_lt_2026-08-07,139,104,0.7482,28,0.2014,1246.93,267.28,0.2144,139,104,0.7482,28,104,7,0.2121,1246.93,267.28,0.00,267.28,0.2144,0.0000,1,1
147423222,late40_r60_n30,dt_ge_2026-03-21_lt_2026-08-07,32,21,0.6563,14,0.4375,595.16,191.01,0.3209,32,21,0.6563,14,16,2,0.4667,595.16,191.01,0.00,191.01,0.3209,0.0000,1,1
147430708,late40_r60_n30,dt_ge_2026-03-21_lt_2026-08-07,47,30,0.6383,23,0.4894,6746.36,-305.69,-0.0453,47,30,0.6383,23,22,2,0.5111,6746.36,-305.69,0.00,-305.69,-0.0453,0.0000,1,1
147438691,late40_r60_n30,dt_ge_2026-03-21_lt_2026-08-07,50,32,0.6400,10,0.2000,296.76,-29.58,-0.0997,50,32,0.6400,10,39,1,0.2041,296.76,-29.58,0.00,-29.58,-0.0997,0.0000,1,1
147455553,late40_r60_n30,dt_ge_2026-03-21_lt_2026-08-07,30,21,0.7000,12,0.4000,295.24,-118.52,-0.4014,30,21,0.7000,12,16,2,0.4286,295.24,-118.52,0.00,-118.52,-0.4014,0.0000,1,1
147456284,late40_r60_n30,dt_ge_2026-03-21_lt_2026-08-07,40,25,0.6250,12,0.3000,33579.67,10729.54,0.3195,40,25,0.6250,12,25,3,0.3243,33579.67,10729.54,0.00,10729.54,0.3195,0.0000,1,1
147462048,late40_r60_n30,dt_ge_2026-03-21_lt_2026-08-07,58,40,0.6897,30,0.5172,883.64,36.01,0.0408,58,40,0.6897,30,24,4,0.5556,883.64,36.01,0.00,36.01,0.0408,0.0000,1,1
147462372,late40_r60_n30,dt_ge_2026-03-21_lt_2026-08-07,32,25,0.7813,17,0.5313,1276.53,381.53,0.2989,32,25,0.7813,17,12,3,0.5862,1276.53,381.53,0.00,381.53,0.2989,0.0000,1,1
147482337,late40_r60_n30,dt_ge_2026-03-21_lt_2026-08-07,36,28,0.7778,7,0.1944,331.99,-25.05,-0.0755,36,28,0.7778,7,28,1,0.2000,331.99,-25.05,0.00,-25.05,-0.0755,0.0000,1,1
147489548,late40_r60_n30,dt_ge_2026-03-21_lt_2026-08-07,328,202,0.6159,147,0.4482,66950.75,-1.61,0.0000,328,202,0.6159,147,143,38,0.5069,66950.75,-1.61,0.00,-1.61,0.0000,0.0000,1,1
147493041,late40_r60_n30,dt_ge_2026-03-21_lt_2026-08-07,41,32,0.7805,5,0.1220,276.25,-63.51,-0.2299,41,32,0.7805,5,33,3,0.1316,276.25,-63.51,0.00,-63.51,-0.2299,0.0000,1,1
147510630,late40_r60_n30,dt_ge_2026-03-21_lt_2026-08-07,57,35,0.6140,14,0.2456,1601.88,451.22,0.2817,57,35,0.6140,14,42,1,0.2500,1601.88,451.22,0.00,451.22,0.2817,0.0000,1,1
147512443,late40_r60_n30,dt_ge_2026-03-21_lt_2026-08-07,91,59,0.6484,11,0.1209,707.52,-261.13,-0.3691,91,59,0.6484,11,79,1,0.1222,707.52,-261.13,0.00,-261.13,-0.3691,0.0000,1,1
147517584,late40_r60_n30,dt_ge_2026-03-21_lt_2026-08-07,32,20,0.6250,6,0.1875,456.39,-203.83,-0.4466,32,20,0.6250,6,24,2,0.2000,456.39,-203.83,0.00,-203.83,-0.4466,0.0000,1,1
147522654,late40_r60_n30,dt_ge_2026-03-21_lt_2026-08-07,33,22,0.6667,14,0.4242,1767.42,-194.51,-0.1101,33,22,0.6667,14,15,4,0.4828,1767.42,-194.51,0.00,-194.51,-0.1101,0.0000,1,1
147541162,late40_r60_n30,dt_ge_2026-03-21_lt_2026-08-07,38,24,0.6316,12,0.3158,971.64,447.11,0.4602,38,24,0.6316,12,24,2,0.3333,971.64,447.11,0.00,447.11,0.4602,0.0000,1,1
147549167,late40_r60_n30,dt_ge_2026-03-21_lt_2026-08-07,31,19,0.6129,11,0.3548,2085.48,-441.11,-0.2115,31,19,0.6129,11,16,4,0.4074,2085.48,-441.11,0.00,-441.11,-0.2115,0.0000,1,1
147560960,late40_r60_n30,dt_ge_2026-03-21_lt_2026-08-07,40,25,0.6250,14,0.3500,500.38,-89.42,-0.1787,40,25,0.6250,14,20,6,0.4118,500.38,-89.42,0.00,-89.42,-0.1787,0.0000,1,1
147560998,late40_r60_n30,dt_ge_2026-03-21_lt_2026-08-07,55,33,0.6000,21,0.3818,2821.71,-749.16,-0.2655,55,33,0.6000,21,32,2,0.3962,2821.71,-749.16,0.00,-749.16,-0.2655,0.0000,1,1
147564871,late40_r60_n30,dt_ge_2026-03-21_lt_2026-08-07,144,88,0.6111,16,0.1111,558.50,-104.93,-0.1879,144,88,0.6111,16,125,3,0.1135,558.50,-104.93,0.00,-104.93,-0.1879,0.0000,1,1
147566179,late40_r60_n30,dt_ge_2026-03-21_lt_2026-08-07,457,387,0.8468,205,0.4486,583.86,-40.32,-0.0691,457,387,0.8468,205,213,39,0.4904,583.86,-40.32,0.00,-40.32,-0.0691,0.0000,1,1
147566281,late40_r60_n30,dt_ge_2026-03-21_lt_2026-08-07,53,33,0.6226,7,0.1321,201.20,60.55,0.3009,53,33,0.6226,7,44,2,0.1373,201.20,60.55,0.00,60.55,0.3009,0.0000,1,1
147567442,late40_r60_n30,dt_ge_2026-03-21_lt_2026-08-07,47,34,0.7234,10,0.2128,5276.46,-1041.24,-0.1973,47,34,0.7234,10,37,0,0.2128,5276.46,-1041.24,0.00,-1041.24,-0.1973,0.0000,1,1
147569291,late40_r60_n30,dt_ge_2026-03-21_lt_2026-08-07,34,24,0.7059,13,0.3824,212.93,2.95,0.0139,34,24,0.7059,13,15,6,0.4643,212.93,2.95,0.00,2.95,0.0139,0.0000,1,1
147569814,late40_r60_n30,dt_ge_2026-03-21_lt_2026-08-07,130,85,0.6538,21,0.1615,591.31,-84.22,-0.1424,130,85,0.6538,21,103,6,0.1694,591.31,-84.22,0.00,-84.22,-0.1424,0.0000,1,1
147575000,late40_r60_n30,dt_ge_2026-03-21_lt_2026-08-07,70,43,0.6143,17,0.2429,1032.38,267.96,0.2596,70,43,0.6143,17,51,2,0.2500,1032.38,267.96,0.00,267.96,0.2596,0.0000,1,1
147596609,late40_r60_n30,dt_ge_2026-03-21_lt_2026-08-07,103,62,0.6019,40,0.3883,419.57,20.07,0.0478,103,62,0.6019,40,54,9,0.4255,419.57,20.07,0.00,20.07,0.0478,0.0000,1,1
147605610,late40_r60_n30,dt_ge_2026-03-21_lt_2026-08-07,40,24,0.6000,14,0.3500,409.94,119.35,0.2911,40,24,0.6000,14,25,1,0.3590,409.94,119.35,0.00,119.35,0.2911,0.0000,1,1
147609280,late40_r60_n30,dt_ge_2026-03-21_lt_2026-08-07,47,29,0.6170,24,0.5106,29801.10,6635.80,0.2227,47,29,0.6170,24,18,5,0.5714,29801.10,6635.80,0.00,6635.80,0.2227,0.0000,1,1
147621807,late40_r60_n30,dt_ge_2026-03-21_lt_2026-08-07,30,30,1.0000,7,0.2333,576.64,-110.04,-0.1908,30,30,1.0000,7,22,1,0.2414,576.64,-110.04,4.61,-105.43,-0.1908,0.0000,1,1
147626844,late40_r60_n30,dt_ge_2026-03-21_lt_2026-08-07,53,33,0.6226,6,0.1132,815.12,-147.50,-0.1810,53,33,0.6226,6,46,1,0.1154,815.12,-147.50,0.00,-147.50,-0.1810,0.0000,1,1
147627873,late40_r60_n30,dt_ge_2026-03-21_lt_2026-08-07,71,43,0.6056,9,0.1268,222.33,28.69,0.1291,71,43,0.6056,9,62,0,0.1268,222.33,28.69,0.00,28.69,0.1291,0.0000,1,1
147628398,late40_r60_n30,dt_ge_2026-03-21_lt_2026-08-07,73,57,0.7808,20,0.2740,1627.30,-173.18,-0.1064,73,57,0.7808,20,51,2,0.2817,1627.30,-173.18,0.00,-173.18,-0.1064,0.0000,1,1
147633969,late40_r60_n30,dt_ge_2026-03-21_lt_2026-08-07,31,19,0.6129,8,0.2581,401.03,294.26,0.7337,31,19,0.6129,8,22,1,0.2667,401.03,294.26,0.00,294.26,0.7337,0.0000,1,1
147635229,late40_r60_n30,dt_ge_2026-03-21_lt_2026-08-07,36,24,0.6667,15,0.4167,582.72,-23.70,-0.0407,36,24,0.6667,15,19,2,0.4412,582.72,-23.70,0.00,-23.70,-0.0407,0.0000,1,1
147637005,late40_r60_n30,dt_ge_2026-03-21_lt_2026-08-07,119,82,0.6891,38,0.3193,2805.12,90.83,0.0324,119,82,0.6891,38,74,7,0.3393,2805.12,90.83,0.00,90.83,0.0324,0.0000,1,1
147642407,late40_r60_n30,dt_ge_2026-03-21_lt_2026-08-07,50,30,0.6000,12,0.2400,647.59,-62.87,-0.0971,50,30,0.6000,12,36,2,0.2500,647.59,-62.87,0.00,-62.87,-0.0971,0.0000,1,1
147650121,late40_r60_n30,dt_ge_2026-03-21_lt_2026-08-07,46,40,0.8696,11,0.2391,358.11,-50.29,-0.1404,46,40,0.8696,11,34,1,0.2444,358.11,-50.29,0.00,-50.29,-0.1404,0.0000,1,1
147650143,late40_r60_n30,dt_ge_2026-03-21_lt_2026-08-07,63,48,0.7619,6,0.0952,542.17,-215.66,-0.3978,63,48,0.7619,6,57,0,0.0952,542.17,-215.66,0.00,-215.66,-0.3978,0.0000,1,1
147658444,late40_r60_n30,dt_ge_2026-03-21_lt_2026-08-07,73,52,0.7123,36,0.4932,4164.75,313.13,0.0752,73,52,0.7123,36,30,7,0.5455,4164.75,313.13,0.00,313.13,0.0752,0.0000,1,1
147658580,late40_r60_n30,dt_ge_2026-03-21_lt_2026-08-07,117,85,0.7265,24,0.2051,1725.67,198.52,0.1150,117,85,0.7265,24,88,5,0.2143,1725.67,198.52,0.00,198.52,0.1150,0.0000,1,1
147659778,late40_r60_n30,dt_ge_2026-03-21_lt_2026-08-07,31,25,0.8065,6,0.1935,452.88,94.05,0.2077,31,25,0.8065,6,21,4,0.2222,452.88,94.05,0.00,94.05,0.2077,0.0000,1,1
147668548,late40_r60_n30,dt_ge_2026-03-21_lt_2026-08-07,60,36,0.6000,24,0.4000,415.78,-41.59,-0.1000,53,34,0.6415,22,27,4,0.4490,390.99,-31.14,0.00,-31.14,-0.0796,0.0000,1,1
147670564,late40_r60_n30,dt_ge_2026-03-21_lt_2026-08-07,93,87,0.9355,11,0.1183,192.58,-55.12,-0.2862,93,87,0.9355,11,82,0,0.1183,192.58,-55.12,0.00,-55.12,-0.2862,0.0000,1,1
147672469,late40_r60_n30,dt_ge_2026-03-21_lt_2026-08-07,35,27,0.7714,8,0.2286,136.66,-13.01,-0.0952,35,27,0.7714,8,25,2,0.2424,136.66,-13.01,0.00,-13.01,-0.0952,0.0000,1,1
147674404,late40_r60_n30,dt_ge_2026-03-21_lt_2026-08-07,48,32,0.6667,8,0.1667,3252.93,-1100.45,-0.3383,48,32,0.6667,8,39,1,0.1702,3252.93,-1100.45,29.28,-1071.17,-0.3383,0.0000,1,1
147674697,late40_r60_n30,dt_ge_2026-03-21_lt_2026-08-07,63,39,0.6190,24,0.3810,1829.27,-210.44,-0.1150,63,39,0.6190,24,34,5,0.4138,1829.27,-210.44,0.00,-210.44,-0.1150,0.0000,1,1
147678473,late40_r60_n30,dt_ge_2026-03-21_lt_2026-08-07,34,25,0.7353,8,0.2353,620.53,-292.00,-0.4706,34,25,0.7353,8,26,0,0.2353,620.53,-292.00,0.00,-292.00,-0.4706,0.0000,1,1
147678719,late40_r60_n30,dt_ge_2026-03-21_lt_2026-08-07,85,52,0.6118,15,0.1765,10387.00,-425.70,-0.0410,85,52,0.6118,15,69,1,0.1786,10387.00,-425.70,0.00,-425.70,-0.0410,0.0000,1,1
147683315,late40_r60_n30,dt_ge_2026-03-21_lt_2026-08-07,71,45,0.6338,37,0.5211,2253.98,960.62,0.4262,71,45,0.6338,37,29,5,0.5606,2253.98,960.62,0.00,960.62,0.4262,0.0000,1,1
147690815,late40_r60_n30,dt_ge_2026-03-21_lt_2026-08-07,35,29,0.8286,6,0.1714,150.54,-21.94,-0.1458,35,29,0.8286,6,29,0,0.1714,150.54,-21.94,0.00,-21.94,-0.1458,0.0000,1,1
147692781,late40_r60_n30,dt_ge_2026-03-21_lt_2026-08-07,253,162,0.6403,111,0.4387,15257.31,334.21,0.0219,253,162,0.6403,111,115,27,0.4912,15257.31,334.21,0.00,334.21,0.0219,0.0000,1,1
147694594,late40_r60_n30,dt_ge_2026-03-21_lt_2026-08-07,32,24,0.7500,5,0.1563,3380.00,-1260.00,-0.3728,32,24,0.7500,5,25,2,0.1667,3380.00,-1260.00,0.00,-1260.00,-0.3728,0.0000,1,1
147697725,late40_r60_n30,dt_ge_2026-03-21_lt_2026-08-07,49,39,0.7959,13,0.2653,360.22,20.51,0.0569,49,39,0.7959,13,33,3,0.2826,360.22,20.51,0.00,20.51,0.0569,0.0000,1,1
147699274,late40_r60_n30,dt_ge_2026-03-21_lt_2026-08-07,50,33,0.6600,19,0.3800,1784.14,-312.51,-0.1752,50,33,0.6600,19,24,7,0.4419,1784.14,-312.51,0.00,-312.51,-0.1752,0.0000,1,1
147707211,late40_r60_n30,dt_ge_2026-03-21_lt_2026-08-07,35,21,0.6000,5,0.1429,417.09,-62.21,-0.1492,35,21,0.6000,5,30,0,0.1429,417.09,-62.21,0.00,-62.21,-0.1492,0.0000,1,1
147709610,late40_r60_n30,dt_ge_2026-03-21_lt_2026-08-07,55,45,0.8182,6,0.1091,684.48,-213.49,-0.3119,55,45,0.8182,6,47,2,0.1132,684.48,-213.49,0.00,-213.49,-0.3119,0.0000,1,1
147712520,late40_r60_n30,dt_ge_2026-03-21_lt_2026-08-07,72,49,0.6806,16,0.2222,236.99,-48.98,-0.2067,72,49,0.6806,16,53,3,0.2319,236.99,-48.98,0.00,-48.98,-0.2067,0.0000,1,1
147712773,late40_r60_n30,dt_ge_2026-03-21_lt_2026-08-07,43,28,0.6512,10,0.2326,128.60,-36.05,-0.2803,43,28,0.6512,10,32,1,0.2381,128.60,-36.05,0.00,-36.05,-0.2803,0.0000,1,1
147712909,late40_r60_n30,dt_ge_2026-03-21_lt_2026-08-07,56,37,0.6607,14,0.2500,5876.71,1442.58,0.2455,56,37,0.6607,14,39,3,0.2642,5876.71,1442.58,0.00,1442.58,0.2455,0.0000,1,1
147713722,late40_r60_n30,dt_ge_2026-03-21_lt_2026-08-07,38,25,0.6579,14,0.3684,964.53,429.63,0.4454,38,25,0.6579,14,22,2,0.3889,964.53,429.63,0.00,429.63,0.4454,0.0000,1,1
147714759,late40_r60_n30,dt_ge_2026-03-21_lt_2026-08-07,63,45,0.7143,22,0.3492,4076.72,241.44,0.0592,63,45,0.7143,22,38,3,0.3667,4076.72,241.44,0.00,241.44,0.0592,0.0000,1,1
147714993,late40_r60_n30,dt_ge_2026-03-21_lt_2026-08-07,44,31,0.7045,16,0.3636,233.45,-34.46,-0.1476,44,31,0.7045,16,27,1,0.3721,233.45,-34.46,0.00,-34.46,-0.1476,0.0000,1,1
147720264,late40_r60_n30,dt_ge_2026-03-21_lt_2026-08-07,37,28,0.7568,17,0.4595,539.22,38.52,0.0714,37,28,0.7568,17,16,4,0.5152,539.22,38.52,4.85,43.37,0.0714,0.0000,1,1
147722317,late40_r60_n30,dt_ge_2026-03-21_lt_2026-08-07,59,52,0.8814,21,0.3559,2498.33,1637.98,0.6556,59,52,0.8814,21,34,4,0.3818,2498.33,1637.98,0.00,1637.98,0.6556,0.0000,1,1
147722375,late40_r60_n30,dt_ge_2026-03-21_lt_2026-08-07,65,54,0.8308,12,0.1846,621.00,-198.52,-0.3197,65,54,0.8308,12,50,3,0.1935,621.00,-198.52,0.00,-198.52,-0.3197,0.0000,1,1
147723231,late40_r60_n30,dt_ge_2026-03-21_lt_2026-08-07,43,37,0.8605,4,0.0930,1124.37,-707.67,-0.6294,43,37,0.8605,4,37,2,0.0976,1124.37,-707.67,0.00,-707.67,-0.6294,0.0000,1,1
147723930,late40_r60_n30,dt_ge_2026-03-21_lt_2026-08-07,79,48,0.6076,26,0.3291,61220.00,-16652.50,-0.2720,79,48,0.6076,26,49,4,0.3467,61220.00,-16652.50,0.00,-16652.50,-0.2720,0.0000,1,1
147727558,late40_r60_n30,dt_ge_2026-03-21_lt_2026-08-07,31,24,0.7742,11,0.3548,329.94,197.88,0.5998,31,24,0.7742,11,18,2,0.3793,329.94,197.88,0.00,197.88,0.5998,0.0000,1,1
147728153,late40_r60_n30,dt_ge_2026-03-21_lt_2026-08-07,41,31,0.7561,8,0.1951,4450.42,-998.45,-0.2243,41,31,0.7561,8,32,1,0.2000,4450.42,-998.45,0.00,-998.45,-0.2243,0.0000,1,1
147728386,late40_r60_n30,dt_ge_2026-03-21_lt_2026-08-07,44,31,0.7045,6,0.1364,373.23,-15.19,-0.0407,44,31,0.7045,6,35,3,0.1463,373.23,-15.19,0.00,-15.19,-0.0407,0.0000,1,1
147730700,late40_r60_n30,dt_ge_2026-03-21_lt_2026-08-07,41,35,0.8537,10,0.2439,770.00,117.00,0.1519,41,35,0.8537,10,31,0,0.2439,770.00,117.00,0.00,117.00,0.1519,0.0000,1,1
147731918,late40_r60_n30,dt_ge_2026-03-21_lt_2026-08-07,30,19,0.6333,13,0.4333,353.06,-59.80,-0.1694,30,19,0.6333,13,16,1,0.4483,353.06,-59.80,0.00,-59.80,-0.1694,0.0000,1,1
147732680,late40_r60_n30,dt_ge_2026-03-21_lt_2026-08-07,43,26,0.6047,22,0.5116,4847.00,1044.50,0.2155,43,26,0.6047,22,17,4,0.5641,4847.00,1044.50,0.00,1044.50,0.2155,0.0000,1,1
147732872,late40_r60_n30,dt_ge_2026-03-21_lt_2026-08-07,35,25,0.7143,10,0.2857,1280.92,507.09,0.3959,35,25,0.7143,10,21,4,0.3226,1280.92,507.09,0.00,507.09,0.3959,0.0000,1,1
147733957,late40_r60_n30,dt_ge_2026-03-21_lt_2026-08-07,36,24,0.6667,9,0.2500,166.83,30.39,0.1822,36,24,0.6667,9,25,2,0.2647,166.83,30.39,0.00,30.39,0.1822,0.0000,1,1
147735377,late40_r60_n30,dt_ge_2026-03-21_lt_2026-08-07,50,30,0.6000,23,0.4600,193.44,62.29,0.3220,50,30,0.6000,23,24,3,0.4894,193.44,62.29,0.00,62.29,0.3220,0.0000,1,1
147736504,late40_r60_n30,dt_ge_2026-03-21_lt_2026-08-07,55,33,0.6000,17,0.3091,15875.05,-4059.59,-0.2557,55,33,0.6000,17,36,2,0.3208,15875.05,-4059.59,47.63,-4011.97,-0.2557,0.0000,1,1
147739764,late40_r60_n30,dt_ge_2026-03-21_lt_2026-08-07,88,53,0.6023,36,0.4091,3116.91,-157.11,-0.0504,88,53,0.6023,36,44,8,0.4500,3116.91,-157.11,28.05,-129.06,-0.0504,0.0000,1,1
147743134,late40_r60_n30,dt_ge_2026-03-21_lt_2026-08-07,50,38,0.7600,16,0.3200,1515.23,73.95,0.0488,25,19,0.7600,8,15,2,0.3478,757.62,36.97,0.00,36.97,0.0488,0.0000,1,0
147746615,late40_r60_n30,dt_ge_2026-03-21_lt_2026-08-07,43,26,0.6047,20,0.4651,755.01,257.86,0.3415,43,26,0.6047,20,17,6,0.5405,755.01,257.86,0.00,257.86,0.3415,0.0000,1,1
147749667,late40_r60_n30,dt_ge_2026-03-21_lt_2026-08-07,87,64,0.7356,18,0.2069,851.97,-68.56,-0.0805,87,64,0.7356,18,68,1,0.2093,851.97,-68.56,0.00,-68.56,-0.0805,0.0000,1,1
147753939,late40_r60_n30,dt_ge_2026-03-21_lt_2026-08-07,31,21,0.6774,13,0.4194,270.71,65.26,0.2411,31,21,0.6774,13,16,2,0.4483,270.71,65.26,0.00,65.26,0.2411,0.0000,1,1
147757946,late40_r60_n30,dt_ge_2026-03-21_lt_2026-08-07,103,65,0.6311,43,0.4175,7473.38,-736.00,-0.0985,103,65,0.6311,43,52,8,0.4526,7473.38,-736.00,0.00,-736.00,-0.0985,0.0000,1,1
147759383,late40_r60_n30,dt_ge_2026-03-21_lt_2026-08-07,61,47,0.7705,20,0.3279,157.26,-46.36,-0.2948,61,47,0.7705,20,37,4,0.3509,157.26,-46.36,0.00,-46.36,-0.2948,0.0000,1,1
147764002,late40_r60_n30,dt_ge_2026-03-21_lt_2026-08-07,108,71,0.6574,35,0.3241,10043.00,-141.00,-0.0140,108,71,0.6574,35,66,7,0.3465,10043.00,-141.00,0.00,-141.00,-0.0140,0.0000,1,1
147769850,late40_r60_n30,dt_ge_2026-03-21_lt_2026-08-07,1160,778,0.6707,523,0.4509,218289.16,-919.40,-0.0042,1159,778,0.6713,523,510,126,0.5063,218289.16,-919.40,0.00,-919.40,-0.0042,0.0000,1,1
147770579,late40_r60_n30,dt_ge_2026-03-21_lt_2026-08-07,35,24,0.6857,15,0.4286,582.83,-119.96,-0.2058,35,24,0.6857,15,19,1,0.4412,582.83,-119.96,0.00,-119.96,-0.2058,0.0000,1,1
147771641,late40_r60_n30,dt_ge_2026-03-21_lt_2026-08-07,63,39,0.6190,24,0.3810,6976.05,-1034.21,-0.1483,63,39,0.6190,24,32,7,0.4286,6976.05,-1034.21,0.00,-1034.21,-0.1483,0.0000,1,1
147773108,late40_r60_n30,dt_ge_2026-03-21_lt_2026-08-07,2263,1642,0.7256,1046,0.4622,471117.55,4992.48,0.0106,2263,1642,0.7256,1046,992,225,0.5132,471117.55,4992.48,0.00,4992.48,0.0106,0.0000,1,1
147775371,late40_r60_n30,dt_ge_2026-03-21_lt_2026-08-07,106,79,0.7453,47,0.4434,2007.27,-47.42,-0.0236,106,79,0.7453,47,51,8,0.4796,2007.27,-47.42,0.00,-47.42,-0.0236,0.0000,1,1
147776352,late40_r60_n30,dt_ge_2026-03-21_lt_2026-08-07,39,38,0.9744,4,0.1026,424.47,-136.16,-0.3208,39,38,0.9744,4,32,3,0.1111,424.47,-136.16,0.00,-136.16,-0.3208,0.0000,1,1
147778305,late40_r60_n30,dt_ge_2026-03-21_lt_2026-08-07,35,24,0.6857,11,0.3143,5260.00,-396.00,-0.0753,35,24,0.6857,11,23,1,0.3235,5260.00,-396.00,0.00,-396.00,-0.0753,0.0000,1,1
147778741,late40_r60_n30,dt_ge_2026-03-21_lt_2026-08-07,33,20,0.6061,18,0.5455,93.98,3.80,0.0404,33,20,0.6061,18,12,3,0.6000,93.98,3.80,0.00,3.80,0.0404,0.0000,1,1
147781724,late40_r60_n30,dt_ge_2026-03-21_lt_2026-08-07,88,59,0.6705,26,0.2955,1679.50,4.21,0.0025,88,59,0.6705,26,56,6,0.3171,1679.50,4.21,0.00,4.21,0.0025,0.0000,1,1
147781858,late40_r60_n30,dt_ge_2026-03-21_lt_2026-08-07,42,31,0.7381,23,0.5476,1349.99,437.51,0.3241,42,31,0.7381,23,16,3,0.5897,1349.99,437.51,0.00,437.51,0.3241,0.0000,1,1
147782252,late40_r60_n30,dt_ge_2026-03-21_lt_2026-08-07,53,34,0.6415,23,0.4340,567.30,62.47,0.1101,53,34,0.6415,23,23,7,0.5000,567.30,62.47,0.00,62.47,0.1101,0.0000,1,1
147787310,late40_r60_n30,dt_ge_2026-03-21_lt_2026-08-07,63,49,0.7778,10,0.1587,3312.68,903.27,0.2727,56,49,0.8750,9,46,1,0.1636,3250.71,924.27,0.00,924.27,0.2843,0.0000,1,1
147792087,late40_r60_n30,dt_ge_2026-03-21_lt_2026-08-07,35,27,0.7714,14,0.4000,175.90,-8.61,-0.0490,35,27,0.7714,14,19,2,0.4242,175.90,-8.61,0.00,-8.61,-0.0490,0.0000,1,1
147792335,late40_r60_n30,dt_ge_2026-03-21_lt_2026-08-07,39,39,1.0000,2,0.0513,1305.79,-666.68,-0.5106,39,39,1.0000,2,37,0,0.0513,1305.79,-666.68,0.00,-666.68,-0.5106,0.0000,1,1
147792643,late40_r60_n30,dt_ge_2026-03-21_lt_2026-08-07,95,65,0.6842,24,0.2526,2290.91,-602.09,-0.2628,95,65,0.6842,24,64,7,0.2727,2290.91,-602.09,0.00,-602.09,-0.2628,0.0000,1,1
147792852,late40_r60_n30,dt_ge_2026-03-21_lt_2026-08-07,55,35,0.6364,16,0.2909,525.04,-108.46,-0.2066,55,35,0.6364,16,37,2,0.3019,525.04,-108.46,0.00,-108.46,-0.2066,0.0000,1,1
147792985,late40_r60_n30,dt_ge_2026-03-21_lt_2026-08-07,193,118,0.6114,62,0.3212,1453.69,117.23,0.0806,193,118,0.6114,62,117,14,0.3464,1453.69,117.23,0.00,117.23,0.0806,0.0000,1,1
147795112,late40_r60_n30,dt_ge_2026-03-21_lt_2026-08-07,52,40,0.7692,9,0.1731,1714.15,-516.07,-0.3011,52,40,0.7692,9,41,2,0.1800,1714.15,-516.07,0.00,-516.07,-0.3011,0.0000,1,1
147795977,late40_r60_n30,dt_ge_2026-03-21_lt_2026-08-07,94,73,0.7766,26,0.2766,194.34,194.89,1.0028,94,73,0.7766,26,65,3,0.2857,194.34,194.89,0.00,194.89,1.0028,0.0000,1,1
147796460,late40_r60_n30,dt_ge_2026-03-21_lt_2026-08-07,41,35,0.8537,11,0.2683,947.94,288.46,0.3043,41,35,0.8537,11,29,1,0.2750,947.94,288.46,0.00,288.46,0.3043,0.0000,1,1
147799221,late40_r60_n30,dt_ge_2026-03-21_lt_2026-08-07,49,33,0.6735,21,0.4286,699.89,-84.40,-0.1206,49,33,0.6735,21,25,3,0.4565,699.89,-84.40,0.00,-84.40,-0.1206,0.0000,1,1
147801130,late40_r60_n30,dt_ge_2026-03-21_lt_2026-08-07,52,35,0.6731,19,0.3654,413.31,44.99,0.1088,52,35,0.6731,19,29,4,0.3958,413.31,44.99,0.00,44.99,0.1088,0.0000,1,1
147805088,late40_r60_n30,dt_ge_2026-03-21_lt_2026-08-07,34,31,0.9118,4,0.1176,1370.28,-500.92,-0.3656,34,31,0.9118,4,29,1,0.1212,1370.28,-500.92,0.00,-500.92,-0.3656,0.0000,1,1
147809448,late40_r60_n30,dt_ge_2026-03-21_lt_2026-08-07,35,28,0.8000,17,0.4857,494.73,115.57,0.2336,35,28,0.8000,17,18,0,0.4857,494.73,115.57,0.00,115.57,0.2336,0.0000,1,1
147811466,late40_r60_n30,dt_ge_2026-03-21_lt_2026-08-07,30,19,0.6333,14,0.4667,2639.00,98.05,0.0372,30,19,0.6333,14,13,3,0.5185,2639.00,98.05,0.00,98.05,0.0372,0.0000,1,1
147812176,late40_r60_n30,dt_ge_2026-03-21_lt_2026-08-07,38,25,0.6579,5,0.1316,221.19,-59.90,-0.2708,38,25,0.6579,5,32,1,0.1351,221.19,-59.90,0.00,-59.90,-0.2708,0.0000,1,1
147814944,late40_r60_n30,dt_ge_2026-03-21_lt_2026-08-07,45,28,0.6222,21,0.4667,15109.00,-2336.55,-0.1546,45,28,0.6222,21,20,4,0.5122,15109.00,-2336.55,0.00,-2336.55,-0.1546,0.0000,1,1
147828008,late40_r60_n30,dt_ge_2026-03-21_lt_2026-08-07,31,23,0.7419,8,0.2581,5400.11,-30.73,-0.0057,31,23,0.7419,8,20,3,0.2857,5400.11,-30.73,0.00,-30.73,-0.0057,0.0000,1,1
147849028,late40_r60_n30,dt_ge_2026-03-21_lt_2026-08-07,191,115,0.6021,102,0.5340,13285.15,2497.07,0.1880,191,115,0.6021,102,76,13,0.5730,13285.15,2497.07,0.00,2497.07,0.1880,0.0000,1,1
147850398,late40_r60_n30,dt_ge_2026-03-21_lt_2026-08-07,31,31,1.0000,4,0.1290,645.13,-211.31,-0.3276,31,31,1.0000,4,26,1,0.1333,645.13,-211.31,0.00,-211.31,-0.3276,0.0000,1,1
147857798,late40_r60_n30,dt_ge_2026-03-21_lt_2026-08-07,41,28,0.6829,4,0.0976,196.70,-107.61,-0.5471,41,28,0.6829,4,37,0,0.0976,196.70,-107.61,0.00,-107.61,-0.5471,0.0000,1,1
147864132,late40_r60_n30,dt_ge_2026-03-21_lt_2026-08-07,71,45,0.6338,10,0.1408,452.97,-58.65,-0.1295,71,45,0.6338,10,60,1,0.1429,452.97,-58.65,0.00,-58.65,-0.1295,0.0000,1,1
147864585,late40_r60_n30,dt_ge_2026-03-21_lt_2026-08-07,65,40,0.6154,16,0.2462,339.68,-11.45,-0.0337,65,40,0.6154,16,45,4,0.2623,339.68,-11.45,0.00,-11.45,-0.0337,0.0000,1,1
147866612,late40_r60_n30,dt_ge_2026-03-21_lt_2026-08-07,36,22,0.6111,2,0.0556,94.79,-34.23,-0.3611,36,22,0.6111,2,34,0,0.0556,94.79,-34.23,0.00,-34.23,-0.3611,0.0000,1,1
147869815,late40_r60_n30,dt_ge_2026-03-21_lt_2026-08-07,61,38,0.6230,23,0.3770,1659.70,-255.95,-0.1542,61,38,0.6230,23,31,7,0.4259,1659.70,-255.95,0.00,-255.95,-0.1542,0.0000,1,1
147873597,late40_r60_n30,dt_ge_2026-03-21_lt_2026-08-07,46,28,0.6087,12,0.2609,9287.20,901.60,0.0971,46,28,0.6087,12,30,4,0.2857,9287.20,901.60,0.00,901.60,0.0971,0.0000,1,1
147875231,late40_r60_n30,dt_ge_2026-03-21_lt_2026-08-07,60,37,0.6167,13,0.2167,311.24,-87.42,-0.2809,60,37,0.6167,13,44,3,0.2281,311.24,-87.42,0.00,-87.42,-0.2809,0.0000,1,1
147876403,late40_r60_n30,dt_ge_2026-03-21_lt_2026-08-07,40,25,0.6250,19,0.4750,392.34,-23.96,-0.0611,40,25,0.6250,19,19,2,0.5000,392.34,-23.96,0.00,-23.96,-0.0611,0.0000,1,1
147885383,late40_r60_n30,dt_ge_2026-03-21_lt_2026-08-07,59,43,0.7288,9,0.1525,2116.72,-779.76,-0.3684,59,43,0.7288,9,50,0,0.1525,2116.72,-779.76,0.00,-779.76,-0.3684,0.0000,1,1
147886940,late40_r60_n30,dt_ge_2026-03-21_lt_2026-08-07,40,26,0.6500,6,0.1500,199.40,-143.09,-0.7176,40,26,0.6500,6,31,3,0.1622,199.40,-143.09,0.00,-143.09,-0.7176,0.0000,1,1
147908263,late40_r60_n30,dt_ge_2026-03-21_lt_2026-08-07,41,29,0.7073,12,0.2927,277.20,84.53,0.3050,41,29,0.7073,12,27,2,0.3077,277.20,84.53,0.00,84.53,0.3050,0.0000,1,1
147910160,late40_r60_n30,dt_ge_2026-03-21_lt_2026-08-07,111,74,0.6667,23,0.2072,419.14,93.69,0.2235,111,74,0.6667,23,83,5,0.2170,419.14,93.69,0.00,93.69,0.2235,0.0000,1,1
147910398,late40_r60_n30,dt_ge_2026-03-21_lt_2026-08-07,31,31,1.0000,7,0.2258,140.87,-18.56,-0.1318,31,31,1.0000,7,22,2,0.2414,140.87,-18.56,0.00,-18.56,-0.1318,0.0000,1,1
147911453,late40_r60_n30,dt_ge_2026-03-21_lt_2026-08-07,39,24,0.6154,5,0.1282,258.05,-125.77,-0.4874,39,24,0.6154,5,33,1,0.1316,258.05,-125.77,0.00,-125.77,-0.4874,0.0000,1,1
147915326,late40_r60_n30,dt_ge_2026-03-21_lt_2026-08-07,50,30,0.6000,9,0.1800,645.13,-54.51,-0.0845,50,30,0.6000,9,39,2,0.1875,645.13,-54.51,0.00,-54.51,-0.0845,0.0000,1,1
147916618,late40_r60_n30,dt_ge_2026-03-21_lt_2026-08-07,223,150,0.6726,104,0.4664,2534.28,-1.13,-0.0004,223,150,0.6726,104,101,18,0.5073,2534.28,-1.13,0.00,-1.13,-0.0004,0.0000,1,1
147920148,late40_r60_n30,dt_ge_2026-03-21_lt_2026-08-07,30,19,0.6333,16,0.5333,147.96,6.10,0.0412,30,19,0.6333,16,13,1,0.5517,147.96,6.10,0.00,6.10,0.0412,0.0000,1,1
147920365,late40_r60_n30,dt_ge_2026-03-21_lt_2026-08-07,203,128,0.6305,35,0.1724,31511.29,-2049.61,-0.0650,203,128,0.6305,35,160,8,0.1795,31511.29,-2049.61,0.00,-2049.61,-0.0650,0.0000,1,1
147927455,late40_r60_n30,dt_ge_2026-03-21_lt_2026-08-07,43,39,0.9070,7,0.1628,368.35,-62.57,-0.1699,43,39,0.9070,7,36,0,0.1628,368.35,-62.57,0.00,-62.57,-0.1699,0.0000,1,1
147928812,late40_r60_n30,dt_ge_2026-03-21_lt_2026-08-07,59,41,0.6949,16,0.2712,839.72,-110.07,-0.1311,59,41,0.6949,16,40,3,0.2857,839.72,-110.07,0.00,-110.07,-0.1311,0.0000,1,1
147932901,late40_r60_n30,dt_ge_2026-03-21_lt_2026-08-07,30,22,0.7333,5,0.1667,3380.12,2728.60,0.8073,30,22,0.7333,5,25,0,0.1667,3380.12,2728.60,0.00,2728.60,0.8073,0.0000,1,1
147933026,late40_r60_n30,dt_ge_2026-03-21_lt_2026-08-07,30,22,0.7333,11,0.3667,1133.97,-101.52,-0.0895,30,22,0.7333,11,15,4,0.4231,1133.97,-101.52,0.00,-101.52,-0.0895,0.0000,1,1
147934059,late40_r60_n30,dt_ge_2026-03-21_lt_2026-08-07,141,85,0.6028,48,0.3404,1623.22,27.83,0.0171,141,85,0.6028,48,82,11,0.3692,1623.22,27.83,0.00,27.83,0.0171,0.0000,1,1
147945920,late40_r60_n30,dt_ge_2026-03-21_lt_2026-08-07,43,37,0.8605,6,0.1395,1187.86,-410.03,-0.3452,43,37,0.8605,6,35,2,0.1463,1187.86,-410.03,0.00,-410.03,-0.3452,0.0000,1,1
147946984,late40_r60_n30,dt_ge_2026-03-21_lt_2026-08-07,44,27,0.6136,23,0.5227,1026.94,187.61,0.1827,44,27,0.6136,23,17,4,0.5750,1026.94,187.61,0.00,187.61,0.1827,0.0000,1,1
147952677,late40_r60_n30,dt_ge_2026-03-21_lt_2026-08-07,84,59,0.7024,33,0.3929,1654.46,-276.90,-0.1674,84,59,0.7024,33,37,14,0.4714,1654.46,-276.90,0.00,-276.90,-0.1674,0.0000,1,1
147973154,late40_r60_n30,dt_ge_2026-03-21_lt_2026-08-07,45,30,0.6667,11,0.2444,476.87,-15.10,-0.0317,45,30,0.6667,11,31,3,0.2619,476.87,-15.10,0.00,-15.10,-0.0317,0.0000,1,1
147974466,late40_r60_n30,dt_ge_2026-03-21_lt_2026-08-07,236,147,0.6229,48,0.2034,6906.64,339.46,0.0491,236,147,0.6229,48,180,8,0.2105,6906.64,339.46,0.00,339.46,0.0491,0.0000,1,1
147975637,late40_r60_n30,dt_ge_2026-03-21_lt_2026-08-07,40,26,0.6500,4,0.1000,40.67,-15.89,-0.3907,40,26,0.6500,4,35,1,0.1026,40.67,-15.89,0.00,-15.89,-0.3907,0.0000,1,1
147978531,late40_r60_n30,dt_ge_2026-03-21_lt_2026-08-07,38,27,0.7105,4,0.1053,316.35,-146.97,-0.4646,38,27,0.7105,4,34,0,0.1053,316.35,-146.97,0.00,-146.97,-0.4646,0.0000,1,1
147980005,late40_r60_n30,dt_ge_2026-03-21_lt_2026-08-07,47,47,1.0000,10,0.2128,380.76,146.69,0.3853,47,47,1.0000,10,35,2,0.2222,380.76,146.69,0.00,146.69,0.3853,0.0000,1,1
147980169,late40_r60_n30,dt_ge_2026-03-21_lt_2026-08-07,50,49,0.9800,3,0.0600,226.72,-108.36,-0.4779,50,49,0.9800,3,45,2,0.0625,226.72,-108.36,0.00,-108.36,-0.4779,0.0000,1,1
147985252,late40_r60_n30,dt_ge_2026-03-21_lt_2026-08-07,1646,1080,0.6561,711,0.4320,21966.96,-595.10,-0.0271,1646,1080,0.6561,711,775,160,0.4785,21966.96,-595.10,0.00,-595.10,-0.0271,0.0000,1,1
147985895,late40_r60_n30,dt_ge_2026-03-21_lt_2026-08-07,31,19,0.6129,18,0.5806,289.65,53.06,0.1832,31,19,0.6129,18,12,1,0.6000,289.65,53.06,0.00,53.06,0.1832,0.0000,1,1
147986296,late40_r60_n30,dt_ge_2026-03-21_lt_2026-08-07,85,66,0.7765,18,0.2118,927.27,50.10,0.0540,85,66,0.7765,18,67,0,0.2118,927.27,50.10,0.00,50.10,0.0540,0.0000,1,1
147988836,late40_r60_n30,dt_ge_2026-03-21_lt_2026-08-07,45,27,0.6000,14,0.3111,743.55,-117.86,-0.1585,45,27,0.6000,14,26,5,0.3500,743.55,-117.86,0.00,-117.86,-0.1585,0.0000,1,1
147990805,late40_r60_n30,dt_ge_2026-03-21_lt_2026-08-07,34,24,0.7059,10,0.2941,137.66,133.78,0.9718,34,24,0.7059,10,22,2,0.3125,137.66,133.78,0.00,133.78,0.9718,0.0000,1,1
147992913,late40_r60_n30,dt_ge_2026-03-21_lt_2026-08-07,37,28,0.7568,10,0.2703,880.00,208.00,0.2364,37,28,0.7568,10,25,2,0.2857,880.00,208.00,0.00,208.00,0.2364,0.0000,1,1
147993903,late40_r60_n30,dt_ge_2026-03-21_lt_2026-08-07,30,28,0.9333,4,0.1333,70.43,-22.01,-0.3125,30,28,0.9333,4,25,1,0.1379,70.43,-22.01,0.00,-22.01,-0.3125,0.0000,1,1
147997377,late40_r60_n30,dt_ge_2026-03-21_lt_2026-08-07,30,21,0.7000,11,0.3667,93.33,-27.80,-0.2979,30,21,0.7000,11,18,1,0.3793,93.33,-27.80,0.00,-27.80,-0.2979,0.0000,1,1
147998423,late40_r60_n30,dt_ge_2026-03-21_lt_2026-08-07,30,21,0.7000,13,0.4333,182.67,76.59,0.4193,30,21,0.7000,13,17,0,0.4333,182.67,76.59,0.00,76.59,0.4193,0.0000,1,1
147998958,late40_r60_n30,dt_ge_2026-03-21_lt_2026-08-07,33,24,0.7273,16,0.4848,710.51,143.00,0.2013,33,24,0.7273,16,14,3,0.5333,710.51,143.00,0.00,143.00,0.2013,0.0000,1,1
148002368,late40_r60_n30,dt_ge_2026-03-21_lt_2026-08-07,30,20,0.6667,3,0.1000,165.51,-73.51,-0.4441,30,20,0.6667,3,27,0,0.1000,165.51,-73.51,0.00,-73.51,-0.4441,0.0000,1,1
148004142,late40_r60_n30,dt_ge_2026-03-21_lt_2026-08-07,31,20,0.6452,9,0.2903,569.02,-83.96,-0.1476,31,20,0.6452,9,18,4,0.3333,569.02,-83.96,0.00,-83.96,-0.1476,0.0000,1,1
148011108,late40_r60_n30,dt_ge_2026-03-21_lt_2026-08-07,41,38,0.9268,11,0.2683,107.84,-13.65,-0.1265,41,38,0.9268,11,30,0,0.2683,107.84,-13.65,0.00,-13.65,-0.1265,0.0000,1,1
148012798,late40_r60_n30,dt_ge_2026-03-21_lt_2026-08-07,62,39,0.6290,16,0.2581,509.95,-22.01,-0.0432,62,39,0.6290,16,45,1,0.2623,509.95,-22.01,0.00,-22.01,-0.0432,0.0000,1,1
148021542,late40_r60_n30,dt_ge_2026-03-21_lt_2026-08-07,32,21,0.6563,17,0.5313,497.62,64.05,0.1287,32,21,0.6563,17,13,2,0.5667,497.62,64.05,0.00,64.05,0.1287,0.0000,1,1
148025773,late40_r60_n30,dt_ge_2026-03-21_lt_2026-08-07,35,26,0.7429,12,0.3429,185.90,-28.43,-0.1529,35,26,0.7429,12,23,0,0.3429,185.90,-28.43,0.00,-28.43,-0.1529,0.0000,1,1
148032745,late40_r60_n30,dt_ge_2026-03-21_lt_2026-08-07,81,52,0.6420,11,0.1358,764.01,-104.02,-0.1361,81,52,0.6420,11,70,0,0.1358,764.01,-104.02,0.00,-104.02,-0.1361,0.0000,1,1
148034505,late40_r60_n30,dt_ge_2026-03-21_lt_2026-08-07,32,20,0.6250,15,0.4688,1433.12,176.42,0.1231,32,20,0.6250,15,12,5,0.5556,1433.12,176.42,0.00,176.42,0.1231,0.0000,1,1
148041858,late40_r60_n30,dt_ge_2026-03-21_lt_2026-08-07,286,185,0.6469,104,0.3636,8714.11,649.52,0.0745,286,185,0.6469,104,158,24,0.3969,8714.11,649.52,0.00,649.52,0.0745,0.0000,1,1
148042125,late40_r60_n30,dt_ge_2026-03-21_lt_2026-08-07,52,39,0.7500,17,0.3269,288.83,3.48,0.0120,52,39,0.7500,17,33,2,0.3400,288.83,3.48,0.00,3.48,0.0120,0.0000,1,1
148048875,late40_r60_n30,dt_ge_2026-03-21_lt_2026-08-07,48,35,0.7292,8,0.1667,360.06,-48.95,-0.1359,48,35,0.7292,8,39,1,0.1702,360.06,-48.95,0.00,-48.95,-0.1359,0.0000,1,1
148050867,late40_r60_n30,dt_ge_2026-03-21_lt_2026-08-07,48,31,0.6458,15,0.3125,164.91,112.29,0.6810,48,31,0.6458,15,30,3,0.3333,164.91,112.29,0.00,112.29,0.6810,0.0000,1,1
148052788,late40_r60_n30,dt_ge_2026-03-21_lt_2026-08-07,35,25,0.7143,6,0.1714,74.21,-22.19,-0.2990,35,25,0.7143,6,27,2,0.1818,74.21,-22.19,0.00,-22.19,-0.2990,0.0000,1,1
148052992,late40_r60_n30,dt_ge_2026-03-21_lt_2026-08-07,33,21,0.6364,4,0.1212,2409.50,-1667.41,-0.6920,33,21,0.6364,4,26,3,0.1333,2409.50,-1667.41,0.00,-1667.41,-0.6920,0.0000,1,1
148053153,late40_r60_n30,dt_ge_2026-03-21_lt_2026-08-07,35,29,0.8286,13,0.3714,200.25,15.06,0.0752,35,29,0.8286,13,19,3,0.4063,200.25,15.06,0.00,15.06,0.0752,0.0000,1,1
148056150,late40_r60_n30,dt_ge_2026-03-21_lt_2026-08-07,35,25,0.7143,7,0.2000,1475.77,-366.83,-0.2486,35,25,0.7143,7,27,1,0.2059,1475.77,-366.83,0.00,-366.83,-0.2486,0.0000,1,1
148056990,late40_r60_n30,dt_ge_2026-03-21_lt_2026-08-07,69,48,0.6957,29,0.4203,1366.65,-141.15,-0.1033,69,48,0.6957,29,33,7,0.4677,1366.65,-141.15,0.00,-141.15,-0.1033,0.0000,1,1
148059267,late40_r60_n30,dt_ge_2026-03-21_lt_2026-08-07,35,25,0.7143,11,0.3143,343.64,-41.64,-0.1212,35,25,0.7143,11,22,2,0.3333,343.64,-41.64,0.00,-41.64,-0.1212,0.0000,1,1
148063148,late40_r60_n30,dt_ge_2026-03-21_lt_2026-08-07,36,31,0.8611,12,0.3333,188.48,-45.16,-0.2396,36,31,0.8611,12,22,2,0.3529,188.48,-45.16,0.00,-45.16,-0.2396,0.0000,1,1
148070417,late40_r60_n30,dt_ge_2026-03-21_lt_2026-08-07,33,23,0.6970,9,0.2727,234.01,-18.14,-0.0775,33,23,0.6970,9,23,1,0.2813,234.01,-18.14,0.00,-18.14,-0.0775,0.0000,1,1
148071839,late40_r60_n30,dt_ge_2026-03-21_lt_2026-08-07,37,23,0.6216,16,0.4324,4272.13,-400.67,-0.0938,37,23,0.6216,16,19,2,0.4571,4272.13,-400.67,0.00,-400.67,-0.0938,0.0000,1,1
148073642,late40_r60_n30,dt_ge_2026-03-21_lt_2026-08-07,2888,1734,0.6004,1315,0.4553,131516.37,771.88,0.0059,2888,1734,0.6004,1315,1293,280,0.5042,131516.37,771.88,0.00,771.88,0.0059,0.0000,1,1
148075196,late40_r60_n30,dt_ge_2026-03-21_lt_2026-08-07,231,205,0.8874,35,0.1515,1437.06,-12.43,-0.0087,231,205,0.8874,35,191,5,0.1549,1437.06,-12.43,0.00,-12.43,-0.0087,0.0000,1,1
148075552,late40_r60_n30,dt_ge_2026-03-21_lt_2026-08-07,45,28,0.6222,22,0.4889,4375.79,-91.16,-0.0208,45,28,0.6222,22,20,3,0.5238,4375.79,-91.16,0.00,-91.16,-0.0208,0.0000,1,1
148075569,late40_r60_n30,dt_ge_2026-03-21_lt_2026-08-07,30,20,0.6667,14,0.4667,301.48,225.16,0.7469,30,20,0.6667,14,8,8,0.6364,301.48,225.16,0.00,225.16,0.7469,0.0000,1,1
148075644,late40_r60_n30,dt_ge_2026-03-21_lt_2026-08-07,31,31,1.0000,8,0.2581,282.70,100.25,0.3546,31,31,1.0000,8,18,5,0.3077,282.70,100.25,0.00,100.25,0.3546,0.0000,1,1
148076555,late40_r60_n30,dt_ge_2026-03-21_lt_2026-08-07,30,18,0.6000,16,0.5333,2780.00,684.00,0.2460,30,18,0.6000,16,10,4,0.6154,2780.00,684.00,0.00,684.00,0.2460,0.0000,1,1
148083333,late40_r60_n30,dt_ge_2026-03-21_lt_2026-08-07,38,27,0.7105,19,0.5000,303.59,45.64,0.1503,38,27,0.7105,19,15,4,0.5588,303.59,45.64,0.00,45.64,0.1503,0.0000,1,1
148083705,late40_r60_n30,dt_ge_2026-03-21_lt_2026-08-07,57,36,0.6316,13,0.2281,908.02,-210.19,-0.2315,57,36,0.6316,13,40,4,0.2453,908.02,-210.19,7.26,-202.93,-0.2315,0.0000,1,1
148090763,late40_r60_n30,dt_ge_2026-03-21_lt_2026-08-07,95,69,0.7263,21,0.2211,383.70,-37.63,-0.0981,95,69,0.7263,21,70,4,0.2308,383.70,-37.63,0.00,-37.63,-0.0981,0.0000,1,1
148091409,late40_r60_n30,dt_ge_2026-03-21_lt_2026-08-07,41,26,0.6341,19,0.4634,997.20,326.25,0.3272,41,26,0.6341,19,20,2,0.4872,997.20,326.25,0.00,326.25,0.3272,0.0000,1,1
148103111,late40_r60_n30,dt_ge_2026-03-21_lt_2026-08-07,51,32,0.6275,18,0.3529,3710.00,-128.30,-0.0346,51,32,0.6275,18,32,1,0.3600,3710.00,-128.30,0.00,-128.30,-0.0346,0.0000,1,1
148106674,late40_r60_n30,dt_ge_2026-03-21_lt_2026-08-07,48,33,0.6875,20,0.4167,3305.75,-44.53,-0.0135,48,33,0.6875,20,27,1,0.4255,3305.75,-44.53,26.45,-18.09,-0.0135,0.0000,1,1
148107821,late40_r60_n30,dt_ge_2026-03-21_lt_2026-08-07,33,23,0.6970,9,0.2727,806.22,-196.71,-0.2440,33,23,0.6970,9,20,4,0.3103,806.22,-196.71,0.00,-196.71,-0.2440,0.0000,1,1
148121148,late40_r60_n30,dt_ge_2026-03-21_lt_2026-08-07,30,26,0.8667,10,0.3333,256.52,-25.52,-0.0995,30,26,0.8667,10,20,0,0.3333,256.52,-25.52,0.00,-25.52,-0.0995,0.0000,1,1
148124187,late40_r60_n30,dt_ge_2026-03-21_lt_2026-08-07,59,43,0.7288,13,0.2203,472.46,104.31,0.2208,59,43,0.7288,13,45,1,0.2241,472.46,104.31,0.00,104.31,0.2208,0.0000,1,1
148125457,late40_r60_n30,dt_ge_2026-03-21_lt_2026-08-07,30,23,0.7667,8,0.2667,181.31,-71.89,-0.3965,30,23,0.7667,8,21,1,0.2759,181.31,-71.89,0.00,-71.89,-0.3965,0.0000,1,1
148133190,late40_r60_n30,dt_ge_2026-03-21_lt_2026-08-07,320,201,0.6281,113,0.3531,5880.78,408.69,0.0695,320,201,0.6281,113,187,20,0.3767,5880.78,408.69,0.00,408.69,0.0695,0.0000,1,1
148134318,late40_r60_n30,dt_ge_2026-03-21_lt_2026-08-07,31,29,0.9355,14,0.4516,1328.19,509.56,0.3837,31,29,0.9355,14,15,2,0.4828,1328.19,509.56,0.00,509.56,0.3837,0.0000,1,1
148141713,late40_r60_n30,dt_ge_2026-03-21_lt_2026-08-07,55,41,0.7455,15,0.2727,612.02,-9.68,-0.0158,55,41,0.7455,15,39,1,0.2778,612.02,-9.68,0.00,-9.68,-0.0158,0.0000,1,1
148144378,late40_r60_n30,dt_ge_2026-03-21_lt_2026-08-07,37,29,0.7838,25,0.6757,1756.16,738.78,0.4207,37,29,0.7838,25,8,4,0.7576,1756.16,738.78,0.00,738.78,0.4207,0.0000,1,1
148144475,late40_r60_n30,dt_ge_2026-03-21_lt_2026-08-07,57,42,0.7368,17,0.2982,1933.04,11.60,0.0060,57,42,0.7368,17,37,3,0.3148,1933.04,11.60,17.40,28.99,0.0060,0.0000,1,1
148145603,late40_r60_n30,dt_ge_2026-03-21_lt_2026-08-07,54,34,0.6296,7,0.1296,2807.29,-875.35,-0.3118,54,34,0.6296,7,47,0,0.1296,2807.29,-875.35,0.00,-875.35,-0.3118,0.0000,1,1
148149491,late40_r60_n30,dt_ge_2026-03-21_lt_2026-08-07,49,31,0.6327,22,0.4490,637.32,-61.19,-0.0960,49,31,0.6327,22,24,3,0.4783,637.32,-61.19,5.74,-55.46,-0.0960,0.0000,1,1
148151524,late40_r60_n30,dt_ge_2026-03-21_lt_2026-08-07,36,23,0.6389,14,0.3889,159.65,-7.35,-0.0461,36,23,0.6389,14,20,2,0.4118,159.65,-7.35,1.28,-6.07,-0.0461,0.0000,1,1
148152261,late40_r60_n30,dt_ge_2026-03-21_lt_2026-08-07,31,24,0.7742,13,0.4194,5407.63,-527.06,-0.0975,31,24,0.7742,13,14,4,0.4815,5407.63,-527.06,0.00,-527.06,-0.0975,0.0000,1,1
148156019,late40_r60_n30,dt_ge_2026-03-21_lt_2026-08-07,84,55,0.6548,12,0.1429,649.16,-17.54,-0.0270,84,55,0.6548,12,71,1,0.1446,649.16,-17.54,0.00,-17.54,-0.0270,0.0000,1,1
148159197,late40_r60_n30,dt_ge_2026-03-21_lt_2026-08-07,150,90,0.6000,38,0.2533,2336.35,-35.75,-0.0153,150,90,0.6000,38,104,8,0.2676,2336.35,-35.75,0.00,-35.75,-0.0153,0.0000,1,1
148161061,late40_r60_n30,dt_ge_2026-03-21_lt_2026-08-07,72,55,0.7639,26,0.3611,3111.12,431.23,0.1386,72,55,0.7639,26,41,5,0.3881,3111.12,431.23,28.00,459.23,0.1386,0.0000,1,1
148162117,late40_r60_n30,dt_ge_2026-03-21_lt_2026-08-07,64,42,0.6563,14,0.2188,3792.90,138.47,0.0365,64,42,0.6563,14,48,2,0.2258,3792.90,138.47,0.00,138.47,0.0365,0.0000,1,1
148163240,late40_r60_n30,dt_ge_2026-03-21_lt_2026-08-07,40,29,0.7250,11,0.2750,96.86,-13.48,-0.1392,40,29,0.7250,11,28,1,0.2821,96.86,-13.48,0.00,-13.48,-0.1392,0.0000,1,1
148165947,late40_r60_n30,dt_ge_2026-03-21_lt_2026-08-07,57,39,0.6842,14,0.2456,202.39,-47.65,-0.2354,57,39,0.6842,14,42,1,0.2500,202.39,-47.65,0.00,-47.65,-0.2354,0.0000,1,1
148169161,late40_r60_n30,dt_ge_2026-03-21_lt_2026-08-07,38,24,0.6316,11,0.2895,851.73,-247.72,-0.2908,38,24,0.6316,11,26,1,0.2973,851.73,-247.72,0.00,-247.72,-0.2908,0.0000,1,1
148169550,late40_r60_n30,dt_ge_2026-03-21_lt_2026-08-07,67,55,0.8209,8,0.1194,367.89,-112.47,-0.3057,67,55,0.8209,8,57,2,0.1231,367.89,-112.47,0.00,-112.47,-0.3057,0.0000,1,1
148171261,late40_r60_n30,dt_ge_2026-03-21_lt_2026-08-07,35,24,0.6857,2,0.0571,1175.04,-787.63,-0.6703,35,24,0.6857,2,32,1,0.0588,1175.04,-787.63,0.00,-787.63,-0.6703,0.0000,1,1
148171814,late40_r60_n30,dt_ge_2026-03-21_lt_2026-08-07,37,27,0.7297,17,0.4595,4503.00,-360.25,-0.0800,37,27,0.7297,17,18,2,0.4857,4503.00,-360.25,0.00,-360.25,-0.0800,0.0000,1,1
148172680,late40_r60_n30,dt_ge_2026-03-21_lt_2026-08-07,30,19,0.6333,6,0.2000,132.40,-57.55,-0.4347,30,19,0.6333,6,24,0,0.2000,132.40,-57.55,0.00,-57.55,-0.4347,0.0000,1,1
148173435,late40_r60_n30,dt_ge_2026-03-21_lt_2026-08-07,486,299,0.6152,233,0.4794,6771.77,248.45,0.0367,486,299,0.6152,233,216,37,0.5189,6771.77,248.45,0.00,248.45,0.0367,0.0000,1,1
148174477,late40_r60_n30,dt_ge_2026-03-21_lt_2026-08-07,110,81,0.7364,18,0.1636,575.99,48.58,0.0843,110,81,0.7364,18,90,2,0.1667,575.99,48.58,4.61,53.19,0.0843,0.0000,1,1
148179318,late40_r60_n30,dt_ge_2026-03-21_lt_2026-08-07,67,41,0.6119,24,0.3582,786.64,34.42,0.0438,67,41,0.6119,24,40,3,0.3750,786.64,34.42,0.00,34.42,0.0438,0.0000,1,1
148182411,late40_r60_n30,dt_ge_2026-03-21_lt_2026-08-07,48,48,1.0000,12,0.2500,405.73,201.82,0.4974,48,48,1.0000,12,34,2,0.2609,405.73,201.82,0.00,201.82,0.4974,0.0000,1,1
148191791,late40_r60_n30,dt_ge_2026-03-21_lt_2026-08-07,43,30,0.6977,19,0.4419,158.63,15.02,0.0947,43,30,0.6977,19,19,5,0.5000,158.63,15.02,0.00,15.02,0.0947,0.0000,1,1
148192881,late40_r60_n30,dt_ge_2026-03-21_lt_2026-08-07,107,65,0.6075,39,0.3645,2748.21,-130.09,-0.0473,107,65,0.6075,39,59,9,0.3980,2748.21,-130.09,0.00,-130.09,-0.0473,0.0000,1,1
148197653,late40_r60_n30,dt_ge_2026-03-21_lt_2026-08-07,41,35,0.8537,9,0.2195,103.73,16.92,0.1631,41,35,0.8537,9,31,1,0.2250,103.73,16.92,0.00,16.92,0.1631,0.0000,1,1
148200662,late40_r60_n30,dt_ge_2026-03-21_lt_2026-08-07,44,31,0.7045,19,0.4318,400.25,26.78,0.0669,44,31,0.7045,19,20,5,0.4872,400.25,26.78,0.00,26.78,0.0669,0.0000,1,1
148207838,late40_r60_n30,dt_ge_2026-03-21_lt_2026-08-07,32,25,0.7813,6,0.1875,1684.95,-175.76,-0.1043,32,25,0.7813,6,24,2,0.2000,1684.95,-175.76,0.00,-175.76,-0.1043,0.0000,1,1
148211274,late40_r60_n30,dt_ge_2026-03-21_lt_2026-08-07,53,34,0.6415,14,0.2642,124.04,-6.83,-0.0551,53,34,0.6415,14,38,1,0.2692,124.04,-6.83,0.00,-6.83,-0.0551,0.0000,1,1
148216422,late40_r60_n30,dt_ge_2026-03-21_lt_2026-08-07,42,30,0.7143,6,0.1429,573.25,-319.35,-0.5571,42,30,0.7143,6,35,1,0.1463,573.25,-319.35,0.00,-319.35,-0.5571,0.0000,1,1
148217703,late40_r60_n30,dt_ge_2026-03-21_lt_2026-08-07,38,26,0.6842,14,0.3684,949.97,162.38,0.1709,38,26,0.6842,14,21,3,0.4000,949.97,162.38,0.00,162.38,0.1709,0.0000,1,1
148220230,late40_r60_n30,dt_ge_2026-03-21_lt_2026-08-07,40,26,0.6500,13,0.3250,2892.29,-334.04,-0.1155,40,26,0.6500,13,25,2,0.3421,2892.29,-334.04,0.00,-334.04,-0.1155,0.0000,1,1
148220661,late40_r60_n30,dt_ge_2026-03-21_lt_2026-08-07,79,54,0.6835,17,0.2152,308.88,21.33,0.0691,79,54,0.6835,17,59,3,0.2237,308.88,21.33,0.00,21.33,0.0691,0.0000,1,1
148223000,late40_r60_n30,dt_ge_2026-03-21_lt_2026-08-07,36,29,0.8056,9,0.2500,110.99,-20.29,-0.1828,36,29,0.8056,9,25,2,0.2647,110.99,-20.29,0.00,-20.29,-0.1828,0.0000,1,1
148224208,late40_r60_n30,dt_ge_2026-03-21_lt_2026-08-07,38,31,0.8158,13,0.3421,153.90,-31.62,-0.2055,38,31,0.8158,13,22,3,0.3714,153.90,-31.62,0.00,-31.62,-0.2055,0.0000,1,1
148225498,late40_r60_n30,dt_ge_2026-03-21_lt_2026-08-07,43,38,0.8837,8,0.1860,103.30,-27.62,-0.2673,43,38,0.8837,8,35,0,0.1860,103.30,-27.62,0.00,-27.62,-0.2673,0.0000,1,1
148227221,late40_r60_n30,dt_ge_2026-03-21_lt_2026-08-07,43,27,0.6279,16,0.3721,1039.36,-62.30,-0.0599,43,27,0.6279,16,19,8,0.4571,1039.36,-62.30,0.00,-62.30,-0.0599,0.0000,1,1
148229649,late40_r60_n30,dt_ge_2026-03-21_lt_2026-08-07,30,18,0.6000,15,0.5000,199.72,52.89,0.2648,30,18,0.6000,15,12,3,0.5556,199.72,52.89,0.00,52.89,0.2648,0.0000,1,1
148231558,late40_r60_n30,dt_ge_2026-03-21_lt_2026-08-07,31,20,0.6452,5,0.1613,94.23,-50.26,-0.5333,31,20,0.6452,5,24,2,0.1724,94.23,-50.26,0.00,-50.26,-0.5333,0.0000,1,1
148233169,late40_r60_n30,dt_ge_2026-03-21_lt_2026-08-07,111,68,0.6126,29,0.2613,1323.97,-52.81,-0.0399,111,68,0.6126,29,72,10,0.2871,1323.97,-52.81,0.00,-52.81,-0.0399,0.0000,1,1
148234049,late40_r60_n30,dt_ge_2026-03-21_lt_2026-08-07,44,35,0.7955,16,0.3636,123.33,37.54,0.3044,44,35,0.7955,16,28,0,0.3636,123.33,37.54,0.00,37.54,0.3044,0.0000,1,1
148238791,late40_r60_n30,dt_ge_2026-03-21_lt_2026-08-07,54,38,0.7037,11,0.2037,974.53,-131.19,-0.1346,54,38,0.7037,11,42,1,0.2075,974.53,-131.19,0.00,-131.19,-0.1346,0.0000,1,1
148244052,late40_r60_n30,dt_ge_2026-03-21_lt_2026-08-07,44,28,0.6364,6,0.1364,32.26,-10.55,-0.3271,44,28,0.6364,6,37,1,0.1395,32.26,-10.55,0.00,-10.55,-0.3271,0.0000,1,1
148249960,late40_r60_n30,dt_ge_2026-03-21_lt_2026-08-07,32,32,1.0000,7,0.2188,92.76,-12.86,-0.1386,32,32,1.0000,7,25,0,0.2188,92.76,-12.86,0.00,-12.86,-0.1386,0.0000,1,1
148252553,late40_r60_n30,dt_ge_2026-03-21_lt_2026-08-07,40,32,0.8000,23,0.5750,1874.39,86.18,0.0460,40,32,0.8000,23,16,1,0.5897,1874.39,86.18,0.00,86.18,0.0460,0.0000,1,1
148255297,late40_r60_n30,dt_ge_2026-03-21_lt_2026-08-07,39,38,0.9744,15,0.3846,1093.83,125.52,0.1148,39,38,0.9744,15,20,4,0.4286,1093.83,125.52,0.00,125.52,0.1148,0.0000,1,1
148255544,late40_r60_n30,dt_ge_2026-03-21_lt_2026-08-07,43,36,0.8372,10,0.2326,534.66,-69.38,-0.1298,43,36,0.8372,10,31,2,0.2439,534.66,-69.38,4.28,-65.10,-0.1298,0.0000,1,1
148257448,late40_r60_n30,dt_ge_2026-03-21_lt_2026-08-07,30,25,0.8333,7,0.2333,2396.41,-124.40,-0.0519,30,25,0.8333,7,20,3,0.2593,2396.41,-124.40,0.00,-124.40,-0.0519,0.0000,1,1
148261141,late40_r60_n30,dt_ge_2026-03-21_lt_2026-08-07,50,34,0.6800,20,0.4000,394.21,79.23,0.2010,50,34,0.6800,20,26,4,0.4348,394.21,79.23,0.00,79.23,0.2010,0.0000,1,1
148267538,late40_r60_n30,dt_ge_2026-03-21_lt_2026-08-07,129,79,0.6124,20,0.1550,6065.23,730.57,0.1205,129,79,0.6124,20,108,1,0.1563,6065.23,730.57,0.00,730.57,0.1205,0.0000,1,1
148269849,late40_r60_n30,dt_ge_2026-03-21_lt_2026-08-07,60,56,0.9333,14,0.2333,2800.83,301.42,0.1076,60,56,0.9333,14,44,2,0.2414,2800.83,301.42,0.00,301.42,0.1076,0.0000,1,1
148273378,late40_r60_n30,dt_ge_2026-03-21_lt_2026-08-07,31,19,0.6129,7,0.2258,272.23,53.66,0.1971,31,19,0.6129,7,21,3,0.2500,272.23,53.66,0.00,53.66,0.1971,0.0000,1,1
148274487,late40_r60_n30,dt_ge_2026-03-21_lt_2026-08-07,31,19,0.6129,8,0.2581,685.18,-189.74,-0.2769,31,19,0.6129,8,23,0,0.2581,685.18,-189.74,0.00,-189.74,-0.2769,0.0000,1,1
148281947,late40_r60_n30,dt_ge_2026-03-21_lt_2026-08-07,524,329,0.6279,178,0.3397,13444.55,45.10,0.0034,524,329,0.6279,178,313,33,0.3625,13444.55,45.10,0.00,45.10,0.0034,0.0000,1,1
148282723,late40_r60_n30,dt_ge_2026-03-21_lt_2026-08-07,31,22,0.7097,8,0.2581,269.43,-105.41,-0.3912,31,22,0.7097,8,21,2,0.2759,269.43,-105.41,0.00,-105.41,-0.3912,0.0000,1,1
148283983,late40_r60_n30,dt_ge_2026-03-21_lt_2026-08-07,51,34,0.6667,13,0.2549,1463.33,-550.78,-0.3764,51,34,0.6667,13,36,2,0.2653,1463.33,-550.78,0.00,-550.78,-0.3764,0.0000,1,1
148285045,late40_r60_n30,dt_ge_2026-03-21_lt_2026-08-07,48,32,0.6667,14,0.2917,1259.59,-242.09,-0.1922,48,32,0.6667,14,30,4,0.3182,1259.59,-242.09,0.00,-242.09,-0.1922,0.0000,1,1
148285231,late40_r60_n30,dt_ge_2026-03-21_lt_2026-08-07,543,378,0.6961,134,0.2468,3408.54,-175.54,-0.0515,543,378,0.6961,134,389,20,0.2562,3408.54,-175.54,0.00,-175.54,-0.0515,0.0000,1,1
148292604,late40_r60_n30,dt_ge_2026-03-21_lt_2026-08-07,42,31,0.7381,12,0.2857,235.06,23.95,0.1019,42,31,0.7381,12,29,1,0.2927,235.06,23.95,0.00,23.95,0.1019,0.0000,1,1
148293951,late40_r60_n30,dt_ge_2026-03-21_lt_2026-08-07,35,24,0.6857,17,0.4857,149.20,15.31,0.1026,35,24,0.6857,17,16,2,0.5152,149.20,15.31,0.00,15.31,0.1026,0.0000,1,1
148295994,late40_r60_n30,dt_ge_2026-03-21_lt_2026-08-07,38,36,0.9474,4,0.1053,202.35,-115.38,-0.5702,38,36,0.9474,4,32,2,0.1111,202.35,-115.38,1.62,-113.76,-0.5702,0.0000,1,1
148303095,late40_r60_n30,dt_ge_2026-03-21_lt_2026-08-07,42,29,0.6905,22,0.5238,710.16,316.74,0.4460,42,29,0.6905,22,18,2,0.5500,710.16,316.74,0.00,316.74,0.4460,0.0000,1,1
148304551,late40_r60_n30,dt_ge_2026-03-21_lt_2026-08-07,37,23,0.6216,8,0.2162,4079.00,-812.02,-0.1991,37,23,0.6216,8,28,1,0.2222,4079.00,-812.02,0.00,-812.02,-0.1991,0.0000,1,1
148311401,late40_r60_n30,dt_ge_2026-03-21_lt_2026-08-07,67,53,0.7910,24,0.3582,1692.91,409.21,0.2417,67,53,0.7910,24,42,1,0.3636,1692.91,409.21,0.00,409.21,0.2417,0.0000,1,1
148314059,late40_r60_n30,dt_ge_2026-03-21_lt_2026-08-07,46,30,0.6522,19,0.4130,0.00,-32.23,,46,30,0.6522,19,19,8,0.5000,0.00,-32.23,0.00,-32.23,,0.0000,1,1
148317633,late40_r60_n30,dt_ge_2026-03-21_lt_2026-08-07,70,44,0.6286,31,0.4429,1017.43,-20.51,-0.0202,70,44,0.6286,31,36,3,0.4627,1017.43,-20.51,0.00,-20.51,-0.0202,0.0000,1,1
148323681,late40_r60_n30,dt_ge_2026-03-21_lt_2026-08-07,117,77,0.6581,24,0.2051,5663.67,-149.34,-0.0264,117,77,0.6581,24,88,5,0.2143,5663.67,-149.34,0.00,-149.34,-0.0264,0.0000,1,1
148323863,late40_r60_n30,dt_ge_2026-03-21_lt_2026-08-07,187,125,0.6684,28,0.1497,904.01,13.08,0.0145,187,125,0.6684,28,156,3,0.1522,904.01,13.08,0.00,13.08,0.0145,0.0000,1,1
148324916,late40_r60_n30,dt_ge_2026-03-21_lt_2026-08-07,50,31,0.6200,17,0.3400,101.20,41.43,0.4094,50,31,0.6200,17,31,2,0.3542,101.20,41.43,0.00,41.43,0.4094,0.0000,1,1
148324924,late40_r60_n30,dt_ge_2026-03-21_lt_2026-08-07,42,35,0.8333,5,0.1190,2287.78,-980.29,-0.4285,42,35,0.8333,5,36,1,0.1220,2287.78,-980.29,0.00,-980.29,-0.4285,0.0000,1,1
148325367,late40_r60_n30,dt_ge_2026-03-21_lt_2026-08-07,32,20,0.6250,11,0.3438,1219.54,0.42,0.0003,32,20,0.6250,11,20,1,0.3548,1219.54,0.42,0.00,0.42,0.0003,0.0000,1,1
148326661,late40_r60_n30,dt_ge_2026-03-21_lt_2026-08-07,141,87,0.6170,32,0.2270,5833.11,-1234.19,-0.2116,141,87,0.6170,32,105,4,0.2336,5833.11,-1234.19,0.00,-1234.19,-0.2116,0.0000,1,1
148326979,late40_r60_n30,dt_ge_2026-03-21_lt_2026-08-07,61,38,0.6230,17,0.2787,1840.00,-453.00,-0.2462,61,38,0.6230,17,35,9,0.3269,1840.00,-453.00,0.00,-453.00,-0.2462,0.0000,1,1
148327724,late40_r60_n30,dt_ge_2026-03-21_lt_2026-08-07,36,22,0.6111,10,0.2778,293.04,-77.92,-0.2659,36,22,0.6111,10,24,2,0.2941,293.04,-77.92,0.00,-77.92,-0.2659,0.0000,1,1
148331962,late40_r60_n30,dt_ge_2026-03-21_lt_2026-08-07,71,54,0.7606,18,0.2535,4135.80,-623.25,-0.1507,71,54,0.7606,18,47,6,0.2769,4135.80,-623.25,0.00,-623.25,-0.1507,0.0000,1,1
148332171,late40_r60_n30,dt_ge_2026-03-21_lt_2026-08-07,5013,3171,0.6326,973,0.1941,11340.29,-964.11,-0.0850,5013,3171,0.6326,973,3859,181,0.2014,11340.29,-964.11,0.00,-964.11,-0.0850,0.0000,1,1
148332759,late40_r60_n30,dt_ge_2026-03-21_lt_2026-08-07,51,39,0.7647,19,0.3725,16303.43,-1906.50,-0.1169,51,39,0.7647,19,29,3,0.3958,16303.43,-1906.50,0.00,-1906.50,-0.1169,0.0000,1,1
148333838,late40_r60_n30,dt_ge_2026-03-21_lt_2026-08-07,40,25,0.6250,7,0.1750,1602.89,-428.44,-0.2673,40,25,0.6250,7,31,2,0.1842,1602.89,-428.44,0.00,-428.44,-0.2673,0.0000,1,1
148339142,late40_r60_n30,dt_ge_2026-03-21_lt_2026-08-07,33,22,0.6667,17,0.5152,472.67,147.59,0.3122,33,22,0.6667,17,13,3,0.5667,472.67,147.59,4.25,151.84,0.3122,0.0000,1,1
148345153,late40_r60_n30,dt_ge_2026-03-21_lt_2026-08-07,80,61,0.7625,19,0.2375,14030.32,799.55,0.0570,80,61,0.7625,19,58,3,0.2468,14030.32,799.55,0.00,799.55,0.0570,0.0000,1,1
148350768,late40_r60_n30,dt_ge_2026-03-21_lt_2026-08-07,50,35,0.7000,17,0.3400,526.87,-111.62,-0.2119,50,35,0.7000,17,28,5,0.3778,526.87,-111.62,0.00,-111.62,-0.2119,0.0000,1,1
148353377,late40_r60_n30,dt_ge_2026-03-21_lt_2026-08-07,54,37,0.6852,15,0.2778,695.32,-48.90,-0.0703,49,33,0.6735,14,32,3,0.3043,657.51,-27.89,0.00,-27.89,-0.0424,0.0000,1,1
148355925,late40_r60_n30,dt_ge_2026-03-21_lt_2026-08-07,48,35,0.7292,20,0.4167,361.56,17.92,0.0496,48,35,0.7292,20,25,3,0.4444,361.56,17.92,0.00,17.92,0.0496,0.0000,1,1
148357240,late40_r60_n30,dt_ge_2026-03-21_lt_2026-08-07,36,29,0.8056,5,0.1389,206.61,-77.90,-0.3770,36,29,0.8056,5,31,0,0.1389,206.61,-77.90,0.00,-77.90,-0.3770,0.0000,1,1
148358349,late40_r60_n30,dt_ge_2026-03-21_lt_2026-08-07,44,28,0.6364,21,0.4773,1229.22,155.97,0.1269,44,28,0.6364,21,20,3,0.5122,1229.22,155.97,0.00,155.97,0.1269,0.0000,1,1
148359341,late40_r60_n30,dt_ge_2026-03-21_lt_2026-08-07,71,43,0.6056,29,0.4085,243.37,-15.70,-0.0645,71,43,0.6056,29,33,9,0.4677,243.37,-15.70,0.00,-15.70,-0.0645,0.0000,1,1
148360607,late40_r60_n30,dt_ge_2026-03-21_lt_2026-08-07,54,46,0.8519,7,0.1296,282.18,-77.18,-0.2735,54,46,0.8519,7,47,0,0.1296,282.18,-77.18,0.00,-77.18,-0.2735,0.0000,1,1
148361153,late40_r60_n30,dt_ge_2026-03-21_lt_2026-08-07,214,129,0.6028,42,0.1963,1667.62,-188.79,-0.1132,214,129,0.6028,42,169,3,0.1991,1667.62,-188.79,0.00,-188.79,-0.1132,0.0000,1,1
148362214,late40_r60_n30,dt_ge_2026-03-21_lt_2026-08-07,37,29,0.7838,9,0.2432,1170.85,-133.50,-0.1140,37,29,0.7838,9,28,0,0.2432,1170.85,-133.50,0.00,-133.50,-0.1140,0.0000,1,1
148375054,late40_r60_n30,dt_ge_2026-03-21_lt_2026-08-07,71,56,0.7887,18,0.2535,1433.81,702.89,0.4902,71,56,0.7887,18,52,1,0.2571,1433.81,702.89,0.00,702.89,0.4902,0.0000,1,1
148377402,late40_r60_n30,dt_ge_2026-03-21_lt_2026-08-07,37,25,0.6757,12,0.3243,140.83,-33.73,-0.2395,37,25,0.6757,12,24,1,0.3333,140.83,-33.73,0.00,-33.73,-0.2395,0.0000,1,1
148378578,late40_r60_n30,dt_ge_2026-03-21_lt_2026-08-07,79,63,0.7975,23,0.2911,464.76,-100.04,-0.2152,67,55,0.8209,17,50,0,0.2537,371.07,-83.97,0.00,-83.97,-0.2263,0.0000,1,1
148380005,late40_r60_n30,dt_ge_2026-03-21_lt_2026-08-07,47,31,0.6596,6,0.1277,737.88,-115.95,-0.1571,47,31,0.6596,6,38,3,0.1364,737.88,-115.95,0.00,-115.95,-0.1571,0.0000,1,1
148380570,late40_r60_n30,dt_ge_2026-03-21_lt_2026-08-07,50,41,0.8200,9,0.1800,2648.14,-254.73,-0.0962,50,41,0.8200,9,40,1,0.1837,2648.14,-254.73,0.00,-254.73,-0.0962,0.0000,1,1
148385578,late40_r60_n30,dt_ge_2026-03-21_lt_2026-08-07,50,45,0.9000,8,0.1600,138.09,82.22,0.5954,50,45,0.9000,8,39,3,0.1702,138.09,82.22,0.00,82.22,0.5954,0.0000,1,1
148387818,late40_r60_n30,dt_ge_2026-03-21_lt_2026-08-07,49,29,0.5918,16,0.3265,1147.58,-230.66,-0.2010,46,29,0.6304,16,27,3,0.3721,1082.71,-165.79,0.00,-165.79,-0.1531,0.0000,0,1
148390834,late40_r60_n30,dt_ge_2026-03-21_lt_2026-08-07,41,34,0.8293,14,0.3415,140.16,-19.07,-0.1361,41,34,0.8293,14,21,6,0.4000,140.16,-19.07,0.00,-19.07,-0.1361,0.0000,1,1
148395091,late40_r60_n30,dt_ge_2026-03-21_lt_2026-08-07,63,48,0.7619,22,0.3492,1092.85,-45.15,-0.0413,63,48,0.7619,22,39,2,0.3607,1092.85,-45.15,0.00,-45.15,-0.0413,0.0000,1,1
148398517,late40_r60_n30,dt_ge_2026-03-21_lt_2026-08-07,50,50,1.0000,7,0.1400,305.69,-13.70,-0.0448,50,50,1.0000,7,43,0,0.1400,305.69,-13.70,0.00,-13.70,-0.0448,0.0000,1,1
148402403,late40_r60_n30,dt_ge_2026-03-21_lt_2026-08-07,84,57,0.6786,9,0.1071,651.02,-117.75,-0.1809,84,57,0.6786,9,72,3,0.1111,651.02,-117.75,0.00,-117.75,-0.1809,0.0000,1,1
148415788,late40_r60_n30,dt_ge_2026-03-21_lt_2026-08-07,57,37,0.6491,21,0.3684,3985.83,-561.63,-0.1409,57,37,0.6491,21,29,7,0.4200,3985.83,-561.63,0.00,-561.63,-0.1409,0.0000,1,1
148422067,late40_r60_n30,dt_ge_2026-03-21_lt_2026-08-07,339,216,0.6372,153,0.4513,21802.92,619.27,0.0284,339,216,0.6372,153,162,24,0.4857,21802.92,619.27,0.00,619.27,0.0284,0.0000,1,1
148422080,late40_r60_n30,dt_ge_2026-03-21_lt_2026-08-07,33,33,1.0000,2,0.0606,240.13,-135.88,-0.5658,33,33,1.0000,2,31,0,0.0606,240.13,-135.88,0.00,-135.88,-0.5658,0.0000,1,1
148423142,late40_r60_n30,dt_ge_2026-03-21_lt_2026-08-07,37,23,0.6216,13,0.3514,829.38,-213.14,-0.2570,37,23,0.6216,13,20,4,0.3939,829.38,-213.14,0.00,-213.14,-0.2570,0.0000,1,1
148424759,late40_r60_n30,dt_ge_2026-03-21_lt_2026-08-07,31,21,0.6774,5,0.1613,73.79,-44.27,-0.6000,31,21,0.6774,5,25,1,0.1667,73.79,-44.27,0.00,-44.27,-0.6000,0.0000,1,1
148428995,late40_r60_n30,dt_ge_2026-03-21_lt_2026-08-07,98,63,0.6429,18,0.1837,748.07,74.70,0.0999,98,63,0.6429,18,76,4,0.1915,748.07,74.70,0.00,74.70,0.0999,0.0000,1,1
148434223,late40_r60_n30,dt_ge_2026-03-21_lt_2026-08-07,43,28,0.6512,18,0.4186,1484.18,-188.73,-0.1272,43,28,0.6512,18,22,3,0.4500,1484.18,-188.73,0.00,-188.73,-0.1272,0.0000,1,1
148442880,late40_r60_n30,dt_ge_2026-03-21_lt_2026-08-07,48,33,0.6875,17,0.3542,5001.79,-658.82,-0.1317,48,33,0.6875,17,25,6,0.4048,5001.79,-658.82,0.00,-658.82,-0.1317,0.0000,1,1
148445328,late40_r60_n30,dt_ge_2026-03-21_lt_2026-08-07,99,71,0.7172,21,0.2121,1306.97,262.28,0.2007,99,71,0.7172,21,73,5,0.2234,1306.97,262.28,0.00,262.28,0.2007,0.0000,1,1
148445428,late40_r60_n30,dt_ge_2026-03-21_lt_2026-08-07,94,63,0.6702,18,0.1915,689.75,-29.01,-0.0421,94,63,0.6702,18,72,4,0.2000,689.75,-29.01,0.00,-29.01,-0.0421,0.0000,1,1
148447861,late40_r60_n30,dt_ge_2026-03-21_lt_2026-08-07,30,19,0.6333,9,0.3000,1080.00,261.50,0.2421,30,19,0.6333,9,20,1,0.3103,1080.00,261.50,0.00,261.50,0.2421,0.0000,1,1
148450497,late40_r60_n30,dt_ge_2026-03-21_lt_2026-08-07,46,31,0.6739,12,0.2609,275.16,-47.96,-0.1743,46,31,0.6739,12,32,2,0.2727,275.16,-47.96,0.00,-47.96,-0.1743,0.0000,1,1
148457457,late40_r60_n30,dt_ge_2026-03-21_lt_2026-08-07,33,28,0.8485,5,0.1515,285.84,-42.14,-0.1474,33,28,0.8485,5,28,0,0.1515,285.84,-42.14,0.00,-42.14,-0.1474,0.0000,1,1
148459204,late40_r60_n30,dt_ge_2026-03-21_lt_2026-08-07,68,48,0.7059,16,0.2353,9741.11,1300.78,0.1335,68,48,0.7059,16,52,0,0.2353,9741.11,1300.78,0.00,1300.78,0.1335,0.0000,1,1
148460226,late40_r60_n30,dt_ge_2026-03-21_lt_2026-08-07,216,130,0.6019,32,0.1481,4128.73,-186.02,-0.0451,216,130,0.6019,32,179,5,0.1517,4128.73,-186.02,0.00,-186.02,-0.0451,0.0000,1,1
148461257,late40_r60_n30,dt_ge_2026-03-21_lt_2026-08-07,30,30,1.0000,6,0.2000,449.18,-52.60,-0.1171,30,30,1.0000,6,24,0,0.2000,449.18,-52.60,0.00,-52.60,-0.1171,0.0000,1,1
148464826,late40_r60_n30,dt_ge_2026-03-21_lt_2026-08-07,58,39,0.6724,15,0.2586,144.49,-6.54,-0.0453,58,39,0.6724,15,42,1,0.2632,144.49,-6.54,0.00,-6.54,-0.0453,0.0000,1,1
148467960,late40_r60_n30,dt_ge_2026-03-21_lt_2026-08-07,36,29,0.8056,12,0.3333,135.56,-31.23,-0.2304,36,29,0.8056,12,21,3,0.3636,135.56,-31.23,0.00,-31.23,-0.2304,0.0000,1,1
148469702,late40_r60_n30,dt_ge_2026-03-21_lt_2026-08-07,47,39,0.8298,7,0.1489,451.30,-128.11,-0.2839,47,39,0.8298,7,39,1,0.1522,451.30,-128.11,0.00,-128.11,-0.2839,0.0000,1,1
148470920,late40_r60_n30,dt_ge_2026-03-21_lt_2026-08-07,50,39,0.7800,14,0.2800,1832.58,-647.68,-0.3534,50,39,0.7800,14,33,3,0.2979,1832.58,-647.68,0.00,-647.68,-0.3534,0.0000,1,1
148472620,late40_r60_n30,dt_ge_2026-03-21_lt_2026-08-07,109,75,0.6881,45,0.4128,714.08,-41.71,-0.0584,109,75,0.6881,45,52,12,0.4639,714.08,-41.71,0.00,-41.71,-0.0584,0.0000,1,1
148478439,late40_r60_n30,dt_ge_2026-03-21_lt_2026-08-07,37,37,1.0000,9,0.2432,431.12,-15.46,-0.0359,37,37,1.0000,9,27,1,0.2500,431.12,-15.46,0.00,-15.46,-0.0359,0.0000,1,1
148480997,late40_r60_n30,dt_ge_2026-03-21_lt_2026-08-07,84,51,0.6071,11,0.1310,1429.21,39.12,0.0274,84,51,0.6071,11,73,0,0.1310,1429.21,39.12,0.00,39.12,0.0274,0.0000,1,1
148481837,late40_r60_n30,dt_ge_2026-03-21_lt_2026-08-07,101,63,0.6238,18,0.1782,1772.90,175.64,0.0991,101,63,0.6238,18,80,3,0.1837,1772.90,175.64,0.00,175.64,0.0991,0.0000,1,1
148483990,late40_r60_n30,dt_ge_2026-03-21_lt_2026-08-07,36,31,0.8611,11,0.3056,135.98,-5.48,-0.0403,36,31,0.8611,11,22,3,0.3333,135.98,-5.48,0.00,-5.48,-0.0403,0.0000,1,1
148486346,late40_r60_n30,dt_ge_2026-03-21_lt_2026-08-07,30,25,0.8333,10,0.3333,442.25,-60.97,-0.1379,30,25,0.8333,10,18,2,0.3571,442.25,-60.97,0.00,-60.97,-0.1379,0.0000,1,1
148486484,late40_r60_n30,dt_ge_2026-03-21_lt_2026-08-07,32,22,0.6875,5,0.1563,198.17,-32.15,-0.1622,32,22,0.6875,5,26,1,0.1613,198.17,-32.15,0.00,-32.15,-0.1622,0.0000,1,1
148488526,late40_r60_n30,dt_ge_2026-03-21_lt_2026-08-07,72,46,0.6389,31,0.4306,1658.51,83.12,0.0501,72,46,0.6389,31,37,4,0.4559,1658.51,83.12,0.00,83.12,0.0501,0.0000,1,1
148496396,late40_r60_n30,dt_ge_2026-03-21_lt_2026-08-07,136,82,0.6029,27,0.1985,379.27,-30.57,-0.0806,136,82,0.6029,27,103,6,0.2077,379.27,-30.57,0.00,-30.57,-0.0806,0.0000,1,1
148501565,late40_r60_n30,dt_ge_2026-03-21_lt_2026-08-07,35,25,0.7143,9,0.2571,617.29,-210.82,-0.3415,35,25,0.7143,9,23,3,0.2813,617.29,-210.82,0.00,-210.82,-0.3415,0.0000,1,1
148507117,late40_r60_n30,dt_ge_2026-03-21_lt_2026-08-07,111,68,0.6126,12,0.1081,1066.77,-147.58,-0.1383,111,68,0.6126,12,96,3,0.1111,1066.77,-147.58,0.00,-147.58,-0.1383,0.0000,1,1
148507318,late40_r60_n30,dt_ge_2026-03-21_lt_2026-08-07,89,69,0.7753,11,0.1236,109.00,-20.90,-0.1918,89,69,0.7753,11,75,3,0.1279,109.00,-20.90,0.00,-20.90,-0.1918,0.0000,1,1
148511801,late40_r60_n30,dt_ge_2026-03-21_lt_2026-08-07,98,73,0.7449,22,0.2245,2812.39,317.82,0.1130,98,73,0.7449,22,72,4,0.2340,2812.39,317.82,0.00,317.82,0.1130,0.0000,1,1
148512585,late40_r60_n30,dt_ge_2026-03-21_lt_2026-08-07,47,31,0.6596,17,0.3617,5752.45,774.53,0.1346,47,31,0.6596,17,26,4,0.3953,5752.45,774.53,0.00,774.53,0.1346,0.0000,1,1
148515565,late40_r60_n30,dt_ge_2026-03-21_lt_2026-08-07,38,27,0.7105,14,0.3684,248.93,-15.23,-0.0612,38,27,0.7105,14,24,0,0.3684,248.93,-15.23,0.00,-15.23,-0.0612,0.0000,1,1
148523624,late40_r60_n30,dt_ge_2026-03-21_lt_2026-08-07,44,35,0.7955,13,0.2955,322.77,-73.68,-0.2283,44,35,0.7955,13,27,4,0.3250,322.77,-73.68,0.00,-73.68,-0.2283,0.0000,1,1
148526474,late40_r60_n30,dt_ge_2026-03-21_lt_2026-08-07,40,31,0.7750,8,0.2000,413.56,-203.49,-0.4921,40,31,0.7750,8,32,0,0.2000,413.56,-203.49,0.00,-203.49,-0.4921,0.0000,1,1
148527280,late40_r60_n30,dt_ge_2026-03-21_lt_2026-08-07,36,27,0.7500,6,0.1667,313.06,-48.69,-0.1555,36,27,0.7500,6,28,2,0.1765,313.06,-48.69,0.00,-48.69,-0.1555,0.0000,1,1
148527647,late40_r60_n30,dt_ge_2026-03-21_lt_2026-08-07,39,26,0.6667,14,0.3590,366.73,71.79,0.1958,39,26,0.6667,14,20,5,0.4118,366.73,71.79,0.00,71.79,0.1958,0.0000,1,1
148533692,late40_r60_n30,dt_ge_2026-03-21_lt_2026-08-07,109,74,0.6789,35,0.3211,997.62,87.39,0.0876,109,74,0.6789,35,72,2,0.3271,997.62,87.39,0.00,87.39,0.0876,0.0000,1,1
148533820,late40_r60_n30,dt_ge_2026-03-21_lt_2026-08-07,32,22,0.6875,13,0.4063,256.00,26.14,0.1021,32,22,0.6875,13,17,2,0.4333,256.00,26.14,0.00,26.14,0.1021,0.0000,1,1
148536108,late40_r60_n30,dt_ge_2026-03-21_lt_2026-08-07,30,23,0.7667,5,0.1667,78.43,30.99,0.3952,30,23,0.7667,5,25,0,0.1667,78.43,30.99,0.00,30.99,0.3952,0.0000,1,1
148536817,late40_r60_n30,dt_ge_2026-03-21_lt_2026-08-07,41,25,0.6098,12,0.2927,5955.55,25.65,0.0043,41,25,0.6098,12,27,2,0.3077,5955.55,25.65,0.00,25.65,0.0043,0.0000,1,1
148537552,late40_r60_n30,dt_ge_2026-03-21_lt_2026-08-07,68,43,0.6324,28,0.4118,3060.00,-22.50,-0.0074,68,43,0.6324,28,37,3,0.4308,3060.00,-22.50,0.00,-22.50,-0.0074,0.0000,1,1
148540394,late40_r60_n30,dt_ge_2026-03-21_lt_2026-08-07,57,57,1.0000,8,0.1404,50.62,-5.67,-0.1120,57,57,1.0000,8,48,1,0.1429,50.62,-5.67,0.00,-5.67,-0.1120,0.0000,1,1
148543886,late40_r60_n30,dt_ge_2026-03-21_lt_2026-08-07,34,24,0.7059,8,0.2353,544.86,31.26,0.0574,34,24,0.7059,8,26,0,0.2353,544.86,31.26,0.00,31.26,0.0574,0.0000,1,1
148546290,late40_r60_n30,dt_ge_2026-03-21_lt_2026-08-07,43,38,0.8837,12,0.2791,1455.81,388.22,0.2667,43,38,0.8837,12,30,1,0.2857,1455.81,388.22,0.00,388.22,0.2667,0.0000,1,1
148547464,late40_r60_n30,dt_ge_2026-03-21_lt_2026-08-07,34,21,0.6176,3,0.0882,995.73,-453.89,-0.4558,34,21,0.6176,3,28,3,0.0968,995.73,-453.89,0.00,-453.89,-0.4558,0.0000,1,1
148551897,late40_r60_n30,dt_ge_2026-03-21_lt_2026-08-07,123,80,0.6504,36,0.2927,610.10,57.60,0.0944,123,80,0.6504,36,80,7,0.3103,610.10,57.60,0.00,57.60,0.0944,0.0000,1,1
148553882,late40_r60_n30,dt_ge_2026-03-21_lt_2026-08-07,43,26,0.6047,15,0.3488,722.07,509.14,0.7051,43,26,0.6047,15,27,1,0.3571,722.07,509.14,0.00,509.14,0.7051,0.0000,1,1
148555660,late40_r60_n30,dt_ge_2026-03-21_lt_2026-08-07,1645,1304,0.7927,98,0.0596,45458.28,-9521.20,-0.2094,1588,1259,0.7928,97,1488,3,0.0612,43508.89,-8974.01,0.00,-8974.01,-0.2063,0.0000,1,1
148560417,late40_r60_n30,dt_ge_2026-03-21_lt_2026-08-07,297,218,0.7340,64,0.2155,8472.70,1454.68,0.1717,297,218,0.7340,64,224,9,0.2222,8472.70,1454.68,0.00,1454.68,0.1717,0.0000,1,1
148561863,late40_r60_n30,dt_ge_2026-03-21_lt_2026-08-07,45,29,0.6444,13,0.2889,314.11,248.28,0.7904,45,29,0.6444,13,30,2,0.3023,314.11,248.28,0.00,248.28,0.7904,0.0000,1,1
148567365,late40_r60_n30,dt_ge_2026-03-21_lt_2026-08-07,35,29,0.8286,11,0.3143,1116.05,257.16,0.2304,35,29,0.8286,11,23,1,0.3235,1116.05,257.16,0.00,257.16,0.2304,0.0000,1,1
148573739,late40_r60_n30,dt_ge_2026-03-21_lt_2026-08-07,32,20,0.6250,11,0.3438,385.81,-187.42,-0.4858,32,20,0.6250,11,20,1,0.3548,385.81,-187.42,0.00,-187.42,-0.4858,0.0000,1,1
148574832,late40_r60_n30,dt_ge_2026-03-21_lt_2026-08-07,63,45,0.7143,12,0.1905,2677.20,-348.99,-0.1304,63,45,0.7143,12,48,3,0.2000,2677.20,-348.99,0.00,-348.99,-0.1304,0.0000,1,1
148581557,late40_r60_n30,dt_ge_2026-03-21_lt_2026-08-07,34,28,0.8235,7,0.2059,367.13,-38.92,-0.1060,34,28,0.8235,7,27,0,0.2059,367.13,-38.92,0.00,-38.92,-0.1060,0.0000,1,1
148583838,late40_r60_n30,dt_ge_2026-03-21_lt_2026-08-07,39,27,0.6923,10,0.2564,917.72,-179.41,-0.1955,39,27,0.6923,10,29,0,0.2564,917.72,-179.41,0.00,-179.41,-0.1955,0.0000,1,1
148584982,late40_r60_n30,dt_ge_2026-03-21_lt_2026-08-07,71,46,0.6479,20,0.2817,1665.14,624.95,0.3753,71,46,0.6479,20,45,6,0.3077,1665.14,624.95,0.00,624.95,0.3753,0.0000,1,1
148585150,late40_r60_n30,dt_ge_2026-03-21_lt_2026-08-07,43,39,0.9070,5,0.1163,332.89,-50.74,-0.1524,43,39,0.9070,5,38,0,0.1163,332.89,-50.74,0.00,-50.74,-0.1524,0.0000,1,1
148588020,late40_r60_n30,dt_ge_2026-03-21_lt_2026-08-07,34,21,0.6176,13,0.3824,1842.39,-207.66,-0.1127,34,21,0.6176,13,16,5,0.4483,1842.39,-207.66,0.00,-207.66,-0.1127,0.0000,1,1
148590139,late40_r60_n30,dt_ge_2026-03-21_lt_2026-08-07,142,102,0.7183,60,0.4225,2197.41,-197.64,-0.0899,142,102,0.7183,60,69,13,0.4651,2197.41,-197.64,0.00,-197.64,-0.0899,0.0000,1,1
148591685,late40_r60_n30,dt_ge_2026-03-21_lt_2026-08-07,51,46,0.9020,11,0.2157,182.36,-63.14,-0.3462,51,46,0.9020,11,38,2,0.2245,182.36,-63.14,0.00,-63.14,-0.3462,0.0000,1,1
148595456,late40_r60_n30,dt_ge_2026-03-21_lt_2026-08-07,38,26,0.6842,10,0.2632,479.21,-198.86,-0.4150,38,26,0.6842,10,27,1,0.2703,479.21,-198.86,0.00,-198.86,-0.4150,0.0000,1,1
148605047,late40_r60_n30,dt_ge_2026-03-21_lt_2026-08-07,67,44,0.6567,25,0.3731,2957.36,27.42,0.0093,67,44,0.6567,25,36,6,0.4098,2957.36,27.42,0.00,27.42,0.0093,0.0000,1,1
148608989,late40_r60_n30,dt_ge_2026-03-21_lt_2026-08-07,35,29,0.8286,10,0.2857,929.25,-253.25,-0.2725,35,29,0.8286,10,24,1,0.2941,929.25,-253.25,0.00,-253.25,-0.2725,0.0000,1,1
148617052,late40_r60_n30,dt_ge_2026-03-21_lt_2026-08-07,38,26,0.6842,5,0.1316,770.00,-23.50,-0.0305,38,26,0.6842,5,31,2,0.1389,770.00,-23.50,0.00,-23.50,-0.0305,0.0000,1,1
148622651,late40_r60_n30,dt_ge_2026-03-21_lt_2026-08-07,36,27,0.7500,13,0.3611,6258.67,1456.69,0.2327,36,27,0.7500,13,22,1,0.3714,6258.67,1456.69,0.00,1456.69,0.2327,0.0000,1,1
148629449,late40_r60_n30,dt_ge_2026-03-21_lt_2026-08-07,83,50,0.6024,10,0.1205,986.31,-366.33,-0.3714,83,50,0.6024,10,71,2,0.1235,986.31,-366.33,0.00,-366.33,-0.3714,0.0000,1,1
148629595,late40_r60_n30,dt_ge_2026-03-21_lt_2026-08-07,35,21,0.6000,11,0.3143,1802.54,-607.70,-0.3371,35,21,0.6000,11,20,4,0.3548,1802.54,-607.70,0.00,-607.70,-0.3371,0.0000,1,1
148634532,late40_r60_n30,dt_ge_2026-03-21_lt_2026-08-07,34,29,0.8529,7,0.2059,1185.77,-0.65,-0.0006,34,29,0.8529,7,26,1,0.2121,1185.77,-0.65,0.00,-0.65,-0.0006,0.0000,1,1
148637764,late40_r60_n30,dt_ge_2026-03-21_lt_2026-08-07,63,58,0.9206,12,0.1905,465.67,105.36,0.2263,63,58,0.9206,12,47,4,0.2034,465.67,105.36,0.00,105.36,0.2263,0.0000,1,1
148648360,late40_r60_n30,dt_ge_2026-03-21_lt_2026-08-07,32,21,0.6563,6,0.1875,197.89,-78.66,-0.3975,32,21,0.6563,6,25,1,0.1935,197.89,-78.66,0.00,-78.66,-0.3975,0.0000,1,1
148655649,late40_r60_n30,dt_ge_2026-03-21_lt_2026-08-07,64,43,0.6719,15,0.2344,229.31,-41.04,-0.1790,64,43,0.6719,15,45,4,0.2500,229.31,-41.04,0.00,-41.04,-0.1790,0.0000,1,1
148661087,late40_r60_n30,dt_ge_2026-03-21_lt_2026-08-07,58,48,0.8276,15,0.2586,32.65,43.47,1.3314,58,48,0.8276,15,41,2,0.2679,32.65,43.47,0.00,43.47,1.3314,0.0000,1,1
148661376,late40_r60_n30,dt_ge_2026-03-21_lt_2026-08-07,32,23,0.7188,8,0.2500,176.88,-31.62,-0.1788,32,23,0.7188,8,24,0,0.2500,176.88,-31.62,0.00,-31.62,-0.1788,0.0000,1,1
148662408,late40_r60_n30,dt_ge_2026-03-21_lt_2026-08-07,30,22,0.7333,14,0.4667,2039.11,-130.95,-0.0642,30,22,0.7333,14,13,3,0.5185,2039.11,-130.95,0.00,-130.95,-0.0642,0.0000,1,1
148663010,late40_r60_n30,dt_ge_2026-03-21_lt_2026-08-07,57,40,0.7018,29,0.5088,149.20,5.10,0.0342,57,40,0.7018,29,24,4,0.5472,149.20,5.10,0.00,5.10,0.0342,0.0000,1,1
148663290,late40_r60_n30,dt_ge_2026-03-21_lt_2026-08-07,36,31,0.8611,18,0.5000,149.20,6.41,0.0430,36,31,0.8611,18,15,3,0.5455,149.20,6.41,0.00,6.41,0.0430,0.0000,1,1
148663376,late40_r60_n30,dt_ge_2026-03-21_lt_2026-08-07,34,28,0.8235,4,0.1176,120.41,-36.65,-0.3043,34,28,0.8235,4,30,0,0.1176,120.41,-36.65,0.00,-36.65,-0.3043,0.0000,1,1
148663724,late40_r60_n30,dt_ge_2026-03-21_lt_2026-08-07,66,52,0.7879,12,0.1818,472.58,-59.46,-0.1258,66,52,0.7879,12,52,2,0.1875,472.58,-59.46,0.00,-59.46,-0.1258,0.0000,1,1
148664128,late40_r60_n30,dt_ge_2026-03-21_lt_2026-08-07,42,27,0.6429,19,0.4524,133.50,-9.42,-0.0706,42,27,0.6429,19,19,4,0.5000,133.50,-9.42,0.00,-9.42,-0.0706,0.0000,1,1
148667972,late40_r60_n30,dt_ge_2026-03-21_lt_2026-08-07,36,24,0.6667,16,0.4444,1144.79,-86.87,-0.0759,36,24,0.6667,16,17,3,0.4848,1144.79,-86.87,0.00,-86.87,-0.0759,0.0000,1,1
148668216,late40_r60_n30,dt_ge_2026-03-21_lt_2026-08-07,37,25,0.6757,9,0.2432,174.58,-60.81,-0.3483,37,25,0.6757,9,27,1,0.2500,174.58,-60.81,0.00,-60.81,-0.3483,0.0000,1,1
148671244,late40_r60_n30,dt_ge_2026-03-21_lt_2026-08-07,63,44,0.6984,20,0.3175,8200.93,764.34,0.0932,63,44,0.6984,20,43,0,0.3175,8200.93,764.34,0.00,764.34,0.0932,0.0000,1,1
148672374,late40_r60_n30,dt_ge_2026-03-21_lt_2026-08-07,32,24,0.7500,16,0.5000,1618.05,-145.97,-0.0902,32,24,0.7500,16,13,3,0.5517,1618.05,-145.97,0.00,-145.97,-0.0902,0.0000,1,1
148672733,late40_r60_n30,dt_ge_2026-03-21_lt_2026-08-07,55,47,0.8545,5,0.0909,193.96,-91.71,-0.4728,55,47,0.8545,5,48,2,0.0943,193.96,-91.71,0.00,-91.71,-0.4728,0.0000,1,1
148672771,late40_r60_n30,dt_ge_2026-03-21_lt_2026-08-07,43,34,0.7907,7,0.1628,184.02,-23.26,-0.1264,43,34,0.7907,7,32,4,0.1795,184.02,-23.26,0.00,-23.26,-0.1264,0.0000,1,1
148673897,late40_r60_n30,dt_ge_2026-03-21_lt_2026-08-07,33,25,0.7576,10,0.3030,397.87,-0.65,-0.0016,33,25,0.7576,10,21,2,0.3226,397.87,-0.65,0.00,-0.65,-0.0016,0.0000,1,1
148675624,late40_r60_n30,dt_ge_2026-03-21_lt_2026-08-07,30,19,0.6333,9,0.3000,421.43,92.53,0.2196,30,19,0.6333,9,18,3,0.3333,421.43,92.53,0.00,92.53,0.2196,0.0000,1,1
148676430,late40_r60_n30,dt_ge_2026-03-21_lt_2026-08-07,40,25,0.6250,20,0.5000,16689.47,820.79,0.0492,40,25,0.6250,20,17,3,0.5405,16689.47,820.79,0.00,820.79,0.0492,0.0000,1,1
148676559,late40_r60_n30,dt_ge_2026-03-21_lt_2026-08-07,45,31,0.6889,9,0.2000,2307.92,1382.25,0.5989,45,31,0.6889,9,36,0,0.2000,2307.92,1382.25,0.00,1382.25,0.5989,0.0000,1,1
148682685,late40_r60_n30,dt_ge_2026-03-21_lt_2026-08-07,87,53,0.6092,27,0.3103,3098.45,-277.65,-0.0896,87,53,0.6092,27,55,5,0.3293,3098.45,-277.65,0.00,-277.65,-0.0896,0.0000,1,1
148683445,late40_r60_n30,dt_ge_2026-03-21_lt_2026-08-07,224,149,0.6652,46,0.2054,1358.46,-220.57,-0.1624,174,110,0.6322,35,137,2,0.2035,1039.33,-216.03,0.00,-216.03,-0.2079,0.0000,1,1
148683484,late40_r60_n30,dt_ge_2026-03-21_lt_2026-08-07,71,56,0.7887,16,0.2254,632.42,332.02,0.5250,71,56,0.7887,16,51,4,0.2388,632.42,332.02,0.00,332.02,0.5250,0.0000,1,1
148686256,late40_r60_n30,dt_ge_2026-03-21_lt_2026-08-07,30,22,0.7333,6,0.2000,310.71,-82.89,-0.2668,30,22,0.7333,6,24,0,0.2000,310.71,-82.89,0.00,-82.89,-0.2668,0.0000,1,1
148688854,late40_r60_n30,dt_ge_2026-03-21_lt_2026-08-07,58,39,0.6724,20,0.3448,1472.60,527.69,0.3583,58,39,0.6724,20,35,3,0.3636,1472.60,527.69,0.00,527.69,0.3583,0.0000,1,1
148690427,late40_r60_n30,dt_ge_2026-03-21_lt_2026-08-07,45,29,0.6444,22,0.4889,133.50,6.28,0.0471,45,29,0.6444,22,19,4,0.5366,133.50,6.28,0.00,6.28,0.0471,0.0000,1,1
148695569,late40_r60_n30,dt_ge_2026-03-21_lt_2026-08-07,30,30,1.0000,5,0.1667,178.57,-47.52,-0.2661,30,30,1.0000,5,25,0,0.1667,178.57,-47.52,0.00,-47.52,-0.2661,0.0000,1,1
148696310,late40_r60_n30,dt_ge_2026-03-21_lt_2026-08-07,33,28,0.8485,15,0.4545,654.40,42.41,0.0648,33,28,0.8485,15,16,2,0.4839,654.40,42.41,0.00,42.41,0.0648,0.0000,1,1
148696717,late40_r60_n30,dt_ge_2026-03-21_lt_2026-08-07,45,29,0.6444,13,0.2889,212.03,-27.75,-0.1309,45,29,0.6444,13,32,0,0.2889,212.03,-27.75,0.00,-27.75,-0.1309,0.0000,1,1
148706729,late40_r60_n30,dt_ge_2026-03-21_lt_2026-08-07,33,22,0.6667,8,0.2424,679.91,145.31,0.2137,33,22,0.6667,8,23,2,0.2581,679.91,145.31,0.00,145.31,0.2137,0.0000,1,1
148710309,late40_r60_n30,dt_ge_2026-03-21_lt_2026-08-07,39,26,0.6667,19,0.4872,554.54,-9.58,-0.0173,39,26,0.6667,19,16,4,0.5429,554.54,-9.58,0.00,-9.58,-0.0173,0.0000,1,1
148711459,late40_r60_n30,dt_ge_2026-03-21_lt_2026-08-07,45,30,0.6667,14,0.3111,646.00,-36.10,-0.0559,45,30,0.6667,14,30,1,0.3182,646.00,-36.10,0.00,-36.10,-0.0559,0.0000,1,1
148713076,late40_r60_n30,dt_ge_2026-03-21_lt_2026-08-07,33,33,1.0000,7,0.2121,191.64,31.62,0.1650,31,31,1.0000,7,24,0,0.2258,191.64,33.73,0.00,33.73,0.1760,0.0000,1,1
148713160,late40_r60_n30,dt_ge_2026-03-21_lt_2026-08-07,43,28,0.6512,12,0.2791,303.64,-51.70,-0.1703,43,28,0.6512,12,28,3,0.3000,303.64,-51.70,0.00,-51.70,-0.1703,0.0000,1,1
148713880,late40_r60_n30,dt_ge_2026-03-21_lt_2026-08-07,30,19,0.6333,7,0.2333,276.62,-21.54,-0.0779,30,19,0.6333,7,22,1,0.2414,276.62,-21.54,0.00,-21.54,-0.0779,0.0000,1,1
148715002,late40_r60_n30,dt_ge_2026-03-21_lt_2026-08-07,31,27,0.8710,10,0.3226,185.52,-13.39,-0.0722,31,27,0.8710,10,19,2,0.3448,185.52,-13.39,0.00,-13.39,-0.0722,0.0000,1,1
148720013,late40_r60_n30,dt_ge_2026-03-21_lt_2026-08-07,43,27,0.6279,8,0.1860,201.03,-9.29,-0.0462,43,27,0.6279,8,34,1,0.1905,201.03,-9.29,0.00,-9.29,-0.0462,0.0000,1,1
148721023,late40_r60_n30,dt_ge_2026-03-21_lt_2026-08-07,36,22,0.6111,15,0.4167,107.32,-19.24,-0.1793,36,22,0.6111,15,18,3,0.4545,107.32,-19.24,0.00,-19.24,-0.1793,0.0000,1,1
148721372,late40_r60_n30,dt_ge_2026-03-21_lt_2026-08-07,87,54,0.6207,19,0.2184,373.01,-15.71,-0.0421,87,54,0.6207,19,66,2,0.2235,373.01,-15.71,0.00,-15.71,-0.0421,0.0000,1,1
148721969,late40_r60_n30,dt_ge_2026-03-21_lt_2026-08-07,40,24,0.6000,21,0.5250,208.72,-3.27,-0.0157,40,24,0.6000,21,15,4,0.5833,208.72,-3.27,0.00,-3.27,-0.0157,0.0000,1,1
148728810,late40_r60_n30,dt_ge_2026-03-21_lt_2026-08-07,42,36,0.8571,7,0.1667,335.05,-96.01,-0.2866,42,36,0.8571,7,32,3,0.1795,335.05,-96.01,0.00,-96.01,-0.2866,0.0000,1,1
148731900,late40_r60_n30,dt_ge_2026-03-21_lt_2026-08-07,56,35,0.6250,14,0.2500,184.08,-61.84,-0.3359,56,35,0.6250,14,40,2,0.2593,184.08,-61.84,0.00,-61.84,-0.3359,0.0000,1,1
148733561,late40_r60_n30,dt_ge_2026-03-21_lt_2026-08-07,83,54,0.6506,14,0.1687,846.01,-386.51,-0.4569,83,54,0.6506,14,69,0,0.1687,846.01,-386.51,0.00,-386.51,-0.4569,0.0000,1,1
148740048,late40_r60_n30,dt_ge_2026-03-21_lt_2026-08-07,42,31,0.7381,12,0.2857,78.00,84.01,1.0770,42,31,0.7381,12,26,4,0.3158,78.00,84.01,0.00,84.01,1.0770,0.0000,1,1
148742473,late40_r60_n30,dt_ge_2026-03-21_lt_2026-08-07,48,42,0.8750,7,0.1458,269.87,-52.35,-0.1940,48,42,0.8750,7,40,1,0.1489,269.87,-52.35,0.00,-52.35,-0.1940,0.0000,1,1
148746062,late40_r60_n30,dt_ge_2026-03-21_lt_2026-08-07,52,46,0.8846,19,0.3654,145.05,-7.38,-0.0509,52,46,0.8846,19,30,3,0.3878,145.05,-7.38,1.16,-6.22,-0.0509,0.0000,1,1
148747999,late40_r60_n30,dt_ge_2026-03-21_lt_2026-08-07,62,48,0.7742,15,0.2419,4222.30,653.08,0.1547,62,48,0.7742,15,43,4,0.2586,4222.30,653.08,0.00,653.08,0.1547,0.0000,1,1
148753754,late40_r60_n30,dt_ge_2026-03-21_lt_2026-08-07,44,31,0.7045,24,0.5455,809.09,147.10,0.1818,44,31,0.7045,24,15,5,0.6154,809.09,147.10,0.00,147.10,0.1818,0.0000,1,1
148755140,late40_r60_n30,dt_ge_2026-03-21_lt_2026-08-07,58,43,0.7414,19,0.3276,580.82,-38.05,-0.0655,58,43,0.7414,19,36,3,0.3455,580.82,-38.05,0.00,-38.05,-0.0655,0.0000,1,1
148762122,late40_r60_n30,dt_ge_2026-03-21_lt_2026-08-07,50,33,0.6600,18,0.3600,4611.05,2213.75,0.4801,50,33,0.6600,18,26,6,0.4091,4611.05,2213.75,0.00,2213.75,0.4801,0.0000,1,1
148767508,late40_r60_n30,dt_ge_2026-03-21_lt_2026-08-07,40,25,0.6250,15,0.3750,625.61,-69.89,-0.1117,40,25,0.6250,15,20,5,0.4286,625.61,-69.89,0.00,-69.89,-0.1117,0.0000,1,1
148774834,late40_r60_n30,dt_ge_2026-03-21_lt_2026-08-07,32,23,0.7188,7,0.2188,3389.22,-170.86,-0.0504,32,23,0.7188,7,23,2,0.2333,3389.22,-170.86,0.00,-170.86,-0.0504,0.0000,1,1
148775450,late40_r60_n30,dt_ge_2026-03-21_lt_2026-08-07,59,55,0.9322,6,0.1017,1066.77,-451.80,-0.4235,59,55,0.9322,6,52,1,0.1034,1066.77,-451.80,0.00,-451.80,-0.4235,0.0000,1,1
148776482,late40_r60_n30,dt_ge_2026-03-21_lt_2026-08-07,35,22,0.6286,18,0.5143,638.52,1.70,0.0027,35,22,0.6286,18,15,2,0.5455,638.52,1.70,0.00,1.70,0.0027,0.0000,1,1
148779713,late40_r60_n30,dt_ge_2026-03-21_lt_2026-08-07,49,34,0.6939,10,0.2041,337.32,-52.71,-0.1563,49,34,0.6939,10,38,1,0.2083,337.32,-52.71,0.00,-52.71,-0.1563,0.0000,1,1
148786709,late40_r60_n30,dt_ge_2026-03-21_lt_2026-08-07,35,23,0.6571,14,0.4000,153.39,-11.86,-0.0773,35,23,0.6571,14,18,3,0.4375,153.39,-11.86,0.00,-11.86,-0.0773,0.0000,1,1
148795658,late40_r60_n30,dt_ge_2026-03-21_lt_2026-08-07,33,24,0.7273,15,0.4545,214.68,2.42,0.0113,33,24,0.7273,15,13,5,0.5357,214.68,2.42,0.00,2.42,0.0113,0.0000,1,1
148799309,late40_r60_n30,dt_ge_2026-03-21_lt_2026-08-07,34,30,0.8824,3,0.0882,1250.00,90.00,0.0720,34,30,0.8824,3,31,0,0.0882,1250.00,90.00,0.00,90.00,0.0720,0.0000,1,1
148805110,late40_r60_n30,dt_ge_2026-03-21_lt_2026-08-07,65,40,0.6154,18,0.2769,2790.05,668.96,0.2398,65,40,0.6154,18,45,2,0.2857,2790.05,668.96,0.00,668.96,0.2398,0.0000,1,1
148805482,late40_r60_n30,dt_ge_2026-03-21_lt_2026-08-07,32,20,0.6250,11,0.3438,115.95,36.05,0.3109,32,20,0.6250,11,17,4,0.3929,115.95,36.05,0.00,36.05,0.3109,0.0000,1,1
148805928,late40_r60_n30,dt_ge_2026-03-21_lt_2026-08-07,44,40,0.9091,8,0.1818,818.00,-202.29,-0.2473,44,40,0.9091,8,36,0,0.1818,818.00,-202.29,0.00,-202.29,-0.2473,0.0000,1,1
148808198,late40_r60_n30,dt_ge_2026-03-21_lt_2026-08-07,58,38,0.6552,9,0.1552,323.49,-174.64,-0.5399,58,38,0.6552,9,47,2,0.1607,323.49,-174.64,0.00,-174.64,-0.5399,0.0000,1,1
148813685,late40_r60_n30,dt_ge_2026-03-21_lt_2026-08-07,30,18,0.6000,11,0.3667,648.48,113.73,0.1754,30,18,0.6000,11,16,3,0.4074,648.48,113.73,0.00,113.73,0.1754,0.0000,1,1
148813742,late40_r60_n30,dt_ge_2026-03-21_lt_2026-08-07,33,27,0.8182,2,0.0606,1441.16,-964.15,-0.6690,33,27,0.8182,2,31,0,0.0606,1441.16,-964.15,4.32,-959.83,-0.6690,0.0000,1,1
148814416,late40_r60_n30,dt_ge_2026-03-21_lt_2026-08-07,35,23,0.6571,11,0.3143,684.97,-105.31,-0.1537,35,23,0.6571,11,22,2,0.3333,684.97,-105.31,0.00,-105.31,-0.1537,0.0000,1,1
148814629,late40_r60_n30,dt_ge_2026-03-21_lt_2026-08-07,105,87,0.8286,28,0.2667,887.36,108.24,0.1220,105,87,0.8286,28,72,5,0.2800,887.36,108.24,0.00,108.24,0.1220,0.0000,1,1
148816820,late40_r60_n30,dt_ge_2026-03-21_lt_2026-08-07,34,32,0.9412,5,0.1471,481.64,109.94,0.2283,34,32,0.9412,5,29,0,0.1471,481.64,109.94,0.00,109.94,0.2283,0.0000,1,1
148817270,late40_r60_n30,dt_ge_2026-03-21_lt_2026-08-07,44,32,0.7273,13,0.2955,237.82,-31.26,-0.1315,30,18,0.6000,9,19,2,0.3214,170.36,-28.28,0.00,-28.28,-0.1660,0.0000,1,1
148819159,late40_r60_n30,dt_ge_2026-03-21_lt_2026-08-07,99,72,0.7273,17,0.1717,759.67,45.91,0.0604,99,72,0.7273,17,78,4,0.1789,759.67,45.91,0.00,45.91,0.0604,0.0000,1,1
148821841,late40_r60_n30,dt_ge_2026-03-21_lt_2026-08-07,180,151,0.8389,19,0.1056,870.28,-137.14,-0.1576,180,151,0.8389,19,158,3,0.1073,870.28,-137.14,0.00,-137.14,-0.1576,0.0000,1,1
148824567,late40_r60_n30,dt_ge_2026-03-21_lt_2026-08-07,76,46,0.6053,29,0.3816,2770.46,-143.89,-0.0519,76,46,0.6053,29,41,6,0.4143,2770.46,-143.89,0.00,-143.89,-0.0519,0.0000,1,1
148824639,late40_r60_n30,dt_ge_2026-03-21_lt_2026-08-07,86,57,0.6628,27,0.3140,386.62,3.53,0.0091,86,57,0.6628,27,56,3,0.3253,386.62,3.53,0.00,3.53,0.0091,0.0000,1,1
148826368,late40_r60_n30,dt_ge_2026-03-21_lt_2026-08-07,55,33,0.6000,20,0.3636,282.08,22.66,0.0803,55,33,0.6000,20,34,1,0.3704,282.08,22.66,0.00,22.66,0.0803,0.0000,1,1
148828651,late40_r60_n30,dt_ge_2026-03-21_lt_2026-08-07,53,36,0.6792,9,0.1698,676.65,125.12,0.1849,53,36,0.6792,9,42,2,0.1765,676.65,125.12,0.00,125.12,0.1849,0.0000,1,1
148832144,late40_r60_n30,dt_ge_2026-03-21_lt_2026-08-07,31,21,0.6774,6,0.1935,162.33,-46.49,-0.2864,31,21,0.6774,6,24,1,0.2000,162.33,-46.49,0.00,-46.49,-0.2864,0.0000,1,1
148833761,late40_r60_n30,dt_ge_2026-03-21_lt_2026-08-07,87,58,0.6667,17,0.1954,1501.28,-510.30,-0.3399,87,58,0.6667,17,68,2,0.2000,1501.28,-510.30,0.00,-510.30,-0.3399,0.0000,1,1
148835171,late40_r60_n30,dt_ge_2026-03-21_lt_2026-08-07,30,18,0.6000,18,0.6000,178.00,58.90,0.3309,30,18,0.6000,18,9,3,0.6667,178.00,58.90,0.00,58.90,0.3309,0.0000,1,1
148836876,late40_r60_n30,dt_ge_2026-03-21_lt_2026-08-07,54,48,0.8889,10,0.1852,662.61,-46.94,-0.0708,54,48,0.8889,10,42,2,0.1923,662.61,-46.94,0.00,-46.94,-0.0708,0.0000,1,1
148843179,late40_r60_n30,dt_ge_2026-03-21_lt_2026-08-07,31,23,0.7419,8,0.2581,94.23,14.66,0.1556,31,23,0.7419,8,21,2,0.2759,94.23,14.66,0.00,14.66,0.1556,0.0000,1,1
148847542,late40_r60_n30,dt_ge_2026-03-21_lt_2026-08-07,36,23,0.6389,14,0.3889,982.65,-221.33,-0.2252,36,23,0.6389,14,22,0,0.3889,982.65,-221.33,0.00,-221.33,-0.2252,0.0000,1,1
148850257,late40_r60_n30,dt_ge_2026-03-21_lt_2026-08-07,37,27,0.7297,15,0.4054,4156.64,1222.89,0.2942,37,27,0.7297,15,15,7,0.5000,4156.64,1222.89,0.00,1222.89,0.2942,0.0000,1,1
148851210,late40_r60_n30,dt_ge_2026-03-21_lt_2026-08-07,30,23,0.7667,8,0.2667,376.93,-25.39,-0.0674,30,23,0.7667,8,22,0,0.2667,376.93,-25.39,0.00,-25.39,-0.0674,0.0000,1,1
148866259,late40_r60_n30,dt_ge_2026-03-21_lt_2026-08-07,31,28,0.9032,7,0.2258,2827.15,-423.76,-0.1499,31,28,0.9032,7,22,2,0.2414,2827.15,-423.76,0.00,-423.76,-0.1499,0.0000,1,1
148869523,late40_r60_n30,dt_ge_2026-03-21_lt_2026-08-07,33,21,0.6364,16,0.4848,328.25,-17.56,-0.0535,33,21,0.6364,16,16,1,0.5000,328.25,-17.56,0.00,-17.56,-0.0535,0.0000,1,1
148878029,late40_r60_n30,dt_ge_2026-03-21_lt_2026-08-07,34,22,0.6471,9,0.2647,335.31,-79.06,-0.2358,34,22,0.6471,9,24,1,0.2727,335.31,-79.06,0.00,-79.06,-0.2358,0.0000,1,1
148880760,late40_r60_n30,dt_ge_2026-03-21_lt_2026-08-07,30,18,0.6000,4,0.1333,235.58,-34.03,-0.1444,30,18,0.6000,4,25,1,0.1379,235.58,-34.03,0.00,-34.03,-0.1444,0.0000,1,1
148887642,late40_r60_n30,dt_ge_2026-03-21_lt_2026-08-07,53,53,1.0000,11,0.2075,192.06,109.42,0.5697,53,53,1.0000,11,41,1,0.2115,192.06,109.42,0.00,109.42,0.5697,0.0000,1,1
148892526,late40_r60_n30,dt_ge_2026-03-21_lt_2026-08-07,44,33,0.7500,14,0.3182,425.81,67.53,0.1586,44,33,0.7500,14,28,2,0.3333,425.81,67.53,0.00,67.53,0.1586,0.0000,1,1
148894487,late40_r60_n30,dt_ge_2026-03-21_lt_2026-08-07,78,64,0.8205,17,0.2179,752.43,127.86,0.1699,78,64,0.8205,17,60,1,0.2208,752.43,127.86,0.00,127.86,0.1699,0.0000,1,1
148896756,late40_r60_n30,dt_ge_2026-03-21_lt_2026-08-07,90,67,0.7444,40,0.4444,988.29,-44.99,-0.0455,90,67,0.7444,40,47,3,0.4598,988.29,-44.99,0.00,-44.99,-0.0455,0.0000,1,1
148908554,late40_r60_n30,dt_ge_2026-03-21_lt_2026-08-07,104,92,0.8846,26,0.2500,1543.18,349.66,0.2266,104,92,0.8846,26,72,6,0.2653,1543.18,349.66,0.00,349.66,0.2266,0.0000,1,1
148914983,late40_r60_n30,dt_ge_2026-03-21_lt_2026-08-07,52,34,0.6538,20,0.3846,199.74,66.41,0.3325,52,34,0.6538,20,30,2,0.4000,199.74,66.41,0.00,66.41,0.3325,0.0000,1,1
148915129,late40_r60_n30,dt_ge_2026-03-21_lt_2026-08-07,89,69,0.7753,11,0.1236,1166.28,-263.30,-0.2258,89,69,0.7753,11,77,1,0.1250,1166.28,-263.30,0.00,-263.30,-0.2258,0.0000,1,1
148916954,late40_r60_n30,dt_ge_2026-03-21_lt_2026-08-07,77,55,0.7143,23,0.2987,793.82,-66.16,-0.0833,77,55,0.7143,23,51,3,0.3108,793.82,-66.16,0.00,-66.16,-0.0833,0.0000,1,1
148919761,late40_r60_n30,dt_ge_2026-03-21_lt_2026-08-07,156,94,0.6026,23,0.1474,1097.00,-264.21,-0.2408,156,94,0.6026,23,131,2,0.1494,1097.00,-264.21,0.00,-264.21,-0.2408,0.0000,1,1
148924159,late40_r60_n30,dt_ge_2026-03-21_lt_2026-08-07,253,158,0.6245,106,0.4190,9264.72,1244.58,0.1343,253,158,0.6245,106,124,23,0.4609,9264.72,1244.58,0.00,1244.58,0.1343,0.0000,1,1
148925600,late40_r60_n30,dt_ge_2026-03-21_lt_2026-08-07,55,55,1.0000,7,0.1273,2520.74,188.47,0.0748,55,55,1.0000,7,48,0,0.1273,2520.74,188.47,0.00,188.47,0.0748,0.0000,1,1
148925877,late40_r60_n30,dt_ge_2026-03-21_lt_2026-08-07,30,18,0.6000,8,0.2667,1950.00,585.00,0.3000,30,18,0.6000,8,18,4,0.3077,1950.00,585.00,0.00,585.00,0.3000,0.0000,1,1
148926712,late40_r60_n30,dt_ge_2026-03-21_lt_2026-08-07,75,52,0.6933,14,0.1867,601.96,-159.59,-0.2651,75,52,0.6933,14,54,7,0.2059,601.96,-159.59,0.00,-159.59,-0.2651,0.0000,1,1
148930880,late40_r60_n30,dt_ge_2026-03-21_lt_2026-08-07,36,28,0.7778,12,0.3333,199.23,18.76,0.0942,36,28,0.7778,12,22,2,0.3529,199.23,18.76,0.00,18.76,0.0942,0.0000,1,1
148936834,late40_r60_n30,dt_ge_2026-03-21_lt_2026-08-07,48,34,0.7083,25,0.5208,329.51,67.85,0.2059,48,34,0.7083,25,19,4,0.5682,329.51,67.85,0.00,67.85,0.2059,0.0000,1,1
148939617,late40_r60_n30,dt_ge_2026-03-21_lt_2026-08-07,92,57,0.6196,19,0.2065,713.54,-226.85,-0.3179,92,57,0.6196,19,70,3,0.2135,713.54,-226.85,0.00,-226.85,-0.3179,0.0000,1,1
148940336,late40_r60_n30,dt_ge_2026-03-21_lt_2026-08-07,32,21,0.6563,9,0.2813,517.76,-109.42,-0.2113,32,21,0.6563,9,21,2,0.3000,517.76,-109.42,0.00,-109.42,-0.2113,0.0000,1,1
148941440,late40_r60_n30,dt_ge_2026-03-21_lt_2026-08-07,65,53,0.8154,13,0.2000,726.27,-321.59,-0.4428,65,53,0.8154,13,51,1,0.2031,726.27,-321.59,0.00,-321.59,-0.4428,0.0000,1,1
148942515,late40_r60_n30,dt_ge_2026-03-21_lt_2026-08-07,46,30,0.6522,18,0.3913,3470.05,-253.08,-0.0729,46,30,0.6522,18,25,3,0.4186,3470.05,-253.08,0.00,-253.08,-0.0729,0.0000,1,1
148951335,late40_r60_n30,dt_ge_2026-03-21_lt_2026-08-07,37,23,0.6216,17,0.4595,1813.99,596.94,0.3291,37,23,0.6216,17,17,3,0.5000,1813.99,596.94,0.00,596.94,0.3291,0.0000,1,1
148952365,late40_r60_n30,dt_ge_2026-03-21_lt_2026-08-07,38,25,0.6579,4,0.1053,319.18,-138.33,-0.4334,38,25,0.6579,4,32,2,0.1111,319.18,-138.33,0.00,-138.33,-0.4334,0.0000,1,1
148954725,late40_r60_n30,dt_ge_2026-03-21_lt_2026-08-07,30,30,1.0000,5,0.1667,15.81,-0.75,-0.0477,30,30,1.0000,5,23,2,0.1786,15.81,-0.75,0.00,-0.75,-0.0477,0.0000,1,1
148956583,late40_r60_n30,dt_ge_2026-03-21_lt_2026-08-07,48,29,0.6042,30,0.6250,6749.90,1417.55,0.2100,48,29,0.6042,30,16,2,0.6522,6749.90,1417.55,0.00,1417.55,0.2100,0.0000,1,1
148959370,late40_r60_n30,dt_ge_2026-03-21_lt_2026-08-07,56,55,0.9821,6,0.1071,639.03,37.35,0.0585,56,55,0.9821,6,50,0,0.1071,639.03,37.35,0.00,37.35,0.0585,0.0000,1,1
148963412,late40_r60_n30,dt_ge_2026-03-21_lt_2026-08-07,172,114,0.6628,28,0.1628,1720.55,-106.34,-0.0618,172,114,0.6628,28,136,8,0.1707,1720.55,-106.34,0.00,-106.34,-0.0618,0.0000,1,1
148970282,late40_r60_n30,dt_ge_2026-03-21_lt_2026-08-07,163,104,0.6380,75,0.4601,2900.00,100.00,0.0345,163,104,0.6380,75,70,18,0.5172,2900.00,100.00,0.00,100.00,0.0345,0.0000,1,1
148972594,late40_r60_n30,dt_ge_2026-03-21_lt_2026-08-07,31,21,0.6774,11,0.3548,1019.10,-152.98,-0.1501,31,21,0.6774,11,17,3,0.3929,1019.10,-152.98,0.00,-152.98,-0.1501,0.0000,1,1
148973638,late40_r60_n30,dt_ge_2026-03-21_lt_2026-08-07,30,22,0.7333,10,0.3333,361.58,1.49,0.0041,30,22,0.7333,10,19,1,0.3448,361.58,1.49,0.00,1.49,0.0041,0.0000,1,1
148975302,late40_r60_n30,dt_ge_2026-03-21_lt_2026-08-07,35,23,0.6571,15,0.4286,27.03,-3.79,-0.1404,35,23,0.6571,15,17,3,0.4688,27.03,-3.79,0.00,-3.79,-0.1404,0.0000,1,1
148975397,late40_r60_n30,dt_ge_2026-03-21_lt_2026-08-07,91,56,0.6154,34,0.3736,630.13,93.00,0.1476,91,56,0.6154,34,48,9,0.4146,630.13,93.00,0.00,93.00,0.1476,0.0000,1,1
148976349,late40_r60_n30,dt_ge_2026-03-21_lt_2026-08-07,34,34,1.0000,5,0.1471,1858.49,-369.74,-0.1989,34,34,1.0000,5,27,2,0.1563,1858.49,-369.74,0.00,-369.74,-0.1989,0.0000,1,1
148980428,late40_r60_n30,dt_ge_2026-03-21_lt_2026-08-07,83,51,0.6145,22,0.2651,428.18,77.27,0.1805,83,51,0.6145,22,60,1,0.2683,428.18,77.27,0.00,77.27,0.1805,0.0000,1,1
148980506,late40_r60_n30,dt_ge_2026-03-21_lt_2026-08-07,82,52,0.6341,19,0.2317,1374.32,-264.02,-0.1921,82,52,0.6341,19,61,2,0.2375,1374.32,-264.02,0.00,-264.02,-0.1921,0.0000,1,1
148981752,late40_r60_n30,dt_ge_2026-03-21_lt_2026-08-07,48,40,0.8333,10,0.2083,157.06,138.09,0.8792,48,40,0.8333,10,37,1,0.2128,157.06,138.09,0.00,138.09,0.8792,0.0000,1,1
148981889,late40_r60_n30,dt_ge_2026-03-21_lt_2026-08-07,83,77,0.9277,17,0.2048,1928.55,56.94,0.0295,83,77,0.9277,17,64,2,0.2099,1928.55,56.94,0.00,56.94,0.0295,0.0000,1,1
148981949,late40_r60_n30,dt_ge_2026-03-21_lt_2026-08-07,42,31,0.7381,8,0.1905,457.40,-29.30,-0.0641,42,31,0.7381,8,33,1,0.1951,457.40,-29.30,0.00,-29.30,-0.0641,0.0000,1,1
148982278,late40_r60_n30,dt_ge_2026-03-21_lt_2026-08-07,68,52,0.7647,12,0.1765,302.74,-30.53,-0.1008,68,52,0.7647,12,54,2,0.1818,302.74,-30.53,0.00,-30.53,-0.1008,0.0000,1,1
148984411,late40_r60_n30,dt_ge_2026-03-21_lt_2026-08-07,65,39,0.6000,21,0.3231,11412.72,260.45,0.0228,65,39,0.6000,21,41,3,0.3387,11412.72,260.45,0.00,260.45,0.0228,0.0000,1,1
148985332,late40_r60_n30,dt_ge_2026-03-21_lt_2026-08-07,32,21,0.6563,16,0.5000,1204.09,242.78,0.2016,32,21,0.6563,16,13,3,0.5517,1204.09,242.78,0.00,242.78,0.2016,0.0000,1,1
148986926,late40_r60_n30,dt_ge_2026-03-21_lt_2026-08-07,59,56,0.9492,9,0.1525,89325.45,34499.91,0.3862,59,56,0.9492,9,50,0,0.1525,89325.45,34499.91,0.00,34499.91,0.3862,0.0000,1,1
148988171,late40_r60_n30,dt_ge_2026-03-21_lt_2026-08-07,34,23,0.6765,12,0.3529,1054.89,474.31,0.4496,34,23,0.6765,12,18,4,0.4000,1054.89,474.31,0.00,474.31,0.4496,0.0000,1,1
148989083,late40_r60_n30,dt_ge_2026-03-21_lt_2026-08-07,183,121,0.6612,73,0.3989,2156.90,-14.40,-0.0067,183,121,0.6612,73,96,14,0.4320,2156.90,-14.40,0.00,-14.40,-0.0067,0.0000,1,1
148998382,late40_r60_n30,dt_ge_2026-03-21_lt_2026-08-07,48,30,0.6250,18,0.3750,828.54,-18.76,-0.0226,48,30,0.6250,18,24,6,0.4286,828.54,-18.76,0.00,-18.76,-0.0226,0.0000,1,1
148999355,late40_r60_n30,dt_ge_2026-03-21_lt_2026-08-07,66,54,0.8182,13,0.1970,599.79,105.83,0.1764,66,54,0.8182,13,50,3,0.2063,599.79,105.83,0.00,105.83,0.1764,0.0000,1,1
148999669,late40_r60_n30,dt_ge_2026-03-21_lt_2026-08-07,52,32,0.6154,15,0.2885,1191.53,-48.29,-0.0405,52,32,0.6154,15,29,8,0.3409,1191.53,-48.29,0.00,-48.29,-0.0405,0.0000,1,1
149000702,late40_r60_n30,dt_ge_2026-03-21_lt_2026-08-07,43,36,0.8372,7,0.1628,625.61,384.13,0.6140,43,36,0.8372,7,35,1,0.1667,625.61,384.13,0.00,384.13,0.6140,0.0000,1,1
149001494,late40_r60_n30,dt_ge_2026-03-21_lt_2026-08-07,40,29,0.7250,10,0.2500,1554.68,238.88,0.1537,26,16,0.6154,6,17,3,0.2609,1225.17,-44.58,0.00,-44.58,-0.0364,0.0000,1,0
149003621,late40_r60_n30,dt_ge_2026-03-21_lt_2026-08-07,108,76,0.7037,38,0.3519,6376.72,-285.03,-0.0447,108,76,0.7037,38,61,9,0.3838,6376.72,-285.03,0.00,-285.03,-0.0447,0.0000,1,1
149003887,late40_r60_n30,dt_ge_2026-03-21_lt_2026-08-07,55,37,0.6727,19,0.3455,248.67,52.48,0.2111,55,37,0.6727,19,33,3,0.3654,248.67,52.48,0.00,52.48,0.2111,0.0000,1,1
149004189,late40_r60_n30,dt_ge_2026-03-21_lt_2026-08-07,61,46,0.7541,17,0.2787,185.51,-0.87,-0.0047,61,46,0.7541,17,39,5,0.3036,185.51,-0.87,0.00,-0.87,-0.0047,0.0000,1,1
149012644,late40_r60_n30,dt_ge_2026-03-21_lt_2026-08-07,33,23,0.6970,8,0.2424,358.40,14.02,0.0391,33,23,0.6970,8,25,0,0.2424,358.40,14.02,0.00,14.02,0.0391,0.0000,1,1
149014739,late40_r60_n30,dt_ge_2026-03-21_lt_2026-08-07,32,20,0.6250,13,0.4063,1473.18,-261.89,-0.1778,32,20,0.6250,13,17,2,0.4333,1473.18,-261.89,0.00,-261.89,-0.1778,0.0000,1,1
149016278,late40_r60_n30,dt_ge_2026-03-21_lt_2026-08-07,34,25,0.7353,18,0.5294,401.93,0.65,0.0016,31,22,0.7097,17,13,1,0.5667,363.01,13.63,0.00,13.63,0.0375,0.0000,1,1
149016827,late40_r60_n30,dt_ge_2026-03-21_lt_2026-08-07,34,27,0.7941,13,0.3824,449.26,-82.49,-0.1836,34,27,0.7941,13,19,2,0.4063,449.26,-82.49,0.00,-82.49,-0.1836,0.0000,1,1
149017900,late40_r60_n30,dt_ge_2026-03-21_lt_2026-08-07,33,23,0.6970,16,0.4848,1510.35,37.43,0.0248,33,23,0.6970,16,15,2,0.5161,1510.35,37.43,0.00,37.43,0.0248,0.0000,1,1
149021461,late40_r60_n30,dt_ge_2026-03-21_lt_2026-08-07,32,24,0.7500,10,0.3125,1380.00,-436.00,-0.3159,32,24,0.7500,10,22,0,0.3125,1380.00,-436.00,0.00,-436.00,-0.3159,0.0000,1,1
149022670,late40_r60_n30,dt_ge_2026-03-21_lt_2026-08-07,36,24,0.6667,8,0.2222,96.85,-24.08,-0.2486,36,24,0.6667,8,28,0,0.2222,96.85,-24.08,0.00,-24.08,-0.2486,0.0000,1,1
149022883,late40_r60_n30,dt_ge_2026-03-21_lt_2026-08-07,31,25,0.8065,7,0.2258,28.67,6.16,0.2147,31,25,0.8065,7,24,0,0.2258,28.67,6.16,0.00,6.16,0.2147,0.0000,1,1
149023703,late40_r60_n30,dt_ge_2026-03-21_lt_2026-08-07,34,26,0.7647,7,0.2059,243.44,17.54,0.0720,34,26,0.7647,7,24,3,0.2258,243.44,17.54,0.00,17.54,0.0720,0.0000,1,1
149025803,late40_r60_n30,dt_ge_2026-03-21_lt_2026-08-07,51,33,0.6471,23,0.4510,3630.63,-274.95,-0.0757,51,33,0.6471,23,22,6,0.5111,3630.63,-274.95,0.00,-274.95,-0.0757,0.0000,1,1
149026278,late40_r60_n30,dt_ge_2026-03-21_lt_2026-08-07,88,56,0.6364,15,0.1705,395.93,108.79,0.2748,88,56,0.6364,15,70,3,0.1765,395.93,108.79,0.00,108.79,0.2748,0.0000,1,1
149030157,late40_r60_n30,dt_ge_2026-03-21_lt_2026-08-07,60,38,0.6333,10,0.1667,455.46,-84.02,-0.1845,60,38,0.6333,10,47,3,0.1754,455.46,-84.02,0.00,-84.02,-0.1845,0.0000,1,1
149034483,late40_r60_n30,dt_ge_2026-03-21_lt_2026-08-07,112,96,0.8571,25,0.2232,683.20,-142.93,-0.2092,112,96,0.8571,25,78,9,0.2427,683.20,-142.93,0.00,-142.93,-0.2092,0.0000,1,1
149037919,late40_r60_n30,dt_ge_2026-03-21_lt_2026-08-07,91,71,0.7802,17,0.1868,3433.00,-309.95,-0.0903,91,71,0.7802,17,68,6,0.2000,3433.00,-309.95,0.00,-309.95,-0.0903,0.0000,1,1
149044739,late40_r60_n30,dt_ge_2026-03-21_lt_2026-08-07,33,33,1.0000,18,0.5455,1195.37,24.56,0.0205,33,33,1.0000,18,14,1,0.5625,1195.37,24.56,0.00,24.56,0.0205,0.0000,1,1
149044982,late40_r60_n30,dt_ge_2026-03-21_lt_2026-08-07,85,67,0.7882,10,0.1176,1819.41,-399.51,-0.2196,85,67,0.7882,10,74,1,0.1190,1819.41,-399.51,16.37,-383.14,-0.2196,0.0000,1,1
149045177,late40_r60_n30,dt_ge_2026-03-21_lt_2026-08-07,35,25,0.7143,10,0.2857,2026.36,85.38,0.0421,35,25,0.7143,10,24,1,0.2941,2026.36,85.38,0.00,85.38,0.0421,0.0000,1,1
149045404,late40_r60_n30,dt_ge_2026-03-21_lt_2026-08-07,37,35,0.9459,11,0.2973,102.46,-27.41,-0.2675,37,35,0.9459,11,25,1,0.3056,102.46,-27.41,0.00,-27.41,-0.2675,0.0000,1,1
149047680,late40_r60_n30,dt_ge_2026-03-21_lt_2026-08-07,75,61,0.8133,11,0.1467,348.70,-57.38,-0.1645,75,61,0.8133,11,62,2,0.1507,348.70,-57.38,0.00,-57.38,-0.1645,0.0000,1,1
149048425,late40_r60_n30,dt_ge_2026-03-21_lt_2026-08-07,60,40,0.6667,18,0.3000,273.65,-80.32,-0.2935,60,40,0.6667,18,34,8,0.3462,273.65,-80.32,0.00,-80.32,-0.2935,0.0000,1,1
149049640,late40_r60_n30,dt_ge_2026-03-21_lt_2026-08-07,39,29,0.7436,20,0.5128,204.17,34.29,0.1679,39,29,0.7436,20,16,3,0.5556,204.17,34.29,0.00,34.29,0.1679,0.0000,1,1
149055645,late40_r60_n30,dt_ge_2026-03-21_lt_2026-08-07,35,27,0.7714,16,0.4571,214.64,18.58,0.0866,35,27,0.7714,16,15,4,0.5161,214.64,18.58,0.00,18.58,0.0866,0.0000,1,1
149058077,late40_r60_n30,dt_ge_2026-03-21_lt_2026-08-07,48,39,0.8125,4,0.0833,249.19,-101.09,-0.4057,48,39,0.8125,4,43,1,0.0851,249.19,-101.09,0.00,-101.09,-0.4057,0.0000,1,1
149076700,late40_r60_n30,dt_ge_2026-03-21_lt_2026-08-07,107,81,0.7570,14,0.1308,2047.03,-501.58,-0.2450,107,81,0.7570,14,88,5,0.1373,2047.03,-501.58,0.00,-501.58,-0.2450,0.0000,1,1
149079680,late40_r60_n30,dt_ge_2026-03-21_lt_2026-08-07,106,68,0.6415,37,0.3491,739.89,88.19,0.1192,106,68,0.6415,37,64,5,0.3663,739.89,88.19,0.00,88.19,0.1192,0.0000,1,1
149089517,late40_r60_n30,dt_ge_2026-03-21_lt_2026-08-07,108,103,0.9537,23,0.2130,1799.07,-110.97,-0.0617,108,103,0.9537,23,81,4,0.2212,1799.07,-110.97,0.00,-110.97,-0.0617,0.0000,1,1
149089529,late40_r60_n30,dt_ge_2026-03-21_lt_2026-08-07,120,74,0.6167,23,0.1917,869.04,175.59,0.2020,120,74,0.6167,23,94,3,0.1966,869.04,175.59,0.00,175.59,0.2020,0.0000,1,1
149089712,late40_r60_n30,dt_ge_2026-03-21_lt_2026-08-07,35,22,0.6286,9,0.2571,382.17,-31.67,-0.0829,35,22,0.6286,9,22,4,0.2903,382.17,-31.67,0.00,-31.67,-0.0829,0.0000,1,1
149089988,late40_r60_n30,dt_ge_2026-03-21_lt_2026-08-07,266,168,0.6316,43,0.1617,126243.83,-19185.25,-0.1520,266,168,0.6316,43,211,12,0.1693,126243.83,-19185.25,0.00,-19185.25,-0.1520,0.0000,1,1
149090437,late40_r60_n30,dt_ge_2026-03-21_lt_2026-08-07,38,31,0.8158,13,0.3421,124.37,-1.00,-0.0081,38,31,0.8158,13,23,2,0.3611,124.37,-1.00,0.99,-0.01,-0.0081,0.0000,1,1
149090684,late40_r60_n30,dt_ge_2026-03-21_lt_2026-08-07,123,83,0.6748,61,0.4959,711.11,20.61,0.0290,123,83,0.6748,61,57,5,0.5169,711.11,20.61,0.00,20.61,0.0290,0.0000,1,1
149090891,late40_r60_n30,dt_ge_2026-03-21_lt_2026-08-07,52,34,0.6538,8,0.1538,305.08,-152.54,-0.5000,52,34,0.6538,8,41,3,0.1633,305.08,-152.54,0.00,-152.54,-0.5000,0.0000,1,1
149091219,late40_r60_n30,dt_ge_2026-03-21_lt_2026-08-07,30,24,0.8000,9,0.3000,123.03,-6.02,-0.0489,30,24,0.8000,9,20,1,0.3103,123.03,-6.02,0.00,-6.02,-0.0489,0.0000,1,1
149091845,late40_r60_n30,dt_ge_2026-03-21_lt_2026-08-07,30,20,0.6667,12,0.4000,227.73,-26.70,-0.1172,30,20,0.6667,12,13,5,0.4800,227.73,-26.70,0.00,-26.70,-0.1172,0.0000,1,1
149093089,late40_r60_n30,dt_ge_2026-03-21_lt_2026-08-07,42,27,0.6429,17,0.4048,5400.10,547.08,0.1013,42,27,0.6429,17,20,5,0.4595,5400.10,547.08,0.00,547.08,0.1013,0.0000,1,1
149093944,late40_r60_n30,dt_ge_2026-03-21_lt_2026-08-07,115,73,0.6348,29,0.2522,1249.12,95.28,0.0763,115,73,0.6348,29,80,6,0.2661,1249.12,95.28,0.00,95.28,0.0763,0.0000,1,1
149110541,late40_r60_n30,dt_ge_2026-03-21_lt_2026-08-07,31,23,0.7419,2,0.0645,158.10,-48.14,-0.3045,31,23,0.7419,2,27,2,0.0690,158.10,-48.14,0.00,-48.14,-0.3045,0.0000,1,1
149111679,late40_r60_n30,dt_ge_2026-03-21_lt_2026-08-07,91,64,0.7033,17,0.1868,1186.94,19.29,0.0163,91,64,0.7033,17,73,1,0.1889,1186.94,19.29,0.00,19.29,0.0163,0.0000,1,1
149111816,late40_r60_n30,dt_ge_2026-03-21_lt_2026-08-07,99,63,0.6364,43,0.4343,282.96,-3.66,-0.0130,99,63,0.6364,43,45,11,0.4886,282.96,-3.66,0.00,-3.66,-0.0130,0.0000,1,1
149112393,late40_r60_n30,dt_ge_2026-03-21_lt_2026-08-07,40,24,0.6000,8,0.2000,4411.96,-1178.68,-0.2672,40,24,0.6000,8,30,2,0.2105,4411.96,-1178.68,0.00,-1178.68,-0.2672,0.0000,1,1
149112514,late40_r60_n30,dt_ge_2026-03-21_lt_2026-08-07,402,249,0.6194,142,0.3532,15046.95,977.88,0.0650,402,249,0.6194,142,232,28,0.3797,15046.95,977.88,0.00,977.88,0.0650,0.0000,1,1
149113288,late40_r60_n30,dt_ge_2026-03-21_lt_2026-08-07,42,31,0.7381,13,0.3095,408.34,96.07,0.2353,42,31,0.7381,13,27,2,0.3250,408.34,96.07,0.00,96.07,0.2353,0.0000,1,1
149117950,late40_r60_n30,dt_ge_2026-03-21_lt_2026-08-07,38,30,0.7895,11,0.2895,846.00,38.50,0.0455,38,30,0.7895,11,25,2,0.3056,846.00,38.50,0.00,38.50,0.0455,0.0000,1,1
149118746,late40_r60_n30,dt_ge_2026-03-21_lt_2026-08-07,35,30,0.8571,17,0.4857,8039.00,-299.75,-0.0373,35,30,0.8571,17,17,1,0.5000,8039.00,-299.75,0.00,-299.75,-0.0373,0.0000,1,1
149124175,late40_r60_n30,dt_ge_2026-03-21_lt_2026-08-07,38,26,0.6842,13,0.3421,2210.82,-478.63,-0.2165,38,26,0.6842,13,23,2,0.3611,2210.82,-478.63,0.00,-478.63,-0.2165,0.0000,1,1
149126526,late40_r60_n30,dt_ge_2026-03-21_lt_2026-08-07,142,86,0.6056,29,0.2042,860.37,-21.29,-0.0247,142,86,0.6056,29,107,6,0.2132,860.37,-21.29,0.00,-21.29,-0.0247,0.0000,1,1
149126941,late40_r60_n30,dt_ge_2026-03-21_lt_2026-08-07,68,42,0.6176,4,0.0588,181.29,-29.57,-0.1631,68,42,0.6176,4,64,0,0.0588,181.29,-29.57,0.00,-29.57,-0.1631,0.0000,1,1
149127256,late40_r60_n30,dt_ge_2026-03-21_lt_2026-08-07,56,48,0.8571,9,0.1607,823.97,-288.51,-0.3501,56,48,0.8571,9,47,0,0.1607,823.97,-288.51,0.00,-288.51,-0.3501,0.0000,1,1
149137585,late40_r60_n30,dt_ge_2026-03-21_lt_2026-08-07,53,36,0.6792,22,0.4151,761.07,124.39,0.1634,53,36,0.6792,22,28,3,0.4400,761.07,124.39,0.00,124.39,0.1634,0.0000,1,1
149141263,late40_r60_n30,dt_ge_2026-03-21_lt_2026-08-07,36,23,0.6389,15,0.4167,302.33,-27.48,-0.0909,36,23,0.6389,15,17,4,0.4688,302.33,-27.48,0.00,-27.48,-0.0909,0.0000,1,1
149146528,late40_r60_n30,dt_ge_2026-03-21_lt_2026-08-07,44,29,0.6591,15,0.3409,227.73,16.18,0.0710,44,29,0.6591,15,27,2,0.3571,227.73,16.18,0.00,16.18,0.0710,0.0000,1,1
149148577,late40_r60_n30,dt_ge_2026-03-21_lt_2026-08-07,37,37,1.0000,7,0.1892,1592.81,-263.07,-0.1652,37,37,1.0000,7,27,3,0.2059,1592.81,-263.07,0.00,-263.07,-0.1652,0.0000,1,1
149163539,late40_r60_n30,dt_ge_2026-03-21_lt_2026-08-07,119,75,0.6303,40,0.3361,246.37,-43.89,-0.1781,119,75,0.6303,40,73,6,0.3540,246.37,-43.89,0.00,-43.89,-0.1781,0.0000,1,1
149177605,late40_r60_n30,dt_ge_2026-03-21_lt_2026-08-07,31,21,0.6774,3,0.0968,126.49,-63.25,-0.5000,31,21,0.6774,3,26,2,0.1034,126.49,-63.25,0.00,-63.25,-0.5000,0.0000,1,1
149180377,late40_r60_n30,dt_ge_2026-03-21_lt_2026-08-07,31,23,0.7419,11,0.3548,384.52,-49.05,-0.1276,31,23,0.7419,11,20,0,0.3548,384.52,-49.05,0.00,-49.05,-0.1276,0.0000,1,1
149182188,late40_r60_n30,dt_ge_2026-03-21_lt_2026-08-07,41,36,0.8780,11,0.2683,1371.62,-261.76,-0.1908,41,36,0.8780,11,28,2,0.2821,1371.62,-261.76,0.00,-261.76,-0.1908,0.0000,1,1
149183531,late40_r60_n30,dt_ge_2026-03-21_lt_2026-08-07,32,22,0.6875,7,0.2188,1033.04,-53.76,-0.0520,32,22,0.6875,7,24,1,0.2258,1033.04,-53.76,0.00,-53.76,-0.0520,0.0000,1,1
149186169,late40_r60_n30,dt_ge_2026-03-21_lt_2026-08-07,42,32,0.7619,8,0.1905,391.78,-165.79,-0.4232,21,16,0.7619,4,17,0,0.1905,195.89,-82.90,0.00,-82.90,-0.4232,0.0000,1,0
149195923,late40_r60_n30,dt_ge_2026-03-21_lt_2026-08-07,41,25,0.6098,16,0.3902,88.78,-5.98,-0.0674,41,25,0.6098,16,21,4,0.4324,88.78,-5.98,0.00,-5.98,-0.0674,0.0000,1,1
149197963,late40_r60_n30,dt_ge_2026-03-21_lt_2026-08-07,47,47,1.0000,5,0.1064,714.60,-39.26,-0.0549,47,47,1.0000,5,42,0,0.1064,714.60,-39.26,0.00,-39.26,-0.0549,0.0000,1,1
149200593,late40_r60_n30,dt_ge_2026-03-21_lt_2026-08-07,136,101,0.7426,29,0.2132,15673.00,-4359.35,-0.2781,136,101,0.7426,29,97,10,0.2302,15673.00,-4359.35,0.00,-4359.35,-0.2781,0.0000,1,1
149203910,late40_r60_n30,dt_ge_2026-03-21_lt_2026-08-07,73,51,0.6986,13,0.1781,3704.22,-1168.91,-0.3156,73,51,0.6986,13,58,2,0.1831,3704.22,-1168.91,0.00,-1168.91,-0.3156,0.0000,1,1
149212462,late40_r60_n30,dt_ge_2026-03-21_lt_2026-08-07,57,36,0.6316,9,0.1579,1654.64,564.47,0.3411,57,36,0.6316,9,48,0,0.1579,1654.64,564.47,16.55,581.02,0.3411,0.0000,1,1
149218299,late40_r60_n30,dt_ge_2026-03-21_lt_2026-08-07,40,30,0.7500,14,0.3500,227.27,-69.47,-0.3057,40,30,0.7500,14,23,3,0.3784,227.27,-69.47,0.00,-69.47,-0.3057,0.0000,1,1
149222593,late40_r60_n30,dt_ge_2026-03-21_lt_2026-08-07,54,41,0.7593,16,0.2963,741.31,-85.19,-0.1149,54,41,0.7593,16,37,1,0.3019,741.31,-85.19,0.00,-85.19,-0.1149,0.0000,1,1
149223016,late40_r60_n30,dt_ge_2026-03-21_lt_2026-08-07,47,34,0.7234,10,0.2128,223.80,126.30,0.5643,47,34,0.7234,10,36,1,0.2174,223.80,126.30,0.00,126.30,0.5643,0.0000,1,1
149230277,late40_r60_n30,dt_ge_2026-03-21_lt_2026-08-07,51,47,0.9216,30,0.5882,408.34,57.98,0.1420,51,47,0.9216,30,18,3,0.6250,408.34,57.98,0.00,57.98,0.1420,0.0000,1,1
149237278,late40_r60_n30,dt_ge_2026-03-21_lt_2026-08-07,48,32,0.6667,21,0.4375,770.30,301.54,0.3915,48,32,0.6667,21,23,4,0.4773,770.30,301.54,0.00,301.54,0.3915,0.0000,1,1
149239464,late40_r60_n30,dt_ge_2026-03-21_lt_2026-08-07,38,23,0.6053,14,0.3684,527.27,36.16,0.0686,38,23,0.6053,14,21,3,0.4000,527.27,36.16,0.00,36.16,0.0686,0.0000,1,1
149242101,late40_r60_n30,dt_ge_2026-03-21_lt_2026-08-07,49,30,0.6122,19,0.3878,777.43,168.56,0.2168,49,30,0.6122,19,25,5,0.4318,777.43,168.56,0.00,168.56,0.2168,0.0000,1,1
149243118,late40_r60_n30,dt_ge_2026-03-21_lt_2026-08-07,31,19,0.6129,14,0.4516,2696.76,325.13,0.1206,31,19,0.6129,14,14,3,0.5000,2696.76,325.13,0.00,325.13,0.1206,0.0000,1,1
149252147,late40_r60_n30,dt_ge_2026-03-21_lt_2026-08-07,44,28,0.6364,9,0.2045,282.70,-24.47,-0.0866,44,28,0.6364,9,32,3,0.2195,282.70,-24.47,0.00,-24.47,-0.0866,0.0000,1,1
149257751,late40_r60_n30,dt_ge_2026-03-21_lt_2026-08-07,52,48,0.9231,4,0.0769,950.11,-202.62,-0.2133,52,48,0.9231,4,48,0,0.0769,950.11,-202.62,0.00,-202.62,-0.2133,0.0000,1,1
149258095,late40_r60_n30,dt_ge_2026-03-21_lt_2026-08-07,92,63,0.6848,45,0.4891,5398.01,938.59,0.1739,92,63,0.6848,45,42,5,0.5172,5398.01,938.59,0.00,938.59,0.1739,0.0000,1,1
149260204,late40_r60_n30,dt_ge_2026-03-21_lt_2026-08-07,46,29,0.6304,10,0.2174,241.34,-50.39,-0.2088,46,29,0.6304,10,34,2,0.2273,241.34,-50.39,0.00,-50.39,-0.2088,0.0000,1,1
149265371,late40_r60_n30,dt_ge_2026-03-21_lt_2026-08-07,50,44,0.8800,7,0.1400,1171.97,-211.83,-0.1807,50,44,0.8800,7,43,0,0.1400,1171.97,-211.83,0.00,-211.83,-0.1807,0.0000,1,1
149266120,late40_r60_n30,dt_ge_2026-03-21_lt_2026-08-07,73,45,0.6164,14,0.1918,1120.33,-102.48,-0.0915,73,45,0.6164,14,57,2,0.1972,1120.33,-102.48,0.00,-102.48,-0.0915,0.0000,1,1
149281581,late40_r60_n30,dt_ge_2026-03-21_lt_2026-08-07,91,61,0.6703,27,0.2967,851.02,56.60,0.0665,91,61,0.6703,27,59,5,0.3140,851.02,56.60,0.00,56.60,0.0665,0.0000,1,1
149282116,late40_r60_n30,dt_ge_2026-03-21_lt_2026-08-07,41,33,0.8049,13,0.3171,243.44,95.67,0.3930,41,33,0.8049,13,27,1,0.3250,243.44,95.67,0.00,95.67,0.3930,0.0000,1,1
149284534,late40_r60_n30,dt_ge_2026-03-21_lt_2026-08-07,111,66,0.5946,34,0.3063,6719.00,-1241.00,-0.1847,78,48,0.6154,24,49,5,0.3288,4880.00,-860.00,0.00,-860.00,-0.1762,0.0000,0,1
149288862,late40_r60_n30,dt_ge_2026-03-21_lt_2026-08-07,42,30,0.7143,7,0.1667,254.27,-65.64,-0.2582,42,30,0.7143,7,33,2,0.1750,254.27,-65.64,0.00,-65.64,-0.2582,0.0000,1,1
149290988,late40_r60_n30,dt_ge_2026-03-21_lt_2026-08-07,38,25,0.6579,9,0.2368,4826.78,284.17,0.0589,38,25,0.6579,9,26,3,0.2571,4826.78,284.17,0.00,284.17,0.0589,0.0000,1,1
149294991,late40_r60_n30,dt_ge_2026-03-21_lt_2026-08-07,32,26,0.8125,18,0.5625,269.85,28.36,0.1051,32,26,0.8125,18,11,3,0.6207,269.85,28.36,0.00,28.36,0.1051,0.0000,1,1
149298546,late40_r60_n30,dt_ge_2026-03-21_lt_2026-08-07,116,70,0.6034,38,0.3276,4699.20,80.80,0.0172,116,70,0.6034,38,68,10,0.3585,4699.20,80.80,0.00,80.80,0.0172,0.0000,1,1
149303877,late40_r60_n30,dt_ge_2026-03-21_lt_2026-08-07,31,19,0.6129,12,0.3871,255.10,-21.40,-0.0839,31,19,0.6129,12,16,3,0.4286,255.10,-21.40,0.00,-21.40,-0.0839,0.0000,1,1
149306007,late40_r60_n30,dt_ge_2026-03-21_lt_2026-08-07,41,30,0.7317,9,0.2195,623.77,-22.80,-0.0366,41,30,0.7317,9,32,0,0.2195,623.77,-22.80,0.00,-22.80,-0.0366,0.0000,1,1
149309556,late40_r60_n30,dt_ge_2026-03-21_lt_2026-08-07,45,27,0.6000,18,0.4000,897.84,128.26,0.1429,45,27,0.6000,18,18,9,0.5000,897.84,128.26,0.00,128.26,0.1429,0.0000,1,1
149310724,late40_r60_n30,dt_ge_2026-03-21_lt_2026-08-07,40,24,0.6000,15,0.3750,905.49,-210.82,-0.2328,40,24,0.6000,15,21,4,0.4167,905.49,-210.82,0.00,-210.82,-0.2328,0.0000,1,1
149313638,late40_r60_n30,dt_ge_2026-03-21_lt_2026-08-07,81,52,0.6420,19,0.2346,5644.68,-973.34,-0.1724,81,52,0.6420,19,58,4,0.2468,5644.68,-973.34,0.00,-973.34,-0.1724,0.0000,1,1
149315710,late40_r60_n30,dt_ge_2026-03-21_lt_2026-08-07,61,43,0.7049,13,0.2131,196.14,64.57,0.3292,61,43,0.7049,13,47,1,0.2167,196.14,64.57,0.00,64.57,0.3292,0.0000,1,1
149319284,late40_r60_n30,dt_ge_2026-03-21_lt_2026-08-07,36,31,0.8611,9,0.2500,219.76,-46.96,-0.2137,36,31,0.8611,9,24,3,0.2727,219.76,-46.96,0.00,-46.96,-0.2137,0.0000,1,1
149323727,late40_r60_n30,dt_ge_2026-03-21_lt_2026-08-07,36,23,0.6389,7,0.1944,1794.32,-276.77,-0.1542,36,23,0.6389,7,29,0,0.1944,1794.32,-276.77,0.00,-276.77,-0.1542,0.0000,1,1
149324260,late40_r60_n30,dt_ge_2026-03-21_lt_2026-08-07,33,22,0.6667,10,0.3030,792.87,-170.14,-0.2146,33,22,0.6667,10,22,1,0.3125,792.87,-170.14,0.00,-170.14,-0.2146,0.0000,1,1
149327274,late40_r60_n30,dt_ge_2026-03-21_lt_2026-08-07,32,25,0.7813,7,0.2188,643.93,418.82,0.6504,32,25,0.7813,7,24,1,0.2258,643.93,418.82,0.00,418.82,0.6504,0.0000,1,1
149327893,late40_r60_n30,dt_ge_2026-03-21_lt_2026-08-07,71,54,0.7606,8,0.1127,162.33,-63.25,-0.3896,71,54,0.7606,8,62,1,0.1143,162.33,-63.25,0.00,-63.25,-0.3896,0.0000,1,1
149333919,late40_r60_n30,dt_ge_2026-03-21_lt_2026-08-07,95,70,0.7368,14,0.1474,22.14,-5.21,-0.2352,95,70,0.7368,14,81,0,0.1474,22.14,-5.21,0.00,-5.21,-0.2352,0.0000,1,1
149334968,late40_r60_n30,dt_ge_2026-03-21_lt_2026-08-07,35,26,0.7429,7,0.2000,1623.34,-274.07,-0.1688,35,26,0.7429,7,28,0,0.2000,1623.34,-274.07,0.00,-274.07,-0.1688,0.0000,1,1
149335257,late40_r60_n30,dt_ge_2026-03-21_lt_2026-08-07,70,47,0.6714,14,0.2000,1786.73,358.93,0.2009,70,47,0.6714,14,54,2,0.2059,1786.73,358.93,0.00,358.93,0.2009,0.0000,1,1
149339448,late40_r60_n30,dt_ge_2026-03-21_lt_2026-08-07,43,26,0.6047,18,0.4186,119.74,17.54,0.1465,43,26,0.6047,18,17,8,0.5143,119.74,17.54,0.00,17.54,0.1465,0.0000,1,1
149342986,late40_r60_n30,dt_ge_2026-03-21_lt_2026-08-07,39,28,0.7179,12,0.3077,544.20,14.53,0.0267,39,28,0.7179,12,23,4,0.3429,544.20,14.53,0.00,14.53,0.0267,0.0000,1,1
149345439,late40_r60_n30,dt_ge_2026-03-21_lt_2026-08-07,31,22,0.7097,18,0.5806,1140.98,590.96,0.5179,31,22,0.7097,18,11,2,0.6207,1140.98,590.96,0.00,590.96,0.5179,0.0000,1,1
149348396,late40_r60_n30,dt_ge_2026-03-21_lt_2026-08-07,43,34,0.7907,13,0.3023,145.54,-24.57,-0.1688,43,34,0.7907,13,27,3,0.3250,145.54,-24.57,0.00,-24.57,-0.1688,0.0000,1,1
149350324,late40_r60_n30,dt_ge_2026-03-21_lt_2026-08-07,47,36,0.7660,6,0.1277,206.41,-118.09,-0.5721,39,31,0.7949,5,33,1,0.1316,159.19,-91.63,0.00,-91.63,-0.5756,0.0000,1,1
149351413,late40_r60_n30,dt_ge_2026-03-21_lt_2026-08-07,44,37,0.8409,21,0.4773,1086.35,0.67,0.0006,44,37,0.8409,21,21,2,0.5000,1086.35,0.67,0.00,0.67,0.0006,0.0000,1,1
149356933,late40_r60_n30,dt_ge_2026-03-21_lt_2026-08-07,46,28,0.6087,12,0.2609,268.80,-20.73,-0.0771,23,14,0.6087,6,14,3,0.3000,134.40,-10.37,0.00,-10.37,-0.0771,0.0000,1,0
149357635,late40_r60_n30,dt_ge_2026-03-21_lt_2026-08-07,33,22,0.6667,9,0.2727,115.17,-42.54,-0.3693,33,22,0.6667,9,23,1,0.2813,115.17,-42.54,0.00,-42.54,-0.3693,0.0000,1,1
149360268,late40_r60_n30,dt_ge_2026-03-21_lt_2026-08-07,59,46,0.7797,18,0.3051,924.07,-111.84,-0.1210,59,46,0.7797,18,36,5,0.3333,924.07,-111.84,0.00,-111.84,-0.1210,0.0000,1,1
149367813,late40_r60_n30,dt_ge_2026-03-21_lt_2026-08-07,90,59,0.6556,29,0.3222,767.89,-113.17,-0.1474,90,59,0.6556,29,57,4,0.3372,767.89,-113.17,0.00,-113.17,-0.1474,0.0000,1,1
149367883,late40_r60_n30,dt_ge_2026-03-21_lt_2026-08-07,34,24,0.7059,8,0.2353,1008.76,-104.28,-0.1034,34,24,0.7059,8,25,1,0.2424,1008.76,-104.28,0.00,-104.28,-0.1034,0.0000,1,1
149368461,late40_r60_n30,dt_ge_2026-03-21_lt_2026-08-07,83,51,0.6145,20,0.2410,608.70,-44.19,-0.0726,80,48,0.6000,20,57,3,0.2597,608.70,-41.02,0.00,-41.02,-0.0674,0.0000,1,1
149372298,late40_r60_n30,dt_ge_2026-03-21_lt_2026-08-07,42,33,0.7857,10,0.2381,128.14,31.96,0.2494,42,33,0.7857,10,30,2,0.2500,128.14,31.96,0.00,31.96,0.2494,0.0000,1,1
149372422,late40_r60_n30,dt_ge_2026-03-21_lt_2026-08-07,50,45,0.9000,4,0.0800,540.00,-60.00,-0.1111,50,45,0.9000,4,46,0,0.0800,540.00,-60.00,0.00,-60.00,-0.1111,0.0000,1,1
149372686,late40_r60_n30,dt_ge_2026-03-21_lt_2026-08-07,40,28,0.7000,11,0.2750,229.36,-26.09,-0.1137,40,28,0.7000,11,27,2,0.2895,229.36,-26.09,0.00,-26.09,-0.1137,0.0000,1,1
149373080,late40_r60_n30,dt_ge_2026-03-21_lt_2026-08-07,33,21,0.6364,12,0.3636,4105.43,-1806.70,-0.4401,33,21,0.6364,12,16,5,0.4286,4105.43,-1806.70,0.00,-1806.70,-0.4401,0.0000,1,1
149373590,late40_r60_n30,dt_ge_2026-03-21_lt_2026-08-07,53,38,0.7170,25,0.4717,920.29,-79.26,-0.0861,53,38,0.7170,25,27,1,0.4808,920.29,-79.26,0.00,-79.26,-0.0861,0.0000,1,1
149374103,late40_r60_n30,dt_ge_2026-03-21_lt_2026-08-07,84,57,0.6786,20,0.2381,943.18,168.99,0.1792,84,57,0.6786,20,63,1,0.2410,943.18,168.99,0.00,168.99,0.1792,0.0000,1,1
149376024,late40_r60_n30,dt_ge_2026-03-21_lt_2026-08-07,154,95,0.6169,48,0.3117,556.24,-73.42,-0.1320,154,95,0.6169,48,96,10,0.3333,556.24,-73.42,0.00,-73.42,-0.1320,0.0000,1,1
149382847,late40_r60_n30,dt_ge_2026-03-21_lt_2026-08-07,38,38,1.0000,5,0.1316,41.07,-5.04,-0.1228,38,38,1.0000,5,33,0,0.1316,41.07,-5.04,0.00,-5.04,-0.1228,0.0000,1,1
149395303,late40_r60_n30,dt_ge_2026-03-21_lt_2026-08-07,71,46,0.6479,32,0.4507,380.64,-43.25,-0.1136,71,46,0.6479,32,30,9,0.5161,380.64,-43.25,0.00,-43.25,-0.1136,0.0000,1,1
149395738,late40_r60_n30,dt_ge_2026-03-21_lt_2026-08-07,76,61,0.8026,16,0.2105,518.52,79.33,0.1530,76,61,0.8026,16,57,3,0.2192,518.52,79.33,0.00,79.33,0.1530,0.0000,1,1
149398546,late40_r60_n30,dt_ge_2026-03-21_lt_2026-08-07,158,116,0.7342,22,0.1392,734.26,57.60,0.0784,158,116,0.7342,22,130,6,0.1447,734.26,57.60,0.00,57.60,0.0784,0.0000,1,1
149400228,late40_r60_n30,dt_ge_2026-03-21_lt_2026-08-07,71,45,0.6338,12,0.1690,25470.00,-4316.00,-0.1695,71,45,0.6338,12,57,2,0.1739,25470.00,-4316.00,0.00,-4316.00,-0.1695,0.0000,1,1
149400401,late40_r60_n30,dt_ge_2026-03-21_lt_2026-08-07,32,21,0.6563,6,0.1875,363.24,-233.08,-0.6417,32,21,0.6563,6,23,3,0.2069,363.24,-233.08,0.00,-233.08,-0.6417,0.0000,1,1
149401948,late40_r60_n30,dt_ge_2026-03-21_lt_2026-08-07,112,80,0.7143,16,0.1429,117.63,-21.01,-0.1786,112,80,0.7143,16,96,0,0.1429,117.63,-21.01,0.00,-21.01,-0.1786,0.0000,1,1
149403778,late40_r60_n30,dt_ge_2026-03-21_lt_2026-08-07,35,30,0.8571,11,0.3143,593.64,-104.71,-0.1764,35,30,0.8571,11,19,5,0.3667,593.64,-104.71,0.00,-104.71,-0.1764,0.0000,1,1
149409962,late40_r60_n30,dt_ge_2026-03-21_lt_2026-08-07,189,125,0.6614,36,0.1905,5307.75,-150.75,-0.0284,189,125,0.6614,36,146,7,0.1978,5307.75,-150.75,0.00,-150.75,-0.0284,0.0000,1,1
149417748,late40_r60_n30,dt_ge_2026-03-21_lt_2026-08-07,30,18,0.6000,10,0.3333,2083.41,-494.17,-0.2372,30,18,0.6000,10,17,3,0.3704,2083.41,-494.17,0.00,-494.17,-0.2372,0.0000,1,1
149418016,late40_r60_n30,dt_ge_2026-03-21_lt_2026-08-07,37,33,0.8919,14,0.3784,243.67,-20.80,-0.0853,37,33,0.8919,14,19,4,0.4242,243.67,-20.80,0.00,-20.80,-0.0853,0.0000,1,1
149423395,late40_r60_n30,dt_ge_2026-03-21_lt_2026-08-07,31,24,0.7742,7,0.2258,765.40,-230.27,-0.3008,31,24,0.7742,7,23,1,0.2333,765.40,-230.27,0.00,-230.27,-0.3008,0.0000,1,1
149433580,late40_r60_n30,dt_ge_2026-03-21_lt_2026-08-07,43,26,0.6047,18,0.4186,875.75,-1851.49,-2.1142,43,26,0.6047,18,19,6,0.4865,875.75,-1851.49,0.00,-1851.49,-2.1142,0.0000,1,1
149440404,late40_r60_n30,dt_ge_2026-03-21_lt_2026-08-07,151,115,0.7616,42,0.2781,11468.54,-59.13,-0.0052,151,115,0.7616,42,99,10,0.2979,11468.54,-59.13,0.00,-59.13,-0.0052,0.0000,1,1
149449091,late40_r60_n30,dt_ge_2026-03-21_lt_2026-08-07,33,20,0.6061,11,0.3333,14202.29,-2766.52,-0.1948,33,20,0.6061,11,19,3,0.3667,14202.29,-2766.52,0.00,-2766.52,-0.1948,0.0000,1,1
149460494,late40_r60_n30,dt_ge_2026-03-21_lt_2026-08-07,44,32,0.7273,9,0.2045,277.28,-21.01,-0.0758,44,32,0.7273,9,34,1,0.2093,277.28,-21.01,0.00,-21.01,-0.0758,0.0000,1,1
149460856,late40_r60_n30,dt_ge_2026-03-21_lt_2026-08-07,30,21,0.7000,13,0.4333,331.90,328.75,0.9905,30,21,0.7000,13,13,4,0.5000,331.90,328.75,0.00,328.75,0.9905,0.0000,1,1
149464375,late40_r60_n30,dt_ge_2026-03-21_lt_2026-08-07,51,35,0.6863,27,0.5294,167.97,31.11,0.1852,51,35,0.6863,27,19,5,0.5870,167.97,31.11,0.00,31.11,0.1852,0.0000,1,1
149467372,late40_r60_n30,dt_ge_2026-03-21_lt_2026-08-07,65,40,0.6154,27,0.4154,91.42,3.02,0.0331,65,40,0.6154,27,32,6,0.4576,91.42,3.02,0.00,3.02,0.0331,0.0000,1,1
149468492,late40_r60_n30,dt_ge_2026-03-21_lt_2026-08-07,34,34,1.0000,6,0.1765,107.13,-23.11,-0.2157,34,34,1.0000,6,28,0,0.1765,107.13,-23.11,0.00,-23.11,-0.2157,0.0000,1,1
149468498,late40_r60_n30,dt_ge_2026-03-21_lt_2026-08-07,30,21,0.7000,13,0.4333,81.92,-14.81,-0.1808,30,21,0.7000,13,16,1,0.4483,81.92,-14.81,0.00,-14.81,-0.1808,0.0000,1,1
149476166,late40_r60_n30,dt_ge_2026-03-21_lt_2026-08-07,52,32,0.6154,23,0.4423,40819.24,-3071.14,-0.0752,52,32,0.6154,23,22,7,0.5111,40819.24,-3071.14,0.00,-3071.14,-0.0752,0.0000,1,1
149477470,late40_r60_n30,dt_ge_2026-03-21_lt_2026-08-07,32,24,0.7500,4,0.1250,149.45,-30.75,-0.2057,32,24,0.7500,4,28,0,0.1250,149.45,-30.75,0.00,-30.75,-0.2057,0.0000,1,1
149482803,late40_r60_n30,dt_ge_2026-03-21_lt_2026-08-07,121,76,0.6281,28,0.2314,6679.97,423.48,0.0634,121,76,0.6281,28,91,2,0.2353,6679.97,423.48,0.00,423.48,0.0634,0.0000,1,1
149483714,late40_r60_n30,dt_ge_2026-03-21_lt_2026-08-07,35,26,0.7429,7,0.2000,432.77,-104.31,-0.2410,35,26,0.7429,7,27,1,0.2059,432.77,-104.31,0.00,-104.31,-0.2410,0.0000,1,1
149491959,late40_r60_n30,dt_ge_2026-03-21_lt_2026-08-07,419,259,0.6181,186,0.4439,80569.00,-392.30,-0.0049,419,259,0.6181,186,186,47,0.5000,80569.00,-392.30,0.00,-392.30,-0.0049,0.0000,1,1
149496728,late40_r60_n30,dt_ge_2026-03-21_lt_2026-08-07,76,54,0.7105,3,0.0395,262.37,-161.54,-0.6157,74,54,0.7297,3,71,0,0.0405,260.27,-159.44,0.00,-159.44,-0.6126,0.0000,1,1
149503057,late40_r60_n30,dt_ge_2026-03-21_lt_2026-08-07,47,39,0.8298,9,0.1915,292.88,70.62,0.2411,47,39,0.8298,9,38,0,0.1915,292.88,70.62,0.00,70.62,0.2411,0.0000,1,1
149503953,late40_r60_n30,dt_ge_2026-03-21_lt_2026-08-07,58,44,0.7586,22,0.3793,187.85,-25.78,-0.1372,58,44,0.7586,22,32,4,0.4074,187.85,-25.78,0.00,-25.78,-0.1372,0.0000,1,1
149511453,late40_r60_n30,dt_ge_2026-03-21_lt_2026-08-07,50,34,0.6800,25,0.5000,570.81,18.55,0.0325,50,34,0.6800,25,21,4,0.5435,570.81,18.55,0.00,18.55,0.0325,0.0000,1,1
149511610,late40_r60_n30,dt_ge_2026-03-21_lt_2026-08-07,30,22,0.7333,13,0.4333,2537.00,-303.75,-0.1197,30,22,0.7333,13,14,3,0.4815,2537.00,-303.75,0.00,-303.75,-0.1197,0.0000,1,1
149512108,late40_r60_n30,dt_ge_2026-03-21_lt_2026-08-07,34,23,0.6765,5,0.1471,106.09,-15.93,-0.1502,34,23,0.6765,5,28,1,0.1515,106.09,-15.93,0.00,-15.93,-0.1502,0.0000,1,1
149513752,late40_r60_n30,dt_ge_2026-03-21_lt_2026-08-07,33,25,0.7576,13,0.3939,1133.03,377.62,0.3333,33,25,0.7576,13,18,2,0.4194,1133.03,377.62,0.00,377.62,0.3333,0.0000,1,1
149513764,late40_r60_n30,dt_ge_2026-03-21_lt_2026-08-07,41,27,0.6585,9,0.2195,88.23,-6.30,-0.0714,41,27,0.6585,9,29,3,0.2368,88.23,-6.30,0.00,-6.30,-0.0714,0.0000,1,1
149516048,late40_r60_n30,dt_ge_2026-03-21_lt_2026-08-07,33,26,0.7879,16,0.4848,759.70,-107.11,-0.1410,33,26,0.7879,16,16,1,0.5000,759.70,-107.11,0.00,-107.11,-0.1410,0.0000,1,1
149516843,late40_r60_n30,dt_ge_2026-03-21_lt_2026-08-07,30,25,0.8333,5,0.1667,510.09,-52.15,-0.1022,30,25,0.8333,5,23,2,0.1786,510.09,-52.15,0.00,-52.15,-0.1022,0.0000,1,1
149519822,late40_r60_n30,dt_ge_2026-03-21_lt_2026-08-07,60,37,0.6167,16,0.2667,534.22,-188.87,-0.3535,60,37,0.6167,16,43,1,0.2712,534.22,-188.87,0.00,-188.87,-0.3535,0.0000,1,1
149530030,late40_r60_n30,dt_ge_2026-03-21_lt_2026-08-07,31,19,0.6129,11,0.3548,565.28,-106.20,-0.1879,31,19,0.6129,11,15,5,0.4231,565.28,-106.20,0.00,-106.20,-0.1879,0.0000,1,1
149530032,late40_r60_n30,dt_ge_2026-03-21_lt_2026-08-07,31,25,0.8065,9,0.2903,283.16,-44.22,-0.1562,31,25,0.8065,9,20,2,0.3103,283.16,-44.22,0.00,-44.22,-0.1562,0.0000,1,1
149533781,late40_r60_n30,dt_ge_2026-03-21_lt_2026-08-07,50,34,0.6800,24,0.4800,131.68,3.26,0.0248,50,34,0.6800,24,21,5,0.5333,131.68,3.26,0.00,3.26,0.0248,0.0000,1,1
149535740,late40_r60_n30,dt_ge_2026-03-21_lt_2026-08-07,61,38,0.6230,15,0.2459,213.21,-39.80,-0.1867,61,38,0.6230,15,40,6,0.2727,213.21,-39.80,0.00,-39.80,-0.1867,0.0000,1,1
149539331,late40_r60_n30,dt_ge_2026-03-21_lt_2026-08-07,33,26,0.7879,10,0.3030,583.97,18.38,0.0315,33,26,0.7879,10,22,1,0.3125,583.97,18.38,0.00,18.38,0.0315,0.0000,1,1
149542231,late40_r60_n30,dt_ge_2026-03-21_lt_2026-08-07,55,41,0.7455,16,0.2909,752.17,255.95,0.3403,55,41,0.7455,16,36,3,0.3077,752.17,255.95,0.00,255.95,0.3403,0.0000,1,1
149543267,late40_r60_n30,dt_ge_2026-03-21_lt_2026-08-07,84,76,0.9048,11,0.1310,358.79,34.81,0.0970,84,76,0.9048,11,70,3,0.1358,358.79,34.81,0.00,34.81,0.0970,0.0000,1,1
149544345,late40_r60_n30,dt_ge_2026-03-21_lt_2026-08-07,56,35,0.6250,26,0.4643,1611.39,-13.86,-0.0086,56,35,0.6250,26,26,4,0.5000,1611.39,-13.86,0.00,-13.86,-0.0086,0.0000,1,1
149545122,late40_r60_n30,dt_ge_2026-03-21_lt_2026-08-07,38,38,1.0000,7,0.1842,162.85,53.25,0.3270,38,38,1.0000,7,30,1,0.1892,162.85,53.25,0.00,53.25,0.3270,0.0000,1,1
149550072,late40_r60_n30,dt_ge_2026-03-21_lt_2026-08-07,34,30,0.8824,16,0.4706,9.40,-1.23,-0.1304,34,30,0.8824,16,17,1,0.4848,9.40,-1.23,0.00,-1.23,-0.1304,0.0000,1,1
149550677,late40_r60_n30,dt_ge_2026-03-21_lt_2026-08-07,56,43,0.7679,22,0.3929,457.09,-10.08,-0.0221,56,43,0.7679,22,31,3,0.4151,457.09,-10.08,0.00,-10.08,-0.0221,0.0000,1,1
149554414,late40_r60_n30,dt_ge_2026-03-21_lt_2026-08-07,78,50,0.6410,13,0.1667,804.54,-43.23,-0.0537,78,50,0.6410,13,65,0,0.1667,804.54,-43.23,0.00,-43.23,-0.0537,0.0000,1,1
149554617,late40_r60_n30,dt_ge_2026-03-21_lt_2026-08-07,107,78,0.7290,29,0.2710,816.27,-254.83,-0.3122,107,78,0.7290,29,75,3,0.2788,816.27,-254.83,0.00,-254.83,-0.3122,0.0000,1,1
149556352,late40_r60_n30,dt_ge_2026-03-21_lt_2026-08-07,37,35,0.9459,11,0.2973,184.85,66.80,0.3614,37,35,0.9459,11,22,4,0.3333,184.85,66.80,0.00,66.80,0.3614,0.0000,1,1
149560478,late40_r60_n30,dt_ge_2026-03-21_lt_2026-08-07,41,31,0.7561,18,0.4390,274.06,-6.94,-0.0253,41,31,0.7561,18,19,4,0.4865,274.06,-6.94,0.00,-6.94,-0.0253,0.0000,1,1
149569333,late40_r60_n30,dt_ge_2026-03-21_lt_2026-08-07,40,25,0.6250,19,0.4750,207282.05,28867.16,0.1393,40,25,0.6250,19,16,5,0.5429,207282.05,28867.16,0.00,28867.16,0.1393,0.0000,1,1
149577662,late40_r60_n30,dt_ge_2026-03-21_lt_2026-08-07,83,51,0.6145,25,0.3012,10108.45,1578.80,0.1562,83,51,0.6145,25,54,4,0.3165,10108.45,1578.80,0.00,1578.80,0.1562,0.0000,1,1
149578158,late40_r60_n30,dt_ge_2026-03-21_lt_2026-08-07,41,32,0.7805,12,0.2927,140.11,-36.45,-0.2602,41,32,0.7805,12,28,1,0.3000,140.11,-36.45,0.00,-36.45,-0.2602,0.0000,1,1
149578426,late40_r60_n30,dt_ge_2026-03-21_lt_2026-08-07,52,50,0.9615,8,0.1538,317.19,-107.87,-0.3401,52,50,0.9615,8,43,1,0.1569,317.19,-107.87,0.00,-107.87,-0.3401,0.0000,1,1
149580921,late40_r60_n30,dt_ge_2026-03-21_lt_2026-08-07,38,24,0.6316,14,0.3684,1565.00,-371.65,-0.2375,25,16,0.6400,9,15,1,0.3750,1063.00,-187.65,0.00,-187.65,-0.1765,0.0000,1,0
149591180,late40_r60_n30,dt_ge_2026-03-21_lt_2026-08-07,116,91,0.7845,53,0.4569,704.19,22.48,0.0319,116,91,0.7845,53,56,7,0.4862,704.19,22.48,0.00,22.48,0.0319,0.0000,1,1
149593361,late40_r60_n30,dt_ge_2026-03-21_lt_2026-08-07,56,48,0.8571,7,0.1250,238.44,38.66,0.1621,56,48,0.8571,7,49,0,0.1250,238.44,38.66,0.00,38.66,0.1621,0.0000,1,1
149595926,late40_r60_n30,dt_ge_2026-03-21_lt_2026-08-07,47,30,0.6383,18,0.3830,460.04,180.65,0.3927,47,30,0.6383,18,26,3,0.4091,460.04,180.65,0.00,180.65,0.3927,0.0000,1,1
149596888,late40_r60_n30,dt_ge_2026-03-21_lt_2026-08-07,167,114,0.6826,54,0.3234,4953.35,16.61,0.0034,167,114,0.6826,54,105,8,0.3396,4953.35,16.61,0.00,16.61,0.0034,0.0000,1,1
149600196,late40_r60_n30,dt_ge_2026-03-21_lt_2026-08-07,52,32,0.6154,17,0.3269,1329.00,-375.00,-0.2822,52,32,0.6154,17,32,3,0.3469,1329.00,-375.00,0.00,-375.00,-0.2822,0.0000,1,1
149602777,late40_r60_n30,dt_ge_2026-03-21_lt_2026-08-07,30,20,0.6667,11,0.3667,280.44,-47.88,-0.1707,30,20,0.6667,11,16,3,0.4074,280.44,-47.88,0.00,-47.88,-0.1707,0.0000,1,1
149606982,late40_r60_n30,dt_ge_2026-03-21_lt_2026-08-07,31,22,0.7097,11,0.3548,861.00,-88.70,-0.1030,31,22,0.7097,11,14,6,0.4400,861.00,-88.70,0.00,-88.70,-0.1030,0.0000,1,1
149608609,late40_r60_n30,dt_ge_2026-03-21_lt_2026-08-07,37,26,0.7027,17,0.4595,345.08,-51.50,-0.1492,37,26,0.7027,17,19,1,0.4722,345.08,-51.50,0.00,-51.50,-0.1492,0.0000,1,1
149609848,late40_r60_n30,dt_ge_2026-03-21_lt_2026-08-07,41,29,0.7073,13,0.3171,1091.48,-200.99,-0.1841,41,29,0.7073,13,26,2,0.3333,1091.48,-200.99,0.00,-200.99,-0.1841,0.0000,1,1
149610196,late40_r60_n30,dt_ge_2026-03-21_lt_2026-08-07,31,25,0.8065,9,0.2903,758.91,-287.87,-0.3793,31,25,0.8065,9,21,1,0.3000,758.91,-287.87,0.00,-287.87,-0.3793,0.0000,1,1
149610973,late40_r60_n30,dt_ge_2026-03-21_lt_2026-08-07,87,56,0.6437,13,0.1494,4725.73,-560.56,-0.1186,87,56,0.6437,13,71,3,0.1548,4725.73,-560.56,0.00,-560.56,-0.1186,0.0000,1,1
149614224,late40_r60_n30,dt_ge_2026-03-21_lt_2026-08-07,37,24,0.6486,9,0.2432,461.83,78.49,0.1699,37,24,0.6486,9,22,6,0.2903,461.83,78.49,0.00,78.49,0.1699,0.0000,1,1
149616267,late40_r60_n30,dt_ge_2026-03-21_lt_2026-08-07,62,39,0.6290,12,0.1935,155.67,20.24,0.1300,62,39,0.6290,12,48,2,0.2000,155.67,20.24,0.00,20.24,0.1300,0.0000,1,1
149617141,late40_r60_n30,dt_ge_2026-03-21_lt_2026-08-07,31,23,0.7419,8,0.2581,684.90,-51.05,-0.0745,31,23,0.7419,8,22,1,0.2667,684.90,-51.05,0.00,-51.05,-0.0745,0.0000,1,1
149620374,late40_r60_n30,dt_ge_2026-03-21_lt_2026-08-07,97,59,0.6082,48,0.4948,456.88,-13.65,-0.0299,97,59,0.6082,48,42,7,0.5333,456.88,-13.65,0.00,-13.65,-0.0299,0.0000,1,1
149620999,late40_r60_n30,dt_ge_2026-03-21_lt_2026-08-07,36,23,0.6389,17,0.4722,965.18,93.92,0.0973,36,23,0.6389,17,17,2,0.5000,965.18,93.92,0.00,93.92,0.0973,0.0000,1,1
149624355,late40_r60_n30,dt_ge_2026-03-21_lt_2026-08-07,41,28,0.6829,6,0.1463,411.72,22.62,0.0549,41,28,0.6829,6,34,1,0.1500,411.72,22.62,0.00,22.62,0.0549,0.0000,1,1
149626047,late40_r60_n30,dt_ge_2026-03-21_lt_2026-08-07,42,31,0.7381,11,0.2619,191.16,-29.30,-0.1533,42,31,0.7381,11,31,0,0.2619,191.16,-29.30,0.00,-29.30,-0.1533,0.0000,1,1
149628362,late40_r60_n30,dt_ge_2026-03-21_lt_2026-08-07,45,32,0.7111,16,0.3556,582.92,-112.65,-0.1932,45,32,0.7111,16,29,0,0.3556,582.92,-112.65,0.00,-112.65,-0.1932,0.0000,1,1
149628520,late40_r60_n30,dt_ge_2026-03-21_lt_2026-08-07,34,24,0.7059,8,0.2353,216.39,-59.68,-0.2758,34,24,0.7059,8,26,0,0.2353,216.39,-59.68,0.00,-59.68,-0.2758,0.0000,1,1
149630474,late40_r60_n30,dt_ge_2026-03-21_lt_2026-08-07,48,42,0.8750,9,0.1875,536.30,-156.06,-0.2910,48,42,0.8750,9,38,1,0.1915,536.30,-156.06,0.00,-156.06,-0.2910,0.0000,1,1
149633422,late40_r60_n30,dt_ge_2026-03-21_lt_2026-08-07,37,26,0.7027,15,0.4054,381.72,-44.41,-0.1163,37,26,0.7027,15,15,7,0.5000,381.72,-44.41,0.00,-44.41,-0.1163,0.0000,1,1
149640955,late40_r60_n30,dt_ge_2026-03-21_lt_2026-08-07,55,38,0.6909,12,0.2182,472.21,-45.53,-0.0964,55,38,0.6909,12,41,2,0.2264,472.21,-45.53,0.00,-45.53,-0.0964,0.0000,1,1
149642221,late40_r60_n30,dt_ge_2026-03-21_lt_2026-08-07,38,23,0.6053,19,0.5000,86.26,12.59,0.1459,38,23,0.6053,19,14,5,0.5758,86.26,12.59,0.00,12.59,0.1459,0.0000,1,1
149646871,late40_r60_n30,dt_ge_2026-03-21_lt_2026-08-07,36,22,0.6111,16,0.4444,2281.00,-534.15,-0.2342,36,22,0.6111,16,16,4,0.5000,2281.00,-534.15,0.00,-534.15,-0.2342,0.0000,1,1
149648938,late40_r60_n30,dt_ge_2026-03-21_lt_2026-08-07,55,43,0.7818,19,0.3455,6600.91,-2475.12,-0.3750,55,43,0.7818,19,34,2,0.3585,6600.91,-2475.12,0.00,-2475.12,-0.3750,0.0000,1,1
149650406,late40_r60_n30,dt_ge_2026-03-21_lt_2026-08-07,34,21,0.6176,8,0.2353,1117.48,72.91,0.0652,34,21,0.6176,8,26,0,0.2353,1117.48,72.91,0.00,72.91,0.0652,0.0000,1,1
149651667,late40_r60_n30,dt_ge_2026-03-21_lt_2026-08-07,30,19,0.6333,9,0.3000,1091.00,9.65,0.0088,30,19,0.6333,9,20,1,0.3103,1091.00,9.65,0.00,9.65,0.0088,0.0000,1,1
149651676,late40_r60_n30,dt_ge_2026-03-21_lt_2026-08-07,36,21,0.5833,9,0.2500,759.95,-160.47,-0.2112,35,21,0.6000,9,23,3,0.2813,732.97,-133.49,0.00,-133.49,-0.1821,0.0000,0,1
149658897,late40_r60_n30,dt_ge_2026-03-21_lt_2026-08-07,69,42,0.6087,10,0.1449,1511.86,-510.61,-0.3377,69,42,0.6087,10,55,4,0.1538,1511.86,-510.61,0.00,-510.61,-0.3377,0.0000,1,1
149660320,late40_r60_n30,dt_ge_2026-03-21_lt_2026-08-07,31,22,0.7097,9,0.2903,667.84,-167.22,-0.2504,31,22,0.7097,9,19,3,0.3214,667.84,-167.22,0.00,-167.22,-0.2504,0.0000,1,1
149670118,late40_r60_n30,dt_ge_2026-03-21_lt_2026-08-07,37,24,0.6486,10,0.2703,352.59,-71.01,-0.2014,37,24,0.6486,10,25,2,0.2857,352.59,-71.01,0.00,-71.01,-0.2014,0.0000,1,1
149671985,late40_r60_n30,dt_ge_2026-03-21_lt_2026-08-07,33,33,1.0000,5,0.1515,189.06,-37.71,-0.1994,33,33,1.0000,5,27,1,0.1563,189.06,-37.71,0.00,-37.71,-0.1994,0.0000,1,1
149677479,late40_r60_n30,dt_ge_2026-03-21_lt_2026-08-07,36,22,0.6111,18,0.5000,170.20,7.94,0.0466,36,22,0.6111,18,16,2,0.5294,170.20,7.94,0.00,7.94,0.0466,0.0000,1,1
149684677,late40_r60_n30,dt_ge_2026-03-21_lt_2026-08-07,33,30,0.9091,4,0.1212,171.62,-42.01,-0.2448,33,30,0.9091,4,29,0,0.1212,171.62,-42.01,0.00,-42.01,-0.2448,0.0000,1,1
149684839,late40_r60_n30,dt_ge_2026-03-21_lt_2026-08-07,34,21,0.6176,19,0.5588,163.46,42.03,0.2571,34,21,0.6176,19,12,3,0.6129,163.46,42.03,0.00,42.03,0.2571,0.0000,1,1
149688345,late40_r60_n30,dt_ge_2026-03-21_lt_2026-08-07,46,30,0.6522,9,0.1957,149.56,-16.13,-0.1079,46,30,0.6522,9,37,0,0.1957,149.56,-16.13,0.00,-16.13,-0.1079,0.0000,1,1
149691570,late40_r60_n30,dt_ge_2026-03-21_lt_2026-08-07,126,98,0.7778,15,0.1190,2185.16,-232.85,-0.1066,126,98,0.7778,15,108,3,0.1220,2185.16,-232.85,0.00,-232.85,-0.1066,0.0000,1,1
149693669,late40_r60_n30,dt_ge_2026-03-21_lt_2026-08-07,32,21,0.6563,11,0.3438,59.20,69.85,1.1800,32,21,0.6563,11,17,4,0.3929,59.20,69.85,0.00,69.85,1.1800,0.0000,1,1
149695098,late40_r60_n30,dt_ge_2026-03-21_lt_2026-08-07,66,42,0.6364,35,0.5303,1248.77,257.84,0.2065,66,42,0.6364,35,24,7,0.5932,1248.77,257.84,0.00,257.84,0.2065,0.0000,1,1
149701224,late40_r60_n30,dt_ge_2026-03-21_lt_2026-08-07,67,50,0.7463,21,0.3134,16174.77,-2166.79,-0.1340,67,50,0.7463,21,42,4,0.3333,16174.77,-2166.79,0.00,-2166.79,-0.1340,0.0000,1,1
149707274,late40_r60_n30,dt_ge_2026-03-21_lt_2026-08-07,60,40,0.6667,10,0.1667,224.77,88.23,0.3925,60,40,0.6667,10,49,1,0.1695,224.77,88.23,0.00,88.23,0.3925,0.0000,1,1
149709718,late40_r60_n30,dt_ge_2026-03-21_lt_2026-08-07,33,23,0.6970,3,0.0909,503.35,-290.59,-0.5773,33,23,0.6970,3,27,3,0.1000,503.35,-290.59,0.00,-290.59,-0.5773,0.0000,1,1
149710452,late40_r60_n30,dt_ge_2026-03-21_lt_2026-08-07,45,28,0.6222,13,0.2889,221.06,-10.35,-0.0468,45,28,0.6222,13,27,5,0.3250,221.06,-10.35,0.00,-10.35,-0.0468,0.0000,1,1
149710782,late40_r60_n30,dt_ge_2026-03-21_lt_2026-08-07,111,71,0.6396,50,0.4505,1538.91,74.75,0.0486,111,71,0.6396,50,49,12,0.5051,1538.91,74.75,0.00,74.75,0.0486,0.0000,1,1
149714731,late40_r60_n30,dt_ge_2026-03-21_lt_2026-08-07,63,41,0.6508,13,0.2063,503.52,-67.99,-0.1350,63,41,0.6508,13,48,2,0.2131,503.52,-67.99,0.00,-67.99,-0.1350,0.0000,1,1
149715558,late40_r60_n30,dt_ge_2026-03-21_lt_2026-08-07,48,31,0.6458,20,0.4167,1442.58,-88.73,-0.0615,48,31,0.6458,20,23,5,0.4651,1442.58,-88.73,0.00,-88.73,-0.0615,0.0000,1,1
149715944,late40_r60_n30,dt_ge_2026-03-21_lt_2026-08-07,105,68,0.6476,43,0.4095,2057.76,223.43,0.1086,105,68,0.6476,43,49,13,0.4674,2057.76,223.43,0.00,223.43,0.1086,0.0000,1,1
149722202,late40_r60_n30,dt_ge_2026-03-21_lt_2026-08-07,35,33,0.9429,4,0.1143,161.75,-19.33,-0.1195,35,33,0.9429,4,30,1,0.1176,161.75,-19.33,0.00,-19.33,-0.1195,0.0000,1,1
149722885,late40_r60_n30,dt_ge_2026-03-21_lt_2026-08-07,37,29,0.7838,9,0.2432,600.78,39.91,0.0664,37,29,0.7838,9,26,2,0.2571,600.78,39.91,0.00,39.91,0.0664,0.0000,1,1
149725612,late40_r60_n30,dt_ge_2026-03-21_lt_2026-08-07,45,31,0.6889,8,0.1778,1650.15,1.30,0.0008,45,31,0.6889,8,36,1,0.1818,1650.15,1.30,0.00,1.30,0.0008,0.0000,1,1
149733578,late40_r60_n30,dt_ge_2026-03-21_lt_2026-08-07,33,23,0.6970,9,0.2727,171.24,-19.20,-0.1121,33,23,0.6970,9,23,1,0.2813,171.24,-19.20,0.00,-19.20,-0.1121,0.0000,1,1
149737688,late40_r60_n30,dt_ge_2026-03-21_lt_2026-08-07,33,20,0.6061,4,0.1212,246.48,-122.85,-0.4984,33,20,0.6061,4,26,3,0.1333,246.48,-122.85,0.00,-122.85,-0.4984,0.0000,1,1
149738427,late40_r60_n30,dt_ge_2026-03-21_lt_2026-08-07,33,21,0.6364,18,0.5455,1777.28,-468.32,-0.2635,33,21,0.6364,18,13,2,0.5806,1777.28,-468.32,0.00,-468.32,-0.2635,0.0000,1,1
149745085,late40_r60_n30,dt_ge_2026-03-21_lt_2026-08-07,35,23,0.6571,12,0.3429,139.33,9.47,0.0680,35,23,0.6571,12,19,4,0.3871,139.33,9.47,0.00,9.47,0.0680,0.0000,1,1
149754833,late40_r60_n30,dt_ge_2026-03-21_lt_2026-08-07,31,23,0.7419,15,0.4839,92.43,-8.61,-0.0932,31,23,0.7419,15,14,2,0.5172,92.43,-8.61,0.00,-8.61,-0.0932,0.0000,1,1
149758516,late40_r60_n30,dt_ge_2026-03-21_lt_2026-08-07,192,139,0.7240,81,0.4219,1363.06,-123.11,-0.0903,192,139,0.7240,81,93,18,0.4655,1363.06,-123.11,0.00,-123.11,-0.0903,0.0000,1,1
149758596,late40_r60_n30,dt_ge_2026-03-21_lt_2026-08-07,40,40,1.0000,8,0.2000,174.35,3.68,0.0211,40,40,1.0000,8,32,0,0.2000,174.35,3.68,0.00,3.68,0.0211,0.0000,1,1
149760124,late40_r60_n30,dt_ge_2026-03-21_lt_2026-08-07,80,63,0.7875,40,0.5000,980.78,163.94,0.1672,80,63,0.7875,40,30,10,0.5714,980.78,163.94,0.00,163.94,0.1672,0.0000,1,1
149762181,late40_r60_n30,dt_ge_2026-03-21_lt_2026-08-07,43,31,0.7209,10,0.2326,846.55,-199.87,-0.2361,43,31,0.7209,10,32,1,0.2381,846.55,-199.87,0.00,-199.87,-0.2361,0.0000,1,1
149762890,late40_r60_n30,dt_ge_2026-03-21_lt_2026-08-07,37,24,0.6486,13,0.3514,325.55,18.35,0.0564,37,24,0.6486,13,24,0,0.3514,325.55,18.35,0.00,18.35,0.0564,0.0000,1,1
149768247,late40_r60_n30,dt_ge_2026-03-21_lt_2026-08-07,30,18,0.6000,6,0.2000,497.90,-125.58,-0.2522,30,18,0.6000,6,21,3,0.2222,497.90,-125.58,0.00,-125.58,-0.2522,0.0000,1,1
149769648,late40_r60_n30,dt_ge_2026-03-21_lt_2026-08-07,64,40,0.6250,26,0.4063,918.38,-303.87,-0.3309,64,40,0.6250,26,33,5,0.4407,918.38,-303.87,0.00,-303.87,-0.3309,0.0000,1,1
149778931,late40_r60_n30,dt_ge_2026-03-21_lt_2026-08-07,40,25,0.6250,10,0.2500,2368.33,-231.83,-0.0979,40,25,0.6250,10,28,2,0.2632,2368.33,-231.83,0.00,-231.83,-0.0979,0.0000,1,1
149785161,late40_r60_n30,dt_ge_2026-03-21_lt_2026-08-07,342,232,0.6784,106,0.3099,6832.37,17.35,0.0025,342,232,0.6784,106,217,19,0.3282,6832.37,17.35,0.00,17.35,0.0025,0.0000,1,1
149793021,late40_r60_n30,dt_ge_2026-03-21_lt_2026-08-07,31,27,0.8710,8,0.2581,1750.26,-322.15,-0.1841,31,27,0.8710,8,23,0,0.2581,1750.26,-322.15,0.00,-322.15,-0.1841,0.0000,1,1
149796833,late40_r60_n30,dt_ge_2026-03-21_lt_2026-08-07,36,29,0.8056,14,0.3889,396.97,50.08,0.1261,36,29,0.8056,14,21,1,0.4000,396.97,50.08,0.00,50.08,0.1261,0.0000,1,1
149800529,late40_r60_n30,dt_ge_2026-03-21_lt_2026-08-07,61,60,0.9836,12,0.1967,159.65,102.09,0.6395,61,60,0.9836,12,48,1,0.2000,159.65,102.09,0.00,102.09,0.6395,0.0000,1,1
149806161,late40_r60_n30,dt_ge_2026-03-21_lt_2026-08-07,61,39,0.6393,14,0.2295,377.01,-185.27,-0.4914,61,39,0.6393,14,46,1,0.2333,377.01,-185.27,0.00,-185.27,-0.4914,0.0000,1,1
149806528,late40_r60_n30,dt_ge_2026-03-21_lt_2026-08-07,53,36,0.6792,9,0.1698,156.74,-62.45,-0.3984,53,36,0.6792,9,42,2,0.1765,156.74,-62.45,1.25,-61.19,-0.3984,0.0000,1,1
149807289,late40_r60_n30,dt_ge_2026-03-21_lt_2026-08-07,33,33,1.0000,5,0.1515,352.86,77.84,0.2206,33,33,1.0000,5,27,1,0.1563,352.86,77.84,0.00,77.84,0.2206,0.0000,1,1
149807749,late40_r60_n30,dt_ge_2026-03-21_lt_2026-08-07,114,79,0.6930,34,0.2982,10335.05,3265.41,0.3160,114,79,0.6930,34,76,4,0.3091,10335.05,3265.41,0.00,3265.41,0.3160,0.0000,1,1
149811800,late40_r60_n30,dt_ge_2026-03-21_lt_2026-08-07,117,75,0.6410,53,0.4530,1602.38,-19.51,-0.0122,117,75,0.6410,53,57,7,0.4818,1602.38,-19.51,0.00,-19.51,-0.0122,0.0000,1,1
149812434,late40_r60_n30,dt_ge_2026-03-21_lt_2026-08-07,34,28,0.8235,4,0.1176,86.13,-17.12,-0.1988,34,28,0.8235,4,30,0,0.1176,86.13,-17.12,0.00,-17.12,-0.1988,0.0000,1,1
149814438,late40_r60_n30,dt_ge_2026-03-21_lt_2026-08-07,51,45,0.8824,10,0.1961,149.88,78.04,0.5207,51,45,0.8824,10,40,1,0.2000,149.88,78.04,0.00,78.04,0.5207,0.0000,1,1
149815875,late40_r60_n30,dt_ge_2026-03-21_lt_2026-08-07,64,41,0.6406,35,0.5469,197.19,53.58,0.2717,64,41,0.6406,35,24,5,0.5932,197.19,53.58,0.00,53.58,0.2717,0.0000,1,1
149818911,late40_r60_n30,dt_ge_2026-03-21_lt_2026-08-07,299,265,0.8863,62,0.2074,55960.00,609.00,0.0109,299,265,0.8863,62,226,11,0.2153,55960.00,609.00,0.00,609.00,0.0109,0.0000,1,1
149832116,late40_r60_n30,dt_ge_2026-03-21_lt_2026-08-07,36,22,0.6111,9,0.2500,2664.63,-1043.82,-0.3917,36,22,0.6111,9,23,4,0.2813,2664.63,-1043.82,0.00,-1043.82,-0.3917,0.0000,1,1
149834787,late40_r60_n30,dt_ge_2026-03-21_lt_2026-08-07,39,25,0.6410,20,0.5128,3180.69,977.17,0.3072,39,25,0.6410,20,15,4,0.5714,3180.69,977.17,0.00,977.17,0.3072,0.0000,1,1
149834964,late40_r60_n30,dt_ge_2026-03-21_lt_2026-08-07,33,21,0.6364,8,0.2424,1432.20,103.78,0.0725,33,21,0.6364,8,24,1,0.2500,1432.20,103.78,0.00,103.78,0.0725,0.0000,1,1
149835335,late40_r60_n30,dt_ge_2026-03-21_lt_2026-08-07,30,19,0.6333,9,0.3000,489.44,-11.03,-0.0225,25,16,0.6400,6,17,2,0.2609,357.11,-64.59,0.00,-64.59,-0.1809,0.0000,1,0
149836900,late40_r60_n30,dt_ge_2026-03-21_lt_2026-08-07,52,34,0.6538,16,0.3077,3085.72,1319.60,0.4276,52,34,0.6538,16,35,1,0.3137,3085.72,1319.60,0.00,1319.60,0.4276,0.0000,1,1
149840631,late40_r60_n30,dt_ge_2026-03-21_lt_2026-08-07,40,25,0.6250,20,0.5000,185.27,14.47,0.0781,40,25,0.6250,20,17,3,0.5405,185.27,14.47,0.00,14.47,0.0781,0.0000,1,1
149842728,late40_r60_n30,dt_ge_2026-03-21_lt_2026-08-07,35,23,0.6571,6,0.1714,1798.17,-888.35,-0.4940,35,23,0.6571,6,28,1,0.1765,1798.17,-888.35,0.00,-888.35,-0.4940,0.0000,1,1
149845823,late40_r60_n30,dt_ge_2026-03-21_lt_2026-08-07,32,32,1.0000,8,0.2500,155.67,6.49,0.0417,32,32,1.0000,8,22,2,0.2667,155.67,6.49,0.00,6.49,0.0417,0.0000,1,1
149846349,late40_r60_n30,dt_ge_2026-03-21_lt_2026-08-07,42,31,0.7381,8,0.1905,944.16,44.24,0.0469,42,31,0.7381,8,33,1,0.1951,944.16,44.24,0.00,44.24,0.0469,0.0000,1,1
149847592,late40_r60_n30,dt_ge_2026-03-21_lt_2026-08-07,62,44,0.7097,11,0.1774,514.65,21.01,0.0408,62,44,0.7097,11,49,2,0.1833,514.65,21.01,0.00,21.01,0.0408,0.0000,1,1
149847852,late40_r60_n30,dt_ge_2026-03-21_lt_2026-08-07,45,36,0.8000,11,0.2444,1413.00,-552.00,-0.3907,45,36,0.8000,11,32,2,0.2558,1413.00,-552.00,0.00,-552.00,-0.3907,0.0000,1,1
149850969,late40_r60_n30,dt_ge_2026-03-21_lt_2026-08-07,42,28,0.6667,12,0.2857,2333.04,-220.80,-0.0946,42,28,0.6667,12,30,0,0.2857,2333.04,-220.80,0.00,-220.80,-0.0946,0.0000,1,1
149852777,late40_r60_n30,dt_ge_2026-03-21_lt_2026-08-07,34,24,0.7059,14,0.4118,492.97,-25.95,-0.0526,34,24,0.7059,14,15,5,0.4828,492.97,-25.95,0.00,-25.95,-0.0526,0.0000,1,1
149853497,late40_r60_n30,dt_ge_2026-03-21_lt_2026-08-07,62,41,0.6613,10,0.1613,2411.14,-130.51,-0.0541,62,41,0.6613,10,50,2,0.1667,2411.14,-130.51,0.00,-130.51,-0.0541,0.0000,1,1
149853913,late40_r60_n30,dt_ge_2026-03-21_lt_2026-08-07,37,23,0.6216,11,0.2973,583.78,408.13,0.6991,37,23,0.6216,11,26,0,0.2973,583.78,408.13,0.00,408.13,0.6991,0.0000,1,1
149854118,late40_r60_n30,dt_ge_2026-03-21_lt_2026-08-07,53,41,0.7736,12,0.2264,722.07,-94.44,-0.1308,53,41,0.7736,12,39,2,0.2353,722.07,-94.44,0.00,-94.44,-0.1308,0.0000,1,1
149855534,late40_r60_n30,dt_ge_2026-03-21_lt_2026-08-07,77,63,0.8182,13,0.1688,399.54,99.36,0.2487,77,63,0.8182,13,60,4,0.1781,399.54,99.36,0.00,99.36,0.2487,0.0000,1,1
149855640,late40_r60_n30,dt_ge_2026-03-21_lt_2026-08-07,35,21,0.6000,20,0.5714,2389.60,1504.85,0.6298,35,21,0.6000,20,12,3,0.6250,2389.60,1504.85,0.00,1504.85,0.6298,0.0000,1,1
149856441,late40_r60_n30,dt_ge_2026-03-21_lt_2026-08-07,38,29,0.7632,13,0.3421,196.15,45.28,0.2308,38,29,0.7632,13,23,2,0.3611,196.15,45.28,0.00,45.28,0.2308,0.0000,1,1
149856442,late40_r60_n30,dt_ge_2026-03-21_lt_2026-08-07,109,67,0.6147,41,0.3761,3476.53,147.41,0.0424,109,67,0.6147,41,60,8,0.4059,3476.53,147.41,0.00,147.41,0.0424,0.0000,1,1
149857499,late40_r60_n30,dt_ge_2026-03-21_lt_2026-08-07,52,32,0.6154,12,0.2308,497.85,155.45,0.3122,52,32,0.6154,12,37,3,0.2449,497.85,155.45,0.00,155.45,0.3122,0.0000,1,1
149860698,late40_r60_n30,dt_ge_2026-03-21_lt_2026-08-07,37,25,0.6757,10,0.2703,1803.23,657.72,0.3647,37,25,0.6757,10,26,1,0.2778,1803.23,657.72,0.00,657.72,0.3647,0.0000,1,1
149861539,late40_r60_n30,dt_ge_2026-03-21_lt_2026-08-07,62,40,0.6452,23,0.3710,655.60,-117.74,-0.1796,62,40,0.6452,23,30,9,0.4340,655.60,-117.74,0.00,-117.74,-0.1796,0.0000,1,1
149866214,late40_r60_n30,dt_ge_2026-03-21_lt_2026-08-07,46,33,0.7174,9,0.1957,280.21,11.94,0.0426,46,33,0.7174,9,34,3,0.2093,280.21,11.94,0.00,11.94,0.0426,0.0000,1,1
149869169,late40_r60_n30,dt_ge_2026-03-21_lt_2026-08-07,42,26,0.6190,4,0.0952,290.10,142.63,0.4917,42,26,0.6190,4,38,0,0.0952,290.10,142.63,0.00,142.63,0.4917,0.0000,1,1
149870791,late40_r60_n30,dt_ge_2026-03-21_lt_2026-08-07,100,53,0.5300,18,0.1800,481.88,-126.77,-0.2631,87,53,0.6092,16,69,2,0.1882,412.56,-103.14,0.00,-103.14,-0.2500,0.0000,0,1
149878175,late40_r60_n30,dt_ge_2026-03-21_lt_2026-08-07,46,33,0.7174,11,0.2391,678.77,-43.41,-0.0640,46,33,0.7174,11,33,2,0.2500,678.77,-43.41,0.00,-43.41,-0.0640,0.0000,1,1
149880884,late40_r60_n30,dt_ge_2026-03-21_lt_2026-08-07,624,523,0.8381,83,0.1330,13932.99,-1889.80,-0.1356,624,523,0.8381,83,534,7,0.1345,13932.99,-1889.80,0.00,-1889.80,-0.1356,0.0000,1,1
149882387,late40_r60_n30,dt_ge_2026-03-21_lt_2026-08-07,36,22,0.6111,16,0.4444,2706.44,479.59,0.1772,36,22,0.6111,16,15,5,0.5161,2706.44,479.59,0.00,479.59,0.1772,0.0000,1,1
149882781,late40_r60_n30,dt_ge_2026-03-21_lt_2026-08-07,98,66,0.6735,22,0.2245,1925.55,611.92,0.3178,64,37,0.5781,17,43,4,0.2833,1231.24,426.77,0.00,426.77,0.3466,0.0000,1,0
149892613,late40_r60_n30,dt_ge_2026-03-21_lt_2026-08-07,51,48,0.9412,14,0.2745,563.81,-46.11,-0.0818,51,48,0.9412,14,36,1,0.2800,563.81,-46.11,0.00,-46.11,-0.0818,0.0000,1,1
149894355,late40_r60_n30,dt_ge_2026-03-21_lt_2026-08-07,32,32,1.0000,5,0.1563,4718.62,-1148.62,-0.2434,32,32,1.0000,5,27,0,0.1563,4718.62,-1148.62,0.00,-1148.62,-0.2434,0.0000,1,1
149910448,late40_r60_n30,dt_ge_2026-03-21_lt_2026-08-07,75,45,0.6000,28,0.3733,2293.60,-352.86,-0.1538,75,45,0.6000,28,40,7,0.4118,2293.60,-352.86,0.00,-352.86,-0.1538,0.0000,1,1
149925236,late40_r60_n30,dt_ge_2026-03-21_lt_2026-08-07,55,48,0.8727,11,0.2000,243.79,-50.32,-0.2064,55,48,0.8727,11,41,3,0.2115,243.79,-50.32,0.00,-50.32,-0.2064,0.0000,1,1
149935033,late40_r60_n30,dt_ge_2026-03-21_lt_2026-08-07,36,26,0.7222,11,0.3056,189.90,17.02,0.0896,36,26,0.7222,11,23,2,0.3235,189.90,17.02,0.00,17.02,0.0896,0.0000,1,1
149937735,late40_r60_n30,dt_ge_2026-03-21_lt_2026-08-07,1293,787,0.6087,419,0.3241,32393.16,-58.22,-0.0018,1293,787,0.6087,419,805,69,0.3423,32393.16,-58.22,0.00,-58.22,-0.0018,0.0000,1,1
149942366,late40_r60_n30,dt_ge_2026-03-21_lt_2026-08-07,33,25,0.7576,9,0.2727,143.47,-34.85,-0.2429,33,25,0.7576,9,24,0,0.2727,143.47,-34.85,0.00,-34.85,-0.2429,0.0000,1,1
149950825,late40_r60_n30,dt_ge_2026-03-21_lt_2026-08-07,42,26,0.6190,7,0.1667,498.16,7.78,0.0156,42,26,0.6190,7,32,3,0.1795,498.16,7.78,0.00,7.78,0.0156,0.0000,1,1
149951259,late40_r60_n30,dt_ge_2026-03-21_lt_2026-08-07,36,30,0.8333,13,0.3611,251.15,38.56,0.1535,36,30,0.8333,13,21,2,0.3824,251.15,38.56,0.00,38.56,0.1535,0.0000,1,1
149952866,late40_r60_n30,dt_ge_2026-03-21_lt_2026-08-07,35,28,0.8000,8,0.2286,821.96,-103.39,-0.1258,21,14,0.6667,5,13,3,0.2778,490.89,-33.86,0.00,-33.86,-0.0690,0.0000,1,0
149957044,late40_r60_n30,dt_ge_2026-03-21_lt_2026-08-07,38,23,0.6053,9,0.2368,640.28,-200.22,-0.3127,38,23,0.6053,9,29,0,0.2368,640.28,-200.22,0.00,-200.22,-0.3127,0.0000,1,1
149957378,late40_r60_n30,dt_ge_2026-03-21_lt_2026-08-07,48,35,0.7292,11,0.2292,275.18,57.87,0.2103,48,35,0.7292,11,36,1,0.2340,275.18,57.87,0.00,57.87,0.2103,0.0000,1,1
149959835,late40_r60_n30,dt_ge_2026-03-21_lt_2026-08-07,52,44,0.8462,26,0.5000,51.89,-149.78,-2.8864,32,26,0.8125,16,16,0,0.5000,51.89,-84.91,0.00,-84.91,-1.6364,0.0000,1,1
149971408,late40_r60_n30,dt_ge_2026-03-21_lt_2026-08-07,134,84,0.6269,41,0.3060,4732.50,-282.81,-0.0598,134,84,0.6269,41,87,6,0.3203,4732.50,-282.81,0.00,-282.81,-0.0598,0.0000,1,1
149972923,late40_r60_n30,dt_ge_2026-03-21_lt_2026-08-07,81,51,0.6296,8,0.0988,178.34,-61.02,-0.3422,81,51,0.6296,8,72,1,0.1000,178.34,-61.02,0.00,-61.02,-0.3422,0.0000,1,1
149976178,late40_r60_n30,dt_ge_2026-03-21_lt_2026-08-07,34,21,0.6176,11,0.3235,1250.71,954.12,0.7629,34,21,0.6176,11,22,1,0.3333,1250.71,954.12,0.00,954.12,0.7629,0.0000,1,1
149976352,late40_r60_n30,dt_ge_2026-03-21_lt_2026-08-07,41,26,0.6341,15,0.3659,119.95,-10.71,-0.0893,41,26,0.6341,15,23,3,0.3947,119.95,-10.71,0.00,-10.71,-0.0893,0.0000,1,1
149977635,late40_r60_n30,dt_ge_2026-03-21_lt_2026-08-07,66,53,0.8030,6,0.0909,2035.43,-619.29,-0.3043,66,53,0.8030,6,60,0,0.0909,2035.43,-619.29,0.00,-619.29,-0.3043,0.0000,1,1
149979290,late40_r60_n30,dt_ge_2026-03-21_lt_2026-08-07,35,23,0.6571,15,0.4286,1914.90,-111.69,-0.0583,35,23,0.6571,15,16,4,0.4839,1914.90,-111.69,0.00,-111.69,-0.0583,0.0000,1,1
149983479,late40_r60_n30,dt_ge_2026-03-21_lt_2026-08-07,44,31,0.7045,22,0.5000,1585.97,-110.93,-0.0699,44,31,0.7045,22,14,8,0.6111,1585.97,-110.93,0.00,-110.93,-0.0699,0.0000,1,1
149985985,late40_r60_n30,dt_ge_2026-03-21_lt_2026-08-07,31,23,0.7419,16,0.5161,65.12,0.95,0.0145,18,14,0.7778,9,9,0,0.5000,37.81,-0.63,0.00,-0.63,-0.0167,0.0000,1,0
149986116,late40_r60_n30,dt_ge_2026-03-21_lt_2026-08-07,76,49,0.6447,10,0.1316,1571.28,-405.35,-0.2580,76,49,0.6447,10,65,1,0.1333,1571.28,-405.35,0.00,-405.35,-0.2580,0.0000,1,1
149986800,late40_r60_n30,dt_ge_2026-03-21_lt_2026-08-07,30,18,0.6000,12,0.4000,1102.69,417.21,0.3784,30,18,0.6000,12,16,2,0.4286,1102.69,417.21,0.00,417.21,0.3784,0.0000,1,1
149987403,late40_r60_n30,dt_ge_2026-03-21_lt_2026-08-07,221,138,0.6244,32,0.1448,1723.36,-287.02,-0.1665,221,138,0.6244,32,185,4,0.1475,1723.36,-287.02,0.00,-287.02,-0.1665,0.0000,1,1
149992769,late40_r60_n30,dt_ge_2026-03-21_lt_2026-08-07,33,29,0.8788,3,0.0909,248.62,-116.81,-0.4698,33,29,0.8788,3,30,0,0.0909,248.62,-116.81,0.00,-116.81,-0.4698,0.0000,1,1
149993493,late40_r60_n30,dt_ge_2026-03-21_lt_2026-08-07,303,228,0.7525,55,0.1815,1801.91,170.57,0.0947,303,228,0.7525,55,242,6,0.1852,1801.91,170.57,0.00,170.57,0.0947,0.0000,1,1
149994200,late40_r60_n30,dt_ge_2026-03-21_lt_2026-08-07,112,71,0.6339,33,0.2946,10786.14,-497.73,-0.0461,112,71,0.6339,33,76,3,0.3028,10786.14,-497.73,0.00,-497.73,-0.0461,0.0000,1,1
149997665,late40_r60_n30,dt_ge_2026-03-21_lt_2026-08-07,54,34,0.6296,14,0.2593,799.13,260.11,0.3255,54,34,0.6296,14,40,0,0.2593,799.13,260.11,0.00,260.11,0.3255,0.0000,1,1
150002305,late40_r60_n30,dt_ge_2026-03-21_lt_2026-08-07,35,31,0.8857,8,0.2286,1157.18,126.87,0.1096,35,31,0.8857,8,25,2,0.2424,1157.18,126.87,0.00,126.87,0.1096,0.0000,1,1
150004638,late40_r60_n30,dt_ge_2026-03-21_lt_2026-08-07,94,74,0.7872,18,0.1915,604.54,-113.12,-0.1871,94,74,0.7872,18,74,2,0.1957,604.54,-113.12,0.00,-113.12,-0.1871,0.0000,1,1
150015352,late40_r60_n30,dt_ge_2026-03-21_lt_2026-08-07,224,154,0.6875,31,0.1384,633.65,-47.87,-0.0755,224,154,0.6875,31,185,8,0.1435,633.65,-47.87,0.00,-47.87,-0.0755,0.0000,1,1
150020860,late40_r60_n30,dt_ge_2026-03-21_lt_2026-08-07,39,25,0.6410,8,0.2051,144.00,-20.37,-0.1414,39,25,0.6410,8,28,3,0.2222,144.00,-20.37,0.00,-20.37,-0.1414,0.0000,1,1
150023644,late40_r60_n30,dt_ge_2026-03-21_lt_2026-08-07,756,486,0.6429,117,0.1548,9756.90,-886.92,-0.0909,756,486,0.6429,117,626,13,0.1575,9756.90,-886.92,0.00,-886.92,-0.0909,0.0000,1,1
150025338,late40_r60_n30,dt_ge_2026-03-21_lt_2026-08-07,39,24,0.6154,8,0.2051,1189.87,797.57,0.6703,39,24,0.6154,8,30,1,0.2105,1189.87,797.57,0.00,797.57,0.6703,0.0000,1,1
150030728,late40_r60_n30,dt_ge_2026-03-21_lt_2026-08-07,33,25,0.7576,11,0.3333,716.52,-36.97,-0.0516,33,25,0.7576,11,20,2,0.3548,716.52,-36.97,0.00,-36.97,-0.0516,0.0000,1,1
150051908,late40_r60_n30,dt_ge_2026-03-21_lt_2026-08-07,31,25,0.8065,7,0.2258,214.57,-20.50,-0.0955,31,25,0.8065,7,23,1,0.2333,214.57,-20.50,0.00,-20.50,-0.0955,0.0000,1,1
150061216,late40_r60_n30,dt_ge_2026-03-21_lt_2026-08-07,207,155,0.7488,53,0.2560,1075.52,-62.98,-0.0586,207,155,0.7488,53,146,8,0.2663,1075.52,-62.98,0.00,-62.98,-0.0586,0.0000,1,1
150062754,late40_r60_n30,dt_ge_2026-03-21_lt_2026-08-07,31,31,1.0000,9,0.2903,1285.61,62.14,0.0483,31,31,1.0000,9,21,1,0.3000,1285.61,62.14,0.00,62.14,0.0483,0.0000,1,1
150064618,late40_r60_n30,dt_ge_2026-03-21_lt_2026-08-07,30,18,0.6000,12,0.4000,783.56,314.59,0.4015,30,18,0.6000,12,17,1,0.4138,783.56,314.59,0.00,314.59,0.4015,0.0000,1,1
150072799,late40_r60_n30,dt_ge_2026-03-21_lt_2026-08-07,45,29,0.6444,17,0.3778,2480.41,201.21,0.0811,45,29,0.6444,17,21,7,0.4474,2480.41,201.21,0.00,201.21,0.0811,0.0000,1,1
150074802,late40_r60_n30,dt_ge_2026-03-21_lt_2026-08-07,33,20,0.6061,8,0.2424,95.58,-13.12,-0.1373,33,20,0.6061,8,23,2,0.2581,95.58,-13.12,0.00,-13.12,-0.1373,0.0000,1,1
150076685,late40_r60_n30,dt_ge_2026-03-21_lt_2026-08-07,33,23,0.6970,4,0.1212,430.70,-169.41,-0.3933,33,23,0.6970,4,27,2,0.1290,430.70,-169.41,0.00,-169.41,-0.3933,0.0000,1,1
150078676,late40_r60_n30,dt_ge_2026-03-21_lt_2026-08-07,55,33,0.6000,8,0.1455,632.82,-265.94,-0.4203,55,33,0.6000,8,45,2,0.1509,632.82,-265.94,0.00,-265.94,-0.4203,0.0000,1,1
150080442,late40_r60_n30,dt_ge_2026-03-21_lt_2026-08-07,98,67,0.6837,21,0.2143,275.30,-107.93,-0.3921,86,55,0.6395,18,66,2,0.2143,243.79,-107.62,0.00,-107.62,-0.4414,0.0000,1,1
150086733,late40_r60_n30,dt_ge_2026-03-21_lt_2026-08-07,34,19,0.5588,6,0.1765,292.03,63.14,0.2162,30,19,0.6333,6,22,2,0.2143,264.40,90.77,0.00,90.77,0.3433,0.0000,0,1
150087341,late40_r60_n30,dt_ge_2026-03-21_lt_2026-08-07,33,24,0.7273,10,0.3030,487.78,7.26,0.0149,33,24,0.7273,10,19,4,0.3448,487.78,7.26,0.00,7.26,0.0149,0.0000,1,1
150087979,late40_r60_n30,dt_ge_2026-03-21_lt_2026-08-07,40,31,0.7750,12,0.3000,261.79,97.62,0.3729,40,31,0.7750,12,28,0,0.3000,261.79,97.62,0.00,97.62,0.3729,0.0000,1,1
150096010,late40_r60_n30,dt_ge_2026-03-21_lt_2026-08-07,69,42,0.6087,22,0.3188,20.17,-1.22,-0.0604,69,42,0.6087,22,40,7,0.3548,20.17,-1.22,0.00,-1.22,-0.0604,0.0000,1,1
150101765,late40_r60_n30,dt_ge_2026-03-21_lt_2026-08-07,32,21,0.6563,7,0.2188,181.28,-46.11,-0.2543,32,21,0.6563,7,24,1,0.2258,181.28,-46.11,0.00,-46.11,-0.2543,0.0000,1,1
150102640,late40_r60_n30,dt_ge_2026-03-21_lt_2026-08-07,83,77,0.9277,17,0.2048,306.16,133.75,0.4369,83,77,0.9277,17,64,2,0.2099,306.16,133.75,0.00,133.75,0.4369,0.0000,1,1
150103422,late40_r60_n30,dt_ge_2026-03-21_lt_2026-08-07,38,27,0.7105,8,0.2105,286.73,-133.60,-0.4659,38,27,0.7105,8,28,2,0.2222,286.73,-133.60,0.00,-133.60,-0.4659,0.0000,1,1
150104104,late40_r60_n30,dt_ge_2026-03-21_lt_2026-08-07,70,46,0.6571,26,0.3714,6595.14,-518.30,-0.0786,70,46,0.6571,26,34,10,0.4333,6595.14,-518.30,0.00,-518.30,-0.0786,0.0000,1,1
150113090,late40_r60_n30,dt_ge_2026-03-21_lt_2026-08-07,49,35,0.7143,3,0.0612,213.53,-130.77,-0.6124,49,35,0.7143,3,45,1,0.0625,213.53,-130.77,0.00,-130.77,-0.6124,0.0000,1,1
150116703,late40_r60_n30,dt_ge_2026-03-21_lt_2026-08-07,33,28,0.8485,15,0.4545,9376.78,-502.05,-0.0535,33,28,0.8485,15,16,2,0.4839,9376.78,-502.05,0.00,-502.05,-0.0535,0.0000,1,1
150120435,late40_r60_n30,dt_ge_2026-03-21_lt_2026-08-07,40,26,0.6500,16,0.4000,479.74,-39.05,-0.0814,40,26,0.6500,16,20,4,0.4444,479.74,-39.05,0.00,-39.05,-0.0814,0.0000,1,1
150120888,late40_r60_n30,dt_ge_2026-03-21_lt_2026-08-07,32,25,0.7813,8,0.2500,473.51,-37.88,-0.0800,32,25,0.7813,8,23,1,0.2581,473.51,-37.88,0.00,-37.88,-0.0800,0.0000,1,1
150121648,late40_r60_n30,dt_ge_2026-03-21_lt_2026-08-07,51,45,0.8824,10,0.1961,469.62,-71.09,-0.1514,51,45,0.8824,10,39,2,0.2041,469.62,-71.09,0.00,-71.09,-0.1514,0.0000,1,1
150135957,late40_r60_n30,dt_ge_2026-03-21_lt_2026-08-07,49,32,0.6531,30,0.6122,2364.00,928.50,0.3928,39,24,0.6154,23,14,2,0.6216,1994.00,691.00,0.00,691.00,0.3465,0.0000,1,1
150141127,late40_r60_n30,dt_ge_2026-03-21_lt_2026-08-07,34,24,0.7059,10,0.2941,536.82,-173.32,-0.3229,34,24,0.7059,10,22,2,0.3125,536.82,-173.32,0.00,-173.32,-0.3229,0.0000,1,1
150148312,late40_r60_n30,dt_ge_2026-03-21_lt_2026-08-07,50,35,0.7000,13,0.2600,207.12,-45.51,-0.2197,50,35,0.7000,13,33,4,0.2826,207.12,-45.51,0.00,-45.51,-0.2197,0.0000,1,1
150151067,late40_r60_n30,dt_ge_2026-03-21_lt_2026-08-07,44,34,0.7727,6,0.1364,135.49,-31.51,-0.2326,44,34,0.7727,6,37,1,0.1395,135.49,-31.51,0.00,-31.51,-0.2326,0.0000,1,1
150153551,late40_r60_n30,dt_ge_2026-03-21_lt_2026-08-07,49,30,0.6122,18,0.3673,119.74,1.37,0.0114,49,30,0.6122,18,31,0,0.3673,119.74,1.37,0.00,1.37,0.0114,0.0000,1,1
150157917,late40_r60_n30,dt_ge_2026-03-21_lt_2026-08-07,80,69,0.8625,18,0.2250,145.57,-50.51,-0.3470,80,69,0.8625,18,60,2,0.2308,145.57,-50.51,0.00,-50.51,-0.3470,0.0000,1,1
150161553,late40_r60_n30,dt_ge_2026-03-21_lt_2026-08-07,104,70,0.6731,14,0.1346,504.57,-50.83,-0.1007,104,70,0.6731,14,88,2,0.1373,504.57,-50.83,0.00,-50.83,-0.1007,0.0000,1,1
150162021,late40_r60_n30,dt_ge_2026-03-21_lt_2026-08-07,41,25,0.6098,14,0.3415,410.04,-72.72,-0.1774,41,25,0.6098,14,21,6,0.4000,410.04,-72.72,0.00,-72.72,-0.1774,0.0000,1,1
150162600,late40_r60_n30,dt_ge_2026-03-21_lt_2026-08-07,44,39,0.8864,17,0.3864,1591.51,363.76,0.2286,44,39,0.8864,17,24,3,0.4146,1591.51,363.76,0.00,363.76,0.2286,0.0000,1,1
150167935,late40_r60_n30,dt_ge_2026-03-21_lt_2026-08-07,49,44,0.8980,16,0.3265,2412.12,478.05,0.1982,49,44,0.8980,16,31,2,0.3404,2412.12,478.05,0.00,478.05,0.1982,0.0000,1,1
150168923,late40_r60_n30,dt_ge_2026-03-21_lt_2026-08-07,36,22,0.6111,12,0.3333,88.22,-26.98,-0.3059,18,11,0.6111,6,10,2,0.3750,44.11,-13.49,0.00,-13.49,-0.3059,0.0000,1,0
150177310,late40_r60_n30,dt_ge_2026-03-21_lt_2026-08-07,1063,648,0.6096,369,0.3471,20689.11,-703.29,-0.0340,836,516,0.6172,293,482,61,0.3781,17628.82,-863.40,0.00,-863.40,-0.0490,0.0000,1,1
150178712,late40_r60_n30,dt_ge_2026-03-21_lt_2026-08-07,60,36,0.6000,15,0.2500,3095.00,265.05,0.0856,60,36,0.6000,15,45,0,0.2500,3095.00,265.05,0.00,265.05,0.0856,0.0000,1,1
150185196,late40_r60_n30,dt_ge_2026-03-21_lt_2026-08-07,336,228,0.6786,74,0.2202,4220.20,-42.54,-0.0101,336,228,0.6786,74,247,15,0.2305,4220.20,-42.54,0.00,-42.54,-0.0101,0.0000,1,1
150186341,late40_r60_n30,dt_ge_2026-03-21_lt_2026-08-07,43,29,0.6744,19,0.4419,3987.12,-247.26,-0.0620,43,29,0.6744,19,18,6,0.5135,3987.12,-247.26,0.00,-247.26,-0.0620,0.0000,1,1
150193436,late40_r60_n30,dt_ge_2026-03-21_lt_2026-08-07,35,35,1.0000,5,0.1429,89.28,38.86,0.4353,35,35,1.0000,5,28,2,0.1515,89.28,38.86,0.00,38.86,0.4353,0.0000,1,1
150196098,late40_r60_n30,dt_ge_2026-03-21_lt_2026-08-07,215,130,0.6047,87,0.4047,59974.17,-9173.02,-0.1529,215,130,0.6047,87,99,29,0.4677,59974.17,-9173.02,0.00,-9173.02,-0.1529,0.0000,1,1
150201236,late40_r60_n30,dt_ge_2026-03-21_lt_2026-08-07,43,43,1.0000,3,0.0698,924.33,-610.68,-0.6607,43,43,1.0000,3,39,1,0.0714,924.33,-610.68,0.00,-610.68,-0.6607,0.0000,1,1
150202364,late40_r60_n30,dt_ge_2026-03-21_lt_2026-08-07,72,46,0.6389,45,0.6250,241.39,75.48,0.3127,72,46,0.6389,45,23,4,0.6618,241.39,75.48,0.00,75.48,0.3127,0.0000,1,1
150202367,late40_r60_n30,dt_ge_2026-03-21_lt_2026-08-07,76,48,0.6316,28,0.3684,254.00,-63.05,-0.2482,76,48,0.6316,28,44,4,0.3889,254.00,-63.05,0.00,-63.05,-0.2482,0.0000,1,1
150203057,late40_r60_n30,dt_ge_2026-03-21_lt_2026-08-07,37,23,0.6216,18,0.4865,2243.27,-156.45,-0.0697,37,23,0.6216,18,16,3,0.5294,2243.27,-156.45,0.00,-156.45,-0.0697,0.0000,1,1
150218051,late40_r60_n30,dt_ge_2026-03-21_lt_2026-08-07,82,80,0.9756,14,0.1707,274.76,-126.04,-0.4587,41,40,0.9756,7,33,1,0.1750,137.38,-63.02,0.00,-63.02,-0.4587,0.0000,1,1
150220268,late40_r60_n30,dt_ge_2026-03-21_lt_2026-08-07,426,280,0.6573,105,0.2465,5311.35,-330.82,-0.0623,426,280,0.6573,105,308,13,0.2542,5311.35,-330.82,0.00,-330.82,-0.0623,0.0000,1,1
150222414,late40_r60_n30,dt_ge_2026-03-21_lt_2026-08-07,33,21,0.6364,17,0.5152,80.43,6.75,0.0839,33,21,0.6364,17,14,2,0.5484,80.43,6.75,0.00,6.75,0.0839,0.0000,1,1
150225032,late40_r60_n30,dt_ge_2026-03-21_lt_2026-08-07,46,28,0.6087,18,0.3913,16857.47,919.34,0.0545,46,28,0.6087,18,21,7,0.4615,16857.47,919.34,151.72,1071.05,0.0545,0.0000,1,1
150225778,late40_r60_n30,dt_ge_2026-03-21_lt_2026-08-07,35,24,0.6857,18,0.5143,436.30,-2.94,-0.0067,35,24,0.6857,18,15,2,0.5455,436.30,-2.94,0.00,-2.94,-0.0067,0.0000,1,1
150230404,late40_r60_n30,dt_ge_2026-03-21_lt_2026-08-07,62,40,0.6452,29,0.4677,23.11,-3.32,-0.1436,40,21,0.5250,18,21,1,0.4615,18.07,-2.84,0.00,-2.84,-0.1570,0.0000,1,0
150232829,late40_r60_n30,dt_ge_2026-03-21_lt_2026-08-07,57,35,0.6140,23,0.4035,2012.63,-219.02,-0.1088,57,35,0.6140,23,28,6,0.4510,2012.63,-219.02,0.00,-219.02,-0.1088,0.0000,1,1
150233019,late40_r60_n30,dt_ge_2026-03-21_lt_2026-08-07,32,22,0.6875,15,0.4688,1104.97,65.11,0.0589,32,22,0.6875,15,13,4,0.5357,1104.97,65.11,0.00,65.11,0.0589,0.0000,1,1
150238951,late40_r60_n30,dt_ge_2026-03-21_lt_2026-08-07,80,62,0.7750,10,0.1250,363.41,-213.84,-0.5884,42,33,0.7857,5,37,0,0.1190,192.21,-117.42,0.00,-117.42,-0.6109,0.0000,1,1
150241705,late40_r60_n30,dt_ge_2026-03-21_lt_2026-08-07,31,20,0.6452,7,0.2258,256.64,-62.08,-0.2419,31,20,0.6452,7,23,1,0.2333,256.64,-62.08,0.00,-62.08,-0.2419,0.0000,1,1
150244115,late40_r60_n30,dt_ge_2026-03-21_lt_2026-08-07,34,23,0.6765,4,0.1176,138.38,-83.86,-0.6060,34,23,0.6765,4,30,0,0.1176,138.38,-83.86,0.00,-83.86,-0.6060,0.0000,1,1
150248386,late40_r60_n30,dt_ge_2026-03-21_lt_2026-08-07,90,56,0.6222,34,0.3778,27316.46,-5274.66,-0.1931,45,28,0.6222,17,26,2,0.3953,13658.23,-2637.33,122.92,-2514.40,-0.1931,0.0000,1,1
150248927,late40_r60_n30,dt_ge_2026-03-21_lt_2026-08-07,30,30,1.0000,8,0.2667,298.29,193.26,0.6479,15,15,1.0000,4,11,0,0.2667,149.14,96.63,0.00,96.63,0.6479,0.0000,1,0
150249338,late40_r60_n30,dt_ge_2026-03-21_lt_2026-08-07,39,24,0.6154,15,0.3846,665.51,-60.56,-0.0910,26,15,0.5769,10,13,3,0.4348,525.66,14.15,0.00,14.15,0.0269,0.0000,1,0
150252028,late40_r60_n30,dt_ge_2026-03-21_lt_2026-08-07,305,228,0.7475,85,0.2787,2173.22,107.47,0.0495,173,114,0.6590,48,111,14,0.3019,1146.02,43.40,0.00,43.40,0.0379,0.0000,1,1
150255676,late40_r60_n30,dt_ge_2026-03-21_lt_2026-08-07,32,24,0.7500,12,0.3750,300.00,116.00,0.3867,16,12,0.7500,6,8,2,0.4286,150.00,58.00,0.00,58.00,0.3867,0.0000,1,0
150257675,late40_r60_n30,dt_ge_2026-03-21_lt_2026-08-07,46,28,0.6087,24,0.5217,64.67,6.69,0.1034,23,14,0.6087,12,9,2,0.5714,32.33,3.34,0.00,3.34,0.1034,0.0000,1,0
150258852,late40_r60_n30,dt_ge_2026-03-21_lt_2026-08-07,33,19,0.5758,10,0.3030,313.38,37.53,0.1198,31,19,0.6129,9,20,2,0.3103,301.71,41.42,0.00,41.42,0.1373,0.0000,0,1
150259438,late40_r60_n30,dt_ge_2026-03-21_lt_2026-08-07,30,30,1.0000,6,0.2000,357.11,105.03,0.2941,15,15,1.0000,3,11,1,0.2143,178.55,52.52,1.61,54.12,0.2941,0.0000,1,0
150266107,late40_r60_n30,dt_ge_2026-03-21_lt_2026-08-07,80,74,0.9250,15,0.1875,101.37,-9.36,-0.0923,43,37,0.8605,8,34,1,0.1905,53.90,-4.85,0.00,-4.85,-0.0900,0.0000,1,1
150273545,late40_r60_n30,dt_ge_2026-03-21_lt_2026-08-07,56,34,0.6071,18,0.3214,2066.84,-245.47,-0.1188,28,17,0.6071,9,14,5,0.3913,1033.42,-122.74,0.00,-122.74,-0.1188,0.0000,1,0
150273596,late40_r60_n30,dt_ge_2026-03-21_lt_2026-08-07,32,22,0.6875,10,0.3125,959.47,-64.60,-0.0673,16,11,0.6875,5,8,3,0.3846,479.74,-32.30,0.00,-32.30,-0.0673,0.0000,1,0
150273650,late40_r60_n30,dt_ge_2026-03-21_lt_2026-08-07,32,26,0.8125,14,0.4375,2338.75,525.58,0.2247,16,13,0.8125,7,7,2,0.5000,1169.37,262.79,0.00,262.79,0.2247,0.0000,1,0
150273656,late40_r60_n30,dt_ge_2026-03-21_lt_2026-08-07,79,59,0.7468,10,0.1266,486.71,-236.63,-0.4862,69,59,0.8551,8,58,3,0.1212,408.99,-199.87,0.00,-199.87,-0.4887,0.0000,1,1
150273737,late40_r60_n30,dt_ge_2026-03-21_lt_2026-08-07,42,30,0.7143,18,0.4286,1942.30,-291.19,-0.1499,21,15,0.7143,9,9,3,0.5000,971.15,-145.59,0.00,-145.59,-0.1499,0.0000,1,0
150274157,late40_r60_n30,dt_ge_2026-03-21_lt_2026-08-07,36,24,0.6667,14,0.3889,451.46,-89.51,-0.1983,18,12,0.6667,7,11,0,0.3889,225.73,-44.76,0.00,-44.76,-0.1983,0.0000,1,0
150277509,late40_r60_n30,dt_ge_2026-03-21_lt_2026-08-07,58,52,0.8966,8,0.1379,281.90,-63.44,-0.2250,29,26,0.8966,4,24,1,0.1429,140.95,-31.72,0.00,-31.72,-0.2250,0.0000,1,0
150280132,late40_r60_n30,dt_ge_2026-03-21_lt_2026-08-07,68,54,0.7941,22,0.3235,1312.85,614.14,0.4678,34,27,0.7941,11,21,2,0.3438,656.43,307.07,0.00,307.07,0.4678,0.0000,1,1
150280712,late40_r60_n30,dt_ge_2026-03-21_lt_2026-08-07,41,27,0.6585,23,0.5610,128.01,14.07,0.1099,38,24,0.6316,22,16,0,0.5789,120.23,16.80,0.00,16.80,0.1397,0.0000,1,1
150280924,late40_r60_n30,dt_ge_2026-03-21_lt_2026-08-07,60,46,0.7667,22,0.3667,780.97,163.46,0.2093,42,30,0.7143,16,23,3,0.4103,640.86,154.64,0.00,154.64,0.2413,0.0000,1,1
150281407,late40_r60_n30,dt_ge_2026-03-21_lt_2026-08-07,34,32,0.9412,16,0.4706,2956.15,-175.57,-0.0594,17,16,0.9412,8,8,1,0.5000,1478.07,-87.78,0.00,-87.78,-0.0594,0.0000,1,0
150282394,late40_r60_n30,dt_ge_2026-03-21_lt_2026-08-07,97,62,0.6392,51,0.5258,1217.63,-39.61,-0.0325,56,33,0.5893,30,23,3,0.5660,768.25,78.43,0.00,78.43,0.1021,0.0000,1,0
150283034,late40_r60_n30,dt_ge_2026-03-21_lt_2026-08-07,118,75,0.6356,42,0.3559,4971.20,-444.45,-0.0894,61,38,0.6230,22,35,4,0.3860,2537.49,-228.19,0.00,-228.19,-0.0899,0.0000,1,1
150285747,late40_r60_n30,dt_ge_2026-03-21_lt_2026-08-07,36,22,0.6111,10,0.2778,752.43,259.46,0.3448,18,11,0.6111,5,12,1,0.2941,376.21,129.73,0.00,129.73,0.3448,0.0000,1,0
150286378,late40_r60_n30,dt_ge_2026-03-21_lt_2026-08-07,61,43,0.7049,12,0.1967,4420.35,123.36,0.0279,61,43,0.7049,12,45,4,0.2105,4420.35,123.36,0.00,123.36,0.0279,0.0000,1,1
150286514,late40_r60_n30,dt_ge_2026-03-21_lt_2026-08-07,38,24,0.6316,12,0.3158,321.73,-72.65,-0.2258,19,12,0.6316,6,10,3,0.3750,160.86,-36.32,0.00,-36.32,-0.2258,0.0000,1,0
150289330,late40_r60_n30,dt_ge_2026-03-21_lt_2026-08-07,78,54,0.6923,38,0.4872,259.46,25.95,0.1000,39,27,0.6923,19,13,7,0.5938,129.73,12.97,0.00,12.97,0.1000,0.0000,1,1
150290234,late40_r60_n30,dt_ge_2026-03-21_lt_2026-08-07,33,20,0.6061,9,0.2727,153.08,-39.83,-0.2602,33,20,0.6061,9,24,0,0.2727,153.08,-39.83,0.00,-39.83,-0.2602,0.0000,1,1
150290365,late40_r60_n30,dt_ge_2026-03-21_lt_2026-08-07,54,34,0.6296,29,0.5370,1218.04,257.80,0.2116,34,21,0.6176,18,12,4,0.6000,751.02,165.69,0.00,165.69,0.2206,0.0000,1,1
150290862,late40_r60_n30,dt_ge_2026-03-21_lt_2026-08-07,60,38,0.6333,38,0.6333,548.68,204.47,0.3727,30,19,0.6333,19,9,2,0.6786,274.34,102.24,0.00,102.24,0.3727,0.0000,1,1
150292081,late40_r60_n30,dt_ge_2026-03-21_lt_2026-08-07,38,38,1.0000,4,0.1053,158.27,-106.38,-0.6721,19,19,1.0000,2,16,1,0.1111,79.13,-53.19,0.00,-53.19,-0.6721,0.0000,1,0
150296700,late40_r60_n30,dt_ge_2026-03-21_lt_2026-08-07,37,23,0.6216,3,0.0811,415.22,-325.60,-0.7842,23,12,0.5217,2,19,2,0.0952,284.99,-236.33,0.00,-236.33,-0.8293,0.0000,1,0
150297837,late40_r60_n30,dt_ge_2026-03-21_lt_2026-08-07,92,57,0.6196,42,0.4565,974.77,154.94,0.1589,90,57,0.6333,41,35,14,0.5395,959.20,160.13,0.00,160.13,0.1669,0.0000,1,1
150301824,late40_r60_n30,dt_ge_2026-03-21_lt_2026-08-07,38,26,0.6842,15,0.3947,396.71,101.11,0.2549,38,26,0.6842,15,20,3,0.4286,396.71,101.11,0.00,101.11,0.2549,0.0000,1,1
150302326,late40_r60_n30,dt_ge_2026-03-21_lt_2026-08-07,51,32,0.6275,24,0.4706,1567.12,52.54,0.0335,51,32,0.6275,24,20,7,0.5455,1567.12,52.54,0.00,52.54,0.0335,0.0000,1,1
150313903,late40_r60_n30,dt_ge_2026-03-21_lt_2026-08-07,44,30,0.6818,22,0.5000,501.84,55.77,0.1111,44,30,0.6818,22,21,1,0.5116,501.84,55.77,0.00,55.77,0.1111,0.0000,1,1
150316474,late40_r60_n30,dt_ge_2026-03-21_lt_2026-08-07,33,20,0.6061,18,0.5455,5454.00,1789.50,0.3281,33,20,0.6061,18,12,3,0.6000,5454.00,1789.50,0.00,1789.50,0.3281,0.0000,1,1
150321466,late40_r60_n30,dt_ge_2026-03-21_lt_2026-08-07,58,35,0.6034,4,0.0690,595.00,-105.00,-0.1765,58,35,0.6034,4,54,0,0.0690,595.00,-105.00,0.00,-105.00,-0.1765,0.0000,1,1
150322105,late40_r60_n30,dt_ge_2026-03-21_lt_2026-08-07,69,48,0.6957,8,0.1159,850.75,-63.02,-0.0741,69,48,0.6957,8,55,6,0.1270,850.75,-63.02,0.00,-63.02,-0.0741,0.0000,1,1
150326477,late40_r60_n30,dt_ge_2026-03-21_lt_2026-08-07,31,19,0.6129,5,0.1613,380.59,223.73,0.5878,31,19,0.6129,5,23,3,0.1786,380.59,223.73,0.00,223.73,0.5878,0.0000,1,1
150326657,late40_r60_n30,dt_ge_2026-03-21_lt_2026-08-07,34,21,0.6176,4,0.1176,242.20,31.76,0.1311,34,21,0.6176,4,28,2,0.1250,242.20,31.76,0.00,31.76,0.1311,0.0000,1,1
150330766,late40_r60_n30,dt_ge_2026-03-21_lt_2026-08-07,51,46,0.9020,18,0.3529,776.39,21.85,0.0281,51,46,0.9020,18,31,2,0.3673,776.39,21.85,0.00,21.85,0.0281,0.0000,1,1
150331338,late40_r60_n30,dt_ge_2026-03-21_lt_2026-08-07,47,34,0.7234,20,0.4255,640.86,311.87,0.4866,47,34,0.7234,20,23,4,0.4651,640.86,311.87,0.00,311.87,0.4866,0.0000,1,1
150333167,late40_r60_n30,dt_ge_2026-03-21_lt_2026-08-07,48,29,0.6042,9,0.1875,1308.38,-499.87,-0.3820,48,29,0.6042,9,38,1,0.1915,1308.38,-499.87,0.00,-499.87,-0.3820,0.0000,1,1
150335982,late40_r60_n30,dt_ge_2026-03-21_lt_2026-08-07,43,27,0.6279,8,0.1860,154.40,72.47,0.4694,43,27,0.6279,8,35,0,0.1860,154.40,72.47,0.00,72.47,0.4694,0.0000,1,1
150339311,late40_r60_n30,dt_ge_2026-03-21_lt_2026-08-07,103,76,0.7379,33,0.3204,3978.12,-445.06,-0.1119,103,76,0.7379,33,64,6,0.3402,3978.12,-445.06,0.00,-445.06,-0.1119,0.0000,1,1
150347984,late40_r60_n30,dt_ge_2026-03-21_lt_2026-08-07,30,30,1.0000,6,0.2000,317.32,-132.06,-0.4162,30,30,1.0000,6,19,5,0.2400,317.32,-132.06,0.00,-132.06,-0.4162,0.0000,1,1
150353902,late40_r60_n30,dt_ge_2026-03-21_lt_2026-08-07,179,114,0.6369,81,0.4525,4442.88,205.03,0.0461,179,114,0.6369,81,82,16,0.4969,4442.88,205.03,0.00,205.03,0.0461,0.0000,1,1
150353982,late40_r60_n30,dt_ge_2026-03-21_lt_2026-08-07,81,54,0.6667,19,0.2346,657.98,-100.84,-0.1533,81,54,0.6667,19,57,5,0.2500,657.98,-100.84,0.00,-100.84,-0.1533,0.0000,1,1
150354868,late40_r60_n30,dt_ge_2026-03-21_lt_2026-08-07,64,44,0.6875,15,0.2344,3328.84,-193.94,-0.0583,64,44,0.6875,15,43,6,0.2586,3328.84,-193.94,0.00,-193.94,-0.0583,0.0000,1,1
150357464,late40_r60_n30,dt_ge_2026-03-21_lt_2026-08-07,38,25,0.6579,12,0.3158,288.95,86.39,0.2990,38,25,0.6579,12,25,1,0.3243,288.95,86.39,0.00,86.39,0.2990,0.0000,1,1
150366746,late40_r60_n30,dt_ge_2026-03-21_lt_2026-08-07,35,22,0.6286,14,0.4000,68.92,-7.64,-0.1108,35,22,0.6286,14,17,4,0.4516,68.92,-7.64,0.00,-7.64,-0.1108,0.0000,1,1
150371304,late40_r60_n30,dt_ge_2026-03-21_lt_2026-08-07,45,30,0.6667,10,0.2222,214.89,-87.60,-0.4076,45,30,0.6667,10,34,1,0.2273,214.89,-87.60,0.00,-87.60,-0.4076,0.0000,1,1
150373224,late40_r60_n30,dt_ge_2026-03-21_lt_2026-08-07,34,29,0.8529,7,0.2059,184.85,40.44,0.2188,34,29,0.8529,7,26,1,0.2121,184.85,40.44,0.00,40.44,0.2188,0.0000,1,1
150383300,late40_r60_n30,dt_ge_2026-03-21_lt_2026-08-07,43,27,0.6279,22,0.5116,544.86,70.05,0.1286,43,27,0.6279,22,17,4,0.5641,544.86,70.05,0.00,70.05,0.1286,0.0000,1,1
150383634,late40_r60_n30,dt_ge_2026-03-21_lt_2026-08-07,52,32,0.6154,23,0.4423,2614.74,-330.56,-0.1264,52,32,0.6154,23,25,4,0.4792,2614.74,-330.56,0.00,-330.56,-0.1264,0.0000,1,1
150400572,late40_r60_n30,dt_ge_2026-03-21_lt_2026-08-07,64,52,0.8125,26,0.4063,392.82,155.45,0.3957,64,52,0.8125,26,34,4,0.4333,392.82,155.45,0.00,155.45,0.3957,0.0000,1,1
150401330,late40_r60_n30,dt_ge_2026-03-21_lt_2026-08-07,35,21,0.6000,20,0.5714,288.00,46.18,0.1604,35,21,0.6000,20,12,3,0.6250,288.00,46.18,0.00,46.18,0.1604,0.0000,1,1
150409050,late40_r60_n30,dt_ge_2026-03-21_lt_2026-08-07,48,45,0.9375,4,0.0833,13.02,-0.42,-0.0323,48,45,0.9375,4,44,0,0.0833,13.02,-0.42,0.00,-0.42,-0.0323,0.0000,1,1
150411767,late40_r60_n30,dt_ge_2026-03-21_lt_2026-08-07,44,33,0.7500,20,0.4545,2653.08,-210.06,-0.0792,44,33,0.7500,20,21,3,0.4878,2653.08,-210.06,21.22,-188.84,-0.0792,0.0000,1,1
150413168,late40_r60_n30,dt_ge_2026-03-21_lt_2026-08-07,34,33,0.9706,7,0.2059,779.87,-59.19,-0.0759,34,33,0.9706,7,27,0,0.2059,779.87,-59.19,0.00,-59.19,-0.0759,0.0000,1,1
150416668,late40_r60_n30,dt_ge_2026-03-21_lt_2026-08-07,85,51,0.6000,20,0.2353,2606.66,277.70,0.1065,85,51,0.6000,20,62,3,0.2439,2606.66,277.70,0.00,277.70,0.1065,0.0000,1,1
150418606,late40_r60_n30,dt_ge_2026-03-21_lt_2026-08-07,53,48,0.9057,26,0.4906,3390.42,-411.40,-0.1213,53,48,0.9057,26,24,3,0.5200,3390.42,-411.40,0.00,-411.40,-0.1213,0.0000,1,1
150428147,late40_r60_n30,dt_ge_2026-03-21_lt_2026-08-07,34,28,0.8235,5,0.1471,181.62,-38.01,-0.2093,34,28,0.8235,5,29,0,0.1471,181.62,-38.01,0.00,-38.01,-0.2093,0.0000,1,1
150443403,late40_r60_n30,dt_ge_2026-03-21_lt_2026-08-07,90,62,0.6889,19,0.2111,382.31,-23.00,-0.0602,90,62,0.6889,19,70,1,0.2135,382.31,-23.00,0.00,-23.00,-0.0602,0.0000,1,1
150446985,late40_r60_n30,dt_ge_2026-03-21_lt_2026-08-07,35,21,0.6000,13,0.3714,129.61,-12.50,-0.0964,35,21,0.6000,13,19,3,0.4063,129.61,-12.50,0.00,-12.50,-0.0964,0.0000,1,1
150463153,late40_r60_n30,dt_ge_2026-03-21_lt_2026-08-07,40,27,0.6750,13,0.3250,2633.71,-957.83,-0.3637,40,27,0.6750,13,26,1,0.3333,2633.71,-957.83,0.00,-957.83,-0.3637,0.0000,1,1
150468265,late40_r60_n30,dt_ge_2026-03-21_lt_2026-08-07,32,21,0.6563,12,0.3750,1060.66,-156.06,-0.1471,32,21,0.6563,12,19,1,0.3871,1060.66,-156.06,0.00,-156.06,-0.1471,0.0000,1,1
150470333,late40_r60_n30,dt_ge_2026-03-21_lt_2026-08-07,58,37,0.6379,13,0.2241,521.46,-14.36,-0.0275,58,37,0.6379,13,44,1,0.2281,521.46,-14.36,0.00,-14.36,-0.0275,0.0000,1,1
150472054,late40_r60_n30,dt_ge_2026-03-21_lt_2026-08-07,38,23,0.6053,11,0.2895,890.20,-162.10,-0.1821,38,23,0.6053,11,25,2,0.3056,890.20,-162.10,0.00,-162.10,-0.1821,0.0000,1,1
150479669,late40_r60_n30,dt_ge_2026-03-21_lt_2026-08-07,31,23,0.7419,15,0.4839,312.57,-28.25,-0.0904,31,23,0.7419,15,15,1,0.5000,312.57,-28.25,0.00,-28.25,-0.0904,0.0000,1,1
150492567,late40_r60_n30,dt_ge_2026-03-21_lt_2026-08-07,34,23,0.6765,9,0.2647,1815.68,-103.52,-0.0570,34,23,0.6765,9,23,2,0.2813,1815.68,-103.52,0.00,-103.52,-0.0570,0.0000,1,1
150495640,late40_r60_n30,dt_ge_2026-03-21_lt_2026-08-07,33,29,0.8788,15,0.4545,2071.14,112.03,0.0541,33,29,0.8788,15,18,0,0.4545,2071.14,112.03,0.00,112.03,0.0541,0.0000,1,1
150504743,late40_r60_n30,dt_ge_2026-03-21_lt_2026-08-07,98,60,0.6122,39,0.3980,2213.35,-345.66,-0.1562,98,60,0.6122,39,54,5,0.4194,2213.35,-345.66,0.00,-345.66,-0.1562,0.0000,1,1
150505362,late40_r60_n30,dt_ge_2026-03-21_lt_2026-08-07,41,33,0.8049,12,0.2927,350.80,28.67,0.0817,41,33,0.8049,12,23,6,0.3429,350.80,28.67,2.81,31.48,0.0817,0.0000,1,1
150513144,late40_r60_n30,dt_ge_2026-03-21_lt_2026-08-07,108,66,0.6111,18,0.1667,134.23,11.70,0.0872,108,66,0.6111,18,87,3,0.1714,134.23,11.70,0.00,11.70,0.0872,0.0000,1,1
150519148,late40_r60_n30,dt_ge_2026-03-21_lt_2026-08-07,57,37,0.6491,14,0.2456,3342.09,-420.12,-0.1257,57,37,0.6491,14,38,5,0.2692,3342.09,-420.12,0.00,-420.12,-0.1257,0.0000,1,1
150546360,late40_r60_n30,dt_ge_2026-03-21_lt_2026-08-07,56,40,0.7143,14,0.2500,2811.05,506.88,0.1803,56,40,0.7143,14,41,1,0.2545,2811.05,506.88,0.00,506.88,0.1803,0.0000,1,1
150575711,late40_r60_n30,dt_ge_2026-03-21_lt_2026-08-07,43,26,0.6047,17,0.3953,675.28,-143.35,-0.2123,43,26,0.6047,17,21,5,0.4474,675.28,-143.35,0.00,-143.35,-0.2123,0.0000,1,1
150577800,late40_r60_n30,dt_ge_2026-03-21_lt_2026-08-07,36,30,0.8333,2,0.0556,176.08,-52.15,-0.2962,36,30,0.8333,2,34,0,0.0556,176.08,-52.15,0.00,-52.15,-0.2962,0.0000,1,1
150585490,late40_r60_n30,dt_ge_2026-03-21_lt_2026-08-07,39,24,0.6154,18,0.4615,377.99,43.11,0.1140,39,24,0.6154,18,18,3,0.5000,377.99,43.11,0.00,43.11,0.1140,0.0000,1,1
150601189,late40_r60_n30,dt_ge_2026-03-21_lt_2026-08-07,34,21,0.6176,22,0.6471,439.54,162.13,0.3689,34,21,0.6176,22,11,1,0.6667,439.54,162.13,0.00,162.13,0.3689,0.0000,1,1
150605208,late40_r60_n30,dt_ge_2026-03-21_lt_2026-08-07,105,75,0.7143,20,0.1905,2455.67,-634.99,-0.2586,105,75,0.7143,20,83,2,0.1942,2455.67,-634.99,0.00,-634.99,-0.2586,0.0000,1,1
150620613,late40_r60_n30,dt_ge_2026-03-21_lt_2026-08-07,30,24,0.8000,12,0.4000,389.45,-91.55,-0.2351,30,24,0.8000,12,16,2,0.4286,389.45,-91.55,3.51,-88.04,-0.2351,0.0000,1,1
150624691,late40_r60_n30,dt_ge_2026-03-21_lt_2026-08-07,31,23,0.7419,8,0.2581,203.76,97.68,0.4794,31,23,0.7419,8,22,1,0.2667,203.76,97.68,0.00,97.68,0.4794,0.0000,1,1
150639416,late40_r60_n30,dt_ge_2026-03-21_lt_2026-08-07,39,39,1.0000,7,0.1795,86.13,17.75,0.2061,39,39,1.0000,7,31,1,0.1842,86.13,17.75,0.00,17.75,0.2061,0.0000,1,1
150640816,late40_r60_n30,dt_ge_2026-03-21_lt_2026-08-07,48,42,0.8750,4,0.0833,269.93,-171.67,-0.6360,48,42,0.8750,4,43,1,0.0851,269.93,-171.67,0.81,-170.86,-0.6360,0.0000,1,1
150646585,late40_r60_n30,dt_ge_2026-03-21_lt_2026-08-07,87,53,0.6092,38,0.4368,5285.58,-63.07,-0.0119,87,53,0.6092,38,43,6,0.4691,5285.58,-63.07,0.00,-63.07,-0.0119,0.0000,1,1
150647980,late40_r60_n30,dt_ge_2026-03-21_lt_2026-08-07,38,26,0.6842,17,0.4474,441.08,-5.19,-0.0118,38,26,0.6842,17,17,4,0.5000,441.08,-5.19,0.00,-5.19,-0.0118,0.0000,1,1
150653681,late40_r60_n30,dt_ge_2026-03-21_lt_2026-08-07,218,166,0.7615,39,0.1789,419.07,-48.31,-0.1153,218,166,0.7615,39,170,9,0.1866,419.07,-48.31,0.00,-48.31,-0.1153,0.0000,1,1
150658380,late40_r60_n30,dt_ge_2026-03-21_lt_2026-08-07,71,51,0.7183,21,0.2958,554.51,120.31,0.2170,71,51,0.7183,21,42,8,0.3333,554.51,120.31,0.00,120.31,0.2170,0.0000,1,1
150662632,late40_r60_n30,dt_ge_2026-03-21_lt_2026-08-07,31,20,0.6452,16,0.5161,956.70,331.87,0.3469,31,20,0.6452,16,15,0,0.5161,956.70,331.87,0.00,331.87,0.3469,0.0000,1,1
150668091,late40_r60_n30,dt_ge_2026-03-21_lt_2026-08-07,31,22,0.7097,7,0.2258,549.92,-162.65,-0.2958,31,22,0.7097,7,24,0,0.2258,549.92,-162.65,0.00,-162.65,-0.2958,0.0000,1,1
150669853,late40_r60_n30,dt_ge_2026-03-21_lt_2026-08-07,46,34,0.7391,14,0.3043,547.00,-113.00,-0.2066,46,34,0.7391,14,27,5,0.3415,547.00,-113.00,0.00,-113.00,-0.2066,0.0000,1,1
150670538,late40_r60_n30,dt_ge_2026-03-21_lt_2026-08-07,40,38,0.9500,7,0.1750,308.79,-29.09,-0.0942,40,38,0.9500,7,33,0,0.1750,308.79,-29.09,0.00,-29.09,-0.0942,0.0000,1,1
150686460,late40_r60_n30,dt_ge_2026-03-21_lt_2026-08-07,31,20,0.6452,10,0.3226,942.00,-212.35,-0.2254,31,20,0.6452,10,20,1,0.3333,942.00,-212.35,0.00,-212.35,-0.2254,0.0000,1,1
150691964,late40_r60_n30,dt_ge_2026-03-21_lt_2026-08-07,38,24,0.6316,13,0.3421,6463.16,71.87,0.0111,38,24,0.6316,13,22,3,0.3714,6463.16,71.87,0.00,71.87,0.0111,0.0000,1,1
150692118,late40_r60_n30,dt_ge_2026-03-21_lt_2026-08-07,47,40,0.8511,6,0.1277,312.99,-73.52,-0.2349,47,40,0.8511,6,40,1,0.1304,312.99,-73.52,0.00,-73.52,-0.2349,0.0000,1,1
150693328,late40_r60_n30,dt_ge_2026-03-21_lt_2026-08-07,58,41,0.7069,21,0.3621,1401.99,-153.69,-0.1096,58,41,0.7069,21,34,3,0.3818,1401.99,-153.69,0.00,-153.69,-0.1096,0.0000,1,1
150703423,late40_r60_n30,dt_ge_2026-03-21_lt_2026-08-07,35,23,0.6571,2,0.0571,245.45,-130.25,-0.5307,35,23,0.6571,2,30,3,0.0625,245.45,-130.25,0.00,-130.25,-0.5307,0.0000,1,1
150705490,late40_r60_n30,dt_ge_2026-03-21_lt_2026-08-07,44,29,0.6591,8,0.1818,75.62,-15.23,-0.2014,44,29,0.6591,8,34,2,0.1905,75.62,-15.23,0.00,-15.23,-0.2014,0.0000,1,1
150708880,late40_r60_n30,dt_ge_2026-03-21_lt_2026-08-07,35,35,1.0000,6,0.1714,191.16,-86.13,-0.4505,35,35,1.0000,6,29,0,0.1714,191.16,-86.13,0.00,-86.13,-0.4505,0.0000,1,1
150717088,late40_r60_n30,dt_ge_2026-03-21_lt_2026-08-07,38,38,1.0000,3,0.0789,238.42,-125.93,-0.5282,38,38,1.0000,3,34,1,0.0811,238.42,-125.93,0.00,-125.93,-0.5282,0.0000,1,1
150730402,late40_r60_n30,dt_ge_2026-03-21_lt_2026-08-07,35,35,1.0000,10,0.2857,1567.12,548.10,0.3498,35,35,1.0000,10,24,1,0.2941,1567.12,548.10,0.00,548.10,0.3498,0.0000,1,1
150736674,late40_r60_n30,dt_ge_2026-03-21_lt_2026-08-07,30,27,0.9000,7,0.2333,1133.40,-300.78,-0.2654,30,27,0.9000,7,22,1,0.2414,1133.40,-300.78,0.00,-300.78,-0.2654,0.0000,1,1
150737332,late40_r60_n30,dt_ge_2026-03-21_lt_2026-08-07,50,43,0.8600,31,0.6200,428.10,87.57,0.2045,50,43,0.8600,31,19,0,0.6200,428.10,87.57,0.00,87.57,0.2045,0.0000,1,1
150738520,late40_r60_n30,dt_ge_2026-03-21_lt_2026-08-07,110,67,0.6091,30,0.2727,64.28,17.77,0.2765,110,67,0.6091,30,77,3,0.2804,64.28,17.77,0.00,17.77,0.2765,0.0000,1,1
150738883,late40_r60_n30,dt_ge_2026-03-21_lt_2026-08-07,52,36,0.6923,11,0.2115,415.43,20.77,0.0500,52,36,0.6923,11,39,2,0.2200,415.43,20.77,0.00,20.77,0.0500,0.0000,1,1
150740535,late40_r60_n30,dt_ge_2026-03-21_lt_2026-08-07,60,44,0.7333,13,0.2167,443.23,110.28,0.2488,60,44,0.7333,13,46,1,0.2203,443.23,110.28,0.00,110.28,0.2488,0.0000,1,1
150741398,late40_r60_n30,dt_ge_2026-03-21_lt_2026-08-07,73,49,0.6712,20,0.2740,880.95,127.56,0.1448,73,49,0.6712,20,51,2,0.2817,880.95,127.56,0.00,127.56,0.1448,0.0000,1,1
150741878,late40_r60_n30,dt_ge_2026-03-21_lt_2026-08-07,109,70,0.6422,17,0.1560,402.48,41.38,0.1028,109,70,0.6422,17,91,1,0.1574,402.48,41.38,0.00,41.38,0.1028,0.0000,1,1
150744758,late40_r60_n30,dt_ge_2026-03-21_lt_2026-08-07,58,49,0.8448,11,0.1897,2540.56,408.04,0.1606,58,49,0.8448,11,46,1,0.1930,2540.56,408.04,0.00,408.04,0.1606,0.0000,1,1
150748438,late40_r60_n30,dt_ge_2026-03-21_lt_2026-08-07,35,35,1.0000,5,0.1429,8976.44,-2615.07,-0.2913,35,35,1.0000,5,30,0,0.1429,8976.44,-2615.07,0.00,-2615.07,-0.2913,0.0000,1,1
150749518,late40_r60_n30,dt_ge_2026-03-21_lt_2026-08-07,51,31,0.6078,11,0.2157,233.25,-51.11,-0.2191,51,31,0.6078,11,35,5,0.2391,233.25,-51.11,0.00,-51.11,-0.2191,0.0000,1,1
150755792,late40_r60_n30,dt_ge_2026-03-21_lt_2026-08-07,78,50,0.6410,8,0.1026,1236.75,-524.14,-0.4238,78,50,0.6410,8,69,1,0.1039,1236.75,-524.14,0.00,-524.14,-0.4238,0.0000,1,1
150756896,late40_r60_n30,dt_ge_2026-03-21_lt_2026-08-07,33,22,0.6667,14,0.4242,369.29,138.11,0.3740,33,22,0.6667,14,17,2,0.4516,369.29,138.11,0.00,138.11,0.3740,0.0000,1,1
150763167,late40_r60_n30,dt_ge_2026-03-21_lt_2026-08-07,33,25,0.7576,15,0.4545,388.61,-17.86,-0.0459,33,25,0.7576,15,17,1,0.4688,388.61,-17.86,0.00,-17.86,-0.0459,0.0000,1,1
150764565,late40_r60_n30,dt_ge_2026-03-21_lt_2026-08-07,30,20,0.6667,15,0.5000,913.81,18.16,0.0199,30,20,0.6667,15,13,2,0.5357,913.81,18.16,0.00,18.16,0.0199,0.0000,1,1
150769402,late40_r60_n30,dt_ge_2026-03-21_lt_2026-08-07,46,28,0.6087,22,0.4783,561.08,60.73,0.1082,46,28,0.6087,22,21,3,0.5116,561.08,60.73,0.00,60.73,0.1082,0.0000,1,1
150771443,late40_r60_n30,dt_ge_2026-03-21_lt_2026-08-07,56,41,0.7321,17,0.3036,2672.00,-697.00,-0.2609,56,41,0.7321,17,26,13,0.3953,2672.00,-697.00,0.00,-697.00,-0.2609,0.0000,1,1
150775241,late40_r60_n30,dt_ge_2026-03-21_lt_2026-08-07,33,20,0.6061,16,0.4848,2003.01,270.22,0.1349,33,20,0.6061,16,14,3,0.5333,2003.01,270.22,0.00,270.22,0.1349,0.0000,1,1
150783884,late40_r60_n30,dt_ge_2026-03-21_lt_2026-08-07,36,30,0.8333,20,0.5556,541.69,45.60,0.0842,36,30,0.8333,20,16,0,0.5556,541.69,45.60,0.00,45.60,0.0842,0.0000,1,1
150784280,late40_r60_n30,dt_ge_2026-03-21_lt_2026-08-07,30,21,0.7000,6,0.2000,596.69,-219.29,-0.3675,30,21,0.7000,6,24,0,0.2000,596.69,-219.29,0.00,-219.29,-0.3675,0.0000,1,1
150785526,late40_r60_n30,dt_ge_2026-03-21_lt_2026-08-07,62,40,0.6452,13,0.2097,64.65,23.50,0.3635,62,40,0.6452,13,48,1,0.2131,64.65,23.50,0.00,23.50,0.3635,0.0000,1,1
150800674,late40_r60_n30,dt_ge_2026-03-21_lt_2026-08-07,86,56,0.6512,32,0.3721,7766.65,-1163.27,-0.1498,86,56,0.6512,32,50,4,0.3902,7766.65,-1163.27,0.00,-1163.27,-0.1498,0.0000,1,1
150801951,late40_r60_n30,dt_ge_2026-03-21_lt_2026-08-07,70,52,0.7429,40,0.5714,558.35,121.43,0.2175,70,52,0.7429,40,26,4,0.6061,558.35,121.43,0.00,121.43,0.2175,0.0000,1,1
150806262,late40_r60_n30,dt_ge_2026-03-21_lt_2026-08-07,47,36,0.7660,13,0.2766,210.16,11.94,0.0568,47,36,0.7660,13,31,3,0.2955,210.16,11.94,0.00,11.94,0.0568,0.0000,1,1
150817651,late40_r60_n30,dt_ge_2026-03-21_lt_2026-08-07,48,37,0.7708,14,0.2917,138.64,41.70,0.3008,48,37,0.7708,14,33,1,0.2979,138.64,41.70,0.00,41.70,0.3008,0.0000,1,1
150821480,late40_r60_n30,dt_ge_2026-03-21_lt_2026-08-07,46,29,0.6304,25,0.5435,773.18,289.81,0.3748,46,29,0.6304,25,18,3,0.5814,773.18,289.81,0.00,289.81,0.3748,0.0000,1,1
150824303,late40_r60_n30,dt_ge_2026-03-21_lt_2026-08-07,55,34,0.6182,29,0.5273,3921.72,2082.48,0.5310,55,34,0.6182,29,24,2,0.5472,3921.72,2082.48,0.00,2082.48,0.5310,0.0000,1,1
150830982,late40_r60_n30,dt_ge_2026-03-21_lt_2026-08-07,31,20,0.6452,19,0.6129,527.59,188.09,0.3565,31,20,0.6452,19,11,1,0.6333,527.59,188.09,0.00,188.09,0.3565,0.0000,1,1
150831918,late40_r60_n30,dt_ge_2026-03-21_lt_2026-08-07,35,22,0.6286,20,0.5714,419.16,65.06,0.1552,35,22,0.6286,20,15,0,0.5714,419.16,65.06,0.00,65.06,0.1552,0.0000,1,1
150832700,late40_r60_n30,dt_ge_2026-03-21_lt_2026-08-07,32,23,0.7188,8,0.2500,1213.88,603.20,0.4969,32,23,0.7188,8,24,0,0.2500,1213.88,603.20,0.00,603.20,0.4969,0.0000,1,1
150836296,late40_r60_n30,dt_ge_2026-03-21_lt_2026-08-07,30,23,0.7667,5,0.1667,622.00,-568.00,-0.9132,30,23,0.7667,5,20,5,0.2000,622.00,-568.00,0.00,-568.00,-0.9132,0.0000,1,1
150838533,late40_r60_n30,dt_ge_2026-03-21_lt_2026-08-07,54,39,0.7222,14,0.2593,635.69,-37.80,-0.0595,54,39,0.7222,14,38,2,0.2692,635.69,-37.80,0.00,-37.80,-0.0595,0.0000,1,1
150838689,late40_r60_n30,dt_ge_2026-03-21_lt_2026-08-07,33,28,0.8485,19,0.5758,79.72,17.23,0.2161,33,28,0.8485,19,12,2,0.6129,79.72,17.23,0.00,17.23,0.2161,0.0000,1,1
150839246,late40_r60_n30,dt_ge_2026-03-21_lt_2026-08-07,50,30,0.6000,25,0.5000,1078.66,-33.75,-0.0313,50,30,0.6000,25,20,5,0.5556,1078.66,-33.75,0.00,-33.75,-0.0313,0.0000,1,1
150839844,late40_r60_n30,dt_ge_2026-03-21_lt_2026-08-07,41,37,0.9024,14,0.3415,601.49,252.57,0.4199,41,37,0.9024,14,24,3,0.3684,601.49,252.57,0.00,252.57,0.4199,0.0000,1,1
150841373,late40_r60_n30,dt_ge_2026-03-21_lt_2026-08-07,79,63,0.7975,20,0.2532,776.85,106.56,0.1372,79,63,0.7975,20,57,2,0.2597,776.85,106.56,0.00,106.56,0.1372,0.0000,1,1
150852073,late40_r60_n30,dt_ge_2026-03-21_lt_2026-08-07,84,53,0.6310,18,0.2143,225.06,19.63,0.0872,84,53,0.6310,18,64,2,0.2195,225.06,19.63,0.00,19.63,0.0872,0.0000,1,1
150853880,late40_r60_n30,dt_ge_2026-03-21_lt_2026-08-07,81,49,0.6049,42,0.5185,209.59,29.15,0.1391,81,49,0.6049,42,29,10,0.5915,209.59,29.15,0.00,29.15,0.1391,0.0000,1,1
150857934,late40_r60_n30,dt_ge_2026-03-21_lt_2026-08-07,33,24,0.7273,10,0.3030,123.59,-12.46,-0.1008,33,24,0.7273,10,20,3,0.3333,123.59,-12.46,0.00,-12.46,-0.1008,0.0000,1,1
150862783,late40_r60_n30,dt_ge_2026-03-21_lt_2026-08-07,30,18,0.6000,12,0.4000,411.45,99.26,0.2412,30,18,0.6000,12,17,1,0.4138,411.45,99.26,0.00,99.26,0.2412,0.0000,1,1
150862982,late40_r60_n30,dt_ge_2026-03-21_lt_2026-08-07,42,35,0.8333,10,0.2381,279.79,-38.87,-0.1389,42,35,0.8333,10,29,3,0.2564,279.79,-38.87,0.00,-38.87,-0.1389,0.0000,1,1
150863302,late40_r60_n30,dt_ge_2026-03-21_lt_2026-08-07,33,23,0.6970,16,0.4848,313.73,103.25,0.3291,33,23,0.6970,16,15,2,0.5161,313.73,103.25,0.00,103.25,0.3291,0.0000,1,1
150865099,late40_r60_n30,dt_ge_2026-03-21_lt_2026-08-07,45,27,0.6000,10,0.2222,89.32,-6.34,-0.0709,45,27,0.6000,10,33,2,0.2326,89.32,-6.34,0.00,-6.34,-0.0709,0.0000,1,1
150868491,late40_r60_n30,dt_ge_2026-03-21_lt_2026-08-07,31,20,0.6452,20,0.6452,3995.80,873.12,0.2185,31,20,0.6452,20,11,0,0.6452,3995.80,873.12,0.00,873.12,0.2185,0.0000,1,1
150873689,late40_r60_n30,dt_ge_2026-03-21_lt_2026-08-07,46,29,0.6304,14,0.3043,254.87,1.80,0.0070,46,29,0.6304,14,32,0,0.3043,254.87,1.80,0.00,1.80,0.0070,0.0000,1,1
150885530,late40_r60_n30,dt_ge_2026-03-21_lt_2026-08-07,69,51,0.7391,13,0.1884,1218.92,209.45,0.1718,69,51,0.7391,13,55,1,0.1912,1218.92,209.45,0.00,209.45,0.1718,0.0000,1,1
150886978,late40_r60_n30,dt_ge_2026-03-21_lt_2026-08-07,73,47,0.6438,35,0.4795,6265.85,898.81,0.1434,73,47,0.6438,35,29,9,0.5469,6265.85,898.81,0.00,898.81,0.1434,0.0000,1,1
150904051,late40_r60_n30,dt_ge_2026-03-21_lt_2026-08-07,31,19,0.6129,8,0.2581,36.32,-6.87,-0.1892,31,19,0.6129,8,20,3,0.2857,36.32,-6.87,0.00,-6.87,-0.1892,0.0000,1,1
150909688,late40_r60_n30,dt_ge_2026-03-21_lt_2026-08-07,40,24,0.6000,13,0.3250,3963.54,-514.18,-0.1297,40,24,0.6000,13,26,1,0.3333,3963.54,-514.18,0.00,-514.18,-0.1297,0.0000,1,1
150912177,late40_r60_n30,dt_ge_2026-03-21_lt_2026-08-07,37,30,0.8108,6,0.1622,730.32,-56.19,-0.0769,37,30,0.8108,6,30,1,0.1667,730.32,-56.19,0.00,-56.19,-0.0769,0.0000,1,1
150917512,late40_r60_n30,dt_ge_2026-03-21_lt_2026-08-07,33,24,0.7273,13,0.3939,562.37,-85.21,-0.1515,33,24,0.7273,13,17,3,0.4333,562.37,-85.21,0.00,-85.21,-0.1515,0.0000,1,1
150917907,late40_r60_n30,dt_ge_2026-03-21_lt_2026-08-07,51,32,0.6275,9,0.1765,394.73,-77.28,-0.1958,51,32,0.6275,9,40,2,0.1837,394.73,-77.28,0.00,-77.28,-0.1958,0.0000,1,1
150927798,late40_r60_n30,dt_ge_2026-03-21_lt_2026-08-07,38,26,0.6842,11,0.2895,408.16,1.04,0.0025,38,26,0.6842,11,27,0,0.2895,408.16,1.04,0.00,1.04,0.0025,0.0000,1,1
150941179,late40_r60_n30,dt_ge_2026-03-21_lt_2026-08-07,34,24,0.7059,18,0.5294,810.09,81.63,0.1008,34,24,0.7059,18,14,2,0.5625,810.09,81.63,0.00,81.63,0.1008,0.0000,1,1
150941575,late40_r60_n30,dt_ge_2026-03-21_lt_2026-08-07,48,29,0.6042,12,0.2500,1095.48,246.61,0.2251,48,29,0.6042,12,35,1,0.2553,1095.48,246.61,0.00,246.61,0.2251,0.0000,1,1
150942505,late40_r60_n30,dt_ge_2026-03-21_lt_2026-08-07,62,39,0.6290,20,0.3226,2203.82,-537.33,-0.2438,62,39,0.6290,20,34,8,0.3704,2203.82,-537.33,0.00,-537.33,-0.2438,0.0000,1,1
150957974,late40_r60_n30,dt_ge_2026-03-21_lt_2026-08-07,30,29,0.9667,5,0.1667,2349.00,382.50,0.1628,30,29,0.9667,5,24,1,0.1724,2349.00,382.50,0.00,382.50,0.1628,0.0000,1,1
150959593,late40_r60_n30,dt_ge_2026-03-21_lt_2026-08-07,39,27,0.6923,13,0.3333,301.39,-12.77,-0.0424,39,27,0.6923,13,25,1,0.3421,301.39,-12.77,2.71,-10.06,-0.0424,0.0000,1,1
150962468,late40_r60_n30,dt_ge_2026-03-21_lt_2026-08-07,47,30,0.6383,21,0.4468,684.00,-89.50,-0.1308,47,30,0.6383,21,22,4,0.4884,684.00,-89.50,0.00,-89.50,-0.1308,0.0000,1,1
150964348,late40_r60_n30,dt_ge_2026-03-21_lt_2026-08-07,30,19,0.6333,5,0.1667,48.19,34.69,0.7198,30,19,0.6333,5,25,0,0.1667,48.19,34.69,0.00,34.69,0.7198,0.0000,1,1
150971222,late40_r60_n30,dt_ge_2026-03-21_lt_2026-08-07,100,60,0.6000,34,0.3400,1755.19,65.33,0.0372,100,60,0.6000,34,60,6,0.3617,1755.19,65.33,0.00,65.33,0.0372,0.0000,1,1
150978456,late40_r60_n30,dt_ge_2026-03-21_lt_2026-08-07,4025,2654,0.6594,1835,0.4559,610981.54,-489.40,-0.0008,4025,2654,0.6594,1835,1799,391,0.5050,610981.54,-489.40,0.00,-489.40,-0.0008,0.0000,1,1
150983269,late40_r60_n30,dt_ge_2026-03-21_lt_2026-08-07,32,20,0.6250,13,0.4063,657.00,-60.00,-0.0913,32,20,0.6250,13,16,3,0.4483,657.00,-60.00,0.00,-60.00,-0.0913,0.0000,1,1
150988311,late40_r60_n30,dt_ge_2026-03-21_lt_2026-08-07,37,29,0.7838,10,0.2703,301.19,36.35,0.1207,37,29,0.7838,10,26,1,0.2778,301.19,36.35,0.00,36.35,0.1207,0.0000,1,1
150988362,late40_r60_n30,dt_ge_2026-03-21_lt_2026-08-07,44,28,0.6364,28,0.6364,743.00,300.90,0.4050,44,28,0.6364,28,15,1,0.6512,743.00,300.90,0.00,300.90,0.4050,0.0000,1,1
150992521,late40_r60_n30,dt_ge_2026-03-21_lt_2026-08-07,30,18,0.6000,4,0.1333,144.15,-72.52,-0.5031,30,18,0.6000,4,23,3,0.1481,144.15,-72.52,0.00,-72.52,-0.5031,0.0000,1,1
150998670,late40_r60_n30,dt_ge_2026-03-21_lt_2026-08-07,45,28,0.6222,8,0.1778,300.87,-97.20,-0.3231,45,28,0.6222,8,33,4,0.1951,300.87,-97.20,0.00,-97.20,-0.3231,0.0000,1,1
150999919,late40_r60_n30,dt_ge_2026-03-21_lt_2026-08-07,61,51,0.8361,32,0.5246,356.16,47.77,0.1341,61,51,0.8361,32,25,4,0.5614,356.16,47.77,0.00,47.77,0.1341,0.0000,1,1
151007269,late40_r60_n30,dt_ge_2026-03-21_lt_2026-08-07,35,21,0.6000,15,0.4286,92.23,-5.23,-0.0568,35,21,0.6000,15,15,5,0.5000,92.23,-5.23,0.00,-5.23,-0.0568,0.0000,1,1
151015403,late40_r60_n30,dt_ge_2026-03-21_lt_2026-08-07,34,22,0.6471,11,0.3235,360.02,-146.32,-0.4064,34,22,0.6471,11,18,5,0.3793,360.02,-146.32,0.00,-146.32,-0.4064,0.0000,1,1
151018541,late40_r60_n30,dt_ge_2026-03-21_lt_2026-08-07,102,62,0.6078,33,0.3235,708.93,-127.74,-0.1802,102,62,0.6078,33,61,8,0.3511,708.93,-127.74,0.00,-127.74,-0.1802,0.0000,1,1
151019951,late40_r60_n30,dt_ge_2026-03-21_lt_2026-08-07,52,32,0.6154,14,0.2692,3279.08,-375.71,-0.1146,52,32,0.6154,14,33,5,0.2979,3279.08,-375.71,0.00,-375.71,-0.1146,0.0000,1,1
151021919,late40_r60_n30,dt_ge_2026-03-21_lt_2026-08-07,62,44,0.7097,11,0.1774,853.71,-54.63,-0.0640,62,44,0.7097,11,49,2,0.1833,853.71,-54.63,0.00,-54.63,-0.0640,0.0000,1,1
151030355,late40_r60_n30,dt_ge_2026-03-21_lt_2026-08-07,40,28,0.7000,18,0.4500,248.22,-24.57,-0.0990,40,28,0.7000,18,19,3,0.4865,248.22,-24.57,1.99,-22.58,-0.0990,0.0000,1,1
151034635,late40_r60_n30,dt_ge_2026-03-21_lt_2026-08-07,50,34,0.6800,21,0.4200,20587.00,-1947.00,-0.0946,50,34,0.6800,21,24,5,0.4667,20587.00,-1947.00,0.00,-1947.00,-0.0946,0.0000,1,1
151035434,late40_r60_n30,dt_ge_2026-03-21_lt_2026-08-07,31,26,0.8387,13,0.4194,211.84,-24.59,-0.1161,31,26,0.8387,13,16,2,0.4483,211.84,-24.59,0.00,-24.59,-0.1161,0.0000,1,1
151038247,late40_r60_n30,dt_ge_2026-03-21_lt_2026-08-07,37,29,0.7838,16,0.4324,334.82,69.61,0.2079,37,29,0.7838,16,18,3,0.4706,334.82,69.61,0.00,69.61,0.2079,0.0000,1,1
151038603,late40_r60_n30,dt_ge_2026-03-21_lt_2026-08-07,35,23,0.6571,17,0.4857,591.99,137.40,0.2321,35,23,0.6571,17,14,4,0.5484,591.99,137.40,4.74,142.14,0.2321,0.0000,1,1
151044559,late40_r60_n30,dt_ge_2026-03-21_lt_2026-08-07,30,22,0.7333,16,0.5333,456.97,9.87,0.0216,30,22,0.7333,16,13,1,0.5517,456.97,9.87,0.00,9.87,0.0216,0.0000,1,1
151044720,late40_r60_n30,dt_ge_2026-03-21_lt_2026-08-07,39,25,0.6410,8,0.2051,388.30,77.15,0.1987,39,25,0.6410,8,30,1,0.2105,388.30,77.15,0.00,77.15,0.1987,0.0000,1,1
151046111,late40_r60_n30,dt_ge_2026-03-21_lt_2026-08-07,47,32,0.6809,10,0.2128,1377.15,-2.08,-0.0015,47,32,0.6809,10,37,0,0.2128,1377.15,-2.08,0.00,-2.08,-0.0015,0.0000,1,1
151048391,late40_r60_n30,dt_ge_2026-03-21_lt_2026-08-07,52,35,0.6731,15,0.2885,687.38,-219.42,-0.3192,52,35,0.6731,15,33,4,0.3125,687.38,-219.42,0.00,-219.42,-0.3192,0.0000,1,1
151051636,late40_r60_n30,dt_ge_2026-03-21_lt_2026-08-07,45,30,0.6667,12,0.2667,342.73,-82.05,-0.2394,45,30,0.6667,12,32,1,0.2727,342.73,-82.05,0.00,-82.05,-0.2394,0.0000,1,1
151054406,late40_r60_n30,dt_ge_2026-03-21_lt_2026-08-07,55,34,0.6182,14,0.2545,404.02,134.95,0.3340,55,34,0.6182,14,37,4,0.2745,404.02,134.95,0.00,134.95,0.3340,0.0000,1,1
151055614,late40_r60_n30,dt_ge_2026-03-21_lt_2026-08-07,92,56,0.6087,24,0.2609,2442.79,-188.43,-0.0771,92,56,0.6087,24,65,3,0.2697,2442.79,-188.43,0.00,-188.43,-0.0771,0.0000,1,1
151061407,late40_r60_n30,dt_ge_2026-03-21_lt_2026-08-07,47,40,0.8511,6,0.1277,120.89,7.89,0.0653,47,40,0.8511,6,39,2,0.1333,120.89,7.89,0.00,7.89,0.0653,0.0000,1,1
151062059,late40_r60_n30,dt_ge_2026-03-21_lt_2026-08-07,52,32,0.6154,15,0.2885,487.30,-62.52,-0.1283,52,32,0.6154,15,35,2,0.3000,487.30,-62.52,0.00,-62.52,-0.1283,0.0000,1,1
151078652,late40_r60_n30,dt_ge_2026-03-21_lt_2026-08-07,30,20,0.6667,5,0.1667,145.40,-43.41,-0.2986,30,20,0.6667,5,25,0,0.1667,145.40,-43.41,0.00,-43.41,-0.2986,0.0000,1,1
151078720,late40_r60_n30,dt_ge_2026-03-21_lt_2026-08-07,220,139,0.6318,72,0.3273,789.86,-57.38,-0.0727,220,139,0.6318,72,136,12,0.3462,789.86,-57.38,0.00,-57.38,-0.0727,0.0000,1,1
151079384,late40_r60_n30,dt_ge_2026-03-21_lt_2026-08-07,164,109,0.6646,40,0.2439,1916.58,-133.46,-0.0696,164,109,0.6646,40,120,4,0.2500,1916.58,-133.46,0.00,-133.46,-0.0696,0.0000,1,1
151083500,late40_r60_n30,dt_ge_2026-03-21_lt_2026-08-07,87,70,0.8046,10,0.1149,161.52,-42.73,-0.2646,87,70,0.8046,10,75,2,0.1176,161.52,-42.73,0.00,-42.73,-0.2646,0.0000,1,1
151085764,late40_r60_n30,dt_ge_2026-03-21_lt_2026-08-07,50,31,0.6200,17,0.3400,209.84,-51.95,-0.2475,50,31,0.6200,17,27,6,0.3864,209.84,-51.95,0.00,-51.95,-0.2475,0.0000,1,1
151086388,late40_r60_n30,dt_ge_2026-03-21_lt_2026-08-07,33,20,0.6061,17,0.5152,342.73,-4.57,-0.0133,33,20,0.6061,17,16,0,0.5152,342.73,-4.57,0.00,-4.57,-0.0133,0.0000,1,1
151091275,late40_r60_n30,dt_ge_2026-03-21_lt_2026-08-07,43,35,0.8140,13,0.3023,8460.00,1000.00,0.1182,43,35,0.8140,13,30,0,0.3023,8460.00,1000.00,0.00,1000.00,0.1182,0.0000,1,1
151094204,late40_r60_n30,dt_ge_2026-03-21_lt_2026-08-07,31,23,0.7419,18,0.5806,837.04,179.37,0.2143,31,23,0.7419,18,12,1,0.6000,837.04,179.37,0.00,179.37,0.2143,0.0000,1,1
151095786,late40_r60_n30,dt_ge_2026-03-21_lt_2026-08-07,33,20,0.6061,12,0.3636,411.45,129.09,0.3137,33,20,0.6061,12,19,2,0.3871,411.45,129.09,0.00,129.09,0.3137,0.0000,1,1
151097048,late40_r60_n30,dt_ge_2026-03-21_lt_2026-08-07,43,26,0.6047,19,0.4419,895.00,-79.50,-0.0888,43,26,0.6047,19,18,6,0.5135,895.00,-79.50,0.00,-79.50,-0.0888,0.0000,1,1
151109794,late40_r60_n30,dt_ge_2026-03-21_lt_2026-08-07,34,21,0.6176,9,0.2647,2633.17,-92.58,-0.0352,34,21,0.6176,9,25,0,0.2647,2633.17,-92.58,0.00,-92.58,-0.0352,0.0000,1,1
151110088,late40_r60_n30,dt_ge_2026-03-21_lt_2026-08-07,42,29,0.6905,12,0.2857,4320.46,660.53,0.1529,42,29,0.6905,12,25,5,0.3243,4320.46,660.53,38.88,699.42,0.1529,0.0000,1,1
151111914,late40_r60_n30,dt_ge_2026-03-21_lt_2026-08-07,38,25,0.6579,17,0.4474,1290.71,-15.18,-0.0118,38,25,0.6579,17,17,4,0.5000,1290.71,-15.18,0.00,-15.18,-0.0118,0.0000,1,1
151118945,late40_r60_n30,dt_ge_2026-03-21_lt_2026-08-07,50,30,0.6000,4,0.0800,639.29,-276.70,-0.4328,50,30,0.6000,4,44,2,0.0833,639.29,-276.70,0.00,-276.70,-0.4328,0.0000,1,1
151123652,late40_r60_n30,dt_ge_2026-03-21_lt_2026-08-07,45,35,0.7778,11,0.2444,450.30,166.86,0.3706,45,35,0.7778,11,32,2,0.2558,450.30,166.86,0.00,166.86,0.3706,0.0000,1,1
151124631,late40_r60_n30,dt_ge_2026-03-21_lt_2026-08-07,61,55,0.9016,9,0.1475,285.19,-22.12,-0.0776,61,55,0.9016,9,50,2,0.1525,285.19,-22.12,0.00,-22.12,-0.0776,0.0000,1,1
151131333,late40_r60_n30,dt_ge_2026-03-21_lt_2026-08-07,61,38,0.6230,25,0.4098,1001.52,-126.55,-0.1264,61,38,0.6230,25,29,7,0.4630,1001.52,-126.55,0.00,-126.55,-0.1264,0.0000,1,1
151132185,late40_r60_n30,dt_ge_2026-03-21_lt_2026-08-07,34,21,0.6176,13,0.3824,375.96,62.31,0.1657,34,21,0.6176,13,19,2,0.4063,375.96,62.31,3.38,65.70,0.1657,0.0000,1,1
151133936,late40_r60_n30,dt_ge_2026-03-21_lt_2026-08-07,39,27,0.6923,13,0.3333,3418.90,641.22,0.1876,39,27,0.6923,13,24,2,0.3514,3418.90,641.22,0.00,641.22,0.1876,0.0000,1,1
151142355,late40_r60_n30,dt_ge_2026-03-21_lt_2026-08-07,30,21,0.7000,16,0.5333,1585.00,352.10,0.2221,30,21,0.7000,16,11,3,0.5926,1585.00,352.10,0.00,352.10,0.2221,0.0000,1,1
151142510,late40_r60_n30,dt_ge_2026-03-21_lt_2026-08-07,62,39,0.6290,28,0.4516,955.49,20.77,0.0217,62,39,0.6290,28,26,8,0.5185,955.49,20.77,0.00,20.77,0.0217,0.0000,1,1
151169725,late40_r60_n30,dt_ge_2026-03-21_lt_2026-08-07,144,93,0.6458,20,0.1389,405.85,-99.51,-0.2452,144,93,0.6458,20,120,4,0.1429,405.85,-99.51,0.00,-99.51,-0.2452,0.0000,1,1
151187954,late40_r60_n30,dt_ge_2026-03-21_lt_2026-08-07,31,22,0.7097,6,0.1935,356.65,-130.86,-0.3669,31,22,0.7097,6,24,1,0.2000,356.65,-130.86,0.00,-130.86,-0.3669,0.0000,1,1
151188818,late40_r60_n30,dt_ge_2026-03-21_lt_2026-08-07,38,38,1.0000,5,0.1316,147.28,-27.09,-0.1840,38,38,1.0000,5,33,0,0.1316,147.28,-27.09,0.00,-27.09,-0.1840,0.0000,1,1
151188908,late40_r60_n30,dt_ge_2026-03-21_lt_2026-08-07,42,26,0.6190,23,0.5476,3554.00,1077.65,0.3032,42,26,0.6190,23,18,1,0.5610,3554.00,1077.65,0.00,1077.65,0.3032,0.0000,1,1
151198157,late40_r60_n30,dt_ge_2026-03-21_lt_2026-08-07,30,30,1.0000,7,0.2333,98426.21,-15172.17,-0.1541,30,30,1.0000,7,22,1,0.2414,98426.21,-15172.17,0.00,-15172.17,-0.1541,0.0000,1,1
151199192,late40_r60_n30,dt_ge_2026-03-21_lt_2026-08-07,45,27,0.6000,13,0.2889,332.76,-41.39,-0.1244,45,27,0.6000,13,30,2,0.3023,332.76,-41.39,0.00,-41.39,-0.1244,0.0000,1,1
151199552,late40_r60_n30,dt_ge_2026-03-21_lt_2026-08-07,41,37,0.9024,12,0.2927,1396.11,487.68,0.3493,41,37,0.9024,12,27,2,0.3077,1396.11,487.68,0.00,487.68,0.3493,0.0000,1,1
151207611,late40_r60_n30,dt_ge_2026-03-21_lt_2026-08-07,40,30,0.7500,10,0.2500,99.50,29.81,0.2996,40,30,0.7500,10,29,1,0.2564,99.50,29.81,0.00,29.81,0.2996,0.0000,1,1
151208151,late40_r60_n30,dt_ge_2026-03-21_lt_2026-08-07,96,82,0.8542,31,0.3229,2272.92,-210.48,-0.0926,96,82,0.8542,31,60,5,0.3407,2272.92,-210.48,0.00,-210.48,-0.0926,0.0000,1,1
151209400,late40_r60_n30,dt_ge_2026-03-21_lt_2026-08-07,45,45,1.0000,12,0.2667,954.05,536.17,0.5620,45,45,1.0000,12,32,1,0.2727,954.05,536.17,0.00,536.17,0.5620,0.0000,1,1
151209702,late40_r60_n30,dt_ge_2026-03-21_lt_2026-08-07,39,31,0.7949,9,0.2308,1130.00,55.60,0.0492,39,31,0.7949,9,30,0,0.2308,1130.00,55.60,0.00,55.60,0.0492,0.0000,1,1
151209799,late40_r60_n30,dt_ge_2026-03-21_lt_2026-08-07,34,34,1.0000,5,0.1471,195.25,-24.09,-0.1234,34,34,1.0000,5,27,2,0.1563,195.25,-24.09,0.00,-24.09,-0.1234,0.0000,1,1
151211101,late40_r60_n30,dt_ge_2026-03-21_lt_2026-08-07,30,19,0.6333,17,0.5667,395.76,-79.17,-0.2000,30,19,0.6333,17,13,0,0.5667,395.76,-79.17,0.00,-79.17,-0.2000,0.0000,1,1
151212839,late40_r60_n30,dt_ge_2026-03-21_lt_2026-08-07,56,38,0.6786,7,0.1250,234.93,-62.26,-0.2650,56,38,0.6786,7,47,2,0.1296,234.93,-62.26,0.00,-62.26,-0.2650,0.0000,1,1
151214506,late40_r60_n30,dt_ge_2026-03-21_lt_2026-08-07,59,43,0.7288,7,0.1186,299.52,-175.21,-0.5850,59,43,0.7288,7,51,1,0.1207,299.52,-175.21,0.00,-175.21,-0.5850,0.0000,1,1
151223577,late40_r60_n30,dt_ge_2026-03-21_lt_2026-08-07,38,25,0.6579,17,0.4474,273.16,-20.95,-0.0767,38,25,0.6579,17,17,4,0.5000,273.16,-20.95,0.00,-20.95,-0.0767,0.0000,1,1
151230661,late40_r60_n30,dt_ge_2026-03-21_lt_2026-08-07,41,26,0.6341,13,0.3171,3531.15,204.08,0.0578,41,26,0.6341,13,28,0,0.3171,3531.15,204.08,0.00,204.08,0.0578,0.0000,1,1
151232428,late40_r60_n30,dt_ge_2026-03-21_lt_2026-08-07,65,57,0.8769,8,0.1231,1123.77,-377.63,-0.3360,65,57,0.8769,8,54,3,0.1290,1123.77,-377.63,0.00,-377.63,-0.3360,0.0000,1,1
151237858,late40_r60_n30,dt_ge_2026-03-21_lt_2026-08-07,38,27,0.7105,4,0.1053,20238.56,-7535.63,-0.3723,38,27,0.7105,4,34,0,0.1053,20238.56,-7535.63,0.00,-7535.63,-0.3723,0.0000,1,1
151240991,late40_r60_n30,dt_ge_2026-03-21_lt_2026-08-07,34,21,0.6176,10,0.2941,964.56,-366.02,-0.3795,34,21,0.6176,10,18,6,0.3571,964.56,-366.02,0.00,-366.02,-0.3795,0.0000,1,1
151244038,late40_r60_n30,dt_ge_2026-03-21_lt_2026-08-07,75,46,0.6133,21,0.2800,903.39,139.12,0.1540,75,46,0.6133,21,53,1,0.2838,903.39,139.12,0.00,139.12,0.1540,0.0000,1,1
151244268,late40_r60_n30,dt_ge_2026-03-21_lt_2026-08-07,157,99,0.6306,66,0.4204,3499.50,29.12,0.0083,157,99,0.6306,66,69,22,0.4889,3499.50,29.12,0.00,29.12,0.0083,0.0000,1,1
151244547,late40_r60_n30,dt_ge_2026-03-21_lt_2026-08-07,62,40,0.6452,16,0.2581,3574.46,894.90,0.2504,62,40,0.6452,16,45,1,0.2623,3574.46,894.90,0.00,894.90,0.2504,0.0000,1,1
151250568,late40_r60_n30,dt_ge_2026-03-21_lt_2026-08-07,40,29,0.7250,10,0.2500,1220.20,24.64,0.0202,40,29,0.7250,10,30,0,0.2500,1220.20,24.64,0.00,24.64,0.0202,0.0000,1,1
151253844,late40_r60_n30,dt_ge_2026-03-21_lt_2026-08-07,43,27,0.6279,27,0.6279,281.59,-74.32,-0.2639,43,27,0.6279,27,12,4,0.6923,281.59,-74.32,0.00,-74.32,-0.2639,0.0000,1,1
151257340,late40_r60_n30,dt_ge_2026-03-21_lt_2026-08-07,35,22,0.6286,16,0.4571,758.61,-100.29,-0.1322,35,22,0.6286,16,15,4,0.5161,758.61,-100.29,0.00,-100.29,-0.1322,0.0000,1,1
151258662,late40_r60_n30,dt_ge_2026-03-21_lt_2026-08-07,36,22,0.6111,6,0.1667,441.39,404.00,0.9153,36,22,0.6111,6,28,2,0.1765,441.39,404.00,0.00,404.00,0.9153,0.0000,1,1
151258886,late40_r60_n30,dt_ge_2026-03-21_lt_2026-08-07,535,381,0.7121,155,0.2897,10776.26,-1431.97,-0.1329,535,381,0.7121,155,346,34,0.3094,10776.26,-1431.97,0.00,-1431.97,-0.1329,0.0000,1,1
151259387,late40_r60_n30,dt_ge_2026-03-21_lt_2026-08-07,31,24,0.7742,6,0.1935,208.30,-61.33,-0.2944,31,24,0.7742,6,25,0,0.1935,208.30,-61.33,0.00,-61.33,-0.2944,0.0000,1,1
151260835,late40_r60_n30,dt_ge_2026-03-21_lt_2026-08-07,53,32,0.6038,22,0.4151,388.90,-12.84,-0.0330,53,32,0.6038,22,24,7,0.4783,388.90,-12.84,0.00,-12.84,-0.0330,0.0000,1,1
151262411,late40_r60_n30,dt_ge_2026-03-21_lt_2026-08-07,50,33,0.6600,8,0.1600,690.44,-25.34,-0.0367,50,33,0.6600,8,41,1,0.1633,690.44,-25.34,0.00,-25.34,-0.0367,0.0000,1,1
151264419,late40_r60_n30,dt_ge_2026-03-21_lt_2026-08-07,45,27,0.6000,19,0.4222,1365.00,15.80,0.0116,45,27,0.6000,19,21,5,0.4750,1365.00,15.80,0.00,15.80,0.0116,0.0000,1,1
151266922,late40_r60_n30,dt_ge_2026-03-21_lt_2026-08-07,49,35,0.7143,11,0.2245,1567.21,-320.55,-0.2045,49,35,0.7143,11,35,3,0.2391,1567.21,-320.55,0.00,-320.55,-0.2045,0.0000,1,1
151270184,late40_r60_n30,dt_ge_2026-03-21_lt_2026-08-07,40,40,1.0000,2,0.0500,153.71,-102.61,-0.6676,40,40,1.0000,2,37,1,0.0513,153.71,-102.61,0.00,-102.61,-0.6676,0.0000,1,1
151272422,late40_r60_n30,dt_ge_2026-03-21_lt_2026-08-07,39,35,0.8974,16,0.4103,141.44,37.29,0.2636,39,35,0.8974,16,21,2,0.4324,141.44,37.29,0.00,37.29,0.2636,0.0000,1,1
151272871,late40_r60_n30,dt_ge_2026-03-21_lt_2026-08-07,37,30,0.8108,13,0.3514,100.53,-8.10,-0.0806,37,30,0.8108,13,21,3,0.3824,100.53,-8.10,0.00,-8.10,-0.0806,0.0000,1,1
151273164,late40_r60_n30,dt_ge_2026-03-21_lt_2026-08-07,66,53,0.8030,13,0.1970,3431.44,660.22,0.1924,66,53,0.8030,13,52,1,0.2000,3431.44,660.22,0.00,660.22,0.1924,0.0000,1,1
151273493,late40_r60_n30,dt_ge_2026-03-21_lt_2026-08-07,61,40,0.6557,10,0.1639,235.34,-47.15,-0.2004,61,40,0.6557,10,49,2,0.1695,235.34,-47.15,0.00,-47.15,-0.2004,0.0000,1,1
151273584,late40_r60_n30,dt_ge_2026-03-21_lt_2026-08-07,39,24,0.6154,17,0.4359,141.44,-18.52,-0.1309,39,24,0.6154,17,18,4,0.4857,141.44,-18.52,0.00,-18.52,-0.1309,0.0000,1,1
151274042,late40_r60_n30,dt_ge_2026-03-21_lt_2026-08-07,38,23,0.6053,15,0.3947,1218.83,-322.25,-0.2644,38,23,0.6053,15,20,3,0.4286,1218.83,-322.25,0.00,-322.25,-0.2644,0.0000,1,1
151274846,late40_r60_n30,dt_ge_2026-03-21_lt_2026-08-07,30,23,0.7667,12,0.4000,165.55,-19.18,-0.1159,30,23,0.7667,12,16,2,0.4286,165.55,-19.18,0.00,-19.18,-0.1159,0.0000,1,1
151274969,late40_r60_n30,dt_ge_2026-03-21_lt_2026-08-07,30,27,0.9000,5,0.1667,159.44,-32.66,-0.2048,30,27,0.9000,5,22,3,0.1852,159.44,-32.66,0.00,-32.66,-0.2048,0.0000,1,1
151279924,late40_r60_n30,dt_ge_2026-03-21_lt_2026-08-07,2963,1817,0.6132,1343,0.4533,27061.72,25.48,0.0009,2963,1817,0.6132,1343,1346,274,0.4994,27061.72,25.48,0.00,25.48,0.0009,0.0000,1,1
151280863,late40_r60_n30,dt_ge_2026-03-21_lt_2026-08-07,35,27,0.7714,9,0.2571,4585.08,-907.76,-0.1980,35,27,0.7714,9,23,3,0.2813,4585.08,-907.76,0.00,-907.76,-0.1980,0.0000,1,1
151282530,late40_r60_n30,dt_ge_2026-03-21_lt_2026-08-07,39,31,0.7949,15,0.3846,189.02,-22.95,-0.1214,39,31,0.7949,15,21,3,0.4167,189.02,-22.95,0.00,-22.95,-0.1214,0.0000,1,1
151290637,late40_r60_n30,dt_ge_2026-03-21_lt_2026-08-07,42,26,0.6190,5,0.1190,118.19,-62.31,-0.5272,42,26,0.6190,5,36,1,0.1220,118.19,-62.31,0.00,-62.31,-0.5272,0.0000,1,1
151296285,late40_r60_n30,dt_ge_2026-03-21_lt_2026-08-07,44,29,0.6591,15,0.3409,172.29,-7.59,-0.0440,44,29,0.6591,15,25,4,0.3750,172.29,-7.59,0.00,-7.59,-0.0440,0.0000,1,1
151298893,late40_r60_n30,dt_ge_2026-03-21_lt_2026-08-07,32,32,1.0000,4,0.1250,270.44,-43.52,-0.1609,32,32,1.0000,4,28,0,0.1250,270.44,-43.52,0.00,-43.52,-0.1609,0.0000,1,1
151299723,late40_r60_n30,dt_ge_2026-03-21_lt_2026-08-07,42,29,0.6905,5,0.1190,221.84,-41.35,-0.1864,42,29,0.6905,5,34,3,0.1282,221.84,-41.35,0.00,-41.35,-0.1864,0.0000,1,1
151305029,late40_r60_n30,dt_ge_2026-03-21_lt_2026-08-07,45,28,0.6222,18,0.4000,1551.16,-283.67,-0.1829,45,28,0.6222,18,25,2,0.4186,1551.16,-283.67,0.00,-283.67,-0.1829,0.0000,1,1
151315792,late40_r60_n30,dt_ge_2026-03-21_lt_2026-08-07,57,42,0.7368,17,0.2982,153.71,-28.04,-0.1824,57,42,0.7368,17,35,5,0.3269,153.71,-28.04,0.00,-28.04,-0.1824,0.0000,1,1
151319649,late40_r60_n30,dt_ge_2026-03-21_lt_2026-08-07,31,20,0.6452,9,0.2903,1395.00,-995.00,-0.7133,31,20,0.6452,9,18,4,0.3333,1395.00,-995.00,0.00,-995.00,-0.7133,0.0000,1,1
151321845,late40_r60_n30,dt_ge_2026-03-21_lt_2026-08-07,82,51,0.6220,28,0.3415,52029.01,6087.90,0.1170,82,51,0.6220,28,50,4,0.3590,52029.01,6087.90,0.00,6087.90,0.1170,0.0000,1,1
151327282,late40_r60_n30,dt_ge_2026-03-21_lt_2026-08-07,35,24,0.6857,18,0.5143,1404.07,645.46,0.4597,35,24,0.6857,18,14,3,0.5625,1404.07,645.46,0.00,645.46,0.4597,0.0000,1,1
151332683,late40_r60_n30,dt_ge_2026-03-21_lt_2026-08-07,42,27,0.6429,21,0.5000,2196.11,-46.42,-0.0211,42,27,0.6429,21,19,2,0.5250,2196.11,-46.42,0.00,-46.42,-0.0211,0.0000,1,1
151343776,late40_r60_n30,dt_ge_2026-03-21_lt_2026-08-07,45,33,0.7333,16,0.3556,640.59,-157.81,-0.2464,45,33,0.7333,16,22,7,0.4211,640.59,-157.81,0.00,-157.81,-0.2464,0.0000,1,1
151352356,late40_r60_n30,dt_ge_2026-03-21_lt_2026-08-07,37,24,0.6486,16,0.4324,918.00,-152.90,-0.1666,37,24,0.6486,16,18,3,0.4706,918.00,-152.90,0.00,-152.90,-0.1666,0.0000,1,1
151357535,late40_r60_n30,dt_ge_2026-03-21_lt_2026-08-07,35,30,0.8571,11,0.3143,416.59,-55.16,-0.1324,35,30,0.8571,11,21,3,0.3438,416.59,-55.16,0.00,-55.16,-0.1324,0.0000,1,1
151365071,late40_r60_n30,dt_ge_2026-03-21_lt_2026-08-07,43,33,0.7674,9,0.2093,420.71,-70.65,-0.1679,43,33,0.7674,9,32,2,0.2195,420.71,-70.65,0.00,-70.65,-0.1679,0.0000,1,1
151368973,late40_r60_n30,dt_ge_2026-03-21_lt_2026-08-07,47,32,0.6809,19,0.4043,507.86,-31.85,-0.0627,47,32,0.6809,19,23,5,0.4524,507.86,-31.85,0.00,-31.85,-0.0627,0.0000,1,1
151383106,late40_r60_n30,dt_ge_2026-03-21_lt_2026-08-07,36,23,0.6389,19,0.5278,7169.49,313.73,0.0438,36,23,0.6389,19,16,1,0.5429,7169.49,313.73,0.00,313.73,0.0438,0.0000,1,1
151389071,late40_r60_n30,dt_ge_2026-03-21_lt_2026-08-07,150,101,0.6733,20,0.1333,271.48,-54.01,-0.1989,150,101,0.6733,20,129,1,0.1342,271.48,-54.01,0.00,-54.01,-0.1989,0.0000,1,1
151390845,late40_r60_n30,dt_ge_2026-03-21_lt_2026-08-07,67,43,0.6418,28,0.4179,271.32,5.64,0.0208,67,43,0.6418,28,34,5,0.4516,271.32,5.64,0.00,5.64,0.0208,0.0000,1,1
151397023,late40_r60_n30,dt_ge_2026-03-21_lt_2026-08-07,38,33,0.8684,14,0.3684,1247.95,109.17,0.0875,38,33,0.8684,14,23,1,0.3784,1247.95,109.17,0.00,109.17,0.0875,0.0000,1,1
151399369,late40_r60_n30,dt_ge_2026-03-21_lt_2026-08-07,40,28,0.7000,23,0.5750,1611.86,500.18,0.3103,40,28,0.7000,23,13,4,0.6389,1611.86,500.18,0.00,500.18,0.3103,0.0000,1,1
151399897,late40_r60_n30,dt_ge_2026-03-21_lt_2026-08-07,77,50,0.6494,15,0.1948,17592.25,671.05,0.0381,77,50,0.6494,15,60,2,0.2000,17592.25,671.05,0.00,671.05,0.0381,0.0000,1,1
151401731,late40_r60_n30,dt_ge_2026-03-21_lt_2026-08-07,71,45,0.6338,28,0.3944,223.21,-12.46,-0.0558,71,45,0.6338,28,37,6,0.4308,223.21,-12.46,0.00,-12.46,-0.0558,0.0000,1,1
151404556,late40_r60_n30,dt_ge_2026-03-21_lt_2026-08-07,99,63,0.6364,20,0.2020,2486.18,-419.42,-0.1687,99,63,0.6364,20,77,2,0.2062,2486.18,-419.42,0.00,-419.42,-0.1687,0.0000,1,1
151407576,late40_r60_n30,dt_ge_2026-03-21_lt_2026-08-07,40,25,0.6250,14,0.3500,1551.00,-304.53,-0.1963,40,25,0.6250,14,25,1,0.3590,1551.00,-304.53,0.00,-304.53,-0.1963,0.0000,1,1
151409887,late40_r60_n30,dt_ge_2026-03-21_lt_2026-08-07,637,396,0.6217,275,0.4317,118521.00,-1610.70,-0.0136,637,396,0.6217,275,293,69,0.4842,118521.00,-1610.70,0.00,-1610.70,-0.0136,0.0000,1,1
151410510,late40_r60_n30,dt_ge_2026-03-21_lt_2026-08-07,104,73,0.7019,32,0.3077,16796.87,2589.04,0.1541,104,73,0.7019,32,70,2,0.3137,16796.87,2589.04,0.00,2589.04,0.1541,0.0000,1,1
151413974,late40_r60_n30,dt_ge_2026-03-21_lt_2026-08-07,89,57,0.6404,13,0.1461,652.40,-92.59,-0.1419,89,57,0.6404,13,72,4,0.1529,652.40,-92.59,0.00,-92.59,-0.1419,0.0000,1,1
151429188,late40_r60_n30,dt_ge_2026-03-21_lt_2026-08-07,43,30,0.6977,8,0.1860,2820.38,-862.13,-0.3057,43,30,0.6977,8,32,3,0.2000,2820.38,-862.13,0.00,-862.13,-0.3057,0.0000,1,1
151437135,late40_r60_n30,dt_ge_2026-03-21_lt_2026-08-07,65,43,0.6615,35,0.5385,6999.00,1809.25,0.2585,65,43,0.6615,35,24,6,0.5932,6999.00,1809.25,0.00,1809.25,0.2585,0.0000,1,1
151438096,late40_r60_n30,dt_ge_2026-03-21_lt_2026-08-07,36,22,0.6111,14,0.3889,5057.00,-899.50,-0.1779,36,22,0.6111,14,22,0,0.3889,5057.00,-899.50,0.00,-899.50,-0.1779,0.0000,1,1
151451152,late40_r60_n30,dt_ge_2026-03-21_lt_2026-08-07,46,30,0.6522,9,0.1957,666.80,-84.35,-0.1265,46,30,0.6522,9,36,1,0.2000,666.80,-84.35,0.00,-84.35,-0.1265,0.0000,1,1
151452179,late40_r60_n30,dt_ge_2026-03-21_lt_2026-08-07,36,24,0.6667,15,0.4167,1214.79,-93.01,-0.0766,36,24,0.6667,15,17,4,0.4688,1214.79,-93.01,0.00,-93.01,-0.0766,0.0000,1,1
151452185,late40_r60_n30,dt_ge_2026-03-21_lt_2026-08-07,36,24,0.6667,17,0.4722,1214.79,53.15,0.0438,36,24,0.6667,17,15,4,0.5313,1214.79,53.15,0.00,53.15,0.0438,0.0000,1,1
151453455,late40_r60_n30,dt_ge_2026-03-21_lt_2026-08-07,39,24,0.6154,14,0.3590,2480.00,80.00,0.0323,39,24,0.6154,14,23,2,0.3784,2480.00,80.00,0.00,80.00,0.0323,0.0000,1,1
151455134,late40_r60_n30,dt_ge_2026-03-21_lt_2026-08-07,38,23,0.6053,17,0.4474,1012.16,-137.96,-0.1363,38,23,0.6053,17,19,2,0.4722,1012.16,-137.96,0.00,-137.96,-0.1363,0.0000,1,1
151458777,late40_r60_n30,dt_ge_2026-03-21_lt_2026-08-07,37,26,0.7027,16,0.4324,102.86,17.10,0.1662,37,26,0.7027,16,20,1,0.4444,102.86,17.10,0.00,17.10,0.1662,0.0000,1,1
151460057,late40_r60_n30,dt_ge_2026-03-21_lt_2026-08-07,35,28,0.8000,16,0.4571,5721.11,-202.86,-0.0355,35,28,0.8000,16,19,0,0.4571,5721.11,-202.86,0.00,-202.86,-0.0355,0.0000,1,1
151463077,late40_r60_n30,dt_ge_2026-03-21_lt_2026-08-07,710,435,0.6127,343,0.4831,32965.00,2427.50,0.0736,710,435,0.6127,343,310,57,0.5253,32965.00,2427.50,0.00,2427.50,0.0736,0.0000,1,1
151469794,late40_r60_n30,dt_ge_2026-03-21_lt_2026-08-07,111,85,0.7658,21,0.1892,651.96,-107.88,-0.1655,111,85,0.7658,21,86,4,0.1963,651.96,-107.88,0.00,-107.88,-0.1655,0.0000,1,1
151473296,late40_r60_n30,dt_ge_2026-03-21_lt_2026-08-07,44,35,0.7955,16,0.3636,124.84,48.69,0.3900,44,35,0.7955,16,24,4,0.4000,124.84,48.69,0.00,48.69,0.3900,0.0000,1,1
151475717,late40_r60_n30,dt_ge_2026-03-21_lt_2026-08-07,76,46,0.6053,19,0.2500,1365.49,320.16,0.2345,76,46,0.6053,19,56,1,0.2533,1365.49,320.16,0.00,320.16,0.2345,0.0000,1,1
151484361,late40_r60_n30,dt_ge_2026-03-21_lt_2026-08-07,41,25,0.6098,13,0.3171,149.63,35.36,0.2363,41,25,0.6098,13,26,2,0.3333,149.63,35.36,0.00,35.36,0.2363,0.0000,1,1
151487615,late40_r60_n30,dt_ge_2026-03-21_lt_2026-08-07,32,20,0.6250,15,0.4688,1059.48,18.90,0.0178,32,20,0.6250,15,15,2,0.5000,1059.48,18.90,0.00,18.90,0.0178,0.0000,1,1
151487868,late40_r60_n30,dt_ge_2026-03-21_lt_2026-08-07,50,35,0.7000,14,0.2800,280.70,-4.49,-0.0160,50,35,0.7000,14,35,1,0.2857,280.70,-4.49,0.00,-4.49,-0.0160,0.0000,1,1
151489340,late40_r60_n30,dt_ge_2026-03-21_lt_2026-08-07,35,24,0.6857,15,0.4286,126.01,-15.40,-0.1222,35,24,0.6857,15,18,2,0.4545,126.01,-15.40,0.00,-15.40,-0.1222,0.0000,1,1
151490749,late40_r60_n30,dt_ge_2026-03-21_lt_2026-08-07,40,24,0.6000,22,0.5500,2050.00,492.50,0.2402,40,24,0.6000,22,13,5,0.6286,2050.00,492.50,0.00,492.50,0.2402,0.0000,1,1
151491193,late40_r60_n30,dt_ge_2026-03-21_lt_2026-08-07,66,52,0.7879,6,0.0909,221.15,-43.97,-0.1988,66,52,0.7879,6,60,0,0.0909,221.15,-43.97,0.00,-43.97,-0.1988,0.0000,1,1
151496729,late40_r60_n30,dt_ge_2026-03-21_lt_2026-08-07,50,42,0.8400,12,0.2400,149.55,38.53,0.2576,50,42,0.8400,12,38,0,0.2400,149.55,38.53,0.00,38.53,0.2576,0.0000,1,1
151497491,late40_r60_n30,dt_ge_2026-03-21_lt_2026-08-07,30,25,0.8333,3,0.1000,133.46,-51.95,-0.3892,30,25,0.8333,3,26,1,0.1034,133.46,-51.95,0.00,-51.95,-0.3892,0.0000,1,1
151502382,late40_r60_n30,dt_ge_2026-03-21_lt_2026-08-07,86,60,0.6977,29,0.3372,710.38,-160.67,-0.2262,86,60,0.6977,29,46,11,0.3867,710.38,-160.67,0.00,-160.67,-0.2262,0.0000,1,1
151511270,late40_r60_n30,dt_ge_2026-03-21_lt_2026-08-07,60,60,1.0000,9,0.1500,143.32,-12.88,-0.0899,60,60,1.0000,9,50,1,0.1525,143.32,-12.88,0.00,-12.88,-0.0899,0.0000,1,1
151520958,late40_r60_n30,dt_ge_2026-03-21_lt_2026-08-07,56,42,0.7500,15,0.2679,735.31,-54.01,-0.0734,56,42,0.7500,15,41,0,0.2679,735.31,-54.01,0.00,-54.01,-0.0734,0.0000,1,1
151530398,late40_r60_n30,dt_ge_2026-03-21_lt_2026-08-07,85,63,0.7412,23,0.2706,1972.38,-321.19,-0.1628,85,63,0.7412,23,59,3,0.2805,1972.38,-321.19,0.00,-321.19,-0.1628,0.0000,1,1
151537306,late40_r60_n30,dt_ge_2026-03-21_lt_2026-08-07,253,186,0.7352,30,0.1186,12822.09,-1368.44,-0.1067,253,186,0.7352,30,221,2,0.1195,12822.09,-1368.44,102.58,-1265.86,-0.1067,0.0000,1,1
151537633,late40_r60_n30,dt_ge_2026-03-21_lt_2026-08-07,65,39,0.6000,28,0.4308,744.79,-177.23,-0.2380,65,39,0.6000,28,32,5,0.4667,744.79,-177.23,0.00,-177.23,-0.2380,0.0000,1,1
151538523,late40_r60_n30,dt_ge_2026-03-21_lt_2026-08-07,43,34,0.7907,8,0.1860,776.61,-27.77,-0.0358,43,34,0.7907,8,32,3,0.2000,776.61,-27.77,0.00,-27.77,-0.0358,0.0000,1,1
151542365,late40_r60_n30,dt_ge_2026-03-21_lt_2026-08-07,55,38,0.6909,20,0.3636,3562.65,239.97,0.0674,55,38,0.6909,20,30,5,0.4000,3562.65,239.97,0.00,239.97,0.0674,0.0000,1,1
151547963,late40_r60_n30,dt_ge_2026-03-21_lt_2026-08-07,44,30,0.6818,21,0.4773,6187.82,762.31,0.1232,44,30,0.6818,21,16,7,0.5676,6187.82,762.31,0.00,762.31,0.1232,0.0000,1,1
151549258,late40_r60_n30,dt_ge_2026-03-21_lt_2026-08-07,33,21,0.6364,15,0.4545,830.69,172.25,0.2074,33,21,0.6364,15,15,3,0.5000,830.69,172.25,7.48,179.72,0.2074,0.0000,1,1
151556421,late40_r60_n30,dt_ge_2026-03-21_lt_2026-08-07,41,35,0.8537,13,0.3171,1115.84,-103.75,-0.0930,41,35,0.8537,13,27,1,0.3250,1115.84,-103.75,0.00,-103.75,-0.0930,0.0000,1,1
151556457,late40_r60_n30,dt_ge_2026-03-21_lt_2026-08-07,41,26,0.6341,18,0.4390,3350.00,62.50,0.0187,41,26,0.6341,18,16,7,0.5294,3350.00,62.50,0.00,62.50,0.0187,0.0000,1,1
151559570,late40_r60_n30,dt_ge_2026-03-21_lt_2026-08-07,55,37,0.6727,14,0.2545,308.59,62.87,0.2037,55,37,0.6727,14,40,1,0.2593,308.59,62.87,0.00,62.87,0.2037,0.0000,1,1
151560971,late40_r60_n30,dt_ge_2026-03-21_lt_2026-08-07,31,20,0.6452,4,0.1290,333.13,-180.46,-0.5417,31,20,0.6452,4,22,5,0.1538,333.13,-180.46,0.00,-180.46,-0.5417,0.0000,1,1
151562457,late40_r60_n30,dt_ge_2026-03-21_lt_2026-08-07,75,50,0.6667,15,0.2000,1062.05,-268.08,-0.2524,75,50,0.6667,15,55,5,0.2143,1062.05,-268.08,0.00,-268.08,-0.2524,0.0000,1,1
151571561,late40_r60_n30,dt_ge_2026-03-21_lt_2026-08-07,31,22,0.7097,5,0.1613,550.83,-29.44,-0.0535,31,22,0.7097,5,25,1,0.1667,550.83,-29.44,0.00,-29.44,-0.0535,0.0000,1,1
151584716,late40_r60_n30,dt_ge_2026-03-21_lt_2026-08-07,34,22,0.6471,8,0.2353,166.46,-39.76,-0.2388,34,22,0.6471,8,18,8,0.3077,166.46,-39.76,0.00,-39.76,-0.2388,0.0000,1,1
151587822,late40_r60_n30,dt_ge_2026-03-21_lt_2026-08-07,40,27,0.6750,6,0.1500,961.24,-227.05,-0.2362,40,27,0.6750,6,33,1,0.1538,961.24,-227.05,0.00,-227.05,-0.2362,0.0000,1,1
151589007,late40_r60_n30,dt_ge_2026-03-21_lt_2026-08-07,47,33,0.7021,6,0.1277,105.93,-27.52,-0.2598,47,33,0.7021,6,41,0,0.1277,105.93,-27.52,0.85,-26.67,-0.2598,0.0000,1,1
151598840,late40_r60_n30,dt_ge_2026-03-21_lt_2026-08-07,38,26,0.6842,17,0.4474,7267.68,-1950.19,-0.2683,38,26,0.6842,17,18,3,0.4857,7267.68,-1950.19,0.00,-1950.19,-0.2683,0.0000,1,1
151609948,late40_r60_n30,dt_ge_2026-03-21_lt_2026-08-07,33,21,0.6364,16,0.4848,82.29,39.99,0.4859,33,21,0.6364,16,15,2,0.5161,82.29,39.99,0.00,39.99,0.4859,0.0000,1,1
151613330,late40_r60_n30,dt_ge_2026-03-21_lt_2026-08-07,40,40,1.0000,4,0.1000,362.89,-137.23,-0.3782,40,40,1.0000,4,34,2,0.1053,362.89,-137.23,0.00,-137.23,-0.3782,0.0000,1,1
151617298,late40_r60_n30,dt_ge_2026-03-21_lt_2026-08-07,77,77,1.0000,12,0.1558,221.22,54.63,0.2469,77,77,1.0000,12,64,1,0.1579,221.22,54.63,0.00,54.63,0.2469,0.0000,1,1
151618441,late40_r60_n30,dt_ge_2026-03-21_lt_2026-08-07,41,27,0.6585,5,0.1220,241.98,-52.59,-0.2173,41,27,0.6585,5,35,1,0.1250,241.98,-52.59,0.00,-52.59,-0.2173,0.0000,1,1
151618495,late40_r60_n30,dt_ge_2026-03-21_lt_2026-08-07,61,37,0.6066,19,0.3115,1163.16,-175.71,-0.1511,61,37,0.6066,19,39,3,0.3276,1163.16,-175.71,0.00,-175.71,-0.1511,0.0000,1,1
151618905,late40_r60_n30,dt_ge_2026-03-21_lt_2026-08-07,31,29,0.9355,12,0.3871,3111.04,1126.30,0.3620,31,29,0.9355,12,19,0,0.3871,3111.04,1126.30,0.00,1126.30,0.3620,0.0000,1,1
151620385,late40_r60_n30,dt_ge_2026-03-21_lt_2026-08-07,44,36,0.8182,11,0.2500,285.46,30.45,0.1067,44,36,0.8182,11,31,2,0.2619,285.46,30.45,0.00,30.45,0.1067,0.0000,1,1
151629850,late40_r60_n30,dt_ge_2026-03-21_lt_2026-08-07,34,26,0.7647,4,0.1176,51.51,-2.80,-0.0544,34,26,0.7647,4,27,3,0.1290,51.51,-2.80,0.00,-2.80,-0.0544,0.0000,1,1
151639090,late40_r60_n30,dt_ge_2026-03-21_lt_2026-08-07,38,24,0.6316,4,0.1053,2862.99,-1363.33,-0.4762,38,24,0.6316,4,34,0,0.1053,2862.99,-1363.33,22.90,-1340.42,-0.4762,0.0000,1,1
151639674,late40_r60_n30,dt_ge_2026-03-21_lt_2026-08-07,71,55,0.7746,15,0.2113,284.36,-34.61,-0.1217,71,55,0.7746,15,54,2,0.2174,284.36,-34.61,0.00,-34.61,-0.1217,0.0000,1,1
151641405,late40_r60_n30,dt_ge_2026-03-21_lt_2026-08-07,40,40,1.0000,13,0.3250,2822.42,1883.75,0.6674,40,40,1.0000,13,25,2,0.3421,2822.42,1883.75,0.00,1883.75,0.6674,0.0000,1,1
151643754,late40_r60_n30,dt_ge_2026-03-21_lt_2026-08-07,40,28,0.7000,7,0.1750,226.30,-11.06,-0.0489,40,28,0.7000,7,32,1,0.1795,226.30,-11.06,0.00,-11.06,-0.0489,0.0000,1,1
151644046,late40_r60_n30,dt_ge_2026-03-21_lt_2026-08-07,33,23,0.6970,12,0.3636,180.71,15.68,0.0868,33,23,0.6970,12,19,2,0.3871,180.71,15.68,0.00,15.68,0.0868,0.0000,1,1
151648974,late40_r60_n30,dt_ge_2026-03-21_lt_2026-08-07,43,28,0.6512,21,0.4884,123.40,-13.82,-0.1120,43,28,0.6512,21,20,2,0.5122,123.40,-13.82,0.00,-13.82,-0.1120,0.0000,1,1
151649576,late40_r60_n30,dt_ge_2026-03-21_lt_2026-08-07,66,40,0.6061,15,0.2273,41.54,21.08,0.5075,66,40,0.6061,15,51,0,0.2273,41.54,21.08,0.00,21.08,0.5075,0.0000,1,1
151665065,late40_r60_n30,dt_ge_2026-03-21_lt_2026-08-07,34,23,0.6765,10,0.2941,393.45,191.45,0.4866,34,23,0.6765,10,23,1,0.3030,393.45,191.45,0.00,191.45,0.4866,0.0000,1,1
151670460,late40_r60_n30,dt_ge_2026-03-21_lt_2026-08-07,41,25,0.6098,18,0.4390,3155.00,-122.50,-0.0388,41,25,0.6098,18,19,4,0.4865,3155.00,-122.50,0.00,-122.50,-0.0388,0.0000,1,1
151670531,late40_r60_n30,dt_ge_2026-03-21_lt_2026-08-07,61,43,0.7049,14,0.2295,1117.34,-257.89,-0.2308,61,43,0.7049,14,42,5,0.2500,1117.34,-257.89,0.00,-257.89,-0.2308,0.0000,1,1
151673960,late40_r60_n30,dt_ge_2026-03-21_lt_2026-08-07,60,37,0.6167,25,0.4167,11223.81,-518.14,-0.0462,60,37,0.6167,25,29,6,0.4630,11223.81,-518.14,0.00,-518.14,-0.0462,0.0000,1,1
151677344,late40_r60_n30,dt_ge_2026-03-21_lt_2026-08-07,37,27,0.7297,11,0.2973,78.72,-10.32,-0.1311,37,27,0.7297,11,25,1,0.3056,78.72,-10.32,0.00,-10.32,-0.1311,0.0000,1,1
151681300,late40_r60_n30,dt_ge_2026-03-21_lt_2026-08-07,59,43,0.7288,9,0.1525,145.40,16.41,0.1129,59,43,0.7288,9,50,0,0.1525,145.40,16.41,0.00,16.41,0.1129,0.0000,1,1
151683568,late40_r60_n30,dt_ge_2026-03-21_lt_2026-08-07,33,23,0.6970,15,0.4545,1654.79,-1.41,-0.0009,33,23,0.6970,15,17,1,0.4688,1654.79,-1.41,0.00,-1.41,-0.0009,0.0000,1,1
151695997,late40_r60_n30,dt_ge_2026-03-21_lt_2026-08-07,84,63,0.7500,26,0.3095,458.01,-1.96,-0.0043,84,63,0.7500,26,55,3,0.3210,458.01,-1.96,0.00,-1.96,-0.0043,0.0000,1,1
151704797,late40_r60_n30,dt_ge_2026-03-21_lt_2026-08-07,49,49,1.0000,14,0.2857,99.18,137.61,1.3874,49,49,1.0000,14,34,1,0.2917,99.18,137.61,0.00,137.61,1.3874,0.0000,1,1
151706092,late40_r60_n30,dt_ge_2026-03-21_lt_2026-08-07,48,41,0.8542,9,0.1875,241.73,26.87,0.1112,48,41,0.8542,9,37,2,0.1957,241.73,26.87,0.00,26.87,0.1112,0.0000,1,1
151707133,late40_r60_n30,dt_ge_2026-03-21_lt_2026-08-07,44,43,0.9773,6,0.1364,174.55,-42.82,-0.2453,44,43,0.9773,6,37,1,0.1395,174.55,-42.82,0.00,-42.82,-0.2453,0.0000,1,1
151708297,late40_r60_n30,dt_ge_2026-03-21_lt_2026-08-07,37,23,0.6216,13,0.3514,5964.55,-1584.87,-0.2657,37,23,0.6216,13,22,2,0.3714,5964.55,-1584.87,47.72,-1537.15,-0.2657,0.0000,1,1
151709857,late40_r60_n30,dt_ge_2026-03-21_lt_2026-08-07,30,22,0.7333,13,0.4333,730.32,-36.64,-0.0502,30,22,0.7333,13,13,4,0.5000,730.32,-36.64,0.00,-36.64,-0.0502,0.0000,1,1
151710737,late40_r60_n30,dt_ge_2026-03-21_lt_2026-08-07,36,29,0.8056,15,0.4167,136.05,-16.57,-0.1218,36,29,0.8056,15,17,4,0.4688,136.05,-16.57,0.00,-16.57,-0.1218,0.0000,1,1
151721129,late40_r60_n30,dt_ge_2026-03-21_lt_2026-08-07,35,21,0.6000,17,0.4857,746.70,-143.82,-0.1926,35,21,0.6000,17,16,2,0.5152,746.70,-143.82,0.00,-143.82,-0.1926,0.0000,1,1
151722254,late40_r60_n30,dt_ge_2026-03-21_lt_2026-08-07,39,34,0.8718,11,0.2821,230.98,86.80,0.3758,39,34,0.8718,11,28,0,0.2821,230.98,86.80,0.00,86.80,0.3758,0.0000,1,1
151740713,late40_r60_n30,dt_ge_2026-03-21_lt_2026-08-07,50,30,0.6000,2,0.0400,131.15,-85.25,-0.6500,50,30,0.6000,2,47,1,0.0408,131.15,-85.25,0.00,-85.25,-0.6500,0.0000,1,1
151741010,late40_r60_n30,dt_ge_2026-03-21_lt_2026-08-07,58,43,0.7414,24,0.4138,2282.02,-144.14,-0.0632,58,43,0.7414,24,28,6,0.4615,2282.02,-144.14,0.00,-144.14,-0.0632,0.0000,1,1
151745227,late40_r60_n30,dt_ge_2026-03-21_lt_2026-08-07,35,21,0.6000,12,0.3429,154.29,-30.86,-0.2000,35,21,0.6000,12,22,1,0.3529,154.29,-30.86,0.00,-30.86,-0.2000,0.0000,1,1
151749473,late40_r60_n30,dt_ge_2026-03-21_lt_2026-08-07,37,24,0.6486,10,0.2703,70.92,-33.41,-0.4710,37,24,0.6486,10,26,1,0.2778,70.92,-33.41,0.00,-33.41,-0.4710,0.0000,1,1
151758328,late40_r60_n30,dt_ge_2026-03-21_lt_2026-08-07,51,42,0.8235,22,0.4314,512.85,-61.60,-0.1201,51,42,0.8235,22,25,4,0.4681,512.85,-61.60,0.00,-61.60,-0.1201,0.0000,1,1
151765442,late40_r60_n30,dt_ge_2026-03-21_lt_2026-08-07,41,25,0.6098,15,0.3659,145.40,10.80,0.0743,41,25,0.6098,15,23,3,0.3947,145.40,10.80,0.00,10.80,0.0743,0.0000,1,1
151766586,late40_r60_n30,dt_ge_2026-03-21_lt_2026-08-07,77,49,0.6364,24,0.3117,7089.00,1029.00,0.1452,77,49,0.6364,24,49,4,0.3288,7089.00,1029.00,0.00,1029.00,0.1452,0.0000,1,1
151773446,late40_r60_n30,dt_ge_2026-03-21_lt_2026-08-07,32,25,0.7813,13,0.4063,114.46,5.72,0.0500,32,25,0.7813,13,18,1,0.4194,114.46,5.72,0.00,5.72,0.0500,0.0000,1,1
151773917,late40_r60_n30,dt_ge_2026-03-21_lt_2026-08-07,81,49,0.6049,28,0.3457,6102.01,472.45,0.0774,81,49,0.6049,28,46,7,0.3784,6102.01,472.45,0.00,472.45,0.0774,0.0000,1,1
151776756,late40_r60_n30,dt_ge_2026-03-21_lt_2026-08-07,39,25,0.6410,15,0.3846,11996.00,-3038.10,-0.2533,39,25,0.6410,15,19,5,0.4412,11996.00,-3038.10,0.00,-3038.10,-0.2533,0.0000,1,1
151785094,late40_r60_n30,dt_ge_2026-03-21_lt_2026-08-07,44,31,0.7045,22,0.5000,2625.51,706.80,0.2692,44,31,0.7045,22,17,5,0.5641,2625.51,706.80,0.00,706.80,0.2692,0.0000,1,1
151785859,late40_r60_n30,dt_ge_2026-03-21_lt_2026-08-07,50,34,0.6800,14,0.2800,122.55,-31.78,-0.2593,50,34,0.6800,14,33,3,0.2979,122.55,-31.78,0.00,-31.78,-0.2593,0.0000,1,1
151790038,late40_r60_n30,dt_ge_2026-03-21_lt_2026-08-07,31,28,0.9032,7,0.2258,3524.20,523.35,0.1485,31,28,0.9032,7,22,2,0.2414,3524.20,523.35,28.19,551.54,0.1485,0.0000,1,1
151807670,late40_r60_n30,dt_ge_2026-03-21_lt_2026-08-07,30,27,0.9000,7,0.2333,331.72,-45.57,-0.1374,30,27,0.9000,7,22,1,0.2414,331.72,-45.57,2.99,-42.59,-0.1374,0.0000,1,1
151810868,late40_r60_n30,dt_ge_2026-03-21_lt_2026-08-07,30,18,0.6000,2,0.0667,133.52,-92.82,-0.6952,30,18,0.6000,2,27,1,0.0690,133.52,-92.82,0.00,-92.82,-0.6952,0.0000,1,1
151829509,late40_r60_n30,dt_ge_2026-03-21_lt_2026-08-07,37,24,0.6486,9,0.2432,101.16,-20.36,-0.2012,37,24,0.6486,9,26,2,0.2571,101.16,-20.36,0.00,-20.36,-0.2012,0.0000,1,1
151833407,late40_r60_n30,dt_ge_2026-03-21_lt_2026-08-07,30,24,0.8000,10,0.3333,977.19,-541.31,-0.5539,30,24,0.8000,10,15,5,0.4000,977.19,-541.31,0.00,-541.31,-0.5539,0.0000,1,1
151834130,late40_r60_n30,dt_ge_2026-03-21_lt_2026-08-07,33,33,1.0000,15,0.4545,10983.30,1719.50,0.1566,33,33,1.0000,15,17,1,0.4688,10983.30,1719.50,0.00,1719.50,0.1566,0.0000,1,1
151835841,late40_r60_n30,dt_ge_2026-03-21_lt_2026-08-07,176,132,0.7500,60,0.3409,16016.32,942.80,0.0589,176,132,0.7500,60,108,8,0.3571,16016.32,942.80,0.00,942.80,0.0589,0.0000,1,1
151858820,late40_r60_n30,dt_ge_2026-03-21_lt_2026-08-07,36,25,0.6944,10,0.2778,3443.82,1037.22,0.3012,36,25,0.6944,10,21,5,0.3226,3443.82,1037.22,0.00,1037.22,0.3012,0.0000,1,1
151863298,late40_r60_n30,dt_ge_2026-03-21_lt_2026-08-07,31,22,0.7097,13,0.4194,383.16,45.00,0.1174,31,22,0.7097,13,15,3,0.4643,383.16,45.00,0.00,45.00,0.1174,0.0000,1,1
151866877,late40_r60_n30,dt_ge_2026-03-21_lt_2026-08-07,31,20,0.6452,10,0.3226,8795.00,-1073.40,-0.1220,31,20,0.6452,10,17,4,0.3704,8795.00,-1073.40,0.00,-1073.40,-0.1220,0.0000,1,1
151871228,late40_r60_n30,dt_ge_2026-03-21_lt_2026-08-07,50,50,1.0000,9,0.1800,1261.87,-166.17,-0.1317,50,50,1.0000,9,40,1,0.1837,1261.87,-166.17,0.00,-166.17,-0.1317,0.0000,1,1
151871372,late40_r60_n30,dt_ge_2026-03-21_lt_2026-08-07,56,36,0.6429,33,0.5893,14700.00,-260.00,-0.0177,56,36,0.6429,33,20,3,0.6226,14700.00,-260.00,0.00,-260.00,-0.0177,0.0000,1,1
151874847,late40_r60_n30,dt_ge_2026-03-21_lt_2026-08-07,33,21,0.6364,17,0.5152,137.58,-3.10,-0.0225,33,21,0.6364,17,14,2,0.5484,137.58,-3.10,0.00,-3.10,-0.0225,0.0000,1,1
151884825,late40_r60_n30,dt_ge_2026-03-21_lt_2026-08-07,34,25,0.7353,10,0.2941,1088.28,-138.07,-0.1269,34,25,0.7353,10,20,4,0.3333,1088.28,-138.07,0.00,-138.07,-0.1269,0.0000,1,1
151892946,late40_r60_n30,dt_ge_2026-03-21_lt_2026-08-07,32,22,0.6875,8,0.2500,383.03,-144.15,-0.3764,32,22,0.6875,8,19,5,0.2963,383.03,-144.15,0.00,-144.15,-0.3764,0.0000,1,1
151896761,late40_r60_n30,dt_ge_2026-03-21_lt_2026-08-07,202,123,0.6089,96,0.4752,3019.05,130.93,0.0434,202,123,0.6089,96,84,22,0.5333,3019.05,130.93,0.00,130.93,0.0434,0.0000,1,1
151905177,late40_r60_n30,dt_ge_2026-03-21_lt_2026-08-07,141,97,0.6879,28,0.1986,750.12,-86.46,-0.1153,141,97,0.6879,28,106,7,0.2090,750.12,-86.46,0.00,-86.46,-0.1153,0.0000,1,1
151914557,late40_r60_n30,dt_ge_2026-03-21_lt_2026-08-07,1237,785,0.6346,396,0.3201,89108.95,-8221.03,-0.0923,1237,785,0.6346,396,765,76,0.3411,89108.95,-8221.03,0.00,-8221.03,-0.0923,0.0000,1,1
151933152,late40_r60_n30,dt_ge_2026-03-21_lt_2026-08-07,121,85,0.7025,21,0.1736,785.16,28.98,0.0369,121,85,0.7025,21,96,4,0.1795,785.16,28.98,0.00,28.98,0.0369,0.0000,1,1
151937326,late40_r60_n30,dt_ge_2026-03-21_lt_2026-08-07,53,35,0.6604,10,0.1887,258.14,-46.33,-0.1795,53,35,0.6604,10,41,2,0.1961,258.14,-46.33,0.00,-46.33,-0.1795,0.0000,1,1
151947006,late40_r60_n30,dt_ge_2026-03-21_lt_2026-08-07,50,35,0.7000,19,0.3800,718.69,1.04,0.0014,50,35,0.7000,19,26,5,0.4222,718.69,1.04,0.00,1.04,0.0014,0.0000,1,1
151951972,late40_r60_n30,dt_ge_2026-03-21_lt_2026-08-07,56,34,0.6071,15,0.2679,305.96,-4.47,-0.0146,56,34,0.6071,15,37,4,0.2885,305.96,-4.47,0.00,-4.47,-0.0146,0.0000,1,1
151952215,late40_r60_n30,dt_ge_2026-03-21_lt_2026-08-07,67,42,0.6269,8,0.1194,2156.98,-98.87,-0.0458,67,42,0.6269,8,58,1,0.1212,2156.98,-98.87,0.00,-98.87,-0.0458,0.0000,1,1
151953125,late40_r60_n30,dt_ge_2026-03-21_lt_2026-08-07,30,21,0.7000,2,0.0667,62.73,-25.34,-0.4040,30,21,0.7000,2,28,0,0.0667,62.73,-25.34,0.00,-25.34,-0.4040,0.0000,1,1
151957117,late40_r60_n30,dt_ge_2026-03-21_lt_2026-08-07,46,28,0.6087,30,0.6522,6606.27,3285.05,0.4973,46,28,0.6087,30,12,4,0.7143,6606.27,3285.05,0.00,3285.05,0.4973,0.0000,1,1
151963032,late40_r60_n30,dt_ge_2026-03-21_lt_2026-08-07,33,33,1.0000,4,0.1212,437.42,-103.12,-0.2357,33,33,1.0000,4,29,0,0.1212,437.42,-103.12,0.00,-103.12,-0.2357,0.0000,1,1
151966145,late40_r60_n30,dt_ge_2026-03-21_lt_2026-08-07,52,37,0.7115,22,0.4231,55978.99,-3121.91,-0.0558,52,37,0.7115,22,24,6,0.4783,55978.99,-3121.91,559.79,-2562.12,-0.0558,0.0000,1,1
151970709,late40_r60_n30,dt_ge_2026-03-21_lt_2026-08-07,32,29,0.9063,3,0.0938,107.60,-62.31,-0.5792,32,29,0.9063,3,27,2,0.1000,107.60,-62.31,0.00,-62.31,-0.5792,0.0000,1,1
151971398,late40_r60_n30,dt_ge_2026-03-21_lt_2026-08-07,64,45,0.7031,16,0.2500,456.35,41.22,0.0903,64,45,0.7031,16,45,3,0.2623,456.35,41.22,0.00,41.22,0.0903,0.0000,1,1
151971418,late40_r60_n30,dt_ge_2026-03-21_lt_2026-08-07,63,56,0.8889,13,0.2063,1540.83,18.44,0.0120,63,56,0.8889,13,47,3,0.2167,1540.83,18.44,0.00,18.44,0.0120,0.0000,1,1
151971464,late40_r60_n30,dt_ge_2026-03-21_lt_2026-08-07,43,26,0.6047,18,0.4186,6953.03,-279.54,-0.0402,43,26,0.6047,18,21,4,0.4615,6953.03,-279.54,55.62,-223.92,-0.0402,0.0000,1,1
151985754,late40_r60_n30,dt_ge_2026-03-21_lt_2026-08-07,44,29,0.6591,17,0.3864,6460.00,611.50,0.0947,44,29,0.6591,17,26,1,0.3953,6460.00,611.50,0.00,611.50,0.0947,0.0000,1,1
151985866,late40_r60_n30,dt_ge_2026-03-21_lt_2026-08-07,47,37,0.7872,9,0.1915,103.23,24.88,0.2410,47,37,0.7872,9,37,1,0.1957,103.23,24.88,0.00,24.88,0.2410,0.0000,1,1
151986165,late40_r60_n30,dt_ge_2026-03-21_lt_2026-08-07,30,19,0.6333,14,0.4667,262.30,5.39,0.0205,30,19,0.6333,14,13,3,0.5185,262.30,5.39,0.00,5.39,0.0205,0.0000,1,1
151987561,late40_r60_n30,dt_ge_2026-03-21_lt_2026-08-07,36,22,0.6111,10,0.2778,1427.21,209.07,0.1465,36,22,0.6111,10,24,2,0.2941,1427.21,209.07,0.00,209.07,0.1465,0.0000,1,1
151993039,late40_r60_n30,dt_ge_2026-03-21_lt_2026-08-07,56,40,0.7143,29,0.5179,37414.30,4173.63,0.1116,56,40,0.7143,29,21,6,0.5800,37414.30,4173.63,0.00,4173.63,0.1116,0.0000,1,1
151998862,late40_r60_n30,dt_ge_2026-03-21_lt_2026-08-07,59,38,0.6441,23,0.3898,618.20,379.77,0.6143,59,38,0.6441,23,35,1,0.3966,618.20,379.77,0.00,379.77,0.6143,0.0000,1,1
152001810,late40_r60_n30,dt_ge_2026-03-21_lt_2026-08-07,37,28,0.7568,12,0.3243,744.03,44.82,0.0602,37,28,0.7568,12,24,1,0.3333,744.03,44.82,0.00,44.82,0.0602,0.0000,1,1
152011299,late40_r60_n30,dt_ge_2026-03-21_lt_2026-08-07,47,37,0.7872,9,0.1915,956.19,-184.81,-0.1933,47,37,0.7872,9,38,0,0.1915,956.19,-184.81,0.00,-184.81,-0.1933,0.0000,1,1
152015626,late40_r60_n30,dt_ge_2026-03-21_lt_2026-08-07,30,19,0.6333,13,0.4333,101.78,26.28,0.2582,30,19,0.6333,13,13,4,0.5000,101.78,26.28,0.00,26.28,0.2582,0.0000,1,1
152018731,late40_r60_n30,dt_ge_2026-03-21_lt_2026-08-07,60,44,0.7333,30,0.5000,601.33,35.16,0.0585,60,44,0.7333,30,26,4,0.5357,601.33,35.16,0.00,35.16,0.0585,0.0000,1,1
152020637,late40_r60_n30,dt_ge_2026-03-21_lt_2026-08-07,36,25,0.6944,6,0.1667,199.55,-20.44,-0.1024,36,25,0.6944,6,30,0,0.1667,199.55,-20.44,0.00,-20.44,-0.1024,0.0000,1,1
152037575,late40_r60_n30,dt_ge_2026-03-21_lt_2026-08-07,640,402,0.6281,306,0.4781,122301.19,8633.87,0.0706,640,402,0.6281,306,280,54,0.5222,122301.19,8633.87,0.00,8633.87,0.0706,0.0000,1,1
152050524,late40_r60_n30,dt_ge_2026-03-21_lt_2026-08-07,45,28,0.6222,10,0.2222,818.09,22.21,0.0271,45,28,0.6222,10,30,5,0.2500,818.09,22.21,0.00,22.21,0.0271,0.0000,1,1
152055211,late40_r60_n30,dt_ge_2026-03-21_lt_2026-08-07,35,28,0.8000,7,0.2000,200.58,19.93,0.0994,35,28,0.8000,7,25,3,0.2188,200.58,19.93,0.00,19.93,0.0994,0.0000,1,1
152055978,late40_r60_n30,dt_ge_2026-03-21_lt_2026-08-07,128,87,0.6797,16,0.1250,397.98,-49.85,-0.1253,128,87,0.6797,16,108,4,0.1290,397.98,-49.85,3.18,-46.67,-0.1253,0.0000,1,1
152085453,late40_r60_n30,dt_ge_2026-03-21_lt_2026-08-07,49,33,0.6735,19,0.3878,348.54,-58.48,-0.1678,49,33,0.6735,19,26,4,0.4222,348.54,-58.48,0.00,-58.48,-0.1678,0.0000,1,1
152086498,late40_r60_n30,dt_ge_2026-03-21_lt_2026-08-07,52,49,0.9423,21,0.4038,1035.29,-101.85,-0.0984,52,49,0.9423,21,26,5,0.4468,1035.29,-101.85,0.00,-101.85,-0.0984,0.0000,1,1
152088455,late40_r60_n30,dt_ge_2026-03-21_lt_2026-08-07,36,24,0.6667,14,0.3889,251.24,57.17,0.2275,36,24,0.6667,14,22,0,0.3889,251.24,57.17,0.00,57.17,0.2275,0.0000,1,1
152095775,late40_r60_n30,dt_ge_2026-03-21_lt_2026-08-07,86,52,0.6047,13,0.1512,897.91,-433.23,-0.4825,86,52,0.6047,13,72,1,0.1529,897.91,-433.23,0.00,-433.23,-0.4825,0.0000,1,1
152102854,late40_r60_n30,dt_ge_2026-03-21_lt_2026-08-07,30,20,0.6667,16,0.5333,1430.00,271.25,0.1897,30,20,0.6667,16,12,2,0.5714,1430.00,271.25,0.00,271.25,0.1897,0.0000,1,1
152103244,late40_r60_n30,dt_ge_2026-03-21_lt_2026-08-07,39,26,0.6667,6,0.1538,259.85,-52.14,-0.2006,39,26,0.6667,6,31,2,0.1622,259.85,-52.14,0.00,-52.14,-0.2006,0.0000,1,1
152107491,late40_r60_n30,dt_ge_2026-03-21_lt_2026-08-07,56,44,0.7857,8,0.1429,1534.59,-485.59,-0.3164,56,44,0.7857,8,48,0,0.1429,1534.59,-485.59,0.00,-485.59,-0.3164,0.0000,1,1
152114519,late40_r60_n30,dt_ge_2026-03-21_lt_2026-08-07,74,53,0.7162,21,0.2838,550.51,-173.77,-0.3157,74,53,0.7162,21,49,4,0.3000,550.51,-173.77,0.00,-173.77,-0.3157,0.0000,1,1
152123327,late40_r60_n30,dt_ge_2026-03-21_lt_2026-08-07,36,29,0.8056,16,0.4444,1162.60,-69.96,-0.0602,36,29,0.8056,16,18,2,0.4706,1162.60,-69.96,0.00,-69.96,-0.0602,0.0000,1,1
152127921,late40_r60_n30,dt_ge_2026-03-21_lt_2026-08-07,40,26,0.6500,14,0.3500,598.91,189.32,0.3161,40,26,0.6500,14,22,4,0.3889,598.91,189.32,0.00,189.32,0.3161,0.0000,1,1
152132776,late40_r60_n30,dt_ge_2026-03-21_lt_2026-08-07,38,23,0.6053,18,0.4737,247.18,24.29,0.0983,38,23,0.6053,18,16,4,0.5294,247.18,24.29,0.00,24.29,0.0983,0.0000,1,1
152140706,late40_r60_n30,dt_ge_2026-03-21_lt_2026-08-07,43,43,1.0000,9,0.2093,1259.00,836.05,0.6641,43,43,1.0000,9,31,3,0.2250,1259.00,836.05,0.00,836.05,0.6641,0.0000,1,1
152148215,late40_r60_n30,dt_ge_2026-03-21_lt_2026-08-07,43,26,0.6047,18,0.4186,189.02,41.54,0.2198,43,26,0.6047,18,21,4,0.4615,189.02,41.54,0.00,41.54,0.2198,0.0000,1,1
152157341,late40_r60_n30,dt_ge_2026-03-21_lt_2026-08-07,32,22,0.6875,7,0.2188,502.74,157.21,0.3127,32,22,0.6875,7,25,0,0.2188,502.74,157.21,0.00,157.21,0.3127,0.0000,1,1
152163139,late40_r60_n30,dt_ge_2026-03-21_lt_2026-08-07,42,26,0.6190,12,0.2857,389.46,-34.79,-0.0893,42,26,0.6190,12,29,1,0.2927,389.46,-34.79,0.00,-34.79,-0.0893,0.0000,1,1
152170237,late40_r60_n30,dt_ge_2026-03-21_lt_2026-08-07,33,24,0.7273,8,0.2424,292.05,-62.73,-0.2148,33,24,0.7273,8,24,1,0.2500,292.05,-62.73,0.00,-62.73,-0.2148,0.0000,1,1
152174275,late40_r60_n30,dt_ge_2026-03-21_lt_2026-08-07,50,34,0.6800,10,0.2000,158.68,-89.98,-0.5670,50,34,0.6800,10,40,0,0.2000,158.68,-89.98,0.00,-89.98,-0.5670,0.0000,1,1
152181803,late40_r60_n30,dt_ge_2026-03-21_lt_2026-08-07,62,44,0.7097,11,0.1774,1496.92,209.68,0.1401,62,44,0.7097,11,46,5,0.1930,1496.92,209.68,0.00,209.68,0.1401,0.0000,1,1
152184772,late40_r60_n30,dt_ge_2026-03-21_lt_2026-08-07,43,33,0.7674,13,0.3023,232.46,27.45,0.1181,43,33,0.7674,13,27,3,0.3250,232.46,27.45,0.00,27.45,0.1181,0.0000,1,1
152192040,late40_r60_n30,dt_ge_2026-03-21_lt_2026-08-07,51,33,0.6471,16,0.3137,2370.00,1050.00,0.4430,51,33,0.6471,16,27,8,0.3721,2370.00,1050.00,0.00,1050.00,0.4430,0.0000,1,1
152193758,late40_r60_n30,dt_ge_2026-03-21_lt_2026-08-07,45,28,0.6222,13,0.2889,774.04,200.32,0.2588,45,28,0.6222,13,30,2,0.3023,774.04,200.32,0.00,200.32,0.2588,0.0000,1,1
152199733,late40_r60_n30,dt_ge_2026-03-21_lt_2026-08-07,135,108,0.8000,24,0.1778,1695.17,-226.55,-0.1336,135,108,0.8000,24,110,1,0.1791,1695.17,-226.55,0.00,-226.55,-0.1336,0.0000,1,1
152213329,late40_r60_n30,dt_ge_2026-03-21_lt_2026-08-07,38,23,0.6053,5,0.1316,144.01,25.72,0.1786,38,23,0.6053,5,33,0,0.1316,144.01,25.72,0.00,25.72,0.1786,0.0000,1,1
152213751,late40_r60_n30,dt_ge_2026-03-21_lt_2026-08-07,34,24,0.7059,15,0.4412,115.23,-12.61,-0.1095,34,24,0.7059,15,13,6,0.5357,115.23,-12.61,0.00,-12.61,-0.1095,0.0000,1,1
152217188,late40_r60_n30,dt_ge_2026-03-21_lt_2026-08-07,52,40,0.7692,21,0.4038,1696.00,541.90,0.3195,52,40,0.7692,21,25,6,0.4565,1696.00,541.90,0.00,541.90,0.3195,0.0000,1,1
152218018,late40_r60_n30,dt_ge_2026-03-21_lt_2026-08-07,38,25,0.6579,12,0.3158,1627.79,-180.65,-0.1110,38,25,0.6579,12,24,2,0.3333,1627.79,-180.65,0.00,-180.65,-0.1110,0.0000,1,1
152219837,late40_r60_n30,dt_ge_2026-03-21_lt_2026-08-07,32,21,0.6563,10,0.3125,1397.55,-557.31,-0.3988,32,21,0.6563,10,19,3,0.3448,1397.55,-557.31,0.00,-557.31,-0.3988,0.0000,1,1
152223807,late40_r60_n30,dt_ge_2026-03-21_lt_2026-08-07,31,31,1.0000,9,0.2903,382.85,5.99,0.0156,31,31,1.0000,9,22,0,0.2903,382.85,5.99,0.00,5.99,0.0156,0.0000,1,1
152226213,late40_r60_n30,dt_ge_2026-03-21_lt_2026-08-07,30,18,0.6000,5,0.1667,114.24,-20.77,-0.1818,30,18,0.6000,5,25,0,0.1667,114.24,-20.77,0.00,-20.77,-0.1818,0.0000,1,1
152244299,late40_r60_n30,dt_ge_2026-03-21_lt_2026-08-07,32,21,0.6563,7,0.2188,282.87,106.08,0.3750,32,21,0.6563,7,25,0,0.2188,282.87,106.08,0.00,106.08,0.3750,0.0000,1,1
152244768,late40_r60_n30,dt_ge_2026-03-21_lt_2026-08-07,45,29,0.6444,12,0.2667,195.25,66.36,0.3399,45,29,0.6444,12,32,1,0.2727,195.25,66.36,0.00,66.36,0.3399,0.0000,1,1
152264217,late40_r60_n30,dt_ge_2026-03-21_lt_2026-08-07,43,26,0.6047,23,0.5349,159.75,20.79,0.1301,43,26,0.6047,23,18,2,0.5610,159.75,20.79,0.00,20.79,0.1301,0.0000,1,1
152270600,late40_r60_n30,dt_ge_2026-03-21_lt_2026-08-07,62,54,0.8710,22,0.3548,35843.69,-641.74,-0.0179,62,54,0.8710,22,38,2,0.3667,35843.69,-641.74,0.00,-641.74,-0.0179,0.0000,1,1
152276299,late40_r60_n30,dt_ge_2026-03-21_lt_2026-08-07,92,58,0.6304,13,0.1413,4057.70,-308.46,-0.0760,92,58,0.6304,13,76,3,0.1461,4057.70,-308.46,0.00,-308.46,-0.0760,0.0000,1,1
152277848,late40_r60_n30,dt_ge_2026-03-21_lt_2026-08-07,33,20,0.6061,5,0.1515,563.17,-54.00,-0.0959,33,20,0.6061,5,28,0,0.1515,563.17,-54.00,0.00,-54.00,-0.0959,0.0000,1,1
152283636,late40_r60_n30,dt_ge_2026-03-21_lt_2026-08-07,30,20,0.6667,11,0.3667,2470.50,-221.12,-0.0895,30,20,0.6667,11,18,1,0.3793,2470.50,-221.12,0.00,-221.12,-0.0895,0.0000,1,1
152287029,late40_r60_n30,dt_ge_2026-03-21_lt_2026-08-07,44,29,0.6591,10,0.2273,3175.95,-130.86,-0.0412,44,29,0.6591,10,33,1,0.2326,3175.95,-130.86,0.00,-130.86,-0.0412,0.0000,1,1
152296270,late40_r60_n30,dt_ge_2026-03-21_lt_2026-08-07,31,21,0.6774,5,0.1613,271.74,-108.70,-0.4000,31,21,0.6774,5,25,1,0.1667,271.74,-108.70,0.00,-108.70,-0.4000,0.0000,1,1
152297817,late40_r60_n30,dt_ge_2026-03-21_lt_2026-08-07,41,30,0.7317,14,0.3415,295.63,-20.85,-0.0705,41,30,0.7317,14,24,3,0.3684,295.63,-20.85,0.89,-19.96,-0.0705,0.0000,1,1
152306489,late40_r60_n30,dt_ge_2026-03-21_lt_2026-08-07,30,23,0.7667,14,0.4667,1235.12,241.53,0.1955,30,23,0.7667,14,12,4,0.5385,1235.12,241.53,0.00,241.53,0.1955,0.0000,1,1
152306940,late40_r60_n30,dt_ge_2026-03-21_lt_2026-08-07,39,30,0.7692,19,0.4872,10327.11,1549.07,0.1500,39,30,0.7692,19,19,1,0.5000,10327.11,1549.07,0.00,1549.07,0.1500,0.0000,1,1
152307200,late40_r60_n30,dt_ge_2026-03-21_lt_2026-08-07,528,319,0.6042,85,0.1610,1459.96,-69.15,-0.0474,528,319,0.6042,85,434,9,0.1638,1459.96,-69.15,0.00,-69.15,-0.0474,0.0000,1,1
152320847,late40_r60_n30,dt_ge_2026-03-21_lt_2026-08-07,168,113,0.6726,51,0.3036,9631.89,-1161.17,-0.1206,168,113,0.6726,51,110,7,0.3168,9631.89,-1161.17,0.00,-1161.17,-0.1206,0.0000,1,1
152322411,late40_r60_n30,dt_ge_2026-03-21_lt_2026-08-07,42,34,0.8095,10,0.2381,439.44,243.74,0.5547,42,34,0.8095,10,31,1,0.2439,439.44,243.74,0.00,243.74,0.5547,0.0000,1,1
152328514,late40_r60_n30,dt_ge_2026-03-21_lt_2026-08-07,73,57,0.7808,34,0.4658,792.22,-40.88,-0.0516,73,57,0.7808,34,35,4,0.4928,792.22,-40.88,7.13,-33.75,-0.0516,0.0000,1,1
152333619,late40_r60_n30,dt_ge_2026-03-21_lt_2026-08-07,65,39,0.6000,26,0.4000,303.11,-20.85,-0.0688,65,39,0.6000,26,29,10,0.4727,303.11,-20.85,0.00,-20.85,-0.0688,0.0000,1,1
152334728,late40_r60_n30,dt_ge_2026-03-21_lt_2026-08-07,34,22,0.6471,11,0.3235,188.47,-65.45,-0.3473,34,22,0.6471,11,17,6,0.3929,188.47,-65.45,0.00,-65.45,-0.3473,0.0000,1,1
152335715,late40_r60_n30,dt_ge_2026-03-21_lt_2026-08-07,42,26,0.6190,20,0.4762,227.41,23.59,0.1037,42,26,0.6190,20,20,2,0.5000,227.41,23.59,0.00,23.59,0.1037,0.0000,1,1
152341192,late40_r60_n30,dt_ge_2026-03-21_lt_2026-08-07,38,30,0.7895,18,0.4737,697.99,48.95,0.0701,38,30,0.7895,18,16,4,0.5294,697.99,48.95,5.58,54.54,0.0701,0.0000,1,1
152347002,late40_r60_n30,dt_ge_2026-03-21_lt_2026-08-07,60,37,0.6167,26,0.4333,4193.07,524.88,0.1252,60,37,0.6167,26,34,0,0.4333,4193.07,524.88,0.00,524.88,0.1252,0.0000,1,1
152348630,late40_r60_n30,dt_ge_2026-03-21_lt_2026-08-07,31,21,0.6774,5,0.1613,197.65,-100.76,-0.5098,31,21,0.6774,5,25,1,0.1667,197.65,-100.76,0.00,-100.76,-0.5098,0.0000,1,1
152348844,late40_r60_n30,dt_ge_2026-03-21_lt_2026-08-07,47,33,0.7021,21,0.4468,151.86,-10.02,-0.0659,47,33,0.7021,21,23,3,0.4773,151.86,-10.02,0.00,-10.02,-0.0659,0.0000,1,1
152349717,late40_r60_n30,dt_ge_2026-03-21_lt_2026-08-07,72,44,0.6111,32,0.4444,195.70,13.55,0.0693,72,44,0.6111,32,35,5,0.4776,195.70,13.55,0.00,13.55,0.0693,0.0000,1,1
152356262,late40_r60_n30,dt_ge_2026-03-21_lt_2026-08-07,35,22,0.6286,16,0.4571,7056.00,1744.00,0.2472,35,22,0.6286,16,18,1,0.4706,7056.00,1744.00,0.00,1744.00,0.2472,0.0000,1,1
152360601,late40_r60_n30,dt_ge_2026-03-21_lt_2026-08-07,31,19,0.6129,10,0.3226,202.35,122.94,0.6076,31,19,0.6129,10,17,4,0.3704,202.35,122.94,0.00,122.94,0.6076,0.0000,1,1
152388375,late40_r60_n30,dt_ge_2026-03-21_lt_2026-08-07,35,21,0.6000,7,0.2000,304.65,-64.54,-0.2119,35,21,0.6000,7,24,4,0.2258,304.65,-64.54,0.00,-64.54,-0.2119,0.0000,1,1
152395036,late40_r60_n30,dt_ge_2026-03-21_lt_2026-08-07,65,44,0.6769,22,0.3385,402.76,-96.82,-0.2404,65,44,0.6769,22,38,5,0.3667,402.76,-96.82,0.00,-96.82,-0.2404,0.0000,1,1
152403763,late40_r60_n30,dt_ge_2026-03-21_lt_2026-08-07,44,31,0.7045,11,0.2500,988.82,-64.54,-0.0653,44,31,0.7045,11,30,3,0.2683,988.82,-64.54,0.00,-64.54,-0.0653,0.0000,1,1
152404266,late40_r60_n30,dt_ge_2026-03-21_lt_2026-08-07,101,72,0.7129,16,0.1584,219.52,59.48,0.2709,101,72,0.7129,16,85,0,0.1584,219.52,59.48,0.00,59.48,0.2709,0.0000,1,1
152409649,late40_r60_n30,dt_ge_2026-03-21_lt_2026-08-07,43,35,0.8140,7,0.1628,1110.16,286.84,0.2584,43,35,0.8140,7,35,1,0.1667,1110.16,286.84,0.00,286.84,0.2584,0.0000,1,1
152416653,late40_r60_n30,dt_ge_2026-03-21_lt_2026-08-07,37,33,0.8919,4,0.1081,1616.73,-369.95,-0.2288,37,33,0.8919,4,31,2,0.1143,1616.73,-369.95,0.00,-369.95,-0.2288,0.0000,1,1
152421869,late40_r60_n30,dt_ge_2026-03-21_lt_2026-08-07,40,25,0.6250,13,0.3250,939.58,380.37,0.4048,40,25,0.6250,13,25,2,0.3421,939.58,380.37,8.46,388.83,0.4048,0.0000,1,1
152424078,late40_r60_n30,dt_ge_2026-03-21_lt_2026-08-07,117,105,0.8974,16,0.1368,612.35,-102.30,-0.1671,117,105,0.8974,16,99,2,0.1391,612.35,-102.30,0.00,-102.30,-0.1671,0.0000,1,1
152470702,late40_r60_n30,dt_ge_2026-03-21_lt_2026-08-07,96,83,0.8646,21,0.2188,9944.00,-691.95,-0.0696,96,83,0.8646,21,70,5,0.2308,9944.00,-691.95,0.00,-691.95,-0.0696,0.0000,1,1
152478833,late40_r60_n30,dt_ge_2026-03-21_lt_2026-08-07,131,89,0.6794,27,0.2061,1797.69,399.69,0.2223,131,89,0.6794,27,101,3,0.2109,1797.69,399.69,0.00,399.69,0.2223,0.0000,1,1
152484724,late40_r60_n30,dt_ge_2026-03-21_lt_2026-08-07,31,25,0.8065,14,0.4516,112.57,48.33,0.4294,31,25,0.8065,14,17,0,0.4516,112.57,48.33,0.00,48.33,0.4294,0.0000,1,1
152493821,late40_r60_n30,dt_ge_2026-03-21_lt_2026-08-07,42,35,0.8333,10,0.2381,1017.22,204.73,0.2013,42,35,0.8333,10,32,0,0.2381,1017.22,204.73,0.00,204.73,0.2013,0.0000,1,1
152498569,late40_r60_n30,dt_ge_2026-03-21_lt_2026-08-07,32,22,0.6875,11,0.3438,1446.06,-492.79,-0.3408,32,22,0.6875,11,19,2,0.3667,1446.06,-492.79,11.57,-481.22,-0.3408,0.0000,1,1
152502742,late40_r60_n30,dt_ge_2026-03-21_lt_2026-08-07,70,51,0.7286,36,0.5143,671.26,18.98,0.0283,70,51,0.7286,36,29,5,0.5538,671.26,18.98,0.00,18.98,0.0283,0.0000,1,1
152503742,late40_r60_n30,dt_ge_2026-03-21_lt_2026-08-07,37,25,0.6757,9,0.2432,250.43,-30.21,-0.1206,37,25,0.6757,9,28,0,0.2432,250.43,-30.21,0.00,-30.21,-0.1206,0.0000,1,1
152519271,late40_r60_n30,dt_ge_2026-03-21_lt_2026-08-07,45,38,0.8444,16,0.3556,194.92,115.08,0.5904,45,38,0.8444,16,25,4,0.3902,194.92,115.08,0.00,115.08,0.5904,0.0000,1,1
152519821,late40_r60_n30,dt_ge_2026-03-21_lt_2026-08-07,36,24,0.6667,16,0.4444,172.98,9.55,0.0552,36,24,0.6667,16,15,5,0.5161,172.98,9.55,0.00,9.55,0.0552,0.0000,1,1
152528981,late40_r60_n30,dt_ge_2026-03-21_lt_2026-08-07,52,38,0.7308,12,0.2308,25835.97,-4184.00,-0.1619,52,38,0.7308,12,39,1,0.2353,25835.97,-4184.00,0.00,-4184.00,-0.1619,0.0000,1,1
152535907,late40_r60_n30,dt_ge_2026-03-21_lt_2026-08-07,36,27,0.7500,13,0.3611,1796.39,-300.25,-0.1671,36,27,0.7500,13,21,2,0.3824,1796.39,-300.25,0.00,-300.25,-0.1671,0.0000,1,1
152539036,late40_r60_n30,dt_ge_2026-03-21_lt_2026-08-07,33,20,0.6061,15,0.4545,6555.13,215.58,0.0329,33,20,0.6061,15,14,4,0.5172,6555.13,215.58,0.00,215.58,0.0329,0.0000,1,1
152541750,late40_r60_n30,dt_ge_2026-03-21_lt_2026-08-07,39,24,0.6154,23,0.5897,95.53,21.69,0.2270,39,24,0.6154,23,14,2,0.6216,95.53,21.69,0.00,21.69,0.2270,0.0000,1,1
152543951,late40_r60_n30,dt_ge_2026-03-21_lt_2026-08-07,48,33,0.6875,20,0.4167,6823.00,-204.50,-0.0300,48,33,0.6875,20,23,5,0.4651,6823.00,-204.50,0.00,-204.50,-0.0300,0.0000,1,1
152560562,late40_r60_n30,dt_ge_2026-03-21_lt_2026-08-07,36,23,0.6389,17,0.4722,273.67,51.64,0.1887,36,23,0.6389,17,14,5,0.5484,273.67,51.64,0.00,51.64,0.1887,0.0000,1,1
152563391,late40_r60_n30,dt_ge_2026-03-21_lt_2026-08-07,76,68,0.8947,10,0.1316,407.66,-169.24,-0.4151,76,68,0.8947,10,64,2,0.1351,407.66,-169.24,0.00,-169.24,-0.4151,0.0000,1,1
152577035,late40_r60_n30,dt_ge_2026-03-21_lt_2026-08-07,55,39,0.7091,10,0.1818,439.44,-102.20,-0.2326,55,39,0.7091,10,44,1,0.1852,439.44,-102.20,3.52,-98.68,-0.2326,0.0000,1,1
152579668,late40_r60_n30,dt_ge_2026-03-21_lt_2026-08-07,31,21,0.6774,11,0.3548,22681.00,-5769.00,-0.2544,31,21,0.6774,11,17,3,0.3929,22681.00,-5769.00,0.00,-5769.00,-0.2544,0.0000,1,1
152591407,late40_r60_n30,dt_ge_2026-03-21_lt_2026-08-07,40,26,0.6500,10,0.2500,2977.05,-516.10,-0.1734,40,26,0.6500,10,26,4,0.2778,2977.05,-516.10,0.00,-516.10,-0.1734,0.0000,1,1
152597444,late40_r60_n30,dt_ge_2026-03-21_lt_2026-08-07,35,27,0.7714,3,0.0857,120.59,-40.88,-0.3390,35,27,0.7714,3,31,1,0.0882,120.59,-40.88,0.00,-40.88,-0.3390,0.0000,1,1
152602939,late40_r60_n30,dt_ge_2026-03-21_lt_2026-08-07,133,97,0.7293,38,0.2857,3524.51,-170.46,-0.0484,133,97,0.7293,38,87,8,0.3040,3524.51,-170.46,0.00,-170.46,-0.0484,0.0000,1,1
152603541,late40_r60_n30,dt_ge_2026-03-21_lt_2026-08-07,34,31,0.9118,9,0.2647,784.86,-70.00,-0.0892,34,31,0.9118,9,23,2,0.2813,784.86,-70.00,0.00,-70.00,-0.0892,0.0000,1,1
152620427,late40_r60_n30,dt_ge_2026-03-21_lt_2026-08-07,834,527,0.6319,235,0.2818,8142.38,-302.95,-0.0372,834,527,0.6319,235,559,40,0.2960,8142.38,-302.95,0.00,-302.95,-0.0372,0.0000,1,1
152623566,late40_r60_n30,dt_ge_2026-03-21_lt_2026-08-07,41,26,0.6341,5,0.1220,369.19,-111.27,-0.3014,41,26,0.6341,5,33,3,0.1316,369.19,-111.27,0.00,-111.27,-0.3014,0.0000,1,1
152626381,late40_r60_n30,dt_ge_2026-03-21_lt_2026-08-07,132,82,0.6212,31,0.2348,680.82,-193.25,-0.2838,132,82,0.6212,31,94,7,0.2480,680.82,-193.25,0.00,-193.25,-0.2838,0.0000,1,1
152626913,late40_r60_n30,dt_ge_2026-03-21_lt_2026-08-07,1161,719,0.6193,339,0.2920,11909.06,125.21,0.0105,1161,719,0.6193,339,753,69,0.3104,11909.06,125.21,0.00,125.21,0.0105,0.0000,1,1
152632347,late40_r60_n30,dt_ge_2026-03-21_lt_2026-08-07,52,34,0.6538,25,0.4808,593.81,40.02,0.0674,52,34,0.6538,25,21,6,0.5435,593.81,40.02,0.00,40.02,0.0674,0.0000,1,1
152642746,late40_r60_n30,dt_ge_2026-03-21_lt_2026-08-07,44,31,0.7045,13,0.2955,615.21,-59.78,-0.0972,44,31,0.7045,13,30,1,0.3023,615.21,-59.78,0.00,-59.78,-0.0972,0.0000,1,1
152649235,late40_r60_n30,dt_ge_2026-03-21_lt_2026-08-07,43,26,0.6047,15,0.3488,30.66,-13.59,-0.4433,43,26,0.6047,15,22,6,0.4054,30.66,-13.59,0.00,-13.59,-0.4433,0.0000,1,1
152650022,late40_r60_n30,dt_ge_2026-03-21_lt_2026-08-07,47,47,1.0000,9,0.1915,304.65,-45.57,-0.1496,47,47,1.0000,9,38,0,0.1915,304.65,-45.57,0.00,-45.57,-0.1496,0.0000,1,1
152657058,late40_r60_n30,dt_ge_2026-03-21_lt_2026-08-07,91,60,0.6593,21,0.2308,679.01,153.09,0.2255,91,60,0.6593,21,67,3,0.2386,679.01,153.09,0.00,153.09,0.2255,0.0000,1,1
152660700,late40_r60_n30,dt_ge_2026-03-21_lt_2026-08-07,39,32,0.8205,9,0.2308,1015.82,53.14,0.0523,39,32,0.8205,9,30,0,0.2308,1015.82,53.14,0.00,53.14,0.0523,0.0000,1,1
152662640,late40_r60_n30,dt_ge_2026-03-21_lt_2026-08-07,37,25,0.6757,17,0.4595,756.72,63.00,0.0832,37,25,0.6757,17,15,5,0.5313,756.72,63.00,0.00,63.00,0.0832,0.0000,1,1
152663081,late40_r60_n30,dt_ge_2026-03-21_lt_2026-08-07,32,22,0.6875,19,0.5938,296.37,114.46,0.3862,32,22,0.6875,19,10,3,0.6552,296.37,114.46,0.00,114.46,0.3862,0.0000,1,1
152664482,late40_r60_n30,dt_ge_2026-03-21_lt_2026-08-07,30,23,0.7667,5,0.1667,458.45,-102.30,-0.2231,30,23,0.7667,5,25,0,0.1667,458.45,-102.30,0.00,-102.30,-0.2231,0.0000,1,1
152674042,late40_r60_n30,dt_ge_2026-03-21_lt_2026-08-07,34,24,0.7059,14,0.4118,1236.41,-127.72,-0.1033,34,24,0.7059,14,17,3,0.4516,1236.41,-127.72,0.00,-127.72,-0.1033,0.0000,1,1
152680864,late40_r60_n30,dt_ge_2026-03-21_lt_2026-08-07,106,70,0.6604,39,0.3679,766.46,-119.47,-0.1559,106,70,0.6604,39,62,5,0.3861,766.46,-119.47,0.00,-119.47,-0.1559,0.0000,1,1
152685002,late40_r60_n30,dt_ge_2026-03-21_lt_2026-08-07,47,37,0.7872,17,0.3617,183.31,74.61,0.4070,47,37,0.7872,17,28,2,0.3778,183.31,74.61,0.00,74.61,0.4070,0.0000,1,1
152689706,late40_r60_n30,dt_ge_2026-03-21_lt_2026-08-07,70,42,0.6000,11,0.1571,1825.32,-286.60,-0.1570,70,42,0.6000,11,57,2,0.1618,1825.32,-286.60,0.00,-286.60,-0.1570,0.0000,1,1
152692683,late40_r60_n30,dt_ge_2026-03-21_lt_2026-08-07,46,34,0.7391,13,0.2826,89.93,58.46,0.6500,46,34,0.7391,13,31,2,0.2955,89.93,58.46,0.00,58.46,0.6500,0.0000,1,1
152696763,late40_r60_n30,dt_ge_2026-03-21_lt_2026-08-07,65,41,0.6308,23,0.3538,693.09,-40.88,-0.0590,65,41,0.6308,23,39,3,0.3710,693.09,-40.88,0.00,-40.88,-0.0590,0.0000,1,1
152698873,late40_r60_n30,dt_ge_2026-03-21_lt_2026-08-07,35,22,0.6286,14,0.4000,1244.68,276.51,0.2222,35,22,0.6286,14,20,1,0.4118,1244.68,276.51,0.00,276.51,0.2222,0.0000,1,1
152699020,late40_r60_n30,dt_ge_2026-03-21_lt_2026-08-07,66,42,0.6364,30,0.4545,1218.17,364.33,0.2991,66,42,0.6364,30,34,2,0.4688,1218.17,364.33,0.00,364.33,0.2991,0.0000,1,1
152699853,late40_r60_n30,dt_ge_2026-03-21_lt_2026-08-07,34,21,0.6176,12,0.3529,627.48,86.46,0.1378,34,21,0.6176,12,21,1,0.3636,627.48,86.46,0.00,86.46,0.1378,0.0000,1,1
152703901,late40_r60_n30,dt_ge_2026-03-21_lt_2026-08-07,38,27,0.7105,21,0.5526,1361.95,336.44,0.2470,38,27,0.7105,21,15,2,0.5833,1361.95,336.44,0.00,336.44,0.2470,0.0000,1,1
152712059,late40_r60_n30,dt_ge_2026-03-21_lt_2026-08-07,286,186,0.6503,59,0.2063,15337.86,3317.87,0.2163,286,186,0.6503,59,217,10,0.2138,15337.86,3317.87,0.00,3317.87,0.2163,0.0000,1,1
152716562,late40_r60_n30,dt_ge_2026-03-21_lt_2026-08-07,75,47,0.6267,31,0.4133,228.49,-46.46,-0.2033,75,47,0.6267,31,39,5,0.4429,228.49,-46.46,0.00,-46.46,-0.2033,0.0000,1,1
152722079,late40_r60_n30,dt_ge_2026-03-21_lt_2026-08-07,51,48,0.9412,12,0.2353,13.69,3.23,0.2358,51,48,0.9412,12,35,4,0.2553,13.69,3.23,0.00,3.23,0.2358,0.0000,1,1
152744852,late40_r60_n30,dt_ge_2026-03-21_lt_2026-08-07,31,31,1.0000,3,0.0968,154.11,-102.30,-0.6638,31,31,1.0000,3,28,0,0.0968,154.11,-102.30,0.00,-102.30,-0.6638,0.0000,1,1
152749268,late40_r60_n30,dt_ge_2026-03-21_lt_2026-08-07,36,30,0.8333,4,0.1111,573.76,-235.51,-0.4105,36,30,0.8333,4,30,2,0.1176,573.76,-235.51,0.00,-235.51,-0.4105,0.0000,1,1
152758411,late40_r60_n30,dt_ge_2026-03-21_lt_2026-08-07,31,20,0.6452,8,0.2581,166.58,-39.96,-0.2399,31,20,0.6452,8,20,3,0.2857,166.58,-39.96,0.00,-39.96,-0.2399,0.0000,1,1
152758619,late40_r60_n30,dt_ge_2026-03-21_lt_2026-08-07,37,23,0.6216,16,0.4324,196.83,-21.97,-0.1116,37,23,0.6216,16,18,3,0.4706,196.83,-21.97,0.00,-21.97,-0.1116,0.0000,1,1
152771547,late40_r60_n30,dt_ge_2026-03-21_lt_2026-08-07,60,42,0.7000,21,0.3500,365.06,101.06,0.2768,60,42,0.7000,21,35,4,0.3750,365.06,101.06,0.00,101.06,0.2768,0.0000,1,1
152778835,late40_r60_n30,dt_ge_2026-03-21_lt_2026-08-07,34,22,0.6471,14,0.4118,376.94,144.58,0.3836,34,22,0.6471,14,18,2,0.4375,376.94,144.58,0.00,144.58,0.3836,0.0000,1,1
152784346,late40_r60_n30,dt_ge_2026-03-21_lt_2026-08-07,52,40,0.7692,8,0.1538,1686.16,-64.54,-0.0383,52,40,0.7692,8,42,2,0.1600,1686.16,-64.54,0.00,-64.54,-0.0383,0.0000,1,1
152784371,late40_r60_n30,dt_ge_2026-03-21_lt_2026-08-07,63,45,0.7143,20,0.3175,302.33,34.63,0.1146,63,45,0.7143,20,39,4,0.3390,302.33,34.63,0.00,34.63,0.1146,0.0000,1,1
152785971,late40_r60_n30,dt_ge_2026-03-21_lt_2026-08-07,36,24,0.6667,15,0.4167,77.67,-4.60,-0.0592,36,24,0.6667,15,17,4,0.4688,77.67,-4.60,0.00,-4.60,-0.0592,0.0000,1,1
152787276,late40_r60_n30,dt_ge_2026-03-21_lt_2026-08-07,35,28,0.8000,11,0.3143,522.42,-80.12,-0.1534,35,28,0.8000,11,24,0,0.3143,522.42,-80.12,0.00,-80.12,-0.1534,0.0000,1,1
152790037,late40_r60_n30,dt_ge_2026-03-21_lt_2026-08-07,37,23,0.6216,4,0.1081,80.94,-21.67,-0.2677,37,23,0.6216,4,33,0,0.1081,80.94,-21.67,0.00,-21.67,-0.2677,0.0000,1,1
152791053,late40_r60_n30,dt_ge_2026-03-21_lt_2026-08-07,82,50,0.6098,42,0.5122,1629.59,220.52,0.1353,82,50,0.6098,42,33,7,0.5600,1629.59,220.52,0.00,220.52,0.1353,0.0000,1,1
152795016,late40_r60_n30,dt_ge_2026-03-21_lt_2026-08-07,31,29,0.9355,9,0.2903,41.29,15.58,0.3775,31,29,0.9355,9,20,2,0.3103,41.29,15.58,0.00,15.58,0.3775,0.0000,1,1
152797830,late40_r60_n30,dt_ge_2026-03-21_lt_2026-08-07,97,64,0.6598,19,0.1959,256.92,-17.78,-0.0692,97,64,0.6598,19,78,0,0.1959,256.92,-17.78,0.00,-17.78,-0.0692,0.0000,1,1
152801644,late40_r60_n30,dt_ge_2026-03-21_lt_2026-08-07,37,29,0.7838,9,0.2432,421.04,31.48,0.0748,37,29,0.7838,9,27,1,0.2500,421.04,31.48,0.00,31.48,0.0748,0.0000,1,1
152816202,late40_r60_n30,dt_ge_2026-03-21_lt_2026-08-07,43,43,1.0000,9,0.2093,460.33,207.42,0.4506,43,43,1.0000,9,34,0,0.2093,460.33,207.42,0.00,207.42,0.4506,0.0000,1,1
152816878,late40_r60_n30,dt_ge_2026-03-21_lt_2026-08-07,79,72,0.9114,14,0.1772,314.76,122.63,0.3896,79,72,0.9114,14,65,0,0.1772,314.76,122.63,0.00,122.63,0.3896,0.0000,1,1
152816902,late40_r60_n30,dt_ge_2026-03-21_lt_2026-08-07,30,20,0.6667,11,0.3667,1039.94,405.34,0.3898,30,20,0.6667,11,19,0,0.3667,1039.94,405.34,0.00,405.34,0.3898,0.0000,1,1
152818343,late40_r60_n30,dt_ge_2026-03-21_lt_2026-08-07,82,52,0.6341,37,0.4512,425.99,9.55,0.0224,82,52,0.6341,37,38,7,0.4933,425.99,9.55,0.00,9.55,0.0224,0.0000,1,1
152824519,late40_r60_n30,dt_ge_2026-03-21_lt_2026-08-07,33,20,0.6061,5,0.1515,1463.87,26.46,0.0181,33,20,0.6061,5,27,1,0.1563,1463.87,26.46,0.00,26.46,0.0181,0.0000,1,1
152825804,late40_r60_n30,dt_ge_2026-03-21_lt_2026-08-07,33,23,0.6970,7,0.2121,1479.36,-287.87,-0.1946,33,23,0.6970,7,24,2,0.2258,1479.36,-287.87,0.00,-287.87,-0.1946,0.0000,1,1
152834499,late40_r60_n30,dt_ge_2026-03-21_lt_2026-08-07,64,41,0.6406,12,0.1875,1685.90,130.64,0.0775,64,41,0.6406,12,49,3,0.1967,1685.90,130.64,0.00,130.64,0.0775,0.0000,1,1
152834780,late40_r60_n30,dt_ge_2026-03-21_lt_2026-08-07,44,29,0.6591,19,0.4318,750.00,-56.00,-0.0747,44,29,0.6591,19,21,4,0.4750,750.00,-56.00,0.00,-56.00,-0.0747,0.0000,1,1
152835134,late40_r60_n30,dt_ge_2026-03-21_lt_2026-08-07,33,26,0.7879,9,0.2727,547.77,125.50,0.2291,33,26,0.7879,9,23,1,0.2813,547.77,125.50,0.00,125.50,0.2291,0.0000,1,1
152842154,late40_r60_n30,dt_ge_2026-03-21_lt_2026-08-07,37,26,0.7027,12,0.3243,493.12,52.54,0.1065,37,26,0.7027,12,17,8,0.4138,493.12,52.54,0.00,52.54,0.1065,0.0000,1,1
152842274,late40_r60_n30,dt_ge_2026-03-21_lt_2026-08-07,30,18,0.6000,9,0.3000,185.79,-36.59,-0.1969,30,18,0.6000,9,20,1,0.3103,185.79,-36.59,0.00,-36.59,-0.1969,0.0000,1,1
152854931,late40_r60_n30,dt_ge_2026-03-21_lt_2026-08-07,56,42,0.7500,13,0.2321,304.65,95.53,0.3136,56,42,0.7500,13,42,1,0.2364,304.65,95.53,0.00,95.53,0.3136,0.0000,1,1
152860945,late40_r60_n30,dt_ge_2026-03-21_lt_2026-08-07,30,18,0.6000,19,0.6333,31328.00,10776.00,0.3440,30,18,0.6000,19,7,4,0.7308,31328.00,10776.00,0.00,10776.00,0.3440,0.0000,1,1
152862587,late40_r60_n30,dt_ge_2026-03-21_lt_2026-08-07,30,19,0.6333,12,0.4000,171.69,-25.75,-0.1500,30,19,0.6333,12,16,2,0.4286,171.69,-25.75,1.55,-24.21,-0.1500,0.0000,1,1
152871286,late40_r60_n30,dt_ge_2026-03-21_lt_2026-08-07,92,60,0.6522,18,0.1957,1703.00,-548.50,-0.3221,92,60,0.6522,18,69,5,0.2069,1703.00,-548.50,0.00,-548.50,-0.3221,0.0000,1,1
152885751,late40_r60_n30,dt_ge_2026-03-21_lt_2026-08-07,103,67,0.6505,49,0.4757,3762.21,192.31,0.0511,103,67,0.6505,49,46,8,0.5158,3762.21,192.31,0.00,192.31,0.0511,0.0000,1,1
152887776,late40_r60_n30,dt_ge_2026-03-21_lt_2026-08-07,42,31,0.7381,16,0.3810,336.84,-76.63,-0.2275,42,31,0.7381,16,22,4,0.4211,336.84,-76.63,0.00,-76.63,-0.2275,0.0000,1,1
152888448,late40_r60_n30,dt_ge_2026-03-21_lt_2026-08-07,34,27,0.7941,4,0.1176,472.47,-50.34,-0.1066,34,27,0.7941,4,30,0,0.1176,472.47,-50.34,0.00,-50.34,-0.1066,0.0000,1,1
152889287,late40_r60_n30,dt_ge_2026-03-21_lt_2026-08-07,53,36,0.6792,4,0.0755,132.85,-18.40,-0.1385,53,36,0.6792,4,49,0,0.0755,132.85,-18.40,0.00,-18.40,-0.1385,0.0000,1,1
152891325,late40_r60_n30,dt_ge_2026-03-21_lt_2026-08-07,316,202,0.6392,140,0.4430,15565.80,-813.40,-0.0523,316,202,0.6392,140,151,25,0.4811,15565.80,-813.40,0.00,-813.40,-0.0523,0.0000,1,1
152892135,late40_r60_n30,dt_ge_2026-03-21_lt_2026-08-07,200,144,0.7200,59,0.2950,1277.03,329.12,0.2577,200,144,0.7200,59,135,6,0.3041,1277.03,329.12,0.00,329.12,0.2577,0.0000,1,1
152892422,late40_r60_n30,dt_ge_2026-03-21_lt_2026-08-07,88,80,0.9091,12,0.1364,767.49,-300.45,-0.3915,88,80,0.9091,12,72,4,0.1429,767.49,-300.45,0.00,-300.45,-0.3915,0.0000,1,1
152899303,late40_r60_n30,dt_ge_2026-03-21_lt_2026-08-07,37,27,0.7297,6,0.1622,473.24,-137.74,-0.2911,37,27,0.7297,6,31,0,0.1622,473.24,-137.74,0.00,-137.74,-0.2911,0.0000,1,1
152901173,late40_r60_n30,dt_ge_2026-03-21_lt_2026-08-07,97,76,0.7835,22,0.2268,359.32,-5.02,-0.0140,97,76,0.7835,22,73,2,0.2316,359.32,-5.02,0.00,-5.02,-0.0140,0.0000,1,1
152903452,late40_r60_n30,dt_ge_2026-03-21_lt_2026-08-07,48,42,0.8750,10,0.2083,267.96,-20.34,-0.0759,48,42,0.8750,10,38,0,0.2083,267.96,-20.34,0.00,-20.34,-0.0759,0.0000,1,1
152903919,late40_r60_n30,dt_ge_2026-03-21_lt_2026-08-07,613,376,0.6134,233,0.3801,1259.04,151.44,0.1203,613,376,0.6134,233,320,60,0.4213,1259.04,151.44,0.00,151.44,0.1203,0.0000,1,1
152909951,late40_r60_n30,dt_ge_2026-03-21_lt_2026-08-07,200,126,0.6300,92,0.4600,2955.08,-11.43,-0.0039,200,126,0.6300,92,88,20,0.5111,2955.08,-11.43,0.00,-11.43,-0.0039,0.0000,1,1
152917053,late40_r60_n30,dt_ge_2026-03-21_lt_2026-08-07,220,134,0.6091,99,0.4500,2630.57,26.71,0.0102,220,134,0.6091,99,100,21,0.4975,2630.57,26.71,0.00,26.71,0.0102,0.0000,1,1
152919222,late40_r60_n30,dt_ge_2026-03-21_lt_2026-08-07,164,99,0.6037,37,0.2256,6959.96,-735.29,-0.1056,164,99,0.6037,37,122,5,0.2327,6959.96,-735.29,0.00,-735.29,-0.1056,0.0000,1,1
152925823,late40_r60_n30,dt_ge_2026-03-21_lt_2026-08-07,123,81,0.6585,48,0.3902,706.17,219.11,0.3103,123,81,0.6585,48,73,2,0.3967,706.17,219.11,0.00,219.11,0.3103,0.0000,1,1
152932625,late40_r60_n30,dt_ge_2026-03-21_lt_2026-08-07,86,72,0.8372,12,0.1395,380.17,-40.88,-0.1075,86,72,0.8372,12,69,5,0.1481,380.17,-40.88,0.00,-40.88,-0.1075,0.0000,1,1
152938020,late40_r60_n30,dt_ge_2026-03-21_lt_2026-08-07,35,29,0.8286,7,0.2000,937.54,-339.70,-0.3623,35,29,0.8286,7,26,2,0.2121,937.54,-339.70,0.00,-339.70,-0.3623,0.0000,1,1
152945635,late40_r60_n30,dt_ge_2026-03-21_lt_2026-08-07,158,137,0.8671,55,0.3481,756.24,-112.41,-0.1486,158,137,0.8671,55,95,8,0.3667,756.24,-112.41,0.00,-112.41,-0.1486,0.0000,1,1
152946709,late40_r60_n30,dt_ge_2026-03-21_lt_2026-08-07,33,20,0.6061,16,0.4848,1328.84,-263.48,-0.1983,33,20,0.6061,16,14,3,0.5333,1328.84,-263.48,0.00,-263.48,-0.1983,0.0000,1,1
152947619,late40_r60_n30,dt_ge_2026-03-21_lt_2026-08-07,35,24,0.6857,14,0.4000,5306.94,-657.13,-0.1238,35,24,0.6857,14,15,6,0.4828,5306.94,-657.13,42.46,-614.67,-0.1238,0.0000,1,1
152948460,late40_r60_n30,dt_ge_2026-03-21_lt_2026-08-07,36,29,0.8056,5,0.1389,181.76,-70.22,-0.3864,36,29,0.8056,5,31,0,0.1389,181.76,-70.22,0.00,-70.22,-0.3864,0.0000,1,1
152952444,late40_r60_n30,dt_ge_2026-03-21_lt_2026-08-07,31,23,0.7419,13,0.4194,1677.12,-111.15,-0.0663,31,23,0.7419,13,17,1,0.4333,1677.12,-111.15,0.00,-111.15,-0.0663,0.0000,1,1
152954334,late40_r60_n30,dt_ge_2026-03-21_lt_2026-08-07,145,89,0.6138,37,0.2552,3055.35,936.90,0.3066,145,89,0.6138,37,102,6,0.2662,3055.35,936.90,0.00,936.90,0.3066,0.0000,1,1
152971961,late40_r60_n30,dt_ge_2026-03-21_lt_2026-08-07,40,25,0.6250,11,0.2750,300.45,-59.27,-0.1973,40,25,0.6250,11,25,4,0.3056,300.45,-59.27,0.00,-59.27,-0.1973,0.0000,1,1
152974831,late40_r60_n30,dt_ge_2026-03-21_lt_2026-08-07,31,25,0.8065,12,0.3871,405.34,0.26,0.0006,31,25,0.8065,12,11,8,0.5217,405.34,0.26,0.00,0.26,0.0006,0.0000,1,1
152980565,late40_r60_n30,dt_ge_2026-03-21_lt_2026-08-07,74,49,0.6622,18,0.2432,290.23,-24.53,-0.0845,74,49,0.6622,18,53,3,0.2535,290.23,-24.53,0.00,-24.53,-0.0845,0.0000,1,1
153002539,late40_r60_n30,dt_ge_2026-03-21_lt_2026-08-07,44,34,0.7727,4,0.0909,40.24,-15.95,-0.3964,44,34,0.7727,4,40,0,0.0909,40.24,-15.95,0.00,-15.95,-0.3964,0.0000,1,1
153004541,late40_r60_n30,dt_ge_2026-03-21_lt_2026-08-07,59,41,0.6949,7,0.1186,271.09,25.82,0.0952,59,41,0.6949,7,52,0,0.1186,271.09,25.82,0.00,25.82,0.0952,0.0000,1,1
153004800,late40_r60_n30,dt_ge_2026-03-21_lt_2026-08-07,32,29,0.9063,9,0.2813,16.76,-1.78,-0.1061,32,29,0.9063,9,23,0,0.2813,16.76,-1.78,0.00,-1.78,-0.1061,0.0000,1,1
153011432,late40_r60_n30,dt_ge_2026-03-21_lt_2026-08-07,46,34,0.7391,14,0.3043,379.62,-24.19,-0.0637,46,34,0.7391,14,30,2,0.3182,379.62,-24.19,0.00,-24.19,-0.0637,0.0000,1,1
153011470,late40_r60_n30,dt_ge_2026-03-21_lt_2026-08-07,57,35,0.6140,3,0.0526,221.76,-158.40,-0.7143,57,35,0.6140,3,53,1,0.0536,221.76,-158.40,0.00,-158.40,-0.7143,0.0000,1,1
153012271,late40_r60_n30,dt_ge_2026-03-21_lt_2026-08-07,40,31,0.7750,7,0.1750,192.33,-12.10,-0.0629,40,31,0.7750,7,32,1,0.1795,192.33,-12.10,0.00,-12.10,-0.0629,0.0000,1,1
153012287,late40_r60_n30,dt_ge_2026-03-21_lt_2026-08-07,200,127,0.6350,46,0.2300,4159.46,-910.22,-0.2188,200,127,0.6350,46,145,9,0.2408,4159.46,-910.22,0.00,-910.22,-0.2188,0.0000,1,1
153012398,late40_r60_n30,dt_ge_2026-03-21_lt_2026-08-07,76,54,0.7105,15,0.1974,1185.26,441.43,0.3724,76,54,0.7105,15,61,0,0.1974,1185.26,441.43,0.00,441.43,0.3724,0.0000,1,1
153012501,late40_r60_n30,dt_ge_2026-03-21_lt_2026-08-07,30,19,0.6333,3,0.1000,954.74,-480.99,-0.5038,30,19,0.6333,3,27,0,0.1000,954.74,-480.99,0.00,-480.99,-0.5038,0.0000,1,1
153013002,late40_r60_n30,dt_ge_2026-03-21_lt_2026-08-07,41,30,0.7317,6,0.1463,348.49,-102.20,-0.2933,41,30,0.7317,6,35,0,0.1463,348.49,-102.20,0.00,-102.20,-0.2933,0.0000,1,1
153013156,late40_r60_n30,dt_ge_2026-03-21_lt_2026-08-07,32,22,0.6875,9,0.2813,259.58,-60.91,-0.2346,32,22,0.6875,9,20,3,0.3103,259.58,-60.91,0.00,-60.91,-0.2346,0.0000,1,1
153015014,late40_r60_n30,dt_ge_2026-03-21_lt_2026-08-07,43,37,0.8605,14,0.3256,1000.96,-183.18,-0.1830,43,37,0.8605,14,27,2,0.3415,1000.96,-183.18,0.00,-183.18,-0.1830,0.0000,1,1
153015655,late40_r60_n30,dt_ge_2026-03-21_lt_2026-08-07,32,25,0.7813,6,0.1875,2059.23,-613.17,-0.2978,32,25,0.7813,6,23,3,0.2069,2059.23,-613.17,0.00,-613.17,-0.2978,0.0000,1,1
153016450,late40_r60_n30,dt_ge_2026-03-21_lt_2026-08-07,47,29,0.6170,6,0.1277,310.33,-159.17,-0.5129,47,29,0.6170,6,39,2,0.1333,310.33,-159.17,0.00,-159.17,-0.5129,0.0000,1,1
153021823,late40_r60_n30,dt_ge_2026-03-21_lt_2026-08-07,59,48,0.8136,19,0.3220,256.31,-45.65,-0.1781,59,48,0.8136,19,37,3,0.3393,256.31,-45.65,0.00,-45.65,-0.1781,0.0000,1,1
153022004,late40_r60_n30,dt_ge_2026-03-21_lt_2026-08-07,100,67,0.6700,44,0.4400,642.09,-127.54,-0.1986,100,67,0.6700,44,47,9,0.4835,642.09,-127.54,0.00,-127.54,-0.1986,0.0000,1,1
153030662,late40_r60_n30,dt_ge_2026-03-21_lt_2026-08-07,63,46,0.7302,24,0.3810,6423.97,3152.29,0.4907,63,46,0.7302,24,37,2,0.3934,6423.97,3152.29,0.00,3152.29,0.4907,0.0000,1,1
153032252,late40_r60_n30,dt_ge_2026-03-21_lt_2026-08-07,435,268,0.6161,208,0.4782,21904.36,1268.90,0.0579,435,268,0.6161,208,186,41,0.5279,21904.36,1268.90,0.00,1268.90,0.0579,0.0000,1,1
153033974,late40_r60_n30,dt_ge_2026-03-21_lt_2026-08-07,46,36,0.7826,12,0.2609,927.93,155.85,0.1680,46,36,0.7826,12,33,1,0.2667,927.93,155.85,0.00,155.85,0.1680,0.0000,1,1
153033994,late40_r60_n30,dt_ge_2026-03-21_lt_2026-08-07,33,20,0.6061,9,0.2727,537.27,-111.53,-0.2076,33,20,0.6061,9,21,3,0.3000,537.27,-111.53,0.00,-111.53,-0.2076,0.0000,1,1
153035579,late40_r60_n30,dt_ge_2026-03-21_lt_2026-08-07,56,41,0.7321,14,0.2500,843.23,-232.49,-0.2757,56,41,0.7321,14,39,3,0.2642,843.23,-232.49,0.00,-232.49,-0.2757,0.0000,1,1
153045872,late40_r60_n30,dt_ge_2026-03-21_lt_2026-08-07,628,396,0.6306,81,0.1290,47675.93,-4600.23,-0.0965,628,396,0.6306,81,540,7,0.1304,47675.93,-4600.23,381.41,-4218.83,-0.0965,0.0000,1,1
153049386,late40_r60_n30,dt_ge_2026-03-21_lt_2026-08-07,54,35,0.6481,12,0.2222,1179.61,-181.11,-0.1535,54,35,0.6481,12,39,3,0.2353,1179.61,-181.11,0.00,-181.11,-0.1535,0.0000,1,1
153063277,late40_r60_n30,dt_ge_2026-03-21_lt_2026-08-07,74,51,0.6892,15,0.2027,296.37,61.32,0.2069,74,51,0.6892,15,57,2,0.2083,296.37,61.32,0.00,61.32,0.2069,0.0000,1,1
153065401,late40_r60_n30,dt_ge_2026-03-21_lt_2026-08-07,195,123,0.6308,33,0.1692,413.42,-2.21,-0.0053,195,123,0.6308,33,155,7,0.1755,413.42,-2.21,0.00,-2.21,-0.0053,0.0000,1,1
153067643,late40_r60_n30,dt_ge_2026-03-21_lt_2026-08-07,30,19,0.6333,9,0.3000,1051.79,-347.36,-0.3303,30,19,0.6333,9,17,4,0.3462,1051.79,-347.36,0.00,-347.36,-0.3303,0.0000,1,1
153070148,late40_r60_n30,dt_ge_2026-03-21_lt_2026-08-07,36,23,0.6389,18,0.5000,3843.62,-48.14,-0.0125,36,23,0.6389,18,15,3,0.5455,3843.62,-48.14,0.00,-48.14,-0.0125,0.0000,1,1
153083126,late40_r60_n30,dt_ge_2026-03-21_lt_2026-08-07,30,30,1.0000,6,0.2000,709.64,-102.20,-0.1440,30,30,1.0000,6,23,1,0.2069,709.64,-102.20,0.00,-102.20,-0.1440,0.0000,1,1
153094484,late40_r60_n30,dt_ge_2026-03-21_lt_2026-08-07,31,26,0.8387,6,0.1935,105.67,-40.88,-0.3868,31,26,0.8387,6,25,0,0.1935,105.67,-40.88,0.00,-40.88,-0.3868,0.0000,1,1
153104210,late40_r60_n30,dt_ge_2026-03-21_lt_2026-08-07,32,21,0.6563,12,0.3750,176.39,-37.76,-0.2141,32,21,0.6563,12,18,2,0.4000,176.39,-37.76,0.00,-37.76,-0.2141,0.0000,1,1
153104688,late40_r60_n30,dt_ge_2026-03-21_lt_2026-08-07,35,28,0.8000,14,0.4000,1729.79,-284.00,-0.1642,35,28,0.8000,14,18,3,0.4375,1729.79,-284.00,0.00,-284.00,-0.1642,0.0000,1,1
153109018,late40_r60_n30,dt_ge_2026-03-21_lt_2026-08-07,33,21,0.6364,12,0.3636,790.02,248.24,0.3142,33,21,0.6364,12,20,1,0.3750,790.02,248.24,0.00,248.24,0.3142,0.0000,1,1
153109101,late40_r60_n30,dt_ge_2026-03-21_lt_2026-08-07,47,29,0.6170,20,0.4255,1158.44,151.42,0.1307,47,29,0.6170,20,25,2,0.4444,1158.44,151.42,0.00,151.42,0.1307,0.0000,1,1
153116567,late40_r60_n30,dt_ge_2026-03-21_lt_2026-08-07,42,38,0.9048,11,0.2619,104.24,-19.21,-0.1843,42,38,0.9048,11,31,0,0.2619,104.24,-19.21,0.00,-19.21,-0.1843,0.0000,1,1
153119284,late40_r60_n30,dt_ge_2026-03-21_lt_2026-08-07,45,28,0.6222,18,0.4000,4478.09,0.00,0.0000,45,28,0.6222,18,22,5,0.4500,4478.09,0.00,0.00,0.00,0.0000,0.0000,1,1
153123405,late40_r60_n30,dt_ge_2026-03-21_lt_2026-08-07,84,61,0.7262,14,0.1667,1102.69,-136.53,-0.1238,84,61,0.7262,14,68,2,0.1707,1102.69,-136.53,0.00,-136.53,-0.1238,0.0000,1,1
153129440,late40_r60_n30,dt_ge_2026-03-21_lt_2026-08-07,43,33,0.7674,8,0.1860,179.86,-29.53,-0.1642,43,33,0.7674,8,34,1,0.1905,179.86,-29.53,0.00,-29.53,-0.1642,0.0000,1,1
153133000,late40_r60_n30,dt_ge_2026-03-21_lt_2026-08-07,45,32,0.7111,15,0.3333,298.41,-16.35,-0.0548,45,32,0.7111,15,28,2,0.3488,298.41,-16.35,0.00,-16.35,-0.0548,0.0000,1,1
153140632,late40_r60_n30,dt_ge_2026-03-21_lt_2026-08-07,47,33,0.7021,9,0.1915,340.11,-68.98,-0.2028,47,33,0.7021,9,36,2,0.2000,340.11,-68.98,0.00,-68.98,-0.2028,0.0000,1,1
153140993,late40_r60_n30,dt_ge_2026-03-21_lt_2026-08-07,37,24,0.6486,18,0.4865,456.97,0.00,0.0000,37,24,0.6486,18,17,2,0.5143,456.97,0.00,0.00,0.00,0.0000,0.0000,1,1
153141342,late40_r60_n30,dt_ge_2026-03-21_lt_2026-08-07,36,36,1.0000,1,0.0278,92.94,-59.38,-0.6389,36,36,1.0000,1,35,0,0.0278,92.94,-59.38,0.00,-59.38,-0.6389,0.0000,1,1
153142773,late40_r60_n30,dt_ge_2026-03-21_lt_2026-08-07,33,29,0.8788,5,0.1515,259.21,-77.45,-0.2988,33,29,0.8788,5,27,1,0.1563,259.21,-77.45,0.00,-77.45,-0.2988,0.0000,1,1
153152810,late40_r60_n30,dt_ge_2026-03-21_lt_2026-08-07,63,42,0.6667,9,0.1429,930.79,128.46,0.1380,63,42,0.6667,9,52,2,0.1475,930.79,128.46,0.00,128.46,0.1380,0.0000,1,1
153160033,late40_r60_n30,dt_ge_2026-03-21_lt_2026-08-07,34,21,0.6176,14,0.4118,1051.82,-182.66,-0.1737,34,21,0.6176,14,15,5,0.4828,1051.82,-182.66,0.00,-182.66,-0.1737,0.0000,1,1
153177974,late40_r60_n30,dt_ge_2026-03-21_lt_2026-08-07,38,26,0.6842,3,0.0789,120.59,-32.70,-0.2712,38,26,0.6842,3,35,0,0.0789,120.59,-32.70,0.00,-32.70,-0.2712,0.0000,1,1
153178701,late40_r60_n30,dt_ge_2026-03-21_lt_2026-08-07,56,43,0.7679,12,0.2143,2340.00,179.50,0.0767,56,43,0.7679,12,41,3,0.2264,2340.00,179.50,0.00,179.50,0.0767,0.0000,1,1
153180356,late40_r60_n30,dt_ge_2026-03-21_lt_2026-08-07,43,34,0.7907,11,0.2558,262.31,24.84,0.0947,43,34,0.7907,11,29,3,0.2750,262.31,24.84,0.00,24.84,0.0947,0.0000,1,1
153194615,late40_r60_n30,dt_ge_2026-03-21_lt_2026-08-07,75,47,0.6267,35,0.4667,548.06,113.84,0.2077,75,47,0.6267,35,28,12,0.5556,548.06,113.84,0.00,113.84,0.2077,0.0000,1,1
153196293,late40_r60_n30,dt_ge_2026-03-21_lt_2026-08-07,45,30,0.6667,20,0.4444,314.56,-71.95,-0.2287,45,30,0.6667,20,24,1,0.4545,314.56,-71.95,0.00,-71.95,-0.2287,0.0000,1,1
153210430,late40_r60_n30,dt_ge_2026-03-21_lt_2026-08-07,44,32,0.7273,9,0.2045,167.60,-20.44,-0.1220,44,32,0.7273,9,33,2,0.2143,167.60,-20.44,0.00,-20.44,-0.1220,0.0000,1,1
153214160,late40_r60_n30,dt_ge_2026-03-21_lt_2026-08-07,58,49,0.8448,15,0.2586,300.45,46.91,0.1561,58,49,0.8448,15,41,2,0.2679,300.45,46.91,0.00,46.91,0.1561,0.0000,1,1
153215431,late40_r60_n30,dt_ge_2026-03-21_lt_2026-08-07,31,24,0.7742,5,0.1613,881.72,-74.03,-0.0840,31,24,0.7742,5,25,1,0.1667,881.72,-74.03,0.00,-74.03,-0.0840,0.0000,1,1
153216414,late40_r60_n30,dt_ge_2026-03-21_lt_2026-08-07,31,19,0.6129,14,0.4516,273.68,23.23,0.0849,31,19,0.6129,14,17,0,0.4516,273.68,23.23,0.00,23.23,0.0849,0.0000,1,1
153220322,late40_r60_n30,dt_ge_2026-03-21_lt_2026-08-07,42,34,0.8095,2,0.0476,83.80,-32.70,-0.3902,42,34,0.8095,2,39,1,0.0488,83.80,-32.70,0.00,-32.70,-0.3902,0.0000,1,1
153227827,late40_r60_n30,dt_ge_2026-03-21_lt_2026-08-07,46,32,0.6957,21,0.4565,42.92,10.63,0.2476,46,32,0.6957,21,21,4,0.5000,42.92,10.63,0.00,10.63,0.2476,0.0000,1,1
153257549,late40_r60_n30,dt_ge_2026-03-21_lt_2026-08-07,38,25,0.6579,10,0.2632,206.43,-40.16,-0.1946,38,25,0.6579,10,28,0,0.2632,206.43,-40.16,0.00,-40.16,-0.1946,0.0000,1,1
153262128,late40_r60_n30,dt_ge_2026-03-21_lt_2026-08-07,57,36,0.6316,16,0.2807,242.69,48.80,0.2011,57,36,0.6316,16,40,1,0.2857,242.69,48.80,0.00,48.80,0.2011,0.0000,1,1
153269022,late40_r60_n30,dt_ge_2026-03-21_lt_2026-08-07,30,19,0.6333,5,0.1667,661.00,-120.80,-0.1828,30,19,0.6333,5,24,1,0.1724,661.00,-120.80,0.00,-120.80,-0.1828,0.0000,1,1
153278912,late40_r60_n30,dt_ge_2026-03-21_lt_2026-08-07,35,29,0.8286,10,0.2857,233.82,-39.21,-0.1677,35,29,0.8286,10,23,2,0.3030,233.82,-39.21,0.00,-39.21,-0.1677,0.0000,1,1
153282665,late40_r60_n30,dt_ge_2026-03-21_lt_2026-08-07,45,28,0.6222,18,0.4000,650.09,254.68,0.3918,45,28,0.6222,18,24,3,0.4286,650.09,254.68,0.00,254.68,0.3918,0.0000,1,1
153288693,late40_r60_n30,dt_ge_2026-03-21_lt_2026-08-07,98,61,0.6224,17,0.1735,1151.74,-102.71,-0.0892,98,61,0.6224,17,80,1,0.1753,1151.74,-102.71,0.00,-102.71,-0.0892,0.0000,1,1
153290399,late40_r60_n30,dt_ge_2026-03-21_lt_2026-08-07,83,65,0.7831,17,0.2048,658.14,-7.15,-0.0109,83,65,0.7831,17,62,4,0.2152,658.14,-7.15,0.00,-7.15,-0.0109,0.0000,1,1
153296370,late40_r60_n30,dt_ge_2026-03-21_lt_2026-08-07,54,34,0.6296,28,0.5185,281.41,88.55,0.3147,54,34,0.6296,28,20,6,0.5833,281.41,88.55,0.00,88.55,0.3147,0.0000,1,1
153305773,late40_r60_n30,dt_ge_2026-03-21_lt_2026-08-07,40,24,0.6000,19,0.4750,2432.03,-209.12,-0.0860,40,24,0.6000,19,19,2,0.5000,2432.03,-209.12,0.00,-209.12,-0.0860,0.0000,1,1
153308938,late40_r60_n30,dt_ge_2026-03-21_lt_2026-08-07,41,35,0.8537,6,0.1463,759.92,-306.69,-0.4036,41,35,0.8537,6,35,0,0.1463,759.92,-306.69,0.00,-306.69,-0.4036,0.0000,1,1
153308964,late40_r60_n30,dt_ge_2026-03-21_lt_2026-08-07,461,322,0.6985,165,0.3579,15609.29,-439.13,-0.0281,461,322,0.6985,165,261,35,0.3873,15609.29,-439.13,0.00,-439.13,-0.0281,0.0000,1,1
153309277,late40_r60_n30,dt_ge_2026-03-21_lt_2026-08-07,35,22,0.6286,9,0.2571,746.84,-75.56,-0.1012,35,22,0.6286,9,26,0,0.2571,746.84,-75.56,0.00,-75.56,-0.1012,0.0000,1,1
153309317,late40_r60_n30,dt_ge_2026-03-21_lt_2026-08-07,39,29,0.7436,20,0.5128,20336.84,2543.64,0.1251,39,29,0.7436,20,15,4,0.5714,20336.84,2543.64,183.03,2726.67,0.1251,0.0000,1,1
153309825,late40_r60_n30,dt_ge_2026-03-21_lt_2026-08-07,39,34,0.8718,7,0.1795,267.75,21.56,0.0805,39,34,0.8718,7,31,1,0.1842,267.75,21.56,0.00,21.56,0.0805,0.0000,1,1
153310704,late40_r60_n30,dt_ge_2026-03-21_lt_2026-08-07,67,50,0.7463,12,0.1791,391.61,-61.32,-0.1566,67,50,0.7463,12,52,3,0.1875,391.61,-61.32,0.00,-61.32,-0.1566,0.0000,1,1
153310931,late40_r60_n30,dt_ge_2026-03-21_lt_2026-08-07,56,36,0.6429,12,0.2143,288.19,-20.44,-0.0709,56,36,0.6429,12,43,1,0.2182,288.19,-20.44,0.00,-20.44,-0.0709,0.0000,1,1
153318057,late40_r60_n30,dt_ge_2026-03-21_lt_2026-08-07,42,28,0.6667,14,0.3333,247.59,-2.59,-0.0105,42,28,0.6667,14,26,2,0.3500,247.59,-2.59,0.00,-2.59,-0.0105,0.0000,1,1
153322301,late40_r60_n30,dt_ge_2026-03-21_lt_2026-08-07,41,27,0.6585,16,0.3902,2286.91,-184.03,-0.0805,41,27,0.6585,16,19,6,0.4571,2286.91,-184.03,0.00,-184.03,-0.0805,0.0000,1,1
153324413,late40_r60_n30,dt_ge_2026-03-21_lt_2026-08-07,73,44,0.6027,12,0.1644,251.60,-61.11,-0.2429,73,44,0.6027,12,60,1,0.1667,251.60,-61.11,0.00,-61.11,-0.2429,0.0000,1,1
153333553,late40_r60_n30,dt_ge_2026-03-21_lt_2026-08-07,34,22,0.6471,9,0.2647,1030.00,615.50,0.5976,34,22,0.6471,9,20,5,0.3103,1030.00,615.50,0.00,615.50,0.5976,0.0000,1,1
153336060,late40_r60_n30,dt_ge_2026-03-21_lt_2026-08-07,43,32,0.7442,18,0.4186,1735.99,456.79,0.2631,43,32,0.7442,18,22,3,0.4500,1735.99,456.79,0.00,456.79,0.2631,0.0000,1,1
153338453,late40_r60_n30,dt_ge_2026-03-21_lt_2026-08-07,206,142,0.6893,91,0.4417,14523.36,-425.13,-0.0293,206,142,0.6893,91,99,16,0.4789,14523.36,-425.13,0.00,-425.13,-0.0293,0.0000,1,1
153355682,late40_r60_n30,dt_ge_2026-03-21_lt_2026-08-07,32,20,0.6250,7,0.2188,206.01,-45.32,-0.2200,32,20,0.6250,7,25,0,0.2188,206.01,-45.32,0.00,-45.32,-0.2200,0.0000,1,1
153355854,late40_r60_n30,dt_ge_2026-03-21_lt_2026-08-07,36,22,0.6111,14,0.3889,346.03,83.19,0.2404,36,22,0.6111,14,22,0,0.3889,346.03,83.19,0.00,83.19,0.2404,0.0000,1,1
153356187,late40_r60_n30,dt_ge_2026-03-21_lt_2026-08-07,30,21,0.7000,9,0.3000,500.84,-144.31,-0.2881,30,21,0.7000,9,16,5,0.3600,500.84,-144.31,0.00,-144.31,-0.2881,0.0000,1,1
153369749,late40_r60_n30,dt_ge_2026-03-21_lt_2026-08-07,32,20,0.6250,16,0.5000,3222.00,-487.25,-0.1512,32,20,0.6250,16,13,3,0.5517,3222.00,-487.25,0.00,-487.25,-0.1512,0.0000,1,1
153374750,late40_r60_n30,dt_ge_2026-03-21_lt_2026-08-07,32,24,0.7500,16,0.5000,5323.63,471.95,0.0887,32,24,0.7500,16,15,1,0.5161,5323.63,471.95,0.00,471.95,0.0887,0.0000,1,1
153375923,late40_r60_n30,dt_ge_2026-03-21_lt_2026-08-07,105,64,0.6095,37,0.3524,969.83,33.32,0.0344,105,64,0.6095,37,63,5,0.3700,969.83,33.32,0.00,33.32,0.0344,0.0000,1,1
153388727,late40_r60_n30,dt_ge_2026-03-21_lt_2026-08-07,33,29,0.8788,7,0.2121,240.98,-6.95,-0.0288,33,29,0.8788,7,26,0,0.2121,240.98,-6.95,0.00,-6.95,-0.0288,0.0000,1,1
153393742,late40_r60_n30,dt_ge_2026-03-21_lt_2026-08-07,66,47,0.7121,27,0.4091,2067.50,-312.28,-0.1510,66,47,0.7121,27,34,5,0.4426,2067.50,-312.28,0.00,-312.28,-0.1510,0.0000,1,1
153398589,late40_r60_n30,dt_ge_2026-03-21_lt_2026-08-07,36,23,0.6389,15,0.4167,1305.61,157.62,0.1207,36,23,0.6389,15,20,1,0.4286,1305.61,157.62,0.00,157.62,0.1207,0.0000,1,1
153402326,late40_r60_n30,dt_ge_2026-03-21_lt_2026-08-07,36,26,0.7222,1,0.0278,25.34,-20.44,-0.8065,36,26,0.7222,1,35,0,0.0278,25.34,-20.44,0.00,-20.44,-0.8065,0.0000,1,1
153402361,late40_r60_n30,dt_ge_2026-03-21_lt_2026-08-07,54,37,0.6852,16,0.2963,167.81,-24.88,-0.1482,54,37,0.6852,16,33,5,0.3265,167.81,-24.88,0.00,-24.88,-0.1482,0.0000,1,1
153407142,late40_r60_n30,dt_ge_2026-03-21_lt_2026-08-07,41,41,1.0000,5,0.1220,113.60,-39.11,-0.3443,41,41,1.0000,5,36,0,0.1220,113.60,-39.11,0.00,-39.11,-0.3443,0.0000,1,1
153414084,late40_r60_n30,dt_ge_2026-03-21_lt_2026-08-07,52,32,0.6154,7,0.1346,89.93,-46.51,-0.5172,52,32,0.6154,7,41,4,0.1458,89.93,-46.51,0.00,-46.51,-0.5172,0.0000,1,1
153417631,late40_r60_n30,dt_ge_2026-03-21_lt_2026-08-07,39,25,0.6410,20,0.5128,5398.00,-166.50,-0.0308,39,25,0.6410,20,19,0,0.5128,5398.00,-166.50,0.00,-166.50,-0.0308,0.0000,1,1
153419021,late40_r60_n30,dt_ge_2026-03-21_lt_2026-08-07,34,24,0.7059,13,0.3824,592.12,-299.86,-0.5064,34,24,0.7059,13,18,3,0.4194,592.12,-299.86,0.00,-299.86,-0.5064,0.0000,1,1
153422879,late40_r60_n30,dt_ge_2026-03-21_lt_2026-08-07,31,26,0.8387,3,0.0968,202.14,-143.69,-0.7108,31,26,0.8387,3,27,1,0.1000,202.14,-143.69,0.00,-143.69,-0.7108,0.0000,1,1
153427820,late40_r60_n30,dt_ge_2026-03-21_lt_2026-08-07,32,25,0.7813,6,0.1875,1357.51,-124.60,-0.0918,32,25,0.7813,6,26,0,0.1875,1357.51,-124.60,0.00,-124.60,-0.0918,0.0000,1,1
153434394,late40_r60_n30,dt_ge_2026-03-21_lt_2026-08-07,41,25,0.6098,19,0.4634,40.88,2.04,0.0500,41,25,0.6098,19,16,6,0.5429,40.88,2.04,0.00,2.04,0.0500,0.0000,1,1
153443188,late40_r60_n30,dt_ge_2026-03-21_lt_2026-08-07,73,61,0.8356,19,0.2603,104.56,24.47,0.2340,73,61,0.8356,19,53,1,0.2639,104.56,24.47,0.00,24.47,0.2340,0.0000,1,1
153450835,late40_r60_n30,dt_ge_2026-03-21_lt_2026-08-07,34,24,0.7059,9,0.2647,1841.00,-141.00,-0.0766,34,24,0.7059,9,25,0,0.2647,1841.00,-141.00,0.00,-141.00,-0.0766,0.0000,1,1
153451386,late40_r60_n30,dt_ge_2026-03-21_lt_2026-08-07,36,23,0.6389,1,0.0278,422.47,-238.52,-0.5646,36,23,0.6389,1,35,0,0.0278,422.47,-238.52,0.00,-238.52,-0.5646,0.0000,1,1
153462648,late40_r60_n30,dt_ge_2026-03-21_lt_2026-08-07,47,37,0.7872,16,0.3404,3728.00,701.50,0.1882,47,37,0.7872,16,29,2,0.3556,3728.00,701.50,0.00,701.50,0.1882,0.0000,1,1
153463150,late40_r60_n30,dt_ge_2026-03-21_lt_2026-08-07,41,34,0.8293,12,0.2927,1143.47,373.60,0.3267,41,34,0.8293,12,26,3,0.3158,1143.47,373.60,0.00,373.60,0.3267,0.0000,1,1
153465049,late40_r60_n30,dt_ge_2026-03-21_lt_2026-08-07,61,43,0.7049,22,0.3607,348.54,2.07,0.0059,61,43,0.7049,22,34,5,0.3929,348.54,2.07,0.00,2.07,0.0059,0.0000,1,1
153470620,late40_r60_n30,dt_ge_2026-03-21_lt_2026-08-07,38,31,0.8158,13,0.3421,3808.12,1753.03,0.4603,38,31,0.8158,13,24,1,0.3514,3808.12,1753.03,0.00,1753.03,0.4603,0.0000,1,1
153470843,late40_r60_n30,dt_ge_2026-03-21_lt_2026-08-07,30,18,0.6000,3,0.1000,206.43,-71.03,-0.3441,30,18,0.6000,3,27,0,0.1000,206.43,-71.03,0.00,-71.03,-0.3441,0.0000,1,1
153479032,late40_r60_n30,dt_ge_2026-03-21_lt_2026-08-07,59,44,0.7458,15,0.2542,675.65,112.44,0.1664,59,44,0.7458,15,41,3,0.2679,675.65,112.44,0.00,112.44,0.1664,0.0000,1,1
153479671,late40_r60_n30,dt_ge_2026-03-21_lt_2026-08-07,73,46,0.6301,10,0.1370,604.04,-161.93,-0.2681,73,46,0.6301,10,63,0,0.1370,604.04,-161.93,0.00,-161.93,-0.2681,0.0000,1,1
153480808,late40_r60_n30,dt_ge_2026-03-21_lt_2026-08-07,105,65,0.6190,22,0.2095,2365.41,650.76,0.2751,105,65,0.6190,22,81,2,0.2136,2365.41,650.76,0.00,650.76,0.2751,0.0000,1,1
153500950,late40_r60_n30,dt_ge_2026-03-21_lt_2026-08-07,60,52,0.8667,14,0.2333,602.95,223.71,0.3710,60,52,0.8667,14,45,1,0.2373,602.95,223.71,0.00,223.71,0.3710,0.0000,1,1
153505381,late40_r60_n30,dt_ge_2026-03-21_lt_2026-08-07,57,57,1.0000,11,0.1930,2611.88,392.61,0.1503,57,57,1.0000,11,45,1,0.1964,2611.88,392.61,0.00,392.61,0.1503,0.0000,1,1
153507517,late40_r60_n30,dt_ge_2026-03-21_lt_2026-08-07,50,43,0.8600,30,0.6000,3597.51,786.12,0.2185,50,43,0.8600,30,17,3,0.6383,3597.51,786.12,0.00,786.12,0.2185,0.0000,1,1
153526893,late40_r60_n30,dt_ge_2026-03-21_lt_2026-08-07,44,28,0.6364,7,0.1591,283.28,-130.81,-0.4618,44,28,0.6364,7,36,1,0.1628,283.28,-130.81,0.00,-130.81,-0.4618,0.0000,1,1
153527425,late40_r60_n30,dt_ge_2026-03-21_lt_2026-08-07,71,59,0.8310,11,0.1549,598.86,-102.37,-0.1709,71,59,0.8310,11,57,3,0.1618,598.86,-102.37,0.00,-102.37,-0.1709,0.0000,1,1
153529272,late40_r60_n30,dt_ge_2026-03-21_lt_2026-08-07,106,68,0.6415,22,0.2075,3462.37,-259.06,-0.0748,106,68,0.6415,22,82,2,0.2115,3462.37,-259.06,0.00,-259.06,-0.0748,0.0000,1,1
153529512,late40_r60_n30,dt_ge_2026-03-21_lt_2026-08-07,49,31,0.6327,7,0.1429,151.66,-2.45,-0.0162,49,31,0.6327,7,38,4,0.1556,151.66,-2.45,0.00,-2.45,-0.0162,0.0000,1,1
153535764,late40_r60_n30,dt_ge_2026-03-21_lt_2026-08-07,47,29,0.6170,3,0.0638,305.56,-101.28,-0.3314,47,29,0.6170,3,41,3,0.0682,305.56,-101.28,0.00,-101.28,-0.3314,0.0000,1,1
153536451,late40_r60_n30,dt_ge_2026-03-21_lt_2026-08-07,301,196,0.6512,53,0.1761,3063.18,-125.21,-0.0409,301,196,0.6512,53,241,7,0.1803,3063.18,-125.21,24.51,-100.70,-0.0409,0.0000,1,1
153537271,late40_r60_n30,dt_ge_2026-03-21_lt_2026-08-07,40,25,0.6250,19,0.4750,365.86,-40.06,-0.1095,40,25,0.6250,19,19,2,0.5000,365.86,-40.06,0.00,-40.06,-0.1095,0.0000,1,1
153545663,late40_r60_n30,dt_ge_2026-03-21_lt_2026-08-07,67,47,0.7015,11,0.1642,250.99,15.53,0.0619,67,47,0.7015,11,53,3,0.1719,250.99,15.53,0.00,15.53,0.0619,0.0000,1,1
153546225,late40_r60_n30,dt_ge_2026-03-21_lt_2026-08-07,44,39,0.8864,8,0.1818,532.62,-55.25,-0.1037,44,39,0.8864,8,34,2,0.1905,532.62,-55.25,0.00,-55.25,-0.1037,0.0000,1,1
153548273,late40_r60_n30,dt_ge_2026-03-21_lt_2026-08-07,43,32,0.7442,4,0.0930,42.92,0.00,0.0000,43,32,0.7442,4,39,0,0.0930,42.92,0.00,0.00,0.00,0.0000,0.0000,1,1
153548747,late40_r60_n30,dt_ge_2026-03-21_lt_2026-08-07,38,25,0.6579,13,0.3421,130.81,21.36,0.1633,38,25,0.6579,13,22,3,0.3714,130.81,21.36,0.00,21.36,0.1633,0.0000,1,1
153552889,late40_r60_n30,dt_ge_2026-03-21_lt_2026-08-07,52,49,0.9423,11,0.2115,1999.00,-850.00,-0.4252,52,49,0.9423,11,41,0,0.2115,1999.00,-850.00,0.00,-850.00,-0.4252,0.0000,1,1
153573248,late40_r60_n30,dt_ge_2026-03-21_lt_2026-08-07,266,202,0.7594,58,0.2180,752.25,62.22,0.0827,266,202,0.7594,58,199,9,0.2257,752.25,62.22,0.00,62.22,0.0827,0.0000,1,1
153577354,late40_r60_n30,dt_ge_2026-03-21_lt_2026-08-07,56,34,0.6071,8,0.1429,134.90,-27.08,-0.2008,56,34,0.6071,8,48,0,0.1429,134.90,-27.08,0.00,-27.08,-0.2008,0.0000,1,1
153584223,late40_r60_n30,dt_ge_2026-03-21_lt_2026-08-07,46,32,0.6957,8,0.1739,404.69,40.26,0.0995,46,32,0.6957,8,36,2,0.1818,404.69,40.26,0.00,40.26,0.0995,0.0000,1,1
153594288,late40_r60_n30,dt_ge_2026-03-21_lt_2026-08-07,48,44,0.9167,4,0.0833,161.06,-61.32,-0.3807,48,44,0.9167,4,42,2,0.0870,161.06,-61.32,0.00,-61.32,-0.3807,0.0000,1,1
153597473,late40_r60_n30,dt_ge_2026-03-21_lt_2026-08-07,175,123,0.7029,60,0.3429,2730.00,-267.00,-0.0978,175,123,0.7029,60,98,17,0.3797,2730.00,-267.00,0.00,-267.00,-0.0978,0.0000,1,1
153604486,late40_r60_n30,dt_ge_2026-03-21_lt_2026-08-07,45,28,0.6222,27,0.6000,152.80,27.69,0.1812,45,28,0.6222,27,18,0,0.6000,152.80,27.69,0.00,27.69,0.1812,0.0000,1,1
153612540,late40_r60_n30,dt_ge_2026-03-21_lt_2026-08-07,31,19,0.6129,11,0.3548,992.88,-60.17,-0.0606,31,19,0.6129,11,18,2,0.3793,992.88,-60.17,0.00,-60.17,-0.0606,0.0000,1,1
153615714,late40_r60_n30,dt_ge_2026-03-21_lt_2026-08-07,351,231,0.6581,148,0.4217,49603.48,-20.44,-0.0004,351,231,0.6581,148,171,32,0.4639,49603.48,-20.44,396.83,376.39,-0.0004,0.0000,1,1
153622434,late40_r60_n30,dt_ge_2026-03-21_lt_2026-08-07,109,86,0.7890,23,0.2110,716.44,16.91,0.0236,109,86,0.7890,23,82,4,0.2190,716.44,16.91,0.00,16.91,0.0236,0.0000,1,1
153623883,late40_r60_n30,dt_ge_2026-03-21_lt_2026-08-07,38,28,0.7368,10,0.2632,320.14,-18.85,-0.0589,38,28,0.7368,10,27,1,0.2703,320.14,-18.85,0.00,-18.85,-0.0589,0.0000,1,1
153629884,late40_r60_n30,dt_ge_2026-03-21_lt_2026-08-07,42,28,0.6667,15,0.3571,221.50,-2.53,-0.0114,42,28,0.6667,15,27,0,0.3571,221.50,-2.53,0.00,-2.53,-0.0114,0.0000,1,1
153634906,late40_r60_n30,dt_ge_2026-03-21_lt_2026-08-07,32,25,0.7813,21,0.6563,2695.00,853.00,0.3165,32,25,0.7813,21,11,0,0.6563,2695.00,853.00,0.00,853.00,0.3165,0.0000,1,1
153641178,late40_r60_n30,dt_ge_2026-03-21_lt_2026-08-07,31,19,0.6129,13,0.4194,294.71,-40.49,-0.1374,31,19,0.6129,13,17,1,0.4333,294.71,-40.49,0.00,-40.49,-0.1374,0.0000,1,1
153641708,late40_r60_n30,dt_ge_2026-03-21_lt_2026-08-07,62,52,0.8387,8,0.1290,88.91,-46.45,-0.5224,62,52,0.8387,8,52,2,0.1333,88.91,-46.45,0.00,-46.45,-0.5224,0.0000,1,1
153652860,late40_r60_n30,dt_ge_2026-03-21_lt_2026-08-07,34,25,0.7353,6,0.1765,1118.17,-374.49,-0.3349,34,25,0.7353,6,26,2,0.1875,1118.17,-374.49,0.00,-374.49,-0.3349,0.0000,1,1
153667049,late40_r60_n30,dt_ge_2026-03-21_lt_2026-08-07,46,28,0.6087,7,0.1522,179.86,-1.94,-0.0108,46,28,0.6087,7,38,1,0.1556,179.86,-1.94,0.00,-1.94,-0.0108,0.0000,1,1
153669043,late40_r60_n30,dt_ge_2026-03-21_lt_2026-08-07,46,38,0.8261,10,0.2174,601.55,-233.52,-0.3882,46,38,0.8261,10,35,1,0.2222,601.55,-233.52,0.00,-233.52,-0.3882,0.0000,1,1
153671475,late40_r60_n30,dt_ge_2026-03-21_lt_2026-08-07,38,32,0.8421,13,0.3421,103.42,-20.50,-0.1982,38,32,0.8421,13,23,2,0.3611,103.42,-20.50,0.00,-20.50,-0.1982,0.0000,1,1
153674449,late40_r60_n30,dt_ge_2026-03-21_lt_2026-08-07,37,25,0.6757,11,0.2973,1903.54,-80.81,-0.0425,37,25,0.6757,11,25,1,0.3056,1903.54,-80.81,0.00,-80.81,-0.0425,0.0000,1,1
153677880,late40_r60_n30,dt_ge_2026-03-21_lt_2026-08-07,46,29,0.6304,9,0.1957,293.91,-61.32,-0.2086,46,29,0.6304,9,36,1,0.2000,293.91,-61.32,0.00,-61.32,-0.2086,0.0000,1,1
153694302,late40_r60_n30,dt_ge_2026-03-21_lt_2026-08-07,31,20,0.6452,3,0.0968,1179.89,-664.70,-0.5634,31,20,0.6452,3,27,1,0.1000,1179.89,-664.70,0.00,-664.70,-0.5634,0.0000,1,1
153697867,late40_r60_n30,dt_ge_2026-03-21_lt_2026-08-07,30,19,0.6333,9,0.3000,1531.44,573.99,0.3748,30,19,0.6333,9,21,0,0.3000,1531.44,573.99,0.00,573.99,0.3748,0.0000,1,1
153699377,late40_r60_n30,dt_ge_2026-03-21_lt_2026-08-07,36,25,0.6944,19,0.5278,64.65,11.21,0.1734,36,25,0.6944,19,13,4,0.5938,64.65,11.21,0.00,11.21,0.1734,0.0000,1,1
153700222,late40_r60_n30,dt_ge_2026-03-21_lt_2026-08-07,38,27,0.7105,8,0.2105,76.77,-10.51,-0.1368,38,27,0.7105,8,30,0,0.2105,76.77,-10.51,0.00,-10.51,-0.1368,0.0000,1,1
153702113,late40_r60_n30,dt_ge_2026-03-21_lt_2026-08-07,38,34,0.8947,5,0.1316,187.89,-78.79,-0.4194,38,34,0.8947,5,32,1,0.1351,187.89,-78.79,0.00,-78.79,-0.4194,0.0000,1,1
153706922,late40_r60_n30,dt_ge_2026-03-21_lt_2026-08-07,156,120,0.7692,33,0.2115,2362.35,-189.90,-0.0804,156,120,0.7692,33,117,6,0.2200,2362.35,-189.90,0.00,-189.90,-0.0804,0.0000,1,1
153708001,late40_r60_n30,dt_ge_2026-03-21_lt_2026-08-07,130,85,0.6538,21,0.1615,3485.13,-404.07,-0.1159,130,85,0.6538,21,104,5,0.1680,3485.13,-404.07,0.00,-404.07,-0.1159,0.0000,1,1
153709452,late40_r60_n30,dt_ge_2026-03-21_lt_2026-08-07,36,22,0.6111,17,0.4722,280.83,40.71,0.1450,36,22,0.6111,17,15,4,0.5313,280.83,40.71,0.00,40.71,0.1450,0.0000,1,1
153716515,late40_r60_n30,dt_ge_2026-03-21_lt_2026-08-07,94,64,0.6809,30,0.3191,501.45,-35.15,-0.0701,94,64,0.6809,30,58,6,0.3409,501.45,-35.15,0.00,-35.15,-0.0701,0.0000,1,1
153725521,late40_r60_n30,dt_ge_2026-03-21_lt_2026-08-07,42,27,0.6429,10,0.2381,148.97,-13.36,-0.0897,42,27,0.6429,10,29,3,0.2564,148.97,-13.36,0.00,-13.36,-0.0897,0.0000,1,1
153727086,late40_r60_n30,dt_ge_2026-03-21_lt_2026-08-07,38,36,0.9474,12,0.3158,519.64,-108.33,-0.2085,38,36,0.9474,12,21,5,0.3636,519.64,-108.33,0.00,-108.33,-0.2085,0.0000,1,1
153729278,late40_r60_n30,dt_ge_2026-03-21_lt_2026-08-07,154,95,0.6169,51,0.3312,1097.06,-159.71,-0.1456,154,95,0.6169,51,92,11,0.3566,1097.06,-159.71,0.00,-159.71,-0.1456,0.0000,1,1
153734166,late40_r60_n30,dt_ge_2026-03-21_lt_2026-08-07,74,59,0.7973,11,0.1486,1464.05,-22.22,-0.0152,74,59,0.7973,11,60,3,0.1549,1464.05,-22.22,0.00,-22.22,-0.0152,0.0000,1,1
153736888,late40_r60_n30,dt_ge_2026-03-21_lt_2026-08-07,81,59,0.7284,11,0.1358,550.55,-161.63,-0.2936,81,59,0.7284,11,68,2,0.1392,550.55,-161.63,0.00,-161.63,-0.2936,0.0000,1,1
153738500,late40_r60_n30,dt_ge_2026-03-21_lt_2026-08-07,96,58,0.6042,30,0.3125,8284.51,-410.13,-0.0495,96,58,0.6042,30,61,5,0.3297,8284.51,-410.13,0.00,-410.13,-0.0495,0.0000,1,1
153742635,late40_r60_n30,dt_ge_2026-03-21_lt_2026-08-07,47,32,0.6809,18,0.3830,497.52,20.84,0.0419,47,32,0.6809,18,27,2,0.4000,497.52,20.84,0.00,20.84,0.0419,0.0000,1,1
153742875,late40_r60_n30,dt_ge_2026-03-21_lt_2026-08-07,30,21,0.7000,14,0.4667,93.54,-15.35,-0.1641,30,21,0.7000,14,15,1,0.4828,93.54,-15.35,0.00,-15.35,-0.1641,0.0000,1,1
153744568,late40_r60_n30,dt_ge_2026-03-21_lt_2026-08-07,262,167,0.6374,57,0.2176,2496.97,63.41,0.0254,262,167,0.6374,57,198,7,0.2235,2496.97,63.41,0.00,63.41,0.0254,0.0000,1,1
153746401,late40_r60_n30,dt_ge_2026-03-21_lt_2026-08-07,62,50,0.8065,33,0.5323,647.27,86.82,0.1341,62,50,0.8065,33,26,3,0.5593,647.27,86.82,0.00,86.82,0.1341,0.0000,1,1
153754302,late40_r60_n30,dt_ge_2026-03-21_lt_2026-08-07,183,123,0.6721,26,0.1421,2601.02,-577.76,-0.2221,183,123,0.6721,26,155,2,0.1436,2601.02,-577.76,0.00,-577.76,-0.2221,0.0000,1,1
153767690,late40_r60_n30,dt_ge_2026-03-21_lt_2026-08-07,48,32,0.6667,13,0.2708,97.99,28.39,0.2897,48,32,0.6667,13,34,1,0.2766,97.99,28.39,0.00,28.39,0.2897,0.0000,1,1
153769073,late40_r60_n30,dt_ge_2026-03-21_lt_2026-08-07,35,24,0.6857,11,0.3143,9300.59,1843.55,0.1982,35,24,0.6857,11,24,0,0.3143,9300.59,1843.55,0.00,1843.55,0.1982,0.0000,1,1
153773555,late40_r60_n30,dt_ge_2026-03-21_lt_2026-08-07,73,53,0.7260,28,0.3836,2227.00,-201.50,-0.0905,73,53,0.7260,28,40,5,0.4118,2227.00,-201.50,0.00,-201.50,-0.0905,0.0000,1,1
153774590,late40_r60_n30,dt_ge_2026-03-21_lt_2026-08-07,34,21,0.6176,1,0.0294,250.53,-202.04,-0.8065,34,21,0.6176,1,33,0,0.0294,250.53,-202.04,0.00,-202.04,-0.8065,0.0000,1,1
153777371,late40_r60_n30,dt_ge_2026-03-21_lt_2026-08-07,36,23,0.6389,14,0.3889,404.48,112.69,0.2786,36,23,0.6389,14,22,0,0.3889,404.48,112.69,0.00,112.69,0.2786,0.0000,1,1
153780523,late40_r60_n30,dt_ge_2026-03-21_lt_2026-08-07,42,26,0.6190,14,0.3333,25518.72,7763.26,0.3042,42,26,0.6190,14,26,2,0.3500,25518.72,7763.26,0.00,7763.26,0.3042,0.0000,1,1
153784829,late40_r60_n30,dt_ge_2026-03-21_lt_2026-08-07,34,22,0.6471,17,0.5000,526.10,52.27,0.0993,34,22,0.6471,17,13,4,0.5667,526.10,52.27,4.73,57.00,0.0993,0.0000,1,1
153788205,late40_r60_n30,dt_ge_2026-03-21_lt_2026-08-07,37,26,0.7027,17,0.4595,72.73,-5.05,-0.0694,37,26,0.7027,17,19,1,0.4722,72.73,-5.05,0.00,-5.05,-0.0694,0.0000,1,1
153793578,late40_r60_n30,dt_ge_2026-03-21_lt_2026-08-07,88,73,0.8295,22,0.2500,2452.93,-283.82,-0.1157,88,73,0.8295,22,63,3,0.2588,2452.93,-283.82,0.00,-283.82,-0.1157,0.0000,1,1
153795914,late40_r60_n30,dt_ge_2026-03-21_lt_2026-08-07,37,26,0.7027,2,0.0541,97.60,-43.66,-0.4474,37,26,0.7027,2,35,0,0.0541,97.60,-43.66,0.00,-43.66,-0.4474,0.0000,1,1
153796481,late40_r60_n30,dt_ge_2026-03-21_lt_2026-08-07,84,66,0.7857,14,0.1667,19113.76,-380.29,-0.0199,84,66,0.7857,14,69,1,0.1687,19113.76,-380.29,0.00,-380.29,-0.0199,0.0000,1,1
153799681,late40_r60_n30,dt_ge_2026-03-21_lt_2026-08-07,43,29,0.6744,23,0.5349,3069.38,594.10,0.1936,43,29,0.6744,23,17,3,0.5750,3069.38,594.10,0.00,594.10,0.1936,0.0000,1,1
153819653,late40_r60_n30,dt_ge_2026-03-21_lt_2026-08-07,74,45,0.6081,8,0.1081,495.98,-136.39,-0.2750,74,45,0.6081,8,65,1,0.1096,495.98,-136.39,0.00,-136.39,-0.2750,0.0000,1,1
153833072,late40_r60_n30,dt_ge_2026-03-21_lt_2026-08-07,41,30,0.7317,9,0.2195,280.83,44.45,0.1583,41,30,0.7317,9,31,1,0.2250,280.83,44.45,0.00,44.45,0.1583,0.0000,1,1
153834395,late40_r60_n30,dt_ge_2026-03-21_lt_2026-08-07,70,43,0.6143,30,0.4286,310.79,254.41,0.8186,70,43,0.6143,30,32,8,0.4839,310.79,254.41,0.00,254.41,0.8186,0.0000,1,1
153834986,late40_r60_n30,dt_ge_2026-03-21_lt_2026-08-07,33,22,0.6667,10,0.3030,471.84,-26.04,-0.0552,33,22,0.6667,10,21,2,0.3226,471.84,-26.04,0.00,-26.04,-0.0552,0.0000,1,1
153835184,late40_r60_n30,dt_ge_2026-03-21_lt_2026-08-07,70,42,0.6000,13,0.1857,408.52,7.98,0.0195,70,42,0.6000,13,56,1,0.1884,408.52,7.98,0.00,7.98,0.0195,0.0000,1,1
153842912,late40_r60_n30,dt_ge_2026-03-21_lt_2026-08-07,40,35,0.8750,7,0.1750,160.42,-43.31,-0.2700,40,35,0.8750,7,33,0,0.1750,160.42,-43.31,0.00,-43.31,-0.2700,0.0000,1,1
153850692,late40_r60_n30,dt_ge_2026-03-21_lt_2026-08-07,97,74,0.7629,14,0.1443,5990.38,-766.73,-0.1280,97,74,0.7629,14,79,4,0.1505,5990.38,-766.73,0.00,-766.73,-0.1280,0.0000,1,1
153852101,late40_r60_n30,dt_ge_2026-03-21_lt_2026-08-07,35,21,0.6000,16,0.4571,195.98,-20.20,-0.1031,35,21,0.6000,16,18,1,0.4706,195.98,-20.20,0.00,-20.20,-0.1031,0.0000,1,1
153852556,late40_r60_n30,dt_ge_2026-03-21_lt_2026-08-07,34,21,0.6176,14,0.4118,3131.02,-514.35,-0.1643,34,21,0.6176,14,17,3,0.4516,3131.02,-514.35,0.00,-514.35,-0.1643,0.0000,1,1
153852585,late40_r60_n30,dt_ge_2026-03-21_lt_2026-08-07,62,50,0.8065,26,0.4194,647.27,-104.15,-0.1609,62,50,0.8065,26,33,3,0.4407,647.27,-104.15,0.00,-104.15,-0.1609,0.0000,1,1
153853858,late40_r60_n30,dt_ge_2026-03-21_lt_2026-08-07,50,31,0.6200,21,0.4200,445.73,-74.16,-0.1664,50,31,0.6200,21,26,3,0.4468,445.73,-74.16,0.00,-74.16,-0.1664,0.0000,1,1
153856107,late40_r60_n30,dt_ge_2026-03-21_lt_2026-08-07,61,47,0.7705,9,0.1475,285.48,-82.83,-0.2902,61,47,0.7705,9,51,1,0.1500,285.48,-82.83,0.00,-82.83,-0.2902,0.0000,1,1
153859031,late40_r60_n30,dt_ge_2026-03-21_lt_2026-08-07,45,42,0.9333,5,0.1111,131.32,-22.22,-0.1692,45,42,0.9333,5,40,0,0.1111,131.32,-22.22,0.00,-22.22,-0.1692,0.0000,1,1
153866950,late40_r60_n30,dt_ge_2026-03-21_lt_2026-08-07,46,33,0.7174,7,0.1522,713.59,57.68,0.0808,46,33,0.7174,7,37,2,0.1591,713.59,57.68,0.00,57.68,0.0808,0.0000,1,1
153868614,late40_r60_n30,dt_ge_2026-03-21_lt_2026-08-07,66,41,0.6212,29,0.4394,113212.19,45281.14,0.4000,66,41,0.6212,29,33,4,0.4677,113212.19,45281.14,0.00,45281.14,0.4000,0.0000,1,1
153872917,late40_r60_n30,dt_ge_2026-03-21_lt_2026-08-07,33,23,0.6970,7,0.2121,643.49,-210.07,-0.3265,33,23,0.6970,7,25,1,0.2188,643.49,-210.07,0.00,-210.07,-0.3265,0.0000,1,1
153873684,late40_r60_n30,dt_ge_2026-03-21_lt_2026-08-07,53,38,0.7170,14,0.2642,1957.47,655.41,0.3348,53,38,0.7170,14,36,3,0.2800,1957.47,655.41,0.00,655.41,0.3348,0.0000,1,1
153874455,late40_r60_n30,dt_ge_2026-03-21_lt_2026-08-07,40,40,1.0000,10,0.2500,551.56,-51.12,-0.0927,40,40,1.0000,10,30,0,0.2500,551.56,-51.12,0.00,-51.12,-0.0927,0.0000,1,1
153910435,late40_r60_n30,dt_ge_2026-03-21_lt_2026-08-07,102,68,0.6667,17,0.1667,6634.47,254.28,0.0383,102,68,0.6667,17,85,0,0.1667,6634.47,254.28,0.00,254.28,0.0383,0.0000,1,1
153913538,late40_r60_n30,dt_ge_2026-03-21_lt_2026-08-07,115,76,0.6609,51,0.4435,5975.35,-105.46,-0.0176,115,76,0.6609,51,59,5,0.4636,5975.35,-105.46,0.00,-105.46,-0.0176,0.0000,1,1
153914878,late40_r60_n30,dt_ge_2026-03-21_lt_2026-08-07,40,30,0.7500,10,0.2500,1089.05,683.23,0.6274,40,30,0.7500,10,25,5,0.2857,1089.05,683.23,0.00,683.23,0.6274,0.0000,1,1
