member_id,cate,prev_date,change_date,action_type,value_before,value_after,direction,stake,valid_bet,profit,n_bets,n_rounds,roi,roi_post,roi_non_post,roi_ex_rebate,roi_numerator,roi_denominator,roi_denominator_status,rebate_cost,cost_complement_b,pct_complement,pct_top_bet23,agent_formula_version,agent_level_scope,agent_cost_lv1,agent_cost_lv2,agent_cost_lv3,agent_cost_lv4,agent_cost_lv5,agent_pct_lv1,agent_pct_lv2,agent_pct_lv3,agent_pct_lv4,agent_pct_lv5,retain_pct_lv1,retain_pct_lv2,retain_pct_lv3,retain_pct_lv4,retain_pct_lv5,chain_depth_avg,agent_cost_chain_additive,agent_cost_chain_nested,residual_chain_additive,residual_chain_nested,decision_status,admit_to_risk_decision,deliverable_class,agent_cost_a_legacy,agent_cost_valid_base_legacy,ngr,residual_b,residual_a,ngr_rate,residual_b_rate,agent_cost_bet23_formal_canonical,net_margin_bet23_formal_canonical,net_margin_bet23_formal_rate_canonical,agent_cost_lv1_bet23_canonical,agent_cost_lv2_bet24_canonical,agent_cost_lv3_bet25_canonical,agent_cost_lv4_bet26_canonical,agent_cost_lv5_bet27_canonical,net_margin_lv1_bet23_canonical,net_margin_lv1_bet23_rate_canonical,agent_cost_chain_additive_canonical,agent_cost_chain_nested_canonical,net_margin_chain_additive_canonical,net_margin_chain_nested_canonical,net_margin_chain_additive_rate_canonical,net_margin_chain_nested_rate_canonical,residual_a_rate,avg_stake_per_bet,avg_valid_bet_per_round,avg_profit_per_round,avg_profit_per_day,avg_profit_per_shoe,avg_stake_per_active_day,avg_rounds_per_active_day,avg_stake_post,avg_stake_non_post,p25_stake,p50_stake,p75_stake,p90_stake,p95_stake,p99_stake,p50_valid_bet,p50_profit,p95_over_p50,p99_over_p50,avg_over_p50,common_table_count,common_dealer_count,common_ip_count,common_product_count,share_post,hold_rate,hold_rate_post,rebate_rate_actual,rebate_pct_config,turnover_multiple,free_comm_rate,roi_delta_post,first_seen,last_seen,active_days,active_shoes,active_sessions,span_days,persistence,ramp_post,ramp_recent,stake_ramp,vip_tier,economic_value,roi_pr_global,risk_value,pr_stake,pr_global,pr_qualified,pr_qualified_population,pr_global_population_n,pr_qualified_population_n,pr_calculation_method,pr_calculation_version,evidence_flag,evidence_rate,hold_ci_halfwidth_approx,action_priority,audit_rn,batch_id,run_id,snapshot_sync_time
17654796,101,2026-04-04,2026-07-12,最大可贏,1200.0,2000.0,放宽,,,,,,,,,,,,NULL_DENOM,,,,,AG03-UNRESOLVED,ALL5_LEVELS_bet23_to_bet27,,,,,,,,,,,,,,,,,,,,,PENDING_AG03,FALSE,NOT_FOR_ENFORCEMENT,,,,,,,,,,,,,,,,,,,,,,,,,,,,,,,,,,,,,,,,,,,,,,,,,,,,,,,,,,,,,,,,,,,1,0.0,0.0,0.0,0.0,0.0,,n_rounds>=30,148,104,PERCENT_RANK_OVER_ORDER_BY_e_stake,HF9f,THIN_ROUNDS,,,Z 证据不足 · 不动作,1,1,A168_HF9F_20260827_0900,2026-08-27 09:00:00
17654796,102,2026-04-04,2026-07-12,最大可贏,1200.0,2000.0,放宽,,,,,,,,,,,,NULL_DENOM,,,,,AG03-UNRESOLVED,ALL5_LEVELS_bet23_to_bet27,,,,,,,,,,,,,,,,,,,,,PENDING_AG03,FALSE,NOT_FOR_ENFORCEMENT,,,,,,,,,,,,,,,,,,,,,,,,,,,,,,,,,,,,,,,,,,,,,,,,,,,,,,,,,,,,,,,,,,,1,0.0,0.0,0.0,0.0,0.0,,n_rounds>=30,148,104,PERCENT_RANK_OVER_ORDER_BY_e_stake,HF9f,THIN_ROUNDS,,,Z 证据不足 · 不动作,2,1,A168_HF9F_20260827_0900,2026-08-27 09:00:00
17654796,103,2026-04-04,2026-07-12,最大可贏,1200.0,2000.0,放宽,,,,,,,,,,,,NULL_DENOM,,,,,AG03-UNRESOLVED,ALL5_LEVELS_bet23_to_bet27,,,,,,,,,,,,,,,,,,,,,PENDING_AG03,FALSE,NOT_FOR_ENFORCEMENT,,,,,,,,,,,,,,,,,,,,,,,,,,,,,,,,,,,,,,,,,,,,,,,,,,,,,,,,,,,,,,,,,,,1,0.0,0.0,0.0,0.0,0.0,,n_rounds>=30,148,104,PERCENT_RANK_OVER_ORDER_BY_e_stake,HF9f,THIN_ROUNDS,,,Z 证据不足 · 不动作,3,1,A168_HF9F_20260827_0900,2026-08-27 09:00:00
17654796,104,2026-04-04,2026-07-12,最大可贏,1200.0,2000.0,放宽,,,,,,,,,,,,NULL_DENOM,,,,,AG03-UNRESOLVED,ALL5_LEVELS_bet23_to_bet27,,,,,,,,,,,,,,,,,,,,,PENDING_AG03,FALSE,NOT_FOR_ENFORCEMENT,,,,,,,,,,,,,,,,,,,,,,,,,,,,,,,,,,,,,,,,,,,,,,,,,,,,,,,,,,,,,,,,,,,1,0.0,0.0,0.0,0.0,0.0,,n_rounds>=30,148,104,PERCENT_RANK_OVER_ORDER_BY_e_stake,HF9f,THIN_ROUNDS,,,Z 证据不足 · 不动作,4,1,A168_HF9F_20260827_0900,2026-08-27 09:00:00
17654796,105,2026-04-04,2026-07-12,最大可贏,1200.0,2000.0,放宽,,,,,,,,,,,,NULL_DENOM,,,,,AG03-UNRESOLVED,ALL5_LEVELS_bet23_to_bet27,,,,,,,,,,,,,,,,,,,,,PENDING_AG03,FALSE,NOT_FOR_ENFORCEMENT,,,,,,,,,,,,,,,,,,,,,,,,,,,,,,,,,,,,,,,,,,,,,,,,,,,,,,,,,,,,,,,,,,,1,0.0,0.0,0.0,0.0,0.0,,n_rounds>=30,148,104,PERCENT_RANK_OVER_ORDER_BY_e_stake,HF9f,THIN_ROUNDS,,,Z 证据不足 · 不动作,5,1,A168_HF9F_20260827_0900,2026-08-27 09:00:00
17654796,106,2026-04-04,2026-07-12,最大可贏,1200.0,2000.0,放宽,,,,,,,,,,,,NULL_DENOM,,,,,AG03-UNRESOLVED,ALL5_LEVELS_bet23_to_bet27,,,,,,,,,,,,,,,,,,,,,PENDING_AG03,FALSE,NOT_FOR_ENFORCEMENT,,,,,,,,,,,,,,,,,,,,,,,,,,,,,,,,,,,,,,,,,,,,,,,,,,,,,,,,,,,,,,,,,,,1,0.0,0.0,0.0,0.0,0.0,,n_rounds>=30,148,104,PERCENT_RANK_OVER_ORDER_BY_e_stake,HF9f,THIN_ROUNDS,,,Z 证据不足 · 不动作,6,1,A168_HF9F_20260827_0900,2026-08-27 09:00:00
17654796,107,2026-04-04,2026-07-12,最大可贏,1200.0,2000.0,放宽,,,,,,,,,,,,NULL_DENOM,,,,,AG03-UNRESOLVED,ALL5_LEVELS_bet23_to_bet27,,,,,,,,,,,,,,,,,,,,,PENDING_AG03,FALSE,NOT_FOR_ENFORCEMENT,,,,,,,,,,,,,,,,,,,,,,,,,,,,,,,,,,,,,,,,,,,,,,,,,,,,,,,,,,,,,,,,,,,1,0.0,0.0,0.0,0.0,0.0,,n_rounds>=30,148,104,PERCENT_RANK_OVER_ORDER_BY_e_stake,HF9f,THIN_ROUNDS,,,Z 证据不足 · 不动作,7,1,A168_HF9F_20260827_0900,2026-08-27 09:00:00
17654796,108,2026-04-04,2026-07-12,最大可贏,1200.0,2000.0,放宽,,,,,,,,,,,,NULL_DENOM,,,,,AG03-UNRESOLVED,ALL5_LEVELS_bet23_to_bet27,,,,,,,,,,,,,,,,,,,,,PENDING_AG03,FALSE,NOT_FOR_ENFORCEMENT,,,,,,,,,,,,,,,,,,,,,,,,,,,,,,,,,,,,,,,,,,,,,,,,,,,,,,,,,,,,,,,,,,,1,0.0,0.0,0.0,0.0,0.0,,n_rounds>=30,148,104,PERCENT_RANK_OVER_ORDER_BY_e_stake,HF9f,THIN_ROUNDS,,,Z 证据不足 · 不动作,8,1,A168_HF9F_20260827_0900,2026-08-27 09:00:00
17654796,109,2026-04-04,2026-07-12,最大可贏,1200.0,2000.0,放宽,,,,,,,,,,,,NULL_DENOM,,,,,AG03-UNRESOLVED,ALL5_LEVELS_bet23_to_bet27,,,,,,,,,,,,,,,,,,,,,PENDING_AG03,FALSE,NOT_FOR_ENFORCEMENT,,,,,,,,,,,,,,,,,,,,,,,,,,,,,,,,,,,,,,,,,,,,,,,,,,,,,,,,,,,,,,,,,,,1,0.0,0.0,0.0,0.0,0.0,,n_rounds>=30,148,104,PERCENT_RANK_OVER_ORDER_BY_e_stake,HF9f,THIN_ROUNDS,,,Z 证据不足 · 不动作,9,1,A168_HF9F_20260827_0900,2026-08-27 09:00:00
17654796,110,2026-04-04,2026-07-12,最大可贏,1200.0,2000.0,放宽,,,,,,,,,,,,NULL_DENOM,,,,,AG03-UNRESOLVED,ALL5_LEVELS_bet23_to_bet27,,,,,,,,,,,,,,,,,,,,,PENDING_AG03,FALSE,NOT_FOR_ENFORCEMENT,,,,,,,,,,,,,,,,,,,,,,,,,,,,,,,,,,,,,,,,,,,,,,,,,,,,,,,,,,,,,,,,,,,1,0.0,0.0,0.0,0.0,0.0,,n_rounds>=30,148,104,PERCENT_RANK_OVER_ORDER_BY_e_stake,HF9f,THIN_ROUNDS,,,Z 证据不足 · 不动作,10,1,A168_HF9F_20260827_0900,2026-08-27 09:00:00
17654796,111,2026-04-04,2026-07-12,最大可贏,1200.0,2000.0,放宽,,,,,,,,,,,,NULL_DENOM,,,,,AG03-UNRESOLVED,ALL5_LEVELS_bet23_to_bet27,,,,,,,,,,,,,,,,,,,,,PENDING_AG03,FALSE,NOT_FOR_ENFORCEMENT,,,,,,,,,,,,,,,,,,,,,,,,,,,,,,,,,,,,,,,,,,,,,,,,,,,,,,,,,,,,,,,,,,,1,0.0,0.0,0.0,0.0,0.0,,n_rounds>=30,148,104,PERCENT_RANK_OVER_ORDER_BY_e_stake,HF9f,THIN_ROUNDS,,,Z 证据不足 · 不动作,11,1,A168_HF9F_20260827_0900,2026-08-27 09:00:00
17654796,112,2026-04-04,2026-07-12,最大可贏,1200.0,2000.0,放宽,,,,,,,,,,,,NULL_DENOM,,,,,AG03-UNRESOLVED,ALL5_LEVELS_bet23_to_bet27,,,,,,,,,,,,,,,,,,,,,PENDING_AG03,FALSE,NOT_FOR_ENFORCEMENT,,,,,,,,,,,,,,,,,,,,,,,,,,,,,,,,,,,,,,,,,,,,,,,,,,,,,,,,,,,,,,,,,,,1,0.0,0.0,0.0,0.0,0.0,,n_rounds>=30,148,104,PERCENT_RANK_OVER_ORDER_BY_e_stake,HF9f,THIN_ROUNDS,,,Z 证据不足 · 不动作,12,1,A168_HF9F_20260827_0900,2026-08-27 09:00:00
17654796,113,2026-04-04,2026-07-12,最大可贏,1200.0,2000.0,放宽,,,,,,,,,,,,NULL_DENOM,,,,,AG03-UNRESOLVED,ALL5_LEVELS_bet23_to_bet27,,,,,,,,,,,,,,,,,,,,,PENDING_AG03,FALSE,NOT_FOR_ENFORCEMENT,,,,,,,,,,,,,,,,,,,,,,,,,,,,,,,,,,,,,,,,,,,,,,,,,,,,,,,,,,,,,,,,,,,1,0.0,0.0,0.0,0.0,0.0,,n_rounds>=30,148,104,PERCENT_RANK_OVER_ORDER_BY_e_stake,HF9f,THIN_ROUNDS,,,Z 证据不足 · 不动作,13,1,A168_HF9F_20260827_0900,2026-08-27 09:00:00
17654796,117,2026-04-04,2026-07-12,最大可贏,1200.0,2000.0,放宽,,,,,,,,,,,,NULL_DENOM,,,,,AG03-UNRESOLVED,ALL5_LEVELS_bet23_to_bet27,,,,,,,,,,,,,,,,,,,,,PENDING_AG03,FALSE,NOT_FOR_ENFORCEMENT,,,,,,,,,,,,,,,,,,,,,,,,,,,,,,,,,,,,,,,,,,,,,,,,,,,,,,,,,,,,,,,,,,,1,0.0,0.0,0.0,0.0,0.0,,n_rounds>=30,148,104,PERCENT_RANK_OVER_ORDER_BY_e_stake,HF9f,THIN_ROUNDS,,,Z 证据不足 · 不动作,14,1,A168_HF9F_20260827_0900,2026-08-27 09:00:00
17654796,121,2026-04-04,2026-07-12,最大可贏,1200.0,2000.0,放宽,,,,,,,,,,,,NULL_DENOM,,,,,AG03-UNRESOLVED,ALL5_LEVELS_bet23_to_bet27,,,,,,,,,,,,,,,,,,,,,PENDING_AG03,FALSE,NOT_FOR_ENFORCEMENT,,,,,,,,,,,,,,,,,,,,,,,,,,,,,,,,,,,,,,,,,,,,,,,,,,,,,,,,,,,,,,,,,,,1,0.0,0.0,0.0,0.0,0.0,,n_rounds>=30,148,104,PERCENT_RANK_OVER_ORDER_BY_e_stake,HF9f,THIN_ROUNDS,,,Z 证据不足 · 不动作,15,1,A168_HF9F_20260827_0900,2026-08-27 09:00:00
17654796,128,2026-04-04,2026-07-12,最大可贏,1200.0,2000.0,放宽,,,,,,,,,,,,NULL_DENOM,,,,,AG03-UNRESOLVED,ALL5_LEVELS_bet23_to_bet27,,,,,,,,,,,,,,,,,,,,,PENDING_AG03,FALSE,NOT_FOR_ENFORCEMENT,,,,,,,,,,,,,,,,,,,,,,,,,,,,,,,,,,,,,,,,,,,,,,,,,,,,,,,,,,,,,,,,,,,1,0.0,0.0,0.0,0.0,0.0,,n_rounds>=30,148,104,PERCENT_RANK_OVER_ORDER_BY_e_stake,HF9f,THIN_ROUNDS,,,Z 证据不足 · 不动作,16,1,A168_HF9F_20260827_0900,2026-08-27 09:00:00
17654796,301,2026-04-04,2026-07-12,最大可贏,1200.0,2000.0,放宽,,,,,,,,,,,,NULL_DENOM,,,,,AG03-UNRESOLVED,ALL5_LEVELS_bet23_to_bet27,,,,,,,,,,,,,,,,,,,,,PENDING_AG03,FALSE,NOT_FOR_ENFORCEMENT,,,,,,,,,,,,,,,,,,,,,,,,,,,,,,,,,,,,,,,,,,,,,,,,,,,,,,,,,,,,,,,,,,,1,0.0,0.0,0.0,0.0,0.0,,n_rounds>=30,148,104,PERCENT_RANK_OVER_ORDER_BY_e_stake,HF9f,THIN_ROUNDS,,,Z 证据不足 · 不动作,17,1,A168_HF9F_20260827_0900,2026-08-27 09:00:00
17654796,5008,2026-04-04,2026-07-12,最大可贏,1200.0,2000.0,放宽,,,,,,,,,,,,NULL_DENOM,,,,,AG03-UNRESOLVED,ALL5_LEVELS_bet23_to_bet27,,,,,,,,,,,,,,,,,,,,,PENDING_AG03,FALSE,NOT_FOR_ENFORCEMENT,,,,,,,,,,,,,,,,,,,,,,,,,,,,,,,,,,,,,,,,,,,,,,,,,,,,,,,,,,,,,,,,,,,1,0.0,0.0,0.0,0.0,0.0,,n_rounds>=30,148,104,PERCENT_RANK_OVER_ORDER_BY_e_stake,HF9f,THIN_ROUNDS,,,Z 证据不足 · 不动作,18,1,A168_HF9F_20260827_0900,2026-08-27 09:00:00
17654796,5009,2026-04-04,2026-07-12,最大可贏,1200.0,2000.0,放宽,,,,,,,,,,,,NULL_DENOM,,,,,AG03-UNRESOLVED,ALL5_LEVELS_bet23_to_bet27,,,,,,,,,,,,,,,,,,,,,PENDING_AG03,FALSE,NOT_FOR_ENFORCEMENT,,,,,,,,,,,,,,,,,,,,,,,,,,,,,,,,,,,,,,,,,,,,,,,,,,,,,,,,,,,,,,,,,,,1,0.0,0.0,0.0,0.0,0.0,,n_rounds>=30,148,104,PERCENT_RANK_OVER_ORDER_BY_e_stake,HF9f,THIN_ROUNDS,,,Z 证据不足 · 不动作,19,1,A168_HF9F_20260827_0900,2026-08-27 09:00:00
17654796,5010,2026-04-04,2026-07-12,最大可贏,1200.0,2000.0,放宽,,,,,,,,,,,,NULL_DENOM,,,,,AG03-UNRESOLVED,ALL5_LEVELS_bet23_to_bet27,,,,,,,,,,,,,,,,,,,,,PENDING_AG03,FALSE,NOT_FOR_ENFORCEMENT,,,,,,,,,,,,,,,,,,,,,,,,,,,,,,,,,,,,,,,,,,,,,,,,,,,,,,,,,,,,,,,,,,,1,0.0,0.0,0.0,0.0,0.0,,n_rounds>=30,148,104,PERCENT_RANK_OVER_ORDER_BY_e_stake,HF9f,THIN_ROUNDS,,,Z 证据不足 · 不动作,20,1,A168_HF9F_20260827_0900,2026-08-27 09:00:00
17654796,5011,2026-04-04,2026-07-12,最大可贏,1200.0,2000.0,放宽,,,,,,,,,,,,NULL_DENOM,,,,,AG03-UNRESOLVED,ALL5_LEVELS_bet23_to_bet27,,,,,,,,,,,,,,,,,,,,,PENDING_AG03,FALSE,NOT_FOR_ENFORCEMENT,,,,,,,,,,,,,,,,,,,,,,,,,,,,,,,,,,,,,,,,,,,,,,,,,,,,,,,,,,,,,,,,,,,1,0.0,0.0,0.0,0.0,0.0,,n_rounds>=30,148,104,PERCENT_RANK_OVER_ORDER_BY_e_stake,HF9f,THIN_ROUNDS,,,Z 证据不足 · 不动作,21,1,A168_HF9F_20260827_0900,2026-08-27 09:00:00
17654796,5031,2026-04-04,2026-07-12,最大可贏,1200.0,2000.0,放宽,,,,,,,,,,,,NULL_DENOM,,,,,AG03-UNRESOLVED,ALL5_LEVELS_bet23_to_bet27,,,,,,,,,,,,,,,,,,,,,PENDING_AG03,FALSE,NOT_FOR_ENFORCEMENT,,,,,,,,,,,,,,,,,,,,,,,,,,,,,,,,,,,,,,,,,,,,,,,,,,,,,,,,,,,,,,,,,,,1,0.0,0.0,0.0,0.0,0.0,,n_rounds>=30,148,104,PERCENT_RANK_OVER_ORDER_BY_e_stake,HF9f,THIN_ROUNDS,,,Z 证据不足 · 不动作,22,1,A168_HF9F_20260827_0900,2026-08-27 09:00:00
51576515,101,2026-04-23,2026-05-28,最大可贏,30000.0,100000.0,放宽,44310393.3643,40071398.1157,-845962.2664,4841,4841,0.01909173,-0.09240317,0.02608662,0.01909173,845962.2664,44310393.3643,OK,0.0000,-33838.4907,4.0000,96.0000,AG03-UNRESOLVED,ALL5_LEVELS_bet23_to_bet27,-33838.4907,-33838.4907,-33838.4907,-33838.4907,-33838.4907,4.000000,4.000000,4.000000,4.000000,4.000000,96.000000,96.000000,96.000000,96.000000,96.000000,5.0,-169192.4533,-156187.7312,-676769.8131,-689774.5352,PENDING_AG03,FALSE,NOT_FOR_ENFORCEMENT,-812123.7758,38468542.1911,-845962.2664,-812123.7758,-33838.4907,-0.01909173,-0.01832807,-33838.4907,-812123.7758,-0.01832807,-33838.4907,-33838.4907,-33838.4907,-33838.4907,-33838.4907,-812123.7758,-0.01832807,-169192.4533,-156187.7312,-676769.8131,-689774.5352,-0.01527339,-0.01556688,-0.00076367,9153.1488,8277.5043,-174.7495,-12817.6101,-864.1085,671369.5964,73.3485,9724.1778,9119.5515,3396.739,6765.8999,13531.7998,20297.6992,20519.8359,20689.6543,6765.8999,0.0,3.032832,3.057931,1.352835,29,175,51,2,0.05903364,-0.01909173,0.09240317,0E-8,0.000000,0.904334,0.000207,-0.11848979,2026-03-30,2026-08-05,66,979,614,129,0.511628,1.066300,1.062386,0.196779,5,0.14965986394557823,0.8707482993197279,0.8707482993197279,0.8707482993197279,0.8707482993197279,0.8155339805825242,n_rounds>=30,148,104,PERCENT_RANK_OVER_ORDER_BY_e_stake,HF9f,OK,L4_CI_3P0,0.0267616,E 常规,23,1,A168_HF9F_20260827_0900,2026-08-27 09:00:00
51576515,102,2026-04-23,2026-05-28,最大可贏,30000.0,100000.0,放宽,44310393.3643,40071398.1157,-845962.2664,4841,4841,0.01909173,-0.09240317,0.02608662,0.01909173,845962.2664,44310393.3643,OK,0.0000,-33838.4907,4.0000,96.0000,AG03-UNRESOLVED,ALL5_LEVELS_bet23_to_bet27,-33838.4907,-33838.4907,-33838.4907,-33838.4907,-33838.4907,4.000000,4.000000,4.000000,4.000000,4.000000,96.000000,96.000000,96.000000,96.000000,96.000000,5.0,-169192.4533,-156187.7312,-676769.8131,-689774.5352,PENDING_AG03,FALSE,NOT_FOR_ENFORCEMENT,-812123.7758,38468542.1911,-845962.2664,-812123.7758,-33838.4907,-0.01909173,-0.01832807,-33838.4907,-812123.7758,-0.01832807,-33838.4907,-33838.4907,-33838.4907,-33838.4907,-33838.4907,-812123.7758,-0.01832807,-169192.4533,-156187.7312,-676769.8131,-689774.5352,-0.01527339,-0.01556688,-0.00076367,9153.1488,8277.5043,-174.7495,-12817.6101,-864.1085,671369.5964,73.3485,9724.1778,9119.5515,3396.739,6765.8999,13531.7998,20297.6992,20519.8359,20689.6543,6765.8999,0.0,3.032832,3.057931,1.352835,29,175,51,2,0.05903364,-0.01909173,0.09240317,0E-8,0.000000,0.904334,0.000207,-0.11848979,2026-03-30,2026-08-05,66,979,614,129,0.511628,1.066300,1.062386,0.196779,5,0.14965986394557823,0.8707482993197279,0.8707482993197279,0.8707482993197279,0.8707482993197279,0.8155339805825242,n_rounds>=30,148,104,PERCENT_RANK_OVER_ORDER_BY_e_stake,HF9f,OK,L4_CI_3P0,0.0267616,E 常规,24,1,A168_HF9F_20260827_0900,2026-08-27 09:00:00
51576515,103,2026-04-23,2026-05-28,最大可贏,30000.0,100000.0,放宽,44310393.3643,40071398.1157,-845962.2664,4841,4841,0.01909173,-0.09240317,0.02608662,0.01909173,845962.2664,44310393.3643,OK,0.0000,-33838.4907,4.0000,96.0000,AG03-UNRESOLVED,ALL5_LEVELS_bet23_to_bet27,-33838.4907,-33838.4907,-33838.4907,-33838.4907,-33838.4907,4.000000,4.000000,4.000000,4.000000,4.000000,96.000000,96.000000,96.000000,96.000000,96.000000,5.0,-169192.4533,-156187.7312,-676769.8131,-689774.5352,PENDING_AG03,FALSE,NOT_FOR_ENFORCEMENT,-812123.7758,38468542.1911,-845962.2664,-812123.7758,-33838.4907,-0.01909173,-0.01832807,-33838.4907,-812123.7758,-0.01832807,-33838.4907,-33838.4907,-33838.4907,-33838.4907,-33838.4907,-812123.7758,-0.01832807,-169192.4533,-156187.7312,-676769.8131,-689774.5352,-0.01527339,-0.01556688,-0.00076367,9153.1488,8277.5043,-174.7495,-12817.6101,-864.1085,671369.5964,73.3485,9724.1778,9119.5515,3396.739,6765.8999,13531.7998,20297.6992,20519.8359,20689.6543,6765.8999,0.0,3.032832,3.057931,1.352835,29,175,51,2,0.05903364,-0.01909173,0.09240317,0E-8,0.000000,0.904334,0.000207,-0.11848979,2026-03-30,2026-08-05,66,979,614,129,0.511628,1.066300,1.062386,0.196779,5,0.14965986394557823,0.8707482993197279,0.8707482993197279,0.8707482993197279,0.8707482993197279,0.8155339805825242,n_rounds>=30,148,104,PERCENT_RANK_OVER_ORDER_BY_e_stake,HF9f,OK,L4_CI_3P0,0.0267616,E 常规,25,1,A168_HF9F_20260827_0900,2026-08-27 09:00:00
51576515,104,2026-04-23,2026-05-28,最大可贏,30000.0,100000.0,放宽,44310393.3643,40071398.1157,-845962.2664,4841,4841,0.01909173,-0.09240317,0.02608662,0.01909173,845962.2664,44310393.3643,OK,0.0000,-33838.4907,4.0000,96.0000,AG03-UNRESOLVED,ALL5_LEVELS_bet23_to_bet27,-33838.4907,-33838.4907,-33838.4907,-33838.4907,-33838.4907,4.000000,4.000000,4.000000,4.000000,4.000000,96.000000,96.000000,96.000000,96.000000,96.000000,5.0,-169192.4533,-156187.7312,-676769.8131,-689774.5352,PENDING_AG03,FALSE,NOT_FOR_ENFORCEMENT,-812123.7758,38468542.1911,-845962.2664,-812123.7758,-33838.4907,-0.01909173,-0.01832807,-33838.4907,-812123.7758,-0.01832807,-33838.4907,-33838.4907,-33838.4907,-33838.4907,-33838.4907,-812123.7758,-0.01832807,-169192.4533,-156187.7312,-676769.8131,-689774.5352,-0.01527339,-0.01556688,-0.00076367,9153.1488,8277.5043,-174.7495,-12817.6101,-864.1085,671369.5964,73.3485,9724.1778,9119.5515,3396.739,6765.8999,13531.7998,20297.6992,20519.8359,20689.6543,6765.8999,0.0,3.032832,3.057931,1.352835,29,175,51,2,0.05903364,-0.01909173,0.09240317,0E-8,0.000000,0.904334,0.000207,-0.11848979,2026-03-30,2026-08-05,66,979,614,129,0.511628,1.066300,1.062386,0.196779,5,0.14965986394557823,0.8707482993197279,0.8707482993197279,0.8707482993197279,0.8707482993197279,0.8155339805825242,n_rounds>=30,148,104,PERCENT_RANK_OVER_ORDER_BY_e_stake,HF9f,OK,L4_CI_3P0,0.0267616,E 常规,26,1,A168_HF9F_20260827_0900,2026-08-27 09:00:00
51576515,105,2026-04-23,2026-05-28,最大可贏,30000.0,100000.0,放宽,44310393.3643,40071398.1157,-845962.2664,4841,4841,0.01909173,-0.09240317,0.02608662,0.01909173,845962.2664,44310393.3643,OK,0.0000,-33838.4907,4.0000,96.0000,AG03-UNRESOLVED,ALL5_LEVELS_bet23_to_bet27,-33838.4907,-33838.4907,-33838.4907,-33838.4907,-33838.4907,4.000000,4.000000,4.000000,4.000000,4.000000,96.000000,96.000000,96.000000,96.000000,96.000000,5.0,-169192.4533,-156187.7312,-676769.8131,-689774.5352,PENDING_AG03,FALSE,NOT_FOR_ENFORCEMENT,-812123.7758,38468542.1911,-845962.2664,-812123.7758,-33838.4907,-0.01909173,-0.01832807,-33838.4907,-812123.7758,-0.01832807,-33838.4907,-33838.4907,-33838.4907,-33838.4907,-33838.4907,-812123.7758,-0.01832807,-169192.4533,-156187.7312,-676769.8131,-689774.5352,-0.01527339,-0.01556688,-0.00076367,9153.1488,8277.5043,-174.7495,-12817.6101,-864.1085,671369.5964,73.3485,9724.1778,9119.5515,3396.739,6765.8999,13531.7998,20297.6992,20519.8359,20689.6543,6765.8999,0.0,3.032832,3.057931,1.352835,29,175,51,2,0.05903364,-0.01909173,0.09240317,0E-8,0.000000,0.904334,0.000207,-0.11848979,2026-03-30,2026-08-05,66,979,614,129,0.511628,1.066300,1.062386,0.196779,5,0.14965986394557823,0.8707482993197279,0.8707482993197279,0.8707482993197279,0.8707482993197279,0.8155339805825242,n_rounds>=30,148,104,PERCENT_RANK_OVER_ORDER_BY_e_stake,HF9f,OK,L4_CI_3P0,0.0267616,E 常规,27,1,A168_HF9F_20260827_0900,2026-08-27 09:00:00
51576515,106,2026-04-23,2026-05-28,最大可贏,30000.0,100000.0,放宽,44310393.3643,40071398.1157,-845962.2664,4841,4841,0.01909173,-0.09240317,0.02608662,0.01909173,845962.2664,44310393.3643,OK,0.0000,-33838.4907,4.0000,96.0000,AG03-UNRESOLVED,ALL5_LEVELS_bet23_to_bet27,-33838.4907,-33838.4907,-33838.4907,-33838.4907,-33838.4907,4.000000,4.000000,4.000000,4.000000,4.000000,96.000000,96.000000,96.000000,96.000000,96.000000,5.0,-169192.4533,-156187.7312,-676769.8131,-689774.5352,PENDING_AG03,FALSE,NOT_FOR_ENFORCEMENT,-812123.7758,38468542.1911,-845962.2664,-812123.7758,-33838.4907,-0.01909173,-0.01832807,-33838.4907,-812123.7758,-0.01832807,-33838.4907,-33838.4907,-33838.4907,-33838.4907,-33838.4907,-812123.7758,-0.01832807,-169192.4533,-156187.7312,-676769.8131,-689774.5352,-0.01527339,-0.01556688,-0.00076367,9153.1488,8277.5043,-174.7495,-12817.6101,-864.1085,671369.5964,73.3485,9724.1778,9119.5515,3396.739,6765.8999,13531.7998,20297.6992,20519.8359,20689.6543,6765.8999,0.0,3.032832,3.057931,1.352835,29,175,51,2,0.05903364,-0.01909173,0.09240317,0E-8,0.000000,0.904334,0.000207,-0.11848979,2026-03-30,2026-08-05,66,979,614,129,0.511628,1.066300,1.062386,0.196779,5,0.14965986394557823,0.8707482993197279,0.8707482993197279,0.8707482993197279,0.8707482993197279,0.8155339805825242,n_rounds>=30,148,104,PERCENT_RANK_OVER_ORDER_BY_e_stake,HF9f,OK,L4_CI_3P0,0.0267616,E 常规,28,1,A168_HF9F_20260827_0900,2026-08-27 09:00:00
51576515,107,2026-04-23,2026-05-28,最大可贏,30000.0,100000.0,放宽,44310393.3643,40071398.1157,-845962.2664,4841,4841,0.01909173,-0.09240317,0.02608662,0.01909173,845962.2664,44310393.3643,OK,0.0000,-33838.4907,4.0000,96.0000,AG03-UNRESOLVED,ALL5_LEVELS_bet23_to_bet27,-33838.4907,-33838.4907,-33838.4907,-33838.4907,-33838.4907,4.000000,4.000000,4.000000,4.000000,4.000000,96.000000,96.000000,96.000000,96.000000,96.000000,5.0,-169192.4533,-156187.7312,-676769.8131,-689774.5352,PENDING_AG03,FALSE,NOT_FOR_ENFORCEMENT,-812123.7758,38468542.1911,-845962.2664,-812123.7758,-33838.4907,-0.01909173,-0.01832807,-33838.4907,-812123.7758,-0.01832807,-33838.4907,-33838.4907,-33838.4907,-33838.4907,-33838.4907,-812123.7758,-0.01832807,-169192.4533,-156187.7312,-676769.8131,-689774.5352,-0.01527339,-0.01556688,-0.00076367,9153.1488,8277.5043,-174.7495,-12817.6101,-864.1085,671369.5964,73.3485,9724.1778,9119.5515,3396.739,6765.8999,13531.7998,20297.6992,20519.8359,20689.6543,6765.8999,0.0,3.032832,3.057931,1.352835,29,175,51,2,0.05903364,-0.01909173,0.09240317,0E-8,0.000000,0.904334,0.000207,-0.11848979,2026-03-30,2026-08-05,66,979,614,129,0.511628,1.066300,1.062386,0.196779,5,0.14965986394557823,0.8707482993197279,0.8707482993197279,0.8707482993197279,0.8707482993197279,0.8155339805825242,n_rounds>=30,148,104,PERCENT_RANK_OVER_ORDER_BY_e_stake,HF9f,OK,L4_CI_3P0,0.0267616,E 常规,29,1,A168_HF9F_20260827_0900,2026-08-27 09:00:00
51576515,108,2026-04-23,2026-05-28,最大可贏,30000.0,100000.0,放宽,44310393.3643,40071398.1157,-845962.2664,4841,4841,0.01909173,-0.09240317,0.02608662,0.01909173,845962.2664,44310393.3643,OK,0.0000,-33838.4907,4.0000,96.0000,AG03-UNRESOLVED,ALL5_LEVELS_bet23_to_bet27,-33838.4907,-33838.4907,-33838.4907,-33838.4907,-33838.4907,4.000000,4.000000,4.000000,4.000000,4.000000,96.000000,96.000000,96.000000,96.000000,96.000000,5.0,-169192.4533,-156187.7312,-676769.8131,-689774.5352,PENDING_AG03,FALSE,NOT_FOR_ENFORCEMENT,-812123.7758,38468542.1911,-845962.2664,-812123.7758,-33838.4907,-0.01909173,-0.01832807,-33838.4907,-812123.7758,-0.01832807,-33838.4907,-33838.4907,-33838.4907,-33838.4907,-33838.4907,-812123.7758,-0.01832807,-169192.4533,-156187.7312,-676769.8131,-689774.5352,-0.01527339,-0.01556688,-0.00076367,9153.1488,8277.5043,-174.7495,-12817.6101,-864.1085,671369.5964,73.3485,9724.1778,9119.5515,3396.739,6765.8999,13531.7998,20297.6992,20519.8359,20689.6543,6765.8999,0.0,3.032832,3.057931,1.352835,29,175,51,2,0.05903364,-0.01909173,0.09240317,0E-8,0.000000,0.904334,0.000207,-0.11848979,2026-03-30,2026-08-05,66,979,614,129,0.511628,1.066300,1.062386,0.196779,5,0.14965986394557823,0.8707482993197279,0.8707482993197279,0.8707482993197279,0.8707482993197279,0.8155339805825242,n_rounds>=30,148,104,PERCENT_RANK_OVER_ORDER_BY_e_stake,HF9f,OK,L4_CI_3P0,0.0267616,E 常规,30,1,A168_HF9F_20260827_0900,2026-08-27 09:00:00
51576515,110,2026-04-23,2026-05-28,最大可贏,30000.0,100000.0,放宽,44310393.3643,40071398.1157,-845962.2664,4841,4841,0.01909173,-0.09240317,0.02608662,0.01909173,845962.2664,44310393.3643,OK,0.0000,-33838.4907,4.0000,96.0000,AG03-UNRESOLVED,ALL5_LEVELS_bet23_to_bet27,-33838.4907,-33838.4907,-33838.4907,-33838.4907,-33838.4907,4.000000,4.000000,4.000000,4.000000,4.000000,96.000000,96.000000,96.000000,96.000000,96.000000,5.0,-169192.4533,-156187.7312,-676769.8131,-689774.5352,PENDING_AG03,FALSE,NOT_FOR_ENFORCEMENT,-812123.7758,38468542.1911,-845962.2664,-812123.7758,-33838.4907,-0.01909173,-0.01832807,-33838.4907,-812123.7758,-0.01832807,-33838.4907,-33838.4907,-33838.4907,-33838.4907,-33838.4907,-812123.7758,-0.01832807,-169192.4533,-156187.7312,-676769.8131,-689774.5352,-0.01527339,-0.01556688,-0.00076367,9153.1488,8277.5043,-174.7495,-12817.6101,-864.1085,671369.5964,73.3485,9724.1778,9119.5515,3396.739,6765.8999,13531.7998,20297.6992,20519.8359,20689.6543,6765.8999,0.0,3.032832,3.057931,1.352835,29,175,51,2,0.05903364,-0.01909173,0.09240317,0E-8,0.000000,0.904334,0.000207,-0.11848979,2026-03-30,2026-08-05,66,979,614,129,0.511628,1.066300,1.062386,0.196779,5,0.14965986394557823,0.8707482993197279,0.8707482993197279,0.8707482993197279,0.8707482993197279,0.8155339805825242,n_rounds>=30,148,104,PERCENT_RANK_OVER_ORDER_BY_e_stake,HF9f,OK,L4_CI_3P0,0.0267616,E 常规,31,1,A168_HF9F_20260827_0900,2026-08-27 09:00:00
51576515,111,2026-04-23,2026-05-28,最大可贏,30000.0,100000.0,放宽,44310393.3643,40071398.1157,-845962.2664,4841,4841,0.01909173,-0.09240317,0.02608662,0.01909173,845962.2664,44310393.3643,OK,0.0000,-33838.4907,4.0000,96.0000,AG03-UNRESOLVED,ALL5_LEVELS_bet23_to_bet27,-33838.4907,-33838.4907,-33838.4907,-33838.4907,-33838.4907,4.000000,4.000000,4.000000,4.000000,4.000000,96.000000,96.000000,96.000000,96.000000,96.000000,5.0,-169192.4533,-156187.7312,-676769.8131,-689774.5352,PENDING_AG03,FALSE,NOT_FOR_ENFORCEMENT,-812123.7758,38468542.1911,-845962.2664,-812123.7758,-33838.4907,-0.01909173,-0.01832807,-33838.4907,-812123.7758,-0.01832807,-33838.4907,-33838.4907,-33838.4907,-33838.4907,-33838.4907,-812123.7758,-0.01832807,-169192.4533,-156187.7312,-676769.8131,-689774.5352,-0.01527339,-0.01556688,-0.00076367,9153.1488,8277.5043,-174.7495,-12817.6101,-864.1085,671369.5964,73.3485,9724.1778,9119.5515,3396.739,6765.8999,13531.7998,20297.6992,20519.8359,20689.6543,6765.8999,0.0,3.032832,3.057931,1.352835,29,175,51,2,0.05903364,-0.01909173,0.09240317,0E-8,0.000000,0.904334,0.000207,-0.11848979,2026-03-30,2026-08-05,66,979,614,129,0.511628,1.066300,1.062386,0.196779,5,0.14965986394557823,0.8707482993197279,0.8707482993197279,0.8707482993197279,0.8707482993197279,0.8155339805825242,n_rounds>=30,148,104,PERCENT_RANK_OVER_ORDER_BY_e_stake,HF9f,OK,L4_CI_3P0,0.0267616,E 常规,32,1,A168_HF9F_20260827_0900,2026-08-27 09:00:00
51576515,112,2026-04-23,2026-05-28,最大可贏,30000.0,100000.0,放宽,44310393.3643,40071398.1157,-845962.2664,4841,4841,0.01909173,-0.09240317,0.02608662,0.01909173,845962.2664,44310393.3643,OK,0.0000,-33838.4907,4.0000,96.0000,AG03-UNRESOLVED,ALL5_LEVELS_bet23_to_bet27,-33838.4907,-33838.4907,-33838.4907,-33838.4907,-33838.4907,4.000000,4.000000,4.000000,4.000000,4.000000,96.000000,96.000000,96.000000,96.000000,96.000000,5.0,-169192.4533,-156187.7312,-676769.8131,-689774.5352,PENDING_AG03,FALSE,NOT_FOR_ENFORCEMENT,-812123.7758,38468542.1911,-845962.2664,-812123.7758,-33838.4907,-0.01909173,-0.01832807,-33838.4907,-812123.7758,-0.01832807,-33838.4907,-33838.4907,-33838.4907,-33838.4907,-33838.4907,-812123.7758,-0.01832807,-169192.4533,-156187.7312,-676769.8131,-689774.5352,-0.01527339,-0.01556688,-0.00076367,9153.1488,8277.5043,-174.7495,-12817.6101,-864.1085,671369.5964,73.3485,9724.1778,9119.5515,3396.739,6765.8999,13531.7998,20297.6992,20519.8359,20689.6543,6765.8999,0.0,3.032832,3.057931,1.352835,29,175,51,2,0.05903364,-0.01909173,0.09240317,0E-8,0.000000,0.904334,0.000207,-0.11848979,2026-03-30,2026-08-05,66,979,614,129,0.511628,1.066300,1.062386,0.196779,5,0.14965986394557823,0.8707482993197279,0.8707482993197279,0.8707482993197279,0.8707482993197279,0.8155339805825242,n_rounds>=30,148,104,PERCENT_RANK_OVER_ORDER_BY_e_stake,HF9f,OK,L4_CI_3P0,0.0267616,E 常规,33,1,A168_HF9F_20260827_0900,2026-08-27 09:00:00
51576515,113,2026-04-23,2026-05-28,最大可贏,30000.0,100000.0,放宽,44310393.3643,40071398.1157,-845962.2664,4841,4841,0.01909173,-0.09240317,0.02608662,0.01909173,845962.2664,44310393.3643,OK,0.0000,-33838.4907,4.0000,96.0000,AG03-UNRESOLVED,ALL5_LEVELS_bet23_to_bet27,-33838.4907,-33838.4907,-33838.4907,-33838.4907,-33838.4907,4.000000,4.000000,4.000000,4.000000,4.000000,96.000000,96.000000,96.000000,96.000000,96.000000,5.0,-169192.4533,-156187.7312,-676769.8131,-689774.5352,PENDING_AG03,FALSE,NOT_FOR_ENFORCEMENT,-812123.7758,38468542.1911,-845962.2664,-812123.7758,-33838.4907,-0.01909173,-0.01832807,-33838.4907,-812123.7758,-0.01832807,-33838.4907,-33838.4907,-33838.4907,-33838.4907,-33838.4907,-812123.7758,-0.01832807,-169192.4533,-156187.7312,-676769.8131,-689774.5352,-0.01527339,-0.01556688,-0.00076367,9153.1488,8277.5043,-174.7495,-12817.6101,-864.1085,671369.5964,73.3485,9724.1778,9119.5515,3396.739,6765.8999,13531.7998,20297.6992,20519.8359,20689.6543,6765.8999,0.0,3.032832,3.057931,1.352835,29,175,51,2,0.05903364,-0.01909173,0.09240317,0E-8,0.000000,0.904334,0.000207,-0.11848979,2026-03-30,2026-08-05,66,979,614,129,0.511628,1.066300,1.062386,0.196779,5,0.14965986394557823,0.8707482993197279,0.8707482993197279,0.8707482993197279,0.8707482993197279,0.8155339805825242,n_rounds>=30,148,104,PERCENT_RANK_OVER_ORDER_BY_e_stake,HF9f,OK,L4_CI_3P0,0.0267616,E 常规,34,1,A168_HF9F_20260827_0900,2026-08-27 09:00:00
51576515,117,2026-04-23,2026-05-28,最大可贏,30000.0,100000.0,放宽,44310393.3643,40071398.1157,-845962.2664,4841,4841,0.01909173,-0.09240317,0.02608662,0.01909173,845962.2664,44310393.3643,OK,0.0000,-33838.4907,4.0000,96.0000,AG03-UNRESOLVED,ALL5_LEVELS_bet23_to_bet27,-33838.4907,-33838.4907,-33838.4907,-33838.4907,-33838.4907,4.000000,4.000000,4.000000,4.000000,4.000000,96.000000,96.000000,96.000000,96.000000,96.000000,5.0,-169192.4533,-156187.7312,-676769.8131,-689774.5352,PENDING_AG03,FALSE,NOT_FOR_ENFORCEMENT,-812123.7758,38468542.1911,-845962.2664,-812123.7758,-33838.4907,-0.01909173,-0.01832807,-33838.4907,-812123.7758,-0.01832807,-33838.4907,-33838.4907,-33838.4907,-33838.4907,-33838.4907,-812123.7758,-0.01832807,-169192.4533,-156187.7312,-676769.8131,-689774.5352,-0.01527339,-0.01556688,-0.00076367,9153.1488,8277.5043,-174.7495,-12817.6101,-864.1085,671369.5964,73.3485,9724.1778,9119.5515,3396.739,6765.8999,13531.7998,20297.6992,20519.8359,20689.6543,6765.8999,0.0,3.032832,3.057931,1.352835,29,175,51,2,0.05903364,-0.01909173,0.09240317,0E-8,0.000000,0.904334,0.000207,-0.11848979,2026-03-30,2026-08-05,66,979,614,129,0.511628,1.066300,1.062386,0.196779,5,0.14965986394557823,0.8707482993197279,0.8707482993197279,0.8707482993197279,0.8707482993197279,0.8155339805825242,n_rounds>=30,148,104,PERCENT_RANK_OVER_ORDER_BY_e_stake,HF9f,OK,L4_CI_3P0,0.0267616,E 常规,35,1,A168_HF9F_20260827_0900,2026-08-27 09:00:00
51576515,121,2026-04-23,2026-05-28,最大可贏,30000.0,100000.0,放宽,44310393.3643,40071398.1157,-845962.2664,4841,4841,0.01909173,-0.09240317,0.02608662,0.01909173,845962.2664,44310393.3643,OK,0.0000,-33838.4907,4.0000,96.0000,AG03-UNRESOLVED,ALL5_LEVELS_bet23_to_bet27,-33838.4907,-33838.4907,-33838.4907,-33838.4907,-33838.4907,4.000000,4.000000,4.000000,4.000000,4.000000,96.000000,96.000000,96.000000,96.000000,96.000000,5.0,-169192.4533,-156187.7312,-676769.8131,-689774.5352,PENDING_AG03,FALSE,NOT_FOR_ENFORCEMENT,-812123.7758,38468542.1911,-845962.2664,-812123.7758,-33838.4907,-0.01909173,-0.01832807,-33838.4907,-812123.7758,-0.01832807,-33838.4907,-33838.4907,-33838.4907,-33838.4907,-33838.4907,-812123.7758,-0.01832807,-169192.4533,-156187.7312,-676769.8131,-689774.5352,-0.01527339,-0.01556688,-0.00076367,9153.1488,8277.5043,-174.7495,-12817.6101,-864.1085,671369.5964,73.3485,9724.1778,9119.5515,3396.739,6765.8999,13531.7998,20297.6992,20519.8359,20689.6543,6765.8999,0.0,3.032832,3.057931,1.352835,29,175,51,2,0.05903364,-0.01909173,0.09240317,0E-8,0.000000,0.904334,0.000207,-0.11848979,2026-03-30,2026-08-05,66,979,614,129,0.511628,1.066300,1.062386,0.196779,5,0.14965986394557823,0.8707482993197279,0.8707482993197279,0.8707482993197279,0.8707482993197279,0.8155339805825242,n_rounds>=30,148,104,PERCENT_RANK_OVER_ORDER_BY_e_stake,HF9f,OK,L4_CI_3P0,0.0267616,E 常规,36,1,A168_HF9F_20260827_0900,2026-08-27 09:00:00
51576515,128,2026-04-23,2026-05-28,最大可贏,30000.0,100000.0,放宽,44310393.3643,40071398.1157,-845962.2664,4841,4841,0.01909173,-0.09240317,0.02608662,0.01909173,845962.2664,44310393.3643,OK,0.0000,-33838.4907,4.0000,96.0000,AG03-UNRESOLVED,ALL5_LEVELS_bet23_to_bet27,-33838.4907,-33838.4907,-33838.4907,-33838.4907,-33838.4907,4.000000,4.000000,4.000000,4.000000,4.000000,96.000000,96.000000,96.000000,96.000000,96.000000,5.0,-169192.4533,-156187.7312,-676769.8131,-689774.5352,PENDING_AG03,FALSE,NOT_FOR_ENFORCEMENT,-812123.7758,38468542.1911,-845962.2664,-812123.7758,-33838.4907,-0.01909173,-0.01832807,-33838.4907,-812123.7758,-0.01832807,-33838.4907,-33838.4907,-33838.4907,-33838.4907,-33838.4907,-812123.7758,-0.01832807,-169192.4533,-156187.7312,-676769.8131,-689774.5352,-0.01527339,-0.01556688,-0.00076367,9153.1488,8277.5043,-174.7495,-12817.6101,-864.1085,671369.5964,73.3485,9724.1778,9119.5515,3396.739,6765.8999,13531.7998,20297.6992,20519.8359,20689.6543,6765.8999,0.0,3.032832,3.057931,1.352835,29,175,51,2,0.05903364,-0.01909173,0.09240317,0E-8,0.000000,0.904334,0.000207,-0.11848979,2026-03-30,2026-08-05,66,979,614,129,0.511628,1.066300,1.062386,0.196779,5,0.14965986394557823,0.8707482993197279,0.8707482993197279,0.8707482993197279,0.8707482993197279,0.8155339805825242,n_rounds>=30,148,104,PERCENT_RANK_OVER_ORDER_BY_e_stake,HF9f,OK,L4_CI_3P0,0.0267616,E 常规,37,1,A168_HF9F_20260827_0900,2026-08-27 09:00:00
51576515,301,2026-04-23,2026-05-28,最大可贏,30000.0,100000.0,放宽,44310393.3643,40071398.1157,-845962.2664,4841,4841,0.01909173,-0.09240317,0.02608662,0.01909173,845962.2664,44310393.3643,OK,0.0000,-33838.4907,4.0000,96.0000,AG03-UNRESOLVED,ALL5_LEVELS_bet23_to_bet27,-33838.4907,-33838.4907,-33838.4907,-33838.4907,-33838.4907,4.000000,4.000000,4.000000,4.000000,4.000000,96.000000,96.000000,96.000000,96.000000,96.000000,5.0,-169192.4533,-156187.7312,-676769.8131,-689774.5352,PENDING_AG03,FALSE,NOT_FOR_ENFORCEMENT,-812123.7758,38468542.1911,-845962.2664,-812123.7758,-33838.4907,-0.01909173,-0.01832807,-33838.4907,-812123.7758,-0.01832807,-33838.4907,-33838.4907,-33838.4907,-33838.4907,-33838.4907,-812123.7758,-0.01832807,-169192.4533,-156187.7312,-676769.8131,-689774.5352,-0.01527339,-0.01556688,-0.00076367,9153.1488,8277.5043,-174.7495,-12817.6101,-864.1085,671369.5964,73.3485,9724.1778,9119.5515,3396.739,6765.8999,13531.7998,20297.6992,20519.8359,20689.6543,6765.8999,0.0,3.032832,3.057931,1.352835,29,175,51,2,0.05903364,-0.01909173,0.09240317,0E-8,0.000000,0.904334,0.000207,-0.11848979,2026-03-30,2026-08-05,66,979,614,129,0.511628,1.066300,1.062386,0.196779,5,0.14965986394557823,0.8707482993197279,0.8707482993197279,0.8707482993197279,0.8707482993197279,0.8155339805825242,n_rounds>=30,148,104,PERCENT_RANK_OVER_ORDER_BY_e_stake,HF9f,OK,L4_CI_3P0,0.0267616,E 常规,38,1,A168_HF9F_20260827_0900,2026-08-27 09:00:00
51576515,5008,2026-04-23,2026-05-28,最大可贏,30000.0,100000.0,放宽,44310393.3643,40071398.1157,-845962.2664,4841,4841,0.01909173,-0.09240317,0.02608662,0.01909173,845962.2664,44310393.3643,OK,0.0000,-33838.4907,4.0000,96.0000,AG03-UNRESOLVED,ALL5_LEVELS_bet23_to_bet27,-33838.4907,-33838.4907,-33838.4907,-33838.4907,-33838.4907,4.000000,4.000000,4.000000,4.000000,4.000000,96.000000,96.000000,96.000000,96.000000,96.000000,5.0,-169192.4533,-156187.7312,-676769.8131,-689774.5352,PENDING_AG03,FALSE,NOT_FOR_ENFORCEMENT,-812123.7758,38468542.1911,-845962.2664,-812123.7758,-33838.4907,-0.01909173,-0.01832807,-33838.4907,-812123.7758,-0.01832807,-33838.4907,-33838.4907,-33838.4907,-33838.4907,-33838.4907,-812123.7758,-0.01832807,-169192.4533,-156187.7312,-676769.8131,-689774.5352,-0.01527339,-0.01556688,-0.00076367,9153.1488,8277.5043,-174.7495,-12817.6101,-864.1085,671369.5964,73.3485,9724.1778,9119.5515,3396.739,6765.8999,13531.7998,20297.6992,20519.8359,20689.6543,6765.8999,0.0,3.032832,3.057931,1.352835,29,175,51,2,0.05903364,-0.01909173,0.09240317,0E-8,0.000000,0.904334,0.000207,-0.11848979,2026-03-30,2026-08-05,66,979,614,129,0.511628,1.066300,1.062386,0.196779,5,0.14965986394557823,0.8707482993197279,0.8707482993197279,0.8707482993197279,0.8707482993197279,0.8155339805825242,n_rounds>=30,148,104,PERCENT_RANK_OVER_ORDER_BY_e_stake,HF9f,OK,L4_CI_3P0,0.0267616,E 常规,39,1,A168_HF9F_20260827_0900,2026-08-27 09:00:00
51576515,5009,2026-04-23,2026-05-28,最大可贏,30000.0,100000.0,放宽,44310393.3643,40071398.1157,-845962.2664,4841,4841,0.01909173,-0.09240317,0.02608662,0.01909173,845962.2664,44310393.3643,OK,0.0000,-33838.4907,4.0000,96.0000,AG03-UNRESOLVED,ALL5_LEVELS_bet23_to_bet27,-33838.4907,-33838.4907,-33838.4907,-33838.4907,-33838.4907,4.000000,4.000000,4.000000,4.000000,4.000000,96.000000,96.000000,96.000000,96.000000,96.000000,5.0,-169192.4533,-156187.7312,-676769.8131,-689774.5352,PENDING_AG03,FALSE,NOT_FOR_ENFORCEMENT,-812123.7758,38468542.1911,-845962.2664,-812123.7758,-33838.4907,-0.01909173,-0.01832807,-33838.4907,-812123.7758,-0.01832807,-33838.4907,-33838.4907,-33838.4907,-33838.4907,-33838.4907,-812123.7758,-0.01832807,-169192.4533,-156187.7312,-676769.8131,-689774.5352,-0.01527339,-0.01556688,-0.00076367,9153.1488,8277.5043,-174.7495,-12817.6101,-864.1085,671369.5964,73.3485,9724.1778,9119.5515,3396.739,6765.8999,13531.7998,20297.6992,20519.8359,20689.6543,6765.8999,0.0,3.032832,3.057931,1.352835,29,175,51,2,0.05903364,-0.01909173,0.09240317,0E-8,0.000000,0.904334,0.000207,-0.11848979,2026-03-30,2026-08-05,66,979,614,129,0.511628,1.066300,1.062386,0.196779,5,0.14965986394557823,0.8707482993197279,0.8707482993197279,0.8707482993197279,0.8707482993197279,0.8155339805825242,n_rounds>=30,148,104,PERCENT_RANK_OVER_ORDER_BY_e_stake,HF9f,OK,L4_CI_3P0,0.0267616,E 常规,40,1,A168_HF9F_20260827_0900,2026-08-27 09:00:00
51576515,5010,2026-04-23,2026-05-28,最大可贏,30000.0,100000.0,放宽,44310393.3643,40071398.1157,-845962.2664,4841,4841,0.01909173,-0.09240317,0.02608662,0.01909173,845962.2664,44310393.3643,OK,0.0000,-33838.4907,4.0000,96.0000,AG03-UNRESOLVED,ALL5_LEVELS_bet23_to_bet27,-33838.4907,-33838.4907,-33838.4907,-33838.4907,-33838.4907,4.000000,4.000000,4.000000,4.000000,4.000000,96.000000,96.000000,96.000000,96.000000,96.000000,5.0,-169192.4533,-156187.7312,-676769.8131,-689774.5352,PENDING_AG03,FALSE,NOT_FOR_ENFORCEMENT,-812123.7758,38468542.1911,-845962.2664,-812123.7758,-33838.4907,-0.01909173,-0.01832807,-33838.4907,-812123.7758,-0.01832807,-33838.4907,-33838.4907,-33838.4907,-33838.4907,-33838.4907,-812123.7758,-0.01832807,-169192.4533,-156187.7312,-676769.8131,-689774.5352,-0.01527339,-0.01556688,-0.00076367,9153.1488,8277.5043,-174.7495,-12817.6101,-864.1085,671369.5964,73.3485,9724.1778,9119.5515,3396.739,6765.8999,13531.7998,20297.6992,20519.8359,20689.6543,6765.8999,0.0,3.032832,3.057931,1.352835,29,175,51,2,0.05903364,-0.01909173,0.09240317,0E-8,0.000000,0.904334,0.000207,-0.11848979,2026-03-30,2026-08-05,66,979,614,129,0.511628,1.066300,1.062386,0.196779,5,0.14965986394557823,0.8707482993197279,0.8707482993197279,0.8707482993197279,0.8707482993197279,0.8155339805825242,n_rounds>=30,148,104,PERCENT_RANK_OVER_ORDER_BY_e_stake,HF9f,OK,L4_CI_3P0,0.0267616,E 常规,41,1,A168_HF9F_20260827_0900,2026-08-27 09:00:00
51576515,5011,2026-04-23,2026-05-28,最大可贏,30000.0,100000.0,放宽,44310393.3643,40071398.1157,-845962.2664,4841,4841,0.01909173,-0.09240317,0.02608662,0.01909173,845962.2664,44310393.3643,OK,0.0000,-33838.4907,4.0000,96.0000,AG03-UNRESOLVED,ALL5_LEVELS_bet23_to_bet27,-33838.4907,-33838.4907,-33838.4907,-33838.4907,-33838.4907,4.000000,4.000000,4.000000,4.000000,4.000000,96.000000,96.000000,96.000000,96.000000,96.000000,5.0,-169192.4533,-156187.7312,-676769.8131,-689774.5352,PENDING_AG03,FALSE,NOT_FOR_ENFORCEMENT,-812123.7758,38468542.1911,-845962.2664,-812123.7758,-33838.4907,-0.01909173,-0.01832807,-33838.4907,-812123.7758,-0.01832807,-33838.4907,-33838.4907,-33838.4907,-33838.4907,-33838.4907,-812123.7758,-0.01832807,-169192.4533,-156187.7312,-676769.8131,-689774.5352,-0.01527339,-0.01556688,-0.00076367,9153.1488,8277.5043,-174.7495,-12817.6101,-864.1085,671369.5964,73.3485,9724.1778,9119.5515,3396.739,6765.8999,13531.7998,20297.6992,20519.8359,20689.6543,6765.8999,0.0,3.032832,3.057931,1.352835,29,175,51,2,0.05903364,-0.01909173,0.09240317,0E-8,0.000000,0.904334,0.000207,-0.11848979,2026-03-30,2026-08-05,66,979,614,129,0.511628,1.066300,1.062386,0.196779,5,0.14965986394557823,0.8707482993197279,0.8707482993197279,0.8707482993197279,0.8707482993197279,0.8155339805825242,n_rounds>=30,148,104,PERCENT_RANK_OVER_ORDER_BY_e_stake,HF9f,OK,L4_CI_3P0,0.0267616,E 常规,42,1,A168_HF9F_20260827_0900,2026-08-27 09:00:00
17654490,101,2026-05-01,2026-07-02,最大可贏,1000.0,1500.0,放宽,54.8994,54.8994,54.8994,1,1,-1.00000000,,-1.00000000,-1.00000000,-54.8994,54.8994,THIN_EXPOSURE,0.0000,3.2940,6.0000,94.0000,AG03-UNRESOLVED,ALL5_LEVELS_bet23_to_bet27,3.2940,4.3919,0.0000,0.0000,0.0000,6.000000,8.000000,0.000000,0.000000,0.000000,94.000000,92.000000,100.000000,100.000000,100.000000,3.0,7.6859,7.4224,47.2134,47.477,PENDING_AG03,FALSE,NOT_FOR_ENFORCEMENT,51.6054,51.6054,54.8994,51.6054,3.2940,1.00000000,0.94000000,3.2940,51.6054,0.94000000,3.2940,4.3919,0.0000,0.0000,0.0000,51.6054,0.94000000,7.6859,7.4224,47.2134,47.477,0.86000000,0.8648,0.06000000,54.8994,54.8994,54.8994,54.8994,54.8994,54.8994,1.0000,,54.8994,54.8994,54.8994,54.8994,54.8994,54.8994,54.8994,54.8994,-54.8994,1.0,1.0,1.0,1,1,1,1,0E-8,1.00000000,,0E-8,0.000000,1.000000,0.000000,,2026-07-01,2026-07-01,1,1,1,1,1.000000,,,0.000000,1,0.2857142857142857,0.14965986394557823,0.14965986394557823,0.14965986394557823,0.14965986394557823,,n_rounds>=30,148,104,PERCENT_RANK_OVER_ORDER_BY_e_stake,HF9f,THIN_ROUNDS,L5_INSUFFICIENT,1.862,Z 证据不足 · 不动作,43,1,A168_HF9F_20260827_0900,2026-08-27 09:00:00
17654490,102,2026-05-01,2026-07-02,最大可贏,1000.0,1500.0,放宽,54.8994,54.8994,54.8994,1,1,-1.00000000,,-1.00000000,-1.00000000,-54.8994,54.8994,THIN_EXPOSURE,0.0000,3.2940,6.0000,94.0000,AG03-UNRESOLVED,ALL5_LEVELS_bet23_to_bet27,3.2940,4.3919,0.0000,0.0000,0.0000,6.000000,8.000000,0.000000,0.000000,0.000000,94.000000,92.000000,100.000000,100.000000,100.000000,3.0,7.6859,7.4224,47.2134,47.477,PENDING_AG03,FALSE,NOT_FOR_ENFORCEMENT,51.6054,51.6054,54.8994,51.6054,3.2940,1.00000000,0.94000000,3.2940,51.6054,0.94000000,3.2940,4.3919,0.0000,0.0000,0.0000,51.6054,0.94000000,7.6859,7.4224,47.2134,47.477,0.86000000,0.8648,0.06000000,54.8994,54.8994,54.8994,54.8994,54.8994,54.8994,1.0000,,54.8994,54.8994,54.8994,54.8994,54.8994,54.8994,54.8994,54.8994,-54.8994,1.0,1.0,1.0,1,1,1,1,0E-8,1.00000000,,0E-8,0.000000,1.000000,0.000000,,2026-07-01,2026-07-01,1,1,1,1,1.000000,,,0.000000,1,0.2857142857142857,0.14965986394557823,0.14965986394557823,0.14965986394557823,0.14965986394557823,,n_rounds>=30,148,104,PERCENT_RANK_OVER_ORDER_BY_e_stake,HF9f,THIN_ROUNDS,L5_INSUFFICIENT,1.862,Z 证据不足 · 不动作,44,1,A168_HF9F_20260827_0900,2026-08-27 09:00:00
17654490,103,2026-05-01,2026-07-02,最大可贏,1000.0,1500.0,放宽,54.8994,54.8994,54.8994,1,1,-1.00000000,,-1.00000000,-1.00000000,-54.8994,54.8994,THIN_EXPOSURE,0.0000,3.2940,6.0000,94.0000,AG03-UNRESOLVED,ALL5_LEVELS_bet23_to_bet27,3.2940,4.3919,0.0000,0.0000,0.0000,6.000000,8.000000,0.000000,0.000000,0.000000,94.000000,92.000000,100.000000,100.000000,100.000000,3.0,7.6859,7.4224,47.2134,47.477,PENDING_AG03,FALSE,NOT_FOR_ENFORCEMENT,51.6054,51.6054,54.8994,51.6054,3.2940,1.00000000,0.94000000,3.2940,51.6054,0.94000000,3.2940,4.3919,0.0000,0.0000,0.0000,51.6054,0.94000000,7.6859,7.4224,47.2134,47.477,0.86000000,0.8648,0.06000000,54.8994,54.8994,54.8994,54.8994,54.8994,54.8994,1.0000,,54.8994,54.8994,54.8994,54.8994,54.8994,54.8994,54.8994,54.8994,-54.8994,1.0,1.0,1.0,1,1,1,1,0E-8,1.00000000,,0E-8,0.000000,1.000000,0.000000,,2026-07-01,2026-07-01,1,1,1,1,1.000000,,,0.000000,2,0.2857142857142857,0.14965986394557823,0.14965986394557823,0.14965986394557823,0.14965986394557823,,n_rounds>=30,148,104,PERCENT_RANK_OVER_ORDER_BY_e_stake,HF9f,THIN_ROUNDS,L5_INSUFFICIENT,1.862,Z 证据不足 · 不动作,45,1,A168_HF9F_20260827_0900,2026-08-27 09:00:00
17654490,104,2026-05-01,2026-07-02,最大可贏,1000.0,1500.0,放宽,54.8994,54.8994,54.8994,1,1,-1.00000000,,-1.00000000,-1.00000000,-54.8994,54.8994,THIN_EXPOSURE,0.0000,3.2940,6.0000,94.0000,AG03-UNRESOLVED,ALL5_LEVELS_bet23_to_bet27,3.2940,4.3919,0.0000,0.0000,0.0000,6.000000,8.000000,0.000000,0.000000,0.000000,94.000000,92.000000,100.000000,100.000000,100.000000,3.0,7.6859,7.4224,47.2134,47.477,PENDING_AG03,FALSE,NOT_FOR_ENFORCEMENT,51.6054,51.6054,54.8994,51.6054,3.2940,1.00000000,0.94000000,3.2940,51.6054,0.94000000,3.2940,4.3919,0.0000,0.0000,0.0000,51.6054,0.94000000,7.6859,7.4224,47.2134,47.477,0.86000000,0.8648,0.06000000,54.8994,54.8994,54.8994,54.8994,54.8994,54.8994,1.0000,,54.8994,54.8994,54.8994,54.8994,54.8994,54.8994,54.8994,54.8994,-54.8994,1.0,1.0,1.0,1,1,1,1,0E-8,1.00000000,,0E-8,0.000000,1.000000,0.000000,,2026-07-01,2026-07-01,1,1,1,1,1.000000,,,0.000000,2,0.2857142857142857,0.14965986394557823,0.14965986394557823,0.14965986394557823,0.14965986394557823,,n_rounds>=30,148,104,PERCENT_RANK_OVER_ORDER_BY_e_stake,HF9f,THIN_ROUNDS,L5_INSUFFICIENT,1.862,Z 证据不足 · 不动作,46,1,A168_HF9F_20260827_0900,2026-08-27 09:00:00
17654490,105,2026-05-01,2026-07-02,最大可贏,1000.0,1500.0,放宽,54.8994,54.8994,54.8994,1,1,-1.00000000,,-1.00000000,-1.00000000,-54.8994,54.8994,THIN_EXPOSURE,0.0000,3.2940,6.0000,94.0000,AG03-UNRESOLVED,ALL5_LEVELS_bet23_to_bet27,3.2940,4.3919,0.0000,0.0000,0.0000,6.000000,8.000000,0.000000,0.000000,0.000000,94.000000,92.000000,100.000000,100.000000,100.000000,3.0,7.6859,7.4224,47.2134,47.477,PENDING_AG03,FALSE,NOT_FOR_ENFORCEMENT,51.6054,51.6054,54.8994,51.6054,3.2940,1.00000000,0.94000000,3.2940,51.6054,0.94000000,3.2940,4.3919,0.0000,0.0000,0.0000,51.6054,0.94000000,7.6859,7.4224,47.2134,47.477,0.86000000,0.8648,0.06000000,54.8994,54.8994,54.8994,54.8994,54.8994,54.8994,1.0000,,54.8994,54.8994,54.8994,54.8994,54.8994,54.8994,54.8994,54.8994,-54.8994,1.0,1.0,1.0,1,1,1,1,0E-8,1.00000000,,0E-8,0.000000,1.000000,0.000000,,2026-07-01,2026-07-01,1,1,1,1,1.000000,,,0.000000,1,0.2857142857142857,0.14965986394557823,0.14965986394557823,0.14965986394557823,0.14965986394557823,,n_rounds>=30,148,104,PERCENT_RANK_OVER_ORDER_BY_e_stake,HF9f,THIN_ROUNDS,L5_INSUFFICIENT,1.862,Z 证据不足 · 不动作,47,1,A168_HF9F_20260827_0900,2026-08-27 09:00:00
17654490,106,2026-05-01,2026-07-02,最大可贏,1000.0,1500.0,放宽,54.8994,54.8994,54.8994,1,1,-1.00000000,,-1.00000000,-1.00000000,-54.8994,54.8994,THIN_EXPOSURE,0.0000,3.2940,6.0000,94.0000,AG03-UNRESOLVED,ALL5_LEVELS_bet23_to_bet27,3.2940,4.3919,0.0000,0.0000,0.0000,6.000000,8.000000,0.000000,0.000000,0.000000,94.000000,92.000000,100.000000,100.000000,100.000000,3.0,7.6859,7.4224,47.2134,47.477,PENDING_AG03,FALSE,NOT_FOR_ENFORCEMENT,51.6054,51.6054,54.8994,51.6054,3.2940,1.00000000,0.94000000,3.2940,51.6054,0.94000000,3.2940,4.3919,0.0000,0.0000,0.0000,51.6054,0.94000000,7.6859,7.4224,47.2134,47.477,0.86000000,0.8648,0.06000000,54.8994,54.8994,54.8994,54.8994,54.8994,54.8994,1.0000,,54.8994,54.8994,54.8994,54.8994,54.8994,54.8994,54.8994,54.8994,-54.8994,1.0,1.0,1.0,1,1,1,1,0E-8,1.00000000,,0E-8,0.000000,1.000000,0.000000,,2026-07-01,2026-07-01,1,1,1,1,1.000000,,,0.000000,2,0.2857142857142857,0.14965986394557823,0.14965986394557823,0.14965986394557823,0.14965986394557823,,n_rounds>=30,148,104,PERCENT_RANK_OVER_ORDER_BY_e_stake,HF9f,THIN_ROUNDS,L5_INSUFFICIENT,1.862,Z 证据不足 · 不动作,48,1,A168_HF9F_20260827_0900,2026-08-27 09:00:00
17654490,107,2026-05-01,2026-07-02,最大可贏,1000.0,1500.0,放宽,54.8994,54.8994,54.8994,1,1,-1.00000000,,-1.00000000,-1.00000000,-54.8994,54.8994,THIN_EXPOSURE,0.0000,3.2940,6.0000,94.0000,AG03-UNRESOLVED,ALL5_LEVELS_bet23_to_bet27,3.2940,4.3919,0.0000,0.0000,0.0000,6.000000,8.000000,0.000000,0.000000,0.000000,94.000000,92.000000,100.000000,100.000000,100.000000,3.0,7.6859,7.4224,47.2134,47.477,PENDING_AG03,FALSE,NOT_FOR_ENFORCEMENT,51.6054,51.6054,54.8994,51.6054,3.2940,1.00000000,0.94000000,3.2940,51.6054,0.94000000,3.2940,4.3919,0.0000,0.0000,0.0000,51.6054,0.94000000,7.6859,7.4224,47.2134,47.477,0.86000000,0.8648,0.06000000,54.8994,54.8994,54.8994,54.8994,54.8994,54.8994,1.0000,,54.8994,54.8994,54.8994,54.8994,54.8994,54.8994,54.8994,54.8994,-54.8994,1.0,1.0,1.0,1,1,1,1,0E-8,1.00000000,,0E-8,0.000000,1.000000,0.000000,,2026-07-01,2026-07-01,1,1,1,1,1.000000,,,0.000000,2,0.2857142857142857,0.14965986394557823,0.14965986394557823,0.14965986394557823,0.14965986394557823,,n_rounds>=30,148,104,PERCENT_RANK_OVER_ORDER_BY_e_stake,HF9f,THIN_ROUNDS,L5_INSUFFICIENT,1.862,Z 证据不足 · 不动作,49,1,A168_HF9F_20260827_0900,2026-08-27 09:00:00
17654490,108,2026-05-01,2026-07-02,最大可贏,1000.0,1500.0,放宽,54.8994,54.8994,54.8994,1,1,-1.00000000,,-1.00000000,-1.00000000,-54.8994,54.8994,THIN_EXPOSURE,0.0000,3.2940,6.0000,94.0000,AG03-UNRESOLVED,ALL5_LEVELS_bet23_to_bet27,3.2940,4.3919,0.0000,0.0000,0.0000,6.000000,8.000000,0.000000,0.000000,0.000000,94.000000,92.000000,100.000000,100.000000,100.000000,3.0,7.6859,7.4224,47.2134,47.477,PENDING_AG03,FALSE,NOT_FOR_ENFORCEMENT,51.6054,51.6054,54.8994,51.6054,3.2940,1.00000000,0.94000000,3.2940,51.6054,0.94000000,3.2940,4.3919,0.0000,0.0000,0.0000,51.6054,0.94000000,7.6859,7.4224,47.2134,47.477,0.86000000,0.8648,0.06000000,54.8994,54.8994,54.8994,54.8994,54.8994,54.8994,1.0000,,54.8994,54.8994,54.8994,54.8994,54.8994,54.8994,54.8994,54.8994,-54.8994,1.0,1.0,1.0,1,1,1,1,0E-8,1.00000000,,0E-8,0.000000,1.000000,0.000000,,2026-07-01,2026-07-01,1,1,1,1,1.000000,,,0.000000,2,0.2857142857142857,0.14965986394557823,0.14965986394557823,0.14965986394557823,0.14965986394557823,,n_rounds>=30,148,104,PERCENT_RANK_OVER_ORDER_BY_e_stake,HF9f,THIN_ROUNDS,L5_INSUFFICIENT,1.862,Z 证据不足 · 不动作,50,1,A168_HF9F_20260827_0900,2026-08-27 09:00:00
17654490,109,2026-05-01,2026-07-02,最大可贏,1000.0,1500.0,放宽,54.8994,54.8994,54.8994,1,1,-1.00000000,,-1.00000000,-1.00000000,-54.8994,54.8994,THIN_EXPOSURE,0.0000,3.2940,6.0000,94.0000,AG03-UNRESOLVED,ALL5_LEVELS_bet23_to_bet27,3.2940,4.3919,0.0000,0.0000,0.0000,6.000000,8.000000,0.000000,0.000000,0.000000,94.000000,92.000000,100.000000,100.000000,100.000000,3.0,7.6859,7.4224,47.2134,47.477,PENDING_AG03,FALSE,NOT_FOR_ENFORCEMENT,51.6054,51.6054,54.8994,51.6054,3.2940,1.00000000,0.94000000,3.2940,51.6054,0.94000000,3.2940,4.3919,0.0000,0.0000,0.0000,51.6054,0.94000000,7.6859,7.4224,47.2134,47.477,0.86000000,0.8648,0.06000000,54.8994,54.8994,54.8994,54.8994,54.8994,54.8994,1.0000,,54.8994,54.8994,54.8994,54.8994,54.8994,54.8994,54.8994,54.8994,-54.8994,1.0,1.0,1.0,1,1,1,1,0E-8,1.00000000,,0E-8,0.000000,1.000000,0.000000,,2026-07-01,2026-07-01,1,1,1,1,1.000000,,,0.000000,2,0.2857142857142857,0.14965986394557823,0.14965986394557823,0.14965986394557823,0.14965986394557823,,n_rounds>=30,148,104,PERCENT_RANK_OVER_ORDER_BY_e_stake,HF9f,THIN_ROUNDS,L5_INSUFFICIENT,1.862,Z 证据不足 · 不动作,51,1,A168_HF9F_20260827_0900,2026-08-27 09:00:00
17654490,110,2026-05-01,2026-07-02,最大可贏,1000.0,1500.0,放宽,54.8994,54.8994,54.8994,1,1,-1.00000000,,-1.00000000,-1.00000000,-54.8994,54.8994,THIN_EXPOSURE,0.0000,3.2940,6.0000,94.0000,AG03-UNRESOLVED,ALL5_LEVELS_bet23_to_bet27,3.2940,4.3919,0.0000,0.0000,0.0000,6.000000,8.000000,0.000000,0.000000,0.000000,94.000000,92.000000,100.000000,100.000000,100.000000,3.0,7.6859,7.4224,47.2134,47.477,PENDING_AG03,FALSE,NOT_FOR_ENFORCEMENT,51.6054,51.6054,54.8994,51.6054,3.2940,1.00000000,0.94000000,3.2940,51.6054,0.94000000,3.2940,4.3919,0.0000,0.0000,0.0000,51.6054,0.94000000,7.6859,7.4224,47.2134,47.477,0.86000000,0.8648,0.06000000,54.8994,54.8994,54.8994,54.8994,54.8994,54.8994,1.0000,,54.8994,54.8994,54.8994,54.8994,54.8994,54.8994,54.8994,54.8994,-54.8994,1.0,1.0,1.0,1,1,1,1,0E-8,1.00000000,,0E-8,0.000000,1.000000,0.000000,,2026-07-01,2026-07-01,1,1,1,1,1.000000,,,0.000000,1,0.2857142857142857,0.14965986394557823,0.14965986394557823,0.14965986394557823,0.14965986394557823,,n_rounds>=30,148,104,PERCENT_RANK_OVER_ORDER_BY_e_stake,HF9f,THIN_ROUNDS,L5_INSUFFICIENT,1.862,Z 证据不足 · 不动作,52,1,A168_HF9F_20260827_0900,2026-08-27 09:00:00
17654490,111,2026-05-01,2026-07-02,最大可贏,1000.0,1500.0,放宽,54.8994,54.8994,54.8994,1,1,-1.00000000,,-1.00000000,-1.00000000,-54.8994,54.8994,THIN_EXPOSURE,0.0000,3.2940,6.0000,94.0000,AG03-UNRESOLVED,ALL5_LEVELS_bet23_to_bet27,3.2940,4.3919,0.0000,0.0000,0.0000,6.000000,8.000000,0.000000,0.000000,0.000000,94.000000,92.000000,100.000000,100.000000,100.000000,3.0,7.6859,7.4224,47.2134,47.477,PENDING_AG03,FALSE,NOT_FOR_ENFORCEMENT,51.6054,51.6054,54.8994,51.6054,3.2940,1.00000000,0.94000000,3.2940,51.6054,0.94000000,3.2940,4.3919,0.0000,0.0000,0.0000,51.6054,0.94000000,7.6859,7.4224,47.2134,47.477,0.86000000,0.8648,0.06000000,54.8994,54.8994,54.8994,54.8994,54.8994,54.8994,1.0000,,54.8994,54.8994,54.8994,54.8994,54.8994,54.8994,54.8994,54.8994,-54.8994,1.0,1.0,1.0,1,1,1,1,0E-8,1.00000000,,0E-8,0.000000,1.000000,0.000000,,2026-07-01,2026-07-01,1,1,1,1,1.000000,,,0.000000,2,0.2857142857142857,0.14965986394557823,0.14965986394557823,0.14965986394557823,0.14965986394557823,,n_rounds>=30,148,104,PERCENT_RANK_OVER_ORDER_BY_e_stake,HF9f,THIN_ROUNDS,L5_INSUFFICIENT,1.862,Z 证据不足 · 不动作,53,1,A168_HF9F_20260827_0900,2026-08-27 09:00:00
17654490,112,2026-05-01,2026-07-02,最大可贏,1000.0,1500.0,放宽,54.8994,54.8994,54.8994,1,1,-1.00000000,,-1.00000000,-1.00000000,-54.8994,54.8994,THIN_EXPOSURE,0.0000,3.2940,6.0000,94.0000,AG03-UNRESOLVED,ALL5_LEVELS_bet23_to_bet27,3.2940,4.3919,0.0000,0.0000,0.0000,6.000000,8.000000,0.000000,0.000000,0.000000,94.000000,92.000000,100.000000,100.000000,100.000000,3.0,7.6859,7.4224,47.2134,47.477,PENDING_AG03,FALSE,NOT_FOR_ENFORCEMENT,51.6054,51.6054,54.8994,51.6054,3.2940,1.00000000,0.94000000,3.2940,51.6054,0.94000000,3.2940,4.3919,0.0000,0.0000,0.0000,51.6054,0.94000000,7.6859,7.4224,47.2134,47.477,0.86000000,0.8648,0.06000000,54.8994,54.8994,54.8994,54.8994,54.8994,54.8994,1.0000,,54.8994,54.8994,54.8994,54.8994,54.8994,54.8994,54.8994,54.8994,-54.8994,1.0,1.0,1.0,1,1,1,1,0E-8,1.00000000,,0E-8,0.000000,1.000000,0.000000,,2026-07-01,2026-07-01,1,1,1,1,1.000000,,,0.000000,2,0.2857142857142857,0.14965986394557823,0.14965986394557823,0.14965986394557823,0.14965986394557823,,n_rounds>=30,148,104,PERCENT_RANK_OVER_ORDER_BY_e_stake,HF9f,THIN_ROUNDS,L5_INSUFFICIENT,1.862,Z 证据不足 · 不动作,54,1,A168_HF9F_20260827_0900,2026-08-27 09:00:00
17654490,113,2026-05-01,2026-07-02,最大可贏,1000.0,1500.0,放宽,54.8994,54.8994,54.8994,1,1,-1.00000000,,-1.00000000,-1.00000000,-54.8994,54.8994,THIN_EXPOSURE,0.0000,3.2940,6.0000,94.0000,AG03-UNRESOLVED,ALL5_LEVELS_bet23_to_bet27,3.2940,4.3919,0.0000,0.0000,0.0000,6.000000,8.000000,0.000000,0.000000,0.000000,94.000000,92.000000,100.000000,100.000000,100.000000,3.0,7.6859,7.4224,47.2134,47.477,PENDING_AG03,FALSE,NOT_FOR_ENFORCEMENT,51.6054,51.6054,54.8994,51.6054,3.2940,1.00000000,0.94000000,3.2940,51.6054,0.94000000,3.2940,4.3919,0.0000,0.0000,0.0000,51.6054,0.94000000,7.6859,7.4224,47.2134,47.477,0.86000000,0.8648,0.06000000,54.8994,54.8994,54.8994,54.8994,54.8994,54.8994,1.0000,,54.8994,54.8994,54.8994,54.8994,54.8994,54.8994,54.8994,54.8994,-54.8994,1.0,1.0,1.0,1,1,1,1,0E-8,1.00000000,,0E-8,0.000000,1.000000,0.000000,,2026-07-01,2026-07-01,1,1,1,1,1.000000,,,0.000000,1,0.2857142857142857,0.14965986394557823,0.14965986394557823,0.14965986394557823,0.14965986394557823,,n_rounds>=30,148,104,PERCENT_RANK_OVER_ORDER_BY_e_stake,HF9f,THIN_ROUNDS,L5_INSUFFICIENT,1.862,Z 证据不足 · 不动作,55,1,A168_HF9F_20260827_0900,2026-08-27 09:00:00
17654490,117,2026-05-01,2026-07-02,最大可贏,1000.0,1500.0,放宽,54.8994,54.8994,54.8994,1,1,-1.00000000,,-1.00000000,-1.00000000,-54.8994,54.8994,THIN_EXPOSURE,0.0000,3.2940,6.0000,94.0000,AG03-UNRESOLVED,ALL5_LEVELS_bet23_to_bet27,3.2940,4.3919,0.0000,0.0000,0.0000,6.000000,8.000000,0.000000,0.000000,0.000000,94.000000,92.000000,100.000000,100.000000,100.000000,3.0,7.6859,7.4224,47.2134,47.477,PENDING_AG03,FALSE,NOT_FOR_ENFORCEMENT,51.6054,51.6054,54.8994,51.6054,3.2940,1.00000000,0.94000000,3.2940,51.6054,0.94000000,3.2940,4.3919,0.0000,0.0000,0.0000,51.6054,0.94000000,7.6859,7.4224,47.2134,47.477,0.86000000,0.8648,0.06000000,54.8994,54.8994,54.8994,54.8994,54.8994,54.8994,1.0000,,54.8994,54.8994,54.8994,54.8994,54.8994,54.8994,54.8994,54.8994,-54.8994,1.0,1.0,1.0,1,1,1,1,0E-8,1.00000000,,0E-8,0.000000,1.000000,0.000000,,2026-07-01,2026-07-01,1,1,1,1,1.000000,,,0.000000,2,0.2857142857142857,0.14965986394557823,0.14965986394557823,0.14965986394557823,0.14965986394557823,,n_rounds>=30,148,104,PERCENT_RANK_OVER_ORDER_BY_e_stake,HF9f,THIN_ROUNDS,L5_INSUFFICIENT,1.862,Z 证据不足 · 不动作,56,1,A168_HF9F_20260827_0900,2026-08-27 09:00:00
17654490,121,2026-05-01,2026-07-02,最大可贏,1000.0,1500.0,放宽,54.8994,54.8994,54.8994,1,1,-1.00000000,,-1.00000000,-1.00000000,-54.8994,54.8994,THIN_EXPOSURE,0.0000,3.2940,6.0000,94.0000,AG03-UNRESOLVED,ALL5_LEVELS_bet23_to_bet27,3.2940,4.3919,0.0000,0.0000,0.0000,6.000000,8.000000,0.000000,0.000000,0.000000,94.000000,92.000000,100.000000,100.000000,100.000000,3.0,7.6859,7.4224,47.2134,47.477,PENDING_AG03,FALSE,NOT_FOR_ENFORCEMENT,51.6054,51.6054,54.8994,51.6054,3.2940,1.00000000,0.94000000,3.2940,51.6054,0.94000000,3.2940,4.3919,0.0000,0.0000,0.0000,51.6054,0.94000000,7.6859,7.4224,47.2134,47.477,0.86000000,0.8648,0.06000000,54.8994,54.8994,54.8994,54.8994,54.8994,54.8994,1.0000,,54.8994,54.8994,54.8994,54.8994,54.8994,54.8994,54.8994,54.8994,-54.8994,1.0,1.0,1.0,1,1,1,1,0E-8,1.00000000,,0E-8,0.000000,1.000000,0.000000,,2026-07-01,2026-07-01,1,1,1,1,1.000000,,,0.000000,1,0.2857142857142857,0.14965986394557823,0.14965986394557823,0.14965986394557823,0.14965986394557823,,n_rounds>=30,148,104,PERCENT_RANK_OVER_ORDER_BY_e_stake,HF9f,THIN_ROUNDS,L5_INSUFFICIENT,1.862,Z 证据不足 · 不动作,57,1,A168_HF9F_20260827_0900,2026-08-27 09:00:00
17654490,128,2026-05-01,2026-07-02,最大可贏,1000.0,1500.0,放宽,54.8994,54.8994,54.8994,1,1,-1.00000000,,-1.00000000,-1.00000000,-54.8994,54.8994,THIN_EXPOSURE,0.0000,3.2940,6.0000,94.0000,AG03-UNRESOLVED,ALL5_LEVELS_bet23_to_bet27,3.2940,4.3919,0.0000,0.0000,0.0000,6.000000,8.000000,0.000000,0.000000,0.000000,94.000000,92.000000,100.000000,100.000000,100.000000,3.0,7.6859,7.4224,47.2134,47.477,PENDING_AG03,FALSE,NOT_FOR_ENFORCEMENT,51.6054,51.6054,54.8994,51.6054,3.2940,1.00000000,0.94000000,3.2940,51.6054,0.94000000,3.2940,4.3919,0.0000,0.0000,0.0000,51.6054,0.94000000,7.6859,7.4224,47.2134,47.477,0.86000000,0.8648,0.06000000,54.8994,54.8994,54.8994,54.8994,54.8994,54.8994,1.0000,,54.8994,54.8994,54.8994,54.8994,54.8994,54.8994,54.8994,54.8994,-54.8994,1.0,1.0,1.0,1,1,1,1,0E-8,1.00000000,,0E-8,0.000000,1.000000,0.000000,,2026-07-01,2026-07-01,1,1,1,1,1.000000,,,0.000000,1,0.2857142857142857,0.14965986394557823,0.14965986394557823,0.14965986394557823,0.14965986394557823,,n_rounds>=30,148,104,PERCENT_RANK_OVER_ORDER_BY_e_stake,HF9f,THIN_ROUNDS,L5_INSUFFICIENT,1.862,Z 证据不足 · 不动作,58,1,A168_HF9F_20260827_0900,2026-08-27 09:00:00
17654490,301,2026-05-01,2026-07-02,最大可贏,1000.0,1500.0,放宽,54.8994,54.8994,54.8994,1,1,-1.00000000,,-1.00000000,-1.00000000,-54.8994,54.8994,THIN_EXPOSURE,0.0000,3.2940,6.0000,94.0000,AG03-UNRESOLVED,ALL5_LEVELS_bet23_to_bet27,3.2940,4.3919,0.0000,0.0000,0.0000,6.000000,8.000000,0.000000,0.000000,0.000000,94.000000,92.000000,100.000000,100.000000,100.000000,3.0,7.6859,7.4224,47.2134,47.477,PENDING_AG03,FALSE,NOT_FOR_ENFORCEMENT,51.6054,51.6054,54.8994,51.6054,3.2940,1.00000000,0.94000000,3.2940,51.6054,0.94000000,3.2940,4.3919,0.0000,0.0000,0.0000,51.6054,0.94000000,7.6859,7.4224,47.2134,47.477,0.86000000,0.8648,0.06000000,54.8994,54.8994,54.8994,54.8994,54.8994,54.8994,1.0000,,54.8994,54.8994,54.8994,54.8994,54.8994,54.8994,54.8994,54.8994,-54.8994,1.0,1.0,1.0,1,1,1,1,0E-8,1.00000000,,0E-8,0.000000,1.000000,0.000000,,2026-07-01,2026-07-01,1,1,1,1,1.000000,,,0.000000,1,0.2857142857142857,0.14965986394557823,0.14965986394557823,0.14965986394557823,0.14965986394557823,,n_rounds>=30,148,104,PERCENT_RANK_OVER_ORDER_BY_e_stake,HF9f,THIN_ROUNDS,L5_INSUFFICIENT,1.862,Z 证据不足 · 不动作,59,1,A168_HF9F_20260827_0900,2026-08-27 09:00:00
17654490,5008,2026-05-01,2026-07-02,最大可贏,1000.0,1500.0,放宽,54.8994,54.8994,54.8994,1,1,-1.00000000,,-1.00000000,-1.00000000,-54.8994,54.8994,THIN_EXPOSURE,0.0000,3.2940,6.0000,94.0000,AG03-UNRESOLVED,ALL5_LEVELS_bet23_to_bet27,3.2940,4.3919,0.0000,0.0000,0.0000,6.000000,8.000000,0.000000,0.000000,0.000000,94.000000,92.000000,100.000000,100.000000,100.000000,3.0,7.6859,7.4224,47.2134,47.477,PENDING_AG03,FALSE,NOT_FOR_ENFORCEMENT,51.6054,51.6054,54.8994,51.6054,3.2940,1.00000000,0.94000000,3.2940,51.6054,0.94000000,3.2940,4.3919,0.0000,0.0000,0.0000,51.6054,0.94000000,7.6859,7.4224,47.2134,47.477,0.86000000,0.8648,0.06000000,54.8994,54.8994,54.8994,54.8994,54.8994,54.8994,1.0000,,54.8994,54.8994,54.8994,54.8994,54.8994,54.8994,54.8994,54.8994,-54.8994,1.0,1.0,1.0,1,1,1,1,0E-8,1.00000000,,0E-8,0.000000,1.000000,0.000000,,2026-07-01,2026-07-01,1,1,1,1,1.000000,,,0.000000,2,0.2857142857142857,0.14965986394557823,0.14965986394557823,0.14965986394557823,0.14965986394557823,,n_rounds>=30,148,104,PERCENT_RANK_OVER_ORDER_BY_e_stake,HF9f,THIN_ROUNDS,L5_INSUFFICIENT,1.862,Z 证据不足 · 不动作,60,1,A168_HF9F_20260827_0900,2026-08-27 09:00:00
17654490,5009,2026-05-01,2026-07-02,最大可贏,1000.0,1500.0,放宽,54.8994,54.8994,54.8994,1,1,-1.00000000,,-1.00000000,-1.00000000,-54.8994,54.8994,THIN_EXPOSURE,0.0000,3.2940,6.0000,94.0000,AG03-UNRESOLVED,ALL5_LEVELS_bet23_to_bet27,3.2940,4.3919,0.0000,0.0000,0.0000,6.000000,8.000000,0.000000,0.000000,0.000000,94.000000,92.000000,100.000000,100.000000,100.000000,3.0,7.6859,7.4224,47.2134,47.477,PENDING_AG03,FALSE,NOT_FOR_ENFORCEMENT,51.6054,51.6054,54.8994,51.6054,3.2940,1.00000000,0.94000000,3.2940,51.6054,0.94000000,3.2940,4.3919,0.0000,0.0000,0.0000,51.6054,0.94000000,7.6859,7.4224,47.2134,47.477,0.86000000,0.8648,0.06000000,54.8994,54.8994,54.8994,54.8994,54.8994,54.8994,1.0000,,54.8994,54.8994,54.8994,54.8994,54.8994,54.8994,54.8994,54.8994,-54.8994,1.0,1.0,1.0,1,1,1,1,0E-8,1.00000000,,0E-8,0.000000,1.000000,0.000000,,2026-07-01,2026-07-01,1,1,1,1,1.000000,,,0.000000,2,0.2857142857142857,0.14965986394557823,0.14965986394557823,0.14965986394557823,0.14965986394557823,,n_rounds>=30,148,104,PERCENT_RANK_OVER_ORDER_BY_e_stake,HF9f,THIN_ROUNDS,L5_INSUFFICIENT,1.862,Z 证据不足 · 不动作,61,1,A168_HF9F_20260827_0900,2026-08-27 09:00:00
17654490,5010,2026-05-01,2026-07-02,最大可贏,1000.0,1500.0,放宽,54.8994,54.8994,54.8994,1,1,-1.00000000,,-1.00000000,-1.00000000,-54.8994,54.8994,THIN_EXPOSURE,0.0000,3.2940,6.0000,94.0000,AG03-UNRESOLVED,ALL5_LEVELS_bet23_to_bet27,3.2940,4.3919,0.0000,0.0000,0.0000,6.000000,8.000000,0.000000,0.000000,0.000000,94.000000,92.000000,100.000000,100.000000,100.000000,3.0,7.6859,7.4224,47.2134,47.477,PENDING_AG03,FALSE,NOT_FOR_ENFORCEMENT,51.6054,51.6054,54.8994,51.6054,3.2940,1.00000000,0.94000000,3.2940,51.6054,0.94000000,3.2940,4.3919,0.0000,0.0000,0.0000,51.6054,0.94000000,7.6859,7.4224,47.2134,47.477,0.86000000,0.8648,0.06000000,54.8994,54.8994,54.8994,54.8994,54.8994,54.8994,1.0000,,54.8994,54.8994,54.8994,54.8994,54.8994,54.8994,54.8994,54.8994,-54.8994,1.0,1.0,1.0,1,1,1,1,0E-8,1.00000000,,0E-8,0.000000,1.000000,0.000000,,2026-07-01,2026-07-01,1,1,1,1,1.000000,,,0.000000,2,0.2857142857142857,0.14965986394557823,0.14965986394557823,0.14965986394557823,0.14965986394557823,,n_rounds>=30,148,104,PERCENT_RANK_OVER_ORDER_BY_e_stake,HF9f,THIN_ROUNDS,L5_INSUFFICIENT,1.862,Z 证据不足 · 不动作,62,1,A168_HF9F_20260827_0900,2026-08-27 09:00:00
17654490,5011,2026-05-01,2026-07-02,最大可贏,1000.0,1500.0,放宽,54.8994,54.8994,54.8994,1,1,-1.00000000,,-1.00000000,-1.00000000,-54.8994,54.8994,THIN_EXPOSURE,0.0000,3.2940,6.0000,94.0000,AG03-UNRESOLVED,ALL5_LEVELS_bet23_to_bet27,3.2940,4.3919,0.0000,0.0000,0.0000,6.000000,8.000000,0.000000,0.000000,0.000000,94.000000,92.000000,100.000000,100.000000,100.000000,3.0,7.6859,7.4224,47.2134,47.477,PENDING_AG03,FALSE,NOT_FOR_ENFORCEMENT,51.6054,51.6054,54.8994,51.6054,3.2940,1.00000000,0.94000000,3.2940,51.6054,0.94000000,3.2940,4.3919,0.0000,0.0000,0.0000,51.6054,0.94000000,7.6859,7.4224,47.2134,47.477,0.86000000,0.8648,0.06000000,54.8994,54.8994,54.8994,54.8994,54.8994,54.8994,1.0000,,54.8994,54.8994,54.8994,54.8994,54.8994,54.8994,54.8994,54.8994,-54.8994,1.0,1.0,1.0,1,1,1,1,0E-8,1.00000000,,0E-8,0.000000,1.000000,0.000000,,2026-07-01,2026-07-01,1,1,1,1,1.000000,,,0.000000,2,0.2857142857142857,0.14965986394557823,0.14965986394557823,0.14965986394557823,0.14965986394557823,,n_rounds>=30,148,104,PERCENT_RANK_OVER_ORDER_BY_e_stake,HF9f,THIN_ROUNDS,L5_INSUFFICIENT,1.862,Z 证据不足 · 不动作,63,1,A168_HF9F_20260827_0900,2026-08-27 09:00:00
17654490,5031,2026-05-01,2026-07-02,最大可贏,1000.0,1500.0,放宽,54.8994,54.8994,54.8994,1,1,-1.00000000,,-1.00000000,-1.00000000,-54.8994,54.8994,THIN_EXPOSURE,0.0000,3.2940,6.0000,94.0000,AG03-UNRESOLVED,ALL5_LEVELS_bet23_to_bet27,3.2940,4.3919,0.0000,0.0000,0.0000,6.000000,8.000000,0.000000,0.000000,0.000000,94.000000,92.000000,100.000000,100.000000,100.000000,3.0,7.6859,7.4224,47.2134,47.477,PENDING_AG03,FALSE,NOT_FOR_ENFORCEMENT,51.6054,51.6054,54.8994,51.6054,3.2940,1.00000000,0.94000000,3.2940,51.6054,0.94000000,3.2940,4.3919,0.0000,0.0000,0.0000,51.6054,0.94000000,7.6859,7.4224,47.2134,47.477,0.86000000,0.8648,0.06000000,54.8994,54.8994,54.8994,54.8994,54.8994,54.8994,1.0000,,54.8994,54.8994,54.8994,54.8994,54.8994,54.8994,54.8994,54.8994,-54.8994,1.0,1.0,1.0,1,1,1,1,0E-8,1.00000000,,0E-8,0.000000,1.000000,0.000000,,2026-07-01,2026-07-01,1,1,1,1,1.000000,,,0.000000,2,0.2857142857142857,0.14965986394557823,0.14965986394557823,0.14965986394557823,0.14965986394557823,,n_rounds>=30,148,104,PERCENT_RANK_OVER_ORDER_BY_e_stake,HF9f,THIN_ROUNDS,L5_INSUFFICIENT,1.862,Z 证据不足 · 不动作,64,1,A168_HF9F_20260827_0900,2026-08-27 09:00:00
17655475,101,2026-04-14,2026-06-27,最大可贏,1500.0,1000.0,收紧,61228.0752,55670.6254,3848.6497,2449,1321,-0.06285760,-0.04576238,-0.12132257,-0.06285760,-3848.6497,61228.0752,OK,0.0000,230.9190,6.0000,94.0000,AG03-UNRESOLVED,ALL5_LEVELS_bet23_to_bet27,230.9190,307.8920,0.0000,0.0000,0.0000,6.000000,8.000000,0.000000,0.000000,0.000000,94.000000,92.000000,100.000000,100.000000,100.000000,3.0,538.8110,520.3374,3309.8387,3328.3122,PENDING_AG03,FALSE,NOT_FOR_ENFORCEMENT,3617.7307,52330.3879,3848.6497,3617.7307,230.9190,0.06285760,0.05908614,230.9190,3617.7307,0.05908614,230.9190,307.8920,0.0000,0.0000,0.0000,3617.7307,0.05908614,538.8110,520.3374,3309.8387,3328.3122,0.05405753,0.05435925,0.00377146,25.0013,42.1428,2.9134,137.4518,32.8944,2186.7170,47.1786,25.1462,24.5179,8.3181,16.5344,34.0832,49.9085,66.1376,99.817,8.5208,-8.3181,4.0,6.036932,1.512076,26,90,2,6,0.77375363,0.06285760,0.04576238,0E-8,0.000000,0.909234,0.050633,0.07556020,2026-04-14,2026-08-05,28,117,101,114,0.245614,1.025625,1.005798,2.579179,3,0.43537414965986393,0.4217687074829932,0.4217687074829932,0.4217687074829932,0.4217687074829932,0.17475728155339806,n_rounds>=30,148,104,PERCENT_RANK_OVER_ORDER_BY_e_stake,HF9f,OK,L5_INSUFFICIENT,0.05123046,E 常规,65,1,A168_HF9F_20260827_0900,2026-08-27 09:00:00
17655475,102,2026-04-14,2026-06-27,最大可贏,1500.0,1000.0,收紧,61228.0752,55670.6254,3848.6497,2449,1321,-0.06285760,-0.04576238,-0.12132257,-0.06285760,-3848.6497,61228.0752,OK,0.0000,230.9190,6.0000,94.0000,AG03-UNRESOLVED,ALL5_LEVELS_bet23_to_bet27,230.9190,307.8920,0.0000,0.0000,0.0000,6.000000,8.000000,0.000000,0.000000,0.000000,94.000000,92.000000,100.000000,100.000000,100.000000,3.0,538.8110,520.3374,3309.8387,3328.3122,PENDING_AG03,FALSE,NOT_FOR_ENFORCEMENT,3617.7307,52330.3879,3848.6497,3617.7307,230.9190,0.06285760,0.05908614,230.9190,3617.7307,0.05908614,230.9190,307.8920,0.0000,0.0000,0.0000,3617.7307,0.05908614,538.8110,520.3374,3309.8387,3328.3122,0.05405753,0.05435925,0.00377146,25.0013,42.1428,2.9134,137.4518,32.8944,2186.7170,47.1786,25.1462,24.5179,8.3181,16.5344,34.0832,49.9085,66.1376,99.817,8.5208,-8.3181,4.0,6.036932,1.512076,26,90,2,6,0.77375363,0.06285760,0.04576238,0E-8,0.000000,0.909234,0.050633,0.07556020,2026-04-14,2026-08-05,28,117,101,114,0.245614,1.025625,1.005798,2.579179,3,0.43537414965986393,0.4217687074829932,0.4217687074829932,0.4217687074829932,0.4217687074829932,0.17475728155339806,n_rounds>=30,148,104,PERCENT_RANK_OVER_ORDER_BY_e_stake,HF9f,OK,L5_INSUFFICIENT,0.05123046,E 常规,66,1,A168_HF9F_20260827_0900,2026-08-27 09:00:00
17655475,103,2026-04-14,2026-06-27,最大可贏,1500.0,1000.0,收紧,61228.0752,55670.6254,3848.6497,2449,1321,-0.06285760,-0.04576238,-0.12132257,-0.06285760,-3848.6497,61228.0752,OK,0.0000,230.9190,6.0000,94.0000,AG03-UNRESOLVED,ALL5_LEVELS_bet23_to_bet27,230.9190,307.8920,0.0000,0.0000,0.0000,6.000000,8.000000,0.000000,0.000000,0.000000,94.000000,92.000000,100.000000,100.000000,100.000000,3.0,538.8110,520.3374,3309.8387,3328.3122,PENDING_AG03,FALSE,NOT_FOR_ENFORCEMENT,3617.7307,52330.3879,3848.6497,3617.7307,230.9190,0.06285760,0.05908614,230.9190,3617.7307,0.05908614,230.9190,307.8920,0.0000,0.0000,0.0000,3617.7307,0.05908614,538.8110,520.3374,3309.8387,3328.3122,0.05405753,0.05435925,0.00377146,25.0013,42.1428,2.9134,137.4518,32.8944,2186.7170,47.1786,25.1462,24.5179,8.3181,16.5344,34.0832,49.9085,66.1376,99.817,8.5208,-8.3181,4.0,6.036932,1.512076,26,90,2,6,0.77375363,0.06285760,0.04576238,0E-8,0.000000,0.909234,0.050633,0.07556020,2026-04-14,2026-08-05,28,117,101,114,0.245614,1.025625,1.005798,2.579179,3,0.43537414965986393,0.4217687074829932,0.4217687074829932,0.4217687074829932,0.4217687074829932,0.17475728155339806,n_rounds>=30,148,104,PERCENT_RANK_OVER_ORDER_BY_e_stake,HF9f,OK,L5_INSUFFICIENT,0.05123046,E 常规,67,1,A168_HF9F_20260827_0900,2026-08-27 09:00:00
17655475,104,2026-04-14,2026-06-27,最大可贏,1500.0,1000.0,收紧,61228.0752,55670.6254,3848.6497,2449,1321,-0.06285760,-0.04576238,-0.12132257,-0.06285760,-3848.6497,61228.0752,OK,0.0000,230.9190,6.0000,94.0000,AG03-UNRESOLVED,ALL5_LEVELS_bet23_to_bet27,230.9190,307.8920,0.0000,0.0000,0.0000,6.000000,8.000000,0.000000,0.000000,0.000000,94.000000,92.000000,100.000000,100.000000,100.000000,3.0,538.8110,520.3374,3309.8387,3328.3122,PENDING_AG03,FALSE,NOT_FOR_ENFORCEMENT,3617.7307,52330.3879,3848.6497,3617.7307,230.9190,0.06285760,0.05908614,230.9190,3617.7307,0.05908614,230.9190,307.8920,0.0000,0.0000,0.0000,3617.7307,0.05908614,538.8110,520.3374,3309.8387,3328.3122,0.05405753,0.05435925,0.00377146,25.0013,42.1428,2.9134,137.4518,32.8944,2186.7170,47.1786,25.1462,24.5179,8.3181,16.5344,34.0832,49.9085,66.1376,99.817,8.5208,-8.3181,4.0,6.036932,1.512076,26,90,2,6,0.77375363,0.06285760,0.04576238,0E-8,0.000000,0.909234,0.050633,0.07556020,2026-04-14,2026-08-05,28,117,101,114,0.245614,1.025625,1.005798,2.579179,3,0.43537414965986393,0.4217687074829932,0.4217687074829932,0.4217687074829932,0.4217687074829932,0.17475728155339806,n_rounds>=30,148,104,PERCENT_RANK_OVER_ORDER_BY_e_stake,HF9f,OK,L5_INSUFFICIENT,0.05123046,E 常规,68,1,A168_HF9F_20260827_0900,2026-08-27 09:00:00
17655475,105,2026-04-14,2026-06-27,最大可贏,1500.0,1000.0,收紧,61228.0752,55670.6254,3848.6497,2449,1321,-0.06285760,-0.04576238,-0.12132257,-0.06285760,-3848.6497,61228.0752,OK,0.0000,230.9190,6.0000,94.0000,AG03-UNRESOLVED,ALL5_LEVELS_bet23_to_bet27,230.9190,307.8920,0.0000,0.0000,0.0000,6.000000,8.000000,0.000000,0.000000,0.000000,94.000000,92.000000,100.000000,100.000000,100.000000,3.0,538.8110,520.3374,3309.8387,3328.3122,PENDING_AG03,FALSE,NOT_FOR_ENFORCEMENT,3617.7307,52330.3879,3848.6497,3617.7307,230.9190,0.06285760,0.05908614,230.9190,3617.7307,0.05908614,230.9190,307.8920,0.0000,0.0000,0.0000,3617.7307,0.05908614,538.8110,520.3374,3309.8387,3328.3122,0.05405753,0.05435925,0.00377146,25.0013,42.1428,2.9134,137.4518,32.8944,2186.7170,47.1786,25.1462,24.5179,8.3181,16.5344,34.0832,49.9085,66.1376,99.817,8.5208,-8.3181,4.0,6.036932,1.512076,26,90,2,6,0.77375363,0.06285760,0.04576238,0E-8,0.000000,0.909234,0.050633,0.07556020,2026-04-14,2026-08-05,28,117,101,114,0.245614,1.025625,1.005798,2.579179,3,0.43537414965986393,0.4217687074829932,0.4217687074829932,0.4217687074829932,0.4217687074829932,0.17475728155339806,n_rounds>=30,148,104,PERCENT_RANK_OVER_ORDER_BY_e_stake,HF9f,OK,L5_INSUFFICIENT,0.05123046,E 常规,69,1,A168_HF9F_20260827_0900,2026-08-27 09:00:00
17655475,106,2026-04-14,2026-06-27,最大可贏,1500.0,1000.0,收紧,61228.0752,55670.6254,3848.6497,2449,1321,-0.06285760,-0.04576238,-0.12132257,-0.06285760,-3848.6497,61228.0752,OK,0.0000,230.9190,6.0000,94.0000,AG03-UNRESOLVED,ALL5_LEVELS_bet23_to_bet27,230.9190,307.8920,0.0000,0.0000,0.0000,6.000000,8.000000,0.000000,0.000000,0.000000,94.000000,92.000000,100.000000,100.000000,100.000000,3.0,538.8110,520.3374,3309.8387,3328.3122,PENDING_AG03,FALSE,NOT_FOR_ENFORCEMENT,3617.7307,52330.3879,3848.6497,3617.7307,230.9190,0.06285760,0.05908614,230.9190,3617.7307,0.05908614,230.9190,307.8920,0.0000,0.0000,0.0000,3617.7307,0.05908614,538.8110,520.3374,3309.8387,3328.3122,0.05405753,0.05435925,0.00377146,25.0013,42.1428,2.9134,137.4518,32.8944,2186.7170,47.1786,25.1462,24.5179,8.3181,16.5344,34.0832,49.9085,66.1376,99.817,8.5208,-8.3181,4.0,6.036932,1.512076,26,90,2,6,0.77375363,0.06285760,0.04576238,0E-8,0.000000,0.909234,0.050633,0.07556020,2026-04-14,2026-08-05,28,117,101,114,0.245614,1.025625,1.005798,2.579179,3,0.43537414965986393,0.4217687074829932,0.4217687074829932,0.4217687074829932,0.4217687074829932,0.17475728155339806,n_rounds>=30,148,104,PERCENT_RANK_OVER_ORDER_BY_e_stake,HF9f,OK,L5_INSUFFICIENT,0.05123046,E 常规,70,1,A168_HF9F_20260827_0900,2026-08-27 09:00:00
17655475,107,2026-04-14,2026-06-27,最大可贏,1500.0,1000.0,收紧,61228.0752,55670.6254,3848.6497,2449,1321,-0.06285760,-0.04576238,-0.12132257,-0.06285760,-3848.6497,61228.0752,OK,0.0000,230.9190,6.0000,94.0000,AG03-UNRESOLVED,ALL5_LEVELS_bet23_to_bet27,230.9190,307.8920,0.0000,0.0000,0.0000,6.000000,8.000000,0.000000,0.000000,0.000000,94.000000,92.000000,100.000000,100.000000,100.000000,3.0,538.8110,520.3374,3309.8387,3328.3122,PENDING_AG03,FALSE,NOT_FOR_ENFORCEMENT,3617.7307,52330.3879,3848.6497,3617.7307,230.9190,0.06285760,0.05908614,230.9190,3617.7307,0.05908614,230.9190,307.8920,0.0000,0.0000,0.0000,3617.7307,0.05908614,538.8110,520.3374,3309.8387,3328.3122,0.05405753,0.05435925,0.00377146,25.0013,42.1428,2.9134,137.4518,32.8944,2186.7170,47.1786,25.1462,24.5179,8.3181,16.5344,34.0832,49.9085,66.1376,99.817,8.5208,-8.3181,4.0,6.036932,1.512076,26,90,2,6,0.77375363,0.06285760,0.04576238,0E-8,0.000000,0.909234,0.050633,0.07556020,2026-04-14,2026-08-05,28,117,101,114,0.245614,1.025625,1.005798,2.579179,3,0.43537414965986393,0.4217687074829932,0.4217687074829932,0.4217687074829932,0.4217687074829932,0.17475728155339806,n_rounds>=30,148,104,PERCENT_RANK_OVER_ORDER_BY_e_stake,HF9f,OK,L5_INSUFFICIENT,0.05123046,E 常规,71,1,A168_HF9F_20260827_0900,2026-08-27 09:00:00
17655475,108,2026-04-14,2026-06-27,最大可贏,1500.0,1000.0,收紧,61228.0752,55670.6254,3848.6497,2449,1321,-0.06285760,-0.04576238,-0.12132257,-0.06285760,-3848.6497,61228.0752,OK,0.0000,230.9190,6.0000,94.0000,AG03-UNRESOLVED,ALL5_LEVELS_bet23_to_bet27,230.9190,307.8920,0.0000,0.0000,0.0000,6.000000,8.000000,0.000000,0.000000,0.000000,94.000000,92.000000,100.000000,100.000000,100.000000,3.0,538.8110,520.3374,3309.8387,3328.3122,PENDING_AG03,FALSE,NOT_FOR_ENFORCEMENT,3617.7307,52330.3879,3848.6497,3617.7307,230.9190,0.06285760,0.05908614,230.9190,3617.7307,0.05908614,230.9190,307.8920,0.0000,0.0000,0.0000,3617.7307,0.05908614,538.8110,520.3374,3309.8387,3328.3122,0.05405753,0.05435925,0.00377146,25.0013,42.1428,2.9134,137.4518,32.8944,2186.7170,47.1786,25.1462,24.5179,8.3181,16.5344,34.0832,49.9085,66.1376,99.817,8.5208,-8.3181,4.0,6.036932,1.512076,26,90,2,6,0.77375363,0.06285760,0.04576238,0E-8,0.000000,0.909234,0.050633,0.07556020,2026-04-14,2026-08-05,28,117,101,114,0.245614,1.025625,1.005798,2.579179,3,0.43537414965986393,0.4217687074829932,0.4217687074829932,0.4217687074829932,0.4217687074829932,0.17475728155339806,n_rounds>=30,148,104,PERCENT_RANK_OVER_ORDER_BY_e_stake,HF9f,OK,L5_INSUFFICIENT,0.05123046,E 常规,72,1,A168_HF9F_20260827_0900,2026-08-27 09:00:00
17655475,109,2026-04-14,2026-06-27,最大可贏,1500.0,1000.0,收紧,61228.0752,55670.6254,3848.6497,2449,1321,-0.06285760,-0.04576238,-0.12132257,-0.06285760,-3848.6497,61228.0752,OK,0.0000,230.9190,6.0000,94.0000,AG03-UNRESOLVED,ALL5_LEVELS_bet23_to_bet27,230.9190,307.8920,0.0000,0.0000,0.0000,6.000000,8.000000,0.000000,0.000000,0.000000,94.000000,92.000000,100.000000,100.000000,100.000000,3.0,538.8110,520.3374,3309.8387,3328.3122,PENDING_AG03,FALSE,NOT_FOR_ENFORCEMENT,3617.7307,52330.3879,3848.6497,3617.7307,230.9190,0.06285760,0.05908614,230.9190,3617.7307,0.05908614,230.9190,307.8920,0.0000,0.0000,0.0000,3617.7307,0.05908614,538.8110,520.3374,3309.8387,3328.3122,0.05405753,0.05435925,0.00377146,25.0013,42.1428,2.9134,137.4518,32.8944,2186.7170,47.1786,25.1462,24.5179,8.3181,16.5344,34.0832,49.9085,66.1376,99.817,8.5208,-8.3181,4.0,6.036932,1.512076,26,90,2,6,0.77375363,0.06285760,0.04576238,0E-8,0.000000,0.909234,0.050633,0.07556020,2026-04-14,2026-08-05,28,117,101,114,0.245614,1.025625,1.005798,2.579179,3,0.43537414965986393,0.4217687074829932,0.4217687074829932,0.4217687074829932,0.4217687074829932,0.17475728155339806,n_rounds>=30,148,104,PERCENT_RANK_OVER_ORDER_BY_e_stake,HF9f,OK,L5_INSUFFICIENT,0.05123046,E 常规,73,1,A168_HF9F_20260827_0900,2026-08-27 09:00:00
17655475,110,2026-04-14,2026-06-27,最大可贏,1500.0,1000.0,收紧,61228.0752,55670.6254,3848.6497,2449,1321,-0.06285760,-0.04576238,-0.12132257,-0.06285760,-3848.6497,61228.0752,OK,0.0000,230.9190,6.0000,94.0000,AG03-UNRESOLVED,ALL5_LEVELS_bet23_to_bet27,230.9190,307.8920,0.0000,0.0000,0.0000,6.000000,8.000000,0.000000,0.000000,0.000000,94.000000,92.000000,100.000000,100.000000,100.000000,3.0,538.8110,520.3374,3309.8387,3328.3122,PENDING_AG03,FALSE,NOT_FOR_ENFORCEMENT,3617.7307,52330.3879,3848.6497,3617.7307,230.9190,0.06285760,0.05908614,230.9190,3617.7307,0.05908614,230.9190,307.8920,0.0000,0.0000,0.0000,3617.7307,0.05908614,538.8110,520.3374,3309.8387,3328.3122,0.05405753,0.05435925,0.00377146,25.0013,42.1428,2.9134,137.4518,32.8944,2186.7170,47.1786,25.1462,24.5179,8.3181,16.5344,34.0832,49.9085,66.1376,99.817,8.5208,-8.3181,4.0,6.036932,1.512076,26,90,2,6,0.77375363,0.06285760,0.04576238,0E-8,0.000000,0.909234,0.050633,0.07556020,2026-04-14,2026-08-05,28,117,101,114,0.245614,1.025625,1.005798,2.579179,3,0.43537414965986393,0.4217687074829932,0.4217687074829932,0.4217687074829932,0.4217687074829932,0.17475728155339806,n_rounds>=30,148,104,PERCENT_RANK_OVER_ORDER_BY_e_stake,HF9f,OK,L5_INSUFFICIENT,0.05123046,E 常规,74,1,A168_HF9F_20260827_0900,2026-08-27 09:00:00
17655475,111,2026-04-14,2026-06-27,最大可贏,1500.0,1000.0,收紧,61228.0752,55670.6254,3848.6497,2449,1321,-0.06285760,-0.04576238,-0.12132257,-0.06285760,-3848.6497,61228.0752,OK,0.0000,230.9190,6.0000,94.0000,AG03-UNRESOLVED,ALL5_LEVELS_bet23_to_bet27,230.9190,307.8920,0.0000,0.0000,0.0000,6.000000,8.000000,0.000000,0.000000,0.000000,94.000000,92.000000,100.000000,100.000000,100.000000,3.0,538.8110,520.3374,3309.8387,3328.3122,PENDING_AG03,FALSE,NOT_FOR_ENFORCEMENT,3617.7307,52330.3879,3848.6497,3617.7307,230.9190,0.06285760,0.05908614,230.9190,3617.7307,0.05908614,230.9190,307.8920,0.0000,0.0000,0.0000,3617.7307,0.05908614,538.8110,520.3374,3309.8387,3328.3122,0.05405753,0.05435925,0.00377146,25.0013,42.1428,2.9134,137.4518,32.8944,2186.7170,47.1786,25.1462,24.5179,8.3181,16.5344,34.0832,49.9085,66.1376,99.817,8.5208,-8.3181,4.0,6.036932,1.512076,26,90,2,6,0.77375363,0.06285760,0.04576238,0E-8,0.000000,0.909234,0.050633,0.07556020,2026-04-14,2026-08-05,28,117,101,114,0.245614,1.025625,1.005798,2.579179,3,0.43537414965986393,0.4217687074829932,0.4217687074829932,0.4217687074829932,0.4217687074829932,0.17475728155339806,n_rounds>=30,148,104,PERCENT_RANK_OVER_ORDER_BY_e_stake,HF9f,OK,L5_INSUFFICIENT,0.05123046,E 常规,75,1,A168_HF9F_20260827_0900,2026-08-27 09:00:00
17655475,112,2026-04-14,2026-06-27,最大可贏,1500.0,1000.0,收紧,61228.0752,55670.6254,3848.6497,2449,1321,-0.06285760,-0.04576238,-0.12132257,-0.06285760,-3848.6497,61228.0752,OK,0.0000,230.9190,6.0000,94.0000,AG03-UNRESOLVED,ALL5_LEVELS_bet23_to_bet27,230.9190,307.8920,0.0000,0.0000,0.0000,6.000000,8.000000,0.000000,0.000000,0.000000,94.000000,92.000000,100.000000,100.000000,100.000000,3.0,538.8110,520.3374,3309.8387,3328.3122,PENDING_AG03,FALSE,NOT_FOR_ENFORCEMENT,3617.7307,52330.3879,3848.6497,3617.7307,230.9190,0.06285760,0.05908614,230.9190,3617.7307,0.05908614,230.9190,307.8920,0.0000,0.0000,0.0000,3617.7307,0.05908614,538.8110,520.3374,3309.8387,3328.3122,0.05405753,0.05435925,0.00377146,25.0013,42.1428,2.9134,137.4518,32.8944,2186.7170,47.1786,25.1462,24.5179,8.3181,16.5344,34.0832,49.9085,66.1376,99.817,8.5208,-8.3181,4.0,6.036932,1.512076,26,90,2,6,0.77375363,0.06285760,0.04576238,0E-8,0.000000,0.909234,0.050633,0.07556020,2026-04-14,2026-08-05,28,117,101,114,0.245614,1.025625,1.005798,2.579179,3,0.43537414965986393,0.4217687074829932,0.4217687074829932,0.4217687074829932,0.4217687074829932,0.17475728155339806,n_rounds>=30,148,104,PERCENT_RANK_OVER_ORDER_BY_e_stake,HF9f,OK,L5_INSUFFICIENT,0.05123046,E 常规,76,1,A168_HF9F_20260827_0900,2026-08-27 09:00:00
17655475,113,2026-04-14,2026-06-27,最大可贏,1500.0,1000.0,收紧,61228.0752,55670.6254,3848.6497,2449,1321,-0.06285760,-0.04576238,-0.12132257,-0.06285760,-3848.6497,61228.0752,OK,0.0000,230.9190,6.0000,94.0000,AG03-UNRESOLVED,ALL5_LEVELS_bet23_to_bet27,230.9190,307.8920,0.0000,0.0000,0.0000,6.000000,8.000000,0.000000,0.000000,0.000000,94.000000,92.000000,100.000000,100.000000,100.000000,3.0,538.8110,520.3374,3309.8387,3328.3122,PENDING_AG03,FALSE,NOT_FOR_ENFORCEMENT,3617.7307,52330.3879,3848.6497,3617.7307,230.9190,0.06285760,0.05908614,230.9190,3617.7307,0.05908614,230.9190,307.8920,0.0000,0.0000,0.0000,3617.7307,0.05908614,538.8110,520.3374,3309.8387,3328.3122,0.05405753,0.05435925,0.00377146,25.0013,42.1428,2.9134,137.4518,32.8944,2186.7170,47.1786,25.1462,24.5179,8.3181,16.5344,34.0832,49.9085,66.1376,99.817,8.5208,-8.3181,4.0,6.036932,1.512076,26,90,2,6,0.77375363,0.06285760,0.04576238,0E-8,0.000000,0.909234,0.050633,0.07556020,2026-04-14,2026-08-05,28,117,101,114,0.245614,1.025625,1.005798,2.579179,3,0.43537414965986393,0.4217687074829932,0.4217687074829932,0.4217687074829932,0.4217687074829932,0.17475728155339806,n_rounds>=30,148,104,PERCENT_RANK_OVER_ORDER_BY_e_stake,HF9f,OK,L5_INSUFFICIENT,0.05123046,E 常规,77,1,A168_HF9F_20260827_0900,2026-08-27 09:00:00
17655475,117,2026-04-14,2026-06-27,最大可贏,1500.0,1000.0,收紧,61228.0752,55670.6254,3848.6497,2449,1321,-0.06285760,-0.04576238,-0.12132257,-0.06285760,-3848.6497,61228.0752,OK,0.0000,230.9190,6.0000,94.0000,AG03-UNRESOLVED,ALL5_LEVELS_bet23_to_bet27,230.9190,307.8920,0.0000,0.0000,0.0000,6.000000,8.000000,0.000000,0.000000,0.000000,94.000000,92.000000,100.000000,100.000000,100.000000,3.0,538.8110,520.3374,3309.8387,3328.3122,PENDING_AG03,FALSE,NOT_FOR_ENFORCEMENT,3617.7307,52330.3879,3848.6497,3617.7307,230.9190,0.06285760,0.05908614,230.9190,3617.7307,0.05908614,230.9190,307.8920,0.0000,0.0000,0.0000,3617.7307,0.05908614,538.8110,520.3374,3309.8387,3328.3122,0.05405753,0.05435925,0.00377146,25.0013,42.1428,2.9134,137.4518,32.8944,2186.7170,47.1786,25.1462,24.5179,8.3181,16.5344,34.0832,49.9085,66.1376,99.817,8.5208,-8.3181,4.0,6.036932,1.512076,26,90,2,6,0.77375363,0.06285760,0.04576238,0E-8,0.000000,0.909234,0.050633,0.07556020,2026-04-14,2026-08-05,28,117,101,114,0.245614,1.025625,1.005798,2.579179,3,0.43537414965986393,0.4217687074829932,0.4217687074829932,0.4217687074829932,0.4217687074829932,0.17475728155339806,n_rounds>=30,148,104,PERCENT_RANK_OVER_ORDER_BY_e_stake,HF9f,OK,L5_INSUFFICIENT,0.05123046,E 常规,78,1,A168_HF9F_20260827_0900,2026-08-27 09:00:00
17655475,121,2026-04-14,2026-06-27,最大可贏,1500.0,1000.0,收紧,61228.0752,55670.6254,3848.6497,2449,1321,-0.06285760,-0.04576238,-0.12132257,-0.06285760,-3848.6497,61228.0752,OK,0.0000,230.9190,6.0000,94.0000,AG03-UNRESOLVED,ALL5_LEVELS_bet23_to_bet27,230.9190,307.8920,0.0000,0.0000,0.0000,6.000000,8.000000,0.000000,0.000000,0.000000,94.000000,92.000000,100.000000,100.000000,100.000000,3.0,538.8110,520.3374,3309.8387,3328.3122,PENDING_AG03,FALSE,NOT_FOR_ENFORCEMENT,3617.7307,52330.3879,3848.6497,3617.7307,230.9190,0.06285760,0.05908614,230.9190,3617.7307,0.05908614,230.9190,307.8920,0.0000,0.0000,0.0000,3617.7307,0.05908614,538.8110,520.3374,3309.8387,3328.3122,0.05405753,0.05435925,0.00377146,25.0013,42.1428,2.9134,137.4518,32.8944,2186.7170,47.1786,25.1462,24.5179,8.3181,16.5344,34.0832,49.9085,66.1376,99.817,8.5208,-8.3181,4.0,6.036932,1.512076,26,90,2,6,0.77375363,0.06285760,0.04576238,0E-8,0.000000,0.909234,0.050633,0.07556020,2026-04-14,2026-08-05,28,117,101,114,0.245614,1.025625,1.005798,2.579179,3,0.43537414965986393,0.4217687074829932,0.4217687074829932,0.4217687074829932,0.4217687074829932,0.17475728155339806,n_rounds>=30,148,104,PERCENT_RANK_OVER_ORDER_BY_e_stake,HF9f,OK,L5_INSUFFICIENT,0.05123046,E 常规,79,1,A168_HF9F_20260827_0900,2026-08-27 09:00:00
17655475,128,2026-04-14,2026-06-27,最大可贏,1500.0,1000.0,收紧,61228.0752,55670.6254,3848.6497,2449,1321,-0.06285760,-0.04576238,-0.12132257,-0.06285760,-3848.6497,61228.0752,OK,0.0000,230.9190,6.0000,94.0000,AG03-UNRESOLVED,ALL5_LEVELS_bet23_to_bet27,230.9190,307.8920,0.0000,0.0000,0.0000,6.000000,8.000000,0.000000,0.000000,0.000000,94.000000,92.000000,100.000000,100.000000,100.000000,3.0,538.8110,520.3374,3309.8387,3328.3122,PENDING_AG03,FALSE,NOT_FOR_ENFORCEMENT,3617.7307,52330.3879,3848.6497,3617.7307,230.9190,0.06285760,0.05908614,230.9190,3617.7307,0.05908614,230.9190,307.8920,0.0000,0.0000,0.0000,3617.7307,0.05908614,538.8110,520.3374,3309.8387,3328.3122,0.05405753,0.05435925,0.00377146,25.0013,42.1428,2.9134,137.4518,32.8944,2186.7170,47.1786,25.1462,24.5179,8.3181,16.5344,34.0832,49.9085,66.1376,99.817,8.5208,-8.3181,4.0,6.036932,1.512076,26,90,2,6,0.77375363,0.06285760,0.04576238,0E-8,0.000000,0.909234,0.050633,0.07556020,2026-04-14,2026-08-05,28,117,101,114,0.245614,1.025625,1.005798,2.579179,3,0.43537414965986393,0.4217687074829932,0.4217687074829932,0.4217687074829932,0.4217687074829932,0.17475728155339806,n_rounds>=30,148,104,PERCENT_RANK_OVER_ORDER_BY_e_stake,HF9f,OK,L5_INSUFFICIENT,0.05123046,E 常规,80,1,A168_HF9F_20260827_0900,2026-08-27 09:00:00
17655475,301,2026-04-14,2026-06-27,最大可贏,1500.0,1000.0,收紧,61228.0752,55670.6254,3848.6497,2449,1321,-0.06285760,-0.04576238,-0.12132257,-0.06285760,-3848.6497,61228.0752,OK,0.0000,230.9190,6.0000,94.0000,AG03-UNRESOLVED,ALL5_LEVELS_bet23_to_bet27,230.9190,307.8920,0.0000,0.0000,0.0000,6.000000,8.000000,0.000000,0.000000,0.000000,94.000000,92.000000,100.000000,100.000000,100.000000,3.0,538.8110,520.3374,3309.8387,3328.3122,PENDING_AG03,FALSE,NOT_FOR_ENFORCEMENT,3617.7307,52330.3879,3848.6497,3617.7307,230.9190,0.06285760,0.05908614,230.9190,3617.7307,0.05908614,230.9190,307.8920,0.0000,0.0000,0.0000,3617.7307,0.05908614,538.8110,520.3374,3309.8387,3328.3122,0.05405753,0.05435925,0.00377146,25.0013,42.1428,2.9134,137.4518,32.8944,2186.7170,47.1786,25.1462,24.5179,8.3181,16.5344,34.0832,49.9085,66.1376,99.817,8.5208,-8.3181,4.0,6.036932,1.512076,26,90,2,6,0.77375363,0.06285760,0.04576238,0E-8,0.000000,0.909234,0.050633,0.07556020,2026-04-14,2026-08-05,28,117,101,114,0.245614,1.025625,1.005798,2.579179,3,0.43537414965986393,0.4217687074829932,0.4217687074829932,0.4217687074829932,0.4217687074829932,0.17475728155339806,n_rounds>=30,148,104,PERCENT_RANK_OVER_ORDER_BY_e_stake,HF9f,OK,L5_INSUFFICIENT,0.05123046,E 常规,81,1,A168_HF9F_20260827_0900,2026-08-27 09:00:00
17655475,5008,2026-04-14,2026-06-27,最大可贏,1500.0,1000.0,收紧,61228.0752,55670.6254,3848.6497,2449,1321,-0.06285760,-0.04576238,-0.12132257,-0.06285760,-3848.6497,61228.0752,OK,0.0000,230.9190,6.0000,94.0000,AG03-UNRESOLVED,ALL5_LEVELS_bet23_to_bet27,230.9190,307.8920,0.0000,0.0000,0.0000,6.000000,8.000000,0.000000,0.000000,0.000000,94.000000,92.000000,100.000000,100.000000,100.000000,3.0,538.8110,520.3374,3309.8387,3328.3122,PENDING_AG03,FALSE,NOT_FOR_ENFORCEMENT,3617.7307,52330.3879,3848.6497,3617.7307,230.9190,0.06285760,0.05908614,230.9190,3617.7307,0.05908614,230.9190,307.8920,0.0000,0.0000,0.0000,3617.7307,0.05908614,538.8110,520.3374,3309.8387,3328.3122,0.05405753,0.05435925,0.00377146,25.0013,42.1428,2.9134,137.4518,32.8944,2186.7170,47.1786,25.1462,24.5179,8.3181,16.5344,34.0832,49.9085,66.1376,99.817,8.5208,-8.3181,4.0,6.036932,1.512076,26,90,2,6,0.77375363,0.06285760,0.04576238,0E-8,0.000000,0.909234,0.050633,0.07556020,2026-04-14,2026-08-05,28,117,101,114,0.245614,1.025625,1.005798,2.579179,3,0.43537414965986393,0.4217687074829932,0.4217687074829932,0.4217687074829932,0.4217687074829932,0.17475728155339806,n_rounds>=30,148,104,PERCENT_RANK_OVER_ORDER_BY_e_stake,HF9f,OK,L5_INSUFFICIENT,0.05123046,E 常规,82,1,A168_HF9F_20260827_0900,2026-08-27 09:00:00
17655475,5009,2026-04-14,2026-06-27,最大可贏,1500.0,1000.0,收紧,61228.0752,55670.6254,3848.6497,2449,1321,-0.06285760,-0.04576238,-0.12132257,-0.06285760,-3848.6497,61228.0752,OK,0.0000,230.9190,6.0000,94.0000,AG03-UNRESOLVED,ALL5_LEVELS_bet23_to_bet27,230.9190,307.8920,0.0000,0.0000,0.0000,6.000000,8.000000,0.000000,0.000000,0.000000,94.000000,92.000000,100.000000,100.000000,100.000000,3.0,538.8110,520.3374,3309.8387,3328.3122,PENDING_AG03,FALSE,NOT_FOR_ENFORCEMENT,3617.7307,52330.3879,3848.6497,3617.7307,230.9190,0.06285760,0.05908614,230.9190,3617.7307,0.05908614,230.9190,307.8920,0.0000,0.0000,0.0000,3617.7307,0.05908614,538.8110,520.3374,3309.8387,3328.3122,0.05405753,0.05435925,0.00377146,25.0013,42.1428,2.9134,137.4518,32.8944,2186.7170,47.1786,25.1462,24.5179,8.3181,16.5344,34.0832,49.9085,66.1376,99.817,8.5208,-8.3181,4.0,6.036932,1.512076,26,90,2,6,0.77375363,0.06285760,0.04576238,0E-8,0.000000,0.909234,0.050633,0.07556020,2026-04-14,2026-08-05,28,117,101,114,0.245614,1.025625,1.005798,2.579179,3,0.43537414965986393,0.4217687074829932,0.4217687074829932,0.4217687074829932,0.4217687074829932,0.17475728155339806,n_rounds>=30,148,104,PERCENT_RANK_OVER_ORDER_BY_e_stake,HF9f,OK,L5_INSUFFICIENT,0.05123046,E 常规,83,1,A168_HF9F_20260827_0900,2026-08-27 09:00:00
17655475,5010,2026-04-14,2026-06-27,最大可贏,1500.0,1000.0,收紧,61228.0752,55670.6254,3848.6497,2449,1321,-0.06285760,-0.04576238,-0.12132257,-0.06285760,-3848.6497,61228.0752,OK,0.0000,230.9190,6.0000,94.0000,AG03-UNRESOLVED,ALL5_LEVELS_bet23_to_bet27,230.9190,307.8920,0.0000,0.0000,0.0000,6.000000,8.000000,0.000000,0.000000,0.000000,94.000000,92.000000,100.000000,100.000000,100.000000,3.0,538.8110,520.3374,3309.8387,3328.3122,PENDING_AG03,FALSE,NOT_FOR_ENFORCEMENT,3617.7307,52330.3879,3848.6497,3617.7307,230.9190,0.06285760,0.05908614,230.9190,3617.7307,0.05908614,230.9190,307.8920,0.0000,0.0000,0.0000,3617.7307,0.05908614,538.8110,520.3374,3309.8387,3328.3122,0.05405753,0.05435925,0.00377146,25.0013,42.1428,2.9134,137.4518,32.8944,2186.7170,47.1786,25.1462,24.5179,8.3181,16.5344,34.0832,49.9085,66.1376,99.817,8.5208,-8.3181,4.0,6.036932,1.512076,26,90,2,6,0.77375363,0.06285760,0.04576238,0E-8,0.000000,0.909234,0.050633,0.07556020,2026-04-14,2026-08-05,28,117,101,114,0.245614,1.025625,1.005798,2.579179,3,0.43537414965986393,0.4217687074829932,0.4217687074829932,0.4217687074829932,0.4217687074829932,0.17475728155339806,n_rounds>=30,148,104,PERCENT_RANK_OVER_ORDER_BY_e_stake,HF9f,OK,L5_INSUFFICIENT,0.05123046,E 常规,84,1,A168_HF9F_20260827_0900,2026-08-27 09:00:00
17655475,5011,2026-04-14,2026-06-27,最大可贏,1500.0,1000.0,收紧,61228.0752,55670.6254,3848.6497,2449,1321,-0.06285760,-0.04576238,-0.12132257,-0.06285760,-3848.6497,61228.0752,OK,0.0000,230.9190,6.0000,94.0000,AG03-UNRESOLVED,ALL5_LEVELS_bet23_to_bet27,230.9190,307.8920,0.0000,0.0000,0.0000,6.000000,8.000000,0.000000,0.000000,0.000000,94.000000,92.000000,100.000000,100.000000,100.000000,3.0,538.8110,520.3374,3309.8387,3328.3122,PENDING_AG03,FALSE,NOT_FOR_ENFORCEMENT,3617.7307,52330.3879,3848.6497,3617.7307,230.9190,0.06285760,0.05908614,230.9190,3617.7307,0.05908614,230.9190,307.8920,0.0000,0.0000,0.0000,3617.7307,0.05908614,538.8110,520.3374,3309.8387,3328.3122,0.05405753,0.05435925,0.00377146,25.0013,42.1428,2.9134,137.4518,32.8944,2186.7170,47.1786,25.1462,24.5179,8.3181,16.5344,34.0832,49.9085,66.1376,99.817,8.5208,-8.3181,4.0,6.036932,1.512076,26,90,2,6,0.77375363,0.06285760,0.04576238,0E-8,0.000000,0.909234,0.050633,0.07556020,2026-04-14,2026-08-05,28,117,101,114,0.245614,1.025625,1.005798,2.579179,3,0.43537414965986393,0.4217687074829932,0.4217687074829932,0.4217687074829932,0.4217687074829932,0.17475728155339806,n_rounds>=30,148,104,PERCENT_RANK_OVER_ORDER_BY_e_stake,HF9f,OK,L5_INSUFFICIENT,0.05123046,E 常规,85,1,A168_HF9F_20260827_0900,2026-08-27 09:00:00
17655475,5031,2026-04-14,2026-06-27,最大可贏,1500.0,1000.0,收紧,61228.0752,55670.6254,3848.6497,2449,1321,-0.06285760,-0.04576238,-0.12132257,-0.06285760,-3848.6497,61228.0752,OK,0.0000,230.9190,6.0000,94.0000,AG03-UNRESOLVED,ALL5_LEVELS_bet23_to_bet27,230.9190,307.8920,0.0000,0.0000,0.0000,6.000000,8.000000,0.000000,0.000000,0.000000,94.000000,92.000000,100.000000,100.000000,100.000000,3.0,538.8110,520.3374,3309.8387,3328.3122,PENDING_AG03,FALSE,NOT_FOR_ENFORCEMENT,3617.7307,52330.3879,3848.6497,3617.7307,230.9190,0.06285760,0.05908614,230.9190,3617.7307,0.05908614,230.9190,307.8920,0.0000,0.0000,0.0000,3617.7307,0.05908614,538.8110,520.3374,3309.8387,3328.3122,0.05405753,0.05435925,0.00377146,25.0013,42.1428,2.9134,137.4518,32.8944,2186.7170,47.1786,25.1462,24.5179,8.3181,16.5344,34.0832,49.9085,66.1376,99.817,8.5208,-8.3181,4.0,6.036932,1.512076,26,90,2,6,0.77375363,0.06285760,0.04576238,0E-8,0.000000,0.909234,0.050633,0.07556020,2026-04-14,2026-08-05,28,117,101,114,0.245614,1.025625,1.005798,2.579179,3,0.43537414965986393,0.4217687074829932,0.4217687074829932,0.4217687074829932,0.4217687074829932,0.17475728155339806,n_rounds>=30,148,104,PERCENT_RANK_OVER_ORDER_BY_e_stake,HF9f,OK,L5_INSUFFICIENT,0.05123046,E 常规,86,1,A168_HF9F_20260827_0900,2026-08-27 09:00:00
17657393,101,2026-04-20,2026-06-20,最大可贏,1000.0,800.0,收紧,59029.6858,51608.3247,5983.3327,1256,1242,-0.10136142,-0.12353026,-0.09590616,-0.10136142,-5983.3327,59029.6858,OK,0.0000,359.0000,6.0000,94.0000,AG03-UNRESOLVED,ALL5_LEVELS_bet23_to_bet27,359.0000,478.6666,0.0000,0.0000,0.0000,6.000000,8.000000,0.000000,0.000000,0.000000,94.000000,92.000000,100.000000,100.000000,100.000000,3.0,837.6666,808.9466,5145.6662,5174.3862,PENDING_AG03,FALSE,NOT_FOR_ENFORCEMENT,5624.3328,48511.8252,5983.3327,5624.3328,359.0000,0.10136142,0.09527973,359.0000,5624.3328,0.09527973,359.0000,478.6666,0.0000,0.0000,0.0000,5624.3328,0.09527973,837.6666,808.9466,5145.6662,5174.3862,0.08717082,0.08765736,0.00608169,46.9982,41.5526,4.8175,373.9583,8.5354,3689.3554,77.6250,51.1285,46.0821,8.6133,25.5624,62.3694,110.515,161.8537,255.6237,17.2265,0.0,6.331715,10.0,1.838568,29,151,1,3,0.19748181,0.10136142,0.12353026,0E-8,0.000000,0.874277,0.000000,-0.02762410,2026-03-29,2026-08-06,16,701,314,131,0.122137,1.109508,1.087882,0.658273,2,0.5850340136054422,0.29931972789115646,0.29931972789115646,0.29931972789115646,0.29931972789115646,0.0,n_rounds>=30,148,104,PERCENT_RANK_OVER_ORDER_BY_e_stake,HF9f,OK,L5_INSUFFICIENT,0.05283466,E 常规,87,1,A168_HF9F_20260827_0900,2026-08-27 09:00:00
17657393,102,2026-04-20,2026-06-20,最大可贏,1000.0,800.0,收紧,59029.6858,51608.3247,5983.3327,1256,1242,-0.10136142,-0.12353026,-0.09590616,-0.10136142,-5983.3327,59029.6858,OK,0.0000,359.0000,6.0000,94.0000,AG03-UNRESOLVED,ALL5_LEVELS_bet23_to_bet27,359.0000,478.6666,0.0000,0.0000,0.0000,6.000000,8.000000,0.000000,0.000000,0.000000,94.000000,92.000000,100.000000,100.000000,100.000000,3.0,837.6666,808.9466,5145.6662,5174.3862,PENDING_AG03,FALSE,NOT_FOR_ENFORCEMENT,5624.3328,48511.8252,5983.3327,5624.3328,359.0000,0.10136142,0.09527973,359.0000,5624.3328,0.09527973,359.0000,478.6666,0.0000,0.0000,0.0000,5624.3328,0.09527973,837.6666,808.9466,5145.6662,5174.3862,0.08717082,0.08765736,0.00608169,46.9982,41.5526,4.8175,373.9583,8.5354,3689.3554,77.6250,51.1285,46.0821,8.6133,25.5624,62.3694,110.515,161.8537,255.6237,17.2265,0.0,6.331715,10.0,1.838568,29,151,1,3,0.19748181,0.10136142,0.12353026,0E-8,0.000000,0.874277,0.000000,-0.02762410,2026-03-29,2026-08-06,16,701,314,131,0.122137,1.109508,1.087882,0.658273,2,0.5850340136054422,0.29931972789115646,0.29931972789115646,0.29931972789115646,0.29931972789115646,0.0,n_rounds>=30,148,104,PERCENT_RANK_OVER_ORDER_BY_e_stake,HF9f,OK,L5_INSUFFICIENT,0.05283466,E 常规,88,1,A168_HF9F_20260827_0900,2026-08-27 09:00:00
17657393,103,2026-04-20,2026-06-20,最大可贏,1000.0,800.0,收紧,59029.6858,51608.3247,5983.3327,1256,1242,-0.10136142,-0.12353026,-0.09590616,-0.10136142,-5983.3327,59029.6858,OK,0.0000,359.0000,6.0000,94.0000,AG03-UNRESOLVED,ALL5_LEVELS_bet23_to_bet27,359.0000,478.6666,0.0000,0.0000,0.0000,6.000000,8.000000,0.000000,0.000000,0.000000,94.000000,92.000000,100.000000,100.000000,100.000000,3.0,837.6666,808.9466,5145.6662,5174.3862,PENDING_AG03,FALSE,NOT_FOR_ENFORCEMENT,5624.3328,48511.8252,5983.3327,5624.3328,359.0000,0.10136142,0.09527973,359.0000,5624.3328,0.09527973,359.0000,478.6666,0.0000,0.0000,0.0000,5624.3328,0.09527973,837.6666,808.9466,5145.6662,5174.3862,0.08717082,0.08765736,0.00608169,46.9982,41.5526,4.8175,373.9583,8.5354,3689.3554,77.6250,51.1285,46.0821,8.6133,25.5624,62.3694,110.515,161.8537,255.6237,17.2265,0.0,6.331715,10.0,1.838568,29,151,1,3,0.19748181,0.10136142,0.12353026,0E-8,0.000000,0.874277,0.000000,-0.02762410,2026-03-29,2026-08-06,16,701,314,131,0.122137,1.109508,1.087882,0.658273,3,0.5850340136054422,0.29931972789115646,0.29931972789115646,0.29931972789115646,0.29931972789115646,0.0,n_rounds>=30,148,104,PERCENT_RANK_OVER_ORDER_BY_e_stake,HF9f,OK,L5_INSUFFICIENT,0.05283466,E 常规,89,1,A168_HF9F_20260827_0900,2026-08-27 09:00:00
17657393,104,2026-04-20,2026-06-20,最大可贏,1000.0,800.0,收紧,59029.6858,51608.3247,5983.3327,1256,1242,-0.10136142,-0.12353026,-0.09590616,-0.10136142,-5983.3327,59029.6858,OK,0.0000,359.0000,6.0000,94.0000,AG03-UNRESOLVED,ALL5_LEVELS_bet23_to_bet27,359.0000,478.6666,0.0000,0.0000,0.0000,6.000000,8.000000,0.000000,0.000000,0.000000,94.000000,92.000000,100.000000,100.000000,100.000000,3.0,837.6666,808.9466,5145.6662,5174.3862,PENDING_AG03,FALSE,NOT_FOR_ENFORCEMENT,5624.3328,48511.8252,5983.3327,5624.3328,359.0000,0.10136142,0.09527973,359.0000,5624.3328,0.09527973,359.0000,478.6666,0.0000,0.0000,0.0000,5624.3328,0.09527973,837.6666,808.9466,5145.6662,5174.3862,0.08717082,0.08765736,0.00608169,46.9982,41.5526,4.8175,373.9583,8.5354,3689.3554,77.6250,51.1285,46.0821,8.6133,25.5624,62.3694,110.515,161.8537,255.6237,17.2265,0.0,6.331715,10.0,1.838568,29,151,1,3,0.19748181,0.10136142,0.12353026,0E-8,0.000000,0.874277,0.000000,-0.02762410,2026-03-29,2026-08-06,16,701,314,131,0.122137,1.109508,1.087882,0.658273,2,0.5850340136054422,0.29931972789115646,0.29931972789115646,0.29931972789115646,0.29931972789115646,0.0,n_rounds>=30,148,104,PERCENT_RANK_OVER_ORDER_BY_e_stake,HF9f,OK,L5_INSUFFICIENT,0.05283466,E 常规,90,1,A168_HF9F_20260827_0900,2026-08-27 09:00:00
17657393,105,2026-04-20,2026-06-20,最大可贏,1000.0,800.0,收紧,59029.6858,51608.3247,5983.3327,1256,1242,-0.10136142,-0.12353026,-0.09590616,-0.10136142,-5983.3327,59029.6858,OK,0.0000,359.0000,6.0000,94.0000,AG03-UNRESOLVED,ALL5_LEVELS_bet23_to_bet27,359.0000,478.6666,0.0000,0.0000,0.0000,6.000000,8.000000,0.000000,0.000000,0.000000,94.000000,92.000000,100.000000,100.000000,100.000000,3.0,837.6666,808.9466,5145.6662,5174.3862,PENDING_AG03,FALSE,NOT_FOR_ENFORCEMENT,5624.3328,48511.8252,5983.3327,5624.3328,359.0000,0.10136142,0.09527973,359.0000,5624.3328,0.09527973,359.0000,478.6666,0.0000,0.0000,0.0000,5624.3328,0.09527973,837.6666,808.9466,5145.6662,5174.3862,0.08717082,0.08765736,0.00608169,46.9982,41.5526,4.8175,373.9583,8.5354,3689.3554,77.6250,51.1285,46.0821,8.6133,25.5624,62.3694,110.515,161.8537,255.6237,17.2265,0.0,6.331715,10.0,1.838568,29,151,1,3,0.19748181,0.10136142,0.12353026,0E-8,0.000000,0.874277,0.000000,-0.02762410,2026-03-29,2026-08-06,16,701,314,131,0.122137,1.109508,1.087882,0.658273,2,0.5850340136054422,0.29931972789115646,0.29931972789115646,0.29931972789115646,0.29931972789115646,0.0,n_rounds>=30,148,104,PERCENT_RANK_OVER_ORDER_BY_e_stake,HF9f,OK,L5_INSUFFICIENT,0.05283466,E 常规,91,1,A168_HF9F_20260827_0900,2026-08-27 09:00:00
17657393,106,2026-04-20,2026-06-20,最大可贏,1000.0,800.0,收紧,59029.6858,51608.3247,5983.3327,1256,1242,-0.10136142,-0.12353026,-0.09590616,-0.10136142,-5983.3327,59029.6858,OK,0.0000,359.0000,6.0000,94.0000,AG03-UNRESOLVED,ALL5_LEVELS_bet23_to_bet27,359.0000,478.6666,0.0000,0.0000,0.0000,6.000000,8.000000,0.000000,0.000000,0.000000,94.000000,92.000000,100.000000,100.000000,100.000000,3.0,837.6666,808.9466,5145.6662,5174.3862,PENDING_AG03,FALSE,NOT_FOR_ENFORCEMENT,5624.3328,48511.8252,5983.3327,5624.3328,359.0000,0.10136142,0.09527973,359.0000,5624.3328,0.09527973,359.0000,478.6666,0.0000,0.0000,0.0000,5624.3328,0.09527973,837.6666,808.9466,5145.6662,5174.3862,0.08717082,0.08765736,0.00608169,46.9982,41.5526,4.8175,373.9583,8.5354,3689.3554,77.6250,51.1285,46.0821,8.6133,25.5624,62.3694,110.515,161.8537,255.6237,17.2265,0.0,6.331715,10.0,1.838568,29,151,1,3,0.19748181,0.10136142,0.12353026,0E-8,0.000000,0.874277,0.000000,-0.02762410,2026-03-29,2026-08-06,16,701,314,131,0.122137,1.109508,1.087882,0.658273,2,0.5850340136054422,0.29931972789115646,0.29931972789115646,0.29931972789115646,0.29931972789115646,0.0,n_rounds>=30,148,104,PERCENT_RANK_OVER_ORDER_BY_e_stake,HF9f,OK,L5_INSUFFICIENT,0.05283466,E 常规,92,1,A168_HF9F_20260827_0900,2026-08-27 09:00:00
17657393,107,2026-04-20,2026-06-20,最大可贏,1000.0,800.0,收紧,59029.6858,51608.3247,5983.3327,1256,1242,-0.10136142,-0.12353026,-0.09590616,-0.10136142,-5983.3327,59029.6858,OK,0.0000,359.0000,6.0000,94.0000,AG03-UNRESOLVED,ALL5_LEVELS_bet23_to_bet27,359.0000,478.6666,0.0000,0.0000,0.0000,6.000000,8.000000,0.000000,0.000000,0.000000,94.000000,92.000000,100.000000,100.000000,100.000000,3.0,837.6666,808.9466,5145.6662,5174.3862,PENDING_AG03,FALSE,NOT_FOR_ENFORCEMENT,5624.3328,48511.8252,5983.3327,5624.3328,359.0000,0.10136142,0.09527973,359.0000,5624.3328,0.09527973,359.0000,478.6666,0.0000,0.0000,0.0000,5624.3328,0.09527973,837.6666,808.9466,5145.6662,5174.3862,0.08717082,0.08765736,0.00608169,46.9982,41.5526,4.8175,373.9583,8.5354,3689.3554,77.6250,51.1285,46.0821,8.6133,25.5624,62.3694,110.515,161.8537,255.6237,17.2265,0.0,6.331715,10.0,1.838568,29,151,1,3,0.19748181,0.10136142,0.12353026,0E-8,0.000000,0.874277,0.000000,-0.02762410,2026-03-29,2026-08-06,16,701,314,131,0.122137,1.109508,1.087882,0.658273,2,0.5850340136054422,0.29931972789115646,0.29931972789115646,0.29931972789115646,0.29931972789115646,0.0,n_rounds>=30,148,104,PERCENT_RANK_OVER_ORDER_BY_e_stake,HF9f,OK,L5_INSUFFICIENT,0.05283466,E 常规,93,1,A168_HF9F_20260827_0900,2026-08-27 09:00:00
17657393,108,2026-04-20,2026-06-20,最大可贏,1000.0,800.0,收紧,59029.6858,51608.3247,5983.3327,1256,1242,-0.10136142,-0.12353026,-0.09590616,-0.10136142,-5983.3327,59029.6858,OK,0.0000,359.0000,6.0000,94.0000,AG03-UNRESOLVED,ALL5_LEVELS_bet23_to_bet27,359.0000,478.6666,0.0000,0.0000,0.0000,6.000000,8.000000,0.000000,0.000000,0.000000,94.000000,92.000000,100.000000,100.000000,100.000000,3.0,837.6666,808.9466,5145.6662,5174.3862,PENDING_AG03,FALSE,NOT_FOR_ENFORCEMENT,5624.3328,48511.8252,5983.3327,5624.3328,359.0000,0.10136142,0.09527973,359.0000,5624.3328,0.09527973,359.0000,478.6666,0.0000,0.0000,0.0000,5624.3328,0.09527973,837.6666,808.9466,5145.6662,5174.3862,0.08717082,0.08765736,0.00608169,46.9982,41.5526,4.8175,373.9583,8.5354,3689.3554,77.6250,51.1285,46.0821,8.6133,25.5624,62.3694,110.515,161.8537,255.6237,17.2265,0.0,6.331715,10.0,1.838568,29,151,1,3,0.19748181,0.10136142,0.12353026,0E-8,0.000000,0.874277,0.000000,-0.02762410,2026-03-29,2026-08-06,16,701,314,131,0.122137,1.109508,1.087882,0.658273,2,0.5850340136054422,0.29931972789115646,0.29931972789115646,0.29931972789115646,0.29931972789115646,0.0,n_rounds>=30,148,104,PERCENT_RANK_OVER_ORDER_BY_e_stake,HF9f,OK,L5_INSUFFICIENT,0.05283466,E 常规,94,1,A168_HF9F_20260827_0900,2026-08-27 09:00:00
17657393,109,2026-04-20,2026-06-20,最大可贏,1000.0,800.0,收紧,59029.6858,51608.3247,5983.3327,1256,1242,-0.10136142,-0.12353026,-0.09590616,-0.10136142,-5983.3327,59029.6858,OK,0.0000,359.0000,6.0000,94.0000,AG03-UNRESOLVED,ALL5_LEVELS_bet23_to_bet27,359.0000,478.6666,0.0000,0.0000,0.0000,6.000000,8.000000,0.000000,0.000000,0.000000,94.000000,92.000000,100.000000,100.000000,100.000000,3.0,837.6666,808.9466,5145.6662,5174.3862,PENDING_AG03,FALSE,NOT_FOR_ENFORCEMENT,5624.3328,48511.8252,5983.3327,5624.3328,359.0000,0.10136142,0.09527973,359.0000,5624.3328,0.09527973,359.0000,478.6666,0.0000,0.0000,0.0000,5624.3328,0.09527973,837.6666,808.9466,5145.6662,5174.3862,0.08717082,0.08765736,0.00608169,46.9982,41.5526,4.8175,373.9583,8.5354,3689.3554,77.6250,51.1285,46.0821,8.6133,25.5624,62.3694,110.515,161.8537,255.6237,17.2265,0.0,6.331715,10.0,1.838568,29,151,1,3,0.19748181,0.10136142,0.12353026,0E-8,0.000000,0.874277,0.000000,-0.02762410,2026-03-29,2026-08-06,16,701,314,131,0.122137,1.109508,1.087882,0.658273,2,0.5850340136054422,0.29931972789115646,0.29931972789115646,0.29931972789115646,0.29931972789115646,0.0,n_rounds>=30,148,104,PERCENT_RANK_OVER_ORDER_BY_e_stake,HF9f,OK,L5_INSUFFICIENT,0.05283466,E 常规,95,1,A168_HF9F_20260827_0900,2026-08-27 09:00:00
17657393,110,2026-04-20,2026-06-20,最大可贏,1000.0,800.0,收紧,59029.6858,51608.3247,5983.3327,1256,1242,-0.10136142,-0.12353026,-0.09590616,-0.10136142,-5983.3327,59029.6858,OK,0.0000,359.0000,6.0000,94.0000,AG03-UNRESOLVED,ALL5_LEVELS_bet23_to_bet27,359.0000,478.6666,0.0000,0.0000,0.0000,6.000000,8.000000,0.000000,0.000000,0.000000,94.000000,92.000000,100.000000,100.000000,100.000000,3.0,837.6666,808.9466,5145.6662,5174.3862,PENDING_AG03,FALSE,NOT_FOR_ENFORCEMENT,5624.3328,48511.8252,5983.3327,5624.3328,359.0000,0.10136142,0.09527973,359.0000,5624.3328,0.09527973,359.0000,478.6666,0.0000,0.0000,0.0000,5624.3328,0.09527973,837.6666,808.9466,5145.6662,5174.3862,0.08717082,0.08765736,0.00608169,46.9982,41.5526,4.8175,373.9583,8.5354,3689.3554,77.6250,51.1285,46.0821,8.6133,25.5624,62.3694,110.515,161.8537,255.6237,17.2265,0.0,6.331715,10.0,1.838568,29,151,1,3,0.19748181,0.10136142,0.12353026,0E-8,0.000000,0.874277,0.000000,-0.02762410,2026-03-29,2026-08-06,16,701,314,131,0.122137,1.109508,1.087882,0.658273,2,0.5850340136054422,0.29931972789115646,0.29931972789115646,0.29931972789115646,0.29931972789115646,0.0,n_rounds>=30,148,104,PERCENT_RANK_OVER_ORDER_BY_e_stake,HF9f,OK,L5_INSUFFICIENT,0.05283466,E 常规,96,1,A168_HF9F_20260827_0900,2026-08-27 09:00:00
17657393,111,2026-04-20,2026-06-20,最大可贏,1000.0,800.0,收紧,59029.6858,51608.3247,5983.3327,1256,1242,-0.10136142,-0.12353026,-0.09590616,-0.10136142,-5983.3327,59029.6858,OK,0.0000,359.0000,6.0000,94.0000,AG03-UNRESOLVED,ALL5_LEVELS_bet23_to_bet27,359.0000,478.6666,0.0000,0.0000,0.0000,6.000000,8.000000,0.000000,0.000000,0.000000,94.000000,92.000000,100.000000,100.000000,100.000000,3.0,837.6666,808.9466,5145.6662,5174.3862,PENDING_AG03,FALSE,NOT_FOR_ENFORCEMENT,5624.3328,48511.8252,5983.3327,5624.3328,359.0000,0.10136142,0.09527973,359.0000,5624.3328,0.09527973,359.0000,478.6666,0.0000,0.0000,0.0000,5624.3328,0.09527973,837.6666,808.9466,5145.6662,5174.3862,0.08717082,0.08765736,0.00608169,46.9982,41.5526,4.8175,373.9583,8.5354,3689.3554,77.6250,51.1285,46.0821,8.6133,25.5624,62.3694,110.515,161.8537,255.6237,17.2265,0.0,6.331715,10.0,1.838568,29,151,1,3,0.19748181,0.10136142,0.12353026,0E-8,0.000000,0.874277,0.000000,-0.02762410,2026-03-29,2026-08-06,16,701,314,131,0.122137,1.109508,1.087882,0.658273,2,0.5850340136054422,0.29931972789115646,0.29931972789115646,0.29931972789115646,0.29931972789115646,0.0,n_rounds>=30,148,104,PERCENT_RANK_OVER_ORDER_BY_e_stake,HF9f,OK,L5_INSUFFICIENT,0.05283466,E 常规,97,1,A168_HF9F_20260827_0900,2026-08-27 09:00:00
17657393,112,2026-04-20,2026-06-20,最大可贏,1000.0,800.0,收紧,59029.6858,51608.3247,5983.3327,1256,1242,-0.10136142,-0.12353026,-0.09590616,-0.10136142,-5983.3327,59029.6858,OK,0.0000,359.0000,6.0000,94.0000,AG03-UNRESOLVED,ALL5_LEVELS_bet23_to_bet27,359.0000,478.6666,0.0000,0.0000,0.0000,6.000000,8.000000,0.000000,0.000000,0.000000,94.000000,92.000000,100.000000,100.000000,100.000000,3.0,837.6666,808.9466,5145.6662,5174.3862,PENDING_AG03,FALSE,NOT_FOR_ENFORCEMENT,5624.3328,48511.8252,5983.3327,5624.3328,359.0000,0.10136142,0.09527973,359.0000,5624.3328,0.09527973,359.0000,478.6666,0.0000,0.0000,0.0000,5624.3328,0.09527973,837.6666,808.9466,5145.6662,5174.3862,0.08717082,0.08765736,0.00608169,46.9982,41.5526,4.8175,373.9583,8.5354,3689.3554,77.6250,51.1285,46.0821,8.6133,25.5624,62.3694,110.515,161.8537,255.6237,17.2265,0.0,6.331715,10.0,1.838568,29,151,1,3,0.19748181,0.10136142,0.12353026,0E-8,0.000000,0.874277,0.000000,-0.02762410,2026-03-29,2026-08-06,16,701,314,131,0.122137,1.109508,1.087882,0.658273,2,0.5850340136054422,0.29931972789115646,0.29931972789115646,0.29931972789115646,0.29931972789115646,0.0,n_rounds>=30,148,104,PERCENT_RANK_OVER_ORDER_BY_e_stake,HF9f,OK,L5_INSUFFICIENT,0.05283466,E 常规,98,1,A168_HF9F_20260827_0900,2026-08-27 09:00:00
17657393,113,2026-04-20,2026-06-20,最大可贏,1000.0,800.0,收紧,59029.6858,51608.3247,5983.3327,1256,1242,-0.10136142,-0.12353026,-0.09590616,-0.10136142,-5983.3327,59029.6858,OK,0.0000,359.0000,6.0000,94.0000,AG03-UNRESOLVED,ALL5_LEVELS_bet23_to_bet27,359.0000,478.6666,0.0000,0.0000,0.0000,6.000000,8.000000,0.000000,0.000000,0.000000,94.000000,92.000000,100.000000,100.000000,100.000000,3.0,837.6666,808.9466,5145.6662,5174.3862,PENDING_AG03,FALSE,NOT_FOR_ENFORCEMENT,5624.3328,48511.8252,5983.3327,5624.3328,359.0000,0.10136142,0.09527973,359.0000,5624.3328,0.09527973,359.0000,478.6666,0.0000,0.0000,0.0000,5624.3328,0.09527973,837.6666,808.9466,5145.6662,5174.3862,0.08717082,0.08765736,0.00608169,46.9982,41.5526,4.8175,373.9583,8.5354,3689.3554,77.6250,51.1285,46.0821,8.6133,25.5624,62.3694,110.515,161.8537,255.6237,17.2265,0.0,6.331715,10.0,1.838568,29,151,1,3,0.19748181,0.10136142,0.12353026,0E-8,0.000000,0.874277,0.000000,-0.02762410,2026-03-29,2026-08-06,16,701,314,131,0.122137,1.109508,1.087882,0.658273,2,0.5850340136054422,0.29931972789115646,0.29931972789115646,0.29931972789115646,0.29931972789115646,0.0,n_rounds>=30,148,104,PERCENT_RANK_OVER_ORDER_BY_e_stake,HF9f,OK,L5_INSUFFICIENT,0.05283466,E 常规,99,1,A168_HF9F_20260827_0900,2026-08-27 09:00:00
17657393,117,2026-04-20,2026-06-20,最大可贏,1000.0,800.0,收紧,59029.6858,51608.3247,5983.3327,1256,1242,-0.10136142,-0.12353026,-0.09590616,-0.10136142,-5983.3327,59029.6858,OK,0.0000,359.0000,6.0000,94.0000,AG03-UNRESOLVED,ALL5_LEVELS_bet23_to_bet27,359.0000,478.6666,0.0000,0.0000,0.0000,6.000000,8.000000,0.000000,0.000000,0.000000,94.000000,92.000000,100.000000,100.000000,100.000000,3.0,837.6666,808.9466,5145.6662,5174.3862,PENDING_AG03,FALSE,NOT_FOR_ENFORCEMENT,5624.3328,48511.8252,5983.3327,5624.3328,359.0000,0.10136142,0.09527973,359.0000,5624.3328,0.09527973,359.0000,478.6666,0.0000,0.0000,0.0000,5624.3328,0.09527973,837.6666,808.9466,5145.6662,5174.3862,0.08717082,0.08765736,0.00608169,46.9982,41.5526,4.8175,373.9583,8.5354,3689.3554,77.6250,51.1285,46.0821,8.6133,25.5624,62.3694,110.515,161.8537,255.6237,17.2265,0.0,6.331715,10.0,1.838568,29,151,1,3,0.19748181,0.10136142,0.12353026,0E-8,0.000000,0.874277,0.000000,-0.02762410,2026-03-29,2026-08-06,16,701,314,131,0.122137,1.109508,1.087882,0.658273,3,0.5850340136054422,0.29931972789115646,0.29931972789115646,0.29931972789115646,0.29931972789115646,0.0,n_rounds>=30,148,104,PERCENT_RANK_OVER_ORDER_BY_e_stake,HF9f,OK,L5_INSUFFICIENT,0.05283466,E 常规,100,1,A168_HF9F_20260827_0900,2026-08-27 09:00:00
17657393,121,2026-04-20,2026-06-20,最大可贏,1000.0,800.0,收紧,59029.6858,51608.3247,5983.3327,1256,1242,-0.10136142,-0.12353026,-0.09590616,-0.10136142,-5983.3327,59029.6858,OK,0.0000,359.0000,6.0000,94.0000,AG03-UNRESOLVED,ALL5_LEVELS_bet23_to_bet27,359.0000,478.6666,0.0000,0.0000,0.0000,6.000000,8.000000,0.000000,0.000000,0.000000,94.000000,92.000000,100.000000,100.000000,100.000000,3.0,837.6666,808.9466,5145.6662,5174.3862,PENDING_AG03,FALSE,NOT_FOR_ENFORCEMENT,5624.3328,48511.8252,5983.3327,5624.3328,359.0000,0.10136142,0.09527973,359.0000,5624.3328,0.09527973,359.0000,478.6666,0.0000,0.0000,0.0000,5624.3328,0.09527973,837.6666,808.9466,5145.6662,5174.3862,0.08717082,0.08765736,0.00608169,46.9982,41.5526,4.8175,373.9583,8.5354,3689.3554,77.6250,51.1285,46.0821,8.6133,25.5624,62.3694,110.515,161.8537,255.6237,17.2265,0.0,6.331715,10.0,1.838568,29,151,1,3,0.19748181,0.10136142,0.12353026,0E-8,0.000000,0.874277,0.000000,-0.02762410,2026-03-29,2026-08-06,16,701,314,131,0.122137,1.109508,1.087882,0.658273,2,0.5850340136054422,0.29931972789115646,0.29931972789115646,0.29931972789115646,0.29931972789115646,0.0,n_rounds>=30,148,104,PERCENT_RANK_OVER_ORDER_BY_e_stake,HF9f,OK,L5_INSUFFICIENT,0.05283466,E 常规,101,1,A168_HF9F_20260827_0900,2026-08-27 09:00:00
17657393,128,2026-04-20,2026-06-20,最大可贏,1000.0,800.0,收紧,59029.6858,51608.3247,5983.3327,1256,1242,-0.10136142,-0.12353026,-0.09590616,-0.10136142,-5983.3327,59029.6858,OK,0.0000,359.0000,6.0000,94.0000,AG03-UNRESOLVED,ALL5_LEVELS_bet23_to_bet27,359.0000,478.6666,0.0000,0.0000,0.0000,6.000000,8.000000,0.000000,0.000000,0.000000,94.000000,92.000000,100.000000,100.000000,100.000000,3.0,837.6666,808.9466,5145.6662,5174.3862,PENDING_AG03,FALSE,NOT_FOR_ENFORCEMENT,5624.3328,48511.8252,5983.3327,5624.3328,359.0000,0.10136142,0.09527973,359.0000,5624.3328,0.09527973,359.0000,478.6666,0.0000,0.0000,0.0000,5624.3328,0.09527973,837.6666,808.9466,5145.6662,5174.3862,0.08717082,0.08765736,0.00608169,46.9982,41.5526,4.8175,373.9583,8.5354,3689.3554,77.6250,51.1285,46.0821,8.6133,25.5624,62.3694,110.515,161.8537,255.6237,17.2265,0.0,6.331715,10.0,1.838568,29,151,1,3,0.19748181,0.10136142,0.12353026,0E-8,0.000000,0.874277,0.000000,-0.02762410,2026-03-29,2026-08-06,16,701,314,131,0.122137,1.109508,1.087882,0.658273,2,0.5850340136054422,0.29931972789115646,0.29931972789115646,0.29931972789115646,0.29931972789115646,0.0,n_rounds>=30,148,104,PERCENT_RANK_OVER_ORDER_BY_e_stake,HF9f,OK,L5_INSUFFICIENT,0.05283466,E 常规,102,1,A168_HF9F_20260827_0900,2026-08-27 09:00:00
17657393,301,2026-04-20,2026-06-20,最大可贏,1000.0,800.0,收紧,59029.6858,51608.3247,5983.3327,1256,1242,-0.10136142,-0.12353026,-0.09590616,-0.10136142,-5983.3327,59029.6858,OK,0.0000,359.0000,6.0000,94.0000,AG03-UNRESOLVED,ALL5_LEVELS_bet23_to_bet27,359.0000,478.6666,0.0000,0.0000,0.0000,6.000000,8.000000,0.000000,0.000000,0.000000,94.000000,92.000000,100.000000,100.000000,100.000000,3.0,837.6666,808.9466,5145.6662,5174.3862,PENDING_AG03,FALSE,NOT_FOR_ENFORCEMENT,5624.3328,48511.8252,5983.3327,5624.3328,359.0000,0.10136142,0.09527973,359.0000,5624.3328,0.09527973,359.0000,478.6666,0.0000,0.0000,0.0000,5624.3328,0.09527973,837.6666,808.9466,5145.6662,5174.3862,0.08717082,0.08765736,0.00608169,46.9982,41.5526,4.8175,373.9583,8.5354,3689.3554,77.6250,51.1285,46.0821,8.6133,25.5624,62.3694,110.515,161.8537,255.6237,17.2265,0.0,6.331715,10.0,1.838568,29,151,1,3,0.19748181,0.10136142,0.12353026,0E-8,0.000000,0.874277,0.000000,-0.02762410,2026-03-29,2026-08-06,16,701,314,131,0.122137,1.109508,1.087882,0.658273,2,0.5850340136054422,0.29931972789115646,0.29931972789115646,0.29931972789115646,0.29931972789115646,0.0,n_rounds>=30,148,104,PERCENT_RANK_OVER_ORDER_BY_e_stake,HF9f,OK,L5_INSUFFICIENT,0.05283466,E 常规,103,1,A168_HF9F_20260827_0900,2026-08-27 09:00:00
17657393,5031,2026-04-20,2026-06-20,最大可贏,1000.0,800.0,收紧,59029.6858,51608.3247,5983.3327,1256,1242,-0.10136142,-0.12353026,-0.09590616,-0.10136142,-5983.3327,59029.6858,OK,0.0000,359.0000,6.0000,94.0000,AG03-UNRESOLVED,ALL5_LEVELS_bet23_to_bet27,359.0000,478.6666,0.0000,0.0000,0.0000,6.000000,8.000000,0.000000,0.000000,0.000000,94.000000,92.000000,100.000000,100.000000,100.000000,3.0,837.6666,808.9466,5145.6662,5174.3862,PENDING_AG03,FALSE,NOT_FOR_ENFORCEMENT,5624.3328,48511.8252,5983.3327,5624.3328,359.0000,0.10136142,0.09527973,359.0000,5624.3328,0.09527973,359.0000,478.6666,0.0000,0.0000,0.0000,5624.3328,0.09527973,837.6666,808.9466,5145.6662,5174.3862,0.08717082,0.08765736,0.00608169,46.9982,41.5526,4.8175,373.9583,8.5354,3689.3554,77.6250,51.1285,46.0821,8.6133,25.5624,62.3694,110.515,161.8537,255.6237,17.2265,0.0,6.331715,10.0,1.838568,29,151,1,3,0.19748181,0.10136142,0.12353026,0E-8,0.000000,0.874277,0.000000,-0.02762410,2026-03-29,2026-08-06,16,701,314,131,0.122137,1.109508,1.087882,0.658273,2,0.5850340136054422,0.29931972789115646,0.29931972789115646,0.29931972789115646,0.29931972789115646,0.0,n_rounds>=30,148,104,PERCENT_RANK_OVER_ORDER_BY_e_stake,HF9f,OK,L5_INSUFFICIENT,0.05283466,E 常规,104,1,A168_HF9F_20260827_0900,2026-08-27 09:00:00
25915691,101,2026-05-18,2026-07-13,最大可贏,600000.0,400000.0,收紧,5641668.5376,5149354.2591,16348.1256,6883,6322,-0.00289775,0.11683134,-0.01180217,-0.00289775,-16348.1256,5641668.5376,OK,0.0000,980.8875,6.0000,94.0000,AG03-UNRESOLVED,ALL5_LEVELS_bet23_to_bet27,980.8875,980.8875,1634.8126,0.0000,0.0000,6.000000,6.000000,10.000000,0.000000,0.000000,94.000000,94.000000,90.000000,100.000000,100.000000,3.0,3596.5876,3347.4422,12751.5379,13000.6834,PENDING_AG03,FALSE,NOT_FOR_ENFORCEMENT,15367.2380,4840393.0036,16348.1256,15367.2380,980.8875,0.00289775,0.00272388,980.8875,15367.2380,0.00272388,980.8875,980.8875,1634.8126,0.0000,0.0000,15367.2380,0.00272388,3596.5876,3347.4422,12751.5379,13000.6834,0.00226024,0.0023044,0.00017386,819.6526,814.5135,2.5859,125.7548,6.4363,43397.4503,48.6308,403.4444,887.7657,18.4243,87.2905,439.7151,1910.22,4364.5249,13187.958,61.5601,0.0,49.999996,151.081244,9.389939,30,215,2,8,0.06922318,0.00289775,-0.11683134,0E-8,0.000000,0.912736,0.000436,0.12863351,2026-03-22,2026-08-06,130,2540,1818,138,0.942029,0.454449,0.492214,0.230744,4,0.7074829931972789,0.7210884353741497,0.7210884353741497,0.5714285714285714,0.5714285714285714,0.3883495145631068,n_rounds>=30,148,104,PERCENT_RANK_OVER_ORDER_BY_e_stake,HF9f,OK,L4_CI_3P0,0.02341814,E 常规,105,1,A168_HF9F_20260827_0900,2026-08-27 09:00:00
25915691,102,2026-05-18,2026-07-13,最大可贏,600000.0,400000.0,收紧,5641668.5376,5149354.2591,16348.1256,6883,6322,-0.00289775,0.11683134,-0.01180217,-0.00289775,-16348.1256,5641668.5376,OK,0.0000,980.8875,6.0000,94.0000,AG03-UNRESOLVED,ALL5_LEVELS_bet23_to_bet27,980.8875,980.8875,1634.8126,0.0000,0.0000,6.000000,6.000000,10.000000,0.000000,0.000000,94.000000,94.000000,90.000000,100.000000,100.000000,3.0,3596.5876,3347.4422,12751.5379,13000.6834,PENDING_AG03,FALSE,NOT_FOR_ENFORCEMENT,15367.2380,4840393.0036,16348.1256,15367.2380,980.8875,0.00289775,0.00272388,980.8875,15367.2380,0.00272388,980.8875,980.8875,1634.8126,0.0000,0.0000,15367.2380,0.00272388,3596.5876,3347.4422,12751.5379,13000.6834,0.00226024,0.0023044,0.00017386,819.6526,814.5135,2.5859,125.7548,6.4363,43397.4503,48.6308,403.4444,887.7657,18.4243,87.2905,439.7151,1910.22,4364.5249,13187.958,61.5601,0.0,49.999996,151.081244,9.389939,30,215,2,8,0.06922318,0.00289775,-0.11683134,0E-8,0.000000,0.912736,0.000436,0.12863351,2026-03-22,2026-08-06,130,2540,1818,138,0.942029,0.454449,0.492214,0.230744,4,0.7074829931972789,0.7210884353741497,0.7210884353741497,0.5714285714285714,0.5714285714285714,0.3883495145631068,n_rounds>=30,148,104,PERCENT_RANK_OVER_ORDER_BY_e_stake,HF9f,OK,L4_CI_3P0,0.02341814,E 常规,106,1,A168_HF9F_20260827_0900,2026-08-27 09:00:00
25915691,103,2026-05-18,2026-07-13,最大可贏,600000.0,400000.0,收紧,5641668.5376,5149354.2591,16348.1256,6883,6322,-0.00289775,0.11683134,-0.01180217,-0.00289775,-16348.1256,5641668.5376,OK,0.0000,980.8875,6.0000,94.0000,AG03-UNRESOLVED,ALL5_LEVELS_bet23_to_bet27,980.8875,980.8875,1634.8126,0.0000,0.0000,6.000000,6.000000,10.000000,0.000000,0.000000,94.000000,94.000000,90.000000,100.000000,100.000000,3.0,3596.5876,3347.4422,12751.5379,13000.6834,PENDING_AG03,FALSE,NOT_FOR_ENFORCEMENT,15367.2380,4840393.0036,16348.1256,15367.2380,980.8875,0.00289775,0.00272388,980.8875,15367.2380,0.00272388,980.8875,980.8875,1634.8126,0.0000,0.0000,15367.2380,0.00272388,3596.5876,3347.4422,12751.5379,13000.6834,0.00226024,0.0023044,0.00017386,819.6526,814.5135,2.5859,125.7548,6.4363,43397.4503,48.6308,403.4444,887.7657,18.4243,87.2905,439.7151,1910.22,4364.5249,13187.958,61.5601,0.0,49.999996,151.081244,9.389939,30,215,2,8,0.06922318,0.00289775,-0.11683134,0E-8,0.000000,0.912736,0.000436,0.12863351,2026-03-22,2026-08-06,130,2540,1818,138,0.942029,0.454449,0.492214,0.230744,3,0.7074829931972789,0.7210884353741497,0.7210884353741497,0.5714285714285714,0.5714285714285714,0.3883495145631068,n_rounds>=30,148,104,PERCENT_RANK_OVER_ORDER_BY_e_stake,HF9f,OK,L4_CI_3P0,0.02341814,E 常规,107,1,A168_HF9F_20260827_0900,2026-08-27 09:00:00
25915691,104,2026-05-18,2026-07-13,最大可贏,600000.0,400000.0,收紧,5641668.5376,5149354.2591,16348.1256,6883,6322,-0.00289775,0.11683134,-0.01180217,-0.00289775,-16348.1256,5641668.5376,OK,0.0000,980.8875,6.0000,94.0000,AG03-UNRESOLVED,ALL5_LEVELS_bet23_to_bet27,980.8875,980.8875,1634.8126,0.0000,0.0000,6.000000,6.000000,10.000000,0.000000,0.000000,94.000000,94.000000,90.000000,100.000000,100.000000,3.0,3596.5876,3347.4422,12751.5379,13000.6834,PENDING_AG03,FALSE,NOT_FOR_ENFORCEMENT,15367.2380,4840393.0036,16348.1256,15367.2380,980.8875,0.00289775,0.00272388,980.8875,15367.2380,0.00272388,980.8875,980.8875,1634.8126,0.0000,0.0000,15367.2380,0.00272388,3596.5876,3347.4422,12751.5379,13000.6834,0.00226024,0.0023044,0.00017386,819.6526,814.5135,2.5859,125.7548,6.4363,43397.4503,48.6308,403.4444,887.7657,18.4243,87.2905,439.7151,1910.22,4364.5249,13187.958,61.5601,0.0,49.999996,151.081244,9.389939,30,215,2,8,0.06922318,0.00289775,-0.11683134,0E-8,0.000000,0.912736,0.000436,0.12863351,2026-03-22,2026-08-06,130,2540,1818,138,0.942029,0.454449,0.492214,0.230744,4,0.7074829931972789,0.7210884353741497,0.7210884353741497,0.5714285714285714,0.5714285714285714,0.3883495145631068,n_rounds>=30,148,104,PERCENT_RANK_OVER_ORDER_BY_e_stake,HF9f,OK,L4_CI_3P0,0.02341814,E 常规,108,1,A168_HF9F_20260827_0900,2026-08-27 09:00:00
25915691,105,2026-05-18,2026-07-13,最大可贏,600000.0,400000.0,收紧,5641668.5376,5149354.2591,16348.1256,6883,6322,-0.00289775,0.11683134,-0.01180217,-0.00289775,-16348.1256,5641668.5376,OK,0.0000,980.8875,6.0000,94.0000,AG03-UNRESOLVED,ALL5_LEVELS_bet23_to_bet27,980.8875,980.8875,1634.8126,0.0000,0.0000,6.000000,6.000000,10.000000,0.000000,0.000000,94.000000,94.000000,90.000000,100.000000,100.000000,3.0,3596.5876,3347.4422,12751.5379,13000.6834,PENDING_AG03,FALSE,NOT_FOR_ENFORCEMENT,15367.2380,4840393.0036,16348.1256,15367.2380,980.8875,0.00289775,0.00272388,980.8875,15367.2380,0.00272388,980.8875,980.8875,1634.8126,0.0000,0.0000,15367.2380,0.00272388,3596.5876,3347.4422,12751.5379,13000.6834,0.00226024,0.0023044,0.00017386,819.6526,814.5135,2.5859,125.7548,6.4363,43397.4503,48.6308,403.4444,887.7657,18.4243,87.2905,439.7151,1910.22,4364.5249,13187.958,61.5601,0.0,49.999996,151.081244,9.389939,30,215,2,8,0.06922318,0.00289775,-0.11683134,0E-8,0.000000,0.912736,0.000436,0.12863351,2026-03-22,2026-08-06,130,2540,1818,138,0.942029,0.454449,0.492214,0.230744,4,0.7074829931972789,0.7210884353741497,0.7210884353741497,0.5714285714285714,0.5714285714285714,0.3883495145631068,n_rounds>=30,148,104,PERCENT_RANK_OVER_ORDER_BY_e_stake,HF9f,OK,L4_CI_3P0,0.02341814,E 常规,109,1,A168_HF9F_20260827_0900,2026-08-27 09:00:00
25915691,106,2026-05-18,2026-07-13,最大可贏,600000.0,400000.0,收紧,5641668.5376,5149354.2591,16348.1256,6883,6322,-0.00289775,0.11683134,-0.01180217,-0.00289775,-16348.1256,5641668.5376,OK,0.0000,980.8875,6.0000,94.0000,AG03-UNRESOLVED,ALL5_LEVELS_bet23_to_bet27,980.8875,980.8875,1634.8126,0.0000,0.0000,6.000000,6.000000,10.000000,0.000000,0.000000,94.000000,94.000000,90.000000,100.000000,100.000000,3.0,3596.5876,3347.4422,12751.5379,13000.6834,PENDING_AG03,FALSE,NOT_FOR_ENFORCEMENT,15367.2380,4840393.0036,16348.1256,15367.2380,980.8875,0.00289775,0.00272388,980.8875,15367.2380,0.00272388,980.8875,980.8875,1634.8126,0.0000,0.0000,15367.2380,0.00272388,3596.5876,3347.4422,12751.5379,13000.6834,0.00226024,0.0023044,0.00017386,819.6526,814.5135,2.5859,125.7548,6.4363,43397.4503,48.6308,403.4444,887.7657,18.4243,87.2905,439.7151,1910.22,4364.5249,13187.958,61.5601,0.0,49.999996,151.081244,9.389939,30,215,2,8,0.06922318,0.00289775,-0.11683134,0E-8,0.000000,0.912736,0.000436,0.12863351,2026-03-22,2026-08-06,130,2540,1818,138,0.942029,0.454449,0.492214,0.230744,4,0.7074829931972789,0.7210884353741497,0.7210884353741497,0.5714285714285714,0.5714285714285714,0.3883495145631068,n_rounds>=30,148,104,PERCENT_RANK_OVER_ORDER_BY_e_stake,HF9f,OK,L4_CI_3P0,0.02341814,E 常规,110,1,A168_HF9F_20260827_0900,2026-08-27 09:00:00
25915691,107,2026-05-18,2026-07-13,最大可贏,600000.0,400000.0,收紧,5641668.5376,5149354.2591,16348.1256,6883,6322,-0.00289775,0.11683134,-0.01180217,-0.00289775,-16348.1256,5641668.5376,OK,0.0000,980.8875,6.0000,94.0000,AG03-UNRESOLVED,ALL5_LEVELS_bet23_to_bet27,980.8875,980.8875,1634.8126,0.0000,0.0000,6.000000,6.000000,10.000000,0.000000,0.000000,94.000000,94.000000,90.000000,100.000000,100.000000,3.0,3596.5876,3347.4422,12751.5379,13000.6834,PENDING_AG03,FALSE,NOT_FOR_ENFORCEMENT,15367.2380,4840393.0036,16348.1256,15367.2380,980.8875,0.00289775,0.00272388,980.8875,15367.2380,0.00272388,980.8875,980.8875,1634.8126,0.0000,0.0000,15367.2380,0.00272388,3596.5876,3347.4422,12751.5379,13000.6834,0.00226024,0.0023044,0.00017386,819.6526,814.5135,2.5859,125.7548,6.4363,43397.4503,48.6308,403.4444,887.7657,18.4243,87.2905,439.7151,1910.22,4364.5249,13187.958,61.5601,0.0,49.999996,151.081244,9.389939,30,215,2,8,0.06922318,0.00289775,-0.11683134,0E-8,0.000000,0.912736,0.000436,0.12863351,2026-03-22,2026-08-06,130,2540,1818,138,0.942029,0.454449,0.492214,0.230744,3,0.7074829931972789,0.7210884353741497,0.7210884353741497,0.5714285714285714,0.5714285714285714,0.3883495145631068,n_rounds>=30,148,104,PERCENT_RANK_OVER_ORDER_BY_e_stake,HF9f,OK,L4_CI_3P0,0.02341814,E 常规,111,1,A168_HF9F_20260827_0900,2026-08-27 09:00:00
25915691,108,2026-05-18,2026-07-13,最大可贏,600000.0,400000.0,收紧,5641668.5376,5149354.2591,16348.1256,6883,6322,-0.00289775,0.11683134,-0.01180217,-0.00289775,-16348.1256,5641668.5376,OK,0.0000,980.8875,6.0000,94.0000,AG03-UNRESOLVED,ALL5_LEVELS_bet23_to_bet27,980.8875,980.8875,1634.8126,0.0000,0.0000,6.000000,6.000000,10.000000,0.000000,0.000000,94.000000,94.000000,90.000000,100.000000,100.000000,3.0,3596.5876,3347.4422,12751.5379,13000.6834,PENDING_AG03,FALSE,NOT_FOR_ENFORCEMENT,15367.2380,4840393.0036,16348.1256,15367.2380,980.8875,0.00289775,0.00272388,980.8875,15367.2380,0.00272388,980.8875,980.8875,1634.8126,0.0000,0.0000,15367.2380,0.00272388,3596.5876,3347.4422,12751.5379,13000.6834,0.00226024,0.0023044,0.00017386,819.6526,814.5135,2.5859,125.7548,6.4363,43397.4503,48.6308,403.4444,887.7657,18.4243,87.2905,439.7151,1910.22,4364.5249,13187.958,61.5601,0.0,49.999996,151.081244,9.389939,30,215,2,8,0.06922318,0.00289775,-0.11683134,0E-8,0.000000,0.912736,0.000436,0.12863351,2026-03-22,2026-08-06,130,2540,1818,138,0.942029,0.454449,0.492214,0.230744,4,0.7074829931972789,0.7210884353741497,0.7210884353741497,0.5714285714285714,0.5714285714285714,0.3883495145631068,n_rounds>=30,148,104,PERCENT_RANK_OVER_ORDER_BY_e_stake,HF9f,OK,L4_CI_3P0,0.02341814,E 常规,112,1,A168_HF9F_20260827_0900,2026-08-27 09:00:00
25915691,109,2026-05-18,2026-07-13,最大可贏,600000.0,400000.0,收紧,5641668.5376,5149354.2591,16348.1256,6883,6322,-0.00289775,0.11683134,-0.01180217,-0.00289775,-16348.1256,5641668.5376,OK,0.0000,980.8875,6.0000,94.0000,AG03-UNRESOLVED,ALL5_LEVELS_bet23_to_bet27,980.8875,980.8875,1634.8126,0.0000,0.0000,6.000000,6.000000,10.000000,0.000000,0.000000,94.000000,94.000000,90.000000,100.000000,100.000000,3.0,3596.5876,3347.4422,12751.5379,13000.6834,PENDING_AG03,FALSE,NOT_FOR_ENFORCEMENT,15367.2380,4840393.0036,16348.1256,15367.2380,980.8875,0.00289775,0.00272388,980.8875,15367.2380,0.00272388,980.8875,980.8875,1634.8126,0.0000,0.0000,15367.2380,0.00272388,3596.5876,3347.4422,12751.5379,13000.6834,0.00226024,0.0023044,0.00017386,819.6526,814.5135,2.5859,125.7548,6.4363,43397.4503,48.6308,403.4444,887.7657,18.4243,87.2905,439.7151,1910.22,4364.5249,13187.958,61.5601,0.0,49.999996,151.081244,9.389939,30,215,2,8,0.06922318,0.00289775,-0.11683134,0E-8,0.000000,0.912736,0.000436,0.12863351,2026-03-22,2026-08-06,130,2540,1818,138,0.942029,0.454449,0.492214,0.230744,4,0.7074829931972789,0.7210884353741497,0.7210884353741497,0.5714285714285714,0.5714285714285714,0.3883495145631068,n_rounds>=30,148,104,PERCENT_RANK_OVER_ORDER_BY_e_stake,HF9f,OK,L4_CI_3P0,0.02341814,E 常规,113,1,A168_HF9F_20260827_0900,2026-08-27 09:00:00
25915691,110,2026-05-18,2026-07-13,最大可贏,600000.0,400000.0,收紧,5641668.5376,5149354.2591,16348.1256,6883,6322,-0.00289775,0.11683134,-0.01180217,-0.00289775,-16348.1256,5641668.5376,OK,0.0000,980.8875,6.0000,94.0000,AG03-UNRESOLVED,ALL5_LEVELS_bet23_to_bet27,980.8875,980.8875,1634.8126,0.0000,0.0000,6.000000,6.000000,10.000000,0.000000,0.000000,94.000000,94.000000,90.000000,100.000000,100.000000,3.0,3596.5876,3347.4422,12751.5379,13000.6834,PENDING_AG03,FALSE,NOT_FOR_ENFORCEMENT,15367.2380,4840393.0036,16348.1256,15367.2380,980.8875,0.00289775,0.00272388,980.8875,15367.2380,0.00272388,980.8875,980.8875,1634.8126,0.0000,0.0000,15367.2380,0.00272388,3596.5876,3347.4422,12751.5379,13000.6834,0.00226024,0.0023044,0.00017386,819.6526,814.5135,2.5859,125.7548,6.4363,43397.4503,48.6308,403.4444,887.7657,18.4243,87.2905,439.7151,1910.22,4364.5249,13187.958,61.5601,0.0,49.999996,151.081244,9.389939,30,215,2,8,0.06922318,0.00289775,-0.11683134,0E-8,0.000000,0.912736,0.000436,0.12863351,2026-03-22,2026-08-06,130,2540,1818,138,0.942029,0.454449,0.492214,0.230744,4,0.7074829931972789,0.7210884353741497,0.7210884353741497,0.5714285714285714,0.5714285714285714,0.3883495145631068,n_rounds>=30,148,104,PERCENT_RANK_OVER_ORDER_BY_e_stake,HF9f,OK,L4_CI_3P0,0.02341814,E 常规,114,1,A168_HF9F_20260827_0900,2026-08-27 09:00:00
25915691,111,2026-05-18,2026-07-13,最大可贏,600000.0,400000.0,收紧,5641668.5376,5149354.2591,16348.1256,6883,6322,-0.00289775,0.11683134,-0.01180217,-0.00289775,-16348.1256,5641668.5376,OK,0.0000,980.8875,6.0000,94.0000,AG03-UNRESOLVED,ALL5_LEVELS_bet23_to_bet27,980.8875,980.8875,1634.8126,0.0000,0.0000,6.000000,6.000000,10.000000,0.000000,0.000000,94.000000,94.000000,90.000000,100.000000,100.000000,3.0,3596.5876,3347.4422,12751.5379,13000.6834,PENDING_AG03,FALSE,NOT_FOR_ENFORCEMENT,15367.2380,4840393.0036,16348.1256,15367.2380,980.8875,0.00289775,0.00272388,980.8875,15367.2380,0.00272388,980.8875,980.8875,1634.8126,0.0000,0.0000,15367.2380,0.00272388,3596.5876,3347.4422,12751.5379,13000.6834,0.00226024,0.0023044,0.00017386,819.6526,814.5135,2.5859,125.7548,6.4363,43397.4503,48.6308,403.4444,887.7657,18.4243,87.2905,439.7151,1910.22,4364.5249,13187.958,61.5601,0.0,49.999996,151.081244,9.389939,30,215,2,8,0.06922318,0.00289775,-0.11683134,0E-8,0.000000,0.912736,0.000436,0.12863351,2026-03-22,2026-08-06,130,2540,1818,138,0.942029,0.454449,0.492214,0.230744,4,0.7074829931972789,0.7210884353741497,0.7210884353741497,0.5714285714285714,0.5714285714285714,0.3883495145631068,n_rounds>=30,148,104,PERCENT_RANK_OVER_ORDER_BY_e_stake,HF9f,OK,L4_CI_3P0,0.02341814,E 常规,115,1,A168_HF9F_20260827_0900,2026-08-27 09:00:00
25915691,112,2026-05-18,2026-07-13,最大可贏,600000.0,400000.0,收紧,5641668.5376,5149354.2591,16348.1256,6883,6322,-0.00289775,0.11683134,-0.01180217,-0.00289775,-16348.1256,5641668.5376,OK,0.0000,980.8875,6.0000,94.0000,AG03-UNRESOLVED,ALL5_LEVELS_bet23_to_bet27,980.8875,980.8875,1634.8126,0.0000,0.0000,6.000000,6.000000,10.000000,0.000000,0.000000,94.000000,94.000000,90.000000,100.000000,100.000000,3.0,3596.5876,3347.4422,12751.5379,13000.6834,PENDING_AG03,FALSE,NOT_FOR_ENFORCEMENT,15367.2380,4840393.0036,16348.1256,15367.2380,980.8875,0.00289775,0.00272388,980.8875,15367.2380,0.00272388,980.8875,980.8875,1634.8126,0.0000,0.0000,15367.2380,0.00272388,3596.5876,3347.4422,12751.5379,13000.6834,0.00226024,0.0023044,0.00017386,819.6526,814.5135,2.5859,125.7548,6.4363,43397.4503,48.6308,403.4444,887.7657,18.4243,87.2905,439.7151,1910.22,4364.5249,13187.958,61.5601,0.0,49.999996,151.081244,9.389939,30,215,2,8,0.06922318,0.00289775,-0.11683134,0E-8,0.000000,0.912736,0.000436,0.12863351,2026-03-22,2026-08-06,130,2540,1818,138,0.942029,0.454449,0.492214,0.230744,4,0.7074829931972789,0.7210884353741497,0.7210884353741497,0.5714285714285714,0.5714285714285714,0.3883495145631068,n_rounds>=30,148,104,PERCENT_RANK_OVER_ORDER_BY_e_stake,HF9f,OK,L4_CI_3P0,0.02341814,E 常规,116,1,A168_HF9F_20260827_0900,2026-08-27 09:00:00
25915691,113,2026-05-18,2026-07-13,最大可贏,600000.0,400000.0,收紧,5641668.5376,5149354.2591,16348.1256,6883,6322,-0.00289775,0.11683134,-0.01180217,-0.00289775,-16348.1256,5641668.5376,OK,0.0000,980.8875,6.0000,94.0000,AG03-UNRESOLVED,ALL5_LEVELS_bet23_to_bet27,980.8875,980.8875,1634.8126,0.0000,0.0000,6.000000,6.000000,10.000000,0.000000,0.000000,94.000000,94.000000,90.000000,100.000000,100.000000,3.0,3596.5876,3347.4422,12751.5379,13000.6834,PENDING_AG03,FALSE,NOT_FOR_ENFORCEMENT,15367.2380,4840393.0036,16348.1256,15367.2380,980.8875,0.00289775,0.00272388,980.8875,15367.2380,0.00272388,980.8875,980.8875,1634.8126,0.0000,0.0000,15367.2380,0.00272388,3596.5876,3347.4422,12751.5379,13000.6834,0.00226024,0.0023044,0.00017386,819.6526,814.5135,2.5859,125.7548,6.4363,43397.4503,48.6308,403.4444,887.7657,18.4243,87.2905,439.7151,1910.22,4364.5249,13187.958,61.5601,0.0,49.999996,151.081244,9.389939,30,215,2,8,0.06922318,0.00289775,-0.11683134,0E-8,0.000000,0.912736,0.000436,0.12863351,2026-03-22,2026-08-06,130,2540,1818,138,0.942029,0.454449,0.492214,0.230744,4,0.7074829931972789,0.7210884353741497,0.7210884353741497,0.5714285714285714,0.5714285714285714,0.3883495145631068,n_rounds>=30,148,104,PERCENT_RANK_OVER_ORDER_BY_e_stake,HF9f,OK,L4_CI_3P0,0.02341814,E 常规,117,1,A168_HF9F_20260827_0900,2026-08-27 09:00:00
25915691,117,2026-05-18,2026-07-13,最大可贏,600000.0,400000.0,收紧,5641668.5376,5149354.2591,16348.1256,6883,6322,-0.00289775,0.11683134,-0.01180217,-0.00289775,-16348.1256,5641668.5376,OK,0.0000,980.8875,6.0000,94.0000,AG03-UNRESOLVED,ALL5_LEVELS_bet23_to_bet27,980.8875,980.8875,1634.8126,0.0000,0.0000,6.000000,6.000000,10.000000,0.000000,0.000000,94.000000,94.000000,90.000000,100.000000,100.000000,3.0,3596.5876,3347.4422,12751.5379,13000.6834,PENDING_AG03,FALSE,NOT_FOR_ENFORCEMENT,15367.2380,4840393.0036,16348.1256,15367.2380,980.8875,0.00289775,0.00272388,980.8875,15367.2380,0.00272388,980.8875,980.8875,1634.8126,0.0000,0.0000,15367.2380,0.00272388,3596.5876,3347.4422,12751.5379,13000.6834,0.00226024,0.0023044,0.00017386,819.6526,814.5135,2.5859,125.7548,6.4363,43397.4503,48.6308,403.4444,887.7657,18.4243,87.2905,439.7151,1910.22,4364.5249,13187.958,61.5601,0.0,49.999996,151.081244,9.389939,30,215,2,8,0.06922318,0.00289775,-0.11683134,0E-8,0.000000,0.912736,0.000436,0.12863351,2026-03-22,2026-08-06,130,2540,1818,138,0.942029,0.454449,0.492214,0.230744,3,0.7074829931972789,0.7210884353741497,0.7210884353741497,0.5714285714285714,0.5714285714285714,0.3883495145631068,n_rounds>=30,148,104,PERCENT_RANK_OVER_ORDER_BY_e_stake,HF9f,OK,L4_CI_3P0,0.02341814,E 常规,118,1,A168_HF9F_20260827_0900,2026-08-27 09:00:00
25915691,121,2026-05-18,2026-07-13,最大可贏,600000.0,400000.0,收紧,5641668.5376,5149354.2591,16348.1256,6883,6322,-0.00289775,0.11683134,-0.01180217,-0.00289775,-16348.1256,5641668.5376,OK,0.0000,980.8875,6.0000,94.0000,AG03-UNRESOLVED,ALL5_LEVELS_bet23_to_bet27,980.8875,980.8875,1634.8126,0.0000,0.0000,6.000000,6.000000,10.000000,0.000000,0.000000,94.000000,94.000000,90.000000,100.000000,100.000000,3.0,3596.5876,3347.4422,12751.5379,13000.6834,PENDING_AG03,FALSE,NOT_FOR_ENFORCEMENT,15367.2380,4840393.0036,16348.1256,15367.2380,980.8875,0.00289775,0.00272388,980.8875,15367.2380,0.00272388,980.8875,980.8875,1634.8126,0.0000,0.0000,15367.2380,0.00272388,3596.5876,3347.4422,12751.5379,13000.6834,0.00226024,0.0023044,0.00017386,819.6526,814.5135,2.5859,125.7548,6.4363,43397.4503,48.6308,403.4444,887.7657,18.4243,87.2905,439.7151,1910.22,4364.5249,13187.958,61.5601,0.0,49.999996,151.081244,9.389939,30,215,2,8,0.06922318,0.00289775,-0.11683134,0E-8,0.000000,0.912736,0.000436,0.12863351,2026-03-22,2026-08-06,130,2540,1818,138,0.942029,0.454449,0.492214,0.230744,3,0.7074829931972789,0.7210884353741497,0.7210884353741497,0.5714285714285714,0.5714285714285714,0.3883495145631068,n_rounds>=30,148,104,PERCENT_RANK_OVER_ORDER_BY_e_stake,HF9f,OK,L4_CI_3P0,0.02341814,E 常规,119,1,A168_HF9F_20260827_0900,2026-08-27 09:00:00
25915691,128,2026-05-18,2026-07-13,最大可贏,600000.0,400000.0,收紧,5641668.5376,5149354.2591,16348.1256,6883,6322,-0.00289775,0.11683134,-0.01180217,-0.00289775,-16348.1256,5641668.5376,OK,0.0000,980.8875,6.0000,94.0000,AG03-UNRESOLVED,ALL5_LEVELS_bet23_to_bet27,980.8875,980.8875,1634.8126,0.0000,0.0000,6.000000,6.000000,10.000000,0.000000,0.000000,94.000000,94.000000,90.000000,100.000000,100.000000,3.0,3596.5876,3347.4422,12751.5379,13000.6834,PENDING_AG03,FALSE,NOT_FOR_ENFORCEMENT,15367.2380,4840393.0036,16348.1256,15367.2380,980.8875,0.00289775,0.00272388,980.8875,15367.2380,0.00272388,980.8875,980.8875,1634.8126,0.0000,0.0000,15367.2380,0.00272388,3596.5876,3347.4422,12751.5379,13000.6834,0.00226024,0.0023044,0.00017386,819.6526,814.5135,2.5859,125.7548,6.4363,43397.4503,48.6308,403.4444,887.7657,18.4243,87.2905,439.7151,1910.22,4364.5249,13187.958,61.5601,0.0,49.999996,151.081244,9.389939,30,215,2,8,0.06922318,0.00289775,-0.11683134,0E-8,0.000000,0.912736,0.000436,0.12863351,2026-03-22,2026-08-06,130,2540,1818,138,0.942029,0.454449,0.492214,0.230744,4,0.7074829931972789,0.7210884353741497,0.7210884353741497,0.5714285714285714,0.5714285714285714,0.3883495145631068,n_rounds>=30,148,104,PERCENT_RANK_OVER_ORDER_BY_e_stake,HF9f,OK,L4_CI_3P0,0.02341814,E 常规,120,1,A168_HF9F_20260827_0900,2026-08-27 09:00:00
25915691,301,2026-05-18,2026-07-13,最大可贏,600000.0,400000.0,收紧,5641668.5376,5149354.2591,16348.1256,6883,6322,-0.00289775,0.11683134,-0.01180217,-0.00289775,-16348.1256,5641668.5376,OK,0.0000,980.8875,6.0000,94.0000,AG03-UNRESOLVED,ALL5_LEVELS_bet23_to_bet27,980.8875,980.8875,1634.8126,0.0000,0.0000,6.000000,6.000000,10.000000,0.000000,0.000000,94.000000,94.000000,90.000000,100.000000,100.000000,3.0,3596.5876,3347.4422,12751.5379,13000.6834,PENDING_AG03,FALSE,NOT_FOR_ENFORCEMENT,15367.2380,4840393.0036,16348.1256,15367.2380,980.8875,0.00289775,0.00272388,980.8875,15367.2380,0.00272388,980.8875,980.8875,1634.8126,0.0000,0.0000,15367.2380,0.00272388,3596.5876,3347.4422,12751.5379,13000.6834,0.00226024,0.0023044,0.00017386,819.6526,814.5135,2.5859,125.7548,6.4363,43397.4503,48.6308,403.4444,887.7657,18.4243,87.2905,439.7151,1910.22,4364.5249,13187.958,61.5601,0.0,49.999996,151.081244,9.389939,30,215,2,8,0.06922318,0.00289775,-0.11683134,0E-8,0.000000,0.912736,0.000436,0.12863351,2026-03-22,2026-08-06,130,2540,1818,138,0.942029,0.454449,0.492214,0.230744,4,0.7074829931972789,0.7210884353741497,0.7210884353741497,0.5714285714285714,0.5714285714285714,0.3883495145631068,n_rounds>=30,148,104,PERCENT_RANK_OVER_ORDER_BY_e_stake,HF9f,OK,L4_CI_3P0,0.02341814,E 常规,121,1,A168_HF9F_20260827_0900,2026-08-27 09:00:00
25915691,5008,2026-05-18,2026-07-13,最大可贏,600000.0,400000.0,收紧,5641668.5376,5149354.2591,16348.1256,6883,6322,-0.00289775,0.11683134,-0.01180217,-0.00289775,-16348.1256,5641668.5376,OK,0.0000,980.8875,6.0000,94.0000,AG03-UNRESOLVED,ALL5_LEVELS_bet23_to_bet27,980.8875,980.8875,1634.8126,0.0000,0.0000,6.000000,6.000000,10.000000,0.000000,0.000000,94.000000,94.000000,90.000000,100.000000,100.000000,3.0,3596.5876,3347.4422,12751.5379,13000.6834,PENDING_AG03,FALSE,NOT_FOR_ENFORCEMENT,15367.2380,4840393.0036,16348.1256,15367.2380,980.8875,0.00289775,0.00272388,980.8875,15367.2380,0.00272388,980.8875,980.8875,1634.8126,0.0000,0.0000,15367.2380,0.00272388,3596.5876,3347.4422,12751.5379,13000.6834,0.00226024,0.0023044,0.00017386,819.6526,814.5135,2.5859,125.7548,6.4363,43397.4503,48.6308,403.4444,887.7657,18.4243,87.2905,439.7151,1910.22,4364.5249,13187.958,61.5601,0.0,49.999996,151.081244,9.389939,30,215,2,8,0.06922318,0.00289775,-0.11683134,0E-8,0.000000,0.912736,0.000436,0.12863351,2026-03-22,2026-08-06,130,2540,1818,138,0.942029,0.454449,0.492214,0.230744,4,0.7074829931972789,0.7210884353741497,0.7210884353741497,0.5714285714285714,0.5714285714285714,0.3883495145631068,n_rounds>=30,148,104,PERCENT_RANK_OVER_ORDER_BY_e_stake,HF9f,OK,L4_CI_3P0,0.02341814,E 常规,122,1,A168_HF9F_20260827_0900,2026-08-27 09:00:00
25915691,5009,2026-05-18,2026-07-13,最大可贏,600000.0,400000.0,收紧,5641668.5376,5149354.2591,16348.1256,6883,6322,-0.00289775,0.11683134,-0.01180217,-0.00289775,-16348.1256,5641668.5376,OK,0.0000,980.8875,6.0000,94.0000,AG03-UNRESOLVED,ALL5_LEVELS_bet23_to_bet27,980.8875,980.8875,1634.8126,0.0000,0.0000,6.000000,6.000000,10.000000,0.000000,0.000000,94.000000,94.000000,90.000000,100.000000,100.000000,3.0,3596.5876,3347.4422,12751.5379,13000.6834,PENDING_AG03,FALSE,NOT_FOR_ENFORCEMENT,15367.2380,4840393.0036,16348.1256,15367.2380,980.8875,0.00289775,0.00272388,980.8875,15367.2380,0.00272388,980.8875,980.8875,1634.8126,0.0000,0.0000,15367.2380,0.00272388,3596.5876,3347.4422,12751.5379,13000.6834,0.00226024,0.0023044,0.00017386,819.6526,814.5135,2.5859,125.7548,6.4363,43397.4503,48.6308,403.4444,887.7657,18.4243,87.2905,439.7151,1910.22,4364.5249,13187.958,61.5601,0.0,49.999996,151.081244,9.389939,30,215,2,8,0.06922318,0.00289775,-0.11683134,0E-8,0.000000,0.912736,0.000436,0.12863351,2026-03-22,2026-08-06,130,2540,1818,138,0.942029,0.454449,0.492214,0.230744,3,0.7074829931972789,0.7210884353741497,0.7210884353741497,0.5714285714285714,0.5714285714285714,0.3883495145631068,n_rounds>=30,148,104,PERCENT_RANK_OVER_ORDER_BY_e_stake,HF9f,OK,L4_CI_3P0,0.02341814,E 常规,123,1,A168_HF9F_20260827_0900,2026-08-27 09:00:00
25915691,5010,2026-05-18,2026-07-13,最大可贏,600000.0,400000.0,收紧,5641668.5376,5149354.2591,16348.1256,6883,6322,-0.00289775,0.11683134,-0.01180217,-0.00289775,-16348.1256,5641668.5376,OK,0.0000,980.8875,6.0000,94.0000,AG03-UNRESOLVED,ALL5_LEVELS_bet23_to_bet27,980.8875,980.8875,1634.8126,0.0000,0.0000,6.000000,6.000000,10.000000,0.000000,0.000000,94.000000,94.000000,90.000000,100.000000,100.000000,3.0,3596.5876,3347.4422,12751.5379,13000.6834,PENDING_AG03,FALSE,NOT_FOR_ENFORCEMENT,15367.2380,4840393.0036,16348.1256,15367.2380,980.8875,0.00289775,0.00272388,980.8875,15367.2380,0.00272388,980.8875,980.8875,1634.8126,0.0000,0.0000,15367.2380,0.00272388,3596.5876,3347.4422,12751.5379,13000.6834,0.00226024,0.0023044,0.00017386,819.6526,814.5135,2.5859,125.7548,6.4363,43397.4503,48.6308,403.4444,887.7657,18.4243,87.2905,439.7151,1910.22,4364.5249,13187.958,61.5601,0.0,49.999996,151.081244,9.389939,30,215,2,8,0.06922318,0.00289775,-0.11683134,0E-8,0.000000,0.912736,0.000436,0.12863351,2026-03-22,2026-08-06,130,2540,1818,138,0.942029,0.454449,0.492214,0.230744,4,0.7074829931972789,0.7210884353741497,0.7210884353741497,0.5714285714285714,0.5714285714285714,0.3883495145631068,n_rounds>=30,148,104,PERCENT_RANK_OVER_ORDER_BY_e_stake,HF9f,OK,L4_CI_3P0,0.02341814,E 常规,124,1,A168_HF9F_20260827_0900,2026-08-27 09:00:00
25915691,5011,2026-05-18,2026-07-13,最大可贏,600000.0,400000.0,收紧,5641668.5376,5149354.2591,16348.1256,6883,6322,-0.00289775,0.11683134,-0.01180217,-0.00289775,-16348.1256,5641668.5376,OK,0.0000,980.8875,6.0000,94.0000,AG03-UNRESOLVED,ALL5_LEVELS_bet23_to_bet27,980.8875,980.8875,1634.8126,0.0000,0.0000,6.000000,6.000000,10.000000,0.000000,0.000000,94.000000,94.000000,90.000000,100.000000,100.000000,3.0,3596.5876,3347.4422,12751.5379,13000.6834,PENDING_AG03,FALSE,NOT_FOR_ENFORCEMENT,15367.2380,4840393.0036,16348.1256,15367.2380,980.8875,0.00289775,0.00272388,980.8875,15367.2380,0.00272388,980.8875,980.8875,1634.8126,0.0000,0.0000,15367.2380,0.00272388,3596.5876,3347.4422,12751.5379,13000.6834,0.00226024,0.0023044,0.00017386,819.6526,814.5135,2.5859,125.7548,6.4363,43397.4503,48.6308,403.4444,887.7657,18.4243,87.2905,439.7151,1910.22,4364.5249,13187.958,61.5601,0.0,49.999996,151.081244,9.389939,30,215,2,8,0.06922318,0.00289775,-0.11683134,0E-8,0.000000,0.912736,0.000436,0.12863351,2026-03-22,2026-08-06,130,2540,1818,138,0.942029,0.454449,0.492214,0.230744,4,0.7074829931972789,0.7210884353741497,0.7210884353741497,0.5714285714285714,0.5714285714285714,0.3883495145631068,n_rounds>=30,148,104,PERCENT_RANK_OVER_ORDER_BY_e_stake,HF9f,OK,L4_CI_3P0,0.02341814,E 常规,125,1,A168_HF9F_20260827_0900,2026-08-27 09:00:00
25915691,5031,2026-05-18,2026-07-13,最大可贏,600000.0,400000.0,收紧,5641668.5376,5149354.2591,16348.1256,6883,6322,-0.00289775,0.11683134,-0.01180217,-0.00289775,-16348.1256,5641668.5376,OK,0.0000,980.8875,6.0000,94.0000,AG03-UNRESOLVED,ALL5_LEVELS_bet23_to_bet27,980.8875,980.8875,1634.8126,0.0000,0.0000,6.000000,6.000000,10.000000,0.000000,0.000000,94.000000,94.000000,90.000000,100.000000,100.000000,3.0,3596.5876,3347.4422,12751.5379,13000.6834,PENDING_AG03,FALSE,NOT_FOR_ENFORCEMENT,15367.2380,4840393.0036,16348.1256,15367.2380,980.8875,0.00289775,0.00272388,980.8875,15367.2380,0.00272388,980.8875,980.8875,1634.8126,0.0000,0.0000,15367.2380,0.00272388,3596.5876,3347.4422,12751.5379,13000.6834,0.00226024,0.0023044,0.00017386,819.6526,814.5135,2.5859,125.7548,6.4363,43397.4503,48.6308,403.4444,887.7657,18.4243,87.2905,439.7151,1910.22,4364.5249,13187.958,61.5601,0.0,49.999996,151.081244,9.389939,30,215,2,8,0.06922318,0.00289775,-0.11683134,0E-8,0.000000,0.912736,0.000436,0.12863351,2026-03-22,2026-08-06,130,2540,1818,138,0.942029,0.454449,0.492214,0.230744,3,0.7074829931972789,0.7210884353741497,0.7210884353741497,0.5714285714285714,0.5714285714285714,0.3883495145631068,n_rounds>=30,148,104,PERCENT_RANK_OVER_ORDER_BY_e_stake,HF9f,OK,L4_CI_3P0,0.02341814,E 常规,126,1,A168_HF9F_20260827_0900,2026-08-27 09:00:00
23540666,101,2026-05-18,2026-07-13,最大可贏,250000.0,400000.0,放宽,19364189.8885,17489070.9554,376578.8474,17496,17496,-0.01944718,,-0.01944718,-0.02667250,-376578.8474,19364189.8885,OK,139912.5676,22594.7308,6.0000,94.0000,AG03-UNRESOLVED,ALL5_LEVELS_bet23_to_bet27,22594.7308,22594.7308,37657.8847,0.0000,0.0000,6.000000,6.000000,10.000000,0.000000,0.000000,94.000000,94.000000,90.000000,100.000000,100.000000,3.0,82847.3464,77108.2848,153818.9333,159557.9949,PENDING_AG03,FALSE,NOT_FOR_ENFORCEMENT,353984.1165,16439726.6981,236666.2797,214071.5489,-117317.8368,0.01222185,0.01105502,22594.7308,214071.5489,0.01105502,22594.7308,22594.7308,37657.8847,0.0000,0.0000,214071.5489,0.01105502,82847.3464,77108.2848,153818.9333,159557.9949,0.00794347,0.00823985,-0.00605849,1106.7781,999.6040,21.5237,5230.2618,268.7929,268947.0818,243.0000,,1106.7781,87.943,438.3273,1407.0883,4331.6294,4397.1509,6983.2402,345.3635,0.0,10.03166,15.931565,2.525004,28,152,90,3,0E-8,0.01944718,,0.00800000,0.800000,0.903166,0.000172,,2026-03-25,2026-07-06,72,1401,446,104,0.692308,,,0.000000,4,0.8571428571428571,0.5714285714285714,0.5714285714285714,0.7210884353741497,0.7210884353741497,0.6019417475728155,n_rounds>=30,148,104,PERCENT_RANK_OVER_ORDER_BY_e_stake,HF9f,OK,L2_CI_1P5,0.01407701,D 净利最高二十分位 · 优先留存,127,1,A168_HF9F_20260827_0900,2026-08-27 09:00:00
23540666,102,2026-05-18,2026-07-13,最大可贏,250000.0,400000.0,放宽,19364189.8885,17489070.9554,376578.8474,17496,17496,-0.01944718,,-0.01944718,-0.02667250,-376578.8474,19364189.8885,OK,139912.5676,22594.7308,6.0000,94.0000,AG03-UNRESOLVED,ALL5_LEVELS_bet23_to_bet27,22594.7308,22594.7308,37657.8847,0.0000,0.0000,6.000000,6.000000,10.000000,0.000000,0.000000,94.000000,94.000000,90.000000,100.000000,100.000000,3.0,82847.3464,77108.2848,153818.9333,159557.9949,PENDING_AG03,FALSE,NOT_FOR_ENFORCEMENT,353984.1165,16439726.6981,236666.2797,214071.5489,-117317.8368,0.01222185,0.01105502,22594.7308,214071.5489,0.01105502,22594.7308,22594.7308,37657.8847,0.0000,0.0000,214071.5489,0.01105502,82847.3464,77108.2848,153818.9333,159557.9949,0.00794347,0.00823985,-0.00605849,1106.7781,999.6040,21.5237,5230.2618,268.7929,268947.0818,243.0000,,1106.7781,87.943,438.3273,1407.0883,4331.6294,4397.1509,6983.2402,345.3635,0.0,10.03166,15.931565,2.525004,28,152,90,3,0E-8,0.01944718,,0.00800000,0.800000,0.903166,0.000172,,2026-03-25,2026-07-06,72,1401,446,104,0.692308,,,0.000000,5,0.8571428571428571,0.5714285714285714,0.5714285714285714,0.7210884353741497,0.7210884353741497,0.6019417475728155,n_rounds>=30,148,104,PERCENT_RANK_OVER_ORDER_BY_e_stake,HF9f,OK,L2_CI_1P5,0.01407701,D 净利最高二十分位 · 优先留存,128,1,A168_HF9F_20260827_0900,2026-08-27 09:00:00
23540666,103,2026-05-18,2026-07-13,最大可贏,250000.0,400000.0,放宽,19364189.8885,17489070.9554,376578.8474,17496,17496,-0.01944718,,-0.01944718,-0.02667250,-376578.8474,19364189.8885,OK,139912.5676,22594.7308,6.0000,94.0000,AG03-UNRESOLVED,ALL5_LEVELS_bet23_to_bet27,22594.7308,22594.7308,37657.8847,0.0000,0.0000,6.000000,6.000000,10.000000,0.000000,0.000000,94.000000,94.000000,90.000000,100.000000,100.000000,3.0,82847.3464,77108.2848,153818.9333,159557.9949,PENDING_AG03,FALSE,NOT_FOR_ENFORCEMENT,353984.1165,16439726.6981,236666.2797,214071.5489,-117317.8368,0.01222185,0.01105502,22594.7308,214071.5489,0.01105502,22594.7308,22594.7308,37657.8847,0.0000,0.0000,214071.5489,0.01105502,82847.3464,77108.2848,153818.9333,159557.9949,0.00794347,0.00823985,-0.00605849,1106.7781,999.6040,21.5237,5230.2618,268.7929,268947.0818,243.0000,,1106.7781,87.943,438.3273,1407.0883,4331.6294,4397.1509,6983.2402,345.3635,0.0,10.03166,15.931565,2.525004,28,152,90,3,0E-8,0.01944718,,0.00800000,0.800000,0.903166,0.000172,,2026-03-25,2026-07-06,72,1401,446,104,0.692308,,,0.000000,5,0.8571428571428571,0.5714285714285714,0.5714285714285714,0.7210884353741497,0.7210884353741497,0.6019417475728155,n_rounds>=30,148,104,PERCENT_RANK_OVER_ORDER_BY_e_stake,HF9f,OK,L2_CI_1P5,0.01407701,D 净利最高二十分位 · 优先留存,129,1,A168_HF9F_20260827_0900,2026-08-27 09:00:00
23540666,104,2026-05-18,2026-07-13,最大可贏,250000.0,400000.0,放宽,19364189.8885,17489070.9554,376578.8474,17496,17496,-0.01944718,,-0.01944718,-0.02667250,-376578.8474,19364189.8885,OK,139912.5676,22594.7308,6.0000,94.0000,AG03-UNRESOLVED,ALL5_LEVELS_bet23_to_bet27,22594.7308,22594.7308,37657.8847,0.0000,0.0000,6.000000,6.000000,10.000000,0.000000,0.000000,94.000000,94.000000,90.000000,100.000000,100.000000,3.0,82847.3464,77108.2848,153818.9333,159557.9949,PENDING_AG03,FALSE,NOT_FOR_ENFORCEMENT,353984.1165,16439726.6981,236666.2797,214071.5489,-117317.8368,0.01222185,0.01105502,22594.7308,214071.5489,0.01105502,22594.7308,22594.7308,37657.8847,0.0000,0.0000,214071.5489,0.01105502,82847.3464,77108.2848,153818.9333,159557.9949,0.00794347,0.00823985,-0.00605849,1106.7781,999.6040,21.5237,5230.2618,268.7929,268947.0818,243.0000,,1106.7781,87.943,438.3273,1407.0883,4331.6294,4397.1509,6983.2402,345.3635,0.0,10.03166,15.931565,2.525004,28,152,90,3,0E-8,0.01944718,,0.00800000,0.800000,0.903166,0.000172,,2026-03-25,2026-07-06,72,1401,446,104,0.692308,,,0.000000,4,0.8571428571428571,0.5714285714285714,0.5714285714285714,0.7210884353741497,0.7210884353741497,0.6019417475728155,n_rounds>=30,148,104,PERCENT_RANK_OVER_ORDER_BY_e_stake,HF9f,OK,L2_CI_1P5,0.01407701,D 净利最高二十分位 · 优先留存,130,1,A168_HF9F_20260827_0900,2026-08-27 09:00:00
23540666,105,2026-05-18,2026-07-13,最大可贏,250000.0,400000.0,放宽,19364189.8885,17489070.9554,376578.8474,17496,17496,-0.01944718,,-0.01944718,-0.02667250,-376578.8474,19364189.8885,OK,139912.5676,22594.7308,6.0000,94.0000,AG03-UNRESOLVED,ALL5_LEVELS_bet23_to_bet27,22594.7308,22594.7308,37657.8847,0.0000,0.0000,6.000000,6.000000,10.000000,0.000000,0.000000,94.000000,94.000000,90.000000,100.000000,100.000000,3.0,82847.3464,77108.2848,153818.9333,159557.9949,PENDING_AG03,FALSE,NOT_FOR_ENFORCEMENT,353984.1165,16439726.6981,236666.2797,214071.5489,-117317.8368,0.01222185,0.01105502,22594.7308,214071.5489,0.01105502,22594.7308,22594.7308,37657.8847,0.0000,0.0000,214071.5489,0.01105502,82847.3464,77108.2848,153818.9333,159557.9949,0.00794347,0.00823985,-0.00605849,1106.7781,999.6040,21.5237,5230.2618,268.7929,268947.0818,243.0000,,1106.7781,87.943,438.3273,1407.0883,4331.6294,4397.1509,6983.2402,345.3635,0.0,10.03166,15.931565,2.525004,28,152,90,3,0E-8,0.01944718,,0.00800000,0.800000,0.903166,0.000172,,2026-03-25,2026-07-06,72,1401,446,104,0.692308,,,0.000000,5,0.8571428571428571,0.5714285714285714,0.5714285714285714,0.7210884353741497,0.7210884353741497,0.6019417475728155,n_rounds>=30,148,104,PERCENT_RANK_OVER_ORDER_BY_e_stake,HF9f,OK,L2_CI_1P5,0.01407701,D 净利最高二十分位 · 优先留存,131,1,A168_HF9F_20260827_0900,2026-08-27 09:00:00
23540666,106,2026-05-18,2026-07-13,最大可贏,250000.0,400000.0,放宽,19364189.8885,17489070.9554,376578.8474,17496,17496,-0.01944718,,-0.01944718,-0.02667250,-376578.8474,19364189.8885,OK,139912.5676,22594.7308,6.0000,94.0000,AG03-UNRESOLVED,ALL5_LEVELS_bet23_to_bet27,22594.7308,22594.7308,37657.8847,0.0000,0.0000,6.000000,6.000000,10.000000,0.000000,0.000000,94.000000,94.000000,90.000000,100.000000,100.000000,3.0,82847.3464,77108.2848,153818.9333,159557.9949,PENDING_AG03,FALSE,NOT_FOR_ENFORCEMENT,353984.1165,16439726.6981,236666.2797,214071.5489,-117317.8368,0.01222185,0.01105502,22594.7308,214071.5489,0.01105502,22594.7308,22594.7308,37657.8847,0.0000,0.0000,214071.5489,0.01105502,82847.3464,77108.2848,153818.9333,159557.9949,0.00794347,0.00823985,-0.00605849,1106.7781,999.6040,21.5237,5230.2618,268.7929,268947.0818,243.0000,,1106.7781,87.943,438.3273,1407.0883,4331.6294,4397.1509,6983.2402,345.3635,0.0,10.03166,15.931565,2.525004,28,152,90,3,0E-8,0.01944718,,0.00800000,0.800000,0.903166,0.000172,,2026-03-25,2026-07-06,72,1401,446,104,0.692308,,,0.000000,4,0.8571428571428571,0.5714285714285714,0.5714285714285714,0.7210884353741497,0.7210884353741497,0.6019417475728155,n_rounds>=30,148,104,PERCENT_RANK_OVER_ORDER_BY_e_stake,HF9f,OK,L2_CI_1P5,0.01407701,D 净利最高二十分位 · 优先留存,132,1,A168_HF9F_20260827_0900,2026-08-27 09:00:00
23540666,107,2026-05-18,2026-07-13,最大可贏,250000.0,400000.0,放宽,19364189.8885,17489070.9554,376578.8474,17496,17496,-0.01944718,,-0.01944718,-0.02667250,-376578.8474,19364189.8885,OK,139912.5676,22594.7308,6.0000,94.0000,AG03-UNRESOLVED,ALL5_LEVELS_bet23_to_bet27,22594.7308,22594.7308,37657.8847,0.0000,0.0000,6.000000,6.000000,10.000000,0.000000,0.000000,94.000000,94.000000,90.000000,100.000000,100.000000,3.0,82847.3464,77108.2848,153818.9333,159557.9949,PENDING_AG03,FALSE,NOT_FOR_ENFORCEMENT,353984.1165,16439726.6981,236666.2797,214071.5489,-117317.8368,0.01222185,0.01105502,22594.7308,214071.5489,0.01105502,22594.7308,22594.7308,37657.8847,0.0000,0.0000,214071.5489,0.01105502,82847.3464,77108.2848,153818.9333,159557.9949,0.00794347,0.00823985,-0.00605849,1106.7781,999.6040,21.5237,5230.2618,268.7929,268947.0818,243.0000,,1106.7781,87.943,438.3273,1407.0883,4331.6294,4397.1509,6983.2402,345.3635,0.0,10.03166,15.931565,2.525004,28,152,90,3,0E-8,0.01944718,,0.00800000,0.800000,0.903166,0.000172,,2026-03-25,2026-07-06,72,1401,446,104,0.692308,,,0.000000,4,0.8571428571428571,0.5714285714285714,0.5714285714285714,0.7210884353741497,0.7210884353741497,0.6019417475728155,n_rounds>=30,148,104,PERCENT_RANK_OVER_ORDER_BY_e_stake,HF9f,OK,L2_CI_1P5,0.01407701,D 净利最高二十分位 · 优先留存,133,1,A168_HF9F_20260827_0900,2026-08-27 09:00:00
23540666,108,2026-05-18,2026-07-13,最大可贏,250000.0,400000.0,放宽,19364189.8885,17489070.9554,376578.8474,17496,17496,-0.01944718,,-0.01944718,-0.02667250,-376578.8474,19364189.8885,OK,139912.5676,22594.7308,6.0000,94.0000,AG03-UNRESOLVED,ALL5_LEVELS_bet23_to_bet27,22594.7308,22594.7308,37657.8847,0.0000,0.0000,6.000000,6.000000,10.000000,0.000000,0.000000,94.000000,94.000000,90.000000,100.000000,100.000000,3.0,82847.3464,77108.2848,153818.9333,159557.9949,PENDING_AG03,FALSE,NOT_FOR_ENFORCEMENT,353984.1165,16439726.6981,236666.2797,214071.5489,-117317.8368,0.01222185,0.01105502,22594.7308,214071.5489,0.01105502,22594.7308,22594.7308,37657.8847,0.0000,0.0000,214071.5489,0.01105502,82847.3464,77108.2848,153818.9333,159557.9949,0.00794347,0.00823985,-0.00605849,1106.7781,999.6040,21.5237,5230.2618,268.7929,268947.0818,243.0000,,1106.7781,87.943,438.3273,1407.0883,4331.6294,4397.1509,6983.2402,345.3635,0.0,10.03166,15.931565,2.525004,28,152,90,3,0E-8,0.01944718,,0.00800000,0.800000,0.903166,0.000172,,2026-03-25,2026-07-06,72,1401,446,104,0.692308,,,0.000000,5,0.8571428571428571,0.5714285714285714,0.5714285714285714,0.7210884353741497,0.7210884353741497,0.6019417475728155,n_rounds>=30,148,104,PERCENT_RANK_OVER_ORDER_BY_e_stake,HF9f,OK,L2_CI_1P5,0.01407701,D 净利最高二十分位 · 优先留存,134,1,A168_HF9F_20260827_0900,2026-08-27 09:00:00
23540666,109,2026-05-18,2026-07-13,最大可贏,250000.0,400000.0,放宽,19364189.8885,17489070.9554,376578.8474,17496,17496,-0.01944718,,-0.01944718,-0.02667250,-376578.8474,19364189.8885,OK,139912.5676,22594.7308,6.0000,94.0000,AG03-UNRESOLVED,ALL5_LEVELS_bet23_to_bet27,22594.7308,22594.7308,37657.8847,0.0000,0.0000,6.000000,6.000000,10.000000,0.000000,0.000000,94.000000,94.000000,90.000000,100.000000,100.000000,3.0,82847.3464,77108.2848,153818.9333,159557.9949,PENDING_AG03,FALSE,NOT_FOR_ENFORCEMENT,353984.1165,16439726.6981,236666.2797,214071.5489,-117317.8368,0.01222185,0.01105502,22594.7308,214071.5489,0.01105502,22594.7308,22594.7308,37657.8847,0.0000,0.0000,214071.5489,0.01105502,82847.3464,77108.2848,153818.9333,159557.9949,0.00794347,0.00823985,-0.00605849,1106.7781,999.6040,21.5237,5230.2618,268.7929,268947.0818,243.0000,,1106.7781,87.943,438.3273,1407.0883,4331.6294,4397.1509,6983.2402,345.3635,0.0,10.03166,15.931565,2.525004,28,152,90,3,0E-8,0.01944718,,0.00800000,0.800000,0.903166,0.000172,,2026-03-25,2026-07-06,72,1401,446,104,0.692308,,,0.000000,5,0.8571428571428571,0.5714285714285714,0.5714285714285714,0.7210884353741497,0.7210884353741497,0.6019417475728155,n_rounds>=30,148,104,PERCENT_RANK_OVER_ORDER_BY_e_stake,HF9f,OK,L2_CI_1P5,0.01407701,D 净利最高二十分位 · 优先留存,135,1,A168_HF9F_20260827_0900,2026-08-27 09:00:00
23540666,110,2026-05-18,2026-07-13,最大可贏,250000.0,400000.0,放宽,19364189.8885,17489070.9554,376578.8474,17496,17496,-0.01944718,,-0.01944718,-0.02667250,-376578.8474,19364189.8885,OK,139912.5676,22594.7308,6.0000,94.0000,AG03-UNRESOLVED,ALL5_LEVELS_bet23_to_bet27,22594.7308,22594.7308,37657.8847,0.0000,0.0000,6.000000,6.000000,10.000000,0.000000,0.000000,94.000000,94.000000,90.000000,100.000000,100.000000,3.0,82847.3464,77108.2848,153818.9333,159557.9949,PENDING_AG03,FALSE,NOT_FOR_ENFORCEMENT,353984.1165,16439726.6981,236666.2797,214071.5489,-117317.8368,0.01222185,0.01105502,22594.7308,214071.5489,0.01105502,22594.7308,22594.7308,37657.8847,0.0000,0.0000,214071.5489,0.01105502,82847.3464,77108.2848,153818.9333,159557.9949,0.00794347,0.00823985,-0.00605849,1106.7781,999.6040,21.5237,5230.2618,268.7929,268947.0818,243.0000,,1106.7781,87.943,438.3273,1407.0883,4331.6294,4397.1509,6983.2402,345.3635,0.0,10.03166,15.931565,2.525004,28,152,90,3,0E-8,0.01944718,,0.00800000,0.800000,0.903166,0.000172,,2026-03-25,2026-07-06,72,1401,446,104,0.692308,,,0.000000,4,0.8571428571428571,0.5714285714285714,0.5714285714285714,0.7210884353741497,0.7210884353741497,0.6019417475728155,n_rounds>=30,148,104,PERCENT_RANK_OVER_ORDER_BY_e_stake,HF9f,OK,L2_CI_1P5,0.01407701,D 净利最高二十分位 · 优先留存,136,1,A168_HF9F_20260827_0900,2026-08-27 09:00:00
23540666,111,2026-05-18,2026-07-13,最大可贏,250000.0,400000.0,放宽,19364189.8885,17489070.9554,376578.8474,17496,17496,-0.01944718,,-0.01944718,-0.02667250,-376578.8474,19364189.8885,OK,139912.5676,22594.7308,6.0000,94.0000,AG03-UNRESOLVED,ALL5_LEVELS_bet23_to_bet27,22594.7308,22594.7308,37657.8847,0.0000,0.0000,6.000000,6.000000,10.000000,0.000000,0.000000,94.000000,94.000000,90.000000,100.000000,100.000000,3.0,82847.3464,77108.2848,153818.9333,159557.9949,PENDING_AG03,FALSE,NOT_FOR_ENFORCEMENT,353984.1165,16439726.6981,236666.2797,214071.5489,-117317.8368,0.01222185,0.01105502,22594.7308,214071.5489,0.01105502,22594.7308,22594.7308,37657.8847,0.0000,0.0000,214071.5489,0.01105502,82847.3464,77108.2848,153818.9333,159557.9949,0.00794347,0.00823985,-0.00605849,1106.7781,999.6040,21.5237,5230.2618,268.7929,268947.0818,243.0000,,1106.7781,87.943,438.3273,1407.0883,4331.6294,4397.1509,6983.2402,345.3635,0.0,10.03166,15.931565,2.525004,28,152,90,3,0E-8,0.01944718,,0.00800000,0.800000,0.903166,0.000172,,2026-03-25,2026-07-06,72,1401,446,104,0.692308,,,0.000000,4,0.8571428571428571,0.5714285714285714,0.5714285714285714,0.7210884353741497,0.7210884353741497,0.6019417475728155,n_rounds>=30,148,104,PERCENT_RANK_OVER_ORDER_BY_e_stake,HF9f,OK,L2_CI_1P5,0.01407701,D 净利最高二十分位 · 优先留存,137,1,A168_HF9F_20260827_0900,2026-08-27 09:00:00
23540666,112,2026-05-18,2026-07-13,最大可贏,250000.0,400000.0,放宽,19364189.8885,17489070.9554,376578.8474,17496,17496,-0.01944718,,-0.01944718,-0.02667250,-376578.8474,19364189.8885,OK,139912.5676,22594.7308,6.0000,94.0000,AG03-UNRESOLVED,ALL5_LEVELS_bet23_to_bet27,22594.7308,22594.7308,37657.8847,0.0000,0.0000,6.000000,6.000000,10.000000,0.000000,0.000000,94.000000,94.000000,90.000000,100.000000,100.000000,3.0,82847.3464,77108.2848,153818.9333,159557.9949,PENDING_AG03,FALSE,NOT_FOR_ENFORCEMENT,353984.1165,16439726.6981,236666.2797,214071.5489,-117317.8368,0.01222185,0.01105502,22594.7308,214071.5489,0.01105502,22594.7308,22594.7308,37657.8847,0.0000,0.0000,214071.5489,0.01105502,82847.3464,77108.2848,153818.9333,159557.9949,0.00794347,0.00823985,-0.00605849,1106.7781,999.6040,21.5237,5230.2618,268.7929,268947.0818,243.0000,,1106.7781,87.943,438.3273,1407.0883,4331.6294,4397.1509,6983.2402,345.3635,0.0,10.03166,15.931565,2.525004,28,152,90,3,0E-8,0.01944718,,0.00800000,0.800000,0.903166,0.000172,,2026-03-25,2026-07-06,72,1401,446,104,0.692308,,,0.000000,4,0.8571428571428571,0.5714285714285714,0.5714285714285714,0.7210884353741497,0.7210884353741497,0.6019417475728155,n_rounds>=30,148,104,PERCENT_RANK_OVER_ORDER_BY_e_stake,HF9f,OK,L2_CI_1P5,0.01407701,D 净利最高二十分位 · 优先留存,138,1,A168_HF9F_20260827_0900,2026-08-27 09:00:00
23540666,113,2026-05-18,2026-07-13,最大可贏,250000.0,400000.0,放宽,19364189.8885,17489070.9554,376578.8474,17496,17496,-0.01944718,,-0.01944718,-0.02667250,-376578.8474,19364189.8885,OK,139912.5676,22594.7308,6.0000,94.0000,AG03-UNRESOLVED,ALL5_LEVELS_bet23_to_bet27,22594.7308,22594.7308,37657.8847,0.0000,0.0000,6.000000,6.000000,10.000000,0.000000,0.000000,94.000000,94.000000,90.000000,100.000000,100.000000,3.0,82847.3464,77108.2848,153818.9333,159557.9949,PENDING_AG03,FALSE,NOT_FOR_ENFORCEMENT,353984.1165,16439726.6981,236666.2797,214071.5489,-117317.8368,0.01222185,0.01105502,22594.7308,214071.5489,0.01105502,22594.7308,22594.7308,37657.8847,0.0000,0.0000,214071.5489,0.01105502,82847.3464,77108.2848,153818.9333,159557.9949,0.00794347,0.00823985,-0.00605849,1106.7781,999.6040,21.5237,5230.2618,268.7929,268947.0818,243.0000,,1106.7781,87.943,438.3273,1407.0883,4331.6294,4397.1509,6983.2402,345.3635,0.0,10.03166,15.931565,2.525004,28,152,90,3,0E-8,0.01944718,,0.00800000,0.800000,0.903166,0.000172,,2026-03-25,2026-07-06,72,1401,446,104,0.692308,,,0.000000,4,0.8571428571428571,0.5714285714285714,0.5714285714285714,0.7210884353741497,0.7210884353741497,0.6019417475728155,n_rounds>=30,148,104,PERCENT_RANK_OVER_ORDER_BY_e_stake,HF9f,OK,L2_CI_1P5,0.01407701,D 净利最高二十分位 · 优先留存,139,1,A168_HF9F_20260827_0900,2026-08-27 09:00:00
23540666,117,2026-05-18,2026-07-13,最大可贏,250000.0,400000.0,放宽,19364189.8885,17489070.9554,376578.8474,17496,17496,-0.01944718,,-0.01944718,-0.02667250,-376578.8474,19364189.8885,OK,139912.5676,22594.7308,6.0000,94.0000,AG03-UNRESOLVED,ALL5_LEVELS_bet23_to_bet27,22594.7308,22594.7308,37657.8847,0.0000,0.0000,6.000000,6.000000,10.000000,0.000000,0.000000,94.000000,94.000000,90.000000,100.000000,100.000000,3.0,82847.3464,77108.2848,153818.9333,159557.9949,PENDING_AG03,FALSE,NOT_FOR_ENFORCEMENT,353984.1165,16439726.6981,236666.2797,214071.5489,-117317.8368,0.01222185,0.01105502,22594.7308,214071.5489,0.01105502,22594.7308,22594.7308,37657.8847,0.0000,0.0000,214071.5489,0.01105502,82847.3464,77108.2848,153818.9333,159557.9949,0.00794347,0.00823985,-0.00605849,1106.7781,999.6040,21.5237,5230.2618,268.7929,268947.0818,243.0000,,1106.7781,87.943,438.3273,1407.0883,4331.6294,4397.1509,6983.2402,345.3635,0.0,10.03166,15.931565,2.525004,28,152,90,3,0E-8,0.01944718,,0.00800000,0.800000,0.903166,0.000172,,2026-03-25,2026-07-06,72,1401,446,104,0.692308,,,0.000000,4,0.8571428571428571,0.5714285714285714,0.5714285714285714,0.7210884353741497,0.7210884353741497,0.6019417475728155,n_rounds>=30,148,104,PERCENT_RANK_OVER_ORDER_BY_e_stake,HF9f,OK,L2_CI_1P5,0.01407701,D 净利最高二十分位 · 优先留存,140,1,A168_HF9F_20260827_0900,2026-08-27 09:00:00
23540666,121,2026-05-18,2026-07-13,最大可贏,250000.0,400000.0,放宽,19364189.8885,17489070.9554,376578.8474,17496,17496,-0.01944718,,-0.01944718,-0.02667250,-376578.8474,19364189.8885,OK,139912.5676,22594.7308,6.0000,94.0000,AG03-UNRESOLVED,ALL5_LEVELS_bet23_to_bet27,22594.7308,22594.7308,37657.8847,0.0000,0.0000,6.000000,6.000000,10.000000,0.000000,0.000000,94.000000,94.000000,90.000000,100.000000,100.000000,3.0,82847.3464,77108.2848,153818.9333,159557.9949,PENDING_AG03,FALSE,NOT_FOR_ENFORCEMENT,353984.1165,16439726.6981,236666.2797,214071.5489,-117317.8368,0.01222185,0.01105502,22594.7308,214071.5489,0.01105502,22594.7308,22594.7308,37657.8847,0.0000,0.0000,214071.5489,0.01105502,82847.3464,77108.2848,153818.9333,159557.9949,0.00794347,0.00823985,-0.00605849,1106.7781,999.6040,21.5237,5230.2618,268.7929,268947.0818,243.0000,,1106.7781,87.943,438.3273,1407.0883,4331.6294,4397.1509,6983.2402,345.3635,0.0,10.03166,15.931565,2.525004,28,152,90,3,0E-8,0.01944718,,0.00800000,0.800000,0.903166,0.000172,,2026-03-25,2026-07-06,72,1401,446,104,0.692308,,,0.000000,5,0.8571428571428571,0.5714285714285714,0.5714285714285714,0.7210884353741497,0.7210884353741497,0.6019417475728155,n_rounds>=30,148,104,PERCENT_RANK_OVER_ORDER_BY_e_stake,HF9f,OK,L2_CI_1P5,0.01407701,D 净利最高二十分位 · 优先留存,141,1,A168_HF9F_20260827_0900,2026-08-27 09:00:00
23540666,128,2026-05-18,2026-07-13,最大可贏,250000.0,400000.0,放宽,19364189.8885,17489070.9554,376578.8474,17496,17496,-0.01944718,,-0.01944718,-0.02667250,-376578.8474,19364189.8885,OK,139912.5676,22594.7308,6.0000,94.0000,AG03-UNRESOLVED,ALL5_LEVELS_bet23_to_bet27,22594.7308,22594.7308,37657.8847,0.0000,0.0000,6.000000,6.000000,10.000000,0.000000,0.000000,94.000000,94.000000,90.000000,100.000000,100.000000,3.0,82847.3464,77108.2848,153818.9333,159557.9949,PENDING_AG03,FALSE,NOT_FOR_ENFORCEMENT,353984.1165,16439726.6981,236666.2797,214071.5489,-117317.8368,0.01222185,0.01105502,22594.7308,214071.5489,0.01105502,22594.7308,22594.7308,37657.8847,0.0000,0.0000,214071.5489,0.01105502,82847.3464,77108.2848,153818.9333,159557.9949,0.00794347,0.00823985,-0.00605849,1106.7781,999.6040,21.5237,5230.2618,268.7929,268947.0818,243.0000,,1106.7781,87.943,438.3273,1407.0883,4331.6294,4397.1509,6983.2402,345.3635,0.0,10.03166,15.931565,2.525004,28,152,90,3,0E-8,0.01944718,,0.00800000,0.800000,0.903166,0.000172,,2026-03-25,2026-07-06,72,1401,446,104,0.692308,,,0.000000,4,0.8571428571428571,0.5714285714285714,0.5714285714285714,0.7210884353741497,0.7210884353741497,0.6019417475728155,n_rounds>=30,148,104,PERCENT_RANK_OVER_ORDER_BY_e_stake,HF9f,OK,L2_CI_1P5,0.01407701,D 净利最高二十分位 · 优先留存,142,1,A168_HF9F_20260827_0900,2026-08-27 09:00:00
23540666,301,2026-05-18,2026-07-13,最大可贏,250000.0,400000.0,放宽,19364189.8885,17489070.9554,376578.8474,17496,17496,-0.01944718,,-0.01944718,-0.02667250,-376578.8474,19364189.8885,OK,139912.5676,22594.7308,6.0000,94.0000,AG03-UNRESOLVED,ALL5_LEVELS_bet23_to_bet27,22594.7308,22594.7308,37657.8847,0.0000,0.0000,6.000000,6.000000,10.000000,0.000000,0.000000,94.000000,94.000000,90.000000,100.000000,100.000000,3.0,82847.3464,77108.2848,153818.9333,159557.9949,PENDING_AG03,FALSE,NOT_FOR_ENFORCEMENT,353984.1165,16439726.6981,236666.2797,214071.5489,-117317.8368,0.01222185,0.01105502,22594.7308,214071.5489,0.01105502,22594.7308,22594.7308,37657.8847,0.0000,0.0000,214071.5489,0.01105502,82847.3464,77108.2848,153818.9333,159557.9949,0.00794347,0.00823985,-0.00605849,1106.7781,999.6040,21.5237,5230.2618,268.7929,268947.0818,243.0000,,1106.7781,87.943,438.3273,1407.0883,4331.6294,4397.1509,6983.2402,345.3635,0.0,10.03166,15.931565,2.525004,28,152,90,3,0E-8,0.01944718,,0.00800000,0.800000,0.903166,0.000172,,2026-03-25,2026-07-06,72,1401,446,104,0.692308,,,0.000000,4,0.8571428571428571,0.5714285714285714,0.5714285714285714,0.7210884353741497,0.7210884353741497,0.6019417475728155,n_rounds>=30,148,104,PERCENT_RANK_OVER_ORDER_BY_e_stake,HF9f,OK,L2_CI_1P5,0.01407701,D 净利最高二十分位 · 优先留存,143,1,A168_HF9F_20260827_0900,2026-08-27 09:00:00
23540666,5008,2026-05-18,2026-07-13,最大可贏,250000.0,400000.0,放宽,19364189.8885,17489070.9554,376578.8474,17496,17496,-0.01944718,,-0.01944718,-0.02667250,-376578.8474,19364189.8885,OK,139912.5676,22594.7308,6.0000,94.0000,AG03-UNRESOLVED,ALL5_LEVELS_bet23_to_bet27,22594.7308,22594.7308,37657.8847,0.0000,0.0000,6.000000,6.000000,10.000000,0.000000,0.000000,94.000000,94.000000,90.000000,100.000000,100.000000,3.0,82847.3464,77108.2848,153818.9333,159557.9949,PENDING_AG03,FALSE,NOT_FOR_ENFORCEMENT,353984.1165,16439726.6981,236666.2797,214071.5489,-117317.8368,0.01222185,0.01105502,22594.7308,214071.5489,0.01105502,22594.7308,22594.7308,37657.8847,0.0000,0.0000,214071.5489,0.01105502,82847.3464,77108.2848,153818.9333,159557.9949,0.00794347,0.00823985,-0.00605849,1106.7781,999.6040,21.5237,5230.2618,268.7929,268947.0818,243.0000,,1106.7781,87.943,438.3273,1407.0883,4331.6294,4397.1509,6983.2402,345.3635,0.0,10.03166,15.931565,2.525004,28,152,90,3,0E-8,0.01944718,,0.00800000,0.800000,0.903166,0.000172,,2026-03-25,2026-07-06,72,1401,446,104,0.692308,,,0.000000,5,0.8571428571428571,0.5714285714285714,0.5714285714285714,0.7210884353741497,0.7210884353741497,0.6019417475728155,n_rounds>=30,148,104,PERCENT_RANK_OVER_ORDER_BY_e_stake,HF9f,OK,L2_CI_1P5,0.01407701,D 净利最高二十分位 · 优先留存,144,1,A168_HF9F_20260827_0900,2026-08-27 09:00:00
23540666,5009,2026-05-18,2026-07-13,最大可贏,250000.0,400000.0,放宽,19364189.8885,17489070.9554,376578.8474,17496,17496,-0.01944718,,-0.01944718,-0.02667250,-376578.8474,19364189.8885,OK,139912.5676,22594.7308,6.0000,94.0000,AG03-UNRESOLVED,ALL5_LEVELS_bet23_to_bet27,22594.7308,22594.7308,37657.8847,0.0000,0.0000,6.000000,6.000000,10.000000,0.000000,0.000000,94.000000,94.000000,90.000000,100.000000,100.000000,3.0,82847.3464,77108.2848,153818.9333,159557.9949,PENDING_AG03,FALSE,NOT_FOR_ENFORCEMENT,353984.1165,16439726.6981,236666.2797,214071.5489,-117317.8368,0.01222185,0.01105502,22594.7308,214071.5489,0.01105502,22594.7308,22594.7308,37657.8847,0.0000,0.0000,214071.5489,0.01105502,82847.3464,77108.2848,153818.9333,159557.9949,0.00794347,0.00823985,-0.00605849,1106.7781,999.6040,21.5237,5230.2618,268.7929,268947.0818,243.0000,,1106.7781,87.943,438.3273,1407.0883,4331.6294,4397.1509,6983.2402,345.3635,0.0,10.03166,15.931565,2.525004,28,152,90,3,0E-8,0.01944718,,0.00800000,0.800000,0.903166,0.000172,,2026-03-25,2026-07-06,72,1401,446,104,0.692308,,,0.000000,5,0.8571428571428571,0.5714285714285714,0.5714285714285714,0.7210884353741497,0.7210884353741497,0.6019417475728155,n_rounds>=30,148,104,PERCENT_RANK_OVER_ORDER_BY_e_stake,HF9f,OK,L2_CI_1P5,0.01407701,D 净利最高二十分位 · 优先留存,145,1,A168_HF9F_20260827_0900,2026-08-27 09:00:00
23540666,5010,2026-05-18,2026-07-13,最大可贏,250000.0,400000.0,放宽,19364189.8885,17489070.9554,376578.8474,17496,17496,-0.01944718,,-0.01944718,-0.02667250,-376578.8474,19364189.8885,OK,139912.5676,22594.7308,6.0000,94.0000,AG03-UNRESOLVED,ALL5_LEVELS_bet23_to_bet27,22594.7308,22594.7308,37657.8847,0.0000,0.0000,6.000000,6.000000,10.000000,0.000000,0.000000,94.000000,94.000000,90.000000,100.000000,100.000000,3.0,82847.3464,77108.2848,153818.9333,159557.9949,PENDING_AG03,FALSE,NOT_FOR_ENFORCEMENT,353984.1165,16439726.6981,236666.2797,214071.5489,-117317.8368,0.01222185,0.01105502,22594.7308,214071.5489,0.01105502,22594.7308,22594.7308,37657.8847,0.0000,0.0000,214071.5489,0.01105502,82847.3464,77108.2848,153818.9333,159557.9949,0.00794347,0.00823985,-0.00605849,1106.7781,999.6040,21.5237,5230.2618,268.7929,268947.0818,243.0000,,1106.7781,87.943,438.3273,1407.0883,4331.6294,4397.1509,6983.2402,345.3635,0.0,10.03166,15.931565,2.525004,28,152,90,3,0E-8,0.01944718,,0.00800000,0.800000,0.903166,0.000172,,2026-03-25,2026-07-06,72,1401,446,104,0.692308,,,0.000000,4,0.8571428571428571,0.5714285714285714,0.5714285714285714,0.7210884353741497,0.7210884353741497,0.6019417475728155,n_rounds>=30,148,104,PERCENT_RANK_OVER_ORDER_BY_e_stake,HF9f,OK,L2_CI_1P5,0.01407701,D 净利最高二十分位 · 优先留存,146,1,A168_HF9F_20260827_0900,2026-08-27 09:00:00
23540666,5011,2026-05-18,2026-07-13,最大可贏,250000.0,400000.0,放宽,19364189.8885,17489070.9554,376578.8474,17496,17496,-0.01944718,,-0.01944718,-0.02667250,-376578.8474,19364189.8885,OK,139912.5676,22594.7308,6.0000,94.0000,AG03-UNRESOLVED,ALL5_LEVELS_bet23_to_bet27,22594.7308,22594.7308,37657.8847,0.0000,0.0000,6.000000,6.000000,10.000000,0.000000,0.000000,94.000000,94.000000,90.000000,100.000000,100.000000,3.0,82847.3464,77108.2848,153818.9333,159557.9949,PENDING_AG03,FALSE,NOT_FOR_ENFORCEMENT,353984.1165,16439726.6981,236666.2797,214071.5489,-117317.8368,0.01222185,0.01105502,22594.7308,214071.5489,0.01105502,22594.7308,22594.7308,37657.8847,0.0000,0.0000,214071.5489,0.01105502,82847.3464,77108.2848,153818.9333,159557.9949,0.00794347,0.00823985,-0.00605849,1106.7781,999.6040,21.5237,5230.2618,268.7929,268947.0818,243.0000,,1106.7781,87.943,438.3273,1407.0883,4331.6294,4397.1509,6983.2402,345.3635,0.0,10.03166,15.931565,2.525004,28,152,90,3,0E-8,0.01944718,,0.00800000,0.800000,0.903166,0.000172,,2026-03-25,2026-07-06,72,1401,446,104,0.692308,,,0.000000,4,0.8571428571428571,0.5714285714285714,0.5714285714285714,0.7210884353741497,0.7210884353741497,0.6019417475728155,n_rounds>=30,148,104,PERCENT_RANK_OVER_ORDER_BY_e_stake,HF9f,OK,L2_CI_1P5,0.01407701,D 净利最高二十分位 · 优先留存,147,1,A168_HF9F_20260827_0900,2026-08-27 09:00:00
23540666,5031,2026-05-18,2026-07-13,最大可贏,250000.0,400000.0,放宽,19364189.8885,17489070.9554,376578.8474,17496,17496,-0.01944718,,-0.01944718,-0.02667250,-376578.8474,19364189.8885,OK,139912.5676,22594.7308,6.0000,94.0000,AG03-UNRESOLVED,ALL5_LEVELS_bet23_to_bet27,22594.7308,22594.7308,37657.8847,0.0000,0.0000,6.000000,6.000000,10.000000,0.000000,0.000000,94.000000,94.000000,90.000000,100.000000,100.000000,3.0,82847.3464,77108.2848,153818.9333,159557.9949,PENDING_AG03,FALSE,NOT_FOR_ENFORCEMENT,353984.1165,16439726.6981,236666.2797,214071.5489,-117317.8368,0.01222185,0.01105502,22594.7308,214071.5489,0.01105502,22594.7308,22594.7308,37657.8847,0.0000,0.0000,214071.5489,0.01105502,82847.3464,77108.2848,153818.9333,159557.9949,0.00794347,0.00823985,-0.00605849,1106.7781,999.6040,21.5237,5230.2618,268.7929,268947.0818,243.0000,,1106.7781,87.943,438.3273,1407.0883,4331.6294,4397.1509,6983.2402,345.3635,0.0,10.03166,15.931565,2.525004,28,152,90,3,0E-8,0.01944718,,0.00800000,0.800000,0.903166,0.000172,,2026-03-25,2026-07-06,72,1401,446,104,0.692308,,,0.000000,5,0.8571428571428571,0.5714285714285714,0.5714285714285714,0.7210884353741497,0.7210884353741497,0.6019417475728155,n_rounds>=30,148,104,PERCENT_RANK_OVER_ORDER_BY_e_stake,HF9f,OK,L2_CI_1P5,0.01407701,D 净利最高二十分位 · 优先留存,148,1,A168_HF9F_20260827_0900,2026-08-27 09:00:00
