TABLE_SCHEMA,TABLE_NAME,COLUMN_NAME,ORDINAL_POSITION,DATA_TYPE,COLUMN_TYPE,IS_NULLABLE,COLUMN_COMMENT
ods_mariadb_2b,ods_a168_RedPacketSetup,__source_pk,1,varchar,varchar(64),NO,源行唯一键：优先源主键/唯一键MD5，无主键则整行MD5
ods_mariadb_2b,ods_a168_RedPacketSetup,dt,2,date,date,NO,StarRocks日分区日期：优先来源业务时间，无时间字段则同步当天
ods_mariadb_2b,ods_a168_RedPacketSetup,id,3,varchar,varchar(65533),YES,source_type=int(11); 
ods_mariadb_2b,ods_a168_RedPacketSetup,agent_id,4,varchar,varchar(65533),YES,source_type=int(11); 代理id
ods_mariadb_2b,ods_a168_RedPacketSetup,status,5,varchar,varchar(65533),YES,"source_type=tinyint(1); 活动状态:0:关闭,1:开启"
ods_mariadb_2b,ods_a168_RedPacketSetup,start_time,6,varchar,varchar(65533),YES,source_type=datetime; 開始活动时间
ods_mariadb_2b,ods_a168_RedPacketSetup,end_time,7,varchar,varchar(65533),YES,source_type=datetime; 結束活动时间
ods_mariadb_2b,ods_a168_RedPacketSetup,total_money_updating,8,varchar,varchar(65533),YES,source_type=tinyint(1); 紅包雨更新鎖
ods_mariadb_2b,ods_a168_RedPacketSetup,total_money,9,varchar,varchar(65533),YES,source_type=int(11); 紅包雨總金額
ods_mariadb_2b,ods_a168_RedPacketSetup,single_money_from,10,varchar,varchar(65533),YES,source_type=int(11); 單次紅包雨總金額範圍
ods_mariadb_2b,ods_a168_RedPacketSetup,single_money_to,11,varchar,varchar(65533),YES,source_type=int(11); 單次紅包雨總金額範圍
ods_mariadb_2b,ods_a168_RedPacketSetup,single_interval,12,varchar,varchar(65533),YES,"source_type=int(8); 点击红包时间间隔(秒), 0代表无时间间隔"
ods_mariadb_2b,ods_a168_RedPacketSetup,single_available_times,13,varchar,varchar(65533),YES,source_type=int(10); 单次红包雨可领取次数(20211223 不使用rex)
ods_mariadb_2b,ods_a168_RedPacketSetup,setting,14,varchar,varchar(1048576),YES,source_type=text; 紅包雨gid配置
ods_mariadb_2b,ods_a168_RedPacketSetup,duration,15,varchar,varchar(65533),YES,source_type=int(10); 持續時間
ods_mariadb_2b,ods_a168_RedPacketSetup,need_valid,16,varchar,varchar(65533),YES,source_type=tinyint(1); 活動獎金是否需要打碼
ods_mariadb_2b,ods_a168_RedPacketSetup,need_valid_percent,17,varchar,varchar(65533),YES,"source_type=int(3); 需打碼時,獎金的%數"
ods_mariadb_2b,ods_a168_RedPacketSetup,rules,18,varchar,varchar(1048576),YES,source_type=text; 活動規則
ods_mariadb_2b,ods_a168_RedPacketSetup,black_list,19,varchar,varchar(1048576),YES,source_type=text; 黑名單帳號(逗號隔開)(不使用)
ods_mariadb_2b,ods_a168_RedPacketSetup,utp,20,varchar,varchar(65533),YES,source_type=char(1); 操作者類型
ods_mariadb_2b,ods_a168_RedPacketSetup,uid,21,varchar,varchar(65533),YES,source_type=int(11); 操作者id
ods_mariadb_2b,ods_a168_RedPacketSetup,update_time,22,varchar,varchar(65533),YES,source_type=datetime; 操作時間
ods_mariadb_2b,ods_a168_RedPacketSetup,source_db,23,varchar,varchar(64),YES,来源库
ods_mariadb_2b,ods_a168_RedPacketSetup,source_table,24,varchar,varchar(128),YES,来源表
ods_mariadb_2b,ods_a168_RedPacketSetup,ods_table_name,25,varchar,varchar(256),YES,ODS表名
ods_mariadb_2b,ods_a168_RedPacketSetup,sync_time,26,datetime,datetime,YES,同步时间
ods_mariadb_2b,ods_a168_RedPacketSetup_setting,__source_pk,1,varchar,varchar(64),NO,源行唯一键：优先源主键/唯一键MD5，无主键则整行MD5
ods_mariadb_2b,ods_a168_RedPacketSetup_setting,dt,2,date,date,NO,StarRocks日分区日期：优先来源业务时间，无时间字段则同步当天
ods_mariadb_2b,ods_a168_RedPacketSetup_setting,id,3,varchar,varchar(65533),YES,source_type=int(11); 
ods_mariadb_2b,ods_a168_RedPacketSetup_setting,red_id,4,varchar,varchar(65533),YES,source_type=int(11); 紅包設定id
ods_mariadb_2b,ods_a168_RedPacketSetup_setting,currency,5,varchar,varchar(65533),YES,source_type=int(3); 幣別
ods_mariadb_2b,ods_a168_RedPacketSetup_setting,gtype,6,varchar,varchar(65533),YES,source_type=int(4); 遊戲id
ods_mariadb_2b,ods_a168_RedPacketSetup_setting,sync,7,varchar,varchar(65533),YES,"source_type=tinyint(1); 同步sync.0:否,1:是"
ods_mariadb_2b,ods_a168_RedPacketSetup_setting,bet_count,8,varchar,varchar(65533),YES,source_type=int(10); 投注局數
ods_mariadb_2b,ods_a168_RedPacketSetup_setting,bet_amount,9,varchar,varchar(65533),YES,"source_type=decimal(16,2); 單筆下注金額"
ods_mariadb_2b,ods_a168_RedPacketSetup_setting,money_from,10,varchar,varchar(65533),YES,"source_type=decimal(16,2); 紅包金額範圍"
ods_mariadb_2b,ods_a168_RedPacketSetup_setting,money_to,11,varchar,varchar(65533),YES,"source_type=decimal(16,2); 紅包金額範圍"
ods_mariadb_2b,ods_a168_RedPacketSetup_setting,percent,12,varchar,varchar(65533),YES,source_type=int(3); 概率
ods_mariadb_2b,ods_a168_RedPacketSetup_setting,source_db,13,varchar,varchar(64),YES,来源库
ods_mariadb_2b,ods_a168_RedPacketSetup_setting,source_table,14,varchar,varchar(128),YES,来源表
ods_mariadb_2b,ods_a168_RedPacketSetup_setting,ods_table_name,15,varchar,varchar(256),YES,ODS表名
ods_mariadb_2b,ods_a168_RedPacketSetup_setting,sync_time,16,datetime,datetime,YES,同步时间
ods_mariadb_2b,ods_a168_RedPacket_No,__source_pk,1,varchar,varchar(64),NO,源行唯一键：优先源主键/唯一键MD5，无主键则整行MD5
ods_mariadb_2b,ods_a168_RedPacket_No,dt,2,date,date,NO,StarRocks日分区日期：优先来源业务时间，无时间字段则同步当天
ods_mariadb_2b,ods_a168_RedPacket_No,id,3,varchar,varchar(65533),YES,source_type=bigint(20); 
ods_mariadb_2b,ods_a168_RedPacket_No,source_db,4,varchar,varchar(64),YES,来源库
ods_mariadb_2b,ods_a168_RedPacket_No,source_table,5,varchar,varchar(128),YES,来源表
ods_mariadb_2b,ods_a168_RedPacket_No,ods_table_name,6,varchar,varchar(256),YES,ODS表名
ods_mariadb_2b,ods_a168_RedPacket_No,sync_time,7,datetime,datetime,YES,同步时间
ods_mariadb_2b,ods_a168_RedPacket_Order,__source_pk,1,varchar,varchar(64),NO,源行唯一键：优先源主键/唯一键MD5，无主键则整行MD5
ods_mariadb_2b,ods_a168_RedPacket_Order,dt,2,date,date,NO,StarRocks日分区日期：优先来源业务时间，无时间字段则同步当天
ods_mariadb_2b,ods_a168_RedPacket_Order,id,3,varchar,varchar(65533),YES,source_type=bigint(20); 
ods_mariadb_2b,ods_a168_RedPacket_Order,mid,4,varchar,varchar(65533),YES,source_type=int(11); 
ods_mariadb_2b,ods_a168_RedPacket_Order,gameid,5,varchar,varchar(65533),YES,source_type=int(11); 遊戲
ods_mariadb_2b,ods_a168_RedPacket_Order,currency,6,varchar,varchar(65533),YES,source_type=int(11); 
ods_mariadb_2b,ods_a168_RedPacket_Order,rate,7,varchar,varchar(65533),YES,"source_type=decimal(8,4); "
ods_mariadb_2b,ods_a168_RedPacket_Order,money,8,varchar,varchar(65533),YES,"source_type=decimal(16,4); 中獎金額"
ods_mariadb_2b,ods_a168_RedPacket_Order,status,9,varchar,varchar(65533),YES,"source_type=enum(''Y'',''N''); Y:已領取,N:未領取"
ods_mariadb_2b,ods_a168_RedPacket_Order,lv1percent,10,varchar,varchar(65533),YES,"source_type=decimal(16,4); "
ods_mariadb_2b,ods_a168_RedPacket_Order,lv2percent,11,varchar,varchar(65533),YES,"source_type=decimal(16,4); "
ods_mariadb_2b,ods_a168_RedPacket_Order,lv3percent,12,varchar,varchar(65533),YES,"source_type=decimal(16,4); "
ods_mariadb_2b,ods_a168_RedPacket_Order,lv4percent,13,varchar,varchar(65533),YES,"source_type=decimal(16,4); "
ods_mariadb_2b,ods_a168_RedPacket_Order,lv5percent,14,varchar,varchar(65533),YES,"source_type=decimal(16,4); "
ods_mariadb_2b,ods_a168_RedPacket_Order,addtime,15,varchar,varchar(65533),YES,source_type=datetime; gs寫單時間
ods_mariadb_2b,ods_a168_RedPacket_Order,receivetime,16,varchar,varchar(65533),YES,source_type=datetime; 領取時間
ods_mariadb_2b,ods_a168_RedPacket_Order,source_db,17,varchar,varchar(64),YES,来源库
ods_mariadb_2b,ods_a168_RedPacket_Order,source_table,18,varchar,varchar(128),YES,来源表
ods_mariadb_2b,ods_a168_RedPacket_Order,ods_table_name,19,varchar,varchar(256),YES,ODS表名
ods_mariadb_2b,ods_a168_RedPacket_Order,sync_time,20,datetime,datetime,YES,同步时间
ods_mariadb_2b,ods_a168_SMR_log,__source_pk,1,varchar,varchar(64),NO,源行唯一键：优先源主键/唯一键MD5，无主键则整行MD5
ods_mariadb_2b,ods_a168_SMR_log,dt,2,date,date,NO,StarRocks日分区日期：优先来源业务时间，无时间字段则同步当天
ods_mariadb_2b,ods_a168_SMR_log,sn,3,varchar,varchar(65533),YES,source_type=int(11); 
ods_mariadb_2b,ods_a168_SMR_log,bet02,4,varchar,varchar(65533),YES,source_type=int(11); 
ods_mariadb_2b,ods_a168_SMR_log,bet03,5,varchar,varchar(65533),YES,"source_type=decimal(12,0); "
ods_mariadb_2b,ods_a168_SMR_log,bet04,6,varchar,varchar(65533),YES,source_type=int(11); 
ods_mariadb_2b,ods_a168_SMR_log,bet22,7,varchar,varchar(65533),YES,source_type=int(11); 
ods_mariadb_2b,ods_a168_SMR_log,category,8,varchar,varchar(65533),YES,source_type=int(11); 
ods_mariadb_2b,ods_a168_SMR_log,receivetime,9,varchar,varchar(65533),YES,source_type=datetime; 
ods_mariadb_2b,ods_a168_SMR_log,source_db,10,varchar,varchar(64),YES,来源库
ods_mariadb_2b,ods_a168_SMR_log,source_table,11,varchar,varchar(128),YES,来源表
ods_mariadb_2b,ods_a168_SMR_log,ods_table_name,12,varchar,varchar(256),YES,ODS表名
ods_mariadb_2b,ods_a168_SMR_log,sync_time,13,datetime,datetime,YES,同步时间
ods_mariadb_2b,ods_a168_age_login,__source_pk,1,varchar,varchar(64),NO,源行唯一键：优先源主键/唯一键MD5，无主键则整行MD5
ods_mariadb_2b,ods_a168_age_login,dt,2,date,date,NO,StarRocks日分区日期：优先来源业务时间，无时间字段则同步当天
ods_mariadb_2b,ods_a168_age_login,alg001,3,varchar,varchar(65533),YES,source_type=int(11); age_id
ods_mariadb_2b,ods_a168_age_login,alg002,4,varchar,varchar(65533),YES,source_type=int(11); site
ods_mariadb_2b,ods_a168_age_login,alg003,5,varchar,varchar(65533),YES,source_type=varchar(50); sid
ods_mariadb_2b,ods_a168_age_login,alg004,6,varchar,varchar(65533),YES,source_type=timestamp; this_login
ods_mariadb_2b,ods_a168_age_login,alg005,7,varchar,varchar(65533),YES,source_type=timestamp; last_login
ods_mariadb_2b,ods_a168_age_login,alg006,8,varchar,varchar(1048576),YES,source_type=text; ip
ods_mariadb_2b,ods_a168_age_login,alg007,9,varchar,varchar(1048576),YES,source_type=text; info
ods_mariadb_2b,ods_a168_age_login,source_db,10,varchar,varchar(64),YES,来源库
ods_mariadb_2b,ods_a168_age_login,source_table,11,varchar,varchar(128),YES,来源表
ods_mariadb_2b,ods_a168_age_login,ods_table_name,12,varchar,varchar(256),YES,ODS表名
ods_mariadb_2b,ods_a168_age_login,sync_time,13,datetime,datetime,YES,同步时间
ods_mariadb_2b,ods_a168_age_sub_login,__source_pk,1,varchar,varchar(64),NO,源行唯一键：优先源主键/唯一键MD5，无主键则整行MD5
ods_mariadb_2b,ods_a168_age_sub_login,dt,2,date,date,NO,StarRocks日分区日期：优先来源业务时间，无时间字段则同步当天
ods_mariadb_2b,ods_a168_age_sub_login,asl001,3,varchar,varchar(65533),YES,source_type=int(11); sub_id
ods_mariadb_2b,ods_a168_age_sub_login,asl002,4,varchar,varchar(65533),YES,source_type=int(11); site
ods_mariadb_2b,ods_a168_age_sub_login,asl003,5,varchar,varchar(65533),YES,source_type=varchar(50); sid
ods_mariadb_2b,ods_a168_age_sub_login,asl004,6,varchar,varchar(65533),YES,source_type=datetime; this_login
ods_mariadb_2b,ods_a168_age_sub_login,asl005,7,varchar,varchar(65533),YES,source_type=datetime; last_login
ods_mariadb_2b,ods_a168_age_sub_login,asl006,8,varchar,varchar(1048576),YES,source_type=text; ip
ods_mariadb_2b,ods_a168_age_sub_login,asl007,9,varchar,varchar(1048576),YES,source_type=text; info
ods_mariadb_2b,ods_a168_age_sub_login,source_db,10,varchar,varchar(64),YES,来源库
ods_mariadb_2b,ods_a168_age_sub_login,source_table,11,varchar,varchar(128),YES,来源表
ods_mariadb_2b,ods_a168_age_sub_login,ods_table_name,12,varchar,varchar(256),YES,ODS表名
ods_mariadb_2b,ods_a168_age_sub_login,sync_time,13,datetime,datetime,YES,同步时间
ods_mariadb_2b,ods_a168_agent,__source_pk,1,varchar,varchar(64),NO,源行唯一键：优先源主键/唯一键MD5，无主键则整行MD5
ods_mariadb_2b,ods_a168_agent,dt,2,date,date,NO,StarRocks日分区日期：优先来源业务时间，无时间字段则同步当天
ods_mariadb_2b,ods_a168_agent,age001,3,varchar,varchar(65533),YES,source_type=int(11); sn
ods_mariadb_2b,ods_a168_agent,age002,4,varchar,varchar(65533),YES,source_type=varchar(30); 
ods_mariadb_2b,ods_a168_agent,age003,5,varchar,varchar(65533),YES,source_type=varchar(50); 
ods_mariadb_2b,ods_a168_agent,age004,6,varchar,varchar(65533),YES,source_type=varchar(30); 
ods_mariadb_2b,ods_a168_agent,age005,7,varchar,varchar(65533),YES,source_type=timestamp; 
ods_mariadb_2b,ods_a168_agent,age006,8,varchar,varchar(65533),YES,source_type=int(11); 
ods_mariadb_2b,ods_a168_agent,age007,9,varchar,varchar(65533),YES,source_type=int(11); 
ods_mariadb_2b,ods_a168_agent,age008,10,varchar,varchar(65533),YES,source_type=int(11); 
ods_mariadb_2b,ods_a168_agent,age009,11,varchar,varchar(65533),YES,source_type=int(11); 
ods_mariadb_2b,ods_a168_agent,age010,12,varchar,varchar(65533),YES,source_type=int(11); 
ods_mariadb_2b,ods_a168_agent,age011,13,varchar,varchar(65533),YES,source_type=int(11); 
ods_mariadb_2b,ods_a168_agent,age012,14,varchar,varchar(65533),YES,source_type=timestamp; 
ods_mariadb_2b,ods_a168_agent,age013,15,varchar,varchar(1048576),YES,source_type=text; 
ods_mariadb_2b,ods_a168_agent,age014,16,varchar,varchar(65533),YES,source_type=int(11); 風險重置開關
ods_mariadb_2b,ods_a168_agent,age015,17,varchar,varchar(65533),YES,"source_type=enum(''Y'',''N''); 啟停用狀態"
ods_mariadb_2b,ods_a168_agent,age016,18,varchar,varchar(65533),YES,"source_type=enum(''Y'',''N''); 啟停押狀態"
ods_mariadb_2b,ods_a168_agent,age017,19,varchar,varchar(65533),YES,"source_type=enum(''Y'',''N''); "
ods_mariadb_2b,ods_a168_agent,age018,20,varchar,varchar(65533),YES,"source_type=enum(''Y'',''N''); "
ods_mariadb_2b,ods_a168_agent,age019,21,varchar,varchar(65533),YES,source_type=int(11); 結算報表開關
ods_mariadb_2b,ods_a168_agent,age020,22,varchar,varchar(65533),YES,source_type=int(11); 結算報表格式
ods_mariadb_2b,ods_a168_agent,age021,23,varchar,varchar(65533),YES,source_type=int(11); 結算報表語系
ods_mariadb_2b,ods_a168_agent,age022,24,varchar,varchar(65533),YES,source_type=int(11); 測試線判別
ods_mariadb_2b,ods_a168_agent,age023,25,varchar,varchar(65533),YES,source_type=char(1); 
ods_mariadb_2b,ods_a168_agent,age024,26,varchar,varchar(65533),YES,source_type=varchar(30); 備註
ods_mariadb_2b,ods_a168_agent,credit,27,varchar,varchar(65533),YES,"source_type=decimal(15,4); "
ods_mariadb_2b,ods_a168_agent,cash,28,varchar,varchar(65533),YES,"source_type=decimal(15,4); "
ods_mariadb_2b,ods_a168_agent,type,29,varchar,varchar(65533),YES,source_type=int(11); 
ods_mariadb_2b,ods_a168_agent,currency,30,varchar,varchar(65533),YES,source_type=int(11); 
ods_mariadb_2b,ods_a168_agent,tip,31,varchar,varchar(65533),YES,"source_type=enum(''Y'',''N''); "
ods_mariadb_2b,ods_a168_agent,red,32,varchar,varchar(65533),YES,"source_type=enum(''N'',''Y''); 紅包開關"
ods_mariadb_2b,ods_a168_agent,prefix_add,33,varchar,varchar(65533),YES,"source_type=enum(''Y'',''N''); "
ods_mariadb_2b,ods_a168_agent,prefix_acc,34,varchar,varchar(65533),YES,source_type=varchar(12); 前綴碼
ods_mariadb_2b,ods_a168_agent,receipt_acc,35,varchar,varchar(65533),YES,source_type=int(3); 收款帳號
ods_mariadb_2b,ods_a168_agent,notification,36,varchar,varchar(65533),YES,source_type=int(11); 通知帳號
ods_mariadb_2b,ods_a168_agent,sacc,37,varchar,varchar(65533),YES,source_type=varchar(30); 顯示帳號
ods_mariadb_2b,ods_a168_agent,opengame,38,varchar,varchar(65533),YES,source_type=varchar(255); 
ods_mariadb_2b,ods_a168_agent,site,39,varchar,varchar(65533),YES,source_type=varchar(60); 
ods_mariadb_2b,ods_a168_agent,membermax,40,varchar,varchar(65533),YES,source_type=int(11); 會員總數
ods_mariadb_2b,ods_a168_agent,profitmax,41,varchar,varchar(65533),YES,source_type=varchar(11); 最大利潤
ods_mariadb_2b,ods_a168_agent,promotecode,42,varchar,varchar(65533),YES,source_type=char(6); 推廣代碼
ods_mariadb_2b,ods_a168_agent,kickperiod,43,varchar,varchar(65533),YES,source_type=int(3); 踢出局數
ods_mariadb_2b,ods_a168_agent,identity,44,varchar,varchar(65533),YES,source_type=int(11); 0:信用;1:API
ods_mariadb_2b,ods_a168_agent,chkKey,45,varchar,varchar(65533),YES,source_type=varchar(100); 
ods_mariadb_2b,ods_a168_agent,chkLock,46,varchar,varchar(65533),YES,"source_type=enum(''Y'',''N''); 是否鎖定"
ods_mariadb_2b,ods_a168_agent,last_chpsw,47,varchar,varchar(65533),YES,source_type=timestamp; 上次修改密碼時間
ods_mariadb_2b,ods_a168_agent,source_db,48,varchar,varchar(64),YES,来源库
ods_mariadb_2b,ods_a168_agent,source_table,49,varchar,varchar(128),YES,来源表
ods_mariadb_2b,ods_a168_agent,ods_table_name,50,varchar,varchar(256),YES,ODS表名
ods_mariadb_2b,ods_a168_agent,sync_time,51,datetime,datetime,YES,同步时间
ods_mariadb_2b,ods_a168_agent_bak20250610,__source_pk,1,varchar,varchar(64),NO,源行唯一键：优先源主键/唯一键MD5，无主键则整行MD5
ods_mariadb_2b,ods_a168_agent_bak20250610,dt,2,date,date,NO,StarRocks日分区日期：优先来源业务时间，无时间字段则同步当天
ods_mariadb_2b,ods_a168_agent_bak20250610,age001,3,varchar,varchar(65533),YES,source_type=int(11); sn
ods_mariadb_2b,ods_a168_agent_bak20250610,age002,4,varchar,varchar(65533),YES,source_type=varchar(30); 
ods_mariadb_2b,ods_a168_agent_bak20250610,age003,5,varchar,varchar(65533),YES,source_type=varchar(50); 
ods_mariadb_2b,ods_a168_agent_bak20250610,age004,6,varchar,varchar(65533),YES,source_type=varchar(30); 
ods_mariadb_2b,ods_a168_agent_bak20250610,age005,7,varchar,varchar(65533),YES,source_type=timestamp; 
ods_mariadb_2b,ods_a168_agent_bak20250610,age006,8,varchar,varchar(65533),YES,source_type=int(11); 
ods_mariadb_2b,ods_a168_agent_bak20250610,age007,9,varchar,varchar(65533),YES,source_type=int(11); 
ods_mariadb_2b,ods_a168_agent_bak20250610,age008,10,varchar,varchar(65533),YES,source_type=int(11); 
ods_mariadb_2b,ods_a168_agent_bak20250610,age009,11,varchar,varchar(65533),YES,source_type=int(11); 
ods_mariadb_2b,ods_a168_agent_bak20250610,age010,12,varchar,varchar(65533),YES,source_type=int(11); 
ods_mariadb_2b,ods_a168_agent_bak20250610,age011,13,varchar,varchar(65533),YES,source_type=int(11); 
ods_mariadb_2b,ods_a168_agent_bak20250610,age012,14,varchar,varchar(65533),YES,source_type=timestamp; 
ods_mariadb_2b,ods_a168_agent_bak20250610,age013,15,varchar,varchar(1048576),YES,source_type=text; 
ods_mariadb_2b,ods_a168_agent_bak20250610,age014,16,varchar,varchar(65533),YES,source_type=int(11); 風險重置開關
ods_mariadb_2b,ods_a168_agent_bak20250610,age015,17,varchar,varchar(65533),YES,"source_type=enum(''Y'',''N''); 啟停用狀態"
ods_mariadb_2b,ods_a168_agent_bak20250610,age016,18,varchar,varchar(65533),YES,"source_type=enum(''Y'',''N''); 啟停押狀態"
ods_mariadb_2b,ods_a168_agent_bak20250610,age017,19,varchar,varchar(65533),YES,"source_type=enum(''Y'',''N''); "
ods_mariadb_2b,ods_a168_agent_bak20250610,age018,20,varchar,varchar(65533),YES,"source_type=enum(''Y'',''N''); "
ods_mariadb_2b,ods_a168_agent_bak20250610,age019,21,varchar,varchar(65533),YES,source_type=int(11); 結算報表開關
ods_mariadb_2b,ods_a168_agent_bak20250610,age020,22,varchar,varchar(65533),YES,source_type=int(11); 結算報表格式
ods_mariadb_2b,ods_a168_agent_bak20250610,age021,23,varchar,varchar(65533),YES,source_type=int(11); 結算報表語系
ods_mariadb_2b,ods_a168_agent_bak20250610,age022,24,varchar,varchar(65533),YES,source_type=int(11); 測試線判別
ods_mariadb_2b,ods_a168_agent_bak20250610,age023,25,varchar,varchar(65533),YES,source_type=char(1); 
ods_mariadb_2b,ods_a168_agent_bak20250610,age024,26,varchar,varchar(65533),YES,source_type=varchar(30); 備註
ods_mariadb_2b,ods_a168_agent_bak20250610,credit,27,varchar,varchar(65533),YES,"source_type=decimal(15,4); "
ods_mariadb_2b,ods_a168_agent_bak20250610,cash,28,varchar,varchar(65533),YES,"source_type=decimal(15,4); "
ods_mariadb_2b,ods_a168_agent_bak20250610,type,29,varchar,varchar(65533),YES,source_type=int(11); 
ods_mariadb_2b,ods_a168_agent_bak20250610,currency,30,varchar,varchar(65533),YES,source_type=int(11); 
ods_mariadb_2b,ods_a168_agent_bak20250610,tip,31,varchar,varchar(65533),YES,"source_type=enum(''Y'',''N''); "
ods_mariadb_2b,ods_a168_agent_bak20250610,red,32,varchar,varchar(65533),YES,"source_type=enum(''N'',''Y''); 紅包開關"
ods_mariadb_2b,ods_a168_agent_bak20250610,prefix_add,33,varchar,varchar(65533),YES,"source_type=enum(''Y'',''N''); "
ods_mariadb_2b,ods_a168_agent_bak20250610,prefix_acc,34,varchar,varchar(65533),YES,source_type=varchar(12); 前綴碼
ods_mariadb_2b,ods_a168_agent_bak20250610,receipt_acc,35,varchar,varchar(65533),YES,source_type=int(3); 收款帳號
ods_mariadb_2b,ods_a168_agent_bak20250610,notification,36,varchar,varchar(65533),YES,source_type=int(11); 通知帳號
ods_mariadb_2b,ods_a168_agent_bak20250610,sacc,37,varchar,varchar(65533),YES,source_type=varchar(30); 顯示帳號
ods_mariadb_2b,ods_a168_agent_bak20250610,opengame,38,varchar,varchar(65533),YES,source_type=varchar(255); 
ods_mariadb_2b,ods_a168_agent_bak20250610,site,39,varchar,varchar(65533),YES,source_type=varchar(60); 
ods_mariadb_2b,ods_a168_agent_bak20250610,membermax,40,varchar,varchar(65533),YES,source_type=int(11); 會員總數
ods_mariadb_2b,ods_a168_agent_bak20250610,profitmax,41,varchar,varchar(65533),YES,source_type=varchar(11); 最大利潤
ods_mariadb_2b,ods_a168_agent_bak20250610,promotecode,42,varchar,varchar(65533),YES,source_type=char(6); 推廣代碼
ods_mariadb_2b,ods_a168_agent_bak20250610,kickperiod,43,varchar,varchar(65533),YES,source_type=int(3); 踢出局數
ods_mariadb_2b,ods_a168_agent_bak20250610,identity,44,varchar,varchar(65533),YES,source_type=int(11); 0:信用;1:API
ods_mariadb_2b,ods_a168_agent_bak20250610,chkKey,45,varchar,varchar(65533),YES,source_type=varchar(100); 
ods_mariadb_2b,ods_a168_agent_bak20250610,chkLock,46,varchar,varchar(65533),YES,"source_type=enum(''Y'',''N''); 是否鎖定"
ods_mariadb_2b,ods_a168_agent_bak20250610,last_chpsw,47,varchar,varchar(65533),YES,source_type=timestamp; 上次修改密碼時間
ods_mariadb_2b,ods_a168_agent_bak20250610,source_db,48,varchar,varchar(64),YES,来源库
ods_mariadb_2b,ods_a168_agent_bak20250610,source_table,49,varchar,varchar(128),YES,来源表
ods_mariadb_2b,ods_a168_agent_bak20250610,ods_table_name,50,varchar,varchar(256),YES,ODS表名
ods_mariadb_2b,ods_a168_agent_bak20250610,sync_time,51,datetime,datetime,YES,同步时间
ods_mariadb_2b,ods_a168_agent_dtl,__source_pk,1,varchar,varchar(64),NO,源行唯一键：优先源主键/唯一键MD5，无主键则整行MD5
ods_mariadb_2b,ods_a168_agent_dtl,dt,2,date,date,NO,StarRocks日分区日期：优先来源业务时间，无时间字段则同步当天
ods_mariadb_2b,ods_a168_agent_dtl,ag001,3,varchar,varchar(65533),YES,source_type=int(11); id
ods_mariadb_2b,ods_a168_agent_dtl,ag002,4,varchar,varchar(65533),YES,source_type=int(11); 類別
ods_mariadb_2b,ods_a168_agent_dtl,ag003,5,varchar,varchar(65533),YES,"source_type=decimal(16,2); 退水"
ods_mariadb_2b,ods_a168_agent_dtl,ag004,6,varchar,varchar(65533),YES,source_type=int(11); 最小押分
ods_mariadb_2b,ods_a168_agent_dtl,ag005,7,varchar,varchar(65533),YES,source_type=int(11); 最大押分
ods_mariadb_2b,ods_a168_agent_dtl,ag006,8,varchar,varchar(65533),YES,source_type=int(11); 押分倍數
ods_mariadb_2b,ods_a168_agent_dtl,ag007,9,varchar,varchar(65533),YES,source_type=int(11); 最大押分02
ods_mariadb_2b,ods_a168_agent_dtl,ag008,10,varchar,varchar(65533),YES,source_type=int(11); 最大押分03
ods_mariadb_2b,ods_a168_agent_dtl,ag009,11,varchar,varchar(65533),YES,source_type=int(11); 最大押分04
ods_mariadb_2b,ods_a168_agent_dtl,ag010,12,varchar,varchar(65533),YES,source_type=int(11); 最大押分05
ods_mariadb_2b,ods_a168_agent_dtl,ag011,13,varchar,varchar(65533),YES,source_type=int(11); 最大押分06
ods_mariadb_2b,ods_a168_agent_dtl,ag012,14,varchar,varchar(65533),YES,"source_type=decimal(16,2); 佔成"
ods_mariadb_2b,ods_a168_agent_dtl,ag013,15,varchar,varchar(65533),YES,source_type=int(11); 選則限紅（BIT）
ods_mariadb_2b,ods_a168_agent_dtl,ag014,16,varchar,varchar(65533),YES,source_type=varchar(300); 新版限額
ods_mariadb_2b,ods_a168_agent_dtl,ag015,17,varchar,varchar(65533),YES,"source_type=decimal(16,2); 電投退水"
ods_mariadb_2b,ods_a168_agent_dtl,ag016,18,varchar,varchar(65533),YES,source_type=int(3); 電投佔成
ods_mariadb_2b,ods_a168_agent_dtl,source_db,19,varchar,varchar(64),YES,来源库
ods_mariadb_2b,ods_a168_agent_dtl,source_table,20,varchar,varchar(128),YES,来源表
ods_mariadb_2b,ods_a168_agent_dtl,ods_table_name,21,varchar,varchar(256),YES,ODS表名
ods_mariadb_2b,ods_a168_agent_dtl,sync_time,22,datetime,datetime,YES,同步时间
ods_mariadb_2b,ods_a168_agent_dtl_test,__source_pk,1,varchar,varchar(64),NO,源行唯一键：优先源主键/唯一键MD5，无主键则整行MD5
ods_mariadb_2b,ods_a168_agent_dtl_test,dt,2,date,date,NO,StarRocks日分区日期：优先来源业务时间，无时间字段则同步当天
ods_mariadb_2b,ods_a168_agent_dtl_test,ag001,3,varchar,varchar(65533),YES,source_type=int(11); id
ods_mariadb_2b,ods_a168_agent_dtl_test,ag002,4,varchar,varchar(65533),YES,source_type=int(11); 類別
ods_mariadb_2b,ods_a168_agent_dtl_test,ag003,5,varchar,varchar(65533),YES,"source_type=decimal(16,2); 退水"
ods_mariadb_2b,ods_a168_agent_dtl_test,ag004,6,varchar,varchar(65533),YES,source_type=int(11); 最小押分
ods_mariadb_2b,ods_a168_agent_dtl_test,ag005,7,varchar,varchar(65533),YES,source_type=int(11); 最大押分
ods_mariadb_2b,ods_a168_agent_dtl_test,ag006,8,varchar,varchar(65533),YES,source_type=int(11); 押分倍數
ods_mariadb_2b,ods_a168_agent_dtl_test,ag007,9,varchar,varchar(65533),YES,source_type=int(11); 最大押分02
ods_mariadb_2b,ods_a168_agent_dtl_test,ag008,10,varchar,varchar(65533),YES,source_type=int(11); 最大押分03
ods_mariadb_2b,ods_a168_agent_dtl_test,ag009,11,varchar,varchar(65533),YES,source_type=int(11); 最大押分04
ods_mariadb_2b,ods_a168_agent_dtl_test,ag010,12,varchar,varchar(65533),YES,source_type=int(11); 最大押分05
ods_mariadb_2b,ods_a168_agent_dtl_test,ag011,13,varchar,varchar(65533),YES,source_type=int(11); 最大押分06
ods_mariadb_2b,ods_a168_agent_dtl_test,ag012,14,varchar,varchar(65533),YES,"source_type=decimal(16,2); 佔成"
ods_mariadb_2b,ods_a168_agent_dtl_test,ag013,15,varchar,varchar(65533),YES,source_type=int(11); 選則限紅（BIT）
ods_mariadb_2b,ods_a168_agent_dtl_test,ag014,16,varchar,varchar(65533),YES,source_type=varchar(300); 新版限額
ods_mariadb_2b,ods_a168_agent_dtl_test,ag015,17,varchar,varchar(65533),YES,"source_type=decimal(16,2); 電投退水"
ods_mariadb_2b,ods_a168_agent_dtl_test,ag016,18,varchar,varchar(65533),YES,source_type=int(3); 電投佔成
ods_mariadb_2b,ods_a168_agent_dtl_test,source_db,19,varchar,varchar(64),YES,来源库
ods_mariadb_2b,ods_a168_agent_dtl_test,source_table,20,varchar,varchar(128),YES,来源表
ods_mariadb_2b,ods_a168_agent_dtl_test,ods_table_name,21,varchar,varchar(256),YES,ODS表名
ods_mariadb_2b,ods_a168_agent_dtl_test,sync_time,22,datetime,datetime,YES,同步时间
ods_mariadb_2b,ods_a168_agent_elec,__source_pk,1,varchar,varchar(64),NO,源行唯一键：优先源主键/唯一键MD5，无主键则整行MD5
ods_mariadb_2b,ods_a168_agent_elec,dt,2,date,date,NO,StarRocks日分区日期：优先来源业务时间，无时间字段则同步当天
ods_mariadb_2b,ods_a168_agent_elec,id,3,varchar,varchar(65533),YES,source_type=int(11); 
ods_mariadb_2b,ods_a168_agent_elec,gid,4,varchar,varchar(65533),YES,source_type=int(11); 
ods_mariadb_2b,ods_a168_agent_elec,profitRate,5,varchar,varchar(65533),YES,"source_type=decimal(3,2); "
ods_mariadb_2b,ods_a168_agent_elec,pot,6,varchar,varchar(65533),YES,"source_type=decimal(16,4); "
ods_mariadb_2b,ods_a168_agent_elec,potLock,7,varchar,varchar(65533),YES,source_type=tinyint(1); 
ods_mariadb_2b,ods_a168_agent_elec,source_db,8,varchar,varchar(64),YES,来源库
ods_mariadb_2b,ods_a168_agent_elec,source_table,9,varchar,varchar(128),YES,来源表
ods_mariadb_2b,ods_a168_agent_elec,ods_table_name,10,varchar,varchar(256),YES,ODS表名
ods_mariadb_2b,ods_a168_agent_elec,sync_time,11,datetime,datetime,YES,同步时间
ods_mariadb_2b,ods_a168_agent_partner_gamelist,__source_pk,1,varchar,varchar(64),NO,源行唯一键：优先源主键/唯一键MD5，无主键则整行MD5
ods_mariadb_2b,ods_a168_agent_partner_gamelist,dt,2,date,date,NO,StarRocks日分区日期：优先来源业务时间，无时间字段则同步当天
ods_mariadb_2b,ods_a168_agent_partner_gamelist,agent_id,3,varchar,varchar(65533),YES,source_type=int(11); 代理 id
ods_mariadb_2b,ods_a168_agent_partner_gamelist,code,4,varchar,varchar(65533),YES,source_type=int(11); 第三方遊戲代碼
ods_mariadb_2b,ods_a168_agent_partner_gamelist,gamelist_id,5,varchar,varchar(65533),YES,source_type=int(11); 第三方遊戲 id
ods_mariadb_2b,ods_a168_agent_partner_gamelist,status,6,varchar,varchar(65533),YES,source_type=int(11); 開關
ods_mariadb_2b,ods_a168_agent_partner_gamelist,orders,7,varchar,varchar(65533),YES,source_type=int(11); 順序
ods_mariadb_2b,ods_a168_agent_partner_gamelist,source_db,8,varchar,varchar(64),YES,来源库
ods_mariadb_2b,ods_a168_agent_partner_gamelist,source_table,9,varchar,varchar(128),YES,来源表
ods_mariadb_2b,ods_a168_agent_partner_gamelist,ods_table_name,10,varchar,varchar(256),YES,ODS表名
ods_mariadb_2b,ods_a168_agent_partner_gamelist,sync_time,11,datetime,datetime,YES,同步时间
ods_mariadb_2b,ods_a168_agent_permissionrole,__source_pk,1,varchar,varchar(64),NO,源行唯一键：优先源主键/唯一键MD5，无主键则整行MD5
ods_mariadb_2b,ods_a168_agent_permissionrole,dt,2,date,date,NO,StarRocks日分区日期：优先来源业务时间，无时间字段则同步当天
ods_mariadb_2b,ods_a168_agent_permissionrole,id,3,varchar,varchar(65533),YES,source_type=int(11); id
ods_mariadb_2b,ods_a168_agent_permissionrole,permissionid,4,varchar,varchar(65533),YES,source_type=int(11); t_permission id
ods_mariadb_2b,ods_a168_agent_permissionrole,status,5,varchar,varchar(65533),YES,source_type=int(11); 0:禁用;1啟用
ods_mariadb_2b,ods_a168_agent_permissionrole,lv1,6,varchar,varchar(65533),YES,source_type=bit(1); 
ods_mariadb_2b,ods_a168_agent_permissionrole,lv2,7,varchar,varchar(65533),YES,source_type=bit(1); 
ods_mariadb_2b,ods_a168_agent_permissionrole,lv3,8,varchar,varchar(65533),YES,source_type=bit(1); 
ods_mariadb_2b,ods_a168_agent_permissionrole,lv4,9,varchar,varchar(65533),YES,source_type=bit(1); 
ods_mariadb_2b,ods_a168_agent_permissionrole,lv5,10,varchar,varchar(65533),YES,source_type=bit(1); 
ods_mariadb_2b,ods_a168_agent_permissionrole,lastmodifytime,11,varchar,varchar(65533),YES,source_type=timestamp; 最後修改時間
ods_mariadb_2b,ods_a168_agent_permissionrole,source_db,12,varchar,varchar(64),YES,来源库
ods_mariadb_2b,ods_a168_agent_permissionrole,source_table,13,varchar,varchar(128),YES,来源表
ods_mariadb_2b,ods_a168_agent_permissionrole,ods_table_name,14,varchar,varchar(256),YES,ODS表名
ods_mariadb_2b,ods_a168_agent_permissionrole,sync_time,15,datetime,datetime,YES,同步时间
ods_mariadb_2b,ods_a168_agent_sub,__source_pk,1,varchar,varchar(64),NO,源行唯一键：优先源主键/唯一键MD5，无主键则整行MD5
ods_mariadb_2b,ods_a168_agent_sub,dt,2,date,date,NO,StarRocks日分区日期：优先来源业务时间，无时间字段则同步当天
ods_mariadb_2b,ods_a168_agent_sub,ags001,3,varchar,varchar(65533),YES,source_type=int(11); sn
ods_mariadb_2b,ods_a168_agent_sub,ags002,4,varchar,varchar(65533),YES,source_type=varchar(30); aid
ods_mariadb_2b,ods_a168_agent_sub,ags003,5,varchar,varchar(65533),YES,source_type=varchar(50); password
ods_mariadb_2b,ods_a168_agent_sub,ags004,6,varchar,varchar(65533),YES,source_type=varchar(30); name
ods_mariadb_2b,ods_a168_agent_sub,ags005,7,varchar,varchar(65533),YES,source_type=datetime; add_time
ods_mariadb_2b,ods_a168_agent_sub,ags006,8,varchar,varchar(65533),YES,source_type=int(11); lv
ods_mariadb_2b,ods_a168_agent_sub,ags007,9,varchar,varchar(65533),YES,source_type=int(11); lv1
ods_mariadb_2b,ods_a168_agent_sub,ags008,10,varchar,varchar(65533),YES,source_type=datetime; last_login
ods_mariadb_2b,ods_a168_agent_sub,ags009,11,varchar,varchar(1048576),YES,source_type=text; last_ip
ods_mariadb_2b,ods_a168_agent_sub,ags010,12,varchar,varchar(65533),YES,source_type=int(11); login_err
ods_mariadb_2b,ods_a168_agent_sub,ags011,13,varchar,varchar(65533),YES,"source_type=enum(''Y'',''N''); can_login"
ods_mariadb_2b,ods_a168_agent_sub,ags012,14,varchar,varchar(65533),YES,"source_type=enum(''Y'',''N''); change_password"
ods_mariadb_2b,ods_a168_agent_sub,ags013,15,varchar,varchar(1048576),YES,source_type=text; 
ods_mariadb_2b,ods_a168_agent_sub,chkKey,16,varchar,varchar(65533),YES,source_type=varchar(100); 
ods_mariadb_2b,ods_a168_agent_sub,chkLock,17,varchar,varchar(65533),YES,"source_type=enum(''Y'',''N''); 是否鎖定"
ods_mariadb_2b,ods_a168_agent_sub,last_chpsw,18,varchar,varchar(65533),YES,source_type=timestamp; 上次修改密碼時間
ods_mariadb_2b,ods_a168_agent_sub,source_db,19,varchar,varchar(64),YES,来源库
ods_mariadb_2b,ods_a168_agent_sub,source_table,20,varchar,varchar(128),YES,来源表
ods_mariadb_2b,ods_a168_agent_sub,ods_table_name,21,varchar,varchar(256),YES,ODS表名
ods_mariadb_2b,ods_a168_agent_sub,sync_time,22,datetime,datetime,YES,同步时间
ods_mariadb_2b,ods_a168_agent_test,__source_pk,1,varchar,varchar(64),NO,源行唯一键：优先源主键/唯一键MD5，无主键则整行MD5
ods_mariadb_2b,ods_a168_agent_test,dt,2,date,date,NO,StarRocks日分区日期：优先来源业务时间，无时间字段则同步当天
ods_mariadb_2b,ods_a168_agent_test,age001,3,varchar,varchar(65533),YES,source_type=int(11); sn
ods_mariadb_2b,ods_a168_agent_test,age002,4,varchar,varchar(65533),YES,source_type=varchar(30); 
ods_mariadb_2b,ods_a168_agent_test,age003,5,varchar,varchar(65533),YES,source_type=varchar(50); 
ods_mariadb_2b,ods_a168_agent_test,age004,6,varchar,varchar(65533),YES,source_type=varchar(30); 
ods_mariadb_2b,ods_a168_agent_test,age005,7,varchar,varchar(65533),YES,source_type=timestamp; 
ods_mariadb_2b,ods_a168_agent_test,age006,8,varchar,varchar(65533),YES,source_type=int(11); 
ods_mariadb_2b,ods_a168_agent_test,age007,9,varchar,varchar(65533),YES,source_type=int(11); 
ods_mariadb_2b,ods_a168_agent_test,age008,10,varchar,varchar(65533),YES,source_type=int(11); 
ods_mariadb_2b,ods_a168_agent_test,age009,11,varchar,varchar(65533),YES,source_type=int(11); 
ods_mariadb_2b,ods_a168_agent_test,age010,12,varchar,varchar(65533),YES,source_type=int(11); 
ods_mariadb_2b,ods_a168_agent_test,age011,13,varchar,varchar(65533),YES,source_type=int(11); 
ods_mariadb_2b,ods_a168_agent_test,age012,14,varchar,varchar(65533),YES,source_type=timestamp; 
ods_mariadb_2b,ods_a168_agent_test,age013,15,varchar,varchar(65533),YES,source_type=char(15); 
ods_mariadb_2b,ods_a168_agent_test,age014,16,varchar,varchar(65533),YES,source_type=int(11); 風險重置開關
ods_mariadb_2b,ods_a168_agent_test,age015,17,varchar,varchar(65533),YES,"source_type=enum(''Y'',''N''); 啟停用狀態"
ods_mariadb_2b,ods_a168_agent_test,age016,18,varchar,varchar(65533),YES,"source_type=enum(''Y'',''N''); 啟停押狀態"
ods_mariadb_2b,ods_a168_agent_test,age017,19,varchar,varchar(65533),YES,"source_type=enum(''Y'',''N''); "
ods_mariadb_2b,ods_a168_agent_test,age018,20,varchar,varchar(65533),YES,"source_type=enum(''Y'',''N''); "
ods_mariadb_2b,ods_a168_agent_test,age019,21,varchar,varchar(65533),YES,source_type=int(11); 結算報表開關
ods_mariadb_2b,ods_a168_agent_test,age020,22,varchar,varchar(65533),YES,source_type=int(11); 結算報表格式
ods_mariadb_2b,ods_a168_agent_test,age021,23,varchar,varchar(65533),YES,source_type=int(11); 結算報表語系
ods_mariadb_2b,ods_a168_agent_test,age022,24,varchar,varchar(65533),YES,source_type=int(11); 測試線判別
ods_mariadb_2b,ods_a168_agent_test,age023,25,varchar,varchar(65533),YES,source_type=char(1); 
ods_mariadb_2b,ods_a168_agent_test,age024,26,varchar,varchar(65533),YES,source_type=varchar(30); 備註
ods_mariadb_2b,ods_a168_agent_test,credit,27,varchar,varchar(65533),YES,"source_type=decimal(15,4); "
ods_mariadb_2b,ods_a168_agent_test,cash,28,varchar,varchar(65533),YES,"source_type=decimal(15,4); "
ods_mariadb_2b,ods_a168_agent_test,type,29,varchar,varchar(65533),YES,source_type=int(11); 
ods_mariadb_2b,ods_a168_agent_test,currency,30,varchar,varchar(65533),YES,source_type=int(11); 
ods_mariadb_2b,ods_a168_agent_test,tip,31,varchar,varchar(65533),YES,"source_type=enum(''Y'',''N''); "
ods_mariadb_2b,ods_a168_agent_test,prefix_add,32,varchar,varchar(65533),YES,"source_type=enum(''Y'',''N''); "
ods_mariadb_2b,ods_a168_agent_test,prefix_acc,33,varchar,varchar(65533),YES,source_type=varchar(12); 前綴碼
ods_mariadb_2b,ods_a168_agent_test,receipt_acc,34,varchar,varchar(65533),YES,source_type=int(3); 收款帳號
ods_mariadb_2b,ods_a168_agent_test,sacc,35,varchar,varchar(65533),YES,source_type=varchar(30); 顯示帳號
ods_mariadb_2b,ods_a168_agent_test,opengame,36,varchar,varchar(65533),YES,source_type=varchar(255); 
ods_mariadb_2b,ods_a168_agent_test,site,37,varchar,varchar(65533),YES,source_type=varchar(60); 
ods_mariadb_2b,ods_a168_agent_test,membermax,38,varchar,varchar(65533),YES,source_type=int(11); 會員總數
ods_mariadb_2b,ods_a168_agent_test,profitmax,39,varchar,varchar(65533),YES,source_type=varchar(11); 最大利潤
ods_mariadb_2b,ods_a168_agent_test,promotecode,40,varchar,varchar(65533),YES,source_type=char(6); 推廣代碼
ods_mariadb_2b,ods_a168_agent_test,kickperiod,41,varchar,varchar(65533),YES,source_type=int(3); 踢出局數
ods_mariadb_2b,ods_a168_agent_test,identity,42,varchar,varchar(65533),YES,source_type=int(11); 0:信用;1:API
ods_mariadb_2b,ods_a168_agent_test,chkKey,43,varchar,varchar(65533),YES,source_type=varchar(100); 
ods_mariadb_2b,ods_a168_agent_test,chkLock,44,varchar,varchar(65533),YES,"source_type=enum(''Y'',''N''); 是否鎖定"
ods_mariadb_2b,ods_a168_agent_test,last_chpsw,45,varchar,varchar(65533),YES,source_type=timestamp; 上次修改密碼時間
ods_mariadb_2b,ods_a168_agent_test,source_db,46,varchar,varchar(64),YES,来源库
ods_mariadb_2b,ods_a168_agent_test,source_table,47,varchar,varchar(128),YES,来源表
ods_mariadb_2b,ods_a168_agent_test,ods_table_name,48,varchar,varchar(256),YES,ODS表名
ods_mariadb_2b,ods_a168_agent_test,sync_time,49,datetime,datetime,YES,同步时间
ods_mariadb_2b,ods_a168_agents_LoginPass,__source_pk,1,varchar,varchar(64),NO,源行唯一键：优先源主键/唯一键MD5，无主键则整行MD5
ods_mariadb_2b,ods_a168_agents_LoginPass,dt,2,date,date,NO,StarRocks日分区日期：优先来源业务时间，无时间字段则同步当天
ods_mariadb_2b,ods_a168_agents_LoginPass,id,3,varchar,varchar(65533),YES,source_type=int(11); 
ods_mariadb_2b,ods_a168_agents_LoginPass,aid,4,varchar,varchar(65533),YES,source_type=int(5); agent_id
ods_mariadb_2b,ods_a168_agents_LoginPass,vendorId,5,varchar,varchar(65533),YES,source_type=varchar(255); lv5 代理商
ods_mariadb_2b,ods_a168_agents_LoginPass,signature,6,varchar,varchar(65533),YES,source_type=varchar(255); 密鑰
ods_mariadb_2b,ods_a168_agents_LoginPass,signature2,7,varchar,varchar(65533),YES,source_type=varchar(255); 客戶密鑰
ods_mariadb_2b,ods_a168_agents_LoginPass,password,8,varchar,varchar(65533),YES,source_type=varchar(255); 
ods_mariadb_2b,ods_a168_agents_LoginPass,addtime,9,varchar,varchar(65533),YES,source_type=datetime; 
ods_mariadb_2b,ods_a168_agents_LoginPass,url,10,varchar,varchar(65533),YES,source_type=varchar(255); 單一錢包回傳網址
ods_mariadb_2b,ods_a168_agents_LoginPass,skyname,11,varchar,varchar(65533),YES,source_type=varchar(255); 
ods_mariadb_2b,ods_a168_agents_LoginPass,type,12,varchar,varchar(65533),YES,"source_type=enum(''c'',''w''); c:一般,w:單一"
ods_mariadb_2b,ods_a168_agents_LoginPass,lang,13,varchar,varchar(65533),YES,"source_type=tinyint(1); 0:中文 ,1:英文"
ods_mariadb_2b,ods_a168_agents_LoginPass,betfeedback,14,varchar,varchar(65533),YES,"source_type=tinyint(1); 異常鎖定,0:N;1:Y"
ods_mariadb_2b,ods_a168_agents_LoginPass,Gateway_url,15,varchar,varchar(65533),YES,source_type=varchar(1000); 正機白名單使用的url
ods_mariadb_2b,ods_a168_agents_LoginPass,whiteList,16,varchar,varchar(1048576),YES,source_type=text; 白名單
ods_mariadb_2b,ods_a168_agents_LoginPass,operator,17,varchar,varchar(65533),YES,source_type=varchar(25); 
ods_mariadb_2b,ods_a168_agents_LoginPass,modify_time,18,varchar,varchar(65533),YES,source_type=timestamp; 
ods_mariadb_2b,ods_a168_agents_LoginPass,object,19,varchar,varchar(65533),YES,"source_type=int(3); 0:呼叫php,1:呼叫客戶"
ods_mariadb_2b,ods_a168_agents_LoginPass,settle,20,varchar,varchar(65533),YES,source_type=int(3); 單一錢包結算
ods_mariadb_2b,ods_a168_agents_LoginPass,co,21,varchar,varchar(65533),YES,source_type=varchar(10); 
ods_mariadb_2b,ods_a168_agents_LoginPass,prefix_switch,22,varchar,varchar(65533),YES,"source_type=enum(''Y'',''N''); 前綴碼開關"
ods_mariadb_2b,ods_a168_agents_LoginPass,openGame_url,23,varchar,varchar(65533),YES,source_type=varchar(255); 指定網址
ods_mariadb_2b,ods_a168_agents_LoginPass,subdomain,24,varchar,varchar(65533),YES,source_type=varchar(255); 
ods_mariadb_2b,ods_a168_agents_LoginPass,source_db,25,varchar,varchar(64),YES,来源库
ods_mariadb_2b,ods_a168_agents_LoginPass,source_table,26,varchar,varchar(128),YES,来源表
ods_mariadb_2b,ods_a168_agents_LoginPass,ods_table_name,27,varchar,varchar(256),YES,ODS表名
ods_mariadb_2b,ods_a168_agents_LoginPass,sync_time,28,datetime,datetime,YES,同步时间
ods_mariadb_2b,ods_a168_aggregate_setting,__source_pk,1,varchar,varchar(64),NO,源行唯一键：优先源主键/唯一键MD5，无主键则整行MD5
ods_mariadb_2b,ods_a168_aggregate_setting,dt,2,date,date,NO,StarRocks日分区日期：优先来源业务时间，无时间字段则同步当天
ods_mariadb_2b,ods_a168_aggregate_setting,id,3,varchar,varchar(65533),YES,source_type=int(11); 
ods_mariadb_2b,ods_a168_aggregate_setting,code,4,varchar,varchar(65533),YES,source_type=varchar(12); 廠商代號
ods_mariadb_2b,ods_a168_aggregate_setting,currency,5,varchar,varchar(65533),YES,source_type=tinyint(2); 幣別
ods_mariadb_2b,ods_a168_aggregate_setting,agent_id,6,varchar,varchar(65533),YES,source_type=int(11); 代理 id
ods_mariadb_2b,ods_a168_aggregate_setting,status,7,varchar,varchar(65533),YES,source_type=tinyint(1); 啟停用
ods_mariadb_2b,ods_a168_aggregate_setting,type,8,varchar,varchar(65533),YES,source_type=varchar(20); 資料類型
ods_mariadb_2b,ods_a168_aggregate_setting,data,9,varchar,varchar(1048576),YES,source_type=text; 資料
ods_mariadb_2b,ods_a168_aggregate_setting,remark,10,varchar,varchar(65533),YES,source_type=varchar(100); 備註
ods_mariadb_2b,ods_a168_aggregate_setting,source_db,11,varchar,varchar(64),YES,来源库
ods_mariadb_2b,ods_a168_aggregate_setting,source_table,12,varchar,varchar(128),YES,来源表
ods_mariadb_2b,ods_a168_aggregate_setting,ods_table_name,13,varchar,varchar(256),YES,ODS表名
ods_mariadb_2b,ods_a168_aggregate_setting,sync_time,14,datetime,datetime,YES,同步时间
ods_mariadb_2b,ods_a168_aggregate_token,__source_pk,1,varchar,varchar(64),NO,源行唯一键：优先源主键/唯一键MD5，无主键则整行MD5
ods_mariadb_2b,ods_a168_aggregate_token,dt,2,date,date,NO,StarRocks日分区日期：优先来源业务时间，无时间字段则同步当天
ods_mariadb_2b,ods_a168_aggregate_token,code,3,varchar,varchar(65533),YES,source_type=varchar(12); 
ods_mariadb_2b,ods_a168_aggregate_token,mid,4,varchar,varchar(65533),YES,source_type=int(11); 
ods_mariadb_2b,ods_a168_aggregate_token,token,5,varchar,varchar(1048576),YES,source_type=text; 
ods_mariadb_2b,ods_a168_aggregate_token,create_at,6,varchar,varchar(65533),YES,source_type=datetime; 
ods_mariadb_2b,ods_a168_aggregate_token,update_at,7,varchar,varchar(65533),YES,source_type=datetime; 
ods_mariadb_2b,ods_a168_aggregate_token,source_db,8,varchar,varchar(64),YES,来源库
ods_mariadb_2b,ods_a168_aggregate_token,source_table,9,varchar,varchar(128),YES,来源表
ods_mariadb_2b,ods_a168_aggregate_token,ods_table_name,10,varchar,varchar(256),YES,ODS表名
ods_mariadb_2b,ods_a168_aggregate_token,sync_time,11,datetime,datetime,YES,同步时间
ods_mariadb_2b,ods_a168_aggregate_transaction,__source_pk,1,varchar,varchar(64),NO,源行唯一键：优先源主键/唯一键MD5，无主键则整行MD5
ods_mariadb_2b,ods_a168_aggregate_transaction,dt,2,date,date,NO,StarRocks日分区日期：优先来源业务时间，无时间字段则同步当天
ods_mariadb_2b,ods_a168_aggregate_transaction,id,3,varchar,varchar(65533),YES,source_type=int(11); 
ods_mariadb_2b,ods_a168_aggregate_transaction,code,4,varchar,varchar(65533),YES,source_type=varchar(12); 廠商代碼
ods_mariadb_2b,ods_a168_aggregate_transaction,mid,5,varchar,varchar(65533),YES,source_type=int(11); 會員 mid
ods_mariadb_2b,ods_a168_aggregate_transaction,gid,6,varchar,varchar(65533),YES,source_type=int(6); 遊戲
ods_mariadb_2b,ods_a168_aggregate_transaction,game_no,7,varchar,varchar(65533),YES,source_type=varchar(32); 遊戲_期数_局号
ods_mariadb_2b,ods_a168_aggregate_transaction,action,8,varchar,varchar(65533),YES,"source_type=enum(''PointInout'',''TimeoutBetReturn''); 動作"
ods_mariadb_2b,ods_a168_aggregate_transaction,deal_id,9,varchar,varchar(65533),YES,source_type=bigint(32); wm 交易单号
ods_mariadb_2b,ods_a168_aggregate_transaction,type,10,varchar,varchar(65533),YES,source_type=tinyint(1);  0:电子游戏结算 1:加点 2:扣点 3:重对加点 4:重对扣点 5:重新派彩
ods_mariadb_2b,ods_a168_aggregate_transaction,trade_id,11,varchar,varchar(65533),YES,source_type=varchar(128); 對方的交易id
ods_mariadb_2b,ods_a168_aggregate_transaction,money,12,varchar,varchar(65533),YES,"source_type=decimal(16,4); 處理金額 (有正負值)"
ods_mariadb_2b,ods_a168_aggregate_transaction,balance,13,varchar,varchar(65533),YES,"source_type=decimal(16,4); 對方餘額"
ods_mariadb_2b,ods_a168_aggregate_transaction,status,14,varchar,varchar(65533),YES,"source_type=tinyint(1); 呼叫狀態 0:未處理,1:成功,2:失敗,3:回滾,4:處理中"
ods_mariadb_2b,ods_a168_aggregate_transaction,remark,15,varchar,varchar(65533),YES,source_type=varchar(255); 備註
ods_mariadb_2b,ods_a168_aggregate_transaction,ops_token,16,varchar,varchar(1048576),YES,source_type=text; 廠商ops當下使用的token
ods_mariadb_2b,ods_a168_aggregate_transaction,create_at,17,varchar,varchar(65533),YES,source_type=datetime; 建立時間
ods_mariadb_2b,ods_a168_aggregate_transaction,update_at,18,varchar,varchar(65533),YES,source_type=datetime; 更新時間
ods_mariadb_2b,ods_a168_aggregate_transaction,source_db,19,varchar,varchar(64),YES,来源库
ods_mariadb_2b,ods_a168_aggregate_transaction,source_table,20,varchar,varchar(128),YES,来源表
ods_mariadb_2b,ods_a168_aggregate_transaction,ods_table_name,21,varchar,varchar(256),YES,ODS表名
ods_mariadb_2b,ods_a168_aggregate_transaction,sync_time,22,datetime,datetime,YES,同步时间
ods_mariadb_2b,ods_a168_aisetting,__source_pk,1,varchar,varchar(64),NO,源行唯一键：优先源主键/唯一键MD5，无主键则整行MD5
ods_mariadb_2b,ods_a168_aisetting,dt,2,date,date,NO,StarRocks日分区日期：优先来源业务时间，无时间字段则同步当天
ods_mariadb_2b,ods_a168_aisetting,sn,3,varchar,varchar(65533),YES,source_type=int(3); 
ods_mariadb_2b,ods_a168_aisetting,gid,4,varchar,varchar(65533),YES,source_type=int(3); 
ods_mariadb_2b,ods_a168_aisetting,content,5,varchar,varchar(1048576),YES,source_type=text; 
ods_mariadb_2b,ods_a168_aisetting,source_db,6,varchar,varchar(64),YES,来源库
ods_mariadb_2b,ods_a168_aisetting,source_table,7,varchar,varchar(128),YES,来源表
ods_mariadb_2b,ods_a168_aisetting,ods_table_name,8,varchar,varchar(256),YES,ODS表名
ods_mariadb_2b,ods_a168_aisetting,sync_time,9,datetime,datetime,YES,同步时间
ods_mariadb_2b,ods_a168_alarmMessage,__source_pk,1,varchar,varchar(64),NO,源行唯一键：优先源主键/唯一键MD5，无主键则整行MD5
ods_mariadb_2b,ods_a168_alarmMessage,dt,2,date,date,NO,StarRocks日分区日期：优先来源业务时间，无时间字段则同步当天
ods_mariadb_2b,ods_a168_alarmMessage,id,3,varchar,varchar(65533),YES,source_type=int(11); 流水號
ods_mariadb_2b,ods_a168_alarmMessage,time,4,varchar,varchar(65533),YES,source_type=datetime; 
ods_mariadb_2b,ods_a168_alarmMessage,parentID,5,varchar,varchar(65533),YES,source_type=bigint(20); 
ods_mariadb_2b,ods_a168_alarmMessage,mid,6,varchar,varchar(65533),YES,source_type=int(11); 
ods_mariadb_2b,ods_a168_alarmMessage,type,7,varchar,varchar(65533),YES,source_type=int(11); 
ods_mariadb_2b,ods_a168_alarmMessage,content,8,varchar,varchar(1048576),YES,source_type=text; 
ods_mariadb_2b,ods_a168_alarmMessage,status,9,varchar,varchar(65533),YES,source_type=int(11); 
ods_mariadb_2b,ods_a168_alarmMessage,is_send,10,varchar,varchar(65533),YES,source_type=int(1); 發送 tg 0: 未發送 1:已發送
ods_mariadb_2b,ods_a168_alarmMessage,source_db,11,varchar,varchar(64),YES,来源库
ods_mariadb_2b,ods_a168_alarmMessage,source_table,12,varchar,varchar(128),YES,来源表
ods_mariadb_2b,ods_a168_alarmMessage,ods_table_name,13,varchar,varchar(256),YES,ODS表名
ods_mariadb_2b,ods_a168_alarmMessage,sync_time,14,datetime,datetime,YES,同步时间
ods_mariadb_2b,ods_a168_alertMessage,__source_pk,1,varchar,varchar(64),NO,源行唯一键：优先源主键/唯一键MD5，无主键则整行MD5
ods_mariadb_2b,ods_a168_alertMessage,dt,2,date,date,NO,StarRocks日分区日期：优先来源业务时间，无时间字段则同步当天
ods_mariadb_2b,ods_a168_alertMessage,id,3,varchar,varchar(65533),YES,source_type=int(11); 
ods_mariadb_2b,ods_a168_alertMessage,mid,4,varchar,varchar(65533),YES,source_type=int(11); 
ods_mariadb_2b,ods_a168_alertMessage,message,5,varchar,varchar(1048576),YES,source_type=text; 
ods_mariadb_2b,ods_a168_alertMessage,errorTime,6,varchar,varchar(65533),YES,source_type=datetime; 
ods_mariadb_2b,ods_a168_alertMessage,unierrorTime,7,varchar,varchar(65533),YES,source_type=int(11); 
ods_mariadb_2b,ods_a168_alertMessage,operator,8,varchar,varchar(65533),YES,source_type=varchar(40); 操作者
ods_mariadb_2b,ods_a168_alertMessage,status,9,varchar,varchar(65533),YES,source_type=tinyint(1); 0:未處理1:已處理
ods_mariadb_2b,ods_a168_alertMessage,source_db,10,varchar,varchar(64),YES,来源库
ods_mariadb_2b,ods_a168_alertMessage,source_table,11,varchar,varchar(128),YES,来源表
ods_mariadb_2b,ods_a168_alertMessage,ods_table_name,12,varchar,varchar(256),YES,ODS表名
ods_mariadb_2b,ods_a168_alertMessage,sync_time,13,datetime,datetime,YES,同步时间
ods_mariadb_2b,ods_a168_alert_ip_setting,__source_pk,1,varchar,varchar(64),NO,源行唯一键：优先源主键/唯一键MD5，无主键则整行MD5
ods_mariadb_2b,ods_a168_alert_ip_setting,dt,2,date,date,NO,StarRocks日分区日期：优先来源业务时间，无时间字段则同步当天
ods_mariadb_2b,ods_a168_alert_ip_setting,id,3,varchar,varchar(65533),YES,source_type=int(8); 
ods_mariadb_2b,ods_a168_alert_ip_setting,ip,4,varchar,varchar(65533),YES,source_type=varchar(128); 
ods_mariadb_2b,ods_a168_alert_ip_setting,creator,5,varchar,varchar(65533),YES,source_type=varchar(8); 
ods_mariadb_2b,ods_a168_alert_ip_setting,addtime,6,varchar,varchar(65533),YES,source_type=datetime; 
ods_mariadb_2b,ods_a168_alert_ip_setting,remarks,7,varchar,varchar(65533),YES,source_type=varchar(1000); 
ods_mariadb_2b,ods_a168_alert_ip_setting,source_db,8,varchar,varchar(64),YES,来源库
ods_mariadb_2b,ods_a168_alert_ip_setting,source_table,9,varchar,varchar(128),YES,来源表
ods_mariadb_2b,ods_a168_alert_ip_setting,ods_table_name,10,varchar,varchar(256),YES,ODS表名
ods_mariadb_2b,ods_a168_alert_ip_setting,sync_time,11,datetime,datetime,YES,同步时间
ods_mariadb_2b,ods_a168_apiurl,__source_pk,1,varchar,varchar(64),NO,源行唯一键：优先源主键/唯一键MD5，无主键则整行MD5
ods_mariadb_2b,ods_a168_apiurl,dt,2,date,date,NO,StarRocks日分区日期：优先来源业务时间，无时间字段则同步当天
ods_mariadb_2b,ods_a168_apiurl,id,3,varchar,varchar(65533),YES,source_type=int(3); 序号
ods_mariadb_2b,ods_a168_apiurl,code,4,varchar,varchar(65533),YES,source_type=int(3); 参数
ods_mariadb_2b,ods_a168_apiurl,url,5,varchar,varchar(65533),YES,source_type=varchar(50); 网址
ods_mariadb_2b,ods_a168_apiurl,source_db,6,varchar,varchar(64),YES,来源库
ods_mariadb_2b,ods_a168_apiurl,source_table,7,varchar,varchar(128),YES,来源表
ods_mariadb_2b,ods_a168_apiurl,ods_table_name,8,varchar,varchar(256),YES,ODS表名
ods_mariadb_2b,ods_a168_apiurl,sync_time,9,datetime,datetime,YES,同步时间
ods_mariadb_2b,ods_a168_ban_bet_area,__source_pk,1,varchar,varchar(64),NO,源行唯一键：优先源主键/唯一键MD5，无主键则整行MD5
ods_mariadb_2b,ods_a168_ban_bet_area,dt,2,date,date,NO,StarRocks日分区日期：优先来源业务时间，无时间字段则同步当天
ods_mariadb_2b,ods_a168_ban_bet_area,id,3,varchar,varchar(65533),YES,source_type=int(11); 
ods_mariadb_2b,ods_a168_ban_bet_area,account_type,4,varchar,varchar(65533),YES,source_type=varchar(1); 
ods_mariadb_2b,ods_a168_ban_bet_area,gid,5,varchar,varchar(65533),YES,source_type=int(11); 
ods_mariadb_2b,ods_a168_ban_bet_area,area,6,varchar,varchar(65533),YES,source_type=varchar(100); 下注區
ods_mariadb_2b,ods_a168_ban_bet_area,parentid,7,varchar,varchar(65533),YES,source_type=int(11); 上層ID
ods_mariadb_2b,ods_a168_ban_bet_area,source_db,8,varchar,varchar(64),YES,来源库
ods_mariadb_2b,ods_a168_ban_bet_area,source_table,9,varchar,varchar(128),YES,来源表
ods_mariadb_2b,ods_a168_ban_bet_area,ods_table_name,10,varchar,varchar(256),YES,ODS表名
ods_mariadb_2b,ods_a168_ban_bet_area,sync_time,11,datetime,datetime,YES,同步时间
ods_mariadb_2b,ods_a168_bet,__source_pk,1,varchar,varchar(64),NO,源行唯一键：优先源主键/唯一键MD5，无主键则整行MD5
ods_mariadb_2b,ods_a168_bet,dt,2,date,date,NO,StarRocks日分区日期：优先来源业务时间，无时间字段则同步当天
ods_mariadb_2b,ods_a168_bet,bet001,3,varchar,varchar(65533),YES,source_type=int(11); sn
ods_mariadb_2b,ods_a168_bet,bet002,4,varchar,varchar(65533),YES,"source_type=enum(''Y'',''N''); is_cancel"
ods_mariadb_2b,ods_a168_bet,bet003,5,varchar,varchar(65533),YES,source_type=timestamp; bet_time
ods_mariadb_2b,ods_a168_bet,bet004,6,varchar,varchar(65533),YES,source_type=int(11); org_site
ods_mariadb_2b,ods_a168_bet,bet005,7,varchar,varchar(65533),YES,source_type=int(11); mid
ods_mariadb_2b,ods_a168_bet,bet006,8,varchar,varchar(65533),YES,"source_type=enum(''Y'',''N''); is_test"
ods_mariadb_2b,ods_a168_bet,bet007,9,varchar,varchar(65533),YES,source_type=int(11); lv1
ods_mariadb_2b,ods_a168_bet,bet008,10,varchar,varchar(65533),YES,source_type=int(11); lv2
ods_mariadb_2b,ods_a168_bet,bet009,11,varchar,varchar(65533),YES,source_type=int(11); lv3
ods_mariadb_2b,ods_a168_bet,bet010,12,varchar,varchar(65533),YES,source_type=int(11); lv4
ods_mariadb_2b,ods_a168_bet,bet011,13,varchar,varchar(65533),YES,source_type=int(11); lv5
ods_mariadb_2b,ods_a168_bet,bet012,14,varchar,varchar(65533),YES,source_type=int(11); lv6
ods_mariadb_2b,ods_a168_bet,bet013,15,varchar,varchar(65533),YES,source_type=char(15); ip
ods_mariadb_2b,ods_a168_bet,bet014,16,varchar,varchar(65533),YES,source_type=char(30); chk_number
ods_mariadb_2b,ods_a168_bet,bet015,17,varchar,varchar(65533),YES,source_type=int(11); seq_id
ods_mariadb_2b,ods_a168_bet,bet016,18,varchar,varchar(65533),YES,source_type=varchar(15); seq_name
ods_mariadb_2b,ods_a168_bet,bet017,19,varchar,varchar(65533),YES,source_type=int(11); play_type
ods_mariadb_2b,ods_a168_bet,bet018,20,varchar,varchar(65533),YES,"source_type=double(10,2); rto1"
ods_mariadb_2b,ods_a168_bet,bet019,21,varchar,varchar(65533),YES,"source_type=double(10,2); rto2"
ods_mariadb_2b,ods_a168_bet,bet020,22,varchar,varchar(65533),YES,"source_type=double(10,2); rto3"
ods_mariadb_2b,ods_a168_bet,bet021,23,varchar,varchar(65533),YES,source_type=varchar(30); bet_string
ods_mariadb_2b,ods_a168_bet,bet022,24,varchar,varchar(65533),YES,source_type=int(11); bet_amt
ods_mariadb_2b,ods_a168_bet,bet023,25,varchar,varchar(65533),YES,"source_type=double(5,2); rto_m1"
ods_mariadb_2b,ods_a168_bet,bet024,26,varchar,varchar(65533),YES,"source_type=double(5,2); rto_m2"
ods_mariadb_2b,ods_a168_bet,bet025,27,varchar,varchar(65533),YES,"source_type=double(5,2); rto_m3"
ods_mariadb_2b,ods_a168_bet,bet026,28,varchar,varchar(65533),YES,"source_type=enum(''Y'',''N''); dual"
ods_mariadb_2b,ods_a168_bet,bet027,29,varchar,varchar(65533),YES,"source_type=double(10,2); result"
ods_mariadb_2b,ods_a168_bet,bet028,30,varchar,varchar(65533),YES,source_type=smallint(6); prt_lv1
ods_mariadb_2b,ods_a168_bet,bet029,31,varchar,varchar(65533),YES,source_type=smallint(6); prt_lv2
ods_mariadb_2b,ods_a168_bet,bet030,32,varchar,varchar(65533),YES,source_type=smallint(6); prt_lv3
ods_mariadb_2b,ods_a168_bet,bet031,33,varchar,varchar(65533),YES,source_type=smallint(6); prt_lv4
ods_mariadb_2b,ods_a168_bet,bet032,34,varchar,varchar(65533),YES,source_type=smallint(6); prt_lv5
ods_mariadb_2b,ods_a168_bet,bet033,35,varchar,varchar(65533),YES,source_type=smallint(6); prt_lv6
ods_mariadb_2b,ods_a168_bet,bet034,36,varchar,varchar(65533),YES,"source_type=double(10,2); prt_amt_0"
ods_mariadb_2b,ods_a168_bet,bet035,37,varchar,varchar(65533),YES,"source_type=double(10,2); prt_amt_1"
ods_mariadb_2b,ods_a168_bet,bet036,38,varchar,varchar(65533),YES,"source_type=double(10,2); prt_amt_2"
ods_mariadb_2b,ods_a168_bet,bet037,39,varchar,varchar(65533),YES,"source_type=double(10,2); prt_amt_3"
ods_mariadb_2b,ods_a168_bet,bet038,40,varchar,varchar(65533),YES,"source_type=double(10,2); prt_amt_4"
ods_mariadb_2b,ods_a168_bet,bet039,41,varchar,varchar(65533),YES,"source_type=double(10,2); prt_amt_5"
ods_mariadb_2b,ods_a168_bet,bet040,42,varchar,varchar(65533),YES,"source_type=double(10,2); prt_amt_6"
ods_mariadb_2b,ods_a168_bet,bet041,43,varchar,varchar(65533),YES,"source_type=enum(''Y'',''N''); is_lottery"
ods_mariadb_2b,ods_a168_bet,bet042,44,varchar,varchar(65533),YES,source_type=int(11); org_sn
ods_mariadb_2b,ods_a168_bet,bet043,45,varchar,varchar(65533),YES,source_type=float; Base_Water
ods_mariadb_2b,ods_a168_bet,bet044,46,varchar,varchar(65533),YES,source_type=float; LV1_Water_Mny
ods_mariadb_2b,ods_a168_bet,bet045,47,varchar,varchar(65533),YES,source_type=float; LV2_Water_Mny
ods_mariadb_2b,ods_a168_bet,bet046,48,varchar,varchar(65533),YES,source_type=float; LV3_Water_Mny
ods_mariadb_2b,ods_a168_bet,bet047,49,varchar,varchar(65533),YES,source_type=float; LV4_Water_Mny
ods_mariadb_2b,ods_a168_bet,bet048,50,varchar,varchar(65533),YES,source_type=float; LV5_Water_Mny
ods_mariadb_2b,ods_a168_bet,bet049,51,varchar,varchar(65533),YES,source_type=float; LV6_Water_Mny
ods_mariadb_2b,ods_a168_bet,bet050,52,varchar,varchar(65533),YES,source_type=float; 
ods_mariadb_2b,ods_a168_bet,bet051,53,varchar,varchar(65533),YES,"source_type=double(10,2); rto4"
ods_mariadb_2b,ods_a168_bet,bet052,54,varchar,varchar(65533),YES,"source_type=double(5,2); "
ods_mariadb_2b,ods_a168_bet,bet053,55,varchar,varchar(65533),YES,source_type=tinyint(4); 
ods_mariadb_2b,ods_a168_bet,bet054,56,varchar,varchar(65533),YES,source_type=timestamp; 
ods_mariadb_2b,ods_a168_bet,source_db,57,varchar,varchar(64),YES,来源库
ods_mariadb_2b,ods_a168_bet,source_table,58,varchar,varchar(128),YES,来源表
ods_mariadb_2b,ods_a168_bet,ods_table_name,59,varchar,varchar(256),YES,ODS表名
ods_mariadb_2b,ods_a168_bet,sync_time,60,datetime,datetime,YES,同步时间
ods_mariadb_2b,ods_a168_bet01,__source_pk,1,varchar,varchar(64),NO,源行唯一键：优先源主键/唯一键MD5，无主键则整行MD5
ods_mariadb_2b,ods_a168_bet01,dt,2,date,date,NO,StarRocks日分区日期：优先来源业务时间，无时间字段则同步当天
ods_mariadb_2b,ods_a168_bet01,bet01,3,varchar,varchar(65533),YES,source_type=bigint(20); 注單編號
ods_mariadb_2b,ods_a168_bet01,bet02,4,varchar,varchar(65533),YES,source_type=int(11); 遊戲類別編號
ods_mariadb_2b,ods_a168_bet01,bet03,5,varchar,varchar(65533),YES,"source_type=decimal(12,0); 場次編號"
ods_mariadb_2b,ods_a168_bet01,bet04,6,varchar,varchar(65533),YES,source_type=int(11); 子場次編號
ods_mariadb_2b,ods_a168_bet01,bet05,7,varchar,varchar(65533),YES,source_type=int(11); 會員編號
ods_mariadb_2b,ods_a168_bet01,bet06,8,varchar,varchar(65533),YES,source_type=datetime; 開局時間
ods_mariadb_2b,ods_a168_bet01,bet07,9,varchar,varchar(65533),YES,source_type=date; 帳務日期
ods_mariadb_2b,ods_a168_bet01,bet08,10,varchar,varchar(65533),YES,source_type=datetime; 下注時間
ods_mariadb_2b,ods_a168_bet01,bet09,11,varchar,varchar(65533),YES,source_type=varchar(100); 下注內容
ods_mariadb_2b,ods_a168_bet01,bet10,12,varchar,varchar(65533),YES,source_type=int(11); 幣別
ods_mariadb_2b,ods_a168_bet01,bet11,13,varchar,varchar(65533),YES,"source_type=decimal(16,4); 匯率"
ods_mariadb_2b,ods_a168_bet01,bet12,14,varchar,varchar(65533),YES,"source_type=decimal(16,4); 起始點數"
ods_mariadb_2b,ods_a168_bet01,bet12a,15,varchar,varchar(65533),YES,"source_type=decimal(16,4); 起始籌碼"
ods_mariadb_2b,ods_a168_bet01,bet13,16,varchar,varchar(65533),YES,"source_type=decimal(16,4); 下注金額"
ods_mariadb_2b,ods_a168_bet01,bet14,17,varchar,varchar(65533),YES,"source_type=decimal(16,4); 退水％數"
ods_mariadb_2b,ods_a168_bet01,bet15,18,varchar,varchar(65533),YES,source_type=int(11); LV1ID
ods_mariadb_2b,ods_a168_bet01,bet16,19,varchar,varchar(65533),YES,source_type=int(11); LV2ID
ods_mariadb_2b,ods_a168_bet01,bet17,20,varchar,varchar(65533),YES,source_type=int(11); LV3ID
ods_mariadb_2b,ods_a168_bet01,bet18,21,varchar,varchar(65533),YES,source_type=int(11); LV4ID
ods_mariadb_2b,ods_a168_bet01,bet19,22,varchar,varchar(65533),YES,source_type=int(11); LV5ID
ods_mariadb_2b,ods_a168_bet01,bet20,23,varchar,varchar(65533),YES,"source_type=decimal(16,4); LV1佔成"
ods_mariadb_2b,ods_a168_bet01,bet21,24,varchar,varchar(65533),YES,"source_type=decimal(16,4); LV2佔成"
ods_mariadb_2b,ods_a168_bet01,bet22,25,varchar,varchar(65533),YES,"source_type=decimal(16,4); LV3佔成"
ods_mariadb_2b,ods_a168_bet01,bet23,26,varchar,varchar(65533),YES,"source_type=decimal(16,4); LV4佔成"
ods_mariadb_2b,ods_a168_bet01,bet24,27,varchar,varchar(65533),YES,"source_type=decimal(16,4); LV5佔成"
ods_mariadb_2b,ods_a168_bet01,bet25,28,varchar,varchar(65533),YES,"source_type=decimal(16,4); LV1退水%數"
ods_mariadb_2b,ods_a168_bet01,bet26,29,varchar,varchar(65533),YES,"source_type=decimal(16,4); LV2退水%數"
ods_mariadb_2b,ods_a168_bet01,bet27,30,varchar,varchar(65533),YES,"source_type=decimal(16,4); LV3退水%數"
ods_mariadb_2b,ods_a168_bet01,bet28,31,varchar,varchar(65533),YES,"source_type=decimal(16,4); LV4退水%數"
ods_mariadb_2b,ods_a168_bet01,bet29,32,varchar,varchar(65533),YES,"source_type=decimal(16,4); LV5退水%數"
ods_mariadb_2b,ods_a168_bet01,bet30,33,varchar,varchar(65533),YES,"source_type=enum(''Y'',''N''); 取消單"
ods_mariadb_2b,ods_a168_bet01,bet31,34,varchar,varchar(65533),YES,source_type=int(11); 桌子編號(Table ID)
ods_mariadb_2b,ods_a168_bet01,bet32,35,varchar,varchar(65533),YES,source_type=int(11); 房間編號(Room ID)
ods_mariadb_2b,ods_a168_bet01,betwalletid,36,varchar,varchar(1048576),YES,source_type=text; 下注單一錢包用
ods_mariadb_2b,ods_a168_bet01,gametype,37,varchar,varchar(65533),YES,source_type=int(11); 1:網投、2:電投
ods_mariadb_2b,ods_a168_bet01,commission,38,varchar,varchar(65533),YES,"source_type=int(11); 0.一般,1,免傭"
ods_mariadb_2b,ods_a168_bet01,category,39,varchar,varchar(65533),YES,"source_type=int(11); 1.一般,2.小費"
ods_mariadb_2b,ods_a168_bet01,eid,40,varchar,varchar(65533),YES,source_type=int(11); 荷官
ods_mariadb_2b,ods_a168_bet01,serid,41,varchar,varchar(65533),YES,source_type=int(11); 服務編號
ods_mariadb_2b,ods_a168_bet01,ip,42,varchar,varchar(65533),YES,source_type=varchar(15); 下注IP
ods_mariadb_2b,ods_a168_bet01,partnerBetId,43,varchar,varchar(65533),YES,source_type=varchar(50); 第三方注單編號
ods_mariadb_2b,ods_a168_bet01,gameId,44,varchar,varchar(65533),YES,source_type=varchar(20); 第三方遊戲代碼
ods_mariadb_2b,ods_a168_bet01,updatetime,45,varchar,varchar(65533),YES,source_type=datetime; 更新時間
ods_mariadb_2b,ods_a168_bet01,source_db,46,varchar,varchar(64),YES,来源库
ods_mariadb_2b,ods_a168_bet01,source_table,47,varchar,varchar(128),YES,来源表
ods_mariadb_2b,ods_a168_bet01,ods_table_name,48,varchar,varchar(256),YES,ODS表名
ods_mariadb_2b,ods_a168_bet01,sync_time,49,datetime,datetime,YES,同步时间
ods_mariadb_2b,ods_a168_bet02,__source_pk,1,varchar,varchar(64),NO,源行唯一键：优先源主键/唯一键MD5，无主键则整行MD5
ods_mariadb_2b,ods_a168_bet02,dt,2,date,date,NO,StarRocks日分区日期：优先来源业务时间，无时间字段则同步当天
ods_mariadb_2b,ods_a168_bet02,bet01,3,varchar,varchar(65533),YES,source_type=bigint(20); 注單編號
ods_mariadb_2b,ods_a168_bet02,bet02,4,varchar,varchar(65533),YES,source_type=int(11); 遊戲類別編號
ods_mariadb_2b,ods_a168_bet02,bet03,5,varchar,varchar(65533),YES,"source_type=decimal(12,0); 場次編號"
ods_mariadb_2b,ods_a168_bet02,bet04,6,varchar,varchar(65533),YES,source_type=int(11); 子場次編號
ods_mariadb_2b,ods_a168_bet02,bet05,7,varchar,varchar(65533),YES,source_type=int(11); 會員編號
ods_mariadb_2b,ods_a168_bet02,bet06,8,varchar,varchar(65533),YES,source_type=datetime; 開局時間
ods_mariadb_2b,ods_a168_bet02,bet07,9,varchar,varchar(65533),YES,source_type=date; 帳務日期
ods_mariadb_2b,ods_a168_bet02,bet08,10,varchar,varchar(65533),YES,source_type=datetime; 下注時間
ods_mariadb_2b,ods_a168_bet02,bet09,11,varchar,varchar(65533),YES,source_type=varchar(100); 下注內容
ods_mariadb_2b,ods_a168_bet02,bet10,12,varchar,varchar(65533),YES,source_type=int(11); 幣別
ods_mariadb_2b,ods_a168_bet02,bet11,13,varchar,varchar(65533),YES,"source_type=decimal(16,4); 匯率"
ods_mariadb_2b,ods_a168_bet02,bet12,14,varchar,varchar(65533),YES,"source_type=decimal(16,4); 起始點數"
ods_mariadb_2b,ods_a168_bet02,bet12a,15,varchar,varchar(65533),YES,"source_type=decimal(16,4); 起始籌碼"
ods_mariadb_2b,ods_a168_bet02,bet13,16,varchar,varchar(65533),YES,"source_type=decimal(16,4); 下注金額"
ods_mariadb_2b,ods_a168_bet02,bet14,17,varchar,varchar(65533),YES,"source_type=decimal(16,4); 派彩"
ods_mariadb_2b,ods_a168_bet02,bet15,18,varchar,varchar(65533),YES,"source_type=decimal(16,4); 退水％數"
ods_mariadb_2b,ods_a168_bet02,bet16,19,varchar,varchar(65533),YES,"source_type=decimal(16,4); 退水金額"
ods_mariadb_2b,ods_a168_bet02,bet17,20,varchar,varchar(65533),YES,"source_type=decimal(16,4); 結果"
ods_mariadb_2b,ods_a168_bet02,bet18,21,varchar,varchar(65533),YES,source_type=int(11); LV1ID
ods_mariadb_2b,ods_a168_bet02,bet19,22,varchar,varchar(65533),YES,source_type=int(11); LV2ID
ods_mariadb_2b,ods_a168_bet02,bet20,23,varchar,varchar(65533),YES,source_type=int(11); LV3ID
ods_mariadb_2b,ods_a168_bet02,bet21,24,varchar,varchar(65533),YES,source_type=int(11); LV4ID
ods_mariadb_2b,ods_a168_bet02,bet22,25,varchar,varchar(65533),YES,source_type=int(11); LV5ID
ods_mariadb_2b,ods_a168_bet02,bet23,26,varchar,varchar(65533),YES,"source_type=decimal(16,4); LV1佔成"
ods_mariadb_2b,ods_a168_bet02,bet24,27,varchar,varchar(65533),YES,"source_type=decimal(16,4); LV2佔成"
ods_mariadb_2b,ods_a168_bet02,bet25,28,varchar,varchar(65533),YES,"source_type=decimal(16,4); LV3佔成"
ods_mariadb_2b,ods_a168_bet02,bet26,29,varchar,varchar(65533),YES,"source_type=decimal(16,4); LV4佔成"
ods_mariadb_2b,ods_a168_bet02,bet27,30,varchar,varchar(65533),YES,"source_type=decimal(16,4); LV5佔成"
ods_mariadb_2b,ods_a168_bet02,bet28,31,varchar,varchar(65533),YES,"source_type=decimal(16,4); LV1退水%數"
ods_mariadb_2b,ods_a168_bet02,bet29,32,varchar,varchar(65533),YES,"source_type=decimal(16,4); LV2退水%數"
ods_mariadb_2b,ods_a168_bet02,bet30,33,varchar,varchar(65533),YES,"source_type=decimal(16,4); LV3退水%數"
ods_mariadb_2b,ods_a168_bet02,bet31,34,varchar,varchar(65533),YES,"source_type=decimal(16,4); LV4退水%數"
ods_mariadb_2b,ods_a168_bet02,bet32,35,varchar,varchar(65533),YES,"source_type=decimal(16,4); LV5退水%數"
ods_mariadb_2b,ods_a168_bet02,bet33,36,varchar,varchar(65533),YES,"source_type=decimal(16,4); LV1結果"
ods_mariadb_2b,ods_a168_bet02,bet34,37,varchar,varchar(65533),YES,"source_type=decimal(16,4); LV2結果"
ods_mariadb_2b,ods_a168_bet02,bet35,38,varchar,varchar(65533),YES,"source_type=decimal(16,4); LV3結果"
ods_mariadb_2b,ods_a168_bet02,bet36,39,varchar,varchar(65533),YES,"source_type=decimal(16,4); LV4結果"
ods_mariadb_2b,ods_a168_bet02,bet37,40,varchar,varchar(65533),YES,"source_type=decimal(16,4); LV5結果"
ods_mariadb_2b,ods_a168_bet02,bet38,41,varchar,varchar(65533),YES,"source_type=enum(''Y'',''N''); 重對"
ods_mariadb_2b,ods_a168_bet02,bet39,42,varchar,varchar(65533),YES,source_type=int(11); 桌子編號
ods_mariadb_2b,ods_a168_bet02,bet40,43,varchar,varchar(65533),YES,source_type=int(11); 房間編號
ods_mariadb_2b,ods_a168_bet02,bet41,44,varchar,varchar(65533),YES,"source_type=decimal(16,4); 下注退水金額"
ods_mariadb_2b,ods_a168_bet02,betwalletid,45,varchar,varchar(1048576),YES,source_type=text; 下注單一錢包用
ods_mariadb_2b,ods_a168_bet02,resultwalletid,46,varchar,varchar(65533),YES,source_type=varchar(50); 結算單一錢包用
ods_mariadb_2b,ods_a168_bet02,validbet,47,varchar,varchar(65533),YES,"source_type=decimal(16,4); 有效投注"
ods_mariadb_2b,ods_a168_bet02,gametype,48,varchar,varchar(65533),YES,source_type=int(11); 1:網投、2:電投、3 電投網投模式、4 電投電投模式
ods_mariadb_2b,ods_a168_bet02,commission,49,varchar,varchar(65533),YES,"source_type=int(11); 0.一般,1,免傭"
ods_mariadb_2b,ods_a168_bet02,category,50,varchar,varchar(65533),YES,"source_type=int(11); 1.一般,2.小費"
ods_mariadb_2b,ods_a168_bet02,eid,51,varchar,varchar(65533),YES,source_type=int(11); 荷官
ods_mariadb_2b,ods_a168_bet02,serid,52,varchar,varchar(65533),YES,source_type=int(11); 服務編號
ods_mariadb_2b,ods_a168_bet02,ip,53,varchar,varchar(65533),YES,source_type=varchar(15); 下注IP
ods_mariadb_2b,ods_a168_bet02,updatetime,54,varchar,varchar(65533),YES,source_type=datetime; 更新時間
ods_mariadb_2b,ods_a168_bet02,source_db,55,varchar,varchar(64),YES,来源库
ods_mariadb_2b,ods_a168_bet02,source_table,56,varchar,varchar(128),YES,来源表
ods_mariadb_2b,ods_a168_bet02,ods_table_name,57,varchar,varchar(256),YES,ODS表名
ods_mariadb_2b,ods_a168_bet02,sync_time,58,datetime,datetime,YES,同步时间
ods_mariadb_2b,ods_a168_bet_No,__source_pk,1,varchar,varchar(64),NO,源行唯一键：优先源主键/唯一键MD5，无主键则整行MD5
ods_mariadb_2b,ods_a168_bet_No,dt,2,date,date,NO,StarRocks日分区日期：优先来源业务时间，无时间字段则同步当天
ods_mariadb_2b,ods_a168_bet_No,bet01,3,varchar,varchar(65533),YES,source_type=bigint(20); 
ods_mariadb_2b,ods_a168_bet_No,source_db,4,varchar,varchar(64),YES,来源库
ods_mariadb_2b,ods_a168_bet_No,source_table,5,varchar,varchar(128),YES,来源表
ods_mariadb_2b,ods_a168_bet_No,ods_table_name,6,varchar,varchar(256),YES,ODS表名
ods_mariadb_2b,ods_a168_bet_No,sync_time,7,datetime,datetime,YES,同步时间
ods_mariadb_2b,ods_a168_bet_limit_default,__source_pk,1,varchar,varchar(64),NO,源行唯一键：优先源主键/唯一键MD5，无主键则整行MD5
ods_mariadb_2b,ods_a168_bet_limit_default,dt,2,date,date,NO,StarRocks日分区日期：优先来源业务时间，无时间字段则同步当天
ods_mariadb_2b,ods_a168_bet_limit_default,id,3,varchar,varchar(65533),YES,source_type=int(11); 
ods_mariadb_2b,ods_a168_bet_limit_default,gtype,4,varchar,varchar(65533),YES,source_type=int(11); 
ods_mariadb_2b,ods_a168_bet_limit_default,set01,5,varchar,varchar(65533),YES,source_type=varchar(20); 
ods_mariadb_2b,ods_a168_bet_limit_default,set02,6,varchar,varchar(65533),YES,source_type=varchar(20); 
ods_mariadb_2b,ods_a168_bet_limit_default,set03,7,varchar,varchar(65533),YES,source_type=varchar(20); 
ods_mariadb_2b,ods_a168_bet_limit_default,set04,8,varchar,varchar(65533),YES,source_type=varchar(20); 
ods_mariadb_2b,ods_a168_bet_limit_default,set05,9,varchar,varchar(65533),YES,source_type=varchar(20); 
ods_mariadb_2b,ods_a168_bet_limit_default,set06,10,varchar,varchar(65533),YES,source_type=varchar(20); 
ods_mariadb_2b,ods_a168_bet_limit_default,set07,11,varchar,varchar(65533),YES,source_type=varchar(20); 
ods_mariadb_2b,ods_a168_bet_limit_default,set08,12,varchar,varchar(65533),YES,source_type=varchar(20); 
ods_mariadb_2b,ods_a168_bet_limit_default,set09,13,varchar,varchar(65533),YES,source_type=varchar(20); 
ods_mariadb_2b,ods_a168_bet_limit_default,set10,14,varchar,varchar(65533),YES,source_type=varchar(20); 
ods_mariadb_2b,ods_a168_bet_limit_default,set11,15,varchar,varchar(65533),YES,source_type=varchar(20); 
ods_mariadb_2b,ods_a168_bet_limit_default,set12,16,varchar,varchar(65533),YES,source_type=varchar(20); 
ods_mariadb_2b,ods_a168_bet_limit_default,set13,17,varchar,varchar(65533),YES,source_type=varchar(20); 
ods_mariadb_2b,ods_a168_bet_limit_default,set14,18,varchar,varchar(65533),YES,source_type=varchar(20); 
ods_mariadb_2b,ods_a168_bet_limit_default,status,19,varchar,varchar(65533),YES,source_type=int(11); 
ods_mariadb_2b,ods_a168_bet_limit_default,sort,20,varchar,varchar(65533),YES,source_type=int(11); 排序
ods_mariadb_2b,ods_a168_bet_limit_default,source_db,21,varchar,varchar(64),YES,来源库
ods_mariadb_2b,ods_a168_bet_limit_default,source_table,22,varchar,varchar(128),YES,来源表
ods_mariadb_2b,ods_a168_bet_limit_default,ods_table_name,23,varchar,varchar(256),YES,ODS表名
ods_mariadb_2b,ods_a168_bet_limit_default,sync_time,24,datetime,datetime,YES,同步时间
ods_mariadb_2b,ods_a168_bet_partner,__source_pk,1,varchar,varchar(64),NO,源行唯一键：优先源主键/唯一键MD5，无主键则整行MD5
ods_mariadb_2b,ods_a168_bet_partner,dt,2,date,date,NO,StarRocks日分区日期：优先来源业务时间，无时间字段则同步当天
ods_mariadb_2b,ods_a168_bet_partner,bet01,3,varchar,varchar(65533),YES,source_type=bigint(11); 注單編號
ods_mariadb_2b,ods_a168_bet_partner,gid,4,varchar,varchar(65533),YES,source_type=int(11); 遊戲編號
ods_mariadb_2b,ods_a168_bet_partner,mid,5,varchar,varchar(65533),YES,source_type=int(11); 會員編號
ods_mariadb_2b,ods_a168_bet_partner,betTime,6,varchar,varchar(65533),YES,source_type=datetime; 下注時間
ods_mariadb_2b,ods_a168_bet_partner,settleTime,7,varchar,varchar(65533),YES,source_type=date; 帳務日期
ods_mariadb_2b,ods_a168_bet_partner,partnerBetId,8,varchar,varchar(65533),YES,source_type=varchar(100); 
ods_mariadb_2b,ods_a168_bet_partner,gameId,9,varchar,varchar(65533),YES,source_type=varchar(64); 
ods_mariadb_2b,ods_a168_bet_partner,updateTime,10,varchar,varchar(65533),YES,source_type=datetime; 更新時間
ods_mariadb_2b,ods_a168_bet_partner,bet_result,11,varchar,varchar(1048576),YES,source_type=text; 開獎結果
ods_mariadb_2b,ods_a168_bet_partner,source_db,12,varchar,varchar(64),YES,来源库
ods_mariadb_2b,ods_a168_bet_partner,source_table,13,varchar,varchar(128),YES,来源表
ods_mariadb_2b,ods_a168_bet_partner,ods_table_name,14,varchar,varchar(256),YES,ODS表名
ods_mariadb_2b,ods_a168_bet_partner,sync_time,15,datetime,datetime,YES,同步时间
ods_mariadb_2b,ods_a168_betchange_log,__source_pk,1,varchar,varchar(64),NO,源行唯一键：优先源主键/唯一键MD5，无主键则整行MD5
ods_mariadb_2b,ods_a168_betchange_log,dt,2,date,date,NO,StarRocks日分区日期：优先来源业务时间，无时间字段则同步当天
ods_mariadb_2b,ods_a168_betchange_log,log_id,3,varchar,varchar(65533),YES,source_type=int(11); 
ods_mariadb_2b,ods_a168_betchange_log,operation_type,4,varchar,varchar(65533),YES,source_type=varchar(32); 
ods_mariadb_2b,ods_a168_betchange_log,change_time,5,varchar,varchar(65533),YES,source_type=datetime; 
ods_mariadb_2b,ods_a168_betchange_log,old_bet01,6,varchar,varchar(65533),YES,source_type=bigint(20); 
ods_mariadb_2b,ods_a168_betchange_log,new_bet01,7,varchar,varchar(65533),YES,source_type=bigint(20); 
ods_mariadb_2b,ods_a168_betchange_log,old_bet05,8,varchar,varchar(65533),YES,source_type=int(11); 
ods_mariadb_2b,ods_a168_betchange_log,new_bet05,9,varchar,varchar(65533),YES,source_type=int(11); 
ods_mariadb_2b,ods_a168_betchange_log,old_bet09,10,varchar,varchar(1048576),YES,source_type=text; 
ods_mariadb_2b,ods_a168_betchange_log,new_bet09,11,varchar,varchar(1048576),YES,source_type=text; 
ods_mariadb_2b,ods_a168_betchange_log,old_ip,12,varchar,varchar(1048576),YES,source_type=text; 
ods_mariadb_2b,ods_a168_betchange_log,new_ip,13,varchar,varchar(1048576),YES,source_type=text; 
ods_mariadb_2b,ods_a168_betchange_log,is_send,14,varchar,varchar(65533),YES,source_type=int(1); 是否已發送
ods_mariadb_2b,ods_a168_betchange_log,source_db,15,varchar,varchar(64),YES,来源库
ods_mariadb_2b,ods_a168_betchange_log,source_table,16,varchar,varchar(128),YES,来源表
ods_mariadb_2b,ods_a168_betchange_log,ods_table_name,17,varchar,varchar(256),YES,ODS表名
ods_mariadb_2b,ods_a168_betchange_log,sync_time,18,datetime,datetime,YES,同步时间
ods_mariadb_2b,ods_a168_category,__source_pk,1,varchar,varchar(64),NO,源行唯一键：优先源主键/唯一键MD5，无主键则整行MD5
ods_mariadb_2b,ods_a168_category,dt,2,date,date,NO,StarRocks日分区日期：优先来源业务时间，无时间字段则同步当天
ods_mariadb_2b,ods_a168_category,sn,3,varchar,varchar(65533),YES,source_type=int(11); 
ods_mariadb_2b,ods_a168_category,level,4,varchar,varchar(65533),YES,source_type=int(11); 層級等級，status為1時修改為sn
ods_mariadb_2b,ods_a168_category,aid,5,varchar,varchar(65533),YES,source_type=int(11); 代理編號
ods_mariadb_2b,ods_a168_category,name,6,varchar,varchar(65533),YES,source_type=varchar(30); 層級名稱
ods_mariadb_2b,ods_a168_category,isdefault,7,varchar,varchar(65533),YES,"source_type=enum(''Y'',''N''); 預設層級 "
ods_mariadb_2b,ods_a168_category,isjoin,8,varchar,varchar(65533),YES,"source_type=enum(''Y'',''N''); 加入升降級"
ods_mariadb_2b,ods_a168_category,in_single_mix,9,varchar,varchar(65533),YES,"source_type=decimal(16,4); 單筆最低存款限額, 0為不限制"
ods_mariadb_2b,ods_a168_category,in_single_max,10,varchar,varchar(65533),YES,"source_type=decimal(16,4); 單筆最高存款限額, 0為不限制"
ods_mariadb_2b,ods_a168_category,singleday_in_times,11,varchar,varchar(65533),YES,"source_type=int(11); 單日最高存款次數, 0為不限制"
ods_mariadb_2b,ods_a168_category,out_single_mix,12,varchar,varchar(65533),YES,"source_type=decimal(16,4); 單筆最低提款限額, 0為不限制"
ods_mariadb_2b,ods_a168_category,out_single_max,13,varchar,varchar(65533),YES,"source_type=decimal(16,4); 單筆最高提款限額, 0為不限制"
ods_mariadb_2b,ods_a168_category,out_singleday_max,14,varchar,varchar(65533),YES,"source_type=decimal(16,4); 單日最高提款總額, 0為不限制"
ods_mariadb_2b,ods_a168_category,singleday_out_times,15,varchar,varchar(65533),YES,"source_type=decimal(16,4); 單日最高提款次數, 0為不限制"
ods_mariadb_2b,ods_a168_category,out_platform_fee_rate,16,varchar,varchar(65533),YES,"source_type=decimal(15,4); 提款平台處理費%"
ods_mariadb_2b,ods_a168_category,out_fee_times,17,varchar,varchar(65533),YES,source_type=tinyint(1); 提款手續費免費次數
ods_mariadb_2b,ods_a168_category,out_fee_rate,18,varchar,varchar(65533),YES,"source_type=decimal(15,4); 提款手續費%"
ods_mariadb_2b,ods_a168_category,feedback_type,19,varchar,varchar(65533),YES,"source_type=enum(''hall'',''game''); 返水範圍"
ods_mariadb_2b,ods_a168_category,feedback_rate,20,varchar,varchar(1048576),YES,"source_type=text; ""有效返水%  feedback_type:hall→{""""LIVE"""":[{""""gamecode"""":""""1,2"""",""""rate"""":""""0.3%""""}],""""SPORT"""":[{""""gamecode"""":""""5002,5006"""",""""rate"""":""""0.1%""""}],""""SLOT"""":[{""""gamecode"""":""""5003,5004,5005"""",""""rate"""":""""0.4%""""}]} feedback_type:game,→{""""LIVE"""":[{""""code"""":""""101,201(EX:AG百家)"""",""""rate"""":""""0.1%""""},{""""code"""":""""102,202(EX:AG龍虎)"""",""""rate"""":""""0.3%""""},{""""code"""":""""103"""",""""rate"""":""""0.4%""""},{""""code"""":""""104"""",""""rate"""":""""0.4%""""},{""""code"""":""""105"""",""""rate"""":""""0.2%""""},{""""code"""":""""107"""",""""rate"""":""""0.5%""""},{""""code"""":""""108"""",""""rate"""":""""0.3%""""},{""""code"""":""""110"""",""""rate"""":""""0.2%""""},{""""code"""":""""111"""",""""rate"""":""""0.5%""""},{""""code"""":""""112"""",""""rate"""":""""0.5%""""},{""""code"""":""""113"""",""""rate"""":""""0.5%""""},{""""code"""":""""117"""",""""rate"""":""""0.4%""""},{""""code"""":""""121"""",""""rate"""":""""0.3%""""}],""""SPORT"""":[{""""code"""":""""133,233(EX:IBC串關)"
ods_mariadb_2b,ods_a168_category,upgrade,21,varchar,varchar(1048576),YES,"source_type=text; 升級{""vaild"":""100000"",""deposit"":""100000""}"
ods_mariadb_2b,ods_a168_category,keep,22,varchar,varchar(1048576),YES,"source_type=text; 保級{""vaild"":""10000"",""deposit"":""10000""}"
ods_mariadb_2b,ods_a168_category,status,23,varchar,varchar(65533),YES,source_type=tinyint(1); 軟刪除設定 1:軟刪除 ，因為level和aid是索引唯一，所以軟刪除也請把該筆level1更新成sn
ods_mariadb_2b,ods_a168_category,remark,24,varchar,varchar(1048576),YES,source_type=text; 備註
ods_mariadb_2b,ods_a168_category,op_lv,25,varchar,varchar(65533),YES,source_type=int(11); 操作者層級
ods_mariadb_2b,ods_a168_category,op_id,26,varchar,varchar(65533),YES,source_type=int(11); 操作者ID
ods_mariadb_2b,ods_a168_category,op_ip,27,varchar,varchar(65533),YES,source_type=varchar(50); 操作者IP
ods_mariadb_2b,ods_a168_category,settingtime,28,varchar,varchar(65533),YES,source_type=timestamp; 建立時間
ods_mariadb_2b,ods_a168_category,updatetime,29,varchar,varchar(65533),YES,source_type=timestamp; 最後操作時間
ods_mariadb_2b,ods_a168_category,source_db,30,varchar,varchar(64),YES,来源库
ods_mariadb_2b,ods_a168_category,source_table,31,varchar,varchar(128),YES,来源表
ods_mariadb_2b,ods_a168_category,ods_table_name,32,varchar,varchar(256),YES,ODS表名
ods_mariadb_2b,ods_a168_category,sync_time,33,datetime,datetime,YES,同步时间
ods_mariadb_2b,ods_a168_categoryLevel,__source_pk,1,varchar,varchar(64),NO,源行唯一键：优先源主键/唯一键MD5，无主键则整行MD5
ods_mariadb_2b,ods_a168_categoryLevel,dt,2,date,date,NO,StarRocks日分区日期：优先来源业务时间，无时间字段则同步当天
ods_mariadb_2b,ods_a168_categoryLevel,lv_id,3,varchar,varchar(65533),YES,source_type=int(11); 
ods_mariadb_2b,ods_a168_categoryLevel,level,4,varchar,varchar(65533),YES,source_type=int(11); 層級等級
ods_mariadb_2b,ods_a168_categoryLevel,name,5,varchar,varchar(65533),YES,source_type=varchar(20); 層級名稱
ods_mariadb_2b,ods_a168_categoryLevel,isDefalut,6,varchar,varchar(65533),YES,"source_type=enum(''Y'',''N''); 預設層級"
ods_mariadb_2b,ods_a168_categoryLevel,status,7,varchar,varchar(65533),YES,source_type=int(11); 狀態
ods_mariadb_2b,ods_a168_categoryLevel,depositLimitMin,8,varchar,varchar(65533),YES,"source_type=decimal(16,4); 最低存款限額, 0為不限制"
ods_mariadb_2b,ods_a168_categoryLevel,depositLimitMax,9,varchar,varchar(65533),YES,"source_type=decimal(16,4); 最高存款限額, 0為不限制"
ods_mariadb_2b,ods_a168_categoryLevel,withdrawLimitMin,10,varchar,varchar(65533),YES,"source_type=decimal(16,4); 最低提款限額, 0為不限制"
ods_mariadb_2b,ods_a168_categoryLevel,withdrawLimitMax,11,varchar,varchar(65533),YES,"source_type=decimal(16,4); 最高提款限額, 0為不限制"
ods_mariadb_2b,ods_a168_categoryLevel,upgradeCondition,12,varchar,varchar(65533),YES,source_type=varchar(20); 晉級條件
ods_mariadb_2b,ods_a168_categoryLevel,keepCondition,13,varchar,varchar(65533),YES,source_type=varchar(20); 保級條件
ods_mariadb_2b,ods_a168_categoryLevel,build_time,14,varchar,varchar(65533),YES,source_type=timestamp; 建立時間
ods_mariadb_2b,ods_a168_categoryLevel,remark,15,varchar,varchar(65533),YES,source_type=varchar(20); 備註
ods_mariadb_2b,ods_a168_categoryLevel,op_level,16,varchar,varchar(65533),YES,source_type=int(11); 操作者層級
ods_mariadb_2b,ods_a168_categoryLevel,op_mid,17,varchar,varchar(65533),YES,source_type=int(11); 操作者編號
ods_mariadb_2b,ods_a168_categoryLevel,source_db,18,varchar,varchar(64),YES,来源库
ods_mariadb_2b,ods_a168_categoryLevel,source_table,19,varchar,varchar(128),YES,来源表
ods_mariadb_2b,ods_a168_categoryLevel,ods_table_name,20,varchar,varchar(256),YES,ODS表名
ods_mariadb_2b,ods_a168_categoryLevel,sync_time,21,datetime,datetime,YES,同步时间
ods_mariadb_2b,ods_a168_change_log,__source_pk,1,varchar,varchar(64),NO,源行唯一键：优先源主键/唯一键MD5，无主键则整行MD5
ods_mariadb_2b,ods_a168_change_log,dt,2,date,date,NO,StarRocks日分区日期：优先来源业务时间，无时间字段则同步当天
ods_mariadb_2b,ods_a168_change_log,id,3,varchar,varchar(65533),YES,source_type=int(11); 序號
ods_mariadb_2b,ods_a168_change_log,function,4,varchar,varchar(65533),YES,source_type=varchar(30); 功能
ods_mariadb_2b,ods_a168_change_log,content,5,varchar,varchar(65533),YES,source_type=varchar(500); 指令
ods_mariadb_2b,ods_a168_change_log,lv,6,varchar,varchar(65533),YES,source_type=int(11); 操作者層級
ods_mariadb_2b,ods_a168_change_log,operator,7,varchar,varchar(65533),YES,source_type=int(11); 操作者
ods_mariadb_2b,ods_a168_change_log,optime,8,varchar,varchar(65533),YES,source_type=datetime; 操作時間
ods_mariadb_2b,ods_a168_change_log,ip,9,varchar,varchar(65533),YES,source_type=varchar(255); 操作者ip
ods_mariadb_2b,ods_a168_change_log,utp,10,varchar,varchar(65533),YES,source_type=varchar(1); 操作者utp
ods_mariadb_2b,ods_a168_change_log,source_db,11,varchar,varchar(64),YES,来源库
ods_mariadb_2b,ods_a168_change_log,source_table,12,varchar,varchar(128),YES,来源表
ods_mariadb_2b,ods_a168_change_log,ods_table_name,13,varchar,varchar(256),YES,ODS表名
ods_mariadb_2b,ods_a168_change_log,sync_time,14,datetime,datetime,YES,同步时间
ods_mariadb_2b,ods_a168_close_tip_list,__source_pk,1,varchar,varchar(64),NO,源行唯一键：优先源主键/唯一键MD5，无主键则整行MD5
ods_mariadb_2b,ods_a168_close_tip_list,dt,2,date,date,NO,StarRocks日分区日期：优先来源业务时间，无时间字段则同步当天
ods_mariadb_2b,ods_a168_close_tip_list,game_user,3,varchar,varchar(65533),YES,source_type=varchar(30); 
ods_mariadb_2b,ods_a168_close_tip_list,source_db,4,varchar,varchar(64),YES,来源库
ods_mariadb_2b,ods_a168_close_tip_list,source_table,5,varchar,varchar(128),YES,来源表
ods_mariadb_2b,ods_a168_close_tip_list,ods_table_name,6,varchar,varchar(256),YES,ODS表名
ods_mariadb_2b,ods_a168_close_tip_list,sync_time,7,datetime,datetime,YES,同步时间
ods_mariadb_2b,ods_a168_control,__source_pk,1,varchar,varchar(64),NO,源行唯一键：优先源主键/唯一键MD5，无主键则整行MD5
ods_mariadb_2b,ods_a168_control,dt,2,date,date,NO,StarRocks日分区日期：优先来源业务时间，无时间字段则同步当天
ods_mariadb_2b,ods_a168_control,con001,3,varchar,varchar(65533),YES,source_type=int(11); sn
ods_mariadb_2b,ods_a168_control,con002,4,varchar,varchar(65533),YES,source_type=varchar(30); id
ods_mariadb_2b,ods_a168_control,con003,5,varchar,varchar(65533),YES,source_type=varchar(50); pw
ods_mariadb_2b,ods_a168_control,con004,6,varchar,varchar(65533),YES,source_type=varchar(30); name
ods_mariadb_2b,ods_a168_control,con005,7,varchar,varchar(65533),YES,source_type=char(10); power
ods_mariadb_2b,ods_a168_control,con006,8,varchar,varchar(65533),YES,source_type=timestamp; last_login
ods_mariadb_2b,ods_a168_control,con007,9,varchar,varchar(65533),YES,source_type=char(15); last_ip
ods_mariadb_2b,ods_a168_control,con008,10,varchar,varchar(65533),YES,"source_type=enum(''Y'',''N''); enable"
ods_mariadb_2b,ods_a168_control,con009,11,varchar,varchar(65533),YES,source_type=int(11); login_error
ods_mariadb_2b,ods_a168_control,rolesId,12,varchar,varchar(65533),YES,source_type=int(11); 角色ID
ods_mariadb_2b,ods_a168_control,chkKey,13,varchar,varchar(65533),YES,source_type=varchar(100); 
ods_mariadb_2b,ods_a168_control,chkLock,14,varchar,varchar(65533),YES,"source_type=enum(''Y'',''N''); 是否鎖定"
ods_mariadb_2b,ods_a168_control,last_chpsw,15,varchar,varchar(65533),YES,source_type=timestamp; 上次修改密碼時間
ods_mariadb_2b,ods_a168_control,source_db,16,varchar,varchar(64),YES,来源库
ods_mariadb_2b,ods_a168_control,source_table,17,varchar,varchar(128),YES,来源表
ods_mariadb_2b,ods_a168_control,ods_table_name,18,varchar,varchar(256),YES,ODS表名
ods_mariadb_2b,ods_a168_control,sync_time,19,datetime,datetime,YES,同步时间
ods_mariadb_2b,ods_a168_control_login,__source_pk,1,varchar,varchar(64),NO,源行唯一键：优先源主键/唯一键MD5，无主键则整行MD5
ods_mariadb_2b,ods_a168_control_login,dt,2,date,date,NO,StarRocks日分区日期：优先来源业务时间，无时间字段则同步当天
ods_mariadb_2b,ods_a168_control_login,clg001,3,varchar,varchar(65533),YES,source_type=int(11); ctl_id
ods_mariadb_2b,ods_a168_control_login,clg002,4,varchar,varchar(65533),YES,source_type=int(11); site
ods_mariadb_2b,ods_a168_control_login,clg003,5,varchar,varchar(65533),YES,source_type=varchar(50); sid
ods_mariadb_2b,ods_a168_control_login,clg004,6,varchar,varchar(65533),YES,source_type=timestamp; this_login
ods_mariadb_2b,ods_a168_control_login,clg005,7,varchar,varchar(65533),YES,source_type=timestamp; last_login
ods_mariadb_2b,ods_a168_control_login,clg006,8,varchar,varchar(65533),YES,source_type=char(15); ip
ods_mariadb_2b,ods_a168_control_login,clg007,9,varchar,varchar(1048576),YES,source_type=text; info
ods_mariadb_2b,ods_a168_control_login,source_db,10,varchar,varchar(64),YES,来源库
ods_mariadb_2b,ods_a168_control_login,source_table,11,varchar,varchar(128),YES,来源表
ods_mariadb_2b,ods_a168_control_login,ods_table_name,12,varchar,varchar(256),YES,ODS表名
ods_mariadb_2b,ods_a168_control_login,sync_time,13,datetime,datetime,YES,同步时间
ods_mariadb_2b,ods_a168_conversion,__source_pk,1,varchar,varchar(64),NO,源行唯一键：优先源主键/唯一键MD5，无主键则整行MD5
ods_mariadb_2b,ods_a168_conversion,dt,2,date,date,NO,StarRocks日分区日期：优先来源业务时间，无时间字段则同步当天
ods_mariadb_2b,ods_a168_conversion,id,3,varchar,varchar(65533),YES,source_type=int(11); 
ods_mariadb_2b,ods_a168_conversion,mid,4,varchar,varchar(65533),YES,source_type=int(11); 
ods_mariadb_2b,ods_a168_conversion,type,5,varchar,varchar(65533),YES,source_type=int(11); 0:出碼，1:轉碼
ods_mariadb_2b,ods_a168_conversion,money,6,varchar,varchar(65533),YES,"source_type=decimal(10,4); 金額"
ods_mariadb_2b,ods_a168_conversion,curmoney,7,varchar,varchar(65533),YES,"source_type=decimal(10,4); 當前額度"
ods_mariadb_2b,ods_a168_conversion,etype,8,varchar,varchar(65533),YES,source_type=int(11); 1:帳房提出2:接線員提出
ods_mariadb_2b,ods_a168_conversion,employee1,9,varchar,varchar(65533),YES,source_type=int(11); 碼房人員
ods_mariadb_2b,ods_a168_conversion,employee1name,10,varchar,varchar(65533),YES,source_type=varchar(20); 
ods_mariadb_2b,ods_a168_conversion,employee2,11,varchar,varchar(65533),YES,source_type=int(11); 接線人員
ods_mariadb_2b,ods_a168_conversion,employee2name,12,varchar,varchar(65533),YES,source_type=varchar(20); 
ods_mariadb_2b,ods_a168_conversion,updatetime,13,varchar,varchar(65533),YES,source_type=datetime; 
ods_mariadb_2b,ods_a168_conversion,addtime,14,varchar,varchar(65533),YES,source_type=datetime; 
ods_mariadb_2b,ods_a168_conversion,status,15,varchar,varchar(65533),YES,"source_type=int(11); 1:申請,2:完成,9:失敗"
ods_mariadb_2b,ods_a168_conversion,iom_id,16,varchar,varchar(65533),YES,source_type=int(11); 
ods_mariadb_2b,ods_a168_conversion,phonenumber,17,varchar,varchar(65533),YES,source_type=varchar(20); 
ods_mariadb_2b,ods_a168_conversion,source_db,18,varchar,varchar(64),YES,来源库
ods_mariadb_2b,ods_a168_conversion,source_table,19,varchar,varchar(128),YES,来源表
ods_mariadb_2b,ods_a168_conversion,ods_table_name,20,varchar,varchar(256),YES,ODS表名
ods_mariadb_2b,ods_a168_conversion,sync_time,21,datetime,datetime,YES,同步时间
ods_mariadb_2b,ods_a168_ctl_rto,__source_pk,1,varchar,varchar(64),NO,源行唯一键：优先源主键/唯一键MD5，无主键则整行MD5
ods_mariadb_2b,ods_a168_ctl_rto,dt,2,date,date,NO,StarRocks日分区日期：优先来源业务时间，无时间字段则同步当天
ods_mariadb_2b,ods_a168_ctl_rto,ctl001,3,varchar,varchar(65533),YES,source_type=int(11); play
ods_mariadb_2b,ods_a168_ctl_rto,ctl002,4,varchar,varchar(65533),YES,source_type=int(11); item
ods_mariadb_2b,ods_a168_ctl_rto,ctl003,5,varchar,varchar(65533),YES,source_type=varchar(10); ctl
ods_mariadb_2b,ods_a168_ctl_rto,source_db,6,varchar,varchar(64),YES,来源库
ods_mariadb_2b,ods_a168_ctl_rto,source_table,7,varchar,varchar(128),YES,来源表
ods_mariadb_2b,ods_a168_ctl_rto,ods_table_name,8,varchar,varchar(256),YES,ODS表名
ods_mariadb_2b,ods_a168_ctl_rto,sync_time,9,datetime,datetime,YES,同步时间
ods_mariadb_2b,ods_a168_currency,__source_pk,1,varchar,varchar(64),NO,源行唯一键：优先源主键/唯一键MD5，无主键则整行MD5
ods_mariadb_2b,ods_a168_currency,dt,2,date,date,NO,StarRocks日分区日期：优先来源业务时间，无时间字段则同步当天
ods_mariadb_2b,ods_a168_currency,id,3,varchar,varchar(65533),YES,source_type=int(11); 
ods_mariadb_2b,ods_a168_currency,code,4,varchar,varchar(65533),YES,source_type=varchar(5); 
ods_mariadb_2b,ods_a168_currency,name,5,varchar,varchar(65533),YES,source_type=varchar(20); 
ods_mariadb_2b,ods_a168_currency,origin_rate,6,varchar,varchar(65533),YES,"source_type=decimal(8,4); 修改之前匯率"
ods_mariadb_2b,ods_a168_currency,rate,7,varchar,varchar(65533),YES,"source_type=decimal(8,4); 匯率"
ods_mariadb_2b,ods_a168_currency,base,8,varchar,varchar(65533),YES,source_type=bit(1); 預設
ods_mariadb_2b,ods_a168_currency,edittime,9,varchar,varchar(65533),YES,source_type=datetime; 最後修改時間
ods_mariadb_2b,ods_a168_currency,iplocation,10,varchar,varchar(1048576),YES,source_type=text; 允許地區
ods_mariadb_2b,ods_a168_currency,source_db,11,varchar,varchar(64),YES,来源库
ods_mariadb_2b,ods_a168_currency,source_table,12,varchar,varchar(128),YES,来源表
ods_mariadb_2b,ods_a168_currency,ods_table_name,13,varchar,varchar(256),YES,ODS表名
ods_mariadb_2b,ods_a168_currency,sync_time,14,datetime,datetime,YES,同步时间
ods_mariadb_2b,ods_a168_dailyreport,__source_pk,1,varchar,varchar(64),NO,源行唯一键：优先源主键/唯一键MD5，无主键则整行MD5
ods_mariadb_2b,ods_a168_dailyreport,dt,2,date,date,NO,StarRocks日分区日期：优先来源业务时间，无时间字段则同步当天
ods_mariadb_2b,ods_a168_dailyreport,id,3,varchar,varchar(65533),YES,source_type=bigint(20); 
ods_mariadb_2b,ods_a168_dailyreport,time,4,varchar,varchar(65533),YES,source_type=date; 日期
ods_mariadb_2b,ods_a168_dailyreport,bet02,5,varchar,varchar(65533),YES,source_type=int(11); 遊戲編號
ods_mariadb_2b,ods_a168_dailyreport,bet05,6,varchar,varchar(65533),YES,source_type=int(11); 會員編號
ods_mariadb_2b,ods_a168_dailyreport,bet13,7,varchar,varchar(65533),YES,"source_type=decimal(16,4); 下注金額"
ods_mariadb_2b,ods_a168_dailyreport,bet14,8,varchar,varchar(65533),YES,"source_type=decimal(16,4); 派彩金額"
ods_mariadb_2b,ods_a168_dailyreport,bet15,9,varchar,varchar(65533),YES,"source_type=decimal(16,4); 會員退水%數"
ods_mariadb_2b,ods_a168_dailyreport,bet41,10,varchar,varchar(65533),YES,"source_type=decimal(16,4); 有效投注"
ods_mariadb_2b,ods_a168_dailyreport,bet18,11,varchar,varchar(65533),YES,source_type=int(11); LV1ID
ods_mariadb_2b,ods_a168_dailyreport,bet19,12,varchar,varchar(65533),YES,source_type=int(11); LV2ID
ods_mariadb_2b,ods_a168_dailyreport,bet20,13,varchar,varchar(65533),YES,source_type=int(11); LV3ID
ods_mariadb_2b,ods_a168_dailyreport,bet21,14,varchar,varchar(65533),YES,source_type=int(11); LV4ID
ods_mariadb_2b,ods_a168_dailyreport,bet22,15,varchar,varchar(65533),YES,source_type=int(11); LV5ID
ods_mariadb_2b,ods_a168_dailyreport,bet23,16,varchar,varchar(65533),YES,"source_type=decimal(16,4); LV1佔成"
ods_mariadb_2b,ods_a168_dailyreport,bet24,17,varchar,varchar(65533),YES,"source_type=decimal(16,4); LV2佔成"
ods_mariadb_2b,ods_a168_dailyreport,bet25,18,varchar,varchar(65533),YES,"source_type=decimal(16,4); LV3佔成"
ods_mariadb_2b,ods_a168_dailyreport,bet26,19,varchar,varchar(65533),YES,"source_type=decimal(16,4); LV4佔成"
ods_mariadb_2b,ods_a168_dailyreport,bet27,20,varchar,varchar(65533),YES,"source_type=decimal(16,4); LV5佔成"
ods_mariadb_2b,ods_a168_dailyreport,bet28,21,varchar,varchar(65533),YES,"source_type=decimal(16,4); LV1退水"
ods_mariadb_2b,ods_a168_dailyreport,bet29,22,varchar,varchar(65533),YES,"source_type=decimal(16,4); LV2退水"
ods_mariadb_2b,ods_a168_dailyreport,bet30,23,varchar,varchar(65533),YES,"source_type=decimal(16,4); LV3退水"
ods_mariadb_2b,ods_a168_dailyreport,bet31,24,varchar,varchar(65533),YES,"source_type=decimal(16,4); LV4退水"
ods_mariadb_2b,ods_a168_dailyreport,bet32,25,varchar,varchar(65533),YES,"source_type=decimal(16,4); LV5退水"
ods_mariadb_2b,ods_a168_dailyreport,bet39,26,varchar,varchar(65533),YES,source_type=int(11); 
ods_mariadb_2b,ods_a168_dailyreport,bet10,27,varchar,varchar(65533),YES,source_type=int(11); 幣別
ods_mariadb_2b,ods_a168_dailyreport,bet11,28,varchar,varchar(65533),YES,"source_type=decimal(16,4); 匯率"
ods_mariadb_2b,ods_a168_dailyreport,category,29,varchar,varchar(65533),YES,source_type=int(11); 
ods_mariadb_2b,ods_a168_dailyreport,count,30,varchar,varchar(65533),YES,source_type=int(11); 筆數
ods_mariadb_2b,ods_a168_dailyreport,source_db,31,varchar,varchar(64),YES,来源库
ods_mariadb_2b,ods_a168_dailyreport,source_table,32,varchar,varchar(128),YES,来源表
ods_mariadb_2b,ods_a168_dailyreport,ods_table_name,33,varchar,varchar(256),YES,ODS表名
ods_mariadb_2b,ods_a168_dailyreport,sync_time,34,datetime,datetime,YES,同步时间
ods_mariadb_2b,ods_a168_dailyreport2,__source_pk,1,varchar,varchar(64),NO,源行唯一键：优先源主键/唯一键MD5，无主键则整行MD5
ods_mariadb_2b,ods_a168_dailyreport2,dt,2,date,date,NO,StarRocks日分区日期：优先来源业务时间，无时间字段则同步当天
ods_mariadb_2b,ods_a168_dailyreport2,id,3,varchar,varchar(65533),YES,source_type=bigint(20); 
ods_mariadb_2b,ods_a168_dailyreport2,time,4,varchar,varchar(65533),YES,source_type=date; 日期
ods_mariadb_2b,ods_a168_dailyreport2,bet02,5,varchar,varchar(65533),YES,source_type=int(11); 遊戲編號
ods_mariadb_2b,ods_a168_dailyreport2,bet05,6,varchar,varchar(65533),YES,source_type=int(11); 會員編號
ods_mariadb_2b,ods_a168_dailyreport2,bet13,7,varchar,varchar(65533),YES,"source_type=decimal(16,4); 下注金額"
ods_mariadb_2b,ods_a168_dailyreport2,bet14,8,varchar,varchar(65533),YES,"source_type=decimal(16,4); 派彩金額"
ods_mariadb_2b,ods_a168_dailyreport2,bet15,9,varchar,varchar(65533),YES,"source_type=decimal(16,4); 會員退水%數"
ods_mariadb_2b,ods_a168_dailyreport2,bet41,10,varchar,varchar(65533),YES,"source_type=decimal(16,4); 有效投注"
ods_mariadb_2b,ods_a168_dailyreport2,bet18,11,varchar,varchar(65533),YES,source_type=int(11); LV1ID
ods_mariadb_2b,ods_a168_dailyreport2,bet19,12,varchar,varchar(65533),YES,source_type=int(11); LV2ID
ods_mariadb_2b,ods_a168_dailyreport2,bet20,13,varchar,varchar(65533),YES,source_type=int(11); LV3ID
ods_mariadb_2b,ods_a168_dailyreport2,bet21,14,varchar,varchar(65533),YES,source_type=int(11); LV4ID
ods_mariadb_2b,ods_a168_dailyreport2,bet22,15,varchar,varchar(65533),YES,source_type=int(11); LV5ID
ods_mariadb_2b,ods_a168_dailyreport2,bet23,16,varchar,varchar(65533),YES,"source_type=decimal(16,4); LV1佔成"
ods_mariadb_2b,ods_a168_dailyreport2,bet24,17,varchar,varchar(65533),YES,"source_type=decimal(16,4); LV2佔成"
ods_mariadb_2b,ods_a168_dailyreport2,bet25,18,varchar,varchar(65533),YES,"source_type=decimal(16,4); LV3佔成"
ods_mariadb_2b,ods_a168_dailyreport2,bet26,19,varchar,varchar(65533),YES,"source_type=decimal(16,4); LV4佔成"
ods_mariadb_2b,ods_a168_dailyreport2,bet27,20,varchar,varchar(65533),YES,"source_type=decimal(16,4); LV5佔成"
ods_mariadb_2b,ods_a168_dailyreport2,bet28,21,varchar,varchar(65533),YES,"source_type=decimal(16,4); LV1退水"
ods_mariadb_2b,ods_a168_dailyreport2,bet29,22,varchar,varchar(65533),YES,"source_type=decimal(16,4); LV2退水"
ods_mariadb_2b,ods_a168_dailyreport2,bet30,23,varchar,varchar(65533),YES,"source_type=decimal(16,4); LV3退水"
ods_mariadb_2b,ods_a168_dailyreport2,bet31,24,varchar,varchar(65533),YES,"source_type=decimal(16,4); LV4退水"
ods_mariadb_2b,ods_a168_dailyreport2,bet32,25,varchar,varchar(65533),YES,"source_type=decimal(16,4); LV5退水"
ods_mariadb_2b,ods_a168_dailyreport2,bet39,26,varchar,varchar(65533),YES,source_type=int(11); 
ods_mariadb_2b,ods_a168_dailyreport2,bet10,27,varchar,varchar(65533),YES,source_type=int(11); 幣別
ods_mariadb_2b,ods_a168_dailyreport2,bet11,28,varchar,varchar(65533),YES,"source_type=decimal(16,4); 匯率"
ods_mariadb_2b,ods_a168_dailyreport2,category,29,varchar,varchar(65533),YES,source_type=int(11); 
ods_mariadb_2b,ods_a168_dailyreport2,count,30,varchar,varchar(65533),YES,source_type=int(11); 筆數
ods_mariadb_2b,ods_a168_dailyreport2,risk,31,varchar,varchar(65533),YES,source_type=tinyint(1); 風險單1:是
ods_mariadb_2b,ods_a168_dailyreport2,source_db,32,varchar,varchar(64),YES,来源库
ods_mariadb_2b,ods_a168_dailyreport2,source_table,33,varchar,varchar(128),YES,来源表
ods_mariadb_2b,ods_a168_dailyreport2,ods_table_name,34,varchar,varchar(256),YES,ODS表名
ods_mariadb_2b,ods_a168_dailyreport2,sync_time,35,datetime,datetime,YES,同步时间
ods_mariadb_2b,ods_a168_dailyreport_member,__source_pk,1,varchar,varchar(64),NO,源行唯一键：优先源主键/唯一键MD5，无主键则整行MD5
ods_mariadb_2b,ods_a168_dailyreport_member,dt,2,date,date,NO,StarRocks日分区日期：优先来源业务时间，无时间字段则同步当天
ods_mariadb_2b,ods_a168_dailyreport_member,id,3,varchar,varchar(65533),YES,source_type=bigint(20); 
ods_mariadb_2b,ods_a168_dailyreport_member,time,4,varchar,varchar(65533),YES,source_type=date; 日期
ods_mariadb_2b,ods_a168_dailyreport_member,bet02,5,varchar,varchar(65533),YES,source_type=int(11); 遊戲編號
ods_mariadb_2b,ods_a168_dailyreport_member,bet05,6,varchar,varchar(65533),YES,source_type=int(11); 會員編號
ods_mariadb_2b,ods_a168_dailyreport_member,bet13,7,varchar,varchar(65533),YES,"source_type=decimal(16,4); 下注金額"
ods_mariadb_2b,ods_a168_dailyreport_member,bet14,8,varchar,varchar(65533),YES,"source_type=decimal(16,4); 派彩金額"
ods_mariadb_2b,ods_a168_dailyreport_member,bet15,9,varchar,varchar(65533),YES,"source_type=decimal(16,4); 會員退水%數"
ods_mariadb_2b,ods_a168_dailyreport_member,bet41,10,varchar,varchar(65533),YES,"source_type=decimal(16,4); 有效投注"
ods_mariadb_2b,ods_a168_dailyreport_member,bet18,11,varchar,varchar(65533),YES,source_type=int(11); LV1ID
ods_mariadb_2b,ods_a168_dailyreport_member,bet19,12,varchar,varchar(65533),YES,source_type=int(11); LV2ID
ods_mariadb_2b,ods_a168_dailyreport_member,bet20,13,varchar,varchar(65533),YES,source_type=int(11); LV3ID
ods_mariadb_2b,ods_a168_dailyreport_member,bet21,14,varchar,varchar(65533),YES,source_type=int(11); LV4ID
ods_mariadb_2b,ods_a168_dailyreport_member,bet22,15,varchar,varchar(65533),YES,source_type=int(11); LV5ID
ods_mariadb_2b,ods_a168_dailyreport_member,bet23,16,varchar,varchar(65533),YES,"source_type=decimal(16,4); LV1占成"
ods_mariadb_2b,ods_a168_dailyreport_member,bet24,17,varchar,varchar(65533),YES,"source_type=decimal(16,4); LV2占成"
ods_mariadb_2b,ods_a168_dailyreport_member,bet25,18,varchar,varchar(65533),YES,"source_type=decimal(16,4); LV3占成"
ods_mariadb_2b,ods_a168_dailyreport_member,bet26,19,varchar,varchar(65533),YES,"source_type=decimal(16,4); LV4占成"
ods_mariadb_2b,ods_a168_dailyreport_member,bet27,20,varchar,varchar(65533),YES,"source_type=decimal(16,4); LV5占成"
ods_mariadb_2b,ods_a168_dailyreport_member,bet28,21,varchar,varchar(65533),YES,"source_type=decimal(16,4); LV1退水"
ods_mariadb_2b,ods_a168_dailyreport_member,bet29,22,varchar,varchar(65533),YES,"source_type=decimal(16,4); LV2退水"
ods_mariadb_2b,ods_a168_dailyreport_member,bet30,23,varchar,varchar(65533),YES,"source_type=decimal(16,4); LV3退水"
ods_mariadb_2b,ods_a168_dailyreport_member,bet31,24,varchar,varchar(65533),YES,"source_type=decimal(16,4); LV4退水"
ods_mariadb_2b,ods_a168_dailyreport_member,bet32,25,varchar,varchar(65533),YES,"source_type=decimal(16,4); LV5退水"
ods_mariadb_2b,ods_a168_dailyreport_member,bet10,26,varchar,varchar(65533),YES,source_type=int(11); 幣別
ods_mariadb_2b,ods_a168_dailyreport_member,bet11,27,varchar,varchar(65533),YES,"source_type=decimal(16,4); 匯率"
ods_mariadb_2b,ods_a168_dailyreport_member,category,28,varchar,varchar(65533),YES,"source_type=int(11); 1:一般,2:小費"
ods_mariadb_2b,ods_a168_dailyreport_member,count,29,varchar,varchar(65533),YES,source_type=int(11); 筆數
ods_mariadb_2b,ods_a168_dailyreport_member,risk,30,varchar,varchar(65533),YES,source_type=tinyint(1); 風險單 1:是
ods_mariadb_2b,ods_a168_dailyreport_member,orders,31,varchar,varchar(65533),YES,source_type=tinyint(1); 劃單 1:是
ods_mariadb_2b,ods_a168_dailyreport_member,source_db,32,varchar,varchar(64),YES,来源库
ods_mariadb_2b,ods_a168_dailyreport_member,source_table,33,varchar,varchar(128),YES,来源表
ods_mariadb_2b,ods_a168_dailyreport_member,ods_table_name,34,varchar,varchar(256),YES,ODS表名
ods_mariadb_2b,ods_a168_dailyreport_member,sync_time,35,datetime,datetime,YES,同步时间
ods_mariadb_2b,ods_a168_dailyreport_table,__source_pk,1,varchar,varchar(64),NO,源行唯一键：优先源主键/唯一键MD5，无主键则整行MD5
ods_mariadb_2b,ods_a168_dailyreport_table,dt,2,date,date,NO,StarRocks日分区日期：优先来源业务时间，无时间字段则同步当天
ods_mariadb_2b,ods_a168_dailyreport_table,id,3,varchar,varchar(65533),YES,source_type=bigint(20); 
ods_mariadb_2b,ods_a168_dailyreport_table,time,4,varchar,varchar(65533),YES,source_type=date; 日期
ods_mariadb_2b,ods_a168_dailyreport_table,bet02,5,varchar,varchar(65533),YES,source_type=int(11); 遊戲編號
ods_mariadb_2b,ods_a168_dailyreport_table,bet10,6,varchar,varchar(65533),YES,source_type=int(11); 幣別
ods_mariadb_2b,ods_a168_dailyreport_table,bet11,7,varchar,varchar(65533),YES,"source_type=decimal(16,4); 匯率"
ods_mariadb_2b,ods_a168_dailyreport_table,bet13,8,varchar,varchar(65533),YES,"source_type=decimal(16,4); 下注金額"
ods_mariadb_2b,ods_a168_dailyreport_table,bet14,9,varchar,varchar(65533),YES,"source_type=decimal(16,4); 派彩金額"
ods_mariadb_2b,ods_a168_dailyreport_table,bet18,10,varchar,varchar(65533),YES,source_type=int(11); LV1ID
ods_mariadb_2b,ods_a168_dailyreport_table,bet23,11,varchar,varchar(65533),YES,"source_type=decimal(16,4); LV1占成"
ods_mariadb_2b,ods_a168_dailyreport_table,bet28,12,varchar,varchar(65533),YES,"source_type=decimal(16,4); LV1退水%數"
ods_mariadb_2b,ods_a168_dailyreport_table,bet39,13,varchar,varchar(65533),YES,source_type=int(11); 桌子編號
ods_mariadb_2b,ods_a168_dailyreport_table,bet41,14,varchar,varchar(65533),YES,"source_type=decimal(16,4); 下注退水金額"
ods_mariadb_2b,ods_a168_dailyreport_table,validbet,15,varchar,varchar(65533),YES,"source_type=decimal(16,4); 有效投注"
ods_mariadb_2b,ods_a168_dailyreport_table,category,16,varchar,varchar(65533),YES,"source_type=int(11); 1:一般,2:小費"
ods_mariadb_2b,ods_a168_dailyreport_table,count,17,varchar,varchar(65533),YES,source_type=int(11); 筆數
ods_mariadb_2b,ods_a168_dailyreport_table,risk,18,varchar,varchar(65533),YES,source_type=tinyint(1); 風險單 1:是
ods_mariadb_2b,ods_a168_dailyreport_table,orders,19,varchar,varchar(65533),YES,source_type=tinyint(1); 劃單 1:是
ods_mariadb_2b,ods_a168_dailyreport_table,source_db,20,varchar,varchar(64),YES,来源库
ods_mariadb_2b,ods_a168_dailyreport_table,source_table,21,varchar,varchar(128),YES,来源表
ods_mariadb_2b,ods_a168_dailyreport_table,ods_table_name,22,varchar,varchar(256),YES,ODS表名
ods_mariadb_2b,ods_a168_dailyreport_table,sync_time,23,datetime,datetime,YES,同步时间
ods_mariadb_2b,ods_a168_dailyreport_usercount,__source_pk,1,varchar,varchar(64),NO,源行唯一键：优先源主键/唯一键MD5，无主键则整行MD5
ods_mariadb_2b,ods_a168_dailyreport_usercount,dt,2,date,date,NO,StarRocks日分区日期：优先来源业务时间，无时间字段则同步当天
ods_mariadb_2b,ods_a168_dailyreport_usercount,id,3,varchar,varchar(65533),YES,source_type=int(11); 
ods_mariadb_2b,ods_a168_dailyreport_usercount,time,4,varchar,varchar(65533),YES,source_type=date; 日期
ods_mariadb_2b,ods_a168_dailyreport_usercount,bet05,5,varchar,varchar(65533),YES,source_type=int(11); 會員編號
ods_mariadb_2b,ods_a168_dailyreport_usercount,bet02,6,varchar,varchar(65533),YES,source_type=int(11); 遊戲編號
ods_mariadb_2b,ods_a168_dailyreport_usercount,bet39,7,varchar,varchar(65533),YES,source_type=int(11); 桌號
ods_mariadb_2b,ods_a168_dailyreport_usercount,bet18,8,varchar,varchar(65533),YES,source_type=int(11); LV1ID
ods_mariadb_2b,ods_a168_dailyreport_usercount,source_db,9,varchar,varchar(64),YES,来源库
ods_mariadb_2b,ods_a168_dailyreport_usercount,source_table,10,varchar,varchar(128),YES,来源表
ods_mariadb_2b,ods_a168_dailyreport_usercount,ods_table_name,11,varchar,varchar(256),YES,ODS表名
ods_mariadb_2b,ods_a168_dailyreport_usercount,sync_time,12,datetime,datetime,YES,同步时间
ods_mariadb_2b,ods_a168_emp_login,__source_pk,1,varchar,varchar(64),NO,源行唯一键：优先源主键/唯一键MD5，无主键则整行MD5
ods_mariadb_2b,ods_a168_emp_login,dt,2,date,date,NO,StarRocks日分区日期：优先来源业务时间，无时间字段则同步当天
ods_mariadb_2b,ods_a168_emp_login,eid,3,varchar,varchar(65533),YES,source_type=int(11); 
ods_mariadb_2b,ods_a168_emp_login,sid,4,varchar,varchar(65533),YES,source_type=varchar(50); 
ods_mariadb_2b,ods_a168_emp_login,logintime,5,varchar,varchar(65533),YES,source_type=datetime; 
ods_mariadb_2b,ods_a168_emp_login,loginip,6,varchar,varchar(65533),YES,source_type=varchar(20); 
ods_mariadb_2b,ods_a168_emp_login,status,7,varchar,varchar(65533),YES,source_type=int(11); 
ods_mariadb_2b,ods_a168_emp_login,remark,8,varchar,varchar(65533),YES,source_type=varchar(50); 
ods_mariadb_2b,ods_a168_emp_login,source_db,9,varchar,varchar(64),YES,来源库
ods_mariadb_2b,ods_a168_emp_login,source_table,10,varchar,varchar(128),YES,来源表
ods_mariadb_2b,ods_a168_emp_login,ods_table_name,11,varchar,varchar(256),YES,ODS表名
ods_mariadb_2b,ods_a168_emp_login,sync_time,12,datetime,datetime,YES,同步时间
ods_mariadb_2b,ods_a168_employee,__source_pk,1,varchar,varchar(64),NO,源行唯一键：优先源主键/唯一键MD5，无主键则整行MD5
ods_mariadb_2b,ods_a168_employee,dt,2,date,date,NO,StarRocks日分区日期：优先来源业务时间，无时间字段则同步当天
ods_mariadb_2b,ods_a168_employee,id,3,varchar,varchar(65533),YES,source_type=int(11); 
ods_mariadb_2b,ods_a168_employee,account,4,varchar,varchar(65533),YES,source_type=varchar(20); 
ods_mariadb_2b,ods_a168_employee,password,5,varchar,varchar(65533),YES,source_type=varchar(20); 
ods_mariadb_2b,ods_a168_employee,name,6,varchar,varchar(65533),YES,source_type=varchar(30); 
ods_mariadb_2b,ods_a168_employee,type,7,varchar,varchar(65533),YES,source_type=int(11); 1:帳房人員;2:接線員;3:荷官
ods_mariadb_2b,ods_a168_employee,roles,8,varchar,varchar(65533),YES,source_type=int(11); 權限
ods_mariadb_2b,ods_a168_employee,phone,9,varchar,varchar(65533),YES,source_type=varchar(13); 
ods_mariadb_2b,ods_a168_employee,email,10,varchar,varchar(65533),YES,source_type=varchar(30); 
ods_mariadb_2b,ods_a168_employee,qq,11,varchar,varchar(65533),YES,source_type=varchar(20); 
ods_mariadb_2b,ods_a168_employee,enable,12,varchar,varchar(65533),YES,"source_type=enum(''Y'',''N'');  停啟用"
ods_mariadb_2b,ods_a168_employee,status,13,varchar,varchar(65533),YES,"source_type=int(11); 0:下線中,1:上線中,2:連結中,3:己連線,4:暫時離開"
ods_mariadb_2b,ods_a168_employee,servicemember,14,varchar,varchar(65533),YES,source_type=int(11); 服務會員
ods_mariadb_2b,ods_a168_employee,lasttime,15,varchar,varchar(65533),YES,source_type=datetime; 
ods_mariadb_2b,ods_a168_employee,lastip,16,varchar,varchar(65533),YES,source_type=varchar(20); 
ods_mariadb_2b,ods_a168_employee,addtime,17,varchar,varchar(65533),YES,source_type=datetime; 
ods_mariadb_2b,ods_a168_employee,addip,18,varchar,varchar(65533),YES,source_type=varchar(20); 
ods_mariadb_2b,ods_a168_employee,image,19,varchar,varchar(65533),YES,source_type=varchar(50); 圖檔名
ods_mariadb_2b,ods_a168_employee,image2,20,varchar,varchar(65533),YES,source_type=varchar(50); 
ods_mariadb_2b,ods_a168_employee,source_db,21,varchar,varchar(64),YES,来源库
ods_mariadb_2b,ods_a168_employee,source_table,22,varchar,varchar(128),YES,来源表
ods_mariadb_2b,ods_a168_employee,ods_table_name,23,varchar,varchar(256),YES,ODS表名
ods_mariadb_2b,ods_a168_employee,sync_time,24,datetime,datetime,YES,同步时间
ods_mariadb_2b,ods_a168_func_counter,__source_pk,1,varchar,varchar(64),NO,源行唯一键：优先源主键/唯一键MD5，无主键则整行MD5
ods_mariadb_2b,ods_a168_func_counter,dt,2,date,date,NO,StarRocks日分区日期：优先来源业务时间，无时间字段则同步当天
ods_mariadb_2b,ods_a168_func_counter,date,3,varchar,varchar(65533),YES,source_type=date; 
ods_mariadb_2b,ods_a168_func_counter,ui,4,varchar,varchar(65533),YES,source_type=varchar(255); 
ods_mariadb_2b,ods_a168_func_counter,function,5,varchar,varchar(65533),YES,source_type=varchar(255); 
ods_mariadb_2b,ods_a168_func_counter,counts,6,varchar,varchar(65533),YES,source_type=int(8) unsigned; 
ods_mariadb_2b,ods_a168_func_counter,source_db,7,varchar,varchar(64),YES,来源库
ods_mariadb_2b,ods_a168_func_counter,source_table,8,varchar,varchar(128),YES,来源表
ods_mariadb_2b,ods_a168_func_counter,ods_table_name,9,varchar,varchar(256),YES,ODS表名
ods_mariadb_2b,ods_a168_func_counter,sync_time,10,datetime,datetime,YES,同步时间
ods_mariadb_2b,ods_a168_game_No,__source_pk,1,varchar,varchar(64),NO,源行唯一键：优先源主键/唯一键MD5，无主键则整行MD5
ods_mariadb_2b,ods_a168_game_No,dt,2,date,date,NO,StarRocks日分区日期：优先来源业务时间，无时间字段则同步当天
ods_mariadb_2b,ods_a168_game_No,gameNo,3,varchar,varchar(65533),YES,source_type=int(11); 
ods_mariadb_2b,ods_a168_game_No,gid,4,varchar,varchar(65533),YES,source_type=int(11); 
ods_mariadb_2b,ods_a168_game_No,table_no,5,varchar,varchar(65533),YES,source_type=int(11); 
ods_mariadb_2b,ods_a168_game_No,cdate,6,varchar,varchar(65533),YES,source_type=timestamp; 
ods_mariadb_2b,ods_a168_game_No,source_db,7,varchar,varchar(64),YES,来源库
ods_mariadb_2b,ods_a168_game_No,source_table,8,varchar,varchar(128),YES,来源表
ods_mariadb_2b,ods_a168_game_No,ods_table_name,9,varchar,varchar(256),YES,ODS表名
ods_mariadb_2b,ods_a168_game_No,sync_time,10,datetime,datetime,YES,同步时间
ods_mariadb_2b,ods_a168_game_callwebapi,__source_pk,1,varchar,varchar(64),NO,源行唯一键：优先源主键/唯一键MD5，无主键则整行MD5
ods_mariadb_2b,ods_a168_game_callwebapi,dt,2,date,date,NO,StarRocks日分区日期：优先来源业务时间，无时间字段则同步当天
ods_mariadb_2b,ods_a168_game_callwebapi,id,3,varchar,varchar(65533),YES,source_type=bigint(20); 流水號
ods_mariadb_2b,ods_a168_game_callwebapi,name,4,varchar,varchar(65533),YES,source_type=varchar(20); 名稱
ods_mariadb_2b,ods_a168_game_callwebapi,url,5,varchar,varchar(1048576),YES,source_type=text; 網址
ods_mariadb_2b,ods_a168_game_callwebapi,param,6,varchar,varchar(1048576),YES,source_type=text; 參數
ods_mariadb_2b,ods_a168_game_callwebapi,status,7,varchar,varchar(65533),YES,source_type=int(11); 0:待處理 1:處理中 2:完成
ods_mariadb_2b,ods_a168_game_callwebapi,addtime,8,varchar,varchar(65533),YES,source_type=datetime; 
ods_mariadb_2b,ods_a168_game_callwebapi,updatetime,9,varchar,varchar(65533),YES,source_type=datetime; 
ods_mariadb_2b,ods_a168_game_callwebapi,source_db,10,varchar,varchar(64),YES,来源库
ods_mariadb_2b,ods_a168_game_callwebapi,source_table,11,varchar,varchar(128),YES,来源表
ods_mariadb_2b,ods_a168_game_callwebapi,ods_table_name,12,varchar,varchar(256),YES,ODS表名
ods_mariadb_2b,ods_a168_game_callwebapi,sync_time,13,datetime,datetime,YES,同步时间
ods_mariadb_2b,ods_a168_game_demoipsetting,__source_pk,1,varchar,varchar(64),NO,源行唯一键：优先源主键/唯一键MD5，无主键则整行MD5
ods_mariadb_2b,ods_a168_game_demoipsetting,dt,2,date,date,NO,StarRocks日分区日期：优先来源业务时间，无时间字段则同步当天
ods_mariadb_2b,ods_a168_game_demoipsetting,ip,3,varchar,varchar(65533),YES,source_type=varchar(20); 
ods_mariadb_2b,ods_a168_game_demoipsetting,allow,4,varchar,varchar(65533),YES,"source_type=tinyint(1); 0:黑名單,1:白名單"
ods_mariadb_2b,ods_a168_game_demoipsetting,enable,5,varchar,varchar(65533),YES,"source_type=tinyint(1); 0:停用,1:啟用"
ods_mariadb_2b,ods_a168_game_demoipsetting,comment,6,varchar,varchar(1048576),YES,source_type=text; 
ods_mariadb_2b,ods_a168_game_demoipsetting,source_db,7,varchar,varchar(64),YES,来源库
ods_mariadb_2b,ods_a168_game_demoipsetting,source_table,8,varchar,varchar(128),YES,来源表
ods_mariadb_2b,ods_a168_game_demoipsetting,ods_table_name,9,varchar,varchar(256),YES,ODS表名
ods_mariadb_2b,ods_a168_game_demoipsetting,sync_time,10,datetime,datetime,YES,同步时间
ods_mariadb_2b,ods_a168_game_info,__source_pk,1,varchar,varchar(64),NO,源行唯一键：优先源主键/唯一键MD5，无主键则整行MD5
ods_mariadb_2b,ods_a168_game_info,dt,2,date,date,NO,StarRocks日分区日期：优先来源业务时间，无时间字段则同步当天
ods_mariadb_2b,ods_a168_game_info,gi001,3,varchar,varchar(65533),YES,source_type=int(11); 遊戲類別
ods_mariadb_2b,ods_a168_game_info,gi002,4,varchar,varchar(65533),YES,"source_type=decimal(12,0); 場次編號"
ods_mariadb_2b,ods_a168_game_info,gi003,5,varchar,varchar(65533),YES,source_type=int(11); 子場次編號
ods_mariadb_2b,ods_a168_game_info,gi004,6,varchar,varchar(65533),YES,source_type=datetime; 開局時間
ods_mariadb_2b,ods_a168_game_info,gi005,7,varchar,varchar(65533),YES,"source_type=decimal(16,4); 總下注金額"
ods_mariadb_2b,ods_a168_game_info,gi006,8,varchar,varchar(65533),YES,source_type=datetime; 開獎時間
ods_mariadb_2b,ods_a168_game_info,gi007,9,varchar,varchar(1048576),YES,source_type=text; 開獎內容
ods_mariadb_2b,ods_a168_game_info,gi008,10,varchar,varchar(65533),YES,"source_type=decimal(16,4); 輸贏"
ods_mariadb_2b,ods_a168_game_info,gi009,11,varchar,varchar(65533),YES,"source_type=decimal(16,4); 總退水"
ods_mariadb_2b,ods_a168_game_info,gi010,12,varchar,varchar(65533),YES,"source_type=decimal(16,4); 結果：贏得＋退水－下注"
ods_mariadb_2b,ods_a168_game_info,gi011,13,varchar,varchar(65533),YES,source_type=int(11); Table ID
ods_mariadb_2b,ods_a168_game_info,gi012,14,varchar,varchar(65533),YES,source_type=int(11); result
ods_mariadb_2b,ods_a168_game_info,gi013,15,varchar,varchar(65533),YES,"source_type=int(11); 狀態：0:未開,1:己開,2:重對,9:取消"
ods_mariadb_2b,ods_a168_game_info,eid,16,varchar,varchar(65533),YES,source_type=int(11); 荷官
ods_mariadb_2b,ods_a168_game_info,serid,17,varchar,varchar(65533),YES,source_type=int(11); 服務編號
ods_mariadb_2b,ods_a168_game_info,3rdno,18,varchar,varchar(65533),YES,source_type=varchar(30); 
ods_mariadb_2b,ods_a168_game_info,is_lock,19,varchar,varchar(65533),YES,source_type=char(1); 鎖定
ods_mariadb_2b,ods_a168_game_info,source_db,20,varchar,varchar(64),YES,来源库
ods_mariadb_2b,ods_a168_game_info,source_table,21,varchar,varchar(128),YES,来源表
ods_mariadb_2b,ods_a168_game_info,ods_table_name,22,varchar,varchar(256),YES,ODS表名
ods_mariadb_2b,ods_a168_game_info,sync_time,23,datetime,datetime,YES,同步时间
ods_mariadb_2b,ods_a168_game_info_verify,__source_pk,1,varchar,varchar(64),NO,源行唯一键：优先源主键/唯一键MD5，无主键则整行MD5
ods_mariadb_2b,ods_a168_game_info_verify,dt,2,date,date,NO,StarRocks日分区日期：优先来源业务时间，无时间字段则同步当天
ods_mariadb_2b,ods_a168_game_info_verify,id,3,varchar,varchar(65533),YES,source_type=int(11); 
ods_mariadb_2b,ods_a168_game_info_verify,action,4,varchar,varchar(65533),YES,source_type=varchar(12); 
ods_mariadb_2b,ods_a168_game_info_verify,gid,5,varchar,varchar(65533),YES,source_type=int(11); 遊戲類別
ods_mariadb_2b,ods_a168_game_info_verify,gi002,6,varchar,varchar(65533),YES,"source_type=decimal(12,0); 場次編號"
ods_mariadb_2b,ods_a168_game_info_verify,gi003,7,varchar,varchar(65533),YES,source_type=int(11); 子場次編號
ods_mariadb_2b,ods_a168_game_info_verify,code,8,varchar,varchar(65533),YES,source_type=varchar(6); 驗證碼
ods_mariadb_2b,ods_a168_game_info_verify,send_at,9,varchar,varchar(65533),YES,source_type=datetime; 發送時間
ods_mariadb_2b,ods_a168_game_info_verify,source_db,10,varchar,varchar(64),YES,来源库
ods_mariadb_2b,ods_a168_game_info_verify,source_table,11,varchar,varchar(128),YES,来源表
ods_mariadb_2b,ods_a168_game_info_verify,ods_table_name,12,varchar,varchar(256),YES,ODS表名
ods_mariadb_2b,ods_a168_game_info_verify,sync_time,13,datetime,datetime,YES,同步时间
ods_mariadb_2b,ods_a168_game_log,__source_pk,1,varchar,varchar(64),NO,源行唯一键：优先源主键/唯一键MD5，无主键则整行MD5
ods_mariadb_2b,ods_a168_game_log,dt,2,date,date,NO,StarRocks日分区日期：优先来源业务时间，无时间字段则同步当天
ods_mariadb_2b,ods_a168_game_log,id,3,varchar,varchar(65533),YES,source_type=int(11); 
ods_mariadb_2b,ods_a168_game_log,mid,4,varchar,varchar(65533),YES,source_type=int(11); 
ods_mariadb_2b,ods_a168_game_log,user_agent,5,varchar,varchar(1048576),YES,source_type=text; 
ods_mariadb_2b,ods_a168_game_log,web_address,6,varchar,varchar(1048576),YES,source_type=text; 
ods_mariadb_2b,ods_a168_game_log,web_url,7,varchar,varchar(1048576),YES,source_type=text; 遊戲網址
ods_mariadb_2b,ods_a168_game_log,website_delay_time,8,varchar,varchar(65533),YES,source_type=int(11); 
ods_mariadb_2b,ods_a168_game_log,url_index,9,varchar,varchar(65533),YES,source_type=int(11); 
ods_mariadb_2b,ods_a168_game_log,api_delay_time,10,varchar,varchar(65533),YES,source_type=int(11); 
ods_mariadb_2b,ods_a168_game_log,load_html_id,11,varchar,varchar(65533),YES,source_type=int(11); 
ods_mariadb_2b,ods_a168_game_log,load_html_time,12,varchar,varchar(65533),YES,source_type=int(11); 
ods_mariadb_2b,ods_a168_game_log,server_id,13,varchar,varchar(65533),YES,source_type=int(11); 
ods_mariadb_2b,ods_a168_game_log,server_delay_time,14,varchar,varchar(65533),YES,source_type=int(11); 
ods_mariadb_2b,ods_a168_game_log,video_type,15,varchar,varchar(65533),YES,source_type=varchar(5); 
ods_mariadb_2b,ods_a168_game_log,video_delay_time,16,varchar,varchar(65533),YES,source_type=int(11); 
ods_mariadb_2b,ods_a168_game_log,addtime,17,varchar,varchar(65533),YES,source_type=datetime; 
ods_mariadb_2b,ods_a168_game_log,ip,18,varchar,varchar(65533),YES,source_type=varchar(100); 登入IP
ods_mariadb_2b,ods_a168_game_log,country_code,19,varchar,varchar(65533),YES,source_type=varchar(10); 國家代碼
ods_mariadb_2b,ods_a168_game_log,region,20,varchar,varchar(65533),YES,source_type=varchar(30); 國家
ods_mariadb_2b,ods_a168_game_log,city,21,varchar,varchar(65533),YES,source_type=varchar(30); 城市
ods_mariadb_2b,ods_a168_game_log,ISP,22,varchar,varchar(65533),YES,source_type=varchar(100); 電信商
ods_mariadb_2b,ods_a168_game_log,source_db,23,varchar,varchar(64),YES,来源库
ods_mariadb_2b,ods_a168_game_log,source_table,24,varchar,varchar(128),YES,来源表
ods_mariadb_2b,ods_a168_game_log,ods_table_name,25,varchar,varchar(256),YES,ODS表名
ods_mariadb_2b,ods_a168_game_log,sync_time,26,datetime,datetime,YES,同步时间
ods_mariadb_2b,ods_a168_game_parame,__source_pk,1,varchar,varchar(64),NO,源行唯一键：优先源主键/唯一键MD5，无主键则整行MD5
ods_mariadb_2b,ods_a168_game_parame,dt,2,date,date,NO,StarRocks日分区日期：优先来源业务时间，无时间字段则同步当天
ods_mariadb_2b,ods_a168_game_parame,gpm001,3,varchar,varchar(65533),YES,source_type=int(11); SN
ods_mariadb_2b,ods_a168_game_parame,gpm002,4,varchar,varchar(65533),YES,source_type=varchar(50); parame_name
ods_mariadb_2b,ods_a168_game_parame,gpm003,5,varchar,varchar(1048576),YES,source_type=text; parame_value
ods_mariadb_2b,ods_a168_game_parame,gpm004,6,varchar,varchar(65533),YES,source_type=varchar(25); memo
ods_mariadb_2b,ods_a168_game_parame,source_db,7,varchar,varchar(64),YES,来源库
ods_mariadb_2b,ods_a168_game_parame,source_table,8,varchar,varchar(128),YES,来源表
ods_mariadb_2b,ods_a168_game_parame,ods_table_name,9,varchar,varchar(256),YES,ODS表名
ods_mariadb_2b,ods_a168_game_parame,sync_time,10,datetime,datetime,YES,同步时间
ods_mariadb_2b,ods_a168_game_result,__source_pk,1,varchar,varchar(64),NO,源行唯一键：优先源主键/唯一键MD5，无主键则整行MD5
ods_mariadb_2b,ods_a168_game_result,dt,2,date,date,NO,StarRocks日分区日期：优先来源业务时间，无时间字段则同步当天
ods_mariadb_2b,ods_a168_game_result,gid,3,varchar,varchar(65533),YES,source_type=int(11); 遊戲類別
ods_mariadb_2b,ods_a168_game_result,gameNo,4,varchar,varchar(65533),YES,"source_type=decimal(12,0); 場次編號"
ods_mariadb_2b,ods_a168_game_result,gameNoRound,5,varchar,varchar(65533),YES,source_type=int(11); 子場次編號
ods_mariadb_2b,ods_a168_game_result,result,6,varchar,varchar(65533),YES,source_type=varchar(512); 結果
ods_mariadb_2b,ods_a168_game_result,date,7,varchar,varchar(65533),YES,source_type=timestamp; 時間
ods_mariadb_2b,ods_a168_game_result,source_db,8,varchar,varchar(64),YES,来源库
ods_mariadb_2b,ods_a168_game_result,source_table,9,varchar,varchar(128),YES,来源表
ods_mariadb_2b,ods_a168_game_result,ods_table_name,10,varchar,varchar(256),YES,ODS表名
ods_mariadb_2b,ods_a168_game_result,sync_time,11,datetime,datetime,YES,同步时间
ods_mariadb_2b,ods_a168_game_statistics,__source_pk,1,varchar,varchar(64),NO,源行唯一键：优先源主键/唯一键MD5，无主键则整行MD5
ods_mariadb_2b,ods_a168_game_statistics,dt,2,date,date,NO,StarRocks日分区日期：优先来源业务时间，无时间字段则同步当天
ods_mariadb_2b,ods_a168_game_statistics,id,3,varchar,varchar(65533),YES,source_type=int(11); 
ods_mariadb_2b,ods_a168_game_statistics,gid,4,varchar,varchar(65533),YES,source_type=int(11); 
ods_mariadb_2b,ods_a168_game_statistics,t_number,5,varchar,varchar(65533),YES,source_type=int(11); 
ods_mariadb_2b,ods_a168_game_statistics,people,6,varchar,varchar(65533),YES,source_type=int(11); 
ods_mariadb_2b,ods_a168_game_statistics,time,7,varchar,varchar(65533),YES,source_type=datetime; 
ods_mariadb_2b,ods_a168_game_statistics,source_db,8,varchar,varchar(64),YES,来源库
ods_mariadb_2b,ods_a168_game_statistics,source_table,9,varchar,varchar(128),YES,来源表
ods_mariadb_2b,ods_a168_game_statistics,ods_table_name,10,varchar,varchar(256),YES,ODS表名
ods_mariadb_2b,ods_a168_game_statistics,sync_time,11,datetime,datetime,YES,同步时间
ods_mariadb_2b,ods_a168_game_tip,__source_pk,1,varchar,varchar(64),NO,源行唯一键：优先源主键/唯一键MD5，无主键则整行MD5
ods_mariadb_2b,ods_a168_game_tip,dt,2,date,date,NO,StarRocks日分区日期：优先来源业务时间，无时间字段则同步当天
ods_mariadb_2b,ods_a168_game_tip,currency_code,3,varchar,varchar(65533),YES,source_type=varchar(10); 
ods_mariadb_2b,ods_a168_game_tip,amount_list,4,varchar,varchar(1048576),YES,source_type=text; 
ods_mariadb_2b,ods_a168_game_tip,source_db,5,varchar,varchar(64),YES,来源库
ods_mariadb_2b,ods_a168_game_tip,source_table,6,varchar,varchar(128),YES,来源表
ods_mariadb_2b,ods_a168_game_tip,ods_table_name,7,varchar,varchar(256),YES,ODS表名
ods_mariadb_2b,ods_a168_game_tip,sync_time,8,datetime,datetime,YES,同步时间
ods_mariadb_2b,ods_a168_game_transfer,__source_pk,1,varchar,varchar(64),NO,源行唯一键：优先源主键/唯一键MD5，无主键则整行MD5
ods_mariadb_2b,ods_a168_game_transfer,dt,2,date,date,NO,StarRocks日分区日期：优先来源业务时间，无时间字段则同步当天
ods_mariadb_2b,ods_a168_game_transfer,tcpsocketport,3,varchar,varchar(65533),YES,source_type=int(11); 
ods_mariadb_2b,ods_a168_game_transfer,websocketport,4,varchar,varchar(65533),YES,source_type=int(11); 
ods_mariadb_2b,ods_a168_game_transfer,gid,5,varchar,varchar(65533),YES,source_type=int(11); 遊戲ID
ods_mariadb_2b,ods_a168_game_transfer,tablelist,6,varchar,varchar(1048576),YES,"source_type=text; 傳送的桌子列表,留空代表所有桌都送"
ods_mariadb_2b,ods_a168_game_transfer,enable,7,varchar,varchar(65533),YES,source_type=tinyint(4); 啟停用
ods_mariadb_2b,ods_a168_game_transfer,comment,8,varchar,varchar(1048576),YES,source_type=text; 註解
ods_mariadb_2b,ods_a168_game_transfer,source_db,9,varchar,varchar(64),YES,来源库
ods_mariadb_2b,ods_a168_game_transfer,source_table,10,varchar,varchar(128),YES,来源表
ods_mariadb_2b,ods_a168_game_transfer,ods_table_name,11,varchar,varchar(256),YES,ODS表名
ods_mariadb_2b,ods_a168_game_transfer,sync_time,12,datetime,datetime,YES,同步时间
ods_mariadb_2b,ods_a168_game_type,__source_pk,1,varchar,varchar(64),NO,源行唯一键：优先源主键/唯一键MD5，无主键则整行MD5
ods_mariadb_2b,ods_a168_game_type,dt,2,date,date,NO,StarRocks日分区日期：优先来源业务时间，无时间字段则同步当天
ods_mariadb_2b,ods_a168_game_type,code,3,varchar,varchar(65533),YES,source_type=int(11); 
ods_mariadb_2b,ods_a168_game_type,twname,4,varchar,varchar(65533),YES,source_type=varchar(20); 
ods_mariadb_2b,ods_a168_game_type,cnname,5,varchar,varchar(65533),YES,source_type=varchar(20); 
ods_mariadb_2b,ods_a168_game_type,enname,6,varchar,varchar(65533),YES,source_type=varchar(20); 
ods_mariadb_2b,ods_a168_game_type,inname,7,varchar,varchar(65533),YES,source_type=varchar(20); 
ods_mariadb_2b,ods_a168_game_type,janame,8,varchar,varchar(65533),YES,source_type=varchar(20); 
ods_mariadb_2b,ods_a168_game_type,koname,9,varchar,varchar(65533),YES,source_type=varchar(20); 
ods_mariadb_2b,ods_a168_game_type,thname,10,varchar,varchar(65533),YES,source_type=varchar(20); 
ods_mariadb_2b,ods_a168_game_type,viname,11,varchar,varchar(65533),YES,source_type=varchar(20); 
ods_mariadb_2b,ods_a168_game_type,hiname,12,varchar,varchar(65533),YES,source_type=varchar(20); 
ods_mariadb_2b,ods_a168_game_type,msname,13,varchar,varchar(65533),YES,source_type=varchar(20); 
ods_mariadb_2b,ods_a168_game_type,esname,14,varchar,varchar(65533),YES,source_type=varchar(20); 
ods_mariadb_2b,ods_a168_game_type,status,15,varchar,varchar(65533),YES,source_type=int(11); 
ods_mariadb_2b,ods_a168_game_type,ps003,16,varchar,varchar(65533),YES,"source_type=decimal(16,2); "
ods_mariadb_2b,ods_a168_game_type,ps004,17,varchar,varchar(65533),YES,source_type=int(11); 
ods_mariadb_2b,ods_a168_game_type,ps005,18,varchar,varchar(65533),YES,source_type=int(11); 
ods_mariadb_2b,ods_a168_game_type,ps006,19,varchar,varchar(65533),YES,source_type=int(11); 
ods_mariadb_2b,ods_a168_game_type,ps007,20,varchar,varchar(65533),YES,source_type=int(11); 
ods_mariadb_2b,ods_a168_game_type,ps008,21,varchar,varchar(65533),YES,source_type=int(11); 
ods_mariadb_2b,ods_a168_game_type,ps009,22,varchar,varchar(65533),YES,source_type=int(11); 
ods_mariadb_2b,ods_a168_game_type,ps010,23,varchar,varchar(65533),YES,source_type=int(11); 
ods_mariadb_2b,ods_a168_game_type,ps011,24,varchar,varchar(65533),YES,source_type=int(11); 
ods_mariadb_2b,ods_a168_game_type,source_db,25,varchar,varchar(64),YES,来源库
ods_mariadb_2b,ods_a168_game_type,source_table,26,varchar,varchar(128),YES,来源表
ods_mariadb_2b,ods_a168_game_type,ods_table_name,27,varchar,varchar(256),YES,ODS表名
ods_mariadb_2b,ods_a168_game_type,sync_time,28,datetime,datetime,YES,同步时间
ods_mariadb_2b,ods_a168_in_out_m,__source_pk,1,varchar,varchar(64),NO,源行唯一键：优先源主键/唯一键MD5，无主键则整行MD5
ods_mariadb_2b,ods_a168_in_out_m,dt,2,date,date,NO,StarRocks日分区日期：优先来源业务时间，无时间字段则同步当天
ods_mariadb_2b,ods_a168_in_out_m,iom001,3,varchar,varchar(65533),YES,source_type=bigint(20); sn
ods_mariadb_2b,ods_a168_in_out_m,iom002,4,varchar,varchar(65533),YES,source_type=timestamp; time
ods_mariadb_2b,ods_a168_in_out_m,iom003,5,varchar,varchar(65533),YES,source_type=int(11); member
ods_mariadb_2b,ods_a168_in_out_m,iom004,6,varchar,varchar(65533),YES,"source_type=double(20,4); money"
ods_mariadb_2b,ods_a168_in_out_m,iom005,7,varchar,varchar(65533),YES,source_type=varchar(5); op_code
ods_mariadb_2b,ods_a168_in_out_m,iom006,8,varchar,varchar(65533),YES,source_type=int(11); op_lv
ods_mariadb_2b,ods_a168_in_out_m,iom007,9,varchar,varchar(65533),YES,source_type=int(11); op_aid
ods_mariadb_2b,ods_a168_in_out_m,iom008,10,varchar,varchar(65533),YES,source_type=varchar(64); memo
ods_mariadb_2b,ods_a168_in_out_m,iom009,11,varchar,varchar(65533),YES,source_type=int(11); site
ods_mariadb_2b,ods_a168_in_out_m,iom010,12,varchar,varchar(65533),YES,"source_type=double(20,4); subtotal"
ods_mariadb_2b,ods_a168_in_out_m,source_db,13,varchar,varchar(64),YES,来源库
ods_mariadb_2b,ods_a168_in_out_m,source_table,14,varchar,varchar(128),YES,来源表
ods_mariadb_2b,ods_a168_in_out_m,ods_table_name,15,varchar,varchar(256),YES,ODS表名
ods_mariadb_2b,ods_a168_in_out_m,sync_time,16,datetime,datetime,YES,同步时间
ods_mariadb_2b,ods_a168_in_out_m_chip,__source_pk,1,varchar,varchar(64),NO,源行唯一键：优先源主键/唯一键MD5，无主键则整行MD5
ods_mariadb_2b,ods_a168_in_out_m_chip,dt,2,date,date,NO,StarRocks日分区日期：优先来源业务时间，无时间字段则同步当天
ods_mariadb_2b,ods_a168_in_out_m_chip,iom001,3,varchar,varchar(65533),YES,source_type=bigint(20); sn
ods_mariadb_2b,ods_a168_in_out_m_chip,iom002,4,varchar,varchar(65533),YES,source_type=timestamp; time
ods_mariadb_2b,ods_a168_in_out_m_chip,iom003,5,varchar,varchar(65533),YES,source_type=int(11); member
ods_mariadb_2b,ods_a168_in_out_m_chip,iom004,6,varchar,varchar(65533),YES,"source_type=double(20,4); money"
ods_mariadb_2b,ods_a168_in_out_m_chip,iom005,7,varchar,varchar(65533),YES,source_type=varchar(5); op_code
ods_mariadb_2b,ods_a168_in_out_m_chip,iom006,8,varchar,varchar(65533),YES,source_type=int(11); op_lv
ods_mariadb_2b,ods_a168_in_out_m_chip,iom007,9,varchar,varchar(65533),YES,source_type=int(11); op_aid
ods_mariadb_2b,ods_a168_in_out_m_chip,iom008,10,varchar,varchar(1048576),YES,source_type=text; memo
ods_mariadb_2b,ods_a168_in_out_m_chip,iom009,11,varchar,varchar(65533),YES,source_type=int(11); site
ods_mariadb_2b,ods_a168_in_out_m_chip,iom010,12,varchar,varchar(65533),YES,"source_type=double(20,4); subtotal"
ods_mariadb_2b,ods_a168_in_out_m_chip,source_db,13,varchar,varchar(64),YES,来源库
ods_mariadb_2b,ods_a168_in_out_m_chip,source_table,14,varchar,varchar(128),YES,来源表
ods_mariadb_2b,ods_a168_in_out_m_chip,ods_table_name,15,varchar,varchar(256),YES,ODS表名
ods_mariadb_2b,ods_a168_in_out_m_chip,sync_time,16,datetime,datetime,YES,同步时间
ods_mariadb_2b,ods_a168_ipblacklist,__source_pk,1,varchar,varchar(64),NO,源行唯一键：优先源主键/唯一键MD5，无主键则整行MD5
ods_mariadb_2b,ods_a168_ipblacklist,dt,2,date,date,NO,StarRocks日分区日期：优先来源业务时间，无时间字段则同步当天
ods_mariadb_2b,ods_a168_ipblacklist,id,3,varchar,varchar(65533),YES,source_type=int(8); 
ods_mariadb_2b,ods_a168_ipblacklist,ip,4,varchar,varchar(65533),YES,source_type=varchar(16); 
ods_mariadb_2b,ods_a168_ipblacklist,creator,5,varchar,varchar(65533),YES,source_type=varchar(50); 
ods_mariadb_2b,ods_a168_ipblacklist,page,6,varchar,varchar(65533),YES,"source_type=enum(''A'',''F'',''B''); A=全部,F=前台,B=後台"
ods_mariadb_2b,ods_a168_ipblacklist,addtime,7,varchar,varchar(65533),YES,source_type=datetime; 
ods_mariadb_2b,ods_a168_ipblacklist,remarks,8,varchar,varchar(65533),YES,source_type=varchar(1000); 
ods_mariadb_2b,ods_a168_ipblacklist,source_db,9,varchar,varchar(64),YES,来源库
ods_mariadb_2b,ods_a168_ipblacklist,source_table,10,varchar,varchar(128),YES,来源表
ods_mariadb_2b,ods_a168_ipblacklist,ods_table_name,11,varchar,varchar(256),YES,ODS表名
ods_mariadb_2b,ods_a168_ipblacklist,sync_time,12,datetime,datetime,YES,同步时间
ods_mariadb_2b,ods_a168_iphistory,__source_pk,1,varchar,varchar(64),NO,源行唯一键：优先源主键/唯一键MD5，无主键则整行MD5
ods_mariadb_2b,ods_a168_iphistory,dt,2,date,date,NO,StarRocks日分区日期：优先来源业务时间，无时间字段则同步当天
ods_mariadb_2b,ods_a168_iphistory,id,3,varchar,varchar(65533),YES,source_type=int(8); 
ods_mariadb_2b,ods_a168_iphistory,type,4,varchar,varchar(65533),YES,source_type=varchar(4); 
ods_mariadb_2b,ods_a168_iphistory,uid,5,varchar,varchar(65533),YES,source_type=varchar(20); 
ods_mariadb_2b,ods_a168_iphistory,ulv,6,varchar,varchar(65533),YES,source_type=varchar(4); 
ods_mariadb_2b,ods_a168_iphistory,ip,7,varchar,varchar(65533),YES,source_type=varchar(16); 
ods_mariadb_2b,ods_a168_iphistory,datetime,8,varchar,varchar(65533),YES,source_type=datetime; 
ods_mariadb_2b,ods_a168_iphistory,source_db,9,varchar,varchar(64),YES,来源库
ods_mariadb_2b,ods_a168_iphistory,source_table,10,varchar,varchar(128),YES,来源表
ods_mariadb_2b,ods_a168_iphistory,ods_table_name,11,varchar,varchar(256),YES,ODS表名
ods_mariadb_2b,ods_a168_iphistory,sync_time,12,datetime,datetime,YES,同步时间
ods_mariadb_2b,ods_a168_jackpot,__source_pk,1,varchar,varchar(64),NO,源行唯一键：优先源主键/唯一键MD5，无主键则整行MD5
ods_mariadb_2b,ods_a168_jackpot,dt,2,date,date,NO,StarRocks日分区日期：优先来源业务时间，无时间字段则同步当天
ods_mariadb_2b,ods_a168_jackpot,id,3,varchar,varchar(65533),YES,source_type=int(11); 序號
ods_mariadb_2b,ods_a168_jackpot,gid,4,varchar,varchar(65533),YES,source_type=int(11); 遊戲id
ods_mariadb_2b,ods_a168_jackpot,starttime,5,varchar,varchar(65533),YES,source_type=datetime; 開始時間
ods_mariadb_2b,ods_a168_jackpot,min,6,varchar,varchar(65533),YES,source_type=int(11); 最小值
ods_mariadb_2b,ods_a168_jackpot,max,7,varchar,varchar(65533),YES,source_type=int(11); 最大值
ods_mariadb_2b,ods_a168_jackpot,percent,8,varchar,varchar(65533),YES,source_type=int(11); 機率
ods_mariadb_2b,ods_a168_jackpot,frequency,9,varchar,varchar(65533),YES,source_type=int(11); 次數
ods_mariadb_2b,ods_a168_jackpot,remaining,10,varchar,varchar(65533),YES,source_type=int(11); 
ods_mariadb_2b,ods_a168_jackpot,status,11,varchar,varchar(65533),YES,source_type=int(11); 狀態
ods_mariadb_2b,ods_a168_jackpot,operator,12,varchar,varchar(65533),YES,source_type=int(11); 最後操作人
ods_mariadb_2b,ods_a168_jackpot,optime,13,varchar,varchar(65533),YES,source_type=datetime; 最後操作時間
ods_mariadb_2b,ods_a168_jackpot,source_db,14,varchar,varchar(64),YES,来源库
ods_mariadb_2b,ods_a168_jackpot,source_table,15,varchar,varchar(128),YES,来源表
ods_mariadb_2b,ods_a168_jackpot,ods_table_name,16,varchar,varchar(256),YES,ODS表名
ods_mariadb_2b,ods_a168_jackpot,sync_time,17,datetime,datetime,YES,同步时间
ods_mariadb_2b,ods_a168_keyserver_command,__source_pk,1,varchar,varchar(64),NO,源行唯一键：优先源主键/唯一键MD5，无主键则整行MD5
ods_mariadb_2b,ods_a168_keyserver_command,dt,2,date,date,NO,StarRocks日分区日期：优先来源业务时间，无时间字段则同步当天
ods_mariadb_2b,ods_a168_keyserver_command,id,3,varchar,varchar(65533),YES,source_type=int(11); 
ods_mariadb_2b,ods_a168_keyserver_command,time,4,varchar,varchar(65533),YES,source_type=timestamp; 
ods_mariadb_2b,ods_a168_keyserver_command,gameID,5,varchar,varchar(65533),YES,source_type=int(11); 
ods_mariadb_2b,ods_a168_keyserver_command,tableID,6,varchar,varchar(65533),YES,source_type=int(11); 
ods_mariadb_2b,ods_a168_keyserver_command,protocol,7,varchar,varchar(1048576),YES,source_type=text; 
ods_mariadb_2b,ods_a168_keyserver_command,data,8,varchar,varchar(1048576),YES,source_type=text; 
ods_mariadb_2b,ods_a168_keyserver_command,source_db,9,varchar,varchar(64),YES,来源库
ods_mariadb_2b,ods_a168_keyserver_command,source_table,10,varchar,varchar(128),YES,来源表
ods_mariadb_2b,ods_a168_keyserver_command,ods_table_name,11,varchar,varchar(256),YES,ODS表名
ods_mariadb_2b,ods_a168_keyserver_command,sync_time,12,datetime,datetime,YES,同步时间
ods_mariadb_2b,ods_a168_log_age_cash_change,__source_pk,1,varchar,varchar(64),NO,源行唯一键：优先源主键/唯一键MD5，无主键则整行MD5
ods_mariadb_2b,ods_a168_log_age_cash_change,dt,2,date,date,NO,StarRocks日分区日期：优先来源业务时间，无时间字段则同步当天
ods_mariadb_2b,ods_a168_log_age_cash_change,lacc01,3,varchar,varchar(65533),YES,source_type=int(11); 
ods_mariadb_2b,ods_a168_log_age_cash_change,lacc02,4,varchar,varchar(65533),YES,source_type=int(11); LV
ods_mariadb_2b,ods_a168_log_age_cash_change,lacc03,5,varchar,varchar(65533),YES,source_type=int(11); ID
ods_mariadb_2b,ods_a168_log_age_cash_change,op_utp,6,varchar,varchar(65533),YES,source_type=char(1); 操作者類型
ods_mariadb_2b,ods_a168_log_age_cash_change,lacc04,7,varchar,varchar(65533),YES,source_type=int(11); OPLV
ods_mariadb_2b,ods_a168_log_age_cash_change,lacc05,8,varchar,varchar(65533),YES,source_type=int(11); OPID
ods_mariadb_2b,ods_a168_log_age_cash_change,lacc06,9,varchar,varchar(65533),YES,"source_type=decimal(15,4); 異動金額"
ods_mariadb_2b,ods_a168_log_age_cash_change,lacc07,10,varchar,varchar(65533),YES,source_type=datetime; 操作時間
ods_mariadb_2b,ods_a168_log_age_cash_change,lacc08,11,varchar,varchar(65533),YES,source_type=varchar(20); 備註
ods_mariadb_2b,ods_a168_log_age_cash_change,lacc09,12,varchar,varchar(65533),YES,"source_type=decimal(15,4); 異動前金額"
ods_mariadb_2b,ods_a168_log_age_cash_change,lacc10,13,varchar,varchar(65533),YES,source_type=int(11); upid
ods_mariadb_2b,ods_a168_log_age_cash_change,lacc11,14,varchar,varchar(65533),YES,"source_type=decimal(15,4); 上層異動前金額"
ods_mariadb_2b,ods_a168_log_age_cash_change,pointtype,15,varchar,varchar(65533),YES,source_type=int(11); 0:現金;1:信用;
ods_mariadb_2b,ods_a168_log_age_cash_change,source_db,16,varchar,varchar(64),YES,来源库
ods_mariadb_2b,ods_a168_log_age_cash_change,source_table,17,varchar,varchar(128),YES,来源表
ods_mariadb_2b,ods_a168_log_age_cash_change,ods_table_name,18,varchar,varchar(256),YES,ODS表名
ods_mariadb_2b,ods_a168_log_age_cash_change,sync_time,19,datetime,datetime,YES,同步时间
ods_mariadb_2b,ods_a168_log_mem_change,__source_pk,1,varchar,varchar(64),NO,源行唯一键：优先源主键/唯一键MD5，无主键则整行MD5
ods_mariadb_2b,ods_a168_log_mem_change,dt,2,date,date,NO,StarRocks日分区日期：优先来源业务时间，无时间字段则同步当天
ods_mariadb_2b,ods_a168_log_mem_change,lmc01,3,varchar,varchar(65533),YES,source_type=int(11); 
ods_mariadb_2b,ods_a168_log_mem_change,lmc02,4,varchar,varchar(65533),YES,source_type=int(11); ID
ods_mariadb_2b,ods_a168_log_mem_change,lmc03,5,varchar,varchar(65533),YES,source_type=int(11); LV
ods_mariadb_2b,ods_a168_log_mem_change,lmc04,6,varchar,varchar(65533),YES,"source_type=enum(''add'',''edit'',''changestatus''); 類別(新增，修改）"
ods_mariadb_2b,ods_a168_log_mem_change,lmc05,7,varchar,varchar(65533),YES,source_type=varchar(1000); 內容
ods_mariadb_2b,ods_a168_log_mem_change,lmc06,8,varchar,varchar(65533),YES,source_type=int(11); 操作者
ods_mariadb_2b,ods_a168_log_mem_change,lmc07,9,varchar,varchar(65533),YES,source_type=int(11); 操作者LV
ods_mariadb_2b,ods_a168_log_mem_change,lmc08,10,varchar,varchar(65533),YES,source_type=datetime; 異動時間
ods_mariadb_2b,ods_a168_log_mem_change,lmc09,11,varchar,varchar(65533),YES,source_type=varchar(1000); SQL
ods_mariadb_2b,ods_a168_log_mem_change,lmc10,12,varchar,varchar(65533),YES,source_type=varchar(20); IP
ods_mariadb_2b,ods_a168_log_mem_change,lmc11,13,varchar,varchar(65533),YES,source_type=varchar(1); 操做者utp
ods_mariadb_2b,ods_a168_log_mem_change,source_db,14,varchar,varchar(64),YES,来源库
ods_mariadb_2b,ods_a168_log_mem_change,source_table,15,varchar,varchar(128),YES,来源表
ods_mariadb_2b,ods_a168_log_mem_change,ods_table_name,16,varchar,varchar(256),YES,ODS表名
ods_mariadb_2b,ods_a168_log_mem_change,sync_time,17,datetime,datetime,YES,同步时间
ods_mariadb_2b,ods_a168_log_realtimebet,__source_pk,1,varchar,varchar(64),NO,源行唯一键：优先源主键/唯一键MD5，无主键则整行MD5
ods_mariadb_2b,ods_a168_log_realtimebet,dt,2,date,date,NO,StarRocks日分区日期：优先来源业务时间，无时间字段则同步当天
ods_mariadb_2b,ods_a168_log_realtimebet,mid,3,varchar,varchar(65533),YES,source_type=int(11); 
ods_mariadb_2b,ods_a168_log_realtimebet,gid,4,varchar,varchar(65533),YES,source_type=int(6); 
ods_mariadb_2b,ods_a168_log_realtimebet,gameNo,5,varchar,varchar(65533),YES,source_type=int(11); 
ods_mariadb_2b,ods_a168_log_realtimebet,gameNoRound,6,varchar,varchar(65533),YES,source_type=int(11); 
ods_mariadb_2b,ods_a168_log_realtimebet,betTime,7,varchar,varchar(65533),YES,source_type=datetime; 
ods_mariadb_2b,ods_a168_log_realtimebet,totalBetMoney,8,varchar,varchar(65533),YES,"source_type=decimal(16,4); "
ods_mariadb_2b,ods_a168_log_realtimebet,source_db,9,varchar,varchar(64),YES,来源库
ods_mariadb_2b,ods_a168_log_realtimebet,source_table,10,varchar,varchar(128),YES,来源表
ods_mariadb_2b,ods_a168_log_realtimebet,ods_table_name,11,varchar,varchar(256),YES,ODS表名
ods_mariadb_2b,ods_a168_log_realtimebet,sync_time,12,datetime,datetime,YES,同步时间
ods_mariadb_2b,ods_a168_mem_login,__source_pk,1,varchar,varchar(64),NO,源行唯一键：优先源主键/唯一键MD5，无主键则整行MD5
ods_mariadb_2b,ods_a168_mem_login,dt,2,date,date,NO,StarRocks日分区日期：优先来源业务时间，无时间字段则同步当天
ods_mariadb_2b,ods_a168_mem_login,mlg001,3,varchar,varchar(65533),YES,source_type=int(11); mem_id
ods_mariadb_2b,ods_a168_mem_login,mlg002,4,varchar,varchar(65533),YES,source_type=int(11); site
ods_mariadb_2b,ods_a168_mem_login,mlg003,5,varchar,varchar(65533),YES,source_type=varchar(50); sid
ods_mariadb_2b,ods_a168_mem_login,mlg004,6,varchar,varchar(65533),YES,source_type=timestamp; this_login
ods_mariadb_2b,ods_a168_mem_login,mlg005,7,varchar,varchar(65533),YES,source_type=timestamp; last_login
ods_mariadb_2b,ods_a168_mem_login,mlg006,8,varchar,varchar(65533),YES,source_type=char(15); ip
ods_mariadb_2b,ods_a168_mem_login,mlg007,9,varchar,varchar(1048576),YES,source_type=text; info
ods_mariadb_2b,ods_a168_mem_login,mlg008,10,varchar,varchar(65533),YES,source_type=tinyint(4); on_line
ods_mariadb_2b,ods_a168_mem_login,source_db,11,varchar,varchar(64),YES,来源库
ods_mariadb_2b,ods_a168_mem_login,source_table,12,varchar,varchar(128),YES,来源表
ods_mariadb_2b,ods_a168_mem_login,ods_table_name,13,varchar,varchar(256),YES,ODS表名
ods_mariadb_2b,ods_a168_mem_login,sync_time,14,datetime,datetime,YES,同步时间
ods_mariadb_2b,ods_a168_member,__source_pk,1,varchar,varchar(64),NO,源行唯一键：优先源主键/唯一键MD5，无主键则整行MD5
ods_mariadb_2b,ods_a168_member,dt,2,date,date,NO,StarRocks日分区日期：优先来源业务时间，无时间字段则同步当天
ods_mariadb_2b,ods_a168_member,mem001,3,varchar,varchar(65533),YES,source_type=int(11); 
ods_mariadb_2b,ods_a168_member,mem002,4,varchar,varchar(65533),YES,source_type=varchar(48); 
ods_mariadb_2b,ods_a168_member,mem003,5,varchar,varchar(65533),YES,source_type=varchar(65); 
ods_mariadb_2b,ods_a168_member,mem004,6,varchar,varchar(65533),YES,source_type=varchar(48); 
ods_mariadb_2b,ods_a168_member,mem005,7,varchar,varchar(65533),YES,source_type=timestamp; 
ods_mariadb_2b,ods_a168_member,mem006,8,varchar,varchar(65533),YES,source_type=int(11); 
ods_mariadb_2b,ods_a168_member,mem007,9,varchar,varchar(65533),YES,source_type=int(11); 
ods_mariadb_2b,ods_a168_member,mem008,10,varchar,varchar(65533),YES,source_type=int(11); 
ods_mariadb_2b,ods_a168_member,mem009,11,varchar,varchar(65533),YES,source_type=int(11); 
ods_mariadb_2b,ods_a168_member,mem010,12,varchar,varchar(65533),YES,source_type=int(11); 
ods_mariadb_2b,ods_a168_member,mem011,13,varchar,varchar(65533),YES,source_type=int(11); 
ods_mariadb_2b,ods_a168_member,mem012,14,varchar,varchar(65533),YES,source_type=int(11); 
ods_mariadb_2b,ods_a168_member,mem013,15,varchar,varchar(65533),YES,source_type=timestamp; 
ods_mariadb_2b,ods_a168_member,mem014,16,varchar,varchar(65533),YES,source_type=char(15); 
ods_mariadb_2b,ods_a168_member,mem015,17,varchar,varchar(65533),YES,source_type=int(11); login_error
ods_mariadb_2b,ods_a168_member,mem016,18,varchar,varchar(65533),YES,"source_type=enum(''Y'',''N''); enable"
ods_mariadb_2b,ods_a168_member,mem017,19,varchar,varchar(65533),YES,"source_type=enum(''Y'',''N''); canbet"
ods_mariadb_2b,ods_a168_member,mem018,20,varchar,varchar(65533),YES,"source_type=enum(''Y'',''N''); chg_pw"
ods_mariadb_2b,ods_a168_member,mem019,21,varchar,varchar(65533),YES,"source_type=enum(''Y'',''N''); is_test"
ods_mariadb_2b,ods_a168_member,mem020,22,varchar,varchar(65533),YES,"source_type=enum(''Y'',''N''); be_traded"
ods_mariadb_2b,ods_a168_member,mem021,23,varchar,varchar(65533),YES,source_type=int(11); 
ods_mariadb_2b,ods_a168_member,mem022,24,varchar,varchar(65533),YES,source_type=varchar(20); 電話
ods_mariadb_2b,ods_a168_member,mem022a,25,varchar,varchar(65533),YES,source_type=int(6); 電話簡碼
ods_mariadb_2b,ods_a168_member,mem023,26,varchar,varchar(65533),YES,source_type=tinyint(4); 
ods_mariadb_2b,ods_a168_member,mem024,27,varchar,varchar(65533),YES,source_type=int(11); mem_risk
ods_mariadb_2b,ods_a168_member,mem026,28,varchar,varchar(65533),YES,source_type=int(11); 
ods_mariadb_2b,ods_a168_member,mem028,29,varchar,varchar(65533),YES,source_type=varchar(20); 備註
ods_mariadb_2b,ods_a168_member,type,30,varchar,varchar(65533),YES,source_type=int(11); 0:現金;1:信用;2:電投
ods_mariadb_2b,ods_a168_member,currency,31,varchar,varchar(65533),YES,source_type=int(11); 幣別
ods_mariadb_2b,ods_a168_member,cash,32,varchar,varchar(65533),YES,"source_type=decimal(15,4); 現金"
ods_mariadb_2b,ods_a168_member,money,33,varchar,varchar(65533),YES,"source_type=decimal(10,4); 己出碼額度"
ods_mariadb_2b,ods_a168_member,lockmoney,34,varchar,varchar(65533),YES,"source_type=decimal(10,4); 鎖定金額"
ods_mariadb_2b,ods_a168_member,head,35,varchar,varchar(65533),YES,source_type=int(11); 頭像ID
ods_mariadb_2b,ods_a168_member,chips,36,varchar,varchar(65533),YES,source_type=varchar(500); 籌碼選擇
ods_mariadb_2b,ods_a168_member,follow1,37,varchar,varchar(65533),YES,source_type=varchar(1000); 注關會員
ods_mariadb_2b,ods_a168_member,follow2,38,varchar,varchar(65533),YES,source_type=varchar(3000); 關注荷官
ods_mariadb_2b,ods_a168_member,tip,39,varchar,varchar(65533),YES,"source_type=enum(''Y'',''N''); "
ods_mariadb_2b,ods_a168_member,red,40,varchar,varchar(65533),YES,"source_type=enum(''N'',''Y''); 紅包開關"
ods_mariadb_2b,ods_a168_member,wallet,41,varchar,varchar(65533),YES,"source_type=enum(''Y'',''N''); "
ods_mariadb_2b,ods_a168_member,opengame,42,varchar,varchar(65533),YES,source_type=varchar(255); 輸入要開啟的種類
ods_mariadb_2b,ods_a168_member,site,43,varchar,varchar(65533),YES,source_type=varchar(60); 
ods_mariadb_2b,ods_a168_member,kickperiod,44,varchar,varchar(65533),YES,source_type=int(3); 踢出局數
ods_mariadb_2b,ods_a168_member,identity,45,varchar,varchar(65533),YES,"source_type=int(11); 0:信用,1:api"
ods_mariadb_2b,ods_a168_member,singlebetprompt,46,varchar,varchar(65533),YES,"source_type=decimal(15,0); 單注金額告警"
ods_mariadb_2b,ods_a168_member,conwinprompt,47,varchar,varchar(65533),YES,source_type=int(3); 連贏局數告警
ods_mariadb_2b,ods_a168_member,winlossprompt,48,varchar,varchar(65533),YES,"source_type=enum(''0'',''1''); 最大可輸可贏提示"
ods_mariadb_2b,ods_a168_member,onlineprompt,49,varchar,varchar(65533),YES,"source_type=enum(''0'',''1''); 上線提示"
ods_mariadb_2b,ods_a168_member,source_db,50,varchar,varchar(64),YES,来源库
ods_mariadb_2b,ods_a168_member,source_table,51,varchar,varchar(128),YES,来源表
ods_mariadb_2b,ods_a168_member,ods_table_name,52,varchar,varchar(256),YES,ODS表名
ods_mariadb_2b,ods_a168_member,sync_time,53,datetime,datetime,YES,同步时间
ods_mariadb_2b,ods_a168_member_category,__source_pk,1,varchar,varchar(64),NO,源行唯一键：优先源主键/唯一键MD5，无主键则整行MD5
ods_mariadb_2b,ods_a168_member_category,dt,2,date,date,NO,StarRocks日分区日期：优先来源业务时间，无时间字段则同步当天
ods_mariadb_2b,ods_a168_member_category,mid,3,varchar,varchar(65533),YES,source_type=int(11); 會員編號
ods_mariadb_2b,ods_a168_member_category,lv_id,4,varchar,varchar(65533),YES,source_type=int(11); 階層編號
ods_mariadb_2b,ods_a168_member_category,build_time,5,varchar,varchar(65533),YES,source_type=timestamp; 建立時間
ods_mariadb_2b,ods_a168_member_category,remark,6,varchar,varchar(65533),YES,source_type=varchar(50); 備注
ods_mariadb_2b,ods_a168_member_category,op_time,7,varchar,varchar(65533),YES,source_type=timestamp; 更新時間
ods_mariadb_2b,ods_a168_member_category,op_level,8,varchar,varchar(65533),YES,source_type=int(11); 操作者層級
ods_mariadb_2b,ods_a168_member_category,op_mid,9,varchar,varchar(65533),YES,source_type=int(11); 操作者編號
ods_mariadb_2b,ods_a168_member_category,source_db,10,varchar,varchar(64),YES,来源库
ods_mariadb_2b,ods_a168_member_category,source_table,11,varchar,varchar(128),YES,来源表
ods_mariadb_2b,ods_a168_member_category,ods_table_name,12,varchar,varchar(256),YES,ODS表名
ods_mariadb_2b,ods_a168_member_category,sync_time,13,datetime,datetime,YES,同步时间
ods_mariadb_2b,ods_a168_member_click_counter,__source_pk,1,varchar,varchar(64),NO,源行唯一键：优先源主键/唯一键MD5，无主键则整行MD5
ods_mariadb_2b,ods_a168_member_click_counter,dt,2,date,date,NO,StarRocks日分区日期：优先来源业务时间，无时间字段则同步当天
ods_mariadb_2b,ods_a168_member_click_counter,date,3,varchar,varchar(65533),YES,source_type=date; 
ods_mariadb_2b,ods_a168_member_click_counter,mid,4,varchar,varchar(65533),YES,source_type=int(10) unsigned; 
ods_mariadb_2b,ods_a168_member_click_counter,ui,5,varchar,varchar(65533),YES,source_type=varchar(255); 
ods_mariadb_2b,ods_a168_member_click_counter,function,6,varchar,varchar(65533),YES,source_type=varchar(255); 
ods_mariadb_2b,ods_a168_member_click_counter,counts,7,varchar,varchar(65533),YES,source_type=int(10) unsigned; 
ods_mariadb_2b,ods_a168_member_click_counter,source_db,8,varchar,varchar(64),YES,来源库
ods_mariadb_2b,ods_a168_member_click_counter,source_table,9,varchar,varchar(128),YES,来源表
ods_mariadb_2b,ods_a168_member_click_counter,ods_table_name,10,varchar,varchar(256),YES,ODS表名
ods_mariadb_2b,ods_a168_member_click_counter,sync_time,11,datetime,datetime,YES,同步时间
ods_mariadb_2b,ods_a168_member_dtl,__source_pk,1,varchar,varchar(64),NO,源行唯一键：优先源主键/唯一键MD5，无主键则整行MD5
ods_mariadb_2b,ods_a168_member_dtl,dt,2,date,date,NO,StarRocks日分区日期：优先来源业务时间，无时间字段则同步当天
ods_mariadb_2b,ods_a168_member_dtl,mem001,3,varchar,varchar(65533),YES,source_type=int(11); mid
ods_mariadb_2b,ods_a168_member_dtl,mem002,4,varchar,varchar(65533),YES,source_type=int(11); 類別
ods_mariadb_2b,ods_a168_member_dtl,mem003,5,varchar,varchar(65533),YES,"source_type=decimal(16,2); 退水"
ods_mariadb_2b,ods_a168_member_dtl,mem004,6,varchar,varchar(65533),YES,source_type=int(11); LV1ID
ods_mariadb_2b,ods_a168_member_dtl,mem005,7,varchar,varchar(65533),YES,source_type=int(11); LV2ID
ods_mariadb_2b,ods_a168_member_dtl,mem006,8,varchar,varchar(65533),YES,source_type=int(11); LV3ID
ods_mariadb_2b,ods_a168_member_dtl,mem007,9,varchar,varchar(65533),YES,source_type=int(11); LV4ID
ods_mariadb_2b,ods_a168_member_dtl,mem008,10,varchar,varchar(65533),YES,source_type=int(11); LV5ID
ods_mariadb_2b,ods_a168_member_dtl,mem009,11,varchar,varchar(65533),YES,source_type=int(11); 最大押分05
ods_mariadb_2b,ods_a168_member_dtl,mem010,12,varchar,varchar(65533),YES,source_type=int(11); 最大押分06
ods_mariadb_2b,ods_a168_member_dtl,mem011,13,varchar,varchar(65533),YES,source_type=int(11); 
ods_mariadb_2b,ods_a168_member_dtl,mem012,14,varchar,varchar(65533),YES,source_type=int(11); 最大可贏金額
ods_mariadb_2b,ods_a168_member_dtl,mem013,15,varchar,varchar(65533),YES,source_type=datetime; 可贏可輸起算時間點
ods_mariadb_2b,ods_a168_member_dtl,mem014,16,varchar,varchar(65533),YES,source_type=int(11); 最大可輸金額
ods_mariadb_2b,ods_a168_member_dtl,mem015,17,varchar,varchar(65533),YES,source_type=varchar(300); 新版限額
ods_mariadb_2b,ods_a168_member_dtl,mem016,18,varchar,varchar(65533),YES,"source_type=decimal(16,2); 電投退水"
ods_mariadb_2b,ods_a168_member_dtl,source_db,19,varchar,varchar(64),YES,来源库
ods_mariadb_2b,ods_a168_member_dtl,source_table,20,varchar,varchar(128),YES,来源表
ods_mariadb_2b,ods_a168_member_dtl,ods_table_name,21,varchar,varchar(256),YES,ODS表名
ods_mariadb_2b,ods_a168_member_dtl,sync_time,22,datetime,datetime,YES,同步时间
ods_mariadb_2b,ods_a168_member_explosion_setting,__source_pk,1,varchar,varchar(64),NO,源行唯一键：优先源主键/唯一键MD5，无主键则整行MD5
ods_mariadb_2b,ods_a168_member_explosion_setting,dt,2,date,date,NO,StarRocks日分区日期：优先来源业务时间，无时间字段则同步当天
ods_mariadb_2b,ods_a168_member_explosion_setting,sn,3,varchar,varchar(65533),YES,source_type=int(5); 
ods_mariadb_2b,ods_a168_member_explosion_setting,gid,4,varchar,varchar(65533),YES,source_type=int(3); 
ods_mariadb_2b,ods_a168_member_explosion_setting,tableid,5,varchar,varchar(65533),YES,source_type=int(5); 
ods_mariadb_2b,ods_a168_member_explosion_setting,people,6,varchar,varchar(65533),YES,source_type=int(11); 
ods_mariadb_2b,ods_a168_member_explosion_setting,setting_time,7,varchar,varchar(65533),YES,source_type=int(3); 
ods_mariadb_2b,ods_a168_member_explosion_setting,editor,8,varchar,varchar(65533),YES,source_type=varchar(30); 
ods_mariadb_2b,ods_a168_member_explosion_setting,modif_time,9,varchar,varchar(65533),YES,source_type=timestamp; 
ods_mariadb_2b,ods_a168_member_explosion_setting,source_db,10,varchar,varchar(64),YES,来源库
ods_mariadb_2b,ods_a168_member_explosion_setting,source_table,11,varchar,varchar(128),YES,来源表
ods_mariadb_2b,ods_a168_member_explosion_setting,ods_table_name,12,varchar,varchar(256),YES,ODS表名
ods_mariadb_2b,ods_a168_member_explosion_setting,sync_time,13,datetime,datetime,YES,同步时间
ods_mariadb_2b,ods_a168_member_odds,__source_pk,1,varchar,varchar(64),NO,源行唯一键：优先源主键/唯一键MD5，无主键则整行MD5
ods_mariadb_2b,ods_a168_member_odds,dt,2,date,date,NO,StarRocks日分区日期：优先来源业务时间，无时间字段则同步当天
ods_mariadb_2b,ods_a168_member_odds,mid,3,varchar,varchar(65533),YES,source_type=int(11); 
ods_mariadb_2b,ods_a168_member_odds,gid,4,varchar,varchar(65533),YES,source_type=int(11); 
ods_mariadb_2b,ods_a168_member_odds,area,5,varchar,varchar(65533),YES,source_type=varchar(100); 下注區
ods_mariadb_2b,ods_a168_member_odds,odds,6,varchar,varchar(65533),YES,"source_type=decimal(10,4); 賠率"
ods_mariadb_2b,ods_a168_member_odds,source_db,7,varchar,varchar(64),YES,来源库
ods_mariadb_2b,ods_a168_member_odds,source_table,8,varchar,varchar(128),YES,来源表
ods_mariadb_2b,ods_a168_member_odds,ods_table_name,9,varchar,varchar(256),YES,ODS表名
ods_mariadb_2b,ods_a168_member_odds,sync_time,10,datetime,datetime,YES,同步时间
ods_mariadb_2b,ods_a168_member_partner_account,__source_pk,1,varchar,varchar(64),NO,源行唯一键：优先源主键/唯一键MD5，无主键则整行MD5
ods_mariadb_2b,ods_a168_member_partner_account,dt,2,date,date,NO,StarRocks日分区日期：优先来源业务时间，无时间字段则同步当天
ods_mariadb_2b,ods_a168_member_partner_account,mid,3,varchar,varchar(65533),YES,source_type=int(11); 會員
ods_mariadb_2b,ods_a168_member_partner_account,code,4,varchar,varchar(65533),YES,source_type=int(8); 遊戲代碼
ods_mariadb_2b,ods_a168_member_partner_account,username,5,varchar,varchar(65533),YES,source_type=varchar(30); 第三方遊戲帳號
ods_mariadb_2b,ods_a168_member_partner_account,password,6,varchar,varchar(65533),YES,source_type=varchar(32); 第三方遊戲密碼
ods_mariadb_2b,ods_a168_member_partner_account,enable,7,varchar,varchar(65533),YES,"source_type=enum(''Y'',''N''); 啟停用"
ods_mariadb_2b,ods_a168_member_partner_account,createTime,8,varchar,varchar(65533),YES,source_type=timestamp; 建立時間
ods_mariadb_2b,ods_a168_member_partner_account,source_db,9,varchar,varchar(64),YES,来源库
ods_mariadb_2b,ods_a168_member_partner_account,source_table,10,varchar,varchar(128),YES,来源表
ods_mariadb_2b,ods_a168_member_partner_account,ods_table_name,11,varchar,varchar(256),YES,ODS表名
ods_mariadb_2b,ods_a168_member_partner_account,sync_time,12,datetime,datetime,YES,同步时间
ods_mariadb_2b,ods_a168_member_partner_gamelist,__source_pk,1,varchar,varchar(64),NO,源行唯一键：优先源主键/唯一键MD5，无主键则整行MD5
ods_mariadb_2b,ods_a168_member_partner_gamelist,dt,2,date,date,NO,StarRocks日分区日期：优先来源业务时间，无时间字段则同步当天
ods_mariadb_2b,ods_a168_member_partner_gamelist,mid,3,varchar,varchar(65533),YES,source_type=int(11); 會員 id
ods_mariadb_2b,ods_a168_member_partner_gamelist,code,4,varchar,varchar(65533),YES,source_type=int(11); 第三方遊戲代碼
ods_mariadb_2b,ods_a168_member_partner_gamelist,gamelist_id,5,varchar,varchar(65533),YES,source_type=int(11); 第三方遊戲 id
ods_mariadb_2b,ods_a168_member_partner_gamelist,status,6,varchar,varchar(65533),YES,source_type=int(11); 開關
ods_mariadb_2b,ods_a168_member_partner_gamelist,orders,7,varchar,varchar(65533),YES,source_type=int(11); 順序
ods_mariadb_2b,ods_a168_member_partner_gamelist,source_db,8,varchar,varchar(64),YES,来源库
ods_mariadb_2b,ods_a168_member_partner_gamelist,source_table,9,varchar,varchar(128),YES,来源表
ods_mariadb_2b,ods_a168_member_partner_gamelist,ods_table_name,10,varchar,varchar(256),YES,ODS表名
ods_mariadb_2b,ods_a168_member_partner_gamelist,sync_time,11,datetime,datetime,YES,同步时间
ods_mariadb_2b,ods_a168_member_url,__source_pk,1,varchar,varchar(64),NO,源行唯一键：优先源主键/唯一键MD5，无主键则整行MD5
ods_mariadb_2b,ods_a168_member_url,dt,2,date,date,NO,StarRocks日分区日期：优先来源业务时间，无时间字段则同步当天
ods_mariadb_2b,ods_a168_member_url,mid,3,varchar,varchar(65533),YES,source_type=int(11); 會員編號
ods_mariadb_2b,ods_a168_member_url,account,4,varchar,varchar(65533),YES,source_type=varchar(48); 會員帳號
ods_mariadb_2b,ods_a168_member_url,url,5,varchar,varchar(65533),YES,source_type=varchar(255); 指定網址
ods_mariadb_2b,ods_a168_member_url,remark,6,varchar,varchar(65533),YES,source_type=varchar(255); 備註
ods_mariadb_2b,ods_a168_member_url,operator,7,varchar,varchar(65533),YES,source_type=varchar(25); 最後異動者
ods_mariadb_2b,ods_a168_member_url,modify_time,8,varchar,varchar(65533),YES,source_type=timestamp; 最後異動時間
ods_mariadb_2b,ods_a168_member_url,source_db,9,varchar,varchar(64),YES,来源库
ods_mariadb_2b,ods_a168_member_url,source_table,10,varchar,varchar(128),YES,来源表
ods_mariadb_2b,ods_a168_member_url,ods_table_name,11,varchar,varchar(256),YES,ODS表名
ods_mariadb_2b,ods_a168_member_url,sync_time,12,datetime,datetime,YES,同步时间
ods_mariadb_2b,ods_a168_news,__source_pk,1,varchar,varchar(64),NO,源行唯一键：优先源主键/唯一键MD5，无主键则整行MD5
ods_mariadb_2b,ods_a168_news,dt,2,date,date,NO,StarRocks日分区日期：优先来源业务时间，无时间字段则同步当天
ods_mariadb_2b,ods_a168_news,new001,3,varchar,varchar(65533),YES,source_type=int(11); 
ods_mariadb_2b,ods_a168_news,new002,4,varchar,varchar(65533),YES,source_type=timestamp; 
ods_mariadb_2b,ods_a168_news,new003,5,varchar,varchar(1048576),YES,source_type=text; 
ods_mariadb_2b,ods_a168_news,new004,6,varchar,varchar(65533),YES,source_type=int(11); 
ods_mariadb_2b,ods_a168_news,new005,7,varchar,varchar(65533),YES,"source_type=enum(''A'',''E'',''W''); "
ods_mariadb_2b,ods_a168_news,new006,8,varchar,varchar(65533),YES,"source_type=enum(''N'',''M''); "
ods_mariadb_2b,ods_a168_news,new007,9,varchar,varchar(65533),YES,"source_type=enum(''Y'',''N''); "
ods_mariadb_2b,ods_a168_news,new008,10,varchar,varchar(65533),YES,source_type=varchar(10); 
ods_mariadb_2b,ods_a168_news,source_db,11,varchar,varchar(64),YES,来源库
ods_mariadb_2b,ods_a168_news,source_table,12,varchar,varchar(128),YES,来源表
ods_mariadb_2b,ods_a168_news,ods_table_name,13,varchar,varchar(256),YES,ODS表名
ods_mariadb_2b,ods_a168_news,sync_time,14,datetime,datetime,YES,同步时间
ods_mariadb_2b,ods_a168_odds_default,__source_pk,1,varchar,varchar(64),NO,源行唯一键：优先源主键/唯一键MD5，无主键则整行MD5
ods_mariadb_2b,ods_a168_odds_default,dt,2,date,date,NO,StarRocks日分区日期：优先来源业务时间，无时间字段则同步当天
ods_mariadb_2b,ods_a168_odds_default,id,3,varchar,varchar(65533),YES,source_type=int(3); 
ods_mariadb_2b,ods_a168_odds_default,gid,4,varchar,varchar(65533),YES,source_type=int(3); 
ods_mariadb_2b,ods_a168_odds_default,area,5,varchar,varchar(65533),YES,source_type=varchar(100); 下注區
ods_mariadb_2b,ods_a168_odds_default,odds,6,varchar,varchar(1048576),YES,source_type=text; 賠率
ods_mariadb_2b,ods_a168_odds_default,source_db,7,varchar,varchar(64),YES,来源库
ods_mariadb_2b,ods_a168_odds_default,source_table,8,varchar,varchar(128),YES,来源表
ods_mariadb_2b,ods_a168_odds_default,ods_table_name,9,varchar,varchar(256),YES,ODS表名
ods_mariadb_2b,ods_a168_odds_default,sync_time,10,datetime,datetime,YES,同步时间
ods_mariadb_2b,ods_a168_opengame_log,__source_pk,1,varchar,varchar(64),NO,源行唯一键：优先源主键/唯一键MD5，无主键则整行MD5
ods_mariadb_2b,ods_a168_opengame_log,dt,2,date,date,NO,StarRocks日分区日期：优先来源业务时间，无时间字段则同步当天
ods_mariadb_2b,ods_a168_opengame_log,aid,3,varchar,varchar(65533),YES,source_type=int(11); 
ods_mariadb_2b,ods_a168_opengame_log,opengame,4,varchar,varchar(65533),YES,source_type=varchar(255); 
ods_mariadb_2b,ods_a168_opengame_log,time,5,varchar,varchar(65533),YES,source_type=timestamp; 
ods_mariadb_2b,ods_a168_opengame_log,source_db,6,varchar,varchar(64),YES,来源库
ods_mariadb_2b,ods_a168_opengame_log,source_table,7,varchar,varchar(128),YES,来源表
ods_mariadb_2b,ods_a168_opengame_log,ods_table_name,8,varchar,varchar(256),YES,ODS表名
ods_mariadb_2b,ods_a168_opengame_log,sync_time,9,datetime,datetime,YES,同步时间
ods_mariadb_2b,ods_a168_orderslist,__source_pk,1,varchar,varchar(64),NO,源行唯一键：优先源主键/唯一键MD5，无主键则整行MD5
ods_mariadb_2b,ods_a168_orderslist,dt,2,date,date,NO,StarRocks日分区日期：优先来源业务时间，无时间字段则同步当天
ods_mariadb_2b,ods_a168_orderslist,bet01,3,varchar,varchar(65533),YES,source_type=bigint(20); 注單編號
ods_mariadb_2b,ods_a168_orderslist,op,4,varchar,varchar(65533),YES,source_type=int(11); 操作者(管理員)
ods_mariadb_2b,ods_a168_orderslist,optime,5,varchar,varchar(65533),YES,source_type=datetime; 操作時間
ods_mariadb_2b,ods_a168_orderslist,source_db,6,varchar,varchar(64),YES,来源库
ods_mariadb_2b,ods_a168_orderslist,source_table,7,varchar,varchar(128),YES,来源表
ods_mariadb_2b,ods_a168_orderslist,ods_table_name,8,varchar,varchar(256),YES,ODS表名
ods_mariadb_2b,ods_a168_orderslist,sync_time,9,datetime,datetime,YES,同步时间
ods_mariadb_2b,ods_a168_partner_bng_token,__source_pk,1,varchar,varchar(64),NO,源行唯一键：优先源主键/唯一键MD5，无主键则整行MD5
ods_mariadb_2b,ods_a168_partner_bng_token,dt,2,date,date,NO,StarRocks日分区日期：优先来源业务时间，无时间字段则同步当天
ods_mariadb_2b,ods_a168_partner_bng_token,mid,3,varchar,varchar(65533),YES,source_type=int(11); 
ods_mariadb_2b,ods_a168_partner_bng_token,token,4,varchar,varchar(65533),YES,source_type=varchar(50); 
ods_mariadb_2b,ods_a168_partner_bng_token,version,5,varchar,varchar(65533),YES,source_type=int(11); balance version
ods_mariadb_2b,ods_a168_partner_bng_token,op_time,6,varchar,varchar(65533),YES,source_type=timestamp; 
ods_mariadb_2b,ods_a168_partner_bng_token,source_db,7,varchar,varchar(64),YES,来源库
ods_mariadb_2b,ods_a168_partner_bng_token,source_table,8,varchar,varchar(128),YES,来源表
ods_mariadb_2b,ods_a168_partner_bng_token,ods_table_name,9,varchar,varchar(256),YES,ODS表名
ods_mariadb_2b,ods_a168_partner_bng_token,sync_time,10,datetime,datetime,YES,同步时间
ods_mariadb_2b,ods_a168_partner_gamelist,__source_pk,1,varchar,varchar(64),NO,源行唯一键：优先源主键/唯一键MD5，无主键则整行MD5
ods_mariadb_2b,ods_a168_partner_gamelist,dt,2,date,date,NO,StarRocks日分区日期：优先来源业务时间，无时间字段则同步当天
ods_mariadb_2b,ods_a168_partner_gamelist,id,3,varchar,varchar(65533),YES,source_type=int(11); 
ods_mariadb_2b,ods_a168_partner_gamelist,code,4,varchar,varchar(65533),YES,source_type=int(11); 第三方遊戲商代號
ods_mariadb_2b,ods_a168_partner_gamelist,cnname,5,varchar,varchar(65533),YES,source_type=varchar(50); 
ods_mariadb_2b,ods_a168_partner_gamelist,twname,6,varchar,varchar(65533),YES,source_type=varchar(20); 
ods_mariadb_2b,ods_a168_partner_gamelist,enname,7,varchar,varchar(65533),YES,source_type=varchar(50); 
ods_mariadb_2b,ods_a168_partner_gamelist,inname,8,varchar,varchar(65533),YES,source_type=varchar(50); 
ods_mariadb_2b,ods_a168_partner_gamelist,janame,9,varchar,varchar(65533),YES,source_type=varchar(50); 
ods_mariadb_2b,ods_a168_partner_gamelist,koname,10,varchar,varchar(65533),YES,source_type=varchar(50); 
ods_mariadb_2b,ods_a168_partner_gamelist,thname,11,varchar,varchar(65533),YES,source_type=varchar(50); 
ods_mariadb_2b,ods_a168_partner_gamelist,viname,12,varchar,varchar(65533),YES,source_type=varchar(50); 
ods_mariadb_2b,ods_a168_partner_gamelist,hiname,13,varchar,varchar(65533),YES,source_type=varchar(50); 
ods_mariadb_2b,ods_a168_partner_gamelist,msname,14,varchar,varchar(65533),YES,source_type=varchar(50); 
ods_mariadb_2b,ods_a168_partner_gamelist,gameid,15,varchar,varchar(65533),YES,source_type=varchar(20); 開遊戲代碼or編號
ods_mariadb_2b,ods_a168_partner_gamelist,reportCode,16,varchar,varchar(65533),YES,source_type=varchar(20); 寫單代碼or編號
ods_mariadb_2b,ods_a168_partner_gamelist,gameType,17,varchar,varchar(65533),YES,source_type=varchar(10); 遊戲類型
ods_mariadb_2b,ods_a168_partner_gamelist,gameGroup,18,varchar,varchar(65533),YES,"source_type=varchar(10); 遊戲群組,1.老虎機 2.捕魚機 3.棋牌 4. crash 5. 小遊戲 6. 賓果 99.其他遊戲"
ods_mariadb_2b,ods_a168_partner_gamelist,isFree,19,varchar,varchar(65533),YES,"source_type=enum(''Y'',''N''); 是否可試玩"
ods_mariadb_2b,ods_a168_partner_gamelist,isWeb,20,varchar,varchar(65533),YES,"source_type=enum(''Y'',''N''); 支援裝置-PC"
ods_mariadb_2b,ods_a168_partner_gamelist,isMobile,21,varchar,varchar(65533),YES,"source_type=enum(''Y'',''N''); 手機裝置"
ods_mariadb_2b,ods_a168_partner_gamelist,isMaintain,22,varchar,varchar(65533),YES,"source_type=enum(''N'',''Y''); 是否維護"
ods_mariadb_2b,ods_a168_partner_gamelist,tag,23,varchar,varchar(65533),YES,"source_type=varchar(50); 標籤 (熱門,推薦..etc)"
ods_mariadb_2b,ods_a168_partner_gamelist,status,24,varchar,varchar(65533),YES,source_type=int(1); 狀態
ods_mariadb_2b,ods_a168_partner_gamelist,status_mobile,25,varchar,varchar(65533),YES,source_type=int(1); 手機版狀態
ods_mariadb_2b,ods_a168_partner_gamelist,status_lock,26,varchar,varchar(65533),YES,source_type=tinyint(1); 開關鎖
ods_mariadb_2b,ods_a168_partner_gamelist,onlineTime,27,varchar,varchar(65533),YES,source_type=datetime; 上架時間
ods_mariadb_2b,ods_a168_partner_gamelist,offlineTime,28,varchar,varchar(65533),YES,source_type=datetime; 下架時間
ods_mariadb_2b,ods_a168_partner_gamelist,orders,29,varchar,varchar(65533),YES,source_type=tinyint(3); 順序
ods_mariadb_2b,ods_a168_partner_gamelist,demo_url,30,varchar,varchar(1048576),YES,source_type=text; 試玩網址
ods_mariadb_2b,ods_a168_partner_gamelist,series,31,varchar,varchar(65533),YES,source_type=varchar(10); 系列
ods_mariadb_2b,ods_a168_partner_gamelist,series_web,32,varchar,varchar(65533),YES,source_type=varchar(12); 系列 (前端用)
ods_mariadb_2b,ods_a168_partner_gamelist,remark,33,varchar,varchar(65533),YES,source_type=varchar(32); 備註
ods_mariadb_2b,ods_a168_partner_gamelist,source_db,34,varchar,varchar(64),YES,来源库
ods_mariadb_2b,ods_a168_partner_gamelist,source_table,35,varchar,varchar(128),YES,来源表
ods_mariadb_2b,ods_a168_partner_gamelist,ods_table_name,36,varchar,varchar(256),YES,ODS表名
ods_mariadb_2b,ods_a168_partner_gamelist,sync_time,37,datetime,datetime,YES,同步时间
ods_mariadb_2b,ods_a168_partner_reportTime,__source_pk,1,varchar,varchar(64),NO,源行唯一键：优先源主键/唯一键MD5，无主键则整行MD5
ods_mariadb_2b,ods_a168_partner_reportTime,dt,2,date,date,NO,StarRocks日分区日期：优先来源业务时间，无时间字段则同步当天
ods_mariadb_2b,ods_a168_partner_reportTime,id,3,varchar,varchar(65533),YES,source_type=int(11); 
ods_mariadb_2b,ods_a168_partner_reportTime,code,4,varchar,varchar(65533),YES,source_type=int(11); 
ods_mariadb_2b,ods_a168_partner_reportTime,type,5,varchar,varchar(65533),YES,source_type=int(2); 1: 一般報表 
ods_mariadb_2b,ods_a168_partner_reportTime,offset,6,varchar,varchar(65533),YES,source_type=int(10); 時間間隔(秒) or 一次Ｎ筆
ods_mariadb_2b,ods_a168_partner_reportTime,data,7,varchar,varchar(65533),YES,source_type=varchar(30); 時間 or 其他
ods_mariadb_2b,ods_a168_partner_reportTime,source_db,8,varchar,varchar(64),YES,来源库
ods_mariadb_2b,ods_a168_partner_reportTime,source_table,9,varchar,varchar(128),YES,来源表
ods_mariadb_2b,ods_a168_partner_reportTime,ods_table_name,10,varchar,varchar(256),YES,ODS表名
ods_mariadb_2b,ods_a168_partner_reportTime,sync_time,11,datetime,datetime,YES,同步时间
ods_mariadb_2b,ods_a168_partner_setting,__source_pk,1,varchar,varchar(64),NO,源行唯一键：优先源主键/唯一键MD5，无主键则整行MD5
ods_mariadb_2b,ods_a168_partner_setting,dt,2,date,date,NO,StarRocks日分区日期：优先来源业务时间，无时间字段则同步当天
ods_mariadb_2b,ods_a168_partner_setting,id,3,varchar,varchar(65533),YES,source_type=int(11); 
ods_mariadb_2b,ods_a168_partner_setting,code,4,varchar,varchar(65533),YES,source_type=int(11); 遊戲代碼
ods_mariadb_2b,ods_a168_partner_setting,currency,5,varchar,varchar(65533),YES,source_type=tinyint(4); 幣別
ods_mariadb_2b,ods_a168_partner_setting,agent_id,6,varchar,varchar(65533),YES,source_type=int(11); 代理 id
ods_mariadb_2b,ods_a168_partner_setting,type,7,varchar,varchar(65533),YES,source_type=varchar(20); 資料類型
ods_mariadb_2b,ods_a168_partner_setting,data,8,varchar,varchar(1048576),YES,source_type=text; 資料
ods_mariadb_2b,ods_a168_partner_setting,remark,9,varchar,varchar(65533),YES,source_type=varchar(100); 備註
ods_mariadb_2b,ods_a168_partner_setting,create_at,10,varchar,varchar(65533),YES,source_type=datetime; 
ods_mariadb_2b,ods_a168_partner_setting,update_at,11,varchar,varchar(65533),YES,source_type=datetime; 
ods_mariadb_2b,ods_a168_partner_setting,source_db,12,varchar,varchar(64),YES,来源库
ods_mariadb_2b,ods_a168_partner_setting,source_table,13,varchar,varchar(128),YES,来源表
ods_mariadb_2b,ods_a168_partner_setting,ods_table_name,14,varchar,varchar(256),YES,ODS表名
ods_mariadb_2b,ods_a168_partner_setting,sync_time,15,datetime,datetime,YES,同步时间
ods_mariadb_2b,ods_a168_partner_transation,__source_pk,1,varchar,varchar(64),NO,源行唯一键：优先源主键/唯一键MD5，无主键则整行MD5
ods_mariadb_2b,ods_a168_partner_transation,dt,2,date,date,NO,StarRocks日分区日期：优先来源业务时间，无时间字段则同步当天
ods_mariadb_2b,ods_a168_partner_transation,id,3,varchar,varchar(65533),YES,source_type=int(11); 
ods_mariadb_2b,ods_a168_partner_transation,action,4,varchar,varchar(65533),YES,"source_type=enum(''bet'',''settle'',''cancel'',''rollback'',''betSuccess'',''refund'',''rewardDeduct'',''bouns'',''free'',''tip''); 動作"
ods_mariadb_2b,ods_a168_partner_transation,agent_id,5,varchar,varchar(65533),YES,source_type=int(11); 代理 id
ods_mariadb_2b,ods_a168_partner_transation,mid,6,varchar,varchar(65533),YES,source_type=int(11); 
ods_mariadb_2b,ods_a168_partner_transation,code,7,varchar,varchar(65533),YES,source_type=int(4); 
ods_mariadb_2b,ods_a168_partner_transation,round_id,8,varchar,varchar(65533),YES,source_type=varchar(50); 
ods_mariadb_2b,ods_a168_partner_transation,transId,9,varchar,varchar(65533),YES,source_type=varchar(100); 第三方交易流水號
ods_mariadb_2b,ods_a168_partner_transation,wallet_id,10,varchar,varchar(65533),YES,source_type=bigint(20); wallet_dtl 處理 id
ods_mariadb_2b,ods_a168_partner_transation,iom_id,11,varchar,varchar(65533),YES,source_type=bigint(20); in_out_m 處理 id
ods_mariadb_2b,ods_a168_partner_transation,requestDate,12,varchar,varchar(65533),YES,source_type=datetime; 第三方請求時間
ods_mariadb_2b,ods_a168_partner_transation,money,13,varchar,varchar(65533),YES,"source_type=decimal(15,4); 金額"
ods_mariadb_2b,ods_a168_partner_transation,balance,14,varchar,varchar(65533),YES,"source_type=decimal(16,4); 交易前餘額"
ods_mariadb_2b,ods_a168_partner_transation,type,15,varchar,varchar(65533),YES,source_type=tinyint(1); 1:加點 2:扣點 3:重對加點 4:重對扣點 5:重新派彩  6: 和局 0: 無任何動作
ods_mariadb_2b,ods_a168_partner_transation,status,16,varchar,varchar(65533),YES,"source_type=tinyint(1); 0:未處理,1:成功,2:失敗,3:回滾,4:處理中"
ods_mariadb_2b,ods_a168_partner_transation,isFinish,17,varchar,varchar(65533),YES,"source_type=enum(''Y'',''N'',''X''); "
ods_mariadb_2b,ods_a168_partner_transation,remark,18,varchar,varchar(65533),YES,source_type=varchar(255); 
ods_mariadb_2b,ods_a168_partner_transation,source_db,19,varchar,varchar(64),YES,来源库
ods_mariadb_2b,ods_a168_partner_transation,source_table,20,varchar,varchar(128),YES,来源表
ods_mariadb_2b,ods_a168_partner_transation,ods_table_name,21,varchar,varchar(256),YES,ODS表名
ods_mariadb_2b,ods_a168_partner_transation,sync_time,22,datetime,datetime,YES,同步时间
ods_mariadb_2b,ods_a168_partner_transation_log,__source_pk,1,varchar,varchar(64),NO,源行唯一键：优先源主键/唯一键MD5，无主键则整行MD5
ods_mariadb_2b,ods_a168_partner_transation_log,dt,2,date,date,NO,StarRocks日分区日期：优先来源业务时间，无时间字段则同步当天
ods_mariadb_2b,ods_a168_partner_transation_log,trans_id,3,varchar,varchar(65533),YES,source_type=int(11); 
ods_mariadb_2b,ods_a168_partner_transation_log,text,4,varchar,varchar(1048576),YES,source_type=text; 
ods_mariadb_2b,ods_a168_partner_transation_log,created_at,5,varchar,varchar(65533),YES,source_type=datetime; 
ods_mariadb_2b,ods_a168_partner_transation_log,source_db,6,varchar,varchar(64),YES,来源库
ods_mariadb_2b,ods_a168_partner_transation_log,source_table,7,varchar,varchar(128),YES,来源表
ods_mariadb_2b,ods_a168_partner_transation_log,ods_table_name,8,varchar,varchar(256),YES,ODS表名
ods_mariadb_2b,ods_a168_partner_transation_log,sync_time,9,datetime,datetime,YES,同步时间
ods_mariadb_2b,ods_a168_partner_type,__source_pk,1,varchar,varchar(64),NO,源行唯一键：优先源主键/唯一键MD5，无主键则整行MD5
ods_mariadb_2b,ods_a168_partner_type,dt,2,date,date,NO,StarRocks日分区日期：优先来源业务时间，无时间字段则同步当天
ods_mariadb_2b,ods_a168_partner_type,code,3,varchar,varchar(65533),YES,source_type=int(11); 第三方遊戲商代號
ods_mariadb_2b,ods_a168_partner_type,codename,4,varchar,varchar(65533),YES,source_type=varchar(10); 簡稱
ods_mariadb_2b,ods_a168_partner_type,twname,5,varchar,varchar(65533),YES,source_type=varchar(20); 
ods_mariadb_2b,ods_a168_partner_type,cnname,6,varchar,varchar(65533),YES,source_type=varchar(20); 
ods_mariadb_2b,ods_a168_partner_type,enname,7,varchar,varchar(65533),YES,source_type=varchar(20); 
ods_mariadb_2b,ods_a168_partner_type,inname,8,varchar,varchar(65533),YES,source_type=varchar(20); 
ods_mariadb_2b,ods_a168_partner_type,janame,9,varchar,varchar(65533),YES,source_type=varchar(20); 
ods_mariadb_2b,ods_a168_partner_type,koname,10,varchar,varchar(65533),YES,source_type=varchar(20); 
ods_mariadb_2b,ods_a168_partner_type,thname,11,varchar,varchar(65533),YES,source_type=varchar(20); 
ods_mariadb_2b,ods_a168_partner_type,viname,12,varchar,varchar(65533),YES,source_type=varchar(20); 
ods_mariadb_2b,ods_a168_partner_type,hiname,13,varchar,varchar(65533),YES,source_type=varchar(20); 
ods_mariadb_2b,ods_a168_partner_type,msname,14,varchar,varchar(65533),YES,source_type=varchar(20); 
ods_mariadb_2b,ods_a168_partner_type,status,15,varchar,varchar(65533),YES,source_type=int(11); 0: 關閉 1: 開放
ods_mariadb_2b,ods_a168_partner_type,maintain,16,varchar,varchar(65533),YES,"source_type=enum(''Y'',''N''); 是否維修"
ods_mariadb_2b,ods_a168_partner_type,ps003,17,varchar,varchar(65533),YES,"source_type=decimal(16,2); 退水"
ods_mariadb_2b,ods_a168_partner_type,ps004,18,varchar,varchar(65533),YES,source_type=int(11); 最小押分
ods_mariadb_2b,ods_a168_partner_type,ps005,19,varchar,varchar(65533),YES,source_type=int(11); 最大押分
ods_mariadb_2b,ods_a168_partner_type,ps006,20,varchar,varchar(65533),YES,source_type=int(11); 押分倍數
ods_mariadb_2b,ods_a168_partner_type,ps007,21,varchar,varchar(65533),YES,source_type=int(11); 最大押分02
ods_mariadb_2b,ods_a168_partner_type,ps008,22,varchar,varchar(65533),YES,source_type=int(11); 最大押分03
ods_mariadb_2b,ods_a168_partner_type,ps009,23,varchar,varchar(65533),YES,source_type=int(11); 最大押分04
ods_mariadb_2b,ods_a168_partner_type,ps010,24,varchar,varchar(65533),YES,source_type=int(11); 最大押分05
ods_mariadb_2b,ods_a168_partner_type,ps011,25,varchar,varchar(65533),YES,source_type=int(11); 最大押分06
ods_mariadb_2b,ods_a168_partner_type,source_db,26,varchar,varchar(64),YES,来源库
ods_mariadb_2b,ods_a168_partner_type,source_table,27,varchar,varchar(128),YES,来源表
ods_mariadb_2b,ods_a168_partner_type,ods_table_name,28,varchar,varchar(256),YES,ODS表名
ods_mariadb_2b,ods_a168_partner_type,sync_time,29,datetime,datetime,YES,同步时间
ods_mariadb_2b,ods_a168_passiplist,__source_pk,1,varchar,varchar(64),NO,源行唯一键：优先源主键/唯一键MD5，无主键则整行MD5
ods_mariadb_2b,ods_a168_passiplist,dt,2,date,date,NO,StarRocks日分区日期：优先来源业务时间，无时间字段则同步当天
ods_mariadb_2b,ods_a168_passiplist,id,3,varchar,varchar(65533),YES,source_type=int(11); 
ods_mariadb_2b,ods_a168_passiplist,agentid,4,varchar,varchar(65533),YES,source_type=int(11); 
ods_mariadb_2b,ods_a168_passiplist,lv,5,varchar,varchar(65533),YES,source_type=int(11); 
ods_mariadb_2b,ods_a168_passiplist,account,6,varchar,varchar(65533),YES,source_type=varchar(30); 
ods_mariadb_2b,ods_a168_passiplist,source_db,7,varchar,varchar(64),YES,来源库
ods_mariadb_2b,ods_a168_passiplist,source_table,8,varchar,varchar(128),YES,来源表
ods_mariadb_2b,ods_a168_passiplist,ods_table_name,9,varchar,varchar(256),YES,ODS表名
ods_mariadb_2b,ods_a168_passiplist,sync_time,10,datetime,datetime,YES,同步时间
ods_mariadb_2b,ods_a168_payment_bank,__source_pk,1,varchar,varchar(64),NO,源行唯一键：优先源主键/唯一键MD5，无主键则整行MD5
ods_mariadb_2b,ods_a168_payment_bank,dt,2,date,date,NO,StarRocks日分区日期：优先来源业务时间，无时间字段则同步当天
ods_mariadb_2b,ods_a168_payment_bank,id,3,varchar,varchar(65533),YES,source_type=int(11); 
ods_mariadb_2b,ods_a168_payment_bank,currency,4,varchar,varchar(65533),YES,source_type=varchar(8); 幣別
ods_mariadb_2b,ods_a168_payment_bank,code,5,varchar,varchar(65533),YES,source_type=int(11); 平台id
ods_mariadb_2b,ods_a168_payment_bank,bank_id,6,varchar,varchar(65533),YES,source_type=varchar(20); 銀行代碼
ods_mariadb_2b,ods_a168_payment_bank,name,7,varchar,varchar(65533),YES,source_type=varchar(50); 名稱
ods_mariadb_2b,ods_a168_payment_bank,source_db,8,varchar,varchar(64),YES,来源库
ods_mariadb_2b,ods_a168_payment_bank,source_table,9,varchar,varchar(128),YES,来源表
ods_mariadb_2b,ods_a168_payment_bank,ods_table_name,10,varchar,varchar(256),YES,ODS表名
ods_mariadb_2b,ods_a168_payment_bank,sync_time,11,datetime,datetime,YES,同步时间
ods_mariadb_2b,ods_a168_payment_method,__source_pk,1,varchar,varchar(64),NO,源行唯一键：优先源主键/唯一键MD5，无主键则整行MD5
ods_mariadb_2b,ods_a168_payment_method,dt,2,date,date,NO,StarRocks日分区日期：优先来源业务时间，无时间字段则同步当天
ods_mariadb_2b,ods_a168_payment_method,id,3,varchar,varchar(65533),YES,source_type=int(11); 
ods_mariadb_2b,ods_a168_payment_method,code,4,varchar,varchar(65533),YES,source_type=int(11); 平台id
ods_mariadb_2b,ods_a168_payment_method,name,5,varchar,varchar(65533),YES,source_type=varchar(20); 
ods_mariadb_2b,ods_a168_payment_method,data,6,varchar,varchar(65533),YES,source_type=varchar(20); 
ods_mariadb_2b,ods_a168_payment_method,type,7,varchar,varchar(65533),YES,source_type=varchar(20); 支付類型
ods_mariadb_2b,ods_a168_payment_method,device,8,varchar,varchar(65533),YES,"source_type=enum(''web'',''mobile'',''all''); 裝置"
ods_mariadb_2b,ods_a168_payment_method,status,9,varchar,varchar(65533),YES,source_type=int(1); 狀態
ods_mariadb_2b,ods_a168_payment_method,source_db,10,varchar,varchar(64),YES,来源库
ods_mariadb_2b,ods_a168_payment_method,source_table,11,varchar,varchar(128),YES,来源表
ods_mariadb_2b,ods_a168_payment_method,ods_table_name,12,varchar,varchar(256),YES,ODS表名
ods_mariadb_2b,ods_a168_payment_method,sync_time,13,datetime,datetime,YES,同步时间
ods_mariadb_2b,ods_a168_payment_order,__source_pk,1,varchar,varchar(64),NO,源行唯一键：优先源主键/唯一键MD5，无主键则整行MD5
ods_mariadb_2b,ods_a168_payment_order,dt,2,date,date,NO,StarRocks日分区日期：优先来源业务时间，无时间字段则同步当天
ods_mariadb_2b,ods_a168_payment_order,id,3,varchar,varchar(65533),YES,source_type=int(11); 流水號
ods_mariadb_2b,ods_a168_payment_order,ps_id,4,varchar,varchar(65533),YES,source_type=int(6); 第三方支付設定
ods_mariadb_2b,ods_a168_payment_order,orderId,5,varchar,varchar(65533),YES,source_type=varchar(50); 訂單編號
ods_mariadb_2b,ods_a168_payment_order,mid,6,varchar,varchar(65533),YES,source_type=int(20); 會員 mid
ods_mariadb_2b,ods_a168_payment_order,orderTime,7,varchar,varchar(65533),YES,source_type=timestamp; 訂單時間
ods_mariadb_2b,ods_a168_payment_order,paymentOrderId,8,varchar,varchar(65533),YES,source_type=varchar(50); 第三方支付訂單編號
ods_mariadb_2b,ods_a168_payment_order,currency,9,varchar,varchar(65533),YES,source_type=varchar(3); 幣別
ods_mariadb_2b,ods_a168_payment_order,amount,10,varchar,varchar(65533),YES,"source_type=decimal(16,4); 金額"
ods_mariadb_2b,ods_a168_payment_order,real_amount,11,varchar,varchar(65533),YES,"source_type=decimal(16,4); 實際交易金額"
ods_mariadb_2b,ods_a168_payment_order,fee,12,varchar,varchar(65533),YES,"source_type=decimal(16,4); 手續費"
ods_mariadb_2b,ods_a168_payment_order,fee_tax,13,varchar,varchar(65533),YES,"source_type=decimal(16,2); 手續費(%)"
ods_mariadb_2b,ods_a168_payment_order,status,14,varchar,varchar(65533),YES,"source_type=int(11); 0:未處理, 1:支付&加點成功, 2:支付成功;加點失敗, -1: 線上支付失敗, 999: 訂單處理中"
ods_mariadb_2b,ods_a168_payment_order,wallet_id,15,varchar,varchar(65533),YES,source_type=int(11); wallet_dtl 處理 id
ods_mariadb_2b,ods_a168_payment_order,iom_id,16,varchar,varchar(65533),YES,source_type=int(11); in_out_m 處理 id
ods_mariadb_2b,ods_a168_payment_order,cbtime,17,varchar,varchar(65533),YES,source_type=timestamp; 回call時間
ods_mariadb_2b,ods_a168_payment_order,ip,18,varchar,varchar(65533),YES,source_type=varchar(128); 會員 IP
ods_mariadb_2b,ods_a168_payment_order,remark,19,varchar,varchar(65533),YES,source_type=varchar(100); 備註
ods_mariadb_2b,ods_a168_payment_order,source_db,20,varchar,varchar(64),YES,来源库
ods_mariadb_2b,ods_a168_payment_order,source_table,21,varchar,varchar(128),YES,来源表
ods_mariadb_2b,ods_a168_payment_order,ods_table_name,22,varchar,varchar(256),YES,ODS表名
ods_mariadb_2b,ods_a168_payment_order,sync_time,23,datetime,datetime,YES,同步时间
ods_mariadb_2b,ods_a168_payment_platform,__source_pk,1,varchar,varchar(64),NO,源行唯一键：优先源主键/唯一键MD5，无主键则整行MD5
ods_mariadb_2b,ods_a168_payment_platform,dt,2,date,date,NO,StarRocks日分区日期：优先来源业务时间，无时间字段则同步当天
ods_mariadb_2b,ods_a168_payment_platform,id,3,varchar,varchar(65533),YES,source_type=int(11); 
ods_mariadb_2b,ods_a168_payment_platform,code,4,varchar,varchar(65533),YES,source_type=int(11); 代碼
ods_mariadb_2b,ods_a168_payment_platform,name,5,varchar,varchar(65533),YES,source_type=varchar(20); 支付平台名稱
ods_mariadb_2b,ods_a168_payment_platform,url,6,varchar,varchar(65533),YES,source_type=varchar(200); API網址
ods_mariadb_2b,ods_a168_payment_platform,queryURL,7,varchar,varchar(65533),YES,source_type=varchar(200); 訂單查詢網址
ods_mariadb_2b,ods_a168_payment_platform,return_url,8,varchar,varchar(65533),YES,source_type=varchar(200); 前端通知網址
ods_mariadb_2b,ods_a168_payment_platform,notice_url,9,varchar,varchar(65533),YES,source_type=varchar(200); 異步通知網址
ods_mariadb_2b,ods_a168_payment_platform,type,10,varchar,varchar(65533),YES,source_type=int(1); 類型 1:存 2:提
ods_mariadb_2b,ods_a168_payment_platform,status,11,varchar,varchar(65533),YES,source_type=int(1); 啟停用
ods_mariadb_2b,ods_a168_payment_platform,remark,12,varchar,varchar(65533),YES,source_type=varchar(20); 備註
ods_mariadb_2b,ods_a168_payment_platform,build_time,13,varchar,varchar(65533),YES,source_type=timestamp; 建立時間
ods_mariadb_2b,ods_a168_payment_platform,op_utp,14,varchar,varchar(65533),YES,source_type=varchar(1); 操作者utp
ods_mariadb_2b,ods_a168_payment_platform,op_level,15,varchar,varchar(65533),YES,source_type=int(11); 操作者層級
ods_mariadb_2b,ods_a168_payment_platform,op_mid,16,varchar,varchar(65533),YES,source_type=int(11); 操作者編號
ods_mariadb_2b,ods_a168_payment_platform,op_time,17,varchar,varchar(65533),YES,source_type=datetime; 操作時間
ods_mariadb_2b,ods_a168_payment_platform,op_ip,18,varchar,varchar(65533),YES,source_type=varchar(128); 操作者ip
ods_mariadb_2b,ods_a168_payment_platform,source_db,19,varchar,varchar(64),YES,来源库
ods_mariadb_2b,ods_a168_payment_platform,source_table,20,varchar,varchar(128),YES,来源表
ods_mariadb_2b,ods_a168_payment_platform,ods_table_name,21,varchar,varchar(256),YES,ODS表名
ods_mariadb_2b,ods_a168_payment_platform,sync_time,22,datetime,datetime,YES,同步时间
ods_mariadb_2b,ods_a168_payment_setting,__source_pk,1,varchar,varchar(64),NO,源行唯一键：优先源主键/唯一键MD5，无主键则整行MD5
ods_mariadb_2b,ods_a168_payment_setting,dt,2,date,date,NO,StarRocks日分区日期：优先来源业务时间，无时间字段则同步当天
ods_mariadb_2b,ods_a168_payment_setting,id,3,varchar,varchar(65533),YES,source_type=int(11); 
ods_mariadb_2b,ods_a168_payment_setting,code,4,varchar,varchar(65533),YES,source_type=int(11); 平台代碼
ods_mariadb_2b,ods_a168_payment_setting,lv_id,5,varchar,varchar(65533),YES,source_type=int(11); 
ods_mariadb_2b,ods_a168_payment_setting,pm_id,6,varchar,varchar(65533),YES,source_type=int(11); payment_method id
ods_mariadb_2b,ods_a168_payment_setting,name,7,varchar,varchar(65533),YES,source_type=varchar(20); 支付名稱
ods_mariadb_2b,ods_a168_payment_setting,currency,8,varchar,varchar(65533),YES,source_type=varchar(8); 幣別
ods_mariadb_2b,ods_a168_payment_setting,MerchantID,9,varchar,varchar(65533),YES,source_type=varchar(50); 商戶號
ods_mariadb_2b,ods_a168_payment_setting,MerchantKeyPub,10,varchar,varchar(1048576),YES,source_type=text; 商戶公鑰
ods_mariadb_2b,ods_a168_payment_setting,MerchantKey,11,varchar,varchar(1048576),YES,source_type=text; 商戶密鑰
ods_mariadb_2b,ods_a168_payment_setting,single_min,12,varchar,varchar(65533),YES,"source_type=decimal(16,2); 單筆最低金額"
ods_mariadb_2b,ods_a168_payment_setting,single_max,13,varchar,varchar(65533),YES,"source_type=decimal(16,2); 單筆最高金額"
ods_mariadb_2b,ods_a168_payment_setting,extra,14,varchar,varchar(1048576),YES,source_type=text; 其他資料 (json)
ods_mariadb_2b,ods_a168_payment_setting,status,15,varchar,varchar(65533),YES,source_type=int(1); 啟停用
ods_mariadb_2b,ods_a168_payment_setting,remark,16,varchar,varchar(65533),YES,source_type=varchar(20); 備註
ods_mariadb_2b,ods_a168_payment_setting,build_time,17,varchar,varchar(65533),YES,source_type=timestamp; 建立時間
ods_mariadb_2b,ods_a168_payment_setting,op_utp,18,varchar,varchar(65533),YES,source_type=varchar(1); 操作utp
ods_mariadb_2b,ods_a168_payment_setting,op_level,19,varchar,varchar(65533),YES,source_type=int(11); 操作者層級
ods_mariadb_2b,ods_a168_payment_setting,op_mid,20,varchar,varchar(65533),YES,source_type=int(11); 操作者編號
ods_mariadb_2b,ods_a168_payment_setting,op_time,21,varchar,varchar(65533),YES,source_type=datetime; 操作時間
ods_mariadb_2b,ods_a168_payment_setting,op_ip,22,varchar,varchar(65533),YES,source_type=varchar(128); 操作者ip
ods_mariadb_2b,ods_a168_payment_setting,source_db,23,varchar,varchar(64),YES,来源库
ods_mariadb_2b,ods_a168_payment_setting,source_table,24,varchar,varchar(128),YES,来源表
ods_mariadb_2b,ods_a168_payment_setting,ods_table_name,25,varchar,varchar(256),YES,ODS表名
ods_mariadb_2b,ods_a168_payment_setting,sync_time,26,datetime,datetime,YES,同步时间
ods_mariadb_2b,ods_a168_payment_type,__source_pk,1,varchar,varchar(64),NO,源行唯一键：优先源主键/唯一键MD5，无主键则整行MD5
ods_mariadb_2b,ods_a168_payment_type,dt,2,date,date,NO,StarRocks日分区日期：优先来源业务时间，无时间字段则同步当天
ods_mariadb_2b,ods_a168_payment_type,type,3,varchar,varchar(65533),YES,source_type=varchar(10); 
ods_mariadb_2b,ods_a168_payment_type,cnname,4,varchar,varchar(65533),YES,source_type=varchar(20); 
ods_mariadb_2b,ods_a168_payment_type,twname,5,varchar,varchar(65533),YES,source_type=varchar(20); 
ods_mariadb_2b,ods_a168_payment_type,enname,6,varchar,varchar(65533),YES,source_type=varchar(20); 
ods_mariadb_2b,ods_a168_payment_type,inname,7,varchar,varchar(65533),YES,source_type=varchar(20); 
ods_mariadb_2b,ods_a168_payment_type,janame,8,varchar,varchar(65533),YES,source_type=varchar(20); 
ods_mariadb_2b,ods_a168_payment_type,koname,9,varchar,varchar(65533),YES,source_type=varchar(20); 
ods_mariadb_2b,ods_a168_payment_type,thname,10,varchar,varchar(65533),YES,source_type=varchar(20); 
ods_mariadb_2b,ods_a168_payment_type,viname,11,varchar,varchar(65533),YES,source_type=varchar(20); 
ods_mariadb_2b,ods_a168_payment_type,hiname,12,varchar,varchar(65533),YES,source_type=varchar(20); 
ods_mariadb_2b,ods_a168_payment_type,msname,13,varchar,varchar(65533),YES,source_type=varchar(20); 
ods_mariadb_2b,ods_a168_payment_type,source_db,14,varchar,varchar(64),YES,来源库
ods_mariadb_2b,ods_a168_payment_type,source_table,15,varchar,varchar(128),YES,来源表
ods_mariadb_2b,ods_a168_payment_type,ods_table_name,16,varchar,varchar(256),YES,ODS表名
ods_mariadb_2b,ods_a168_payment_type,sync_time,17,datetime,datetime,YES,同步时间
ods_mariadb_2b,ods_a168_permissionrole,__source_pk,1,varchar,varchar(64),NO,源行唯一键：优先源主键/唯一键MD5，无主键则整行MD5
ods_mariadb_2b,ods_a168_permissionrole,dt,2,date,date,NO,StarRocks日分区日期：优先来源业务时间，无时间字段则同步当天
ods_mariadb_2b,ods_a168_permissionrole,roleid,3,varchar,varchar(65533),YES,source_type=int(11); t_roles id
ods_mariadb_2b,ods_a168_permissionrole,permissionid,4,varchar,varchar(65533),YES,source_type=int(11); t_permission id
ods_mariadb_2b,ods_a168_permissionrole,status,5,varchar,varchar(65533),YES,source_type=int(11); 0:禁用;1啟用
ods_mariadb_2b,ods_a168_permissionrole,lastmodifytime,6,varchar,varchar(65533),YES,source_type=timestamp; 最後修改時間
ods_mariadb_2b,ods_a168_permissionrole,source_db,7,varchar,varchar(64),YES,来源库
ods_mariadb_2b,ods_a168_permissionrole,source_table,8,varchar,varchar(128),YES,来源表
ods_mariadb_2b,ods_a168_permissionrole,ods_table_name,9,varchar,varchar(256),YES,ODS表名
ods_mariadb_2b,ods_a168_permissionrole,sync_time,10,datetime,datetime,YES,同步时间
ods_mariadb_2b,ods_a168_permissions,__source_pk,1,varchar,varchar(64),NO,源行唯一键：优先源主键/唯一键MD5，无主键则整行MD5
ods_mariadb_2b,ods_a168_permissions,dt,2,date,date,NO,StarRocks日分区日期：优先来源业务时间，无时间字段则同步当天
ods_mariadb_2b,ods_a168_permissions,id,3,varchar,varchar(65533),YES,source_type=int(11); 
ods_mariadb_2b,ods_a168_permissions,permissiongroupid,4,varchar,varchar(65533),YES,source_type=int(11); t_permissions_group id
ods_mariadb_2b,ods_a168_permissions,name,5,varchar,varchar(65533),YES,source_type=varchar(50); 權限名稱
ods_mariadb_2b,ods_a168_permissions,status,6,varchar,varchar(65533),YES,source_type=int(11); 是否啟用 0:禁止;1:啟用
ods_mariadb_2b,ods_a168_permissions,mobilestatus,7,varchar,varchar(65533),YES,source_type=int(11); 手機板開關
ods_mariadb_2b,ods_a168_permissions,displayname,8,varchar,varchar(65533),YES,source_type=varchar(50); 顯示權限名稱
ods_mariadb_2b,ods_a168_permissions,ordered,9,varchar,varchar(65533),YES,source_type=int(11); 顯示的順序
ods_mariadb_2b,ods_a168_permissions,url,10,varchar,varchar(65533),YES,source_type=varchar(50); 程式連結
ods_mariadb_2b,ods_a168_permissions,lastmodifytime,11,varchar,varchar(65533),YES,source_type=timestamp; 最後修改時間
ods_mariadb_2b,ods_a168_permissions,allow_control,12,varchar,varchar(65533),YES,"source_type=varchar(128); 只開放的管理帳號id (123,456)"
ods_mariadb_2b,ods_a168_permissions,source_db,13,varchar,varchar(64),YES,来源库
ods_mariadb_2b,ods_a168_permissions,source_table,14,varchar,varchar(128),YES,来源表
ods_mariadb_2b,ods_a168_permissions,ods_table_name,15,varchar,varchar(256),YES,ODS表名
ods_mariadb_2b,ods_a168_permissions,sync_time,16,datetime,datetime,YES,同步时间
ods_mariadb_2b,ods_a168_permissionsPage,__source_pk,1,varchar,varchar(64),NO,源行唯一键：优先源主键/唯一键MD5，无主键则整行MD5
ods_mariadb_2b,ods_a168_permissionsPage,dt,2,date,date,NO,StarRocks日分区日期：优先来源业务时间，无时间字段则同步当天
ods_mariadb_2b,ods_a168_permissionsPage,id,3,varchar,varchar(65533),YES,source_type=int(3); 
ods_mariadb_2b,ods_a168_permissionsPage,page,4,varchar,varchar(65533),YES,source_type=varchar(50); 頁面 url
ods_mariadb_2b,ods_a168_permissionsPage,pageName,5,varchar,varchar(65533),YES,source_type=varchar(12); 頁面名稱
ods_mariadb_2b,ods_a168_permissionsPage,element,6,varchar,varchar(65533),YES,source_type=varchar(32); 綁定的 element name
ods_mariadb_2b,ods_a168_permissionsPage,elementName,7,varchar,varchar(65533),YES,source_type=varchar(12); 顯示名稱 (吃語系)
ods_mariadb_2b,ods_a168_permissionsPage,status,8,varchar,varchar(65533),YES,"source_type=enum(''Y'',''N''); 預設開關"
ods_mariadb_2b,ods_a168_permissionsPage,source_db,9,varchar,varchar(64),YES,来源库
ods_mariadb_2b,ods_a168_permissionsPage,source_table,10,varchar,varchar(128),YES,来源表
ods_mariadb_2b,ods_a168_permissionsPage,ods_table_name,11,varchar,varchar(256),YES,ODS表名
ods_mariadb_2b,ods_a168_permissionsPage,sync_time,12,datetime,datetime,YES,同步时间
ods_mariadb_2b,ods_a168_permissionsPageRoles,__source_pk,1,varchar,varchar(64),NO,源行唯一键：优先源主键/唯一键MD5，无主键则整行MD5
ods_mariadb_2b,ods_a168_permissionsPageRoles,dt,2,date,date,NO,StarRocks日分区日期：优先来源业务时间，无时间字段则同步当天
ods_mariadb_2b,ods_a168_permissionsPageRoles,id,3,varchar,varchar(65533),YES,source_type=int(11); 
ods_mariadb_2b,ods_a168_permissionsPageRoles,rolesId,4,varchar,varchar(65533),YES,source_type=int(3); 
ods_mariadb_2b,ods_a168_permissionsPageRoles,pageId,5,varchar,varchar(65533),YES,source_type=int(5); 
ods_mariadb_2b,ods_a168_permissionsPageRoles,status,6,varchar,varchar(65533),YES,"source_type=enum(''Y'',''N''); 啟/停用"
ods_mariadb_2b,ods_a168_permissionsPageRoles,source_db,7,varchar,varchar(64),YES,来源库
ods_mariadb_2b,ods_a168_permissionsPageRoles,source_table,8,varchar,varchar(128),YES,来源表
ods_mariadb_2b,ods_a168_permissionsPageRoles,ods_table_name,9,varchar,varchar(256),YES,ODS表名
ods_mariadb_2b,ods_a168_permissionsPageRoles,sync_time,10,datetime,datetime,YES,同步时间
ods_mariadb_2b,ods_a168_permissionsgroup,__source_pk,1,varchar,varchar(64),NO,源行唯一键：优先源主键/唯一键MD5，无主键则整行MD5
ods_mariadb_2b,ods_a168_permissionsgroup,dt,2,date,date,NO,StarRocks日分区日期：优先来源业务时间，无时间字段则同步当天
ods_mariadb_2b,ods_a168_permissionsgroup,id,3,varchar,varchar(65533),YES,source_type=int(11); 
ods_mariadb_2b,ods_a168_permissionsgroup,name,4,varchar,varchar(65533),YES,source_type=varchar(50); 權限群組名稱
ods_mariadb_2b,ods_a168_permissionsgroup,status,5,varchar,varchar(65533),YES,source_type=int(11); 是否啟用 0:禁止;1:啟用
ods_mariadb_2b,ods_a168_permissionsgroup,displayname,6,varchar,varchar(65533),YES,source_type=varchar(50); 顯示權限群組名稱
ods_mariadb_2b,ods_a168_permissionsgroup,ordered,7,varchar,varchar(65533),YES,source_type=int(11); 排序
ods_mariadb_2b,ods_a168_permissionsgroup,lastmodifytime,8,varchar,varchar(65533),YES,source_type=timestamp; 
ods_mariadb_2b,ods_a168_permissionsgroup,icon,9,varchar,varchar(65533),YES,source_type=varchar(30); 圖示
ods_mariadb_2b,ods_a168_permissionsgroup,source_db,10,varchar,varchar(64),YES,来源库
ods_mariadb_2b,ods_a168_permissionsgroup,source_table,11,varchar,varchar(128),YES,来源表
ods_mariadb_2b,ods_a168_permissionsgroup,ods_table_name,12,varchar,varchar(256),YES,ODS表名
ods_mariadb_2b,ods_a168_permissionsgroup,sync_time,13,datetime,datetime,YES,同步时间
ods_mariadb_2b,ods_a168_play_set,__source_pk,1,varchar,varchar(64),NO,源行唯一键：优先源主键/唯一键MD5，无主键则整行MD5
ods_mariadb_2b,ods_a168_play_set,dt,2,date,date,NO,StarRocks日分区日期：优先来源业务时间，无时间字段则同步当天
ods_mariadb_2b,ods_a168_play_set,ps001,3,varchar,varchar(65533),YES,source_type=int(11); id
ods_mariadb_2b,ods_a168_play_set,ps002,4,varchar,varchar(65533),YES,source_type=int(11); 類別
ods_mariadb_2b,ods_a168_play_set,ps003,5,varchar,varchar(65533),YES,"source_type=decimal(16,2); 退水"
ods_mariadb_2b,ods_a168_play_set,ps004,6,varchar,varchar(65533),YES,source_type=int(11); 最小押分
ods_mariadb_2b,ods_a168_play_set,ps005,7,varchar,varchar(65533),YES,source_type=int(11); 最大押分
ods_mariadb_2b,ods_a168_play_set,ps006,8,varchar,varchar(65533),YES,source_type=int(11); 押分倍數
ods_mariadb_2b,ods_a168_play_set,ps007,9,varchar,varchar(65533),YES,source_type=int(11); 最大押分02
ods_mariadb_2b,ods_a168_play_set,ps008,10,varchar,varchar(65533),YES,source_type=int(11); 最大押分03
ods_mariadb_2b,ods_a168_play_set,ps009,11,varchar,varchar(65533),YES,source_type=int(11); 最大押分04
ods_mariadb_2b,ods_a168_play_set,ps010,12,varchar,varchar(65533),YES,source_type=int(11); 最大押分05
ods_mariadb_2b,ods_a168_play_set,ps011,13,varchar,varchar(65533),YES,source_type=int(11); 最大押分06
ods_mariadb_2b,ods_a168_play_set,displayname,14,varchar,varchar(65533),YES,source_type=varchar(50); 遊戲顯示名
ods_mariadb_2b,ods_a168_play_set,source_db,15,varchar,varchar(64),YES,来源库
ods_mariadb_2b,ods_a168_play_set,source_table,16,varchar,varchar(128),YES,来源表
ods_mariadb_2b,ods_a168_play_set,ods_table_name,17,varchar,varchar(256),YES,ODS表名
ods_mariadb_2b,ods_a168_play_set,sync_time,18,datetime,datetime,YES,同步时间
ods_mariadb_2b,ods_a168_realtimebet,__source_pk,1,varchar,varchar(64),NO,源行唯一键：优先源主键/唯一键MD5，无主键则整行MD5
ods_mariadb_2b,ods_a168_realtimebet,dt,2,date,date,NO,StarRocks日分区日期：优先来源业务时间，无时间字段则同步当天
ods_mariadb_2b,ods_a168_realtimebet,rtb01,3,varchar,varchar(65533),YES,source_type=int(11); mid
ods_mariadb_2b,ods_a168_realtimebet,rtb02,4,varchar,varchar(65533),YES,source_type=int(11); gid
ods_mariadb_2b,ods_a168_realtimebet,rtb03,5,varchar,varchar(65533),YES,source_type=int(11); 場次
ods_mariadb_2b,ods_a168_realtimebet,rtb04,6,varchar,varchar(65533),YES,source_type=int(11); 子場次
ods_mariadb_2b,ods_a168_realtimebet,rtb05,7,varchar,varchar(65533),YES,source_type=int(11); 桌號
ods_mariadb_2b,ods_a168_realtimebet,rtb06,8,varchar,varchar(65533),YES,source_type=varchar(20); IP
ods_mariadb_2b,ods_a168_realtimebet,rtb07,9,varchar,varchar(65533),YES,source_type=datetime; 登入時間
ods_mariadb_2b,ods_a168_realtimebet,rtb08,10,varchar,varchar(65533),YES,"source_type=decimal(15,2); 下注金額"
ods_mariadb_2b,ods_a168_realtimebet,rtb09,11,varchar,varchar(65533),YES,source_type=varchar(500); 下注內容
ods_mariadb_2b,ods_a168_realtimebet,rtb10,12,varchar,varchar(65533),YES,"source_type=decimal(15,4); 目前額度"
ods_mariadb_2b,ods_a168_realtimebet,rtb11,13,varchar,varchar(1048576),YES,source_type=text; user_agent
ods_mariadb_2b,ods_a168_realtimebet,rtb12,14,varchar,varchar(65533),YES,source_type=int(11); 連續未下注次數
ods_mariadb_2b,ods_a168_realtimebet,source_db,15,varchar,varchar(64),YES,来源库
ods_mariadb_2b,ods_a168_realtimebet,source_table,16,varchar,varchar(128),YES,来源表
ods_mariadb_2b,ods_a168_realtimebet,ods_table_name,17,varchar,varchar(256),YES,ODS表名
ods_mariadb_2b,ods_a168_realtimebet,sync_time,18,datetime,datetime,YES,同步时间
ods_mariadb_2b,ods_a168_realtimelobby,__source_pk,1,varchar,varchar(64),NO,源行唯一键：优先源主键/唯一键MD5，无主键则整行MD5
ods_mariadb_2b,ods_a168_realtimelobby,dt,2,date,date,NO,StarRocks日分区日期：优先来源业务时间，无时间字段则同步当天
ods_mariadb_2b,ods_a168_realtimelobby,rtl01,3,varchar,varchar(65533),YES,source_type=int(11); mid
ods_mariadb_2b,ods_a168_realtimelobby,rtl02,4,varchar,varchar(65533),YES,source_type=varchar(20); IP
ods_mariadb_2b,ods_a168_realtimelobby,rtl03,5,varchar,varchar(65533),YES,source_type=datetime; 登入時間
ods_mariadb_2b,ods_a168_realtimelobby,rtl04,6,varchar,varchar(65533),YES,"source_type=decimal(15,2); 目前額度"
ods_mariadb_2b,ods_a168_realtimelobby,rtl05,7,varchar,varchar(1048576),YES,source_type=text; user_agent
ods_mariadb_2b,ods_a168_realtimelobby,rtl06,8,varchar,varchar(65533),YES,source_type=varchar(36); 主機識別編號
ods_mariadb_2b,ods_a168_realtimelobby,source_db,9,varchar,varchar(64),YES,来源库
ods_mariadb_2b,ods_a168_realtimelobby,source_table,10,varchar,varchar(128),YES,来源表
ods_mariadb_2b,ods_a168_realtimelobby,ods_table_name,11,varchar,varchar(256),YES,ODS表名
ods_mariadb_2b,ods_a168_realtimelobby,sync_time,12,datetime,datetime,YES,同步时间
ods_mariadb_2b,ods_a168_realtimelog,__source_pk,1,varchar,varchar(64),NO,源行唯一键：优先源主键/唯一键MD5，无主键则整行MD5
ods_mariadb_2b,ods_a168_realtimelog,dt,2,date,date,NO,StarRocks日分区日期：优先来源业务时间，无时间字段则同步当天
ods_mariadb_2b,ods_a168_realtimelog,id,3,varchar,varchar(65533),YES,source_type=int(11); 
ods_mariadb_2b,ods_a168_realtimelog,total,4,varchar,varchar(65533),YES,source_type=int(11); 
ods_mariadb_2b,ods_a168_realtimelog,gameTotal,5,varchar,varchar(1048576),YES,source_type=text; 遊戲總人數
ods_mariadb_2b,ods_a168_realtimelog,currencyTotal,6,varchar,varchar(1048576),YES,source_type=text; 幣別總人數
ods_mariadb_2b,ods_a168_realtimelog,reset,7,varchar,varchar(65533),YES,source_type=int(11); 
ods_mariadb_2b,ods_a168_realtimelog,cancel,8,varchar,varchar(65533),YES,source_type=int(11); 
ods_mariadb_2b,ods_a168_realtimelog,betmember,9,varchar,varchar(65533),YES,source_type=int(11); 本日累計投注人數
ods_mariadb_2b,ods_a168_realtimelog,betamount,10,varchar,varchar(65533),YES,"source_type=decimal(11,2); 本日累計投注金額"
ods_mariadb_2b,ods_a168_realtimelog,time,11,varchar,varchar(65533),YES,source_type=datetime; 
ods_mariadb_2b,ods_a168_realtimelog,source_db,12,varchar,varchar(64),YES,来源库
ods_mariadb_2b,ods_a168_realtimelog,source_table,13,varchar,varchar(128),YES,来源表
ods_mariadb_2b,ods_a168_realtimelog,ods_table_name,14,varchar,varchar(256),YES,ODS表名
ods_mariadb_2b,ods_a168_realtimelog,sync_time,15,datetime,datetime,YES,同步时间
ods_mariadb_2b,ods_a168_risklist,__source_pk,1,varchar,varchar(64),NO,源行唯一键：优先源主键/唯一键MD5，无主键则整行MD5
ods_mariadb_2b,ods_a168_risklist,dt,2,date,date,NO,StarRocks日分区日期：优先来源业务时间，无时间字段则同步当天
ods_mariadb_2b,ods_a168_risklist,bet01,3,varchar,varchar(65533),YES,source_type=bigint(20); 注單編號
ods_mariadb_2b,ods_a168_risklist,op,4,varchar,varchar(65533),YES,source_type=int(11); 操作者(管理員)
ods_mariadb_2b,ods_a168_risklist,optime,5,varchar,varchar(65533),YES,source_type=datetime; 操作時間
ods_mariadb_2b,ods_a168_risklist,source_db,6,varchar,varchar(64),YES,来源库
ods_mariadb_2b,ods_a168_risklist,source_table,7,varchar,varchar(128),YES,来源表
ods_mariadb_2b,ods_a168_risklist,ods_table_name,8,varchar,varchar(256),YES,ODS表名
ods_mariadb_2b,ods_a168_risklist,sync_time,9,datetime,datetime,YES,同步时间
ods_mariadb_2b,ods_a168_roles,__source_pk,1,varchar,varchar(64),NO,源行唯一键：优先源主键/唯一键MD5，无主键则整行MD5
ods_mariadb_2b,ods_a168_roles,dt,2,date,date,NO,StarRocks日分区日期：优先来源业务时间，无时间字段则同步当天
ods_mariadb_2b,ods_a168_roles,id,3,varchar,varchar(65533),YES,source_type=int(11); 
ods_mariadb_2b,ods_a168_roles,name,4,varchar,varchar(65533),YES,source_type=varchar(50); 角色名稱
ods_mariadb_2b,ods_a168_roles,displayname,5,varchar,varchar(65533),YES,source_type=varchar(50); 顯示的名稱
ods_mariadb_2b,ods_a168_roles,lastmodifytime,6,varchar,varchar(65533),YES,source_type=timestamp; 
ods_mariadb_2b,ods_a168_roles,source_db,7,varchar,varchar(64),YES,来源库
ods_mariadb_2b,ods_a168_roles,source_table,8,varchar,varchar(128),YES,来源表
ods_mariadb_2b,ods_a168_roles,ods_table_name,9,varchar,varchar(256),YES,ODS表名
ods_mariadb_2b,ods_a168_roles,sync_time,10,datetime,datetime,YES,同步时间
ods_mariadb_2b,ods_a168_shuffle_gid,__source_pk,1,varchar,varchar(64),NO,源行唯一键：优先源主键/唯一键MD5，无主键则整行MD5
ods_mariadb_2b,ods_a168_shuffle_gid,dt,2,date,date,NO,StarRocks日分区日期：优先来源业务时间，无时间字段则同步当天
ods_mariadb_2b,ods_a168_shuffle_gid,gid,3,varchar,varchar(65533),YES,source_type=int(11); 
ods_mariadb_2b,ods_a168_shuffle_gid,name,4,varchar,varchar(65533),YES,source_type=varchar(100); 
ods_mariadb_2b,ods_a168_shuffle_gid,source_db,5,varchar,varchar(64),YES,来源库
ods_mariadb_2b,ods_a168_shuffle_gid,source_table,6,varchar,varchar(128),YES,来源表
ods_mariadb_2b,ods_a168_shuffle_gid,ods_table_name,7,varchar,varchar(256),YES,ODS表名
ods_mariadb_2b,ods_a168_shuffle_gid,sync_time,8,datetime,datetime,YES,同步时间
ods_mariadb_2b,ods_a168_shuffle_info,__source_pk,1,varchar,varchar(64),NO,源行唯一键：优先源主键/唯一键MD5，无主键则整行MD5
ods_mariadb_2b,ods_a168_shuffle_info,dt,2,date,date,NO,StarRocks日分区日期：优先来源业务时间，无时间字段则同步当天
ods_mariadb_2b,ods_a168_shuffle_info,id,3,varchar,varchar(65533),YES,source_type=bigint(20); 
ods_mariadb_2b,ods_a168_shuffle_info,roomTable,4,varchar,varchar(65533),YES,source_type=varchar(20); 
ods_mariadb_2b,ods_a168_shuffle_info,addtime,5,varchar,varchar(65533),YES,source_type=datetime; 
ods_mariadb_2b,ods_a168_shuffle_info,status,6,varchar,varchar(65533),YES,source_type=int(11); 0:洗牌中 1:可上桌 2:上桌中 3:已上桌 4:已完成
ods_mariadb_2b,ods_a168_shuffle_info,gid,7,varchar,varchar(65533),YES,source_type=int(11); 
ods_mariadb_2b,ods_a168_shuffle_info,tableid,8,varchar,varchar(65533),YES,source_type=int(11); 
ods_mariadb_2b,ods_a168_shuffle_info,frequency,9,varchar,varchar(65533),YES,source_type=int(11); 
ods_mariadb_2b,ods_a168_shuffle_info,log,10,varchar,varchar(1048576),YES,source_type=text; 
ods_mariadb_2b,ods_a168_shuffle_info,shoe,11,varchar,varchar(65533),YES,source_type=varchar(20); 
ods_mariadb_2b,ods_a168_shuffle_info,shoeTime,12,varchar,varchar(65533),YES,source_type=datetime; 
ods_mariadb_2b,ods_a168_shuffle_info,shuffler1,13,varchar,varchar(65533),YES,source_type=varchar(20); 
ods_mariadb_2b,ods_a168_shuffle_info,shuffler1Time,14,varchar,varchar(65533),YES,source_type=datetime; 
ods_mariadb_2b,ods_a168_shuffle_info,sup1,15,varchar,varchar(65533),YES,source_type=varchar(20); 
ods_mariadb_2b,ods_a168_shuffle_info,sup1Time,16,varchar,varchar(65533),YES,source_type=datetime; 
ods_mariadb_2b,ods_a168_shuffle_info,shuffler2,17,varchar,varchar(65533),YES,source_type=varchar(20); 
ods_mariadb_2b,ods_a168_shuffle_info,shuffler2Time,18,varchar,varchar(65533),YES,source_type=datetime; 
ods_mariadb_2b,ods_a168_shuffle_info,sup2,19,varchar,varchar(65533),YES,source_type=varchar(20); 
ods_mariadb_2b,ods_a168_shuffle_info,sup2Time,20,varchar,varchar(65533),YES,source_type=datetime; 
ods_mariadb_2b,ods_a168_shuffle_info,style,21,varchar,varchar(65533),YES,source_type=varchar(10); 
ods_mariadb_2b,ods_a168_shuffle_info,styleTime,22,varchar,varchar(65533),YES,source_type=datetime; 
ods_mariadb_2b,ods_a168_shuffle_info,supCheckIn,23,varchar,varchar(65533),YES,source_type=varchar(20); 
ods_mariadb_2b,ods_a168_shuffle_info,supCheckInTime,24,varchar,varchar(65533),YES,source_type=datetime; 
ods_mariadb_2b,ods_a168_shuffle_info,dealerCheckIn,25,varchar,varchar(65533),YES,source_type=varchar(20); 
ods_mariadb_2b,ods_a168_shuffle_info,dealerCheckInTime,26,varchar,varchar(65533),YES,source_type=datetime; 
ods_mariadb_2b,ods_a168_shuffle_info,supCheckOut,27,varchar,varchar(65533),YES,source_type=varchar(20); 
ods_mariadb_2b,ods_a168_shuffle_info,supCheckOutTime,28,varchar,varchar(65533),YES,source_type=datetime; 
ods_mariadb_2b,ods_a168_shuffle_info,dealerCheckOut,29,varchar,varchar(65533),YES,source_type=varchar(20); 
ods_mariadb_2b,ods_a168_shuffle_info,dealerCheckOutTime,30,varchar,varchar(65533),YES,source_type=datetime; 
ods_mariadb_2b,ods_a168_shuffle_info,source_db,31,varchar,varchar(64),YES,来源库
ods_mariadb_2b,ods_a168_shuffle_info,source_table,32,varchar,varchar(128),YES,来源表
ods_mariadb_2b,ods_a168_shuffle_info,ods_table_name,33,varchar,varchar(256),YES,ODS表名
ods_mariadb_2b,ods_a168_shuffle_info,sync_time,34,datetime,datetime,YES,同步时间
ods_mariadb_2b,ods_a168_site,__source_pk,1,varchar,varchar(64),NO,源行唯一键：优先源主键/唯一键MD5，无主键则整行MD5
ods_mariadb_2b,ods_a168_site,dt,2,date,date,NO,StarRocks日分区日期：优先来源业务时间，无时间字段则同步当天
ods_mariadb_2b,ods_a168_site,sn,3,varchar,varchar(65533),YES,source_type=int(11); 
ods_mariadb_2b,ods_a168_site,value,4,varchar,varchar(65533),YES,source_type=varchar(50); 
ods_mariadb_2b,ods_a168_site,source_db,5,varchar,varchar(64),YES,来源库
ods_mariadb_2b,ods_a168_site,source_table,6,varchar,varchar(128),YES,来源表
ods_mariadb_2b,ods_a168_site,ods_table_name,7,varchar,varchar(256),YES,ODS表名
ods_mariadb_2b,ods_a168_site,sync_time,8,datetime,datetime,YES,同步时间
ods_mariadb_2b,ods_a168_sms_setting,__source_pk,1,varchar,varchar(64),NO,源行唯一键：优先源主键/唯一键MD5，无主键则整行MD5
ods_mariadb_2b,ods_a168_sms_setting,dt,2,date,date,NO,StarRocks日分区日期：优先来源业务时间，无时间字段则同步当天
ods_mariadb_2b,ods_a168_sms_setting,id,3,varchar,varchar(65533),YES,source_type=int(11); 編號
ods_mariadb_2b,ods_a168_sms_setting,name,4,varchar,varchar(65533),YES,source_type=varchar(20); 名稱
ods_mariadb_2b,ods_a168_sms_setting,code,5,varchar,varchar(65533),YES,source_type=varchar(10); 代碼
ods_mariadb_2b,ods_a168_sms_setting,username,6,varchar,varchar(65533),YES,source_type=varchar(20); 帳號
ods_mariadb_2b,ods_a168_sms_setting,password,7,varchar,varchar(65533),YES,source_type=varchar(20); 密碼
ods_mariadb_2b,ods_a168_sms_setting,apikey,8,varchar,varchar(65533),YES,source_type=varchar(50); api key
ods_mariadb_2b,ods_a168_sms_setting,content,9,varchar,varchar(65533),YES,source_type=varchar(1000); 傳送文本內容
ods_mariadb_2b,ods_a168_sms_setting,length,10,varchar,varchar(65533),YES,source_type=int(2); 驗證碼長度
ods_mariadb_2b,ods_a168_sms_setting,format,11,varchar,varchar(65533),YES,source_type=int(1); 驗證碼的格式 1:英文+數字 2:英文 3:數字
ods_mariadb_2b,ods_a168_sms_setting,expireTime,12,varchar,varchar(65533),YES,source_type=int(4); 驗證碼有效時間
ods_mariadb_2b,ods_a168_sms_setting,limitTime,13,varchar,varchar(65533),YES,"source_type=int(4); 時間內不可重新發送的秒數, 0:不限制"
ods_mariadb_2b,ods_a168_sms_setting,noticeNumber,14,varchar,varchar(65533),YES,source_type=varchar(20); 接收提醒號碼
ods_mariadb_2b,ods_a168_sms_setting,noticeBalance,15,varchar,varchar(65533),YES,"source_type=decimal(4,2); 提醒餘額"
ods_mariadb_2b,ods_a168_sms_setting,source_db,16,varchar,varchar(64),YES,来源库
ods_mariadb_2b,ods_a168_sms_setting,source_table,17,varchar,varchar(128),YES,来源表
ods_mariadb_2b,ods_a168_sms_setting,ods_table_name,18,varchar,varchar(256),YES,ODS表名
ods_mariadb_2b,ods_a168_sms_setting,sync_time,19,datetime,datetime,YES,同步时间
ods_mariadb_2b,ods_a168_stream,__source_pk,1,varchar,varchar(64),NO,源行唯一键：优先源主键/唯一键MD5，无主键则整行MD5
ods_mariadb_2b,ods_a168_stream,dt,2,date,date,NO,StarRocks日分区日期：优先来源业务时间，无时间字段则同步当天
ods_mariadb_2b,ods_a168_stream,id,3,varchar,varchar(65533),YES,source_type=int(11); 
ods_mariadb_2b,ods_a168_stream,secretKey,4,varchar,varchar(65533),YES,source_type=varchar(50); 
ods_mariadb_2b,ods_a168_stream,validitySecond,5,varchar,varchar(65533),YES,source_type=int(11); 
ods_mariadb_2b,ods_a168_stream,source_db,6,varchar,varchar(64),YES,来源库
ods_mariadb_2b,ods_a168_stream,source_table,7,varchar,varchar(128),YES,来源表
ods_mariadb_2b,ods_a168_stream,ods_table_name,8,varchar,varchar(256),YES,ODS表名
ods_mariadb_2b,ods_a168_stream,sync_time,9,datetime,datetime,YES,同步时间
ods_mariadb_2b,ods_a168_subagent_permissionrole,__source_pk,1,varchar,varchar(64),NO,源行唯一键：优先源主键/唯一键MD5，无主键则整行MD5
ods_mariadb_2b,ods_a168_subagent_permissionrole,dt,2,date,date,NO,StarRocks日分区日期：优先来源业务时间，无时间字段则同步当天
ods_mariadb_2b,ods_a168_subagent_permissionrole,id,3,varchar,varchar(65533),YES,source_type=int(11); id
ods_mariadb_2b,ods_a168_subagent_permissionrole,permissionid,4,varchar,varchar(65533),YES,source_type=int(11); t_permission id
ods_mariadb_2b,ods_a168_subagent_permissionrole,status,5,varchar,varchar(65533),YES,source_type=int(11); 0:禁用;1啟用
ods_mariadb_2b,ods_a168_subagent_permissionrole,lv1,6,varchar,varchar(65533),YES,source_type=bit(1); 
ods_mariadb_2b,ods_a168_subagent_permissionrole,lv2,7,varchar,varchar(65533),YES,source_type=bit(1); 
ods_mariadb_2b,ods_a168_subagent_permissionrole,lv3,8,varchar,varchar(65533),YES,source_type=bit(1); 
ods_mariadb_2b,ods_a168_subagent_permissionrole,lv4,9,varchar,varchar(65533),YES,source_type=bit(1); 
ods_mariadb_2b,ods_a168_subagent_permissionrole,lv5,10,varchar,varchar(65533),YES,source_type=bit(1); 
ods_mariadb_2b,ods_a168_subagent_permissionrole,lastmodifytime,11,varchar,varchar(65533),YES,source_type=timestamp; 最後修改時間
ods_mariadb_2b,ods_a168_subagent_permissionrole,source_db,12,varchar,varchar(64),YES,来源库
ods_mariadb_2b,ods_a168_subagent_permissionrole,source_table,13,varchar,varchar(128),YES,来源表
ods_mariadb_2b,ods_a168_subagent_permissionrole,ods_table_name,14,varchar,varchar(256),YES,ODS表名
ods_mariadb_2b,ods_a168_subagent_permissionrole,sync_time,15,datetime,datetime,YES,同步时间
ods_mariadb_2b,ods_a168_symbol,__source_pk,1,varchar,varchar(64),NO,源行唯一键：优先源主键/唯一键MD5，无主键则整行MD5
ods_mariadb_2b,ods_a168_symbol,dt,2,date,date,NO,StarRocks日分区日期：优先来源业务时间，无时间字段则同步当天
ods_mariadb_2b,ods_a168_symbol,id,3,varchar,varchar(65533),YES,source_type=int(11); 
ods_mariadb_2b,ods_a168_symbol,code,4,varchar,varchar(65533),YES,source_type=varchar(15); 
ods_mariadb_2b,ods_a168_symbol,name,5,varchar,varchar(65533),YES,source_type=varchar(20); 
ods_mariadb_2b,ods_a168_symbol,path,6,varchar,varchar(65533),YES,source_type=varchar(50); 
ods_mariadb_2b,ods_a168_symbol,filename,7,varchar,varchar(65533),YES,source_type=varchar(50); 
ods_mariadb_2b,ods_a168_symbol,source_db,8,varchar,varchar(64),YES,来源库
ods_mariadb_2b,ods_a168_symbol,source_table,9,varchar,varchar(128),YES,来源表
ods_mariadb_2b,ods_a168_symbol,ods_table_name,10,varchar,varchar(256),YES,ODS表名
ods_mariadb_2b,ods_a168_symbol,sync_time,11,datetime,datetime,YES,同步时间
ods_mariadb_2b,ods_a168_tablelimit,__source_pk,1,varchar,varchar(64),NO,源行唯一键：优先源主键/唯一键MD5，无主键则整行MD5
ods_mariadb_2b,ods_a168_tablelimit,dt,2,date,date,NO,StarRocks日分区日期：优先来源业务时间，无时间字段则同步当天
ods_mariadb_2b,ods_a168_tablelimit,sn,3,varchar,varchar(65533),YES,source_type=int(5); 
ods_mariadb_2b,ods_a168_tablelimit,gid,4,varchar,varchar(65533),YES,source_type=int(3); 
ods_mariadb_2b,ods_a168_tablelimit,tableid,5,varchar,varchar(65533),YES,source_type=int(3); 
ods_mariadb_2b,ods_a168_tablelimit,netgroupname,6,varchar,varchar(65533),YES,source_type=varchar(50); 
ods_mariadb_2b,ods_a168_tablelimit,telgroupname,7,varchar,varchar(65533),YES,source_type=varchar(50); 
ods_mariadb_2b,ods_a168_tablelimit,tablename,8,varchar,varchar(65533),YES,source_type=varchar(50); 
ods_mariadb_2b,ods_a168_tablelimit,setvalue,9,varchar,varchar(65533),YES,source_type=int(25); 
ods_mariadb_2b,ods_a168_tablelimit,alertvalue,10,varchar,varchar(65533),YES,source_type=int(25); 告警數值
ods_mariadb_2b,ods_a168_tablelimit,minbet,11,varchar,varchar(65533),YES,source_type=int(11); 最小下注(電投用)
ods_mariadb_2b,ods_a168_tablelimit,maxbet,12,varchar,varchar(65533),YES,source_type=int(11); 最大下注(電投用)
ods_mariadb_2b,ods_a168_tablelimit,tieminbet,13,varchar,varchar(65533),YES,source_type=int(11); 
ods_mariadb_2b,ods_a168_tablelimit,tiemaxbet,14,varchar,varchar(65533),YES,source_type=int(11); 
ods_mariadb_2b,ods_a168_tablelimit,pairminbet,15,varchar,varchar(65533),YES,source_type=int(11); 
ods_mariadb_2b,ods_a168_tablelimit,pairmaxbet,16,varchar,varchar(65533),YES,source_type=int(11); 
ods_mariadb_2b,ods_a168_tablelimit,modifyname,17,varchar,varchar(65533),YES,source_type=varchar(25); 
ods_mariadb_2b,ods_a168_tablelimit,modifydate,18,varchar,varchar(65533),YES,source_type=datetime; 
ods_mariadb_2b,ods_a168_tablelimit,tabletype,19,varchar,varchar(65533),YES,source_type=int(3); 桌子類型
ods_mariadb_2b,ods_a168_tablelimit,bettime,20,varchar,varchar(65533),YES,source_type=int(3); 下注時間
ods_mariadb_2b,ods_a168_tablelimit,stinttime,21,varchar,varchar(65533),YES,source_type=int(3); 限制時間
ods_mariadb_2b,ods_a168_tablelimit,status,22,varchar,varchar(65533),YES,"source_type=int(1); 状态.0暂停,1正常"
ods_mariadb_2b,ods_a168_tablelimit,status_lock,23,varchar,varchar(65533),YES,source_type=tinyint(1); 開關鎖
ods_mariadb_2b,ods_a168_tablelimit,nettype,24,varchar,varchar(65533),YES,source_type=int(3); 0關1不可下2可下
ods_mariadb_2b,ods_a168_tablelimit,teltype,25,varchar,varchar(65533),YES,source_type=int(3); 0關1不可下2可下
ods_mariadb_2b,ods_a168_tablelimit,sort,26,varchar,varchar(65533),YES,source_type=int(3); 
ods_mariadb_2b,ods_a168_tablelimit,sort2,27,varchar,varchar(65533),YES,source_type=int(3); 
ods_mariadb_2b,ods_a168_tablelimit,source_db,28,varchar,varchar(64),YES,来源库
ods_mariadb_2b,ods_a168_tablelimit,source_table,29,varchar,varchar(128),YES,来源表
ods_mariadb_2b,ods_a168_tablelimit,ods_table_name,30,varchar,varchar(256),YES,ODS表名
ods_mariadb_2b,ods_a168_tablelimit,sync_time,31,datetime,datetime,YES,同步时间
ods_mariadb_2b,ods_a168_tablelimit_third,__source_pk,1,varchar,varchar(64),NO,源行唯一键：优先源主键/唯一键MD5，无主键则整行MD5
ods_mariadb_2b,ods_a168_tablelimit_third,dt,2,date,date,NO,StarRocks日分区日期：优先来源业务时间，无时间字段则同步当天
ods_mariadb_2b,ods_a168_tablelimit_third,id,3,varchar,varchar(65533),YES,source_type=int(5); 
ods_mariadb_2b,ods_a168_tablelimit_third,gid,4,varchar,varchar(65533),YES,source_type=int(3); 遊戲編號
ods_mariadb_2b,ods_a168_tablelimit_third,tableid,5,varchar,varchar(65533),YES,source_type=int(3); wm桌號
ods_mariadb_2b,ods_a168_tablelimit_third,name_third,6,varchar,varchar(65533),YES,source_type=varchar(32); 第三方桌台號/名稱
ods_mariadb_2b,ods_a168_tablelimit_third,vendor,7,varchar,varchar(65533),YES,source_type=varchar(16); 廠商
ods_mariadb_2b,ods_a168_tablelimit_third,tableid_third,8,varchar,varchar(65533),YES,source_type=varchar(32); 第三方桌號
ods_mariadb_2b,ods_a168_tablelimit_third,status,9,varchar,varchar(65533),YES,source_type=int(1); 第三方狀態
ods_mariadb_2b,ods_a168_tablelimit_third,is_open,10,varchar,varchar(65533),YES,source_type=tinyint(1); 是否已開桌
ods_mariadb_2b,ods_a168_tablelimit_third,stream_url,11,varchar,varchar(1048576),YES,source_type=text; 串流網址
ods_mariadb_2b,ods_a168_tablelimit_third,dealer_name,12,varchar,varchar(65533),YES,source_type=varchar(32); 荷官名字
ods_mariadb_2b,ods_a168_tablelimit_third,dealer_image,13,varchar,varchar(1048576),YES,source_type=text; 荷官圖片
ods_mariadb_2b,ods_a168_tablelimit_third,create_at,14,varchar,varchar(65533),YES,source_type=datetime; 建立時間
ods_mariadb_2b,ods_a168_tablelimit_third,update_at,15,varchar,varchar(65533),YES,source_type=datetime; 更新時間
ods_mariadb_2b,ods_a168_tablelimit_third,source_db,16,varchar,varchar(64),YES,来源库
ods_mariadb_2b,ods_a168_tablelimit_third,source_table,17,varchar,varchar(128),YES,来源表
ods_mariadb_2b,ods_a168_tablelimit_third,ods_table_name,18,varchar,varchar(256),YES,ODS表名
ods_mariadb_2b,ods_a168_tablelimit_third,sync_time,19,datetime,datetime,YES,同步时间
ods_mariadb_2b,ods_a168_temp_id_list,__source_pk,1,varchar,varchar(64),NO,源行唯一键：优先源主键/唯一键MD5，无主键则整行MD5
ods_mariadb_2b,ods_a168_temp_id_list,dt,2,date,date,NO,StarRocks日分区日期：优先来源业务时间，无时间字段则同步当天
ods_mariadb_2b,ods_a168_temp_id_list,id,3,varchar,varchar(65533),YES,source_type=varchar(255); 
ods_mariadb_2b,ods_a168_temp_id_list,source_db,4,varchar,varchar(64),YES,来源库
ods_mariadb_2b,ods_a168_temp_id_list,source_table,5,varchar,varchar(128),YES,来源表
ods_mariadb_2b,ods_a168_temp_id_list,ods_table_name,6,varchar,varchar(256),YES,ODS表名
ods_mariadb_2b,ods_a168_temp_id_list,sync_time,7,datetime,datetime,YES,同步时间
ods_mariadb_2b,ods_a168_tip,__source_pk,1,varchar,varchar(64),NO,源行唯一键：优先源主键/唯一键MD5，无主键则整行MD5
ods_mariadb_2b,ods_a168_tip,dt,2,date,date,NO,StarRocks日分区日期：优先来源业务时间，无时间字段则同步当天
ods_mariadb_2b,ods_a168_tip,id,3,varchar,varchar(65533),YES,source_type=int(11); 
ods_mariadb_2b,ods_a168_tip,name,4,varchar,varchar(65533),YES,source_type=varchar(20); 
ods_mariadb_2b,ods_a168_tip,price,5,varchar,varchar(65533),YES,source_type=int(11); 
ods_mariadb_2b,ods_a168_tip,addtime,6,varchar,varchar(65533),YES,source_type=datetime; 
ods_mariadb_2b,ods_a168_tip,source_db,7,varchar,varchar(64),YES,来源库
ods_mariadb_2b,ods_a168_tip,source_table,8,varchar,varchar(128),YES,来源表
ods_mariadb_2b,ods_a168_tip,ods_table_name,9,varchar,varchar(256),YES,ODS表名
ods_mariadb_2b,ods_a168_tip,sync_time,10,datetime,datetime,YES,同步时间
ods_mariadb_2b,ods_a168_urllist,__source_pk,1,varchar,varchar(64),NO,源行唯一键：优先源主键/唯一键MD5，无主键则整行MD5
ods_mariadb_2b,ods_a168_urllist,dt,2,date,date,NO,StarRocks日分区日期：优先来源业务时间，无时间字段则同步当天
ods_mariadb_2b,ods_a168_urllist,id,3,varchar,varchar(65533),YES,source_type=int(11); 
ods_mariadb_2b,ods_a168_urllist,code,4,varchar,varchar(65533),YES,source_type=varchar(50); 
ods_mariadb_2b,ods_a168_urllist,co,5,varchar,varchar(65533),YES,source_type=varchar(100); 
ods_mariadb_2b,ods_a168_urllist,www,6,varchar,varchar(65533),YES,source_type=varchar(50); 
ods_mariadb_2b,ods_a168_urllist,api,7,varchar,varchar(1048576),YES,source_type=text; 
ods_mariadb_2b,ods_a168_urllist,api3rd,8,varchar,varchar(1048576),YES,source_type=text; 
ods_mariadb_2b,ods_a168_urllist,rtmp,9,varchar,varchar(1048576),YES,source_type=text; 
ods_mariadb_2b,ods_a168_urllist,flv,10,varchar,varchar(1048576),YES,source_type=text; 
ods_mariadb_2b,ods_a168_urllist,hls,11,varchar,varchar(1048576),YES,source_type=text; 
ods_mariadb_2b,ods_a168_urllist,ws,12,varchar,varchar(1048576),YES,source_type=text; 
ods_mariadb_2b,ods_a168_urllist,gs,13,varchar,varchar(65533),YES,source_type=varchar(50); 
ods_mariadb_2b,ods_a168_urllist,tb,14,varchar,varchar(1048576),YES,source_type=text; 桌子設定
ods_mariadb_2b,ods_a168_urllist,lang,15,varchar,varchar(65533),YES,source_type=varchar(5); 
ods_mariadb_2b,ods_a168_urllist,register,16,varchar,varchar(65533),YES,source_type=int(1); 
ods_mariadb_2b,ods_a168_urllist,ui,17,varchar,varchar(65533),YES,source_type=varchar(1); 
ods_mariadb_2b,ods_a168_urllist,apkbutton,18,varchar,varchar(65533),YES,source_type=int(11); 
ods_mariadb_2b,ods_a168_urllist,apkurl,19,varchar,varchar(1048576),YES,source_type=text; 
ods_mariadb_2b,ods_a168_urllist,source_db,20,varchar,varchar(64),YES,来源库
ods_mariadb_2b,ods_a168_urllist,source_table,21,varchar,varchar(128),YES,来源表
ods_mariadb_2b,ods_a168_urllist,ods_table_name,22,varchar,varchar(256),YES,ODS表名
ods_mariadb_2b,ods_a168_urllist,sync_time,23,datetime,datetime,YES,同步时间
ods_mariadb_2b,ods_a168_wallet_dtl,__source_pk,1,varchar,varchar(64),NO,源行唯一键：优先源主键/唯一键MD5，无主键则整行MD5
ods_mariadb_2b,ods_a168_wallet_dtl,dt,2,date,date,NO,StarRocks日分区日期：优先来源业务时间，无时间字段则同步当天
ods_mariadb_2b,ods_a168_wallet_dtl,id,3,varchar,varchar(65533),YES,source_type=bigint(20); 
ods_mariadb_2b,ods_a168_wallet_dtl,user,4,varchar,varchar(65533),YES,source_type=varchar(30); 
ods_mariadb_2b,ods_a168_wallet_dtl,requestDate,5,varchar,varchar(65533),YES,source_type=datetime; 我方請求時間
ods_mariadb_2b,ods_a168_wallet_dtl,responseDate,6,varchar,varchar(65533),YES,source_type=timestamp; 對方回應時間
ods_mariadb_2b,ods_a168_wallet_dtl,money,7,varchar,varchar(65533),YES,"source_type=decimal(15,4); 處理金錢"
ods_mariadb_2b,ods_a168_wallet_dtl,cash,8,varchar,varchar(65533),YES,"source_type=decimal(15,4); 當前金額"
ods_mariadb_2b,ods_a168_wallet_dtl,type,9,varchar,varchar(65533),YES,source_type=tinyint(1); 0:取餘額 1:加點 2:扣點
ods_mariadb_2b,ods_a168_wallet_dtl,game_detail,10,varchar,varchar(65533),YES,source_type=varchar(200); 遊戲伺服器註解
ods_mariadb_2b,ods_a168_wallet_dtl,bet_detail,11,varchar,varchar(1048576),YES,source_type=text; 
ods_mariadb_2b,ods_a168_wallet_dtl,detail,12,varchar,varchar(1048576),YES,source_type=text; 
ods_mariadb_2b,ods_a168_wallet_dtl,status,13,varchar,varchar(65533),YES,source_type=tinyint(1); 0:未處理 1:成功 2:失敗  3.回滾
ods_mariadb_2b,ods_a168_wallet_dtl,feedback_id,14,varchar,varchar(65533),YES,source_type=int(11); 
ods_mariadb_2b,ods_a168_wallet_dtl,gtype,15,varchar,varchar(65533),YES,source_type=int(3); 
ods_mariadb_2b,ods_a168_wallet_dtl,feedback_status,16,varchar,varchar(65533),YES,"source_type=tinyint(1); 0,未處理 1,成功 2,失敗"
ods_mariadb_2b,ods_a168_wallet_dtl,source_db,17,varchar,varchar(64),YES,来源库
ods_mariadb_2b,ods_a168_wallet_dtl,source_table,18,varchar,varchar(128),YES,来源表
ods_mariadb_2b,ods_a168_wallet_dtl,ods_table_name,19,varchar,varchar(256),YES,ODS表名
ods_mariadb_2b,ods_a168_wallet_dtl,sync_time,20,datetime,datetime,YES,同步时间
ods_mariadb_2b,ods_a168_wallet_feedbackerr,__source_pk,1,varchar,varchar(64),NO,源行唯一键：优先源主键/唯一键MD5，无主键则整行MD5
ods_mariadb_2b,ods_a168_wallet_feedbackerr,dt,2,date,date,NO,StarRocks日分区日期：优先来源业务时间，无时间字段则同步当天
ods_mariadb_2b,ods_a168_wallet_feedbackerr,id,3,varchar,varchar(65533),YES,source_type=int(11); 
ods_mariadb_2b,ods_a168_wallet_feedbackerr,dealid,4,varchar,varchar(65533),YES,source_type=bigint(20); 交易流水號
ods_mariadb_2b,ods_a168_wallet_feedbackerr,money,5,varchar,varchar(65533),YES,"source_type=decimal(12,4); "
ods_mariadb_2b,ods_a168_wallet_feedbackerr,type,6,varchar,varchar(65533),YES,source_type=int(1); 1:加點2:扣點
ods_mariadb_2b,ods_a168_wallet_feedbackerr,retry,7,varchar,varchar(65533),YES,source_type=int(1); 重試次數
ods_mariadb_2b,ods_a168_wallet_feedbackerr,errorCode,8,varchar,varchar(65533),YES,source_type=int(11); 
ods_mariadb_2b,ods_a168_wallet_feedbackerr,errorMessage,9,varchar,varchar(65533),YES,source_type=varchar(255); 錯誤訊息
ods_mariadb_2b,ods_a168_wallet_feedbackerr,wirteLogDate,10,varchar,varchar(65533),YES,source_type=datetime; 
ods_mariadb_2b,ods_a168_wallet_feedbackerr,success,11,varchar,varchar(65533),YES,"source_type=enum(''Y'',''N''); "
ods_mariadb_2b,ods_a168_wallet_feedbackerr,source_db,12,varchar,varchar(64),YES,来源库
ods_mariadb_2b,ods_a168_wallet_feedbackerr,source_table,13,varchar,varchar(128),YES,来源表
ods_mariadb_2b,ods_a168_wallet_feedbackerr,ods_table_name,14,varchar,varchar(256),YES,ODS表名
ods_mariadb_2b,ods_a168_wallet_feedbackerr,sync_time,15,datetime,datetime,YES,同步时间
ods_mariadb_2b,ods_a168_wallet_reporter,__source_pk,1,varchar,varchar(64),NO,源行唯一键：优先源主键/唯一键MD5，无主键则整行MD5
ods_mariadb_2b,ods_a168_wallet_reporter,dt,2,date,date,NO,StarRocks日分区日期：优先来源业务时间，无时间字段则同步当天
ods_mariadb_2b,ods_a168_wallet_reporter,id,3,varchar,varchar(65533),YES,source_type=int(11); 序號	
ods_mariadb_2b,ods_a168_wallet_reporter,bet02,4,varchar,varchar(65533),YES,source_type=int(11); 遊戲類別
ods_mariadb_2b,ods_a168_wallet_reporter,bet03,5,varchar,varchar(65533),YES,source_type=int(11); 期數
ods_mariadb_2b,ods_a168_wallet_reporter,bet04,6,varchar,varchar(65533),YES,source_type=int(11); 局號
ods_mariadb_2b,ods_a168_wallet_reporter,bet22,7,varchar,varchar(65533),YES,source_type=int(11); 代理
ods_mariadb_2b,ods_a168_wallet_reporter,category,8,varchar,varchar(65533),YES,source_type=int(11); 類型
ods_mariadb_2b,ods_a168_wallet_reporter,time,9,varchar,varchar(65533),YES,source_type=datetime; 紀錄時間
ods_mariadb_2b,ods_a168_wallet_reporter,status,10,varchar,varchar(65533),YES,"source_type=enum(''Y'',''N'',''P'',''X''); 狀態 N:未處理,Y:已處理,P:處理中, X: 處理失敗"
ods_mariadb_2b,ods_a168_wallet_reporter,reason,11,varchar,varchar(65533),YES,source_type=int(3); 原因
ods_mariadb_2b,ods_a168_wallet_reporter,error_times,12,varchar,varchar(65533),YES,source_type=int(3); 錯誤次數
ods_mariadb_2b,ods_a168_wallet_reporter,update_at,13,varchar,varchar(65533),YES,source_type=datetime; 更新時間
ods_mariadb_2b,ods_a168_wallet_reporter,source_db,14,varchar,varchar(64),YES,来源库
ods_mariadb_2b,ods_a168_wallet_reporter,source_table,15,varchar,varchar(128),YES,来源表
ods_mariadb_2b,ods_a168_wallet_reporter,ods_table_name,16,varchar,varchar(256),YES,ODS表名
ods_mariadb_2b,ods_a168_wallet_reporter,sync_time,17,datetime,datetime,YES,同步时间
ods_mariadb_2b,ods_a168_wallet_reporter_copy,__source_pk,1,varchar,varchar(64),NO,源行唯一键：优先源主键/唯一键MD5，无主键则整行MD5
ods_mariadb_2b,ods_a168_wallet_reporter_copy,dt,2,date,date,NO,StarRocks日分区日期：优先来源业务时间，无时间字段则同步当天
ods_mariadb_2b,ods_a168_wallet_reporter_copy,id,3,varchar,varchar(65533),YES,source_type=int(11); 序號	
ods_mariadb_2b,ods_a168_wallet_reporter_copy,bet02,4,varchar,varchar(65533),YES,source_type=int(11); 遊戲類別
ods_mariadb_2b,ods_a168_wallet_reporter_copy,bet03,5,varchar,varchar(65533),YES,source_type=int(11); 期數
ods_mariadb_2b,ods_a168_wallet_reporter_copy,bet04,6,varchar,varchar(65533),YES,source_type=int(11); 局號
ods_mariadb_2b,ods_a168_wallet_reporter_copy,bet22,7,varchar,varchar(65533),YES,source_type=int(11); 代理
ods_mariadb_2b,ods_a168_wallet_reporter_copy,category,8,varchar,varchar(65533),YES,source_type=int(11); 類型
ods_mariadb_2b,ods_a168_wallet_reporter_copy,time,9,varchar,varchar(65533),YES,source_type=datetime; 紀錄時間
ods_mariadb_2b,ods_a168_wallet_reporter_copy,status,10,varchar,varchar(65533),YES,"source_type=enum(''Y'',''N'',''P'',''X''); 狀態 N:未處理,Y:已處理,P:處理中, X: 處理失敗"
ods_mariadb_2b,ods_a168_wallet_reporter_copy,reason,11,varchar,varchar(65533),YES,source_type=int(3); 原因
ods_mariadb_2b,ods_a168_wallet_reporter_copy,error_times,12,varchar,varchar(65533),YES,source_type=int(3); 錯誤次數
ods_mariadb_2b,ods_a168_wallet_reporter_copy,update_at,13,varchar,varchar(65533),YES,source_type=datetime; 更新時間
ods_mariadb_2b,ods_a168_wallet_reporter_copy,source_db,14,varchar,varchar(64),YES,来源库
ods_mariadb_2b,ods_a168_wallet_reporter_copy,source_table,15,varchar,varchar(128),YES,来源表
ods_mariadb_2b,ods_a168_wallet_reporter_copy,ods_table_name,16,varchar,varchar(256),YES,ODS表名
ods_mariadb_2b,ods_a168_wallet_reporter_copy,sync_time,17,datetime,datetime,YES,同步时间
ods_mariadb_2b,ods_a168_wechat_url,__source_pk,1,varchar,varchar(64),NO,源行唯一键：优先源主键/唯一键MD5，无主键则整行MD5
ods_mariadb_2b,ods_a168_wechat_url,dt,2,date,date,NO,StarRocks日分区日期：优先来源业务时间，无时间字段则同步当天
ods_mariadb_2b,ods_a168_wechat_url,id,3,varchar,varchar(65533),YES,source_type=int(11); 
ods_mariadb_2b,ods_a168_wechat_url,url,4,varchar,varchar(65533),YES,source_type=varchar(255); 
ods_mariadb_2b,ods_a168_wechat_url,status,5,varchar,varchar(65533),YES,"source_type=tinyint(1); 0:使用,1:禁用"
ods_mariadb_2b,ods_a168_wechat_url,usecount,6,varchar,varchar(65533),YES,source_type=int(11); 使用次數
ods_mariadb_2b,ods_a168_wechat_url,source_db,7,varchar,varchar(64),YES,来源库
ods_mariadb_2b,ods_a168_wechat_url,source_table,8,varchar,varchar(128),YES,来源表
ods_mariadb_2b,ods_a168_wechat_url,ods_table_name,9,varchar,varchar(256),YES,ODS表名
ods_mariadb_2b,ods_a168_wechat_url,sync_time,10,datetime,datetime,YES,同步时间
ods_mariadb_2b,ods_a168_white_list,__source_pk,1,varchar,varchar(64),NO,源行唯一键：优先源主键/唯一键MD5，无主键则整行MD5
ods_mariadb_2b,ods_a168_white_list,dt,2,date,date,NO,StarRocks日分区日期：优先来源业务时间，无时间字段则同步当天
ods_mariadb_2b,ods_a168_white_list,id,3,varchar,varchar(65533),YES,source_type=int(5); 
ods_mariadb_2b,ods_a168_white_list,aid,4,varchar,varchar(65533),YES,source_type=varchar(30); 
ods_mariadb_2b,ods_a168_white_list,type,5,varchar,varchar(65533),YES,"source_type=enum(''A'',''S'',''M'',''C''); A:agent,S:agentsub"
ods_mariadb_2b,ods_a168_white_list,white_list,6,varchar,varchar(1048576),YES,source_type=mediumtext; 
ods_mariadb_2b,ods_a168_white_list,operator,7,varchar,varchar(65533),YES,source_type=varchar(30); 
ods_mariadb_2b,ods_a168_white_list,add_time,8,varchar,varchar(65533),YES,source_type=datetime; 
ods_mariadb_2b,ods_a168_white_list,update_time,9,varchar,varchar(65533),YES,source_type=datetime; 
ods_mariadb_2b,ods_a168_white_list,add_unix_time,10,varchar,varchar(65533),YES,source_type=int(10); 
ods_mariadb_2b,ods_a168_white_list,update_unix_time,11,varchar,varchar(65533),YES,source_type=int(10); 
ods_mariadb_2b,ods_a168_white_list,source_db,12,varchar,varchar(64),YES,来源库
ods_mariadb_2b,ods_a168_white_list,source_table,13,varchar,varchar(128),YES,来源表
ods_mariadb_2b,ods_a168_white_list,ods_table_name,14,varchar,varchar(256),YES,ODS表名
ods_mariadb_2b,ods_a168_white_list,sync_time,15,datetime,datetime,YES,同步时间
ods_mariadb_2b,sync_checkpoint,task_name,1,varchar,varchar(256),NO,同步任务名
ods_mariadb_2b,sync_checkpoint,source_db,2,varchar,varchar(64),YES,来源库
ods_mariadb_2b,sync_checkpoint,source_table,3,varchar,varchar(128),YES,来源表
ods_mariadb_2b,sync_checkpoint,target_table,4,varchar,varchar(256),YES,目标表
ods_mariadb_2b,sync_checkpoint,sync_mode,5,varchar,varchar(64),YES,同步模式
ods_mariadb_2b,sync_checkpoint,last_sync_time,6,datetime,datetime,YES,时间增量断点
ods_mariadb_2b,sync_checkpoint,last_sync_id,7,varchar,varchar(512),YES,ID/复合键断点
ods_mariadb_2b,sync_checkpoint,updated_at,8,datetime,datetime,YES,更新时间
ods_mariadb_2b,sync_checkpoint,last_key1,9,varchar,varchar(255),YES,断点字段1
ods_mariadb_2b,sync_checkpoint,last_key2,10,varchar,varchar(255),YES,断点字段2
ods_mariadb_2b,sync_checkpoint,last_key3,11,varchar,varchar(255),YES,断点字段3
ods_mariadb_2b,sync_checkpoint,last_key4,12,varchar,varchar(255),YES,断点字段4
ods_mariadb_2b,sync_checkpoint,last_key5,13,varchar,varchar(255),YES,断点字段5
