__source_pk,dt,lacc01,lacc02,lacc03,op_utp,lacc04,lacc05,lacc06,lacc07,lacc08,lacc09,lacc10,lacc11,pointtype,source_db,source_table,ods_table_name,sync_time
312608930,2026-07-24,312608930,7,117934877,,0,0,-707.4000,2026-07-24 00:00:00,,707.4000,43049,96638157.7600,0,a168,log_age_cash_change,ods_a168_log_age_cash_change,2026-07-24 01:51:11
312608945,2026-07-24,312608945,7,153369970,,0,0,1465.2100,2026-07-24 00:00:09,,0.0000,51194,4763528.8400,0,a168,log_age_cash_change,ods_a168_log_age_cash_change,2026-07-24 01:51:11
312608951,2026-07-24,312608951,7,151331362,,0,0,-3.3000,2026-07-24 00:00:11,,3.3000,56037,24736982.9900,0,a168,log_age_cash_change,ods_a168_log_age_cash_change,2026-07-24 01:51:11
312608966,2026-07-24,312608966,7,133417973,,0,0,-494.2000,2026-07-24 00:00:22,,494.2000,41033,27229965.1800,0,a168,log_age_cash_change,ods_a168_log_age_cash_change,2026-07-24 01:51:11
312608972,2026-07-24,312608972,7,130900467,,0,0,11.7500,2026-07-24 00:00:25,,0.0000,43159,76318584.6600,0,a168,log_age_cash_change,ods_a168_log_age_cash_change,2026-07-24 01:51:11
312608979,2026-07-24,312608979,7,556418,,0,0,75.0000,2026-07-24 00:00:33,,0.3000,1258,95200364.9199,0,a168,log_age_cash_change,ods_a168_log_age_cash_change,2026-07-24 01:51:11
312608987,2026-07-24,312608987,7,152929500,,0,0,-450.4300,2026-07-24 00:00:38,,450.4300,56037,24741379.6200,0,a168,log_age_cash_change,ods_a168_log_age_cash_change,2026-07-24 01:51:11
312608993,2026-07-24,312608993,7,145409272,,0,0,100.6700,2026-07-24 00:00:40,,0.0000,33024,3075908.2900,0,a168,log_age_cash_change,ods_a168_log_age_cash_change,2026-07-24 01:51:11
312608998,2026-07-24,312608998,7,153300786,,0,0,-1717.5500,2026-07-24 00:00:44,,1717.5500,19105,431284130.6900,0,a168,log_age_cash_change,ods_a168_log_age_cash_change,2026-07-24 01:51:11
312609004,2026-07-24,312609004,7,71321695,,0,0,0.4100,2026-07-24 00:00:47,,0.0000,43159,76318572.9100,0,a168,log_age_cash_change,ods_a168_log_age_cash_change,2026-07-24 01:51:11
312609010,2026-07-24,312609010,7,132521809,,0,0,-191.0000,2026-07-24 00:00:49,,191.3500,24448,2597131.8800,0,a168,log_age_cash_change,ods_a168_log_age_cash_change,2026-07-24 01:51:11
312609027,2026-07-24,312609027,7,149658424,,0,0,-0.7400,2026-07-24 00:00:59,,0.7400,56037,24743289.4500,0,a168,log_age_cash_change,ods_a168_log_age_cash_change,2026-07-24 01:51:11
312609033,2026-07-24,312609033,7,142008133,,0,0,1.0000,2026-07-24 00:01:02,,1011.0000,30105,50226482.2270,0,a168,log_age_cash_change,ods_a168_log_age_cash_change,2026-07-24 01:51:11
312609038,2026-07-24,312609038,7,149192951,,0,0,0.3000,2026-07-24 00:01:07,,0.0000,56037,24742930.1300,0,a168,log_age_cash_change,ods_a168_log_age_cash_change,2026-07-24 01:51:11
312609046,2026-07-24,312609046,7,153378202,,0,0,0.7300,2026-07-24 00:01:13,,0.0000,56037,24742929.9700,0,a168,log_age_cash_change,ods_a168_log_age_cash_change,2026-07-24 01:51:11
312609052,2026-07-24,312609052,7,85111639,,0,0,880.1200,2026-07-24 00:01:16,,0.9000,43159,76294872.9000,0,a168,log_age_cash_change,ods_a168_log_age_cash_change,2026-07-24 01:51:11
312609059,2026-07-24,312609059,7,87110079,,0,0,200.2100,2026-07-24 00:01:17,,0.0000,43554,24927832.0900,0,a168,log_age_cash_change,ods_a168_log_age_cash_change,2026-07-24 01:51:11
312609065,2026-07-24,312609065,4,35450,,3,35104,290.0000,2026-07-24 00:01:19,,0.0000,35104,1055.0000,0,a168,log_age_cash_change,ods_a168_log_age_cash_change,2026-07-24 01:51:11
312609071,2026-07-24,312609071,7,142780984,,0,0,2004.6500,2026-07-24 00:01:21,,0.0000,43159,76293635.8200,0,a168,log_age_cash_change,ods_a168_log_age_cash_change,2026-07-24 01:51:11
312609084,2026-07-24,312609084,7,148748597,,0,0,100.4400,2026-07-24 00:01:30,,0.0000,56037,24744460.7200,0,a168,log_age_cash_change,ods_a168_log_age_cash_change,2026-07-24 01:51:11
312609090,2026-07-24,312609090,7,102780174,,0,0,499.0000,2026-07-24 00:01:33,,0.6500,48695,44678551.3100,0,a168,log_age_cash_change,ods_a168_log_age_cash_change,2026-07-24 01:51:11
312609101,2026-07-24,312609101,7,125131633,,0,0,1867.3400,2026-07-24 00:01:40,,0.0000,49821,47056912.3000,0,a168,log_age_cash_change,ods_a168_log_age_cash_change,2026-07-24 01:51:11
312609115,2026-07-24,312609115,7,152926002,,0,0,160.0100,2026-07-24 00:01:50,,0.0000,46716,796942.6100,0,a168,log_age_cash_change,ods_a168_log_age_cash_change,2026-07-24 01:51:11
312609122,2026-07-24,312609122,7,152311199,,0,0,49.0800,2026-07-24 00:01:53,,0.0000,45878,28150809.0500,0,a168,log_age_cash_change,ods_a168_log_age_cash_change,2026-07-24 01:51:11
312609129,2026-07-24,312609129,7,126988834,,0,0,800.0000,2026-07-24 00:01:56,,0.0000,51216,10381521.7700,0,a168,log_age_cash_change,ods_a168_log_age_cash_change,2026-07-24 01:51:11
312609136,2026-07-24,312609136,7,141372191,,0,0,0.0600,2026-07-24 00:02:00,,0.0000,43159,76291501.9300,0,a168,log_age_cash_change,ods_a168_log_age_cash_change,2026-07-24 01:51:11
312609143,2026-07-24,312609143,7,150189255,,0,0,791.0200,2026-07-24 00:02:03,,0.0000,56037,24743984.4700,0,a168,log_age_cash_change,ods_a168_log_age_cash_change,2026-07-24 01:51:11
312609148,2026-07-24,312609148,7,153248282,,0,0,0.1300,2026-07-24 00:02:07,,0.0000,46716,796782.6000,0,a168,log_age_cash_change,ods_a168_log_age_cash_change,2026-07-24 01:51:11
312609157,2026-07-24,312609157,7,106370523,,0,0,-0.3300,2026-07-24 00:02:10,,0.3300,33025,34410105.3300,0,a168,log_age_cash_change,ods_a168_log_age_cash_change,2026-07-24 01:51:11
312609160,2026-07-24,312609160,7,152992216,,0,0,-1.5800,2026-07-24 00:02:13,,1.5800,55737,1459179.2600,0,a168,log_age_cash_change,ods_a168_log_age_cash_change,2026-07-24 01:51:11
312609174,2026-07-24,312609174,7,153377883,,0,0,-0.1700,2026-07-24 00:02:21,,0.1700,43049,96637703.5900,0,a168,log_age_cash_change,ods_a168_log_age_cash_change,2026-07-24 01:51:11
312609181,2026-07-24,312609181,7,153378236,,0,0,0.1800,2026-07-24 00:02:25,,0.0000,56037,24743243.9700,0,a168,log_age_cash_change,ods_a168_log_age_cash_change,2026-07-24 01:51:11
312609195,2026-07-24,312609195,7,124075465,,0,0,12046.5600,2026-07-24 00:02:37,,0.0000,50555,16166478.2025,0,a168,log_age_cash_change,ods_a168_log_age_cash_change,2026-07-24 01:51:11
312609205,2026-07-24,312609205,7,152619409,,0,0,207.6300,2026-07-24 00:02:40,,0.0000,43554,24946012.6200,0,a168,log_age_cash_change,ods_a168_log_age_cash_change,2026-07-24 01:51:11
312609211,2026-07-24,312609211,7,148170075,,0,0,65.0000,2026-07-24 00:02:42,,0.0000,55113,49053129.6400,0,a168,log_age_cash_change,ods_a168_log_age_cash_change,2026-07-24 01:51:11
312609226,2026-07-24,312609226,7,153322100,,0,0,-50.1400,2026-07-24 00:02:56,,50.1400,43159,76259434.4500,0,a168,log_age_cash_change,ods_a168_log_age_cash_change,2026-07-24 01:51:11
312609232,2026-07-24,312609232,7,137021281,,0,0,-0.3300,2026-07-24 00:03:00,,0.3300,50822,21522360.2500,0,a168,log_age_cash_change,ods_a168_log_age_cash_change,2026-07-24 01:51:11
312609239,2026-07-24,312609239,7,152511916,,0,0,-1517.3500,2026-07-24 00:03:02,,1517.3500,48890,468678.0100,0,a168,log_age_cash_change,ods_a168_log_age_cash_change,2026-07-24 01:51:11
312609247,2026-07-24,312609247,7,5148344,,0,0,-15402.0000,2026-07-24 00:03:07,,15402.7200,6100,2850721.6000,0,a168,log_age_cash_change,ods_a168_log_age_cash_change,2026-07-24 01:51:11
312609253,2026-07-24,312609253,7,143606370,,0,0,0.4800,2026-07-24 00:03:09,,0.0000,44208,30645404.6700,0,a168,log_age_cash_change,ods_a168_log_age_cash_change,2026-07-24 01:51:11
312609258,2026-07-24,312609258,7,121635199,,0,0,-18.0000,2026-07-24 00:03:12,,18.0000,12652,41016938.0750,0,a168,log_age_cash_change,ods_a168_log_age_cash_change,2026-07-24 01:51:11
312609264,2026-07-24,312609264,7,114963918,,0,0,-1.1300,2026-07-24 00:03:17,,1.1300,43049,96636824.7300,0,a168,log_age_cash_change,ods_a168_log_age_cash_change,2026-07-24 01:51:11
312609270,2026-07-24,312609270,7,138876776,,0,0,-28307.0000,2026-07-24 00:03:20,,28307.0000,49696,44193099.3150,0,a168,log_age_cash_change,ods_a168_log_age_cash_change,2026-07-24 01:51:11
312609285,2026-07-24,312609285,7,152814339,,0,0,345.9900,2026-07-24 00:03:29,,0.0000,55805,159735.1200,0,a168,log_age_cash_change,ods_a168_log_age_cash_change,2026-07-24 01:51:11
312609291,2026-07-24,312609291,7,153378270,,0,0,5.0000,2026-07-24 00:03:33,,0.0000,52258,105220229.0000,0,a168,log_age_cash_change,ods_a168_log_age_cash_change,2026-07-24 01:51:11
312609300,2026-07-24,312609300,7,153304860,,0,0,-50.4700,2026-07-24 00:03:39,,50.4700,55737,1459117.8900,0,a168,log_age_cash_change,ods_a168_log_age_cash_change,2026-07-24 01:51:11
312609314,2026-07-24,312609314,7,120070935,,0,0,-801.6700,2026-07-24 00:03:49,,801.6700,33086,42376589.1000,0,a168,log_age_cash_change,ods_a168_log_age_cash_change,2026-07-24 01:51:11
312609323,2026-07-24,312609323,7,148882193,,0,0,414.1800,2026-07-24 00:03:54,,0.0000,43554,24945737.1800,0,a168,log_age_cash_change,ods_a168_log_age_cash_change,2026-07-24 01:51:11
312609328,2026-07-24,312609328,7,153127841,,0,0,598.0000,2026-07-24 00:03:57,,0.0000,41033,27230664.4500,0,a168,log_age_cash_change,ods_a168_log_age_cash_change,2026-07-24 01:51:11
312609337,2026-07-24,312609337,7,142008133,,0,0,1.0000,2026-07-24 00:04:03,,1011.0000,30105,50226482.2270,0,a168,log_age_cash_change,ods_a168_log_age_cash_change,2026-07-24 01:51:11
312609342,2026-07-24,312609342,7,153378278,,0,0,273.3000,2026-07-24 00:04:04,,0.0000,56037,24741604.8200,0,a168,log_age_cash_change,ods_a168_log_age_cash_change,2026-07-24 01:51:11
312609349,2026-07-24,312609349,7,153378280,,0,0,-0.0300,2026-07-24 00:04:12,,0.0300,56037,24741331.5200,0,a168,log_age_cash_change,ods_a168_log_age_cash_change,2026-07-24 01:51:11
312609356,2026-07-24,312609356,7,118463114,,0,0,-600.0000,2026-07-24 00:04:13,,600.1500,15297,275360681.2900,0,a168,log_age_cash_change,ods_a168_log_age_cash_change,2026-07-24 01:51:11
312609361,2026-07-24,312609361,7,140606539,,0,0,18.5500,2026-07-24 00:04:14,,0.0000,33086,42376787.0200,0,a168,log_age_cash_change,ods_a168_log_age_cash_change,2026-07-24 01:51:11
312609375,2026-07-24,312609375,7,87110079,,0,0,372.0000,2026-07-24 00:04:24,,0.2100,43554,24945323.0000,0,a168,log_age_cash_change,ods_a168_log_age_cash_change,2026-07-24 01:51:11
312609380,2026-07-24,312609380,7,153354296,,0,0,150.4800,2026-07-24 00:04:30,,0.0000,55737,1460773.7200,0,a168,log_age_cash_change,ods_a168_log_age_cash_change,2026-07-24 01:51:11
312609394,2026-07-24,312609394,7,114680858,,0,0,3000.0000,2026-07-24 00:04:39,,0.6800,34387,4967584454.7000,0,a168,log_age_cash_change,ods_a168_log_age_cash_change,2026-07-24 01:51:11
312609406,2026-07-24,312609406,7,149739051,,0,0,-5.0200,2026-07-24 00:04:46,,5.0200,56037,24734272.6500,0,a168,log_age_cash_change,ods_a168_log_age_cash_change,2026-07-24 01:51:11
312609412,2026-07-24,312609412,7,153378305,,0,0,302.4500,2026-07-24 00:04:50,,0.0000,26117,499579599.5000,0,a168,log_age_cash_change,ods_a168_log_age_cash_change,2026-07-24 01:51:11
312609419,2026-07-24,312609419,7,153234064,,0,0,-0.5600,2026-07-24 00:04:52,,0.5600,56037,24734277.4600,0,a168,log_age_cash_change,ods_a168_log_age_cash_change,2026-07-24 01:51:11
312609425,2026-07-24,312609425,7,137976543,,0,0,-150.0200,2026-07-24 00:04:56,,150.0200,43554,24945365.1800,0,a168,log_age_cash_change,ods_a168_log_age_cash_change,2026-07-24 01:51:11
312609431,2026-07-24,312609431,7,141221170,,0,0,-1.1800,2026-07-24 00:04:59,,1.1800,46716,795562.0700,0,a168,log_age_cash_change,ods_a168_log_age_cash_change,2026-07-24 01:51:11
312609444,2026-07-24,312609444,7,90777827,,0,0,-700.7800,2026-07-24 00:05:02,,700.7800,41033,27230009.6600,0,a168,log_age_cash_change,ods_a168_log_age_cash_change,2026-07-24 01:51:11
312609450,2026-07-24,312609450,7,153378304,,0,0,-8000.0000,2026-07-24 00:05:07,,8000.0000,34275,392125108.2700,0,a168,log_age_cash_change,ods_a168_log_age_cash_change,2026-07-24 01:51:11
312609467,2026-07-24,312609467,7,148871586,,0,0,0.2600,2026-07-24 00:05:21,,0.0000,56037,24734291.3400,0,a168,log_age_cash_change,ods_a168_log_age_cash_change,2026-07-24 01:51:11
312609473,2026-07-24,312609473,7,152948351,,0,0,0.3500,2026-07-24 00:05:25,,0.0000,56037,24734291.0800,0,a168,log_age_cash_change,ods_a168_log_age_cash_change,2026-07-24 01:51:11
312609478,2026-07-24,312609478,7,153378305,,0,0,-302.4500,2026-07-24 00:05:28,,302.4500,26117,499579297.0500,0,a168,log_age_cash_change,ods_a168_log_age_cash_change,2026-07-24 01:51:11
312609486,2026-07-24,312609486,7,153378323,,0,0,-30.1500,2026-07-24 00:05:35,,30.1500,48363,43912313.6100,0,a168,log_age_cash_change,ods_a168_log_age_cash_change,2026-07-24 01:51:11
312609492,2026-07-24,312609492,7,107656382,,0,0,-1930.0900,2026-07-24 00:05:38,,1930.0900,20115,466886660.8100,0,a168,log_age_cash_change,ods_a168_log_age_cash_change,2026-07-24 01:51:11
312609499,2026-07-24,312609499,7,137071830,,0,0,-0.1100,2026-07-24 00:05:45,,0.1100,51050,3533904.3500,0,a168,log_age_cash_change,ods_a168_log_age_cash_change,2026-07-24 01:51:11
312609503,2026-07-24,312609503,7,71074588,,0,0,28.0000,2026-07-24 00:05:47,,0.0000,41033,27230710.4400,0,a168,log_age_cash_change,ods_a168_log_age_cash_change,2026-07-24 01:51:11
312609508,2026-07-24,312609508,7,153308296,,0,0,250.0400,2026-07-24 00:05:52,,0.0000,43049,96535363.1700,0,a168,log_age_cash_change,ods_a168_log_age_cash_change,2026-07-24 01:51:11
312609517,2026-07-24,312609517,7,132906627,,0,0,1079.0000,2026-07-24 00:05:55,,0.0000,20512,496566635.3800,0,a168,log_age_cash_change,ods_a168_log_age_cash_change,2026-07-24 01:51:11
312609520,2026-07-24,312609520,7,142016362,,0,0,300.0000,2026-07-24 00:06:01,,0.5400,52258,105247950.0000,0,a168,log_age_cash_change,ods_a168_log_age_cash_change,2026-07-24 01:51:11
312609534,2026-07-24,312609534,7,151240736,,0,0,-0.4200,2026-07-24 00:06:09,,0.4200,43252,496610930.3100,0,a168,log_age_cash_change,ods_a168_log_age_cash_change,2026-07-24 01:51:11
312609541,2026-07-24,312609541,7,149550851,,0,0,-0.0800,2026-07-24 00:06:15,,0.0800,56037,24735443.8500,0,a168,log_age_cash_change,ods_a168_log_age_cash_change,2026-07-24 01:51:11
312609555,2026-07-24,312609555,7,128455358,,0,0,0.7500,2026-07-24 00:06:23,,0.0000,33086,42376769.2200,0,a168,log_age_cash_change,ods_a168_log_age_cash_change,2026-07-24 01:51:11
312609562,2026-07-24,312609562,7,47041714,,0,0,800.0000,2026-07-24 00:06:26,,0.5000,38777,281157.5600,0,a168,log_age_cash_change,ods_a168_log_age_cash_change,2026-07-24 01:51:11
312609569,2026-07-24,312609569,7,152370243,,0,0,1970.0000,2026-07-24 00:06:31,,0.0000,44854,18931514.3648,0,a168,log_age_cash_change,ods_a168_log_age_cash_change,2026-07-24 01:51:11
312609576,2026-07-24,312609576,7,92476187,,0,0,4740.0300,2026-07-24 00:06:36,,418.1400,43159,76361192.7700,0,a168,log_age_cash_change,ods_a168_log_age_cash_change,2026-07-24 01:51:11
312609583,2026-07-24,312609583,7,150155584,,0,0,-249.8900,2026-07-24 00:06:41,,249.8900,43159,76356452.7400,0,a168,log_age_cash_change,ods_a168_log_age_cash_change,2026-07-24 01:51:11
312609588,2026-07-24,312609588,7,153378340,,0,0,-47.0000,2026-07-24 00:06:46,,47.0000,50555,16154311.2025,0,a168,log_age_cash_change,ods_a168_log_age_cash_change,2026-07-24 01:51:11
312609597,2026-07-24,312609597,7,142239003,,0,0,190.0000,2026-07-24 00:06:50,,0.0000,6100,2864446.6000,0,a168,log_age_cash_change,ods_a168_log_age_cash_change,2026-07-24 01:51:11
312609607,2026-07-24,312609607,7,129956249,,0,0,407.0000,2026-07-24 00:06:57,,0.0000,51034,3728340.8050,0,a168,log_age_cash_change,ods_a168_log_age_cash_change,2026-07-24 01:51:11
312609613,2026-07-24,312609613,7,142053571,,0,0,1731.0000,2026-07-24 00:06:58,,0.0100,52258,105228485.0000,0,a168,log_age_cash_change,ods_a168_log_age_cash_change,2026-07-24 01:51:11
312609618,2026-07-24,312609618,7,142008133,,0,0,1.0000,2026-07-24 00:07:02,,1011.0000,30105,50226482.2270,0,a168,log_age_cash_change,ods_a168_log_age_cash_change,2026-07-24 01:51:11
312609624,2026-07-24,312609624,7,148827477,,0,0,-0.2000,2026-07-24 00:07:03,,0.2000,48363,43912343.7600,0,a168,log_age_cash_change,ods_a168_log_age_cash_change,2026-07-24 01:51:11
312609630,2026-07-24,312609630,7,142939939,,0,0,89.6500,2026-07-24 00:07:06,,0.0000,49351,19306264.7300,0,a168,log_age_cash_change,ods_a168_log_age_cash_change,2026-07-24 01:51:11
312609645,2026-07-24,312609645,7,151466386,,0,0,18.0000,2026-07-24 00:07:16,,0.1500,56121,4982845.0000,0,a168,log_age_cash_change,ods_a168_log_age_cash_change,2026-07-24 01:51:11
312609651,2026-07-24,312609651,7,147599413,,0,0,2029.0000,2026-07-24 00:07:22,,0.0000,42928,47084264.1200,0,a168,log_age_cash_change,ods_a168_log_age_cash_change,2026-07-24 01:51:11
312609666,2026-07-24,312609666,7,118434867,,0,0,0.4300,2026-07-24 00:07:31,,0.0000,43049,96533881.6700,0,a168,log_age_cash_change,ods_a168_log_age_cash_change,2026-07-24 01:51:11
312609672,2026-07-24,312609672,7,153378385,,0,0,1211.0000,2026-07-24 00:07:34,,0.0000,40975,47768530.3000,0,a168,log_age_cash_change,ods_a168_log_age_cash_change,2026-07-24 01:51:11
312609679,2026-07-24,312609679,7,140606539,,0,0,-0.5500,2026-07-24 00:07:39,,0.5500,33086,42376768.8200,0,a168,log_age_cash_change,ods_a168_log_age_cash_change,2026-07-24 01:51:11
312609687,2026-07-24,312609687,7,149041723,,0,0,-0.6900,2026-07-24 00:07:42,,0.6900,56037,24732914.7600,0,a168,log_age_cash_change,ods_a168_log_age_cash_change,2026-07-24 01:51:11
312609693,2026-07-24,312609693,7,151599202,,0,0,1800.8700,2026-07-24 00:07:48,,0.0000,43554,24947075.5100,0,a168,log_age_cash_change,ods_a168_log_age_cash_change,2026-07-24 01:51:11
312609698,2026-07-24,312609698,7,153378391,,0,0,8.9200,2026-07-24 00:07:54,,0.0000,43737,499710244.9400,0,a168,log_age_cash_change,ods_a168_log_age_cash_change,2026-07-24 01:51:11
312609702,2026-07-24,312609702,7,68795816,,0,0,17.4000,2026-07-24 00:07:55,,1009.6900,43159,76352064.1400,0,a168,log_age_cash_change,ods_a168_log_age_cash_change,2026-07-24 01:51:11
312609709,2026-07-24,312609709,7,151709398,,0,0,1500.0000,2026-07-24 00:07:58,,0.1200,52258,105240042.0000,0,a168,log_age_cash_change,ods_a168_log_age_cash_change,2026-07-24 01:51:11
312609716,2026-07-24,312609716,7,18593996,A,3,26487,350.0000,2026-07-24 00:08:01,,0.9000,26487,1893569.4400,0,a168,log_age_cash_change,ods_a168_log_age_cash_change,2026-07-24 01:51:11
312609721,2026-07-24,312609721,7,153378400,,0,0,100.4000,2026-07-24 00:08:04,,0.0000,55737,1460622.3500,0,a168,log_age_cash_change,ods_a168_log_age_cash_change,2026-07-24 01:51:11
312609735,2026-07-24,312609735,7,153378404,,0,0,0.3400,2026-07-24 00:08:12,,0.0000,53326,12492869.1800,0,a168,log_age_cash_change,ods_a168_log_age_cash_change,2026-07-24 01:51:11
312609740,2026-07-24,312609740,7,152344707,,0,0,500.0000,2026-07-24 00:08:15,,0.0800,53369,2231211.0900,0,a168,log_age_cash_change,ods_a168_log_age_cash_change,2026-07-24 01:51:11
312609754,2026-07-24,312609754,7,153378409,,0,0,0.0200,2026-07-24 00:08:20,,0.0000,55737,1460672.2300,0,a168,log_age_cash_change,ods_a168_log_age_cash_change,2026-07-24 01:51:11
312609763,2026-07-24,312609763,7,153378411,,0,0,2.5300,2026-07-24 00:08:27,,0.0000,43159,76352544.2300,0,a168,log_age_cash_change,ods_a168_log_age_cash_change,2026-07-24 01:51:11
312609768,2026-07-24,312609768,7,556418,,0,0,-72.0000,2026-07-24 00:08:32,,72.3000,1258,95200260.9199,0,a168,log_age_cash_change,ods_a168_log_age_cash_change,2026-07-24 01:51:11
312609777,2026-07-24,312609777,7,115992145,,0,0,36.7800,2026-07-24 00:08:35,,0.0000,43159,76352541.7000,0,a168,log_age_cash_change,ods_a168_log_age_cash_change,2026-07-24 01:51:11
312609782,2026-07-24,312609782,7,145499376,,0,0,-1980107.0100,2026-07-24 00:08:39,,1980107.0100,39510,46814919161.2599,0,a168,log_age_cash_change,ods_a168_log_age_cash_change,2026-07-24 01:51:11
312609789,2026-07-24,312609789,7,151931293,,0,0,-872.4500,2026-07-24 00:08:42,,872.4500,39519,45535009.2000,0,a168,log_age_cash_change,ods_a168_log_age_cash_change,2026-07-24 01:51:11
312609796,2026-07-24,312609796,7,147453796,,0,0,4000.0000,2026-07-24 00:08:50,,4000.7300,55805,159299.7000,0,a168,log_age_cash_change,ods_a168_log_age_cash_change,2026-07-24 01:51:11
312609804,2026-07-24,312609804,7,151016723,,0,0,101.0000,2026-07-24 00:08:57,,0.0000,14585,214481667.4850,0,a168,log_age_cash_change,ods_a168_log_age_cash_change,2026-07-24 01:51:11
312609810,2026-07-24,312609810,7,110684478,,0,0,-100.4500,2026-07-24 00:09:00,,100.4500,41033,27229478.9900,0,a168,log_age_cash_change,ods_a168_log_age_cash_change,2026-07-24 01:51:11
312609827,2026-07-24,312609827,7,153376265,,0,0,-0.8600,2026-07-24 00:09:14,,0.8600,54196,46479102.8800,0,a168,log_age_cash_change,ods_a168_log_age_cash_change,2026-07-24 01:51:11
312609833,2026-07-24,312609833,7,153378411,,0,0,-2.5300,2026-07-24 00:09:19,,2.5300,43159,76350122.5500,0,a168,log_age_cash_change,ods_a168_log_age_cash_change,2026-07-24 01:51:11
312609838,2026-07-24,312609838,7,150187605,,0,0,1.0000,2026-07-24 00:09:21,,0.9700,25938,49724757.6700,0,a168,log_age_cash_change,ods_a168_log_age_cash_change,2026-07-24 01:51:11
312609846,2026-07-24,312609846,7,153377205,,0,0,618.7800,2026-07-24 00:09:26,,0.0000,56037,24727769.0000,0,a168,log_age_cash_change,ods_a168_log_age_cash_change,2026-07-24 01:51:11
312609852,2026-07-24,312609852,7,152064290,,0,0,-50.0000,2026-07-24 00:09:30,,650.0000,18362,474631308.1300,0,a168,log_age_cash_change,ods_a168_log_age_cash_change,2026-07-24 01:51:11
312609859,2026-07-24,312609859,7,153376035,,0,0,-0.2400,2026-07-24 00:09:33,,0.2400,55737,1458457.5600,0,a168,log_age_cash_change,ods_a168_log_age_cash_change,2026-07-24 01:51:11
312609865,2026-07-24,312609865,7,148530360,,0,0,6.5500,2026-07-24 00:09:36,,0.6300,56037,24727125.3200,0,a168,log_age_cash_change,ods_a168_log_age_cash_change,2026-07-24 01:51:11
312609871,2026-07-24,312609871,7,151494340,,0,0,100.0000,2026-07-24 00:09:40,,0.0000,26139,49689630.7000,0,a168,log_age_cash_change,ods_a168_log_age_cash_change,2026-07-24 01:51:11
312609884,2026-07-24,312609884,7,140913664,,0,0,-1507.5000,2026-07-24 00:09:45,,1507.5000,52489,9767794.2400,0,a168,log_age_cash_change,ods_a168_log_age_cash_change,2026-07-24 01:51:11
312609890,2026-07-24,312609890,7,152227633,,0,0,-0.8400,2026-07-24 00:09:48,,0.8400,44208,30653562.3200,0,a168,log_age_cash_change,ods_a168_log_age_cash_change,2026-07-24 01:51:11
312609901,2026-07-24,312609901,7,131007891,,0,0,136.9900,2026-07-24 00:09:53,,0.0000,22973,426659299.7000,0,a168,log_age_cash_change,ods_a168_log_age_cash_change,2026-07-24 01:51:11
312609915,2026-07-24,312609915,7,142008133,,0,0,1.0000,2026-07-24 00:10:02,,1011.0000,30105,50226482.2270,0,a168,log_age_cash_change,ods_a168_log_age_cash_change,2026-07-24 01:51:11
312609922,2026-07-24,312609922,7,145178156,,0,0,6003.0500,2026-07-24 00:10:06,,0.0000,43159,76392131.1400,0,a168,log_age_cash_change,ods_a168_log_age_cash_change,2026-07-24 01:51:11
312609929,2026-07-24,312609929,7,62630812,,0,0,-14573.0000,2026-07-24 00:10:17,,14573.0000,42928,47067773.1200,0,a168,log_age_cash_change,ods_a168_log_age_cash_change,2026-07-24 01:51:11
312609936,2026-07-24,312609936,7,120725034,,0,0,-452.6500,2026-07-24 00:10:21,,452.6500,19105,431244113.9100,0,a168,log_age_cash_change,ods_a168_log_age_cash_change,2026-07-24 01:51:11
312609943,2026-07-24,312609943,7,149914342,,0,0,117.8000,2026-07-24 00:10:28,,0.0000,56037,24723744.3100,0,a168,log_age_cash_change,ods_a168_log_age_cash_change,2026-07-24 01:51:11
312609948,2026-07-24,312609948,7,153241225,,0,0,-0.2600,2026-07-24 00:10:31,,0.2600,53369,2230511.0900,0,a168,log_age_cash_change,ods_a168_log_age_cash_change,2026-07-24 01:51:11
312609957,2026-07-24,312609957,7,149687133,,0,0,-0.2000,2026-07-24 00:10:37,,0.2000,55737,1458148.2800,0,a168,log_age_cash_change,ods_a168_log_age_cash_change,2026-07-24 01:51:11
312609960,2026-07-24,312609960,7,85604059,,0,0,-3513.9400,2026-07-24 00:10:39,,3513.9400,43159,76386129.5600,0,a168,log_age_cash_change,ods_a168_log_age_cash_change,2026-07-24 01:51:11
312609974,2026-07-24,312609974,7,150825310,,0,0,706.0000,2026-07-24 00:10:52,,0.5000,45959,48948215.0000,0,a168,log_age_cash_change,ods_a168_log_age_cash_change,2026-07-24 01:51:11
312609981,2026-07-24,312609981,7,148755004,,0,0,-0.2500,2026-07-24 00:10:57,,0.2500,56037,24723594.1700,0,a168,log_age_cash_change,ods_a168_log_age_cash_change,2026-07-24 01:51:11
312609995,2026-07-24,312609995,7,152344707,,0,0,-6000.0800,2026-07-24 00:11:06,,6000.0800,53369,2230511.3500,0,a168,log_age_cash_change,ods_a168_log_age_cash_change,2026-07-24 01:51:11
312610007,2026-07-24,312610007,7,148862983,,0,0,50.2100,2026-07-24 00:11:11,,0.0000,56037,24721347.0700,0,a168,log_age_cash_change,ods_a168_log_age_cash_change,2026-07-24 01:51:11
312610013,2026-07-24,312610013,7,153377904,,0,0,-0.1300,2026-07-24 00:11:14,,0.1300,43862,438301763.8700,0,a168,log_age_cash_change,ods_a168_log_age_cash_change,2026-07-24 01:51:11
312610018,2026-07-24,312610018,7,140388581,,0,0,293.0400,2026-07-24 00:11:19,,0.0000,43159,76384931.6900,0,a168,log_age_cash_change,ods_a168_log_age_cash_change,2026-07-24 01:51:11
312610024,2026-07-24,312610024,7,152790632,,0,0,7.5200,2026-07-24 00:11:20,,0.0000,56037,24721296.8600,0,a168,log_age_cash_change,ods_a168_log_age_cash_change,2026-07-24 01:51:11
312610030,2026-07-24,312610030,7,153378489,,0,0,107.4600,2026-07-24 00:11:28,,0.0000,55737,1459286.6300,0,a168,log_age_cash_change,ods_a168_log_age_cash_change,2026-07-24 01:51:11
312610045,2026-07-24,312610045,7,149517788,,0,0,-11605.0000,2026-07-24 00:11:34,,11605.0000,18503,340634583.9700,0,a168,log_age_cash_change,ods_a168_log_age_cash_change,2026-07-24 01:51:11
312610051,2026-07-24,312610051,7,132795814,,0,0,85.1400,2026-07-24 00:11:36,,0.0000,53326,12492429.7100,0,a168,log_age_cash_change,ods_a168_log_age_cash_change,2026-07-24 01:51:11
312610066,2026-07-24,312610066,7,151492051,,0,0,0.3400,2026-07-24 00:11:50,,18.0000,51807,46503540.7200,0,a168,log_age_cash_change,ods_a168_log_age_cash_change,2026-07-24 01:51:11
312610072,2026-07-24,312610072,7,153279262,,0,0,-0.1900,2026-07-24 00:11:52,,0.1900,56365,49876755.2700,0,a168,log_age_cash_change,ods_a168_log_age_cash_change,2026-07-24 01:51:11
312610079,2026-07-24,312610079,7,153378497,,0,0,0.3100,2026-07-24 00:11:54,,0.0000,56037,24725716.1100,0,a168,log_age_cash_change,ods_a168_log_age_cash_change,2026-07-24 01:51:11
312610087,2026-07-24,312610087,7,148475298,,0,0,-0.0200,2026-07-24 00:11:59,,0.0200,56037,24725509.7200,0,a168,log_age_cash_change,ods_a168_log_age_cash_change,2026-07-24 01:51:11
312610093,2026-07-24,312610093,7,148915419,,0,0,-4.8700,2026-07-24 00:12:03,,4.8700,56037,24725403.5900,0,a168,log_age_cash_change,ods_a168_log_age_cash_change,2026-07-24 01:51:11
312610098,2026-07-24,312610098,7,145559705,,0,0,500.1700,2026-07-24 00:12:09,,0.0000,53369,2236011.4300,0,a168,log_age_cash_change,ods_a168_log_age_cash_change,2026-07-24 01:51:11
312610102,2026-07-24,312610102,7,127631452,,0,0,120.1100,2026-07-24 00:12:13,,0.0000,43159,76380323.4600,0,a168,log_age_cash_change,ods_a168_log_age_cash_change,2026-07-24 01:51:11
312610109,2026-07-24,312610109,7,148641818,,0,0,0.6500,2026-07-24 00:12:21,,0.0000,56037,24725106.9100,0,a168,log_age_cash_change,ods_a168_log_age_cash_change,2026-07-24 01:51:11
312610116,2026-07-24,312610116,7,153378508,,0,0,105.3100,2026-07-24 00:12:27,,0.0000,55805,155300.5000,0,a168,log_age_cash_change,ods_a168_log_age_cash_change,2026-07-24 01:51:11
312610121,2026-07-24,312610121,7,110128052,,0,0,88.0000,2026-07-24 00:12:32,,0.2500,42413,30165482.1700,0,a168,log_age_cash_change,ods_a168_log_age_cash_change,2026-07-24 01:51:11
312610135,2026-07-24,312610135,7,153378515,,0,0,0.0300,2026-07-24 00:12:40,,0.0000,44208,30647361.2900,0,a168,log_age_cash_change,ods_a168_log_age_cash_change,2026-07-24 01:51:11
312610140,2026-07-24,312610140,7,153378517,,0,0,3000.0000,2026-07-24 00:12:44,,0.0000,55172,4888398.7000,0,a168,log_age_cash_change,ods_a168_log_age_cash_change,2026-07-24 01:51:11
312610154,2026-07-24,312610154,7,150752707,,0,0,381.0300,2026-07-24 00:12:52,,0.0000,51588,6627817.3200,0,a168,log_age_cash_change,ods_a168_log_age_cash_change,2026-07-24 01:51:11
312610163,2026-07-24,312610163,7,153378521,,0,0,-0.2500,2026-07-24 00:12:58,,0.2500,30729,240993229.5400,0,a168,log_age_cash_change,ods_a168_log_age_cash_change,2026-07-24 01:51:11
312610168,2026-07-24,312610168,7,153378531,,0,0,3.3000,2026-07-24 00:13:02,,0.0000,55737,1458043.2800,0,a168,log_age_cash_change,ods_a168_log_age_cash_change,2026-07-24 01:51:11
312610177,2026-07-24,312610177,7,151911930,,0,0,6099.3900,2026-07-24 00:13:10,,0.0000,44854,18949315.0748,0,a168,log_age_cash_change,ods_a168_log_age_cash_change,2026-07-24 01:51:11
312610182,2026-07-24,312610182,7,148662743,,0,0,-3.4000,2026-07-24 00:13:12,,3.4000,51050,3533900.4800,0,a168,log_age_cash_change,ods_a168_log_age_cash_change,2026-07-24 01:51:11
312610189,2026-07-24,312610189,7,153172743,,0,0,5005.0000,2026-07-24 00:13:13,,0.0800,43049,96494184.6400,0,a168,log_age_cash_change,ods_a168_log_age_cash_change,2026-07-24 01:51:11
312610196,2026-07-24,312610196,7,72994426,,0,0,1248.0000,2026-07-24 00:13:17,,0.0500,12652,41021792.0750,0,a168,log_age_cash_change,ods_a168_log_age_cash_change,2026-07-24 01:51:11
312610206,2026-07-24,312610206,7,146864409,,0,0,-904.6800,2026-07-24 00:13:20,,904.6800,55805,154395.8200,0,a168,log_age_cash_change,ods_a168_log_age_cash_change,2026-07-24 01:51:11
312610212,2026-07-24,312610212,7,35479938,,0,0,-727.0000,2026-07-24 00:13:23,,727.0700,12652,41020544.0750,0,a168,log_age_cash_change,ods_a168_log_age_cash_change,2026-07-24 01:51:11
312610219,2026-07-24,312610219,7,153001034,,0,0,-7475.3700,2026-07-24 00:13:26,,7475.3700,33025,34403883.9300,0,a168,log_age_cash_change,ods_a168_log_age_cash_change,2026-07-24 01:51:11
312610225,2026-07-24,312610225,7,153378415,,0,0,-11.0100,2026-07-24 00:13:31,,11.0100,54196,46482800.8200,0,a168,log_age_cash_change,ods_a168_log_age_cash_change,2026-07-24 01:51:11
312610231,2026-07-24,312610231,7,151857795,,0,0,9.6600,2026-07-24 00:13:34,,0.0000,48363,43912961.6000,0,a168,log_age_cash_change,ods_a168_log_age_cash_change,2026-07-24 01:51:11
312610244,2026-07-24,312610244,7,150389642,,0,0,-17006.6600,2026-07-24 00:13:40,,17006.6600,43862,438301764.0000,0,a168,log_age_cash_change,ods_a168_log_age_cash_change,2026-07-24 01:51:11
312610250,2026-07-24,312610250,7,104533600,,0,0,-21.0000,2026-07-24 00:13:42,,21.4400,12652,41021250.0750,0,a168,log_age_cash_change,ods_a168_log_age_cash_change,2026-07-24 01:51:11
312610267,2026-07-24,312610267,7,148416649,,0,0,155.4600,2026-07-24 00:13:54,,40.5300,56037,24732192.4900,0,a168,log_age_cash_change,ods_a168_log_age_cash_change,2026-07-24 01:51:11
312610273,2026-07-24,312610273,7,111470508,,0,0,-685.2700,2026-07-24 00:13:55,,685.2700,43159,76374826.7600,0,a168,log_age_cash_change,ods_a168_log_age_cash_change,2026-07-24 01:51:11
312610278,2026-07-24,312610278,7,111822067,,0,0,-300.9800,2026-07-24 00:13:57,,300.9800,43159,76375512.0700,0,a168,log_age_cash_change,ods_a168_log_age_cash_change,2026-07-24 01:51:11
312610286,2026-07-24,312610286,7,142008133,,0,0,1.0000,2026-07-24 00:14:02,,1011.0000,30105,50226482.2270,0,a168,log_age_cash_change,ods_a168_log_age_cash_change,2026-07-24 01:51:11
312610292,2026-07-24,312610292,7,150285881,,0,0,1027.2400,2026-07-24 00:14:03,,0.0000,43554,24945891.9600,0,a168,log_age_cash_change,ods_a168_log_age_cash_change,2026-07-24 01:51:11
312610299,2026-07-24,312610299,7,143805656,,0,0,572.2200,2026-07-24 00:14:07,,0.0000,43159,76365773.3800,0,a168,log_age_cash_change,ods_a168_log_age_cash_change,2026-07-24 01:51:11
312610303,2026-07-24,312610303,7,153086532,,0,0,-0.4900,2026-07-24 00:14:11,,0.4900,56037,24724889.9900,0,a168,log_age_cash_change,ods_a168_log_age_cash_change,2026-07-24 01:51:11
312610308,2026-07-24,312610308,7,148786910,,0,0,-4360.0000,2026-07-24 00:14:13,,4360.2000,47687,4785958.0000,0,a168,log_age_cash_change,ods_a168_log_age_cash_change,2026-07-24 01:51:11
312610317,2026-07-24,312610317,7,150244655,,0,0,500.0000,2026-07-24 00:14:23,,0.0000,48695,44678407.3100,0,a168,log_age_cash_change,ods_a168_log_age_cash_change,2026-07-24 01:51:11
312610320,2026-07-24,312610320,7,153002624,,0,0,21.0000,2026-07-24 00:14:25,,0.0000,42928,47083256.1200,0,a168,log_age_cash_change,ods_a168_log_age_cash_change,2026-07-24 01:51:11
312610334,2026-07-24,312610334,7,151687274,,0,0,-0.1600,2026-07-24 00:14:34,,0.1600,43159,76365303.8100,0,a168,log_age_cash_change,ods_a168_log_age_cash_change,2026-07-24 01:51:11
312610341,2026-07-24,312610341,7,153323127,,0,0,-0.2700,2026-07-24 00:14:38,,0.2700,56037,24728857.7100,0,a168,log_age_cash_change,ods_a168_log_age_cash_change,2026-07-24 01:51:11
312610355,2026-07-24,312610355,7,149068935,,0,0,30.3600,2026-07-24 00:14:49,,0.0000,56037,24729318.1100,0,a168,log_age_cash_change,ods_a168_log_age_cash_change,2026-07-24 01:51:11
312610362,2026-07-24,312610362,7,151004866,,0,0,-82.7900,2026-07-24 00:14:52,,82.7900,56037,24729287.7500,0,a168,log_age_cash_change,ods_a168_log_age_cash_change,2026-07-24 01:51:11
312610369,2026-07-24,312610369,7,141554249,,0,0,-0.0500,2026-07-24 00:14:59,,0.0500,43159,76365362.6300,0,a168,log_age_cash_change,ods_a168_log_age_cash_change,2026-07-24 01:51:11
312610376,2026-07-24,312610376,7,151955290,,0,0,200.6000,2026-07-24 00:15:02,,0.0000,43159,76364860.0600,0,a168,log_age_cash_change,ods_a168_log_age_cash_change,2026-07-24 01:51:11
312610383,2026-07-24,312610383,7,153378552,,0,0,-0.2000,2026-07-24 00:15:07,,0.2000,56037,24728213.6900,0,a168,log_age_cash_change,ods_a168_log_age_cash_change,2026-07-24 01:51:11
312610388,2026-07-24,312610388,7,97519176,,0,0,1048.5400,2026-07-24 00:15:10,,0.0000,33026,41017617.8100,0,a168,log_age_cash_change,ods_a168_log_age_cash_change,2026-07-24 01:51:11
312610397,2026-07-24,312610397,7,54706527,,0,0,0.1300,2026-07-24 00:15:16,,0.0000,33086,42355753.6400,0,a168,log_age_cash_change,ods_a168_log_age_cash_change,2026-07-24 01:51:11
312610405,2026-07-24,312610405,7,153315676,,0,0,145.2500,2026-07-24 00:15:19,,0.0000,55737,1458038.4800,0,a168,log_age_cash_change,ods_a168_log_age_cash_change,2026-07-24 01:51:11
312610411,2026-07-24,312610411,7,151687665,,0,0,1000.7000,2026-07-24 00:15:22,,0.0000,30729,240993229.7900,0,a168,log_age_cash_change,ods_a168_log_age_cash_change,2026-07-24 01:51:11
312610426,2026-07-24,312610426,7,148315537,,0,0,1000.0000,2026-07-24 00:15:30,,0.9300,51807,46493049.0000,0,a168,log_age_cash_change,ods_a168_log_age_cash_change,2026-07-24 01:51:11
312610432,2026-07-24,312610432,7,153375916,,0,0,0.1500,2026-07-24 00:15:33,,0.0000,33024,3079712.3000,0,a168,log_age_cash_change,ods_a168_log_age_cash_change,2026-07-24 01:51:11
312610439,2026-07-24,312610439,7,153166456,,0,0,-0.5000,2026-07-24 00:15:39,,0.5000,51028,4387249.9250,0,a168,log_age_cash_change,ods_a168_log_age_cash_change,2026-07-24 01:51:11
312610447,2026-07-24,312610447,7,124583359,,0,0,-0.5900,2026-07-24 00:15:45,,0.5900,52489,9769301.7400,0,a168,log_age_cash_change,ods_a168_log_age_cash_change,2026-07-24 01:51:11
312610453,2026-07-24,312610453,7,151153196,,0,0,10.0000,2026-07-24 00:15:47,,0.0000,51037,4863399.0300,0,a168,log_age_cash_change,ods_a168_log_age_cash_change,2026-07-24 01:51:11
312610458,2026-07-24,312610458,7,108092075,,0,0,-1600.5100,2026-07-24 00:15:48,,1600.5100,43554,24942752.0400,0,a168,log_age_cash_change,ods_a168_log_age_cash_change,2026-07-24 01:51:11
312610464,2026-07-24,312610464,7,149003841,,0,0,-55.1400,2026-07-24 00:15:49,,55.1400,43554,24944352.5500,0,a168,log_age_cash_change,ods_a168_log_age_cash_change,2026-07-24 01:51:11
312610470,2026-07-24,312610470,7,147528344,,0,0,29.4900,2026-07-24 00:15:54,,0.0000,55805,154112.2900,0,a168,log_age_cash_change,ods_a168_log_age_cash_change,2026-07-24 01:51:11
312610485,2026-07-24,312610485,7,153378627,,0,0,1.8500,2026-07-24 00:16:04,,0.0000,55737,1457913.7600,0,a168,log_age_cash_change,ods_a168_log_age_cash_change,2026-07-24 01:51:11
312610491,2026-07-24,312610491,7,146065737,,0,0,760000.4000,2026-07-24 00:16:10,,0.0000,50073,3304015808.2000,0,a168,log_age_cash_change,ods_a168_log_age_cash_change,2026-07-24 01:51:11
312610500,2026-07-24,312610500,7,145403173,,0,0,300.0000,2026-07-24 00:16:15,,0.2000,52258,105249182.0000,0,a168,log_age_cash_change,ods_a168_log_age_cash_change,2026-07-24 01:51:11
312610514,2026-07-24,312610514,7,106521584,,0,0,0.3100,2026-07-24 00:16:25,,0.0000,43365,132880372.7900,0,a168,log_age_cash_change,ods_a168_log_age_cash_change,2026-07-24 01:51:11
312610523,2026-07-24,312610523,7,151273555,,0,0,-300.2700,2026-07-24 00:16:34,,300.2700,39519,45534699.9300,0,a168,log_age_cash_change,ods_a168_log_age_cash_change,2026-07-24 01:51:11
312610528,2026-07-24,312610528,7,152835043,,0,0,-5.2500,2026-07-24 00:16:37,,5.2500,55737,1458037.0600,0,a168,log_age_cash_change,ods_a168_log_age_cash_change,2026-07-24 01:51:11
312610537,2026-07-24,312610537,7,153378627,,0,0,-1.8500,2026-07-24 00:16:42,,1.8500,55737,1458042.3100,0,a168,log_age_cash_change,ods_a168_log_age_cash_change,2026-07-24 01:51:11
312610542,2026-07-24,312610542,7,152913528,,0,0,-9.7700,2026-07-24 00:16:44,,9.7700,56037,24727293.9500,0,a168,log_age_cash_change,ods_a168_log_age_cash_change,2026-07-24 01:51:11
312610549,2026-07-24,312610549,7,153366251,,0,0,587.0900,2026-07-24 00:16:51,,0.0000,44854,18944553.1248,0,a168,log_age_cash_change,ods_a168_log_age_cash_change,2026-07-24 01:51:11
312610556,2026-07-24,312610556,7,79833444,,0,0,-0.3800,2026-07-24 00:16:58,,0.3800,19105,431241272.5600,0,a168,log_age_cash_change,ods_a168_log_age_cash_change,2026-07-24 01:51:11
312610561,2026-07-24,312610561,7,151494340,,0,0,100.0000,2026-07-24 00:17:01,,0.0000,26139,49689530.7000,0,a168,log_age_cash_change,ods_a168_log_age_cash_change,2026-07-24 01:51:11
312610575,2026-07-24,312610575,7,91028370,,0,0,-340.6900,2026-07-24 00:17:07,,340.6900,8212,49604285.2100,0,a168,log_age_cash_change,ods_a168_log_age_cash_change,2026-07-24 01:51:11
312610580,2026-07-24,312610580,7,149159039,,0,0,0.3700,2026-07-24 00:17:09,,0.0000,56037,24726875.9800,0,a168,log_age_cash_change,ods_a168_log_age_cash_change,2026-07-24 01:51:11
312610594,2026-07-24,312610594,7,153378648,,0,0,18.1100,2026-07-24 00:17:15,,0.0000,45463,40581812.2400,0,a168,log_age_cash_change,ods_a168_log_age_cash_change,2026-07-24 01:51:11
312610604,2026-07-24,312610604,7,107461739,,0,0,-2626.2000,2026-07-24 00:17:24,,2626.2000,33024,3078712.1500,0,a168,log_age_cash_change,ods_a168_log_age_cash_change,2026-07-24 01:51:11
312610610,2026-07-24,312610610,7,153374546,,0,0,-488.0000,2026-07-24 00:17:26,,488.0000,43159,76363010.0300,0,a168,log_age_cash_change,ods_a168_log_age_cash_change,2026-07-24 01:51:11
312610627,2026-07-24,312610627,7,72634316,,0,0,-828.0000,2026-07-24 00:17:33,,828.8500,44815,49910059.5500,0,a168,log_age_cash_change,ods_a168_log_age_cash_change,2026-07-24 01:51:11
312610633,2026-07-24,312610633,7,153378648,,0,0,-18.1100,2026-07-24 00:17:37,,18.1100,45463,40581794.1300,0,a168,log_age_cash_change,ods_a168_log_age_cash_change,2026-07-24 01:51:11
312610638,2026-07-24,312610638,7,153378663,,0,0,550.0000,2026-07-24 00:17:40,,0.0000,33025,34411359.3000,0,a168,log_age_cash_change,ods_a168_log_age_cash_change,2026-07-24 01:51:11
312610646,2026-07-24,312610646,7,122553026,,0,0,492.0000,2026-07-24 00:17:43,,0.2400,52258,105243452.0000,0,a168,log_age_cash_change,ods_a168_log_age_cash_change,2026-07-24 01:51:11
312610652,2026-07-24,312610652,7,152924095,,0,0,-5.0000,2026-07-24 00:17:46,,5.0000,51030,4642468.2200,0,a168,log_age_cash_change,ods_a168_log_age_cash_change,2026-07-24 01:51:11
312610659,2026-07-24,312610659,7,153114102,,0,0,1059.7600,2026-07-24 00:17:49,,0.0000,56037,24726921.6800,0,a168,log_age_cash_change,ods_a168_log_age_cash_change,2026-07-24 01:51:11
312610665,2026-07-24,312610665,7,110985716,,0,0,175.7300,2026-07-24 00:17:55,,0.1000,19105,431241336.3400,0,a168,log_age_cash_change,ods_a168_log_age_cash_change,2026-07-24 01:51:11
312610671,2026-07-24,312610671,7,153378670,,0,0,0.0900,2026-07-24 00:18:00,,0.0000,55737,1458043.7300,0,a168,log_age_cash_change,ods_a168_log_age_cash_change,2026-07-24 01:51:11
312610684,2026-07-24,312610684,7,153378618,,0,0,-530.0000,2026-07-24 00:18:10,,530.4000,52258,105243235.0000,0,a168,log_age_cash_change,ods_a168_log_age_cash_change,2026-07-24 01:51:11
312610690,2026-07-24,312610690,7,152670148,,0,0,205.1600,2026-07-24 00:18:13,,0.0000,43554,24943580.6400,0,a168,log_age_cash_change,ods_a168_log_age_cash_change,2026-07-24 01:51:11
312610701,2026-07-24,312610701,7,149477729,,0,0,100.9800,2026-07-24 00:18:21,,0.0000,56037,24724715.3500,0,a168,log_age_cash_change,ods_a168_log_age_cash_change,2026-07-24 01:51:11
312610715,2026-07-24,312610715,7,153378686,,0,0,0.1000,2026-07-24 00:18:29,,0.0000,56037,24723413.8800,0,a168,log_age_cash_change,ods_a168_log_age_cash_change,2026-07-24 01:51:11
312610722,2026-07-24,312610722,7,149065721,,0,0,-19.6800,2026-07-24 00:18:32,,19.6800,56037,24723413.7800,0,a168,log_age_cash_change,ods_a168_log_age_cash_change,2026-07-24 01:51:11
312610729,2026-07-24,312610729,7,148427120,,0,0,50.2800,2026-07-24 00:18:41,,0.0000,56037,24723433.4600,0,a168,log_age_cash_change,ods_a168_log_age_cash_change,2026-07-24 01:51:11
312610736,2026-07-24,312610736,7,151968928,,0,0,201.2600,2026-07-24 00:18:48,,0.0000,48363,43921790.9100,0,a168,log_age_cash_change,ods_a168_log_age_cash_change,2026-07-24 01:51:11
312610743,2026-07-24,312610743,7,151113231,,0,0,4388.1200,2026-07-24 00:18:51,,0.0000,53326,12491982.4900,0,a168,log_age_cash_change,ods_a168_log_age_cash_change,2026-07-24 01:51:11
312610748,2026-07-24,312610748,7,153378693,,0,0,-1508.0000,2026-07-24 00:18:55,,1508.0000,42928,47082915.1200,0,a168,log_age_cash_change,ods_a168_log_age_cash_change,2026-07-24 01:51:11
312610757,2026-07-24,312610757,7,102647214,,0,0,547.1300,2026-07-24 00:19:03,,0.0000,44208,30634001.5600,0,a168,log_age_cash_change,ods_a168_log_age_cash_change,2026-07-24 01:51:11
312610760,2026-07-24,312610760,7,148475298,,0,0,31663.0200,2026-07-24 00:19:04,,0.0000,56037,24722879.2300,0,a168,log_age_cash_change,ods_a168_log_age_cash_change,2026-07-24 01:51:11
312610774,2026-07-24,312610774,7,133929728,,0,0,-534.5000,2026-07-24 00:19:18,,534.5000,39821,778843.5700,0,a168,log_age_cash_change,ods_a168_log_age_cash_change,2026-07-24 01:51:11
312610781,2026-07-24,312610781,7,122589326,,0,0,-7032.0000,2026-07-24 00:19:22,,7032.5600,52258,105232456.0000,0,a168,log_age_cash_change,ods_a168_log_age_cash_change,2026-07-24 01:51:11
312610795,2026-07-24,312610795,7,148411166,,0,0,235.7900,2026-07-24 00:19:28,,0.5700,56037,24692572.2300,0,a168,log_age_cash_change,ods_a168_log_age_cash_change,2026-07-24 01:51:11
312610807,2026-07-24,312610807,7,151117252,,0,0,500.0000,2026-07-24 00:19:36,,0.0000,55113,49052653.2400,0,a168,log_age_cash_change,ods_a168_log_age_cash_change,2026-07-24 01:51:11
312610813,2026-07-24,312610813,7,112306644,,0,0,3000.0000,2026-07-24 00:19:38,,0.0000,24450,467877062.4400,0,a168,log_age_cash_change,ods_a168_log_age_cash_change,2026-07-24 01:51:11
312610818,2026-07-24,312610818,7,147449848,,0,0,-0.8400,2026-07-24 00:19:40,,0.8400,55805,153970.5500,0,a168,log_age_cash_change,ods_a168_log_age_cash_change,2026-07-24 01:51:11
312610824,2026-07-24,312610824,7,153307314,,0,0,200810.0000,2026-07-24 00:19:45,,0.0000,39510,46816099268.2699,0,a168,log_age_cash_change,ods_a168_log_age_cash_change,2026-07-24 01:51:11
312610830,2026-07-24,312610830,7,43894699,,0,0,-0.8200,2026-07-24 00:19:47,,0.8200,33024,3081338.3500,0,a168,log_age_cash_change,ods_a168_log_age_cash_change,2026-07-24 01:51:11
312610845,2026-07-24,312610845,7,133001456,,0,0,-0.3500,2026-07-24 00:19:57,,0.3500,43159,76206357.2700,0,a168,log_age_cash_change,ods_a168_log_age_cash_change,2026-07-24 01:51:11
312610851,2026-07-24,312610851,7,149183348,,0,0,0.8300,2026-07-24 00:19:59,,0.0000,56037,24691938.8400,0,a168,log_age_cash_change,ods_a168_log_age_cash_change,2026-07-24 01:51:11
312610866,2026-07-24,312610866,7,153378731,,0,0,50.2600,2026-07-24 00:20:11,,0.0000,55737,1459966.6100,0,a168,log_age_cash_change,ods_a168_log_age_cash_change,2026-07-24 01:51:11
312610872,2026-07-24,312610872,7,151459304,,0,0,101.2500,2026-07-24 00:20:14,,0.0400,44208,30633454.4300,0,a168,log_age_cash_change,ods_a168_log_age_cash_change,2026-07-24 01:51:11
312610879,2026-07-24,312610879,7,149183348,,0,0,-0.8300,2026-07-24 00:20:17,,0.8300,56037,24696585.3000,0,a168,log_age_cash_change,ods_a168_log_age_cash_change,2026-07-24 01:51:11
312610887,2026-07-24,312610887,7,150059592,,0,0,602.4100,2026-07-24 00:20:22,,0.0000,56037,24696559.6200,0,a168,log_age_cash_change,ods_a168_log_age_cash_change,2026-07-24 01:51:11
312610893,2026-07-24,312610893,7,153377476,,0,0,-1191.0000,2026-07-24 00:20:23,,1191.0000,51646,16814106.5900,0,a168,log_age_cash_change,ods_a168_log_age_cash_change,2026-07-24 01:51:11
312610898,2026-07-24,312610898,7,87525057,,0,0,-24002.0300,2026-07-24 00:20:25,,24002.0300,43159,76213631.5500,0,a168,log_age_cash_change,ods_a168_log_age_cash_change,2026-07-24 01:51:11
312610902,2026-07-24,312610902,7,152648809,,0,0,-1001.3200,2026-07-24 00:20:27,,1001.3200,43159,76231234.1600,0,a168,log_age_cash_change,ods_a168_log_age_cash_change,2026-07-24 01:51:11
312610909,2026-07-24,312610909,7,150380652,,0,0,1504.5000,2026-07-24 00:20:29,,0.2100,56037,24695985.6400,0,a168,log_age_cash_change,ods_a168_log_age_cash_change,2026-07-24 01:51:11
312610916,2026-07-24,312610916,7,148634748,,0,0,-367.6800,2026-07-24 00:20:35,,367.6800,56037,24694481.1400,0,a168,log_age_cash_change,ods_a168_log_age_cash_change,2026-07-24 01:51:11
312610921,2026-07-24,312610921,7,151557923,,0,0,-0.7300,2026-07-24 00:20:43,,0.7300,43159,76228485.1400,0,a168,log_age_cash_change,ods_a168_log_age_cash_change,2026-07-24 01:51:11
312610935,2026-07-24,312610935,7,143314074,,0,0,-12779.0000,2026-07-24 00:20:52,,12779.4000,52258,105237654.0000,0,a168,log_age_cash_change,ods_a168_log_age_cash_change,2026-07-24 01:51:11
312610940,2026-07-24,312610940,7,128006577,,0,0,17.3000,2026-07-24 00:20:55,,0.0000,48723,38611608.0700,0,a168,log_age_cash_change,ods_a168_log_age_cash_change,2026-07-24 01:51:11
312610954,2026-07-24,312610954,7,152104415,,0,0,-232.0300,2026-07-24 00:21:01,,232.0300,46716,799390.8000,0,a168,log_age_cash_change,ods_a168_log_age_cash_change,2026-07-24 01:51:11
312610963,2026-07-24,312610963,7,118768911,,0,0,40.9200,2026-07-24 00:21:06,,0.0000,43159,76230890.7500,0,a168,log_age_cash_change,ods_a168_log_age_cash_change,2026-07-24 01:51:11
312610968,2026-07-24,312610968,7,114569009,,0,0,-1137.5000,2026-07-24 00:21:12,,1137.5000,44854,18931737.6048,0,a168,log_age_cash_change,ods_a168_log_age_cash_change,2026-07-24 01:51:11
312610977,2026-07-24,312610977,7,107110361,,0,0,5200.1200,2026-07-24 00:21:18,,0.0000,43364,56158736.2300,0,a168,log_age_cash_change,ods_a168_log_age_cash_change,2026-07-24 01:51:11
312610982,2026-07-24,312610982,7,124075465,,0,0,-12419.0000,2026-07-24 00:21:21,,12419.0000,50555,16154180.2025,0,a168,log_age_cash_change,ods_a168_log_age_cash_change,2026-07-24 01:51:11
312610989,2026-07-24,312610989,7,153378765,,0,0,50.1500,2026-07-24 00:21:26,,0.0000,56037,24714412.9500,0,a168,log_age_cash_change,ods_a168_log_age_cash_change,2026-07-24 01:51:11
312610996,2026-07-24,312610996,7,17626573,,0,0,-1300.0000,2026-07-24 00:21:33,,1300.2000,15297,275363343.2900,0,a168,log_age_cash_change,ods_a168_log_age_cash_change,2026-07-24 01:51:11
312611001,2026-07-24,312611001,7,148582907,,0,0,48.7200,2026-07-24 00:21:34,,0.0000,56037,24714362.8000,0,a168,log_age_cash_change,ods_a168_log_age_cash_change,2026-07-24 01:51:11
312611015,2026-07-24,312611015,7,143697665,,0,0,300.1900,2026-07-24 00:21:41,,0.0000,50822,21520944.3100,0,a168,log_age_cash_change,ods_a168_log_age_cash_change,2026-07-24 01:51:11
312611022,2026-07-24,312611022,7,153377560,,0,0,-0.4200,2026-07-24 00:21:45,,0.4200,56037,24709473.5500,0,a168,log_age_cash_change,ods_a168_log_age_cash_change,2026-07-24 01:51:11
312611029,2026-07-24,312611029,7,152783786,,0,0,-4.1000,2026-07-24 00:21:53,,4.1000,56037,24709474.9300,0,a168,log_age_cash_change,ods_a168_log_age_cash_change,2026-07-24 01:51:11
312611036,2026-07-24,312611036,7,153378780,,0,0,0.4300,2026-07-24 00:21:57,,0.0000,48363,43920746.8500,0,a168,log_age_cash_change,ods_a168_log_age_cash_change,2026-07-24 01:51:11
312611043,2026-07-24,312611043,7,142020180,,0,0,2040.0000,2026-07-24 00:22:03,,0.1000,52258,105252601.0000,0,a168,log_age_cash_change,ods_a168_log_age_cash_change,2026-07-24 01:51:11
312611048,2026-07-24,312611048,7,126496598,,0,0,-0.4300,2026-07-24 00:22:05,,0.4350,43049,96463818.5900,0,a168,log_age_cash_change,ods_a168_log_age_cash_change,2026-07-24 01:51:11
312611057,2026-07-24,312611057,7,151989477,,0,0,-698.3990,2026-07-24 00:22:10,,698.3990,55792,1713482.3904,0,a168,log_age_cash_change,ods_a168_log_age_cash_change,2026-07-24 01:51:11
312611060,2026-07-24,312611060,7,153147958,,0,0,5159.4300,2026-07-24 00:22:10,,0.0000,47121,49735306.4500,0,a168,log_age_cash_change,ods_a168_log_age_cash_change,2026-07-24 01:51:11
312611074,2026-07-24,312611074,7,111565767,,0,0,-3279.7200,2026-07-24 00:22:18,,3279.7200,43159,76227610.4000,0,a168,log_age_cash_change,ods_a168_log_age_cash_change,2026-07-24 01:51:11
312611081,2026-07-24,312611081,7,153378370,,0,0,-301.3800,2026-07-24 00:22:21,,301.3800,44854,18937210.2348,0,a168,log_age_cash_change,ods_a168_log_age_cash_change,2026-07-24 01:51:11
312611095,2026-07-24,312611095,7,151360297,,0,0,527.6100,2026-07-24 00:22:29,,0.0000,56037,24705846.1100,0,a168,log_age_cash_change,ods_a168_log_age_cash_change,2026-07-24 01:51:11
312611104,2026-07-24,312611104,7,125800078,,0,0,2402.0000,2026-07-24 00:22:41,,0.0000,42928,47084319.6200,0,a168,log_age_cash_change,ods_a168_log_age_cash_change,2026-07-24 01:51:11
312611110,2026-07-24,312611110,7,128437310,,0,0,-358.2300,2026-07-24 00:22:45,,358.2300,46300,46101587.0600,0,a168,log_age_cash_change,ods_a168_log_age_cash_change,2026-07-24 01:51:11
312611127,2026-07-24,312611127,7,153377697,,0,0,-0.1800,2026-07-24 00:22:53,,0.1800,56037,24708050.1500,0,a168,log_age_cash_change,ods_a168_log_age_cash_change,2026-07-24 01:51:11
312611133,2026-07-24,312611133,7,153378778,,0,0,-101.6600,2026-07-24 00:22:59,,101.6600,43159,76229605.0300,0,a168,log_age_cash_change,ods_a168_log_age_cash_change,2026-07-24 01:51:11
312611138,2026-07-24,312611138,7,152104439,,0,0,-0.8500,2026-07-24 00:23:01,,0.8500,46716,800479.6400,0,a168,log_age_cash_change,ods_a168_log_age_cash_change,2026-07-24 01:51:11
312611146,2026-07-24,312611146,7,139116674,,0,0,-0.5000,2026-07-24 00:23:10,,0.5000,19105,431244857.6100,0,a168,log_age_cash_change,ods_a168_log_age_cash_change,2026-07-24 01:51:11
312611152,2026-07-24,312611152,7,48550313,,0,0,407.1500,2026-07-24 00:23:15,,0.0000,34694,15954080.4850,0,a168,log_age_cash_change,ods_a168_log_age_cash_change,2026-07-24 01:51:11
312611159,2026-07-24,312611159,7,127359624,,0,0,200.6800,2026-07-24 00:23:21,,0.0000,43159,76229205.6900,0,a168,log_age_cash_change,ods_a168_log_age_cash_change,2026-07-24 01:51:11
312611165,2026-07-24,312611165,7,148448803,,0,0,1404.4500,2026-07-24 00:23:24,,0.0000,56037,24714260.6900,0,a168,log_age_cash_change,ods_a168_log_age_cash_change,2026-07-24 01:51:11
312611171,2026-07-24,312611171,7,66336496,,0,0,13.0000,2026-07-24 00:23:27,,0.3000,40820,19782630.0000,0,a168,log_age_cash_change,ods_a168_log_age_cash_change,2026-07-24 01:51:11
312611184,2026-07-24,312611184,7,140633729,,0,0,-800.9500,2026-07-24 00:23:35,,800.9500,50822,21521244.3100,0,a168,log_age_cash_change,ods_a168_log_age_cash_change,2026-07-24 01:51:11
312611190,2026-07-24,312611190,7,152677454,,0,0,89.2200,2026-07-24 00:23:37,,0.0000,43159,76227131.0800,0,a168,log_age_cash_change,ods_a168_log_age_cash_change,2026-07-24 01:51:11
312611200,2026-07-24,312611200,7,151989477,,0,0,-0.3990,2026-07-24 00:23:41,,0.3990,55792,1713482.3904,0,a168,log_age_cash_change,ods_a168_log_age_cash_change,2026-07-24 01:51:11
312611214,2026-07-24,312611214,7,150602580,,0,0,-6027.4800,2026-07-24 00:23:46,,6027.4800,53326,12484067.5500,0,a168,log_age_cash_change,ods_a168_log_age_cash_change,2026-07-24 01:51:11
312611223,2026-07-24,312611223,7,79604925,,0,0,-378.2000,2026-07-24 00:23:51,,378.2000,44854,18936615.3048,0,a168,log_age_cash_change,ods_a168_log_age_cash_change,2026-07-24 01:51:11
312611228,2026-07-24,312611228,7,142311724,,0,0,800.0000,2026-07-24 00:23:52,,705.6400,52258,105249247.0000,0,a168,log_age_cash_change,ods_a168_log_age_cash_change,2026-07-24 01:51:11
312611237,2026-07-24,312611237,7,150735780,,0,0,1805.0000,2026-07-24 00:23:58,,0.7000,52109,5028487.6600,0,a168,log_age_cash_change,ods_a168_log_age_cash_change,2026-07-24 01:51:11
312611242,2026-07-24,312611242,7,153376432,,0,0,-0.7800,2026-07-24 00:24:00,,0.7800,53655,1030367.0300,0,a168,log_age_cash_change,ods_a168_log_age_cash_change,2026-07-24 01:51:11
312611249,2026-07-24,312611249,7,143820384,,0,0,1003.6400,2026-07-24 00:24:07,,0.0000,43159,76237357.6600,0,a168,log_age_cash_change,ods_a168_log_age_cash_change,2026-07-24 01:51:11
312611256,2026-07-24,312611256,7,149865281,,0,0,71.6700,2026-07-24 00:24:14,,0.0000,54801,47058663.5700,0,a168,log_age_cash_change,ods_a168_log_age_cash_change,2026-07-24 01:51:11
312611261,2026-07-24,312611261,7,149701411,,0,0,-805.6600,2026-07-24 00:24:19,,805.6600,44217,48765533.9500,0,a168,log_age_cash_change,ods_a168_log_age_cash_change,2026-07-24 01:51:11
312611275,2026-07-24,312611275,7,152203454,,0,0,20.3600,2026-07-24 00:24:26,,0.0000,43554,24940904.2400,0,a168,log_age_cash_change,ods_a168_log_age_cash_change,2026-07-24 01:51:11
312611280,2026-07-24,312611280,7,153378850,,0,0,0.1000,2026-07-24 00:24:33,,0.0000,44854,18937294.8848,0,a168,log_age_cash_change,ods_a168_log_age_cash_change,2026-07-24 01:51:11
312611294,2026-07-24,312611294,7,153378856,,0,0,0.1700,2026-07-24 00:24:38,,0.0000,49351,19311154.2500,0,a168,log_age_cash_change,ods_a168_log_age_cash_change,2026-07-24 01:51:11
312611305,2026-07-24,312611305,7,148338722,,0,0,1344.0000,2026-07-24 00:24:47,,0.8000,52258,105247227.0000,0,a168,log_age_cash_change,ods_a168_log_age_cash_change,2026-07-24 01:51:11
312611311,2026-07-24,312611311,7,149873636,,0,0,-200.6000,2026-07-24 00:24:50,,200.6000,56365,49877357.3500,0,a168,log_age_cash_change,ods_a168_log_age_cash_change,2026-07-24 01:51:11
312611326,2026-07-24,312611326,7,152872865,,0,0,-0.7600,2026-07-24 00:25:02,,0.7600,46716,800751.1500,0,a168,log_age_cash_change,ods_a168_log_age_cash_change,2026-07-24 01:51:11
312611332,2026-07-24,312611332,7,118768911,,0,0,60.4200,2026-07-24 00:25:03,,0.0000,43159,76238650.9700,0,a168,log_age_cash_change,ods_a168_log_age_cash_change,2026-07-24 01:51:11
312611339,2026-07-24,312611339,7,153378855,,0,0,-110.2200,2026-07-24 00:25:07,,110.2200,43159,76237386.9500,0,a168,log_age_cash_change,ods_a168_log_age_cash_change,2026-07-24 01:51:11
312611347,2026-07-24,312611347,7,136984344,,0,0,-476.6600,2026-07-24 00:25:14,,476.6600,43554,24940883.8800,0,a168,log_age_cash_change,ods_a168_log_age_cash_change,2026-07-24 01:51:11
312611353,2026-07-24,312611353,7,153378871,,0,0,-4.6300,2026-07-24 00:25:20,,4.6300,56037,24701675.3800,0,a168,log_age_cash_change,ods_a168_log_age_cash_change,2026-07-24 01:51:11
312611358,2026-07-24,312611358,7,100417166,,0,0,6.0900,2026-07-24 00:25:22,,0.0000,48093,32955750.2100,0,a168,log_age_cash_change,ods_a168_log_age_cash_change,2026-07-24 01:51:11
312611364,2026-07-24,312611364,7,141601284,,0,0,-8140.2200,2026-07-24 00:25:28,,8140.2200,48521,43945452.5600,0,a168,log_age_cash_change,ods_a168_log_age_cash_change,2026-07-24 01:51:11
312611370,2026-07-24,312611370,7,153378358,,0,0,-100.3000,2026-07-24 00:25:32,,100.3000,55737,1457906.2100,0,a168,log_age_cash_change,ods_a168_log_age_cash_change,2026-07-24 01:51:11
312611385,2026-07-24,312611385,7,153378880,,0,0,36.5300,2026-07-24 00:25:43,,0.0000,55737,1458006.3400,0,a168,log_age_cash_change,ods_a168_log_age_cash_change,2026-07-24 01:51:11
312611391,2026-07-24,312611391,7,97017302,,0,0,8329.8300,2026-07-24 00:25:50,,0.0000,44854,18931594.4148,0,a168,log_age_cash_change,ods_a168_log_age_cash_change,2026-07-24 01:51:11
312611403,2026-07-24,312611403,7,153378876,,0,0,-0.8300,2026-07-24 00:26:02,,0.8300,56037,24700809.1900,0,a168,log_age_cash_change,ods_a168_log_age_cash_change,2026-07-24 01:51:11
312611408,2026-07-24,312611408,7,75506679,,0,0,18.9000,2026-07-24 00:26:03,,0.0000,43159,76227135.7100,0,a168,log_age_cash_change,ods_a168_log_age_cash_change,2026-07-24 01:51:11
312611417,2026-07-24,312611417,7,128006577,,0,0,-73.3000,2026-07-24 00:26:09,,73.3000,48723,38611590.7700,0,a168,log_age_cash_change,ods_a168_log_age_cash_change,2026-07-24 01:51:11
312611420,2026-07-24,312611420,7,151542259,,0,0,135.9300,2026-07-24 00:26:10,,0.0000,43159,76226816.2100,0,a168,log_age_cash_change,ods_a168_log_age_cash_change,2026-07-24 01:51:11
312611434,2026-07-24,312611434,7,148484868,,0,0,-53.7100,2026-07-24 00:26:18,,53.7100,56037,24702660.8900,0,a168,log_age_cash_change,ods_a168_log_age_cash_change,2026-07-24 01:51:11
312611441,2026-07-24,312611441,7,150117760,,0,0,-56.7500,2026-07-24 00:26:25,,56.7500,56037,24702714.6000,0,a168,log_age_cash_change,ods_a168_log_age_cash_change,2026-07-24 01:51:11
312611455,2026-07-24,312611455,7,142012712,,0,0,1500.0000,2026-07-24 00:26:31,,200.9800,52258,105259531.0000,0,a168,log_age_cash_change,ods_a168_log_age_cash_change,2026-07-24 01:51:11
312611462,2026-07-24,312611462,7,150446426,,0,0,0.6200,2026-07-24 00:26:34,,0.0000,56037,24705085.9300,0,a168,log_age_cash_change,ods_a168_log_age_cash_change,2026-07-24 01:51:11
312611469,2026-07-24,312611469,7,134861465,,0,0,784.9100,2026-07-24 00:26:38,,0.0000,46575,46992334.8000,0,a168,log_age_cash_change,ods_a168_log_age_cash_change,2026-07-24 01:51:11
312611476,2026-07-24,312611476,7,145678391,,0,0,-1816.9600,2026-07-24 00:26:42,,1816.9600,55737,1458005.9600,0,a168,log_age_cash_change,ods_a168_log_age_cash_change,2026-07-24 01:51:11
312611483,2026-07-24,312611483,7,152518074,,0,0,-2.0000,2026-07-24 00:26:45,,2.7500,24450,467873950.4400,0,a168,log_age_cash_change,ods_a168_log_age_cash_change,2026-07-24 01:51:11
312611488,2026-07-24,312611488,7,137914659,,0,0,-0.4300,2026-07-24 00:26:47,,0.4300,20510,485357211.5100,0,a168,log_age_cash_change,ods_a168_log_age_cash_change,2026-07-24 01:51:11
312611497,2026-07-24,312611497,7,149117276,,0,0,-0.2500,2026-07-24 00:26:50,,0.2500,56037,24705474.7400,0,a168,log_age_cash_change,ods_a168_log_age_cash_change,2026-07-24 01:51:11
312611506,2026-07-24,312611506,7,151360297,,0,0,407.6100,2026-07-24 00:26:54,,0.0000,56037,24705474.9900,0,a168,log_age_cash_change,ods_a168_log_age_cash_change,2026-07-24 01:51:11
312611512,2026-07-24,312611512,7,116734359,,0,0,-24.7000,2026-07-24 00:26:58,,24.7000,43159,76216875.3700,0,a168,log_age_cash_change,ods_a168_log_age_cash_change,2026-07-24 01:51:11
312611519,2026-07-24,312611519,7,152204924,,0,0,-0.2200,2026-07-24 00:27:02,,0.2200,46716,801551.3400,0,a168,log_age_cash_change,ods_a168_log_age_cash_change,2026-07-24 01:51:11
312611525,2026-07-24,312611525,7,153378919,,0,0,0.8400,2026-07-24 00:27:03,,0.0000,44854,18923264.5848,0,a168,log_age_cash_change,ods_a168_log_age_cash_change,2026-07-24 01:51:11
312611531,2026-07-24,312611531,7,153378879,,0,0,-10.4200,2026-07-24 00:27:05,,10.4200,54196,46482399.5800,0,a168,log_age_cash_change,ods_a168_log_age_cash_change,2026-07-24 01:51:11
312611544,2026-07-24,312611544,7,118768911,,0,0,-0.4200,2026-07-24 00:27:12,,0.4200,43159,76222578.1600,0,a168,log_age_cash_change,ods_a168_log_age_cash_change,2026-07-24 01:51:11
312611550,2026-07-24,312611550,7,153378850,,0,0,-0.1000,2026-07-24 00:27:15,,0.1000,44854,18923263.7448,0,a168,log_age_cash_change,ods_a168_log_age_cash_change,2026-07-24 01:51:11
312611567,2026-07-24,312611567,7,153378550,,0,0,5808.1500,2026-07-24 00:27:28,,0.0000,54801,47058591.9000,0,a168,log_age_cash_change,ods_a168_log_age_cash_change,2026-07-24 01:51:11
312611573,2026-07-24,312611573,7,152810142,,0,0,-13263.8600,2026-07-24 00:27:31,,13263.8600,43527,45483342.1000,0,a168,log_age_cash_change,ods_a168_log_age_cash_change,2026-07-24 01:51:11
312611578,2026-07-24,312611578,7,147924112,,0,0,29.8900,2026-07-24 00:27:34,,0.0000,43159,76222497.8900,0,a168,log_age_cash_change,ods_a168_log_age_cash_change,2026-07-24 01:51:11
312611586,2026-07-24,312611586,7,150505489,,0,0,-0.9600,2026-07-24 00:27:45,,0.9600,56037,24706117.2700,0,a168,log_age_cash_change,ods_a168_log_age_cash_change,2026-07-24 01:51:11
312611592,2026-07-24,312611592,7,152830469,,0,0,-0.2300,2026-07-24 00:27:50,,0.2300,53369,2233733.3900,0,a168,log_age_cash_change,ods_a168_log_age_cash_change,2026-07-24 01:51:11
312611599,2026-07-24,312611599,7,129737018,,0,0,0.2500,2026-07-24 00:27:56,,0.0000,52489,9766799.8000,0,a168,log_age_cash_change,ods_a168_log_age_cash_change,2026-07-24 01:51:11
312611602,2026-07-24,312611602,7,152035070,,0,0,10.8400,2026-07-24 00:27:58,,0.0000,56037,24706116.6900,0,a168,log_age_cash_change,ods_a168_log_age_cash_change,2026-07-24 01:51:11
312611609,2026-07-24,312611609,7,153378945,,0,0,159.8700,2026-07-24 00:28:02,,0.0000,43862,438295976.3000,0,a168,log_age_cash_change,ods_a168_log_age_cash_change,2026-07-24 01:51:11
312611616,2026-07-24,312611616,7,153013945,,0,0,-311.1200,2026-07-24 00:28:04,,311.1200,51646,16814630.5900,0,a168,log_age_cash_change,ods_a168_log_age_cash_change,2026-07-24 01:51:11
312611621,2026-07-24,312611621,7,140926065,,0,0,1.1000,2026-07-24 00:28:05,,0.0000,43552,49071285.6800,0,a168,log_age_cash_change,ods_a168_log_age_cash_change,2026-07-24 01:51:11
312611635,2026-07-24,312611635,7,150389642,,0,0,-2506.6600,2026-07-24 00:28:20,,2506.6600,43862,438295816.4300,0,a168,log_age_cash_change,ods_a168_log_age_cash_change,2026-07-24 01:51:11
312611640,2026-07-24,312611640,7,152172467,,0,0,-0.2800,2026-07-24 00:28:22,,0.2800,43159,76223221.3300,0,a168,log_age_cash_change,ods_a168_log_age_cash_change,2026-07-24 01:51:11
312611654,2026-07-24,312611654,7,153051067,,0,0,-8961.2800,2026-07-24 00:28:29,,8961.2800,56037,24706102.0100,0,a168,log_age_cash_change,ods_a168_log_age_cash_change,2026-07-24 01:51:11
312611663,2026-07-24,312611663,7,142108384,,0,0,11001.0000,2026-07-24 00:28:33,,0.0000,45392,9449845.1900,0,a168,log_age_cash_change,ods_a168_log_age_cash_change,2026-07-24 01:51:11
312611668,2026-07-24,312611668,7,134239254,,0,0,1005.3500,2026-07-24 00:28:34,,0.0000,48363,43923927.8600,0,a168,log_age_cash_change,ods_a168_log_age_cash_change,2026-07-24 01:51:11
312611677,2026-07-24,312611677,7,153206446,,0,0,0.2900,2026-07-24 00:28:41,,0.0000,55737,1457951.5700,0,a168,log_age_cash_change,ods_a168_log_age_cash_change,2026-07-24 01:51:11
312611682,2026-07-24,312611682,7,62880246,,0,0,300.2500,2026-07-24 00:28:44,,0.0000,33086,42356304.8900,0,a168,log_age_cash_change,ods_a168_log_age_cash_change,2026-07-24 01:51:11
312611689,2026-07-24,312611689,7,153378765,,0,0,10.2500,2026-07-24 00:28:50,,0.0000,56037,24714862.6900,0,a168,log_age_cash_change,ods_a168_log_age_cash_change,2026-07-24 01:51:11
312611696,2026-07-24,312611696,7,150389642,,0,0,8356.6600,2026-07-24 00:28:54,,0.0000,43862,438298323.0900,0,a168,log_age_cash_change,ods_a168_log_age_cash_change,2026-07-24 01:51:11
312611707,2026-07-24,312611707,7,153378975,,0,0,0.6700,2026-07-24 00:29:06,,0.0000,56037,24715365.4900,0,a168,log_age_cash_change,ods_a168_log_age_cash_change,2026-07-24 01:51:11
312611713,2026-07-24,312611713,7,142203566,,0,0,550.0000,2026-07-24 00:29:10,,0.2500,52258,105275678.0000,0,a168,log_age_cash_change,ods_a168_log_age_cash_change,2026-07-24 01:51:11
312611718,2026-07-24,312611718,7,45276461,,0,0,2000.0000,2026-07-24 00:29:15,,0.6000,12652,41019170.0750,0,a168,log_age_cash_change,ods_a168_log_age_cash_change,2026-07-24 01:51:11
312611724,2026-07-24,312611724,7,118793928,,0,0,809.6700,2026-07-24 00:29:18,,0.0000,43554,24940424.8100,0,a168,log_age_cash_change,ods_a168_log_age_cash_change,2026-07-24 01:51:11
312611730,2026-07-24,312611730,7,137988888,,0,0,2.3300,2026-07-24 00:29:22,,0.0000,43159,76204065.1000,0,a168,log_age_cash_change,ods_a168_log_age_cash_change,2026-07-24 01:51:11
312611745,2026-07-24,312611745,7,153378979,,0,0,-2.0100,2026-07-24 00:29:32,,2.0100,43737,499710242.9300,0,a168,log_age_cash_change,ods_a168_log_age_cash_change,2026-07-24 01:51:11
312611751,2026-07-24,312611751,7,129737018,,0,0,-0.2500,2026-07-24 00:29:37,,0.2500,52489,9766799.5500,0,a168,log_age_cash_change,ods_a168_log_age_cash_change,2026-07-24 01:51:11
312611766,2026-07-24,312611766,7,150515419,,0,0,800.0000,2026-07-24 00:29:48,,0.9300,54801,47057784.6700,0,a168,log_age_cash_change,ods_a168_log_age_cash_change,2026-07-24 01:51:11
312611772,2026-07-24,312611772,7,151162622,,0,0,0.3500,2026-07-24 00:29:54,,0.0000,56037,24703429.2700,0,a168,log_age_cash_change,ods_a168_log_age_cash_change,2026-07-24 01:51:11
312611779,2026-07-24,312611779,7,153378984,,0,0,-0.3000,2026-07-24 00:30:00,,0.3000,49351,19311174.2000,0,a168,log_age_cash_change,ods_a168_log_age_cash_change,2026-07-24 01:51:11
312611787,2026-07-24,312611787,7,147127644,,0,0,-1461.8500,2026-07-24 00:30:04,,1461.8500,43049,96452178.9800,0,a168,log_age_cash_change,ods_a168_log_age_cash_change,2026-07-24 01:51:11
312611793,2026-07-24,312611793,7,153094552,,0,0,-0.7800,2026-07-24 00:30:06,,0.7800,34694,15953673.4850,0,a168,log_age_cash_change,ods_a168_log_age_cash_change,2026-07-24 01:51:11
312611798,2026-07-24,312611798,7,153379008,,0,0,669.5000,2026-07-24 00:30:11,,0.0000,56037,24702090.5600,0,a168,log_age_cash_change,ods_a168_log_age_cash_change,2026-07-24 01:51:11
312611801,2026-07-24,312611801,7,153379007,,0,0,100.4900,2026-07-24 00:30:13,,0.0000,56037,24701421.0600,0,a168,log_age_cash_change,ods_a168_log_age_cash_change,2026-07-24 01:51:11
312611815,2026-07-24,312611815,7,140448145,,0,0,311.7400,2026-07-24 00:30:21,,0.0000,50065,476259955.2500,0,a168,log_age_cash_change,ods_a168_log_age_cash_change,2026-07-24 01:51:11
312611822,2026-07-24,312611822,7,153181124,,0,0,5000.0000,2026-07-24 00:30:23,,0.9400,54196,46482470.2400,0,a168,log_age_cash_change,ods_a168_log_age_cash_change,2026-07-24 01:51:11
312611829,2026-07-24,312611829,7,134288477,,0,0,55.7400,2026-07-24 00:30:28,,0.0000,31702,482859762.1200,0,a168,log_age_cash_change,ods_a168_log_age_cash_change,2026-07-24 01:51:11
312611836,2026-07-24,312611836,7,82607456,,0,0,-0.0200,2026-07-24 00:30:32,,0.0200,43159,76212158.3000,0,a168,log_age_cash_change,ods_a168_log_age_cash_change,2026-07-24 01:51:11
312611843,2026-07-24,312611843,7,151993705,,0,0,710.2500,2026-07-24 00:30:36,,0.0000,50065,476259643.5100,0,a168,log_age_cash_change,ods_a168_log_age_cash_change,2026-07-24 01:51:11
312611848,2026-07-24,312611848,7,72994426,,0,0,2625.0000,2026-07-24 00:30:38,,0.0500,12652,41019681.0750,0,a168,log_age_cash_change,ods_a168_log_age_cash_change,2026-07-24 01:51:11
312611857,2026-07-24,312611857,7,153379026,,0,0,1004.0000,2026-07-24 00:30:46,,0.0000,55737,1458591.4300,0,a168,log_age_cash_change,ods_a168_log_age_cash_change,2026-07-24 01:51:11
312611860,2026-07-24,312611860,7,153167330,,0,0,88.1500,2026-07-24 00:30:47,,0.0000,26653,27677078.9100,0,a168,log_age_cash_change,ods_a168_log_age_cash_change,2026-07-24 01:51:11
312611874,2026-07-24,312611874,7,147127644,,0,0,1461.8500,2026-07-24 00:30:55,,0.0000,43049,96457036.4500,0,a168,log_age_cash_change,ods_a168_log_age_cash_change,2026-07-24 01:51:11
312611881,2026-07-24,312611881,7,153379031,,0,0,0.5700,2026-07-24 00:30:59,,0.0000,56037,24700751.3600,0,a168,log_age_cash_change,ods_a168_log_age_cash_change,2026-07-24 01:51:11
312611895,2026-07-24,312611895,7,150735780,,0,0,-705.0000,2026-07-24 00:31:08,,705.7000,52109,5027482.6600,0,a168,log_age_cash_change,ods_a168_log_age_cash_change,2026-07-24 01:51:11
312611904,2026-07-24,312611904,7,150694870,,0,0,19.0000,2026-07-24 00:31:12,,0.6800,52258,105278685.0000,0,a168,log_age_cash_change,ods_a168_log_age_cash_change,2026-07-24 01:51:11
312611910,2026-07-24,312611910,7,143426374,,0,0,1004.0000,2026-07-24 00:31:15,,0.8000,52258,105278666.0000,0,a168,log_age_cash_change,ods_a168_log_age_cash_change,2026-07-24 01:51:11
312611927,2026-07-24,312611927,7,153347015,,0,0,25.2600,2026-07-24 00:31:25,,0.0000,55737,1459595.2500,0,a168,log_age_cash_change,ods_a168_log_age_cash_change,2026-07-24 01:51:11
312611933,2026-07-24,312611933,7,153379043,,0,0,5033.0000,2026-07-24 00:31:30,,0.0000,48031,4875447.0150,0,a168,log_age_cash_change,ods_a168_log_age_cash_change,2026-07-24 01:51:11
312611938,2026-07-24,312611938,7,153293731,,0,0,70.5500,2026-07-24 00:31:36,,0.0000,43159,76199894.8200,0,a168,log_age_cash_change,ods_a168_log_age_cash_change,2026-07-24 01:51:11
312611946,2026-07-24,312611946,7,153379049,,0,0,201.0000,2026-07-24 00:31:39,,0.0000,43049,96455232.5800,0,a168,log_age_cash_change,ods_a168_log_age_cash_change,2026-07-24 01:51:11
312611952,2026-07-24,312611952,7,153347015,,0,0,-25.2600,2026-07-24 00:31:43,,25.2600,55737,1459569.6800,0,a168,log_age_cash_change,ods_a168_log_age_cash_change,2026-07-24 01:51:11
312611959,2026-07-24,312611959,7,153334719,,0,0,1200.9600,2026-07-24 00:31:50,,0.0000,46716,799203.0600,0,a168,log_age_cash_change,ods_a168_log_age_cash_change,2026-07-24 01:51:11
312611965,2026-07-24,312611965,7,137914659,,0,0,100.4300,2026-07-24 00:31:56,,0.0000,20510,485357211.9400,0,a168,log_age_cash_change,ods_a168_log_age_cash_change,2026-07-24 01:51:11
312611971,2026-07-24,312611971,7,152404916,,0,0,-503.2200,2026-07-24 00:31:59,,503.2200,56037,24702225.8400,0,a168,log_age_cash_change,ods_a168_log_age_cash_change,2026-07-24 01:51:11
312611984,2026-07-24,312611984,7,153128973,,0,0,-10.5300,2026-07-24 00:32:05,,10.5300,53369,2234719.2000,0,a168,log_age_cash_change,ods_a168_log_age_cash_change,2026-07-24 01:51:11
312611990,2026-07-24,312611990,7,153379062,,0,0,101.0000,2026-07-24 00:32:08,,0.0000,55737,1459694.8000,0,a168,log_age_cash_change,ods_a168_log_age_cash_change,2026-07-24 01:51:11
312612000,2026-07-24,312612000,7,153379047,,0,0,-100.0000,2026-07-24 00:32:15,,100.0000,54196,46477370.2400,0,a168,log_age_cash_change,ods_a168_log_age_cash_change,2026-07-24 01:51:11
312612014,2026-07-24,312612014,7,148974815,,0,0,260.2300,2026-07-24 00:32:24,,0.0000,56037,24702541.8400,0,a168,log_age_cash_change,ods_a168_log_age_cash_change,2026-07-24 01:51:11
312612023,2026-07-24,312612023,7,150551229,,0,0,-0.2200,2026-07-24 00:32:29,,0.2200,56037,24705449.7200,0,a168,log_age_cash_change,ods_a168_log_age_cash_change,2026-07-24 01:51:11
312612028,2026-07-24,312612028,7,152173463,,0,0,356.1900,2026-07-24 00:32:32,,0.0000,48521,43953592.7800,0,a168,log_age_cash_change,ods_a168_log_age_cash_change,2026-07-24 01:51:11
312612037,2026-07-24,312612037,7,150279415,,0,0,4.1100,2026-07-24 00:32:40,,0.0000,56037,24705449.8500,0,a168,log_age_cash_change,ods_a168_log_age_cash_change,2026-07-24 01:51:11
312612042,2026-07-24,312612042,7,152268091,,0,0,301.3600,2026-07-24 00:32:42,,0.0000,56037,24705445.7400,0,a168,log_age_cash_change,ods_a168_log_age_cash_change,2026-07-24 01:51:11
312612049,2026-07-24,312612049,7,75222184,,0,0,-1475.0000,2026-07-24 00:32:50,,1475.9500,24450,467874952.4400,0,a168,log_age_cash_change,ods_a168_log_age_cash_change,2026-07-24 01:51:11
312612056,2026-07-24,312612056,7,149818481,,0,0,0.3000,2026-07-24 00:32:56,,0.0000,55737,1457513.6500,0,a168,log_age_cash_change,ods_a168_log_age_cash_change,2026-07-24 01:51:11
312612061,2026-07-24,312612061,7,133127709,,0,0,24.6500,2026-07-24 00:32:59,,0.7300,48521,43953236.5900,0,a168,log_age_cash_change,ods_a168_log_age_cash_change,2026-07-24 01:51:11
312612075,2026-07-24,312612075,7,153379096,,0,0,0.4700,2026-07-24 00:33:05,,0.0000,43544,4565647.3900,0,a168,log_age_cash_change,ods_a168_log_age_cash_change,2026-07-24 01:51:11
312612080,2026-07-24,312612080,7,150279415,,0,0,-4.1100,2026-07-24 00:33:11,,4.1100,56037,24705144.5500,0,a168,log_age_cash_change,ods_a168_log_age_cash_change,2026-07-24 01:51:11
312612094,2026-07-24,312612094,7,152064290,,0,0,-50.0000,2026-07-24 00:33:20,,600.0000,18362,474631358.1300,0,a168,log_age_cash_change,ods_a168_log_age_cash_change,2026-07-24 01:51:11
312612105,2026-07-24,312612105,7,151599202,,0,0,3000.0000,2026-07-24 00:33:34,,0.1200,43554,24939457.6900,0,a168,log_age_cash_change,ods_a168_log_age_cash_change,2026-07-24 01:51:11
312612111,2026-07-24,312612111,7,153379106,,0,0,0.3300,2026-07-24 00:33:39,,0.0000,55737,1461777.3300,0,a168,log_age_cash_change,ods_a168_log_age_cash_change,2026-07-24 01:51:11
312612126,2026-07-24,312612126,7,153379112,,0,0,800.3900,2026-07-24 00:33:51,,0.0000,51807,46484914.5000,0,a168,log_age_cash_change,ods_a168_log_age_cash_change,2026-07-24 01:51:11
312612132,2026-07-24,312612132,7,148147448,,0,0,4427.0000,2026-07-24 00:33:58,,0.0000,55113,49052026.1400,0,a168,log_age_cash_change,ods_a168_log_age_cash_change,2026-07-24 01:51:11
312612139,2026-07-24,312612139,7,153265581,,0,0,501.0000,2026-07-24 00:34:00,,0.7700,43159,76159320.8100,0,a168,log_age_cash_change,ods_a168_log_age_cash_change,2026-07-24 01:51:11
312612147,2026-07-24,312612147,7,117921212,,0,0,-52.4100,2026-07-24 00:34:07,,52.4100,43549,499347545.8200,0,a168,log_age_cash_change,ods_a168_log_age_cash_change,2026-07-24 01:51:11
312612153,2026-07-24,312612153,7,152221248,,0,0,-402.0000,2026-07-24 00:34:10,,402.0000,51037,4862936.7800,0,a168,log_age_cash_change,ods_a168_log_age_cash_change,2026-07-24 01:51:11
312612158,2026-07-24,312612158,7,153379124,,0,0,107.6600,2026-07-24 00:34:13,,0.0000,50065,476260901.7500,0,a168,log_age_cash_change,ods_a168_log_age_cash_change,2026-07-24 01:51:11
312612164,2026-07-24,312612164,7,90475862,,0,0,-0.2200,2026-07-24 00:34:15,,0.2200,43159,76159113.7300,0,a168,log_age_cash_change,ods_a168_log_age_cash_change,2026-07-24 01:51:11
312612170,2026-07-24,312612170,7,153379125,,0,0,3.0000,2026-07-24 00:34:19,,0.0000,48695,44677407.3100,0,a168,log_age_cash_change,ods_a168_log_age_cash_change,2026-07-24 01:51:11
312612185,2026-07-24,312612185,7,144213204,,0,0,28.0000,2026-07-24 00:34:30,,0.9700,39231,8671038.5800,0,a168,log_age_cash_change,ods_a168_log_age_cash_change,2026-07-24 01:51:11
312612191,2026-07-24,312612191,7,139638437,,0,0,2041.5800,2026-07-24 00:34:36,,0.0000,46716,804439.0600,0,a168,log_age_cash_change,ods_a168_log_age_cash_change,2026-07-24 01:51:11
312612201,2026-07-24,312612201,7,147175450,,0,0,1916.3600,2026-07-24 00:34:46,,0.0000,43159,76156358.5600,0,a168,log_age_cash_change,ods_a168_log_age_cash_change,2026-07-24 01:51:11
312612215,2026-07-24,312612215,7,142008133,,0,0,1.0000,2026-07-24 00:35:02,,1011.0000,30105,50226482.2270,0,a168,log_age_cash_change,ods_a168_log_age_cash_change,2026-07-24 01:51:11
312612222,2026-07-24,312612222,7,141205898,,0,0,158.7200,2026-07-24 00:35:10,,0.0000,49535,84901070.6900,0,a168,log_age_cash_change,ods_a168_log_age_cash_change,2026-07-24 01:51:11
312612229,2026-07-24,312612229,7,142946460,,0,0,13144347.2000,2026-07-24 00:35:16,,0.0000,39510,46829619615.4699,0,a168,log_age_cash_change,ods_a168_log_age_cash_change,2026-07-24 01:51:11
312612236,2026-07-24,312612236,7,62880246,,0,0,-0.2500,2026-07-24 00:35:19,,0.2500,33086,42358642.5800,0,a168,log_age_cash_change,ods_a168_log_age_cash_change,2026-07-24 01:51:11
312612243,2026-07-24,312612243,7,116021714,,0,0,785.6600,2026-07-24 00:35:24,,0.0000,33094,42575140.3400,0,a168,log_age_cash_change,ods_a168_log_age_cash_change,2026-07-24 01:51:11
312612248,2026-07-24,312612248,7,149189635,,0,0,-0.8400,2026-07-24 00:35:26,,0.8400,48363,43921681.5700,0,a168,log_age_cash_change,ods_a168_log_age_cash_change,2026-07-24 01:51:11
312612257,2026-07-24,312612257,7,153116189,,0,0,-13290.4600,2026-07-24 00:35:31,,13290.4600,55023,914618.5200,0,a168,log_age_cash_change,ods_a168_log_age_cash_change,2026-07-24 01:51:11
312612260,2026-07-24,312612260,7,153377800,,0,0,-97.3000,2026-07-24 00:35:34,,97.3000,56037,24710499.9200,0,a168,log_age_cash_change,ods_a168_log_age_cash_change,2026-07-24 01:51:11
312612274,2026-07-24,312612274,7,152755858,,0,0,300.0000,2026-07-24 00:35:49,,0.1500,52258,105279677.0000,0,a168,log_age_cash_change,ods_a168_log_age_cash_change,2026-07-24 01:51:11
312612281,2026-07-24,312612281,7,148475298,,0,0,-0.0200,2026-07-24 00:35:54,,0.0200,56037,24698148.2800,0,a168,log_age_cash_change,ods_a168_log_age_cash_change,2026-07-24 01:51:11
312612295,2026-07-24,312612295,7,152947924,,0,0,463.0000,2026-07-24 00:36:02,,0.0000,52258,105279392.0000,0,a168,log_age_cash_change,ods_a168_log_age_cash_change,2026-07-24 01:51:11
312612304,2026-07-24,312612304,7,152173463,,0,0,-498.6900,2026-07-24 00:36:08,,498.6900,48521,43953211.9400,0,a168,log_age_cash_change,ods_a168_log_age_cash_change,2026-07-24 01:51:11
312612310,2026-07-24,312612310,7,152286317,,0,0,-0.0200,2026-07-24 00:36:12,,0.0200,56037,24700149.4400,0,a168,log_age_cash_change,ods_a168_log_age_cash_change,2026-07-24 01:51:11
312612327,2026-07-24,312612327,7,150395599,,0,0,70.0000,2026-07-24 00:36:24,,0.9500,52258,105278713.0000,0,a168,log_age_cash_change,ods_a168_log_age_cash_change,2026-07-24 01:51:11
312612333,2026-07-24,312612333,7,142375671,,0,0,-216.0000,2026-07-24 00:36:30,,216.4000,52258,105278643.0000,0,a168,log_age_cash_change,ods_a168_log_age_cash_change,2026-07-24 01:51:11
312612338,2026-07-24,312612338,7,139835733,,0,0,1327.9300,2026-07-24 00:36:35,,0.0000,48521,43953710.6300,0,a168,log_age_cash_change,ods_a168_log_age_cash_change,2026-07-24 01:51:11
312612346,2026-07-24,312612346,7,122139598,,0,0,3.0400,2026-07-24 00:36:46,,0.0100,48093,32959150.8700,0,a168,log_age_cash_change,ods_a168_log_age_cash_change,2026-07-24 01:51:11
312612352,2026-07-24,312612352,7,115601494,,0,0,-10391.0000,2026-07-24 00:36:48,,10391.0000,42928,47073076.7700,0,a168,log_age_cash_change,ods_a168_log_age_cash_change,2026-07-24 01:51:11
312612359,2026-07-24,312612359,7,69552270,,0,0,-2006.0000,2026-07-24 00:36:57,,2006.0000,42928,47083467.7700,0,a168,log_age_cash_change,ods_a168_log_age_cash_change,2026-07-24 01:51:11
312612365,2026-07-24,312612365,7,152547680,,0,0,-0.2500,2026-07-24 00:36:59,,0.2500,55737,1461959.6300,0,a168,log_age_cash_change,ods_a168_log_age_cash_change,2026-07-24 01:51:11
312612371,2026-07-24,312612371,7,153379187,,0,0,20.2000,2026-07-24 00:37:01,,0.0000,56037,24708823.5900,0,a168,log_age_cash_change,ods_a168_log_age_cash_change,2026-07-24 01:51:11
312612384,2026-07-24,312612384,7,153378548,,0,0,-0.2400,2026-07-24 00:37:08,,0.2400,56037,24708803.3900,0,a168,log_age_cash_change,ods_a168_log_age_cash_change,2026-07-24 01:51:11
312612390,2026-07-24,312612390,7,147447790,,0,0,241.1200,2026-07-24 00:37:12,,0.0000,55805,155077.8000,0,a168,log_age_cash_change,ods_a168_log_age_cash_change,2026-07-24 01:51:11
312612402,2026-07-24,312612402,7,152209326,,0,0,67.0000,2026-07-24 00:37:19,,0.0000,51807,46498653.5700,0,a168,log_age_cash_change,ods_a168_log_age_cash_change,2026-07-24 01:51:11
312612409,2026-07-24,312612409,7,118793928,,0,0,-904.6700,2026-07-24 00:37:24,,904.6700,43554,24934867.6400,0,a168,log_age_cash_change,ods_a168_log_age_cash_change,2026-07-24 01:51:11
312612416,2026-07-24,312612416,7,148582034,,0,0,50.2300,2026-07-24 00:37:29,,0.0000,56037,24709371.5000,0,a168,log_age_cash_change,ods_a168_log_age_cash_change,2026-07-24 01:51:11
312612421,2026-07-24,312612421,7,93202460,,0,0,-9.7600,2026-07-24 00:37:31,,9.7600,43159,76171043.3500,0,a168,log_age_cash_change,ods_a168_log_age_cash_change,2026-07-24 01:51:11
312612435,2026-07-24,312612435,7,148582034,,0,0,-50.2300,2026-07-24 00:37:40,,50.2300,56037,24709321.1000,0,a168,log_age_cash_change,ods_a168_log_age_cash_change,2026-07-24 01:51:11
312612440,2026-07-24,312612440,7,124753955,,0,0,10450.2600,2026-07-24 00:37:41,,0.0000,43159,76170651.5600,0,a168,log_age_cash_change,ods_a168_log_age_cash_change,2026-07-24 01:51:11
312612454,2026-07-24,312612454,7,142946460,,0,0,-13124347.2000,2026-07-24 00:37:52,,13124347.2000,39510,46816222537.0699,0,a168,log_age_cash_change,ods_a168_log_age_cash_change,2026-07-24 01:51:11
312612463,2026-07-24,312612463,7,148617509,,0,0,-1065.1000,2026-07-24 00:37:58,,1065.1000,51807,46498586.5700,0,a168,log_age_cash_change,ods_a168_log_age_cash_change,2026-07-24 01:51:11
312612468,2026-07-24,312612468,7,149460953,,0,0,-0.1200,2026-07-24 00:38:00,,0.1200,56037,24714518.3300,0,a168,log_age_cash_change,ods_a168_log_age_cash_change,2026-07-24 01:51:11
312612477,2026-07-24,312612477,7,152785435,,0,0,-1223.5300,2026-07-24 00:38:05,,1223.5300,55737,1462069.5300,0,a168,log_age_cash_change,ods_a168_log_age_cash_change,2026-07-24 01:51:11
312612482,2026-07-24,312612482,7,142375671,,0,0,216.0000,2026-07-24 00:38:06,,0.4000,52258,105279385.0000,0,a168,log_age_cash_change,ods_a168_log_age_cash_change,2026-07-24 01:51:11
312612489,2026-07-24,312612489,7,146575243,,0,0,1000.0000,2026-07-24 00:38:10,,0.9500,52258,105279169.0000,0,a168,log_age_cash_change,ods_a168_log_age_cash_change,2026-07-24 01:51:11
312612496,2026-07-24,312612496,7,114935060,,0,0,-0.6400,2026-07-24 00:38:16,,0.6400,43159,76174399.8400,0,a168,log_age_cash_change,ods_a168_log_age_cash_change,2026-07-24 01:51:11
312612507,2026-07-24,312612507,7,153379230,,0,0,0.2200,2026-07-24 00:38:24,,0.0000,51646,16815649.2300,0,a168,log_age_cash_change,ods_a168_log_age_cash_change,2026-07-24 01:51:11
312612513,2026-07-24,312612513,7,148419519,,0,0,-0.4000,2026-07-24 00:38:28,,0.4000,56037,24711616.9800,0,a168,log_age_cash_change,ods_a168_log_age_cash_change,2026-07-24 01:51:11
312612518,2026-07-24,312612518,7,142008133,,0,0,-1.0000,2026-07-24 00:38:34,,1012.0000,30105,50226481.2270,0,a168,log_age_cash_change,ods_a168_log_age_cash_change,2026-07-24 01:51:11
312612524,2026-07-24,312612524,7,153379186,,0,0,-200.5800,2026-07-24 00:38:39,,200.5800,43159,76174400.4800,0,a168,log_age_cash_change,ods_a168_log_age_cash_change,2026-07-24 01:51:11
312612530,2026-07-24,312612530,7,153379240,,0,0,501.5000,2026-07-24 00:38:43,,0.0000,56037,24711552.5000,0,a168,log_age_cash_change,ods_a168_log_age_cash_change,2026-07-24 01:51:11
312612545,2026-07-24,312612545,7,153379247,,0,0,500.0000,2026-07-24 00:38:56,,0.0000,54801,47057032.3500,0,a168,log_age_cash_change,ods_a168_log_age_cash_change,2026-07-24 01:51:11
312612551,2026-07-24,312612551,7,70316322,,0,0,3002.5300,2026-07-24 00:38:59,,0.0000,43364,56153559.2700,0,a168,log_age_cash_change,ods_a168_log_age_cash_change,2026-07-24 01:51:11
312612566,2026-07-24,312612566,7,153378038,,0,0,-115.3600,2026-07-24 00:39:05,,115.3600,53369,2228222.1900,0,a168,log_age_cash_change,ods_a168_log_age_cash_change,2026-07-24 01:51:11
312612572,2026-07-24,312612572,7,153178429,,0,0,27.0000,2026-07-24 00:39:08,,0.8000,52258,105273244.0000,0,a168,log_age_cash_change,ods_a168_log_age_cash_change,2026-07-24 01:51:11
312612579,2026-07-24,312612579,7,153375916,,0,0,1600.1500,2026-07-24 00:39:10,,0.0000,33024,3081485.2600,0,a168,log_age_cash_change,ods_a168_log_age_cash_change,2026-07-24 01:51:11
312612587,2026-07-24,312612587,7,153332460,,0,0,310.5700,2026-07-24 00:39:15,,0.0000,20510,485357111.5100,0,a168,log_age_cash_change,ods_a168_log_age_cash_change,2026-07-24 01:51:11
312612593,2026-07-24,312612593,7,153378497,,0,0,-0.3100,2026-07-24 00:39:19,,0.3100,56037,24708343.9400,0,a168,log_age_cash_change,ods_a168_log_age_cash_change,2026-07-24 01:51:11
312612598,2026-07-24,312612598,7,153379261,,0,0,5000.6400,2026-07-24 00:39:22,,0.0000,44854,18935469.7348,0,a168,log_age_cash_change,ods_a168_log_age_cash_change,2026-07-24 01:51:11
312612603,2026-07-24,312612603,7,122551101,,0,0,54.0000,2026-07-24 00:39:27,,0.4000,52258,105272717.0000,0,a168,log_age_cash_change,ods_a168_log_age_cash_change,2026-07-24 01:51:11
312612608,2026-07-24,312612608,7,153379267,,0,0,92.9500,2026-07-24 00:39:32,,0.0000,44208,30645568.2400,0,a168,log_age_cash_change,ods_a168_log_age_cash_change,2026-07-24 01:51:11
312612617,2026-07-24,312612617,7,151709398,,0,0,-1804.0000,2026-07-24 00:39:37,,1804.9200,52258,105271740.0000,0,a168,log_age_cash_change,ods_a168_log_age_cash_change,2026-07-24 01:51:11
312612620,2026-07-24,312612620,7,153379270,,0,0,300.5400,2026-07-24 00:39:39,,0.0000,43049,96450644.2100,0,a168,log_age_cash_change,ods_a168_log_age_cash_change,2026-07-24 01:51:11
312612634,2026-07-24,312612634,7,153377308,,0,0,-0.4400,2026-07-24 00:39:46,,0.4400,55737,1463807.5800,0,a168,log_age_cash_change,ods_a168_log_age_cash_change,2026-07-24 01:51:11
312612641,2026-07-24,312612641,7,153378938,,0,0,-2990.5800,2026-07-24 00:39:49,,2990.5800,43049,96450343.6700,0,a168,log_age_cash_change,ods_a168_log_age_cash_change,2026-07-24 01:51:11
312612655,2026-07-24,312612655,7,149946983,,0,0,-0.9800,2026-07-24 00:39:59,,0.9800,43159,76191700.5300,0,a168,log_age_cash_change,ods_a168_log_age_cash_change,2026-07-24 01:51:11
312612662,2026-07-24,312612662,7,142008133,,0,0,1.0000,2026-07-24 00:40:02,,1011.0000,30105,50226482.2270,0,a168,log_age_cash_change,ods_a168_log_age_cash_change,2026-07-24 01:51:11
312612669,2026-07-24,312612669,7,153379230,,0,0,-0.2200,2026-07-24 00:40:06,,0.2200,51646,16815648.7400,0,a168,log_age_cash_change,ods_a168_log_age_cash_change,2026-07-24 01:51:11
312612676,2026-07-24,312612676,7,149699479,,0,0,-0.1700,2026-07-24 00:40:11,,0.1700,56037,24688311.4100,0,a168,log_age_cash_change,ods_a168_log_age_cash_change,2026-07-24 01:51:11
312612683,2026-07-24,312612683,7,153379297,,0,0,8.5400,2026-07-24 00:40:15,,0.0000,43049,96450311.5300,0,a168,log_age_cash_change,ods_a168_log_age_cash_change,2026-07-24 01:51:11
312612688,2026-07-24,312612688,7,150595125,,0,0,-23.3200,2026-07-24 00:40:17,,23.3200,56037,24688311.9100,0,a168,log_age_cash_change,ods_a168_log_age_cash_change,2026-07-24 01:51:11
312612697,2026-07-24,312612697,7,151709398,,0,0,304.0000,2026-07-24 00:40:24,,0.9200,52258,105272794.0000,0,a168,log_age_cash_change,ods_a168_log_age_cash_change,2026-07-24 01:51:11
312612706,2026-07-24,312612706,7,110684478,,0,0,-120.4500,2026-07-24 00:40:29,,120.4500,41033,27227964.4600,0,a168,log_age_cash_change,ods_a168_log_age_cash_change,2026-07-24 01:51:11
312612712,2026-07-24,312612712,7,152903443,,0,0,2770.2200,2026-07-24 00:40:32,,0.0000,56037,24676514.3500,0,a168,log_age_cash_change,ods_a168_log_age_cash_change,2026-07-24 01:51:11
312612719,2026-07-24,312612719,7,122738865,,0,0,-0.9200,2026-07-24 00:40:35,,0.9200,43049,96450277.9100,0,a168,log_age_cash_change,ods_a168_log_age_cash_change,2026-07-24 01:51:11
312612725,2026-07-24,312612725,7,153136203,,0,0,9.4000,2026-07-24 00:40:39,,0.0000,56037,24673824.2600,0,a168,log_age_cash_change,ods_a168_log_age_cash_change,2026-07-24 01:51:11
312612731,2026-07-24,312612731,7,147510758,,0,0,-1155.8300,2026-07-24 00:40:43,,1155.8300,55805,148973.1600,0,a168,log_age_cash_change,ods_a168_log_age_cash_change,2026-07-24 01:51:11
312612744,2026-07-24,312612744,7,149702637,,0,0,-0.0200,2026-07-24 00:40:51,,0.0200,55737,1463758.6100,0,a168,log_age_cash_change,ods_a168_log_age_cash_change,2026-07-24 01:51:11
312612750,2026-07-24,312612750,7,118905628,,0,0,16.0000,2026-07-24 00:40:55,,0.0000,35766,2615632.5104,0,a168,log_age_cash_change,ods_a168_log_age_cash_change,2026-07-24 01:51:11
312612767,2026-07-24,312612767,7,152101884,,0,0,-900.3700,2026-07-24 00:41:02,,900.3700,41033,27227184.5400,0,a168,log_age_cash_change,ods_a168_log_age_cash_change,2026-07-24 01:51:11
312612773,2026-07-24,312612773,7,153185618,,0,0,6.0000,2026-07-24 00:41:03,,1.3500,41113,44512593.9500,0,a168,log_age_cash_change,ods_a168_log_age_cash_change,2026-07-24 01:51:11
312612778,2026-07-24,312612778,7,153379303,,0,0,-20000.0000,2026-07-24 00:41:05,,20000.0000,43642,944228430.4400,0,a168,log_age_cash_change,ods_a168_log_age_cash_change,2026-07-24 01:51:11
312612786,2026-07-24,312612786,7,146785800,,0,0,200.1400,2026-07-24 00:41:11,,0.0000,52305,49321741.1700,0,a168,log_age_cash_change,ods_a168_log_age_cash_change,2026-07-24 01:51:11
312612792,2026-07-24,312612792,7,153367473,,0,0,-0.1100,2026-07-24 00:41:16,,0.1100,56037,24686954.3700,0,a168,log_age_cash_change,ods_a168_log_age_cash_change,2026-07-24 01:51:11
312612799,2026-07-24,312612799,7,153375930,,0,0,101.1200,2026-07-24 00:41:24,,0.0000,56037,24689843.6800,0,a168,log_age_cash_change,ods_a168_log_age_cash_change,2026-07-24 01:51:11
312612800,2026-07-24,312612800,7,153379333,,0,0,542.0000,2026-07-24 00:41:24,,0.0000,52258,105268503.0000,0,a168,log_age_cash_change,ods_a168_log_age_cash_change,2026-07-24 01:51:11
312612814,2026-07-24,312612814,7,143330104,,0,0,100.8500,2026-07-24 00:41:34,,0.0000,43549,499347586.1100,0,a168,log_age_cash_change,ods_a168_log_age_cash_change,2026-07-24 01:51:11
312612823,2026-07-24,312612823,7,151875059,,0,0,-11.3400,2026-07-24 00:41:40,,11.3400,56037,24689730.1500,0,a168,log_age_cash_change,ods_a168_log_age_cash_change,2026-07-24 01:51:11
312612828,2026-07-24,312612828,7,112738040,,0,0,-0.9700,2026-07-24 00:41:48,,0.9700,33086,42357990.1300,0,a168,log_age_cash_change,ods_a168_log_age_cash_change,2026-07-24 01:51:11
312612837,2026-07-24,312612837,7,141086816,,0,0,100.0000,2026-07-24 00:41:54,,0.5100,54280,9928555.8900,0,a168,log_age_cash_change,ods_a168_log_age_cash_change,2026-07-24 01:51:11
312612842,2026-07-24,312612842,7,121125545,,0,0,-500.5700,2026-07-24 00:41:56,,500.5700,43159,76164373.8900,0,a168,log_age_cash_change,ods_a168_log_age_cash_change,2026-07-24 01:51:11
312612849,2026-07-24,312612849,7,149121574,,0,0,304.8000,2026-07-24 00:42:03,,0.0000,55737,1463758.1700,0,a168,log_age_cash_change,ods_a168_log_age_cash_change,2026-07-24 01:51:11
312612856,2026-07-24,312612856,7,153379240,,0,0,-351.5000,2026-07-24 00:42:06,,351.5000,56037,24689969.6800,0,a168,log_age_cash_change,ods_a168_log_age_cash_change,2026-07-24 01:51:11
312612861,2026-07-24,312612861,7,130492759,,0,0,2505.9100,2026-07-24 00:42:08,,0.0000,43159,76257810.1300,0,a168,log_age_cash_change,ods_a168_log_age_cash_change,2026-07-24 01:51:11
312612875,2026-07-24,312612875,7,139746582,,0,0,-0.3800,2026-07-24 00:42:20,,0.3800,50822,21520156.1900,0,a168,log_age_cash_change,ods_a168_log_age_cash_change,2026-07-24 01:51:11
312612880,2026-07-24,312612880,7,137655834,,0,0,-0.2700,2026-07-24 00:42:22,,0.2700,51646,16815648.9600,0,a168,log_age_cash_change,ods_a168_log_age_cash_change,2026-07-24 01:51:11
312612894,2026-07-24,312612894,7,142008133,,0,0,-1.0000,2026-07-24 00:42:33,,1012.0000,30105,50226481.2270,0,a168,log_age_cash_change,ods_a168_log_age_cash_change,2026-07-24 01:51:11
312612905,2026-07-24,312612905,7,153004072,,0,0,45.5700,2026-07-24 00:42:43,,0.0000,56037,24691623.6400,0,a168,log_age_cash_change,ods_a168_log_age_cash_change,2026-07-24 01:51:11
312612911,2026-07-24,312612911,7,98993985,,0,0,1758.1800,2026-07-24 00:42:47,,0.0000,43159,76248556.9700,0,a168,log_age_cash_change,ods_a168_log_age_cash_change,2026-07-24 01:51:11
312612926,2026-07-24,312612926,7,150380652,,0,0,-5000.2700,2026-07-24 00:43:03,,5000.2700,56037,24691578.3300,0,a168,log_age_cash_change,ods_a168_log_age_cash_change,2026-07-24 01:51:11
312612932,2026-07-24,312612932,7,153379375,,0,0,1458.6000,2026-07-24 00:43:05,,0.0000,55737,1463453.5600,0,a168,log_age_cash_change,ods_a168_log_age_cash_change,2026-07-24 01:51:11
312612939,2026-07-24,312612939,7,134200468,,0,0,-0.8500,2026-07-24 00:43:09,,0.8500,44399,466363174.8100,0,a168,log_age_cash_change,ods_a168_log_age_cash_change,2026-07-24 01:51:11
312612947,2026-07-24,312612947,7,146575243,,0,0,-800.0000,2026-07-24 00:43:16,,800.9500,52258,105259530.0000,0,a168,log_age_cash_change,ods_a168_log_age_cash_change,2026-07-24 01:51:11
312612953,2026-07-24,312612953,7,151088766,,0,0,1000.0000,2026-07-24 00:43:19,,0.0300,51807,46496775.5800,0,a168,log_age_cash_change,ods_a168_log_age_cash_change,2026-07-24 01:51:11
312612958,2026-07-24,312612958,7,135715113,,0,0,-10.0000,2026-07-24 00:43:22,,1586.6000,51068,47202804.1800,0,a168,log_age_cash_change,ods_a168_log_age_cash_change,2026-07-24 01:51:11
312612964,2026-07-24,312612964,7,151511923,,0,0,1047.3000,2026-07-24 00:43:27,,0.0000,33086,42357991.1000,0,a168,log_age_cash_change,ods_a168_log_age_cash_change,2026-07-24 01:51:11
312612970,2026-07-24,312612970,7,153374913,,0,0,-0.0100,2026-07-24 00:43:30,,0.0100,51646,16815649.7400,0,a168,log_age_cash_change,ods_a168_log_age_cash_change,2026-07-24 01:51:11
312612985,2026-07-24,312612985,7,143718237,,0,0,38.5700,2026-07-24 00:43:38,,0.0000,43159,76248845.0700,0,a168,log_age_cash_change,ods_a168_log_age_cash_change,2026-07-24 01:51:11
312612991,2026-07-24,312612991,7,65891766,,0,0,-1923.7900,2026-07-24 00:43:42,,1923.7900,13113,445695446.5600,0,a168,log_age_cash_change,ods_a168_log_age_cash_change,2026-07-24 01:51:11
312613006,2026-07-24,312613006,7,152024939,,0,0,1000.0000,2026-07-24 00:43:50,,0.0000,53369,2237942.7500,0,a168,log_age_cash_change,ods_a168_log_age_cash_change,2026-07-24 01:51:11
312613012,2026-07-24,312613012,7,153379395,,0,0,0.2800,2026-07-24 00:43:58,,0.0000,56037,24698091.6400,0,a168,log_age_cash_change,ods_a168_log_age_cash_change,2026-07-24 01:51:11
312613019,2026-07-24,312613019,7,54082268,,0,0,41.0000,2026-07-24 00:44:01,,0.0000,19105,431241263.5600,0,a168,log_age_cash_change,ods_a168_log_age_cash_change,2026-07-24 01:51:11
312613025,2026-07-24,312613025,7,152511916,,0,0,-787.3500,2026-07-24 00:44:06,,787.3500,48890,468678.4300,0,a168,log_age_cash_change,ods_a168_log_age_cash_change,2026-07-24 01:51:11
312613031,2026-07-24,312613031,7,153379270,,0,0,-300.5400,2026-07-24 00:44:09,,300.5400,43049,96448969.1700,0,a168,log_age_cash_change,ods_a168_log_age_cash_change,2026-07-24 01:51:11
312613044,2026-07-24,312613044,7,142108384,,0,0,10000.0000,2026-07-24 00:44:18,,0.0000,45392,9438844.1900,0,a168,log_age_cash_change,ods_a168_log_age_cash_change,2026-07-24 01:51:11
312613050,2026-07-24,312613050,7,61774054,,0,0,6109.0000,2026-07-24 00:44:23,,0.0000,19105,431307496.7100,0,a168,log_age_cash_change,ods_a168_log_age_cash_change,2026-07-24 01:51:11
312613067,2026-07-24,312613067,7,153375251,,0,0,-478.6100,2026-07-24 00:44:30,,478.6100,49351,19313034.8400,0,a168,log_age_cash_change,ods_a168_log_age_cash_change,2026-07-24 01:51:11
312613073,2026-07-24,312613073,7,142008133,,0,0,-1.0000,2026-07-24 00:44:33,,1012.0000,30105,50226481.2270,0,a168,log_age_cash_change,ods_a168_log_age_cash_change,2026-07-24 01:51:11
312613078,2026-07-24,312613078,7,105199494,,0,0,-0.0900,2026-07-24 00:44:35,,0.0900,43365,132880443.3200,0,a168,log_age_cash_change,ods_a168_log_age_cash_change,2026-07-24 01:51:11
312613086,2026-07-24,312613086,7,142016095,,0,0,200.0000,2026-07-24 00:44:39,,0.0600,52258,105266078.0000,0,a168,log_age_cash_change,ods_a168_log_age_cash_change,2026-07-24 01:51:11
312613092,2026-07-24,312613092,7,153162820,,0,0,150.0000,2026-07-24 00:44:43,,0.0000,53037,861646.9000,0,a168,log_age_cash_change,ods_a168_log_age_cash_change,2026-07-24 01:51:11
312613099,2026-07-24,312613099,7,152264331,,0,0,-298.6500,2026-07-24 00:44:45,,298.6500,55805,154123.9300,0,a168,log_age_cash_change,ods_a168_log_age_cash_change,2026-07-24 01:51:11
312613103,2026-07-24,312613103,7,119873480,,0,0,-35.0000,2026-07-24 00:44:48,,35.0000,45087,599831.0600,0,a168,log_age_cash_change,ods_a168_log_age_cash_change,2026-07-24 01:51:11
312613108,2026-07-24,312613108,7,123341523,,0,0,-0.0400,2026-07-24 00:44:54,,0.0400,43159,76243654.3500,0,a168,log_age_cash_change,ods_a168_log_age_cash_change,2026-07-24 01:51:11
312613117,2026-07-24,312613117,7,153288184,,0,0,-389.7500,2026-07-24 00:45:00,,389.7500,43049,96459868.5500,0,a168,log_age_cash_change,ods_a168_log_age_cash_change,2026-07-24 01:51:11
312613120,2026-07-24,312613120,7,153379421,,0,0,87.6700,2026-07-24 00:45:01,,0.0000,44208,30645170.0100,0,a168,log_age_cash_change,ods_a168_log_age_cash_change,2026-07-24 01:51:11
312613134,2026-07-24,312613134,7,149680748,,0,0,0.1100,2026-07-24 00:45:07,,0.0000,56037,24699325.7200,0,a168,log_age_cash_change,ods_a168_log_age_cash_change,2026-07-24 01:51:11
312613141,2026-07-24,312613141,7,65921015,,0,0,-545.0000,2026-07-24 00:45:10,,545.6050,41113,44511765.9500,0,a168,log_age_cash_change,ods_a168_log_age_cash_change,2026-07-24 01:51:11
312613155,2026-07-24,312613155,7,119873480,,0,0,35.0000,2026-07-24 00:45:15,,0.0000,45087,599866.0600,0,a168,log_age_cash_change,ods_a168_log_age_cash_change,2026-07-24 01:51:11
312613162,2026-07-24,312613162,7,153379416,,0,0,-4.0000,2026-07-24 00:45:18,,4.0000,20510,485356796.9400,0,a168,log_age_cash_change,ods_a168_log_age_cash_change,2026-07-24 01:51:11
312613169,2026-07-24,312613169,7,153379442,,0,0,50.1500,2026-07-24 00:45:26,,0.0000,56037,24699325.4800,0,a168,log_age_cash_change,ods_a168_log_age_cash_change,2026-07-24 01:51:11
312613176,2026-07-24,312613176,7,153379445,,0,0,201.0000,2026-07-24 00:45:32,,0.0000,51022,4590378.8200,0,a168,log_age_cash_change,ods_a168_log_age_cash_change,2026-07-24 01:51:11
312613183,2026-07-24,312613183,7,152240038,,0,0,33.2100,2026-07-24 00:45:35,,0.0000,56037,24699379.8900,0,a168,log_age_cash_change,ods_a168_log_age_cash_change,2026-07-24 01:51:11
312613188,2026-07-24,312613188,7,151234883,,0,0,0.0500,2026-07-24 00:45:35,,0.0000,55737,1463141.4200,0,a168,log_age_cash_change,ods_a168_log_age_cash_change,2026-07-24 01:51:11
312613197,2026-07-24,312613197,7,113630887,,0,0,1309.4900,2026-07-24 00:45:44,,0.0000,43159,76240731.3200,0,a168,log_age_cash_change,ods_a168_log_age_cash_change,2026-07-24 01:51:11
312613207,2026-07-24,312613207,7,116681114,,0,0,-108.5300,2026-07-24 00:45:53,,108.5300,41033,27228084.9100,0,a168,log_age_cash_change,ods_a168_log_age_cash_change,2026-07-24 01:51:11
312613213,2026-07-24,312613213,7,148473087,,0,0,30.5000,2026-07-24 00:45:59,,0.0000,56037,24699227.0500,0,a168,log_age_cash_change,ods_a168_log_age_cash_change,2026-07-24 01:51:11
312613218,2026-07-24,312613218,7,150571133,,0,0,0.0700,2026-07-24 00:46:01,,0.0000,48363,43922692.2000,0,a168,log_age_cash_change,ods_a168_log_age_cash_change,2026-07-24 01:51:11
312613224,2026-07-24,312613224,7,146372613,,0,0,6.9600,2026-07-24 00:46:08,,0.0000,51050,3533856.1100,0,a168,log_age_cash_change,ods_a168_log_age_cash_change,2026-07-24 01:51:11
312613230,2026-07-24,312613230,7,148407876,,0,0,50.0000,2026-07-24 00:46:14,,0.4300,56037,24699153.3100,0,a168,log_age_cash_change,ods_a168_log_age_cash_change,2026-07-24 01:51:11
312613245,2026-07-24,312613245,7,153379464,,0,0,100.2000,2026-07-24 00:46:22,,0.0000,55737,1463141.7400,0,a168,log_age_cash_change,ods_a168_log_age_cash_change,2026-07-24 01:51:11
312613251,2026-07-24,312613251,7,153379467,,0,0,0.4900,2026-07-24 00:46:28,,0.0000,56365,49878309.4800,0,a168,log_age_cash_change,ods_a168_log_age_cash_change,2026-07-24 01:51:11
312613266,2026-07-24,312613266,7,148815127,,0,0,3.7600,2026-07-24 00:46:35,,0.0000,56037,24695972.3100,0,a168,log_age_cash_change,ods_a168_log_age_cash_change,2026-07-24 01:51:11
312613272,2026-07-24,312613272,7,153379451,,0,0,-88.0000,2026-07-24 00:46:38,,88.0000,56037,24695861.1800,0,a168,log_age_cash_change,ods_a168_log_age_cash_change,2026-07-24 01:51:11
312613279,2026-07-24,312613279,7,142011092,,0,0,-1192.0000,2026-07-24 00:46:44,,1192.1200,52258,105264316.0000,0,a168,log_age_cash_change,ods_a168_log_age_cash_change,2026-07-24 01:51:11
312613287,2026-07-24,312613287,7,148417788,,0,0,250.8100,2026-07-24 00:46:51,,0.0000,56037,24695847.0400,0,a168,log_age_cash_change,ods_a168_log_age_cash_change,2026-07-24 01:51:11
312613293,2026-07-24,312613293,7,153379486,,0,0,15.1400,2026-07-24 00:46:57,,0.0000,56037,24695648.2200,0,a168,log_age_cash_change,ods_a168_log_age_cash_change,2026-07-24 01:51:11
312613298,2026-07-24,312613298,7,153379335,,0,0,-528.0000,2026-07-24 00:47:01,,528.4500,52258,105268080.0000,0,a168,log_age_cash_change,ods_a168_log_age_cash_change,2026-07-24 01:51:11
312613302,2026-07-24,312613302,7,153379329,,0,0,-532.0000,2026-07-24 00:47:01,,532.3500,52258,105269664.0000,0,a168,log_age_cash_change,ods_a168_log_age_cash_change,2026-07-24 01:51:11
312613309,2026-07-24,312613309,7,152965390,,0,0,302.4900,2026-07-24 00:47:04,,0.0000,50630,466662988.9000,0,a168,log_age_cash_change,ods_a168_log_age_cash_change,2026-07-24 01:51:11
312613316,2026-07-24,312613316,7,148589826,,0,0,3.0300,2026-07-24 00:47:07,,0.0000,56037,24692317.6700,0,a168,log_age_cash_change,ods_a168_log_age_cash_change,2026-07-24 01:51:11
312613321,2026-07-24,312613321,7,147453711,,0,0,252.0000,2026-07-24 00:47:10,,0.1000,52258,105270196.0000,0,a168,log_age_cash_change,ods_a168_log_age_cash_change,2026-07-24 01:51:11
312613335,2026-07-24,312613335,7,129775663,,0,0,-0.6100,2026-07-24 00:47:18,,0.6100,43049,96450403.7600,0,a168,log_age_cash_change,ods_a168_log_age_cash_change,2026-07-24 01:51:11
312613340,2026-07-24,312613340,7,153379297,,0,0,-45.2900,2026-07-24 00:47:21,,45.2900,43049,96450404.3700,0,a168,log_age_cash_change,ods_a168_log_age_cash_change,2026-07-24 01:51:11
312613354,2026-07-24,312613354,7,116725910,,0,0,1000.0100,2026-07-24 00:47:32,,0.0000,33026,41015458.8900,0,a168,log_age_cash_change,ods_a168_log_age_cash_change,2026-07-24 01:51:11
312613363,2026-07-24,312613363,7,145419497,,0,0,-0.0900,2026-07-24 00:47:38,,0.0900,30729,240991859.0000,0,a168,log_age_cash_change,ods_a168_log_age_cash_change,2026-07-24 01:51:11
312613368,2026-07-24,312613368,7,153379507,,0,0,218.5600,2026-07-24 00:47:39,,0.0000,48363,43922385.8600,0,a168,log_age_cash_change,ods_a168_log_age_cash_change,2026-07-24 01:51:11
312613377,2026-07-24,312613377,7,142663305,,0,0,-1000.0000,2026-07-24 00:47:44,,1000.9200,52258,105266363.0000,0,a168,log_age_cash_change,ods_a168_log_age_cash_change,2026-07-24 01:51:11
312613382,2026-07-24,312613382,7,145419497,,0,0,18.0900,2026-07-24 00:47:46,,0.0000,30729,240991859.0900,0,a168,log_age_cash_change,ods_a168_log_age_cash_change,2026-07-24 01:51:11
312613389,2026-07-24,312613389,7,135715113,,0,0,-80.0000,2026-07-24 00:47:52,,1466.6000,51068,47202864.1800,0,a168,log_age_cash_change,ods_a168_log_age_cash_change,2026-07-24 01:51:11
312613396,2026-07-24,312613396,7,73690673,,0,0,-1388.2100,2026-07-24 00:47:57,,1388.2150,20113,486965294.8000,0,a168,log_age_cash_change,ods_a168_log_age_cash_change,2026-07-24 01:51:11
312613404,2026-07-24,312613404,7,147653153,,0,0,-52.0000,2026-07-24 00:48:01,,52.0000,52802,519534.1700,0,a168,log_age_cash_change,ods_a168_log_age_cash_change,2026-07-24 01:51:11
312613410,2026-07-24,312613410,7,141445951,,0,0,5568.4100,2026-07-24 00:48:04,,0.0000,14585,214473320.0050,0,a168,log_age_cash_change,ods_a168_log_age_cash_change,2026-07-24 01:51:11
312613427,2026-07-24,312613427,7,151273447,,0,0,2.5800,2026-07-24 00:48:15,,0.0000,56037,24690859.8300,0,a168,log_age_cash_change,ods_a168_log_age_cash_change,2026-07-24 01:51:11
312613433,2026-07-24,312613433,7,153379519,,0,0,0.0800,2026-07-24 00:48:18,,0.0000,43544,4565647.3900,0,a168,log_age_cash_change,ods_a168_log_age_cash_change,2026-07-24 01:51:11
312613438,2026-07-24,312613438,7,152808779,,0,0,0.4400,2026-07-24 00:48:22,,0.0000,56037,24690851.0600,0,a168,log_age_cash_change,ods_a168_log_age_cash_change,2026-07-24 01:51:11
312613446,2026-07-24,312613446,7,153379521,,0,0,3.8200,2026-07-24 00:48:28,,0.0000,56037,24690850.6200,0,a168,log_age_cash_change,ods_a168_log_age_cash_change,2026-07-24 01:51:11
312613452,2026-07-24,312613452,7,72591071,,0,0,100.0000,2026-07-24 00:48:34,,100.0000,44790,49791272.6000,0,a168,log_age_cash_change,ods_a168_log_age_cash_change,2026-07-24 01:51:11
312613459,2026-07-24,312613459,7,151357144,,0,0,0.6000,2026-07-24 00:48:37,,0.0000,56037,24690849.5400,0,a168,log_age_cash_change,ods_a168_log_age_cash_change,2026-07-24 01:51:11
312613465,2026-07-24,312613465,7,153379526,,0,0,450.7000,2026-07-24 00:48:40,,0.0000,43737,499710244.9400,0,a168,log_age_cash_change,ods_a168_log_age_cash_change,2026-07-24 01:51:11
312613471,2026-07-24,312613471,7,147023458,,0,0,1001.0000,2026-07-24 00:48:43,,0.5600,52258,105267971.0000,0,a168,log_age_cash_change,ods_a168_log_age_cash_change,2026-07-24 01:51:11
312613484,2026-07-24,312613484,7,152119245,,0,0,-4062.0000,2026-07-24 00:48:54,,4062.0000,52083,29730216.7000,0,a168,log_age_cash_change,ods_a168_log_age_cash_change,2026-07-24 01:51:11
312613490,2026-07-24,312613490,7,146070646,,0,0,-0.2700,2026-07-24 00:49:01,,0.2700,50822,21525876.3800,0,a168,log_age_cash_change,ods_a168_log_age_cash_change,2026-07-24 01:51:11
312613501,2026-07-24,312613501,7,153379467,,0,0,-0.4900,2026-07-24 00:49:04,,0.4900,56365,49878308.9900,0,a168,log_age_cash_change,ods_a168_log_age_cash_change,2026-07-24 01:51:11
312613515,2026-07-24,312613515,7,141906666,,0,0,1029.7600,2026-07-24 00:49:10,,0.0000,20887,470403395.0800,0,a168,log_age_cash_change,ods_a168_log_age_cash_change,2026-07-24 01:51:11
312613522,2026-07-24,312613522,7,111232601,,0,0,4791.2400,2026-07-24 00:49:15,,0.0000,43049,96449009.8500,0,a168,log_age_cash_change,ods_a168_log_age_cash_change,2026-07-24 01:51:11
312613529,2026-07-24,312613529,7,149576767,,0,0,-1349.0600,2026-07-24 00:49:21,,1349.0600,36578,45015245.9050,0,a168,log_age_cash_change,ods_a168_log_age_cash_change,2026-07-24 01:51:11
312613536,2026-07-24,312613536,7,153378988,,0,0,-604.5000,2026-07-24 00:49:23,,604.5000,56037,24690615.7400,0,a168,log_age_cash_change,ods_a168_log_age_cash_change,2026-07-24 01:51:11
312613543,2026-07-24,312613543,7,153275206,,0,0,-16.0000,2026-07-24 00:49:28,,16.0000,55113,49046755.1400,0,a168,log_age_cash_change,ods_a168_log_age_cash_change,2026-07-24 01:51:11
312613548,2026-07-24,312613548,7,128455358,,0,0,700.8500,2026-07-24 00:49:33,,0.0000,33086,42356192.2200,0,a168,log_age_cash_change,ods_a168_log_age_cash_change,2026-07-24 01:51:11
312613557,2026-07-24,312613557,7,142946460,,0,0,-13181547.2000,2026-07-24 00:49:39,,13181547.2000,39510,46816222537.0699,0,a168,log_age_cash_change,ods_a168_log_age_cash_change,2026-07-24 01:51:11
312613560,2026-07-24,312613560,7,114932113,,0,0,1003.1000,2026-07-24 00:49:43,,0.0000,44208,30642948.9900,0,a168,log_age_cash_change,ods_a168_log_age_cash_change,2026-07-24 01:51:11
312613574,2026-07-24,312613574,7,150389642,,0,0,16075.6600,2026-07-24 00:49:51,,0.0000,43862,438287019.6800,0,a168,log_age_cash_change,ods_a168_log_age_cash_change,2026-07-24 01:51:11
312613581,2026-07-24,312613581,7,148327224,,0,0,-10027.7700,2026-07-24 00:49:57,,10027.7700,50065,476232337.5400,0,a168,log_age_cash_change,ods_a168_log_age_cash_change,2026-07-24 01:51:11
312613595,2026-07-24,312613595,7,72994426,,0,0,1000.0000,2026-07-24 00:50:06,,0.6000,12652,41019445.0750,0,a168,log_age_cash_change,ods_a168_log_age_cash_change,2026-07-24 01:51:11
312613605,2026-07-24,312613605,7,150389642,,0,0,-16075.6600,2026-07-24 00:50:15,,16075.6600,43862,438270944.0200,0,a168,log_age_cash_change,ods_a168_log_age_cash_change,2026-07-24 01:51:11
312613611,2026-07-24,312613611,7,152302235,,0,0,6088.6400,2026-07-24 00:50:16,,0.0000,55737,1466740.2800,0,a168,log_age_cash_change,ods_a168_log_age_cash_change,2026-07-24 01:51:11
312613626,2026-07-24,312613626,7,142195357,,0,0,-1210.0000,2026-07-24 00:50:30,,1210.0000,52258,105266429.0000,0,a168,log_age_cash_change,ods_a168_log_age_cash_change,2026-07-24 01:51:11
312613632,2026-07-24,312613632,7,141688543,,0,0,-5803.0000,2026-07-24 00:50:35,,5803.0000,51028,4386230.4250,0,a168,log_age_cash_change,ods_a168_log_age_cash_change,2026-07-24 01:51:11
312613639,2026-07-24,312613639,7,151315198,,0,0,749.6200,2026-07-24 00:50:39,,0.0000,56365,49878309.4800,0,a168,log_age_cash_change,ods_a168_log_age_cash_change,2026-07-24 01:51:11
312613647,2026-07-24,312613647,7,53160647,,0,0,-1092.2600,2026-07-24 00:50:43,,1092.2600,14585,214467751.5950,0,a168,log_age_cash_change,ods_a168_log_age_cash_change,2026-07-24 01:51:11
312613653,2026-07-24,312613653,7,136896161,,0,0,1250.5600,2026-07-24 00:50:46,,0.0000,54592,481519.9900,0,a168,log_age_cash_change,ods_a168_log_age_cash_change,2026-07-24 01:51:11
312613658,2026-07-24,312613658,7,139014662,,0,0,398.0000,2026-07-24 00:50:48,,0.0000,6100,2860138.6000,0,a168,log_age_cash_change,ods_a168_log_age_cash_change,2026-07-24 01:51:11
312613664,2026-07-24,312613664,7,148852336,,0,0,1.5300,2026-07-24 00:50:53,,0.0000,56037,24692687.4700,0,a168,log_age_cash_change,ods_a168_log_age_cash_change,2026-07-24 01:51:11
312613670,2026-07-24,312613670,7,153379587,,0,0,1.5000,2026-07-24 00:50:56,,0.0000,43737,499710244.9400,0,a168,log_age_cash_change,ods_a168_log_age_cash_change,2026-07-24 01:51:11
312613685,2026-07-24,312613685,7,82111278,,0,0,76.0000,2026-07-24 00:51:10,,0.2500,12652,41017733.0750,0,a168,log_age_cash_change,ods_a168_log_age_cash_change,2026-07-24 01:51:11
312613691,2026-07-24,312613691,7,119036033,,0,0,-0.3200,2026-07-24 00:51:14,,0.3200,44745,49281036.7300,0,a168,log_age_cash_change,ods_a168_log_age_cash_change,2026-07-24 01:51:11
312613700,2026-07-24,312613700,7,142608496,,0,0,5000.0400,2026-07-24 00:51:18,,0.0000,53326,12488891.2600,0,a168,log_age_cash_change,ods_a168_log_age_cash_change,2026-07-24 01:51:11
312613714,2026-07-24,312613714,7,113954229,,0,0,5075.0000,2026-07-24 00:51:28,,0.5600,50630,466662229.0000,0,a168,log_age_cash_change,ods_a168_log_age_cash_change,2026-07-24 01:51:11
312613723,2026-07-24,312613723,7,142008133,,0,0,-1.0000,2026-07-24 00:51:33,,1012.0000,30105,50226481.2270,0,a168,log_age_cash_change,ods_a168_log_age_cash_change,2026-07-24 01:51:11
312613728,2026-07-24,312613728,7,136193871,,0,0,294.0000,2026-07-24 00:51:35,,24565.0000,32745,44496536.3300,0,a168,log_age_cash_change,ods_a168_log_age_cash_change,2026-07-24 01:51:11
312613737,2026-07-24,312613737,7,148405232,,0,0,2127.9800,2026-07-24 00:51:45,,0.0000,56037,24688068.0500,0,a168,log_age_cash_change,ods_a168_log_age_cash_change,2026-07-24 01:51:11
312613742,2026-07-24,312613742,7,152830469,,0,0,10000.0000,2026-07-24 00:51:48,,0.7300,53369,2228768.5000,0,a168,log_age_cash_change,ods_a168_log_age_cash_change,2026-07-24 01:51:11
312613749,2026-07-24,312613749,7,153379569,,0,0,-10.4100,2026-07-24 00:51:50,,10.4100,55737,1460741.6000,0,a168,log_age_cash_change,ods_a168_log_age_cash_change,2026-07-24 01:51:11
312613756,2026-07-24,312613756,7,151872280,,0,0,502.3500,2026-07-24 00:51:53,,0.0000,43049,96442944.3800,0,a168,log_age_cash_change,ods_a168_log_age_cash_change,2026-07-24 01:51:11
312613761,2026-07-24,312613761,7,152614078,,0,0,0.2000,2026-07-24 00:51:56,,0.0000,56037,24685866.4000,0,a168,log_age_cash_change,ods_a168_log_age_cash_change,2026-07-24 01:51:11
312613775,2026-07-24,312613775,7,152755858,,0,0,-120.0000,2026-07-24 00:52:07,,120.1500,52258,105265892.0000,0,a168,log_age_cash_change,ods_a168_log_age_cash_change,2026-07-24 01:51:11
312613780,2026-07-24,312613780,7,113004053,,0,0,1204.4600,2026-07-24 00:52:09,,0.0000,43159,76222421.1000,0,a168,log_age_cash_change,ods_a168_log_age_cash_change,2026-07-24 01:51:11
312613794,2026-07-24,312613794,7,153379586,,0,0,-0.0400,2026-07-24 00:52:18,,0.0400,43159,76221723.8900,0,a168,log_age_cash_change,ods_a168_log_age_cash_change,2026-07-24 01:51:11
312613806,2026-07-24,312613806,7,152253400,,0,0,2004.6900,2026-07-24 00:52:28,,0.0000,43159,76221723.9300,0,a168,log_age_cash_change,ods_a168_log_age_cash_change,2026-07-24 01:51:11
312613812,2026-07-24,312613812,7,108382685,,0,0,100000.0000,2026-07-24 00:52:31,,0.2700,34533,65686616.1500,0,a168,log_age_cash_change,ods_a168_log_age_cash_change,2026-07-24 01:51:11
312613819,2026-07-24,312613819,7,107253147,,0,0,-0.7500,2026-07-24 00:52:38,,0.7500,19105,431300865.4000,0,a168,log_age_cash_change,ods_a168_log_age_cash_change,2026-07-24 01:51:11
312613825,2026-07-24,312613825,7,128229808,,0,0,-2.3600,2026-07-24 00:52:40,,2.3600,43159,76221269.8200,0,a168,log_age_cash_change,ods_a168_log_age_cash_change,2026-07-24 01:51:11
312613831,2026-07-24,312613831,7,148444851,,0,0,0.8700,2026-07-24 00:52:43,,0.0000,56037,24687274.5800,0,a168,log_age_cash_change,ods_a168_log_age_cash_change,2026-07-24 01:51:11
312613844,2026-07-24,312613844,7,153265581,,0,0,-0.1200,2026-07-24 00:52:46,,0.1200,43159,76223281.1400,0,a168,log_age_cash_change,ods_a168_log_age_cash_change,2026-07-24 01:51:11
312613850,2026-07-24,312613850,7,127470497,,0,0,284.0700,2026-07-24 00:52:51,,0.0000,43159,76222212.7600,0,a168,log_age_cash_change,ods_a168_log_age_cash_change,2026-07-24 01:51:11
312613867,2026-07-24,312613867,7,149899810,,0,0,-0.3500,2026-07-24 00:53:01,,0.3500,26305,186716398.0500,0,a168,log_age_cash_change,ods_a168_log_age_cash_change,2026-07-24 01:51:11
312613873,2026-07-24,312613873,7,152863830,,0,0,-0.0100,2026-07-24 00:53:05,,0.0100,56037,24692797.1900,0,a168,log_age_cash_change,ods_a168_log_age_cash_change,2026-07-24 01:51:11
312613878,2026-07-24,312613878,7,131449319,,0,0,0.9800,2026-07-24 00:53:07,,0.0000,43049,96452765.8600,0,a168,log_age_cash_change,ods_a168_log_age_cash_change,2026-07-24 01:51:11
312613886,2026-07-24,312613886,7,149610106,,0,0,-0.3700,2026-07-24 00:53:13,,0.3700,55737,1460450.4200,0,a168,log_age_cash_change,ods_a168_log_age_cash_change,2026-07-24 01:51:11
312613892,2026-07-24,312613892,7,153379645,,0,0,-0.5600,2026-07-24 00:53:19,,0.5600,56037,24689428.1800,0,a168,log_age_cash_change,ods_a168_log_age_cash_change,2026-07-24 01:51:11
312613899,2026-07-24,312613899,7,153379388,,0,0,0.9700,2026-07-24 00:53:25,,0.0000,43159,76215711.4500,0,a168,log_age_cash_change,ods_a168_log_age_cash_change,2026-07-24 01:51:11
312613903,2026-07-24,312613903,7,123636525,,0,0,-0.6200,2026-07-24 00:53:25,,0.6200,43049,96452764.8800,0,a168,log_age_cash_change,ods_a168_log_age_cash_change,2026-07-24 01:51:11
312613908,2026-07-24,312613908,7,118434867,,0,0,0.4300,2026-07-24 00:53:31,,0.0000,43049,96452765.5000,0,a168,log_age_cash_change,ods_a168_log_age_cash_change,2026-07-24 01:51:11
312613917,2026-07-24,312613917,7,153379538,,0,0,29494.3000,2026-07-24 00:53:34,,0.0000,31529,50002574322.8800,0,a168,log_age_cash_change,ods_a168_log_age_cash_change,2026-07-24 01:51:11
312613920,2026-07-24,312613920,7,72994426,,0,0,-200.0000,2026-07-24 00:53:36,,200.6000,12652,41016957.0750,0,a168,log_age_cash_change,ods_a168_log_age_cash_change,2026-07-24 01:51:11
312613934,2026-07-24,312613934,7,142108384,,0,0,10000.0000,2026-07-24 00:53:45,,0.0000,45392,9428844.1900,0,a168,log_age_cash_change,ods_a168_log_age_cash_change,2026-07-24 01:51:11
312613941,2026-07-24,312613941,7,148200822,,0,0,-0.8300,2026-07-24 00:53:51,,0.8300,43049,96452765.0700,0,a168,log_age_cash_change,ods_a168_log_age_cash_change,2026-07-24 01:51:11
312613955,2026-07-24,312613955,7,153210443,,0,0,0.0500,2026-07-24 00:53:57,,0.0000,55737,1460430.5800,0,a168,log_age_cash_change,ods_a168_log_age_cash_change,2026-07-24 01:51:11
312613962,2026-07-24,312613962,7,107109793,,0,0,-5216.3800,2026-07-24 00:54:01,,5216.3800,43159,76215939.8000,0,a168,log_age_cash_change,ods_a168_log_age_cash_change,2026-07-24 01:51:11
312613969,2026-07-24,312613969,7,152119245,,0,0,231.0000,2026-07-24 00:54:06,,0.0000,52083,29730216.7000,0,a168,log_age_cash_change,ods_a168_log_age_cash_change,2026-07-24 01:51:11
312613976,2026-07-24,312613976,7,142008057,,0,0,1320.0000,2026-07-24 00:54:10,,0.4000,52258,105305165.0000,0,a168,log_age_cash_change,ods_a168_log_age_cash_change,2026-07-24 01:51:11
312613983,2026-07-24,312613983,7,141683092,,0,0,200797.0000,2026-07-24 00:54:13,,0.0000,50073,3304035808.2000,0,a168,log_age_cash_change,ods_a168_log_age_cash_change,2026-07-24 01:51:11
312613988,2026-07-24,312613988,7,152850506,,0,0,-1.2200,2026-07-24 00:54:15,,1.2200,55737,1460421.1600,0,a168,log_age_cash_change,ods_a168_log_age_cash_change,2026-07-24 01:51:11
312613997,2026-07-24,312613997,7,143342627,,0,0,-0.2400,2026-07-24 00:54:19,,0.2400,53326,12483589.1700,0,a168,log_age_cash_change,ods_a168_log_age_cash_change,2026-07-24 01:51:11
312614002,2026-07-24,312614002,7,129077234,,0,0,75.0600,2026-07-24 00:54:23,,100.1500,43159,76220153.1800,0,a168,log_age_cash_change,ods_a168_log_age_cash_change,2026-07-24 01:51:11
312614009,2026-07-24,312614009,7,151382004,,0,0,-0.2900,2026-07-24 00:54:29,,0.2900,56037,24685072.4700,0,a168,log_age_cash_change,ods_a168_log_age_cash_change,2026-07-24 01:51:11
312614016,2026-07-24,312614016,7,142008133,,0,0,-1.0000,2026-07-24 00:54:33,,1012.0000,30105,50226481.2270,0,a168,log_age_cash_change,ods_a168_log_age_cash_change,2026-07-24 01:51:11
312614021,2026-07-24,312614021,7,148590835,,0,0,-0.2400,2026-07-24 00:54:36,,0.2400,43159,76219756.8800,0,a168,log_age_cash_change,ods_a168_log_age_cash_change,2026-07-24 01:51:11
312614035,2026-07-24,312614035,7,149132722,,0,0,0.0300,2026-07-24 00:54:44,,0.0000,56037,24685072.7600,0,a168,log_age_cash_change,ods_a168_log_age_cash_change,2026-07-24 01:51:11
312614040,2026-07-24,312614040,7,153376233,,0,0,-5.7700,2026-07-24 00:54:46,,5.7700,56037,24685073.1300,0,a168,log_age_cash_change,ods_a168_log_age_cash_change,2026-07-24 01:51:11
312614054,2026-07-24,312614054,7,143580154,,0,0,-278.1300,2026-07-24 00:54:54,,278.1300,43159,76189638.4200,0,a168,log_age_cash_change,ods_a168_log_age_cash_change,2026-07-24 01:51:11
312614063,2026-07-24,312614063,7,127359624,,0,0,-400.6800,2026-07-24 00:54:59,,400.6800,43159,76190617.2800,0,a168,log_age_cash_change,ods_a168_log_age_cash_change,2026-07-24 01:51:11
312614068,2026-07-24,312614068,7,153379664,,0,0,-19.8500,2026-07-24 00:55:02,,19.8500,55737,1459948.0900,0,a168,log_age_cash_change,ods_a168_log_age_cash_change,2026-07-24 01:51:11
312614077,2026-07-24,312614077,7,153379671,,0,0,-313.8000,2026-07-24 00:55:06,,313.8000,33094,42569296.6200,0,a168,log_age_cash_change,ods_a168_log_age_cash_change,2026-07-24 01:51:11
312614082,2026-07-24,312614082,7,145120322,,0,0,-101.1100,2026-07-24 00:55:07,,101.1100,23380,494612155.2250,0,a168,log_age_cash_change,ods_a168_log_age_cash_change,2026-07-24 01:51:11
312614089,2026-07-24,312614089,7,142144749,,0,0,3617.0000,2026-07-24 00:55:13,,0.7000,52258,105312468.0000,0,a168,log_age_cash_change,ods_a168_log_age_cash_change,2026-07-24 01:51:11
312614096,2026-07-24,312614096,7,124066593,,0,0,-0.4700,2026-07-24 00:55:16,,0.4700,43159,76190674.4100,0,a168,log_age_cash_change,ods_a168_log_age_cash_change,2026-07-24 01:51:11
312614107,2026-07-24,312614107,7,146785800,,0,0,100.0000,2026-07-24 00:55:22,,0.3900,52305,49321541.0300,0,a168,log_age_cash_change,ods_a168_log_age_cash_change,2026-07-24 01:51:11
312614113,2026-07-24,312614113,7,153345086,,0,0,374.0000,2026-07-24 00:55:26,,0.0000,55113,49050967.0400,0,a168,log_age_cash_change,ods_a168_log_age_cash_change,2026-07-24 01:51:11
312614118,2026-07-24,312614118,7,124661171,,0,0,33.0000,2026-07-24 00:55:31,,0.7500,6100,2860258.6000,0,a168,log_age_cash_change,ods_a168_log_age_cash_change,2026-07-24 01:51:11
312614124,2026-07-24,312614124,7,115926423,,0,0,202.0000,2026-07-24 00:55:33,,0.0000,51033,4765520.3950,0,a168,log_age_cash_change,ods_a168_log_age_cash_change,2026-07-24 01:51:11
312614130,2026-07-24,312614130,7,148562706,,0,0,-80.3900,2026-07-24 00:55:36,,80.3900,56037,24682866.7600,0,a168,log_age_cash_change,ods_a168_log_age_cash_change,2026-07-24 01:51:11
312614145,2026-07-24,312614145,7,139232141,,0,0,95.7600,2026-07-24 00:55:47,,0.0000,14585,214467806.8250,0,a168,log_age_cash_change,ods_a168_log_age_cash_change,2026-07-24 01:51:11
312614151,2026-07-24,312614151,7,117234626,,0,0,-2100.0000,2026-07-24 00:55:52,,2100.3500,7146,16248483.0000,0,a168,log_age_cash_change,ods_a168_log_age_cash_change,2026-07-24 01:51:11
312614166,2026-07-24,312614166,7,150958893,,0,0,0.1600,2026-07-24 00:56:03,,0.0000,56037,24680057.6500,0,a168,log_age_cash_change,ods_a168_log_age_cash_change,2026-07-24 01:51:11
312614172,2026-07-24,312614172,7,153376233,,0,0,0.3700,2026-07-24 00:56:09,,0.0000,56037,24680252.1300,0,a168,log_age_cash_change,ods_a168_log_age_cash_change,2026-07-24 01:51:11
312614179,2026-07-24,312614179,7,149755200,,0,0,2.9500,2026-07-24 00:56:14,,0.0000,55737,1459978.8900,0,a168,log_age_cash_change,ods_a168_log_age_cash_change,2026-07-24 01:51:11
312614187,2026-07-24,312614187,7,107656382,,0,0,1430.0900,2026-07-24 00:56:21,,0.0000,20115,466888590.9000,0,a168,log_age_cash_change,ods_a168_log_age_cash_change,2026-07-24 01:51:11
312614193,2026-07-24,312614193,7,153167330,,0,0,204.5100,2026-07-24 00:56:27,,0.0000,26653,27676259.8900,0,a168,log_age_cash_change,ods_a168_log_age_cash_change,2026-07-24 01:51:11
312614198,2026-07-24,312614198,7,142144749,,0,0,3617.0000,2026-07-24 00:56:30,,0.7000,52258,105309284.0000,0,a168,log_age_cash_change,ods_a168_log_age_cash_change,2026-07-24 01:51:11
312614203,2026-07-24,312614203,7,69835450,,0,0,115.0000,2026-07-24 00:56:32,,0.0000,20510,485357008.3700,0,a168,log_age_cash_change,ods_a168_log_age_cash_change,2026-07-24 01:51:11
312614208,2026-07-24,312614208,7,119978553,A,5,51874,-99.0000,2026-07-24 00:56:33,,99.0000,51874,26626.2000,0,a168,log_age_cash_change,ods_a168_log_age_cash_change,2026-07-24 01:51:11
312614217,2026-07-24,312614217,7,148617509,,0,0,341.6500,2026-07-24 00:56:41,,0.0000,51807,46495921.3300,0,a168,log_age_cash_change,ods_a168_log_age_cash_change,2026-07-24 01:51:11
312614220,2026-07-24,312614220,7,149047566,,0,0,214.9100,2026-07-24 00:56:43,,0.0000,56037,24680153.7600,0,a168,log_age_cash_change,ods_a168_log_age_cash_change,2026-07-24 01:51:11
312614234,2026-07-24,312614234,7,148444851,,0,0,-0.8700,2026-07-24 00:56:53,,0.8700,56037,24679942.0200,0,a168,log_age_cash_change,ods_a168_log_age_cash_change,2026-07-24 01:51:11
312614241,2026-07-24,312614241,7,152043437,,0,0,-833.2600,2026-07-24 00:56:58,,833.2600,56037,24679945.9000,0,a168,log_age_cash_change,ods_a168_log_age_cash_change,2026-07-24 01:51:11
312614255,2026-07-24,312614255,7,153379731,,0,0,55.4200,2026-07-24 00:57:05,,0.0000,35766,2615186.4704,0,a168,log_age_cash_change,ods_a168_log_age_cash_change,2026-07-24 01:51:11
312614262,2026-07-24,312614262,7,153050275,,0,0,700.4100,2026-07-24 00:57:11,,0.0000,53326,12484598.3800,0,a168,log_age_cash_change,ods_a168_log_age_cash_change,2026-07-24 01:51:11
312614269,2026-07-24,312614269,7,149619168,,0,0,-0.2000,2026-07-24 00:57:17,,0.2000,56037,24679895.8400,0,a168,log_age_cash_change,ods_a168_log_age_cash_change,2026-07-24 01:51:11
312614276,2026-07-24,312614276,7,140913664,,0,0,1266.3600,2026-07-24 00:57:24,,0.0000,52489,9764879.3700,0,a168,log_age_cash_change,ods_a168_log_age_cash_change,2026-07-24 01:51:11
312614283,2026-07-24,312614283,7,151089962,,0,0,1706.5500,2026-07-24 00:57:29,,0.0000,50065,476240513.6700,0,a168,log_age_cash_change,ods_a168_log_age_cash_change,2026-07-24 01:51:11
312614288,2026-07-24,312614288,7,153379742,,0,0,8.6200,2026-07-24 00:57:33,,0.0000,56037,24679895.7700,0,a168,log_age_cash_change,ods_a168_log_age_cash_change,2026-07-24 01:51:11
312614297,2026-07-24,312614297,7,136017572,,0,0,48.7800,2026-07-24 00:57:41,,0.0000,33731,2831074.0200,0,a168,log_age_cash_change,ods_a168_log_age_cash_change,2026-07-24 01:51:11
312614306,2026-07-24,312614306,7,153379748,,0,0,168.1500,2026-07-24 00:57:45,,0.0000,56037,24679887.2500,0,a168,log_age_cash_change,ods_a168_log_age_cash_change,2026-07-24 01:51:11
312614312,2026-07-24,312614312,7,149283943,,0,0,-0.0600,2026-07-24 00:57:48,,0.0600,56037,24679479.5000,0,a168,log_age_cash_change,ods_a168_log_age_cash_change,2026-07-24 01:51:11
312614319,2026-07-24,312614319,7,119799953,,0,0,505.0000,2026-07-24 00:57:51,,0.8100,49529,499411929.0100,0,a168,log_age_cash_change,ods_a168_log_age_cash_change,2026-07-24 01:51:11
312614325,2026-07-24,312614325,7,153379700,,0,0,-1001.1500,2026-07-24 00:57:55,,1001.1500,56037,24679479.5700,0,a168,log_age_cash_change,ods_a168_log_age_cash_change,2026-07-24 01:51:11
312614331,2026-07-24,312614331,7,147502218,,0,0,8279.0800,2026-07-24 00:58:00,,0.0000,55805,151689.0400,0,a168,log_age_cash_change,ods_a168_log_age_cash_change,2026-07-24 01:51:11
312614344,2026-07-24,312614344,7,82257529,,0,0,2109.1000,2026-07-24 00:58:04,,0.0000,43159,76192261.2400,0,a168,log_age_cash_change,ods_a168_log_age_cash_change,2026-07-24 01:51:11
312614350,2026-07-24,312614350,7,123062563,,0,0,137.0000,2026-07-24 00:58:08,,0.7500,30811,492268964.0000,0,a168,log_age_cash_change,ods_a168_log_age_cash_change,2026-07-24 01:51:11
312614367,2026-07-24,312614367,7,150479742,,0,0,-2408.3600,2026-07-24 00:58:17,,2408.3600,53965,4739420.7300,0,a168,log_age_cash_change,ods_a168_log_age_cash_change,2026-07-24 01:51:11
312614373,2026-07-24,312614373,7,153379770,,0,0,300.6000,2026-07-24 00:58:20,,0.0000,43159,76192619.2900,0,a168,log_age_cash_change,ods_a168_log_age_cash_change,2026-07-24 01:51:11
312614378,2026-07-24,312614378,7,153379772,,0,0,2.0700,2026-07-24 00:58:26,,0.0000,55737,1459980.0800,0,a168,log_age_cash_change,ods_a168_log_age_cash_change,2026-07-24 01:51:11
312614386,2026-07-24,312614386,7,135715113,,0,0,-200.0000,2026-07-24 00:58:30,,776.6000,51068,47203304.1800,0,a168,log_age_cash_change,ods_a168_log_age_cash_change,2026-07-24 01:51:11
312614392,2026-07-24,312614392,7,124965391,,0,0,-1002.0000,2026-07-24 00:58:32,,1002.0000,42928,47081943.7200,0,a168,log_age_cash_change,ods_a168_log_age_cash_change,2026-07-24 01:51:11
312614399,2026-07-24,312614399,7,153379749,,0,0,-879.8300,2026-07-24 00:58:34,,879.8300,50065,476265369.6000,0,a168,log_age_cash_change,ods_a168_log_age_cash_change,2026-07-24 01:51:11
312614400,2026-07-24,312614400,7,87276414,,0,0,-394.9400,2026-07-24 00:58:36,,394.9400,43049,96451365.5600,0,a168,log_age_cash_change,ods_a168_log_age_cash_change,2026-07-24 01:51:11
312614414,2026-07-24,312614414,7,121135357,,0,0,19116.0400,2026-07-24 00:58:47,,0.9800,43159,76192146.2900,0,a168,log_age_cash_change,ods_a168_log_age_cash_change,2026-07-24 01:51:11
312614423,2026-07-24,312614423,7,134861465,,0,0,-709.9100,2026-07-24 00:58:51,,709.9100,46575,46991549.8900,0,a168,log_age_cash_change,ods_a168_log_age_cash_change,2026-07-24 01:51:11
312614428,2026-07-24,312614428,7,153379782,,0,0,0.3900,2026-07-24 00:58:52,,0.0000,45878,28148512.4100,0,a168,log_age_cash_change,ods_a168_log_age_cash_change,2026-07-24 01:51:11
312614437,2026-07-24,312614437,7,5806794,,0,0,-12307.0000,2026-07-24 00:58:59,,12307.5600,6100,2858179.6000,0,a168,log_age_cash_change,ods_a168_log_age_cash_change,2026-07-24 01:51:11
312614442,2026-07-24,312614442,7,153379643,,0,0,-251.5900,2026-07-24 00:59:02,,251.5900,55737,1459979.7400,0,a168,log_age_cash_change,ods_a168_log_age_cash_change,2026-07-24 01:51:11
312614449,2026-07-24,312614449,7,151518522,,0,0,358.0700,2026-07-24 00:59:05,,0.0000,56037,24646125.0000,0,a168,log_age_cash_change,ods_a168_log_age_cash_change,2026-07-24 01:51:11
312614456,2026-07-24,312614456,7,152863398,,0,0,202.2100,2026-07-24 00:59:09,,0.0000,53326,12483821.9200,0,a168,log_age_cash_change,ods_a168_log_age_cash_change,2026-07-24 01:51:11
312614461,2026-07-24,312614461,7,43596367,,0,0,1595.0000,2026-07-24 00:59:10,,0.2000,18503,340646188.9700,0,a168,log_age_cash_change,ods_a168_log_age_cash_change,2026-07-24 01:51:11
312614475,2026-07-24,312614475,7,139232141,,0,0,75.2200,2026-07-24 00:59:20,,0.0000,14585,214475056.1650,0,a168,log_age_cash_change,ods_a168_log_age_cash_change,2026-07-24 01:51:11
312614480,2026-07-24,312614480,7,148579037,,0,0,-1503.9400,2026-07-24 00:59:26,,1503.9400,56037,24645615.8700,0,a168,log_age_cash_change,ods_a168_log_age_cash_change,2026-07-24 01:51:11
312614494,2026-07-24,312614494,7,94114959,,0,0,1000.6400,2026-07-24 00:59:39,,0.0000,44854,18930588.8848,0,a168,log_age_cash_change,ods_a168_log_age_cash_change,2026-07-24 01:51:11
312614505,2026-07-24,312614505,7,143466914,,0,0,-0.6800,2026-07-24 00:59:45,,0.6800,43159,76175511.8700,0,a168,log_age_cash_change,ods_a168_log_age_cash_change,2026-07-24 01:51:11
312614511,2026-07-24,312614511,7,153379801,,0,0,0.1800,2026-07-24 00:59:48,,0.0000,55737,1459516.4100,0,a168,log_age_cash_change,ods_a168_log_age_cash_change,2026-07-24 01:51:11
312614526,2026-07-24,312614526,7,148687409,,0,0,3.1400,2026-07-24 01:00:01,,0.0000,56037,24646526.5500,0,a168,log_age_cash_change,ods_a168_log_age_cash_change,2026-07-24 01:51:11
312614532,2026-07-24,312614532,7,152901901,,0,0,-803.9600,2026-07-24 01:00:04,,803.9600,43159,76172746.5000,0,a168,log_age_cash_change,ods_a168_log_age_cash_change,2026-07-24 01:51:11
312614539,2026-07-24,312614539,7,143252382,,0,0,-0.5100,2026-07-24 01:00:07,,0.5100,43049,96451760.5900,0,a168,log_age_cash_change,ods_a168_log_age_cash_change,2026-07-24 01:51:11
312614547,2026-07-24,312614547,7,148590835,,0,0,366.8600,2026-07-24 01:00:15,,0.0000,43159,76171544.4600,0,a168,log_age_cash_change,ods_a168_log_age_cash_change,2026-07-24 01:51:11
312614553,2026-07-24,312614553,7,153287003,,0,0,159.0000,2026-07-24 01:00:20,,0.0000,52258,105291240.0000,0,a168,log_age_cash_change,ods_a168_log_age_cash_change,2026-07-24 01:51:11
312614558,2026-07-24,312614558,7,153379748,,0,0,-168.1500,2026-07-24 01:00:26,,168.1500,56037,24647048.6100,0,a168,log_age_cash_change,ods_a168_log_age_cash_change,2026-07-24 01:51:11
312614564,2026-07-24,312614564,7,153379820,,0,0,0.4200,2026-07-24 01:00:28,,0.0000,55737,1459500.8400,0,a168,log_age_cash_change,ods_a168_log_age_cash_change,2026-07-24 01:51:11
312614570,2026-07-24,312614570,7,53819670,,0,0,-10.0000,2026-07-24 01:00:31,,10.6500,27925,49944836.0000,0,a168,log_age_cash_change,ods_a168_log_age_cash_change,2026-07-24 01:51:11
312614585,2026-07-24,312614585,7,152784258,,0,0,-22508.5200,2026-07-24 01:00:40,,22508.5200,43159,76170923.9000,0,a168,log_age_cash_change,ods_a168_log_age_cash_change,2026-07-24 01:51:11
312614591,2026-07-24,312614591,7,153348956,,0,0,-0.4200,2026-07-24 01:00:45,,0.4200,56037,24645461.2400,0,a168,log_age_cash_change,ods_a168_log_age_cash_change,2026-07-24 01:51:11
312614601,2026-07-24,312614601,7,146057164,,0,0,-0.9100,2026-07-24 01:00:53,,0.9100,53326,12483822.9100,0,a168,log_age_cash_change,ods_a168_log_age_cash_change,2026-07-24 01:51:11
312614615,2026-07-24,312614615,7,140243772,,0,0,-0.6100,2026-07-24 01:01:03,,0.6100,31900,44776653.8702,0,a168,log_age_cash_change,ods_a168_log_age_cash_change,2026-07-24 01:51:11
312614622,2026-07-24,312614622,7,82257529,,0,0,-2109.1000,2026-07-24 01:01:06,,2109.1000,43159,76170120.7800,0,a168,log_age_cash_change,ods_a168_log_age_cash_change,2026-07-24 01:51:11
312614629,2026-07-24,312614629,7,153379834,,0,0,50.1500,2026-07-24 01:01:12,,0.0000,56037,24642877.9000,0,a168,log_age_cash_change,ods_a168_log_age_cash_change,2026-07-24 01:51:11
312614636,2026-07-24,312614636,7,149513933,,0,0,0.2000,2026-07-24 01:01:15,,0.0000,56037,24642747.2400,0,a168,log_age_cash_change,ods_a168_log_age_cash_change,2026-07-24 01:51:11
312614643,2026-07-24,312614643,7,68880402,,0,0,2913.6700,2026-07-24 01:01:19,,0.0000,33093,43678892.0000,0,a168,log_age_cash_change,ods_a168_log_age_cash_change,2026-07-24 01:51:11
312614648,2026-07-24,312614648,7,153377603,,0,0,63.0000,2026-07-24 01:01:23,,0.0000,56793,1038331.5000,0,a168,log_age_cash_change,ods_a168_log_age_cash_change,2026-07-24 01:51:11
312614657,2026-07-24,312614657,7,152830469,,0,0,10000.2300,2026-07-24 01:01:29,,0.0000,53369,2218642.0600,0,a168,log_age_cash_change,ods_a168_log_age_cash_change,2026-07-24 01:51:11
312614660,2026-07-24,312614660,7,153379842,,0,0,0.9700,2026-07-24 01:01:30,,0.0000,55737,1459514.9700,0,a168,log_age_cash_change,ods_a168_log_age_cash_change,2026-07-24 01:51:11
312614674,2026-07-24,312614674,7,153379840,,0,0,-5016.9700,2026-07-24 01:01:43,,5016.9700,43159,76165395.9300,0,a168,log_age_cash_change,ods_a168_log_age_cash_change,2026-07-24 01:51:11
312614681,2026-07-24,312614681,7,151433255,,0,0,-4050.3000,2026-07-24 01:01:49,,4050.3000,53368,1735709.5300,0,a168,log_age_cash_change,ods_a168_log_age_cash_change,2026-07-24 01:51:11
312614695,2026-07-24,312614695,7,135520835,,0,0,-214.0000,2026-07-24 01:02:05,,214.0000,46716,804053.1200,0,a168,log_age_cash_change,ods_a168_log_age_cash_change,2026-07-24 01:51:11
312614704,2026-07-24,312614704,7,152194125,,0,0,420.0000,2026-07-24 01:02:13,,0.0000,52258,105292618.0000,0,a168,log_age_cash_change,ods_a168_log_age_cash_change,2026-07-24 01:51:11
312614710,2026-07-24,312614710,7,153325276,,0,0,2033.9800,2026-07-24 01:02:18,,0.0000,48363,43923751.9700,0,a168,log_age_cash_change,ods_a168_log_age_cash_change,2026-07-24 01:51:11
312614727,2026-07-24,312614727,7,148584414,,0,0,-0.1800,2026-07-24 01:02:31,,0.1800,56037,24642845.6000,0,a168,log_age_cash_change,ods_a168_log_age_cash_change,2026-07-24 01:51:11
312614733,2026-07-24,312614733,7,142959437,,0,0,-521.1900,2026-07-24 01:02:36,,521.1900,26653,27675903.1900,0,a168,log_age_cash_change,ods_a168_log_age_cash_change,2026-07-24 01:51:11
312614738,2026-07-24,312614738,7,153379866,,0,0,-0.7600,2026-07-24 01:02:42,,0.7600,43159,76169364.8900,0,a168,log_age_cash_change,ods_a168_log_age_cash_change,2026-07-24 01:51:11
312614746,2026-07-24,312614746,7,121767457,,0,0,-0.1500,2026-07-24 01:02:45,,0.1500,43049,96433779.0900,0,a168,log_age_cash_change,ods_a168_log_age_cash_change,2026-07-24 01:51:11
312614752,2026-07-24,312614752,7,113936458,,0,0,-300.4500,2026-07-24 01:02:48,,300.4500,50630,466645032.3700,0,a168,log_age_cash_change,ods_a168_log_age_cash_change,2026-07-24 01:51:11
312614759,2026-07-24,312614759,7,108981665,,0,0,-2900.8000,2026-07-24 01:02:53,,2900.8000,36574,56693467.1350,0,a168,log_age_cash_change,ods_a168_log_age_cash_change,2026-07-24 01:51:11
312614765,2026-07-24,312614765,7,153325515,,0,0,-820.2000,2026-07-24 01:02:56,,820.2000,56037,24642723.6000,0,a168,log_age_cash_change,ods_a168_log_age_cash_change,2026-07-24 01:51:11
312614771,2026-07-24,312614771,7,116570384,,0,0,-0.8000,2026-07-24 01:02:58,,0.8000,50630,466645332.8200,0,a168,log_age_cash_change,ods_a168_log_age_cash_change,2026-07-24 01:51:11
312614784,2026-07-24,312614784,7,153379886,,0,0,901.7000,2026-07-24 01:03:08,,0.0000,49351,19313400.1600,0,a168,log_age_cash_change,ods_a168_log_age_cash_change,2026-07-24 01:51:11
312614790,2026-07-24,312614790,7,152519803,,0,0,4408.1900,2026-07-24 01:03:15,,0.0000,43772,719155.5500,0,a168,log_age_cash_change,ods_a168_log_age_cash_change,2026-07-24 01:51:11
312614802,2026-07-24,312614802,7,153371799,,0,0,-0.8300,2026-07-24 01:03:21,,0.8300,43049,96452054.4400,0,a168,log_age_cash_change,ods_a168_log_age_cash_change,2026-07-24 01:51:11
312614809,2026-07-24,312614809,7,116272946,,0,0,-0.4100,2026-07-24 01:03:27,,0.4100,43049,96452055.2700,0,a168,log_age_cash_change,ods_a168_log_age_cash_change,2026-07-24 01:51:11
312614816,2026-07-24,312614816,7,82939697,,0,0,3412.4700,2026-07-24 01:03:31,,0.0000,39519,45538432.6700,0,a168,log_age_cash_change,ods_a168_log_age_cash_change,2026-07-24 01:51:11
312614821,2026-07-24,312614821,7,74793242,,0,0,25000.0000,2026-07-24 01:03:33,,538.0100,31702,482836920.8700,0,a168,log_age_cash_change,ods_a168_log_age_cash_change,2026-07-24 01:51:11
312614835,2026-07-24,312614835,7,139230457,,0,0,-0.0300,2026-07-24 01:03:49,,0.0300,54572,493232.1400,0,a168,log_age_cash_change,ods_a168_log_age_cash_change,2026-07-24 01:51:11
312614840,2026-07-24,312614840,7,96945929,,0,0,254.1600,2026-07-24 01:03:50,,0.0000,33024,3082782.2400,0,a168,log_age_cash_change,ods_a168_log_age_cash_change,2026-07-24 01:51:11
312614854,2026-07-24,312614854,7,152758711,,0,0,-142.4000,2026-07-24 01:04:01,,142.4000,43159,76166235.1200,0,a168,log_age_cash_change,ods_a168_log_age_cash_change,2026-07-24 01:51:11
312614863,2026-07-24,312614863,7,151949361,,0,0,2209.4500,2026-07-24 01:04:06,,0.0000,43159,76166377.5200,0,a168,log_age_cash_change,ods_a168_log_age_cash_change,2026-07-24 01:51:11
312614868,2026-07-24,312614868,7,153357157,,0,0,166.9900,2026-07-24 01:04:09,,0.0000,43159,76164168.0700,0,a168,log_age_cash_change,ods_a168_log_age_cash_change,2026-07-24 01:51:11
312614877,2026-07-24,312614877,7,148796742,,0,0,8744.0000,2026-07-24 01:04:15,,0.5000,55065,946596.0000,0,a168,log_age_cash_change,ods_a168_log_age_cash_change,2026-07-24 01:51:11
312614882,2026-07-24,312614882,7,153379644,,0,0,-787.5000,2026-07-24 01:04:25,,787.5000,55113,49051639.0400,0,a168,log_age_cash_change,ods_a168_log_age_cash_change,2026-07-24 01:51:11
312614889,2026-07-24,312614889,7,153344397,,0,0,-0.3100,2026-07-24 01:04:33,,0.3100,43159,76162996.5800,0,a168,log_age_cash_change,ods_a168_log_age_cash_change,2026-07-24 01:51:11
312614896,2026-07-24,312614896,7,132287841,,0,0,220.1300,2026-07-24 01:04:38,,0.0000,52116,4288656.0400,0,a168,log_age_cash_change,ods_a168_log_age_cash_change,2026-07-24 01:51:11
312614907,2026-07-24,312614907,7,142663305,,0,0,-500.0000,2026-07-24 01:04:45,,500.7200,52258,105280745.0000,0,a168,log_age_cash_change,ods_a168_log_age_cash_change,2026-07-24 01:51:11
312614913,2026-07-24,312614913,7,144882877,,0,0,1003.7600,2026-07-24 01:04:47,,0.0000,44208,30642155.9600,0,a168,log_age_cash_change,ods_a168_log_age_cash_change,2026-07-24 01:51:11
312614918,2026-07-24,312614918,7,71476013,,0,0,-0.8800,2026-07-24 01:04:51,,0.8800,39510,46812911695.5699,0,a168,log_age_cash_change,ods_a168_log_age_cash_change,2026-07-24 01:51:11
312614924,2026-07-24,312614924,7,136017572,,0,0,-67.7800,2026-07-24 01:04:55,,67.7800,33731,2831025.2400,0,a168,log_age_cash_change,ods_a168_log_age_cash_change,2026-07-24 01:51:11
312614930,2026-07-24,312614930,7,153379919,,0,0,-1190.0100,2026-07-24 01:05:00,,1190.0100,54620,9991664.2900,0,a168,log_age_cash_change,ods_a168_log_age_cash_change,2026-07-24 01:51:11
312614945,2026-07-24,312614945,7,139232141,,0,0,0.0100,2026-07-24 01:05:10,,0.2200,14585,214474374.1350,0,a168,log_age_cash_change,ods_a168_log_age_cash_change,2026-07-24 01:51:11
312614951,2026-07-24,312614951,7,140705835,,0,0,3008.4800,2026-07-24 01:05:13,,0.0000,43159,76162687.5900,0,a168,log_age_cash_change,ods_a168_log_age_cash_change,2026-07-24 01:51:11
312614966,2026-07-24,312614966,7,153371973,,0,0,-0.3000,2026-07-24 01:05:22,,0.3000,56037,24646390.4500,0,a168,log_age_cash_change,ods_a168_log_age_cash_change,2026-07-24 01:51:11
312614972,2026-07-24,312614972,7,152720965,,0,0,-1880.2700,2026-07-24 01:05:25,,1880.2700,56037,24646390.7500,0,a168,log_age_cash_change,ods_a168_log_age_cash_change,2026-07-24 01:51:11
312614979,2026-07-24,312614979,7,149978908,,0,0,-6.2200,2026-07-24 01:05:30,,6.2200,56037,24648271.2900,0,a168,log_age_cash_change,ods_a168_log_age_cash_change,2026-07-24 01:51:11
312614987,2026-07-24,312614987,7,131176861,,0,0,1.0300,2026-07-24 01:05:33,,10.9600,45878,28148612.6200,0,a168,log_age_cash_change,ods_a168_log_age_cash_change,2026-07-24 01:51:11
312614993,2026-07-24,312614993,7,153379948,,0,0,1.1300,2026-07-24 01:05:39,,0.0000,55737,1454434.9200,0,a168,log_age_cash_change,ods_a168_log_age_cash_change,2026-07-24 01:51:11
312614998,2026-07-24,312614998,7,153379898,,0,0,-106.2446,2026-07-24 01:05:46,,106.2446,55792,1706015.7112,0,a168,log_age_cash_change,ods_a168_log_age_cash_change,2026-07-24 01:51:11
312615004,2026-07-24,312615004,7,153364776,,0,0,63000.0000,2026-07-24 01:05:50,,0.0000,42596,488841071.3100,0,a168,log_age_cash_change,ods_a168_log_age_cash_change,2026-07-24 01:51:11
312615010,2026-07-24,312615010,7,100193558,,0,0,1338.4500,2026-07-24 01:05:53,,0.0000,43159,76165041.4000,0,a168,log_age_cash_change,ods_a168_log_age_cash_change,2026-07-24 01:51:11
312615027,2026-07-24,312615027,7,122569025,,0,0,-150.0000,2026-07-24 01:06:03,,150.5500,52258,105293551.0000,0,a168,log_age_cash_change,ods_a168_log_age_cash_change,2026-07-24 01:51:11
312615033,2026-07-24,312615033,7,149466705,,0,0,-20.7600,2026-07-24 01:06:06,,20.7600,54196,46476598.4400,0,a168,log_age_cash_change,ods_a168_log_age_cash_change,2026-07-24 01:51:11
312615038,2026-07-24,312615038,7,153379965,,0,0,0.8000,2026-07-24 01:06:09,,0.0000,56037,24650485.5900,0,a168,log_age_cash_change,ods_a168_log_age_cash_change,2026-07-24 01:51:11
312615046,2026-07-24,312615046,7,136932228,,0,0,13.6300,2026-07-24 01:06:13,,0.0000,43159,76164119.1100,0,a168,log_age_cash_change,ods_a168_log_age_cash_change,2026-07-24 01:51:11
312615052,2026-07-24,312615052,7,151029433,,0,0,-0.3500,2026-07-24 01:06:15,,0.3500,31529,50002574322.8800,0,a168,log_age_cash_change,ods_a168_log_age_cash_change,2026-07-24 01:51:11
312615059,2026-07-24,312615059,7,153379977,,0,0,133.4400,2026-07-24 01:06:19,,0.0000,43159,76153275.8600,0,a168,log_age_cash_change,ods_a168_log_age_cash_change,2026-07-24 01:51:11
312615065,2026-07-24,312615065,7,100116848,,0,0,1815.1000,2026-07-24 01:06:26,,0.0000,33086,42356018.7300,0,a168,log_age_cash_change,ods_a168_log_age_cash_change,2026-07-24 01:51:11
312615071,2026-07-24,312615071,7,153340015,,0,0,-1518.1100,2026-07-24 01:06:30,,1518.1100,55024,960915.0700,0,a168,log_age_cash_change,ods_a168_log_age_cash_change,2026-07-24 01:51:11
312615084,2026-07-24,312615084,7,153379770,,0,0,-378.6000,2026-07-24 01:06:38,,378.6000,43159,76153395.5200,0,a168,log_age_cash_change,ods_a168_log_age_cash_change,2026-07-24 01:51:11
312615090,2026-07-24,312615090,7,142159260,,0,0,139.0000,2026-07-24 01:06:41,,0.8400,52258,105296382.0000,0,a168,log_age_cash_change,ods_a168_log_age_cash_change,2026-07-24 01:51:11
312615101,2026-07-24,312615101,7,150306229,,0,0,1010.0000,2026-07-24 01:06:48,,5.2000,51026,4493000.1350,0,a168,log_age_cash_change,ods_a168_log_age_cash_change,2026-07-24 01:51:11
312615115,2026-07-24,312615115,7,151848652,,0,0,-900.5800,2026-07-24 01:06:58,,900.5800,56037,24657260.1800,0,a168,log_age_cash_change,ods_a168_log_age_cash_change,2026-07-24 01:51:11
312615122,2026-07-24,312615122,7,129737018,,0,0,375.7900,2026-07-24 01:07:02,,0.0000,52489,9769569.5000,0,a168,log_age_cash_change,ods_a168_log_age_cash_change,2026-07-24 01:51:11
312615129,2026-07-24,312615129,7,151269462,,0,0,-583.9500,2026-07-24 01:07:05,,583.9500,56037,24658160.7600,0,a168,log_age_cash_change,ods_a168_log_age_cash_change,2026-07-24 01:51:11
312615136,2026-07-24,312615136,7,143371852,,0,0,-4210.7100,2026-07-24 01:07:09,,4210.7100,1339,92916376.3999,0,a168,log_age_cash_change,ods_a168_log_age_cash_change,2026-07-24 01:51:11
312615143,2026-07-24,312615143,7,148420752,,0,0,0.3800,2026-07-24 01:07:17,,0.0000,56037,24655842.6800,0,a168,log_age_cash_change,ods_a168_log_age_cash_change,2026-07-24 01:51:11
312615148,2026-07-24,312615148,7,122569025,,0,0,185.0000,2026-07-24 01:07:21,,0.5500,52258,105296036.0000,0,a168,log_age_cash_change,ods_a168_log_age_cash_change,2026-07-24 01:51:11
312615157,2026-07-24,312615157,7,152829826,,0,0,-2.8200,2026-07-24 01:07:26,,2.8200,56037,24655842.3000,0,a168,log_age_cash_change,ods_a168_log_age_cash_change,2026-07-24 01:51:11
312615160,2026-07-24,312615160,7,97017302,,0,0,-10111.3100,2026-07-24 01:07:31,,10111.3100,44854,18929726.1948,0,a168,log_age_cash_change,ods_a168_log_age_cash_change,2026-07-24 01:51:11
312615174,2026-07-24,312615174,7,153379270,,0,0,-122.3100,2026-07-24 01:07:40,,122.3100,43049,96451702.3800,0,a168,log_age_cash_change,ods_a168_log_age_cash_change,2026-07-24 01:51:11
312615181,2026-07-24,312615181,7,105086697,,0,0,101.0000,2026-07-24 01:07:44,,0.0000,19105,431240681.6000,0,a168,log_age_cash_change,ods_a168_log_age_cash_change,2026-07-24 01:51:11
312615195,2026-07-24,312615195,7,146825569,,0,0,808.0500,2026-07-24 01:07:56,,0.0000,43159,76202130.4200,0,a168,log_age_cash_change,ods_a168_log_age_cash_change,2026-07-24 01:51:11
312615205,2026-07-24,312615205,7,153379908,,0,0,-530.0000,2026-07-24 01:08:04,,530.4000,52258,105295667.0000,0,a168,log_age_cash_change,ods_a168_log_age_cash_change,2026-07-24 01:51:11
312615211,2026-07-24,312615211,7,126541635,,0,0,-450.2000,2026-07-24 01:08:07,,450.2000,46575,46991809.6000,0,a168,log_age_cash_change,ods_a168_log_age_cash_change,2026-07-24 01:51:11
312615226,2026-07-24,312615226,7,137430054,,0,0,81.6000,2026-07-24 01:08:18,,0.0000,53326,12483471.8000,0,a168,log_age_cash_change,ods_a168_log_age_cash_change,2026-07-24 01:51:11
312615232,2026-07-24,312615232,7,153379839,,0,0,-0.5600,2026-07-24 01:08:23,,0.5600,43365,132879705.7000,0,a168,log_age_cash_change,ods_a168_log_age_cash_change,2026-07-24 01:51:11
312615239,2026-07-24,312615239,7,145922474,,0,0,-1029.1800,2026-07-24 01:08:27,,1029.1800,53326,12483390.2000,0,a168,log_age_cash_change,ods_a168_log_age_cash_change,2026-07-24 01:51:11
312615247,2026-07-24,312615247,7,140775610,,0,0,501.1600,2026-07-24 01:08:32,,0.0000,49351,19310492.4600,0,a168,log_age_cash_change,ods_a168_log_age_cash_change,2026-07-24 01:51:11
312615253,2026-07-24,312615253,7,122621908,,0,0,-42.0000,2026-07-24 01:08:37,,42.0000,52258,105296895.0000,0,a168,log_age_cash_change,ods_a168_log_age_cash_change,2026-07-24 01:51:11
312615258,2026-07-24,312615258,7,153380036,,0,0,859.0200,2026-07-24 01:08:44,,0.0000,54801,47055049.8300,0,a168,log_age_cash_change,ods_a168_log_age_cash_change,2026-07-24 01:51:11
312615264,2026-07-24,312615264,7,146913969,,0,0,151.0500,2026-07-24 01:08:49,,0.0000,50822,21527041.1500,0,a168,log_age_cash_change,ods_a168_log_age_cash_change,2026-07-24 01:51:11
312615270,2026-07-24,312615270,7,153378069,,0,0,0.5900,2026-07-24 01:08:52,,0.0000,43049,96449712.7300,0,a168,log_age_cash_change,ods_a168_log_age_cash_change,2026-07-24 01:51:11
312615285,2026-07-24,312615285,7,153380048,,0,0,1003.0000,2026-07-24 01:09:02,,0.0000,44208,30641453.2300,0,a168,log_age_cash_change,ods_a168_log_age_cash_change,2026-07-24 01:51:11
312615291,2026-07-24,312615291,7,152318490,,0,0,-0.8500,2026-07-24 01:09:05,,0.8500,53369,2208768.5000,0,a168,log_age_cash_change,ods_a168_log_age_cash_change,2026-07-24 01:51:11
312615300,2026-07-24,312615300,7,153380054,,0,0,279.2000,2026-07-24 01:09:10,,0.0000,54801,47054190.4700,0,a168,log_age_cash_change,ods_a168_log_age_cash_change,2026-07-24 01:51:11
312615314,2026-07-24,312615314,7,153189300,,0,0,173.9100,2026-07-24 01:09:17,,0.0000,32821,38605107.9250,0,a168,log_age_cash_change,ods_a168_log_age_cash_change,2026-07-24 01:51:11
312615323,2026-07-24,312615323,7,131089596,,0,0,-121259.0000,2026-07-24 01:09:22,,121259.9400,6833,34754632.8500,0,a168,log_age_cash_change,ods_a168_log_age_cash_change,2026-07-24 01:51:11
312615328,2026-07-24,312615328,7,134142839,,0,0,15.0000,2026-07-24 01:09:27,,0.0000,41033,27241770.4600,0,a168,log_age_cash_change,ods_a168_log_age_cash_change,2026-07-24 01:51:11
312615337,2026-07-24,312615337,7,142008133,,0,0,-1.0000,2026-07-24 01:09:33,,1012.0000,30105,50226481.2270,0,a168,log_age_cash_change,ods_a168_log_age_cash_change,2026-07-24 01:51:11
312615342,2026-07-24,312615342,7,153377382,,0,0,-447.0100,2026-07-24 01:09:36,,447.0100,55805,151709.2900,0,a168,log_age_cash_change,ods_a168_log_age_cash_change,2026-07-24 01:51:11
312615349,2026-07-24,312615349,7,153373214,,0,0,-0.5800,2026-07-24 01:09:39,,0.5800,43159,76192360.6000,0,a168,log_age_cash_change,ods_a168_log_age_cash_change,2026-07-24 01:51:11
312615356,2026-07-24,312615356,7,149137146,,0,0,-0.5100,2026-07-24 01:09:42,,0.5100,43159,76191799.2800,0,a168,log_age_cash_change,ods_a168_log_age_cash_change,2026-07-24 01:51:11
312615361,2026-07-24,312615361,7,152203454,,0,0,100.0500,2026-07-24 01:09:44,,0.0000,43554,24849410.9900,0,a168,log_age_cash_change,ods_a168_log_age_cash_change,2026-07-24 01:51:11
312615375,2026-07-24,312615375,7,152240038,,0,0,-0.5100,2026-07-24 01:09:53,,0.5100,56037,24655910.2800,0,a168,log_age_cash_change,ods_a168_log_age_cash_change,2026-07-24 01:51:11
312615380,2026-07-24,312615380,7,153260417,,0,0,5499.8600,2026-07-24 01:09:58,,0.0000,56037,24653906.0000,0,a168,log_age_cash_change,ods_a168_log_age_cash_change,2026-07-24 01:51:11
312615394,2026-07-24,312615394,7,149012605,,0,0,-2001.9800,2026-07-24 01:10:08,,2001.9800,56037,24648387.3000,0,a168,log_age_cash_change,ods_a168_log_age_cash_change,2026-07-24 01:51:11
312615406,2026-07-24,312615406,7,150730160,,0,0,200.6100,2026-07-24 01:10:15,,0.0000,43544,4567645.8100,0,a168,log_age_cash_change,ods_a168_log_age_cash_change,2026-07-24 01:51:11
312615412,2026-07-24,312615412,7,131089596,,0,0,121259.0000,2026-07-24 01:10:20,,0.9400,6833,34875891.8500,0,a168,log_age_cash_change,ods_a168_log_age_cash_change,2026-07-24 01:51:11
312615419,2026-07-24,312615419,7,152278830,,0,0,-500.4400,2026-07-24 01:10:23,,500.4400,50822,21526890.1000,0,a168,log_age_cash_change,ods_a168_log_age_cash_change,2026-07-24 01:51:11
312615425,2026-07-24,312615425,7,142203566,,0,0,739.0000,2026-07-24 01:10:26,,0.2000,52258,105286200.0000,0,a168,log_age_cash_change,ods_a168_log_age_cash_change,2026-07-24 01:51:11
312615431,2026-07-24,312615431,7,149750908,,0,0,-0.0200,2026-07-24 01:10:29,,0.0200,55737,1459347.9000,0,a168,log_age_cash_change,ods_a168_log_age_cash_change,2026-07-24 01:51:11
312615444,2026-07-24,312615444,7,153380100,,0,0,10.6600,2026-07-24 01:10:37,,0.0000,54196,46476565.2400,0,a168,log_age_cash_change,ods_a168_log_age_cash_change,2026-07-24 01:51:11
312615450,2026-07-24,312615450,7,150995049,,0,0,-0.2400,2026-07-24 01:10:42,,0.2400,43159,76192424.3700,0,a168,log_age_cash_change,ods_a168_log_age_cash_change,2026-07-24 01:51:11
312615467,2026-07-24,312615467,7,106389291,,0,0,-4.0600,2026-07-24 01:10:54,,4.0600,43159,76192428.4600,0,a168,log_age_cash_change,ods_a168_log_age_cash_change,2026-07-24 01:51:11
312615473,2026-07-24,312615473,7,136956016,,0,0,166.6500,2026-07-24 01:11:01,,0.0000,51216,10380422.7400,0,a168,log_age_cash_change,ods_a168_log_age_cash_change,2026-07-24 01:51:11
312615478,2026-07-24,312615478,7,142663305,,0,0,300.0000,2026-07-24 01:11:05,,0.9200,52258,105284533.0000,0,a168,log_age_cash_change,ods_a168_log_age_cash_change,2026-07-24 01:51:11
312615486,2026-07-24,312615486,7,148433523,,0,0,1003.0000,2026-07-24 01:11:09,,0.2000,56037,24648830.4500,0,a168,log_age_cash_change,ods_a168_log_age_cash_change,2026-07-24 01:51:11
312615492,2026-07-24,312615492,7,124890395,,0,0,-0.4000,2026-07-24 01:11:14,,0.4000,43159,76192432.5200,0,a168,log_age_cash_change,ods_a168_log_age_cash_change,2026-07-24 01:51:11
312615499,2026-07-24,312615499,7,150428820,,0,0,100.7100,2026-07-24 01:11:22,,0.0000,53326,12484419.9400,0,a168,log_age_cash_change,ods_a168_log_age_cash_change,2026-07-24 01:51:11
312615503,2026-07-24,312615503,7,148854350,,0,0,3.2500,2026-07-24 01:11:23,,0.0000,51050,3533849.7400,0,a168,log_age_cash_change,ods_a168_log_age_cash_change,2026-07-24 01:51:11
312615508,2026-07-24,312615508,7,61787530,,0,0,-40.0000,2026-07-24 01:11:26,,40.7400,6100,2863708.6000,0,a168,log_age_cash_change,ods_a168_log_age_cash_change,2026-07-24 01:51:11
312615517,2026-07-24,312615517,7,101457083,,0,0,373.6700,2026-07-24 01:11:30,,0.0000,43159,76192905.1700,0,a168,log_age_cash_change,ods_a168_log_age_cash_change,2026-07-24 01:51:11
312615520,2026-07-24,312615520,7,152793190,,0,0,0.6700,2026-07-24 01:11:32,,0.0000,56037,24647668.4000,0,a168,log_age_cash_change,ods_a168_log_age_cash_change,2026-07-24 01:51:11
312615534,2026-07-24,312615534,7,153380126,,0,0,183.8800,2026-07-24 01:11:41,,0.0000,53655,1052684.5700,0,a168,log_age_cash_change,ods_a168_log_age_cash_change,2026-07-24 01:51:11
312615541,2026-07-24,312615541,7,153380127,,0,0,156.6300,2026-07-24 01:11:45,,0.0000,33086,42358061.7300,0,a168,log_age_cash_change,ods_a168_log_age_cash_change,2026-07-24 01:51:11
312615555,2026-07-24,312615555,7,96075611,,0,0,0.4700,2026-07-24 01:12:01,,0.0000,43159,76192535.1800,0,a168,log_age_cash_change,ods_a168_log_age_cash_change,2026-07-24 01:51:11
312615562,2026-07-24,312615562,7,83249775,,0,0,3026.3500,2026-07-24 01:12:08,,0.0000,43159,76192534.7100,0,a168,log_age_cash_change,ods_a168_log_age_cash_change,2026-07-24 01:51:11
312615569,2026-07-24,312615569,7,153380127,,0,0,-156.6300,2026-07-24 01:12:16,,156.6300,33086,42357905.1000,0,a168,log_age_cash_change,ods_a168_log_age_cash_change,2026-07-24 01:51:11
312615576,2026-07-24,312615576,7,96075611,,0,0,-0.4700,2026-07-24 01:12:20,,0.4700,43159,76189508.3600,0,a168,log_age_cash_change,ods_a168_log_age_cash_change,2026-07-24 01:51:11
312615583,2026-07-24,312615583,7,151494340,,0,0,100.0000,2026-07-24 01:12:24,,0.0000,26139,49689230.8500,0,a168,log_age_cash_change,ods_a168_log_age_cash_change,2026-07-24 01:51:11
312615588,2026-07-24,312615588,7,153374061,,0,0,-0.2000,2026-07-24 01:12:29,,0.2000,43365,132879712.0400,0,a168,log_age_cash_change,ods_a168_log_age_cash_change,2026-07-24 01:51:11
312615597,2026-07-24,312615597,7,148577831,,0,0,1012.3300,2026-07-24 01:12:33,,0.0000,56037,24646125.1600,0,a168,log_age_cash_change,ods_a168_log_age_cash_change,2026-07-24 01:51:11
312615607,2026-07-24,312615607,7,148436361,,0,0,0.0500,2026-07-24 01:12:40,,0.0000,56037,24644560.6500,0,a168,log_age_cash_change,ods_a168_log_age_cash_change,2026-07-24 01:51:11
312615613,2026-07-24,312615613,7,136896161,,0,0,1220.4300,2026-07-24 01:12:46,,0.0000,54592,481547.4400,0,a168,log_age_cash_change,ods_a168_log_age_cash_change,2026-07-24 01:51:11
312615618,2026-07-24,312615618,7,115281770,,0,0,200.4100,2026-07-24 01:12:51,,0.0000,33086,42358061.7300,0,a168,log_age_cash_change,ods_a168_log_age_cash_change,2026-07-24 01:51:11
312615624,2026-07-24,312615624,7,73690673,,0,0,-152.0000,2026-07-24 01:12:55,,152.0050,20113,486967646.0100,0,a168,log_age_cash_change,ods_a168_log_age_cash_change,2026-07-24 01:51:11
312615630,2026-07-24,312615630,7,153380054,,0,0,-0.2000,2026-07-24 01:13:02,,0.2000,54801,47054319.6700,0,a168,log_age_cash_change,ods_a168_log_age_cash_change,2026-07-24 01:51:11
312615645,2026-07-24,312615645,7,150152694,,0,0,0.6500,2026-07-24 01:13:11,,0.0000,56037,24650901.7400,0,a168,log_age_cash_change,ods_a168_log_age_cash_change,2026-07-24 01:51:11
312615651,2026-07-24,312615651,7,148410298,,0,0,501.5000,2026-07-24 01:13:13,,0.0500,56037,24650901.0900,0,a168,log_age_cash_change,ods_a168_log_age_cash_change,2026-07-24 01:51:11
312615666,2026-07-24,312615666,7,105086697,,0,0,-248.5000,2026-07-24 01:13:21,,248.5000,19105,431297380.1800,0,a168,log_age_cash_change,ods_a168_log_age_cash_change,2026-07-24 01:51:11
312615672,2026-07-24,312615672,7,4826061,,0,0,200.0000,2026-07-24 01:13:25,,0.0600,6100,2862463.6000,0,a168,log_age_cash_change,ods_a168_log_age_cash_change,2026-07-24 01:51:11
312615679,2026-07-24,312615679,7,122556407,,0,0,1006.0000,2026-07-24 01:13:31,,0.6000,52258,105280502.0000,0,a168,log_age_cash_change,ods_a168_log_age_cash_change,2026-07-24 01:51:11
312615687,2026-07-24,312615687,7,108145811,,0,0,8409.4500,2026-07-24 01:13:41,,0.0000,43159,76190408.0500,0,a168,log_age_cash_change,ods_a168_log_age_cash_change,2026-07-24 01:51:11
312615693,2026-07-24,312615693,7,153380175,,0,0,-1300.0000,2026-07-24 01:13:46,,1300.0000,39519,45533720.2000,0,a168,log_age_cash_change,ods_a168_log_age_cash_change,2026-07-24 01:51:11
312615698,2026-07-24,312615698,7,153378598,,0,0,0.0200,2026-07-24 01:13:51,,0.0000,55737,1465675.8300,0,a168,log_age_cash_change,ods_a168_log_age_cash_change,2026-07-24 01:51:11
312615702,2026-07-24,312615702,7,153380140,,0,0,-695.8100,2026-07-24 01:13:54,,695.8100,55737,1465675.8100,0,a168,log_age_cash_change,ods_a168_log_age_cash_change,2026-07-24 01:51:11
312615709,2026-07-24,312615709,7,150879843,,0,0,95280.3700,2026-07-24 01:13:58,,0.0000,43159,76179730.7100,0,a168,log_age_cash_change,ods_a168_log_age_cash_change,2026-07-24 01:51:11
312615716,2026-07-24,312615716,7,78791553,,0,0,-3612.0500,2026-07-24 01:14:01,,3612.0500,44854,18933292.8148,0,a168,log_age_cash_change,ods_a168_log_age_cash_change,2026-07-24 01:51:11
312615721,2026-07-24,312615721,7,151877567,,0,0,0.5400,2026-07-24 01:14:02,,0.0000,56037,24659477.4500,0,a168,log_age_cash_change,ods_a168_log_age_cash_change,2026-07-24 01:51:11
312615735,2026-07-24,312615735,7,148500335,,0,0,0.1600,2026-07-24 01:14:15,,0.0000,56037,24661805.8200,0,a168,log_age_cash_change,ods_a168_log_age_cash_change,2026-07-24 01:51:11
312615740,2026-07-24,312615740,7,148344299,,0,0,200.0000,2026-07-24 01:14:19,,0.0100,15056,266834377.4450,0,a168,log_age_cash_change,ods_a168_log_age_cash_change,2026-07-24 01:51:11
312615754,2026-07-24,312615754,7,151769650,,0,0,-406.7300,2026-07-24 01:14:25,,406.7300,56037,24659979.6200,0,a168,log_age_cash_change,ods_a168_log_age_cash_change,2026-07-24 01:51:11
312615763,2026-07-24,312615763,7,113778344,,0,0,7036.2200,2026-07-24 01:14:31,,0.0000,33086,42357861.3200,0,a168,log_age_cash_change,ods_a168_log_age_cash_change,2026-07-24 01:51:11
312615768,2026-07-24,312615768,7,139232141,,0,0,-0.6900,2026-07-24 01:14:35,,0.6900,14585,214474505.5650,0,a168,log_age_cash_change,ods_a168_log_age_cash_change,2026-07-24 01:51:11
312615777,2026-07-24,312615777,7,153100705,,0,0,0.1300,2026-07-24 01:14:43,,0.0000,55737,1466370.4300,0,a168,log_age_cash_change,ods_a168_log_age_cash_change,2026-07-24 01:51:11
312615782,2026-07-24,312615782,7,140243772,,0,0,-2100.6100,2026-07-24 01:14:45,,2100.6100,31900,44776453.8702,0,a168,log_age_cash_change,ods_a168_log_age_cash_change,2026-07-24 01:51:11
312615789,2026-07-24,312615789,7,147447790,,0,0,20.2200,2026-07-24 01:14:51,,0.0000,55805,159196.3700,0,a168,log_age_cash_change,ods_a168_log_age_cash_change,2026-07-24 01:51:11
312615796,2026-07-24,312615796,7,150825310,,0,0,600.0000,2026-07-24 01:14:56,,0.5000,45959,48949062.0000,0,a168,log_age_cash_change,ods_a168_log_age_cash_change,2026-07-24 01:51:11
312615804,2026-07-24,312615804,7,142008133,,0,0,1.0000,2026-07-24 01:15:02,,1011.0000,30105,50226482.2270,0,a168,log_age_cash_change,ods_a168_log_age_cash_change,2026-07-24 01:51:11
312615810,2026-07-24,312615810,7,153380185,,0,0,-4.6700,2026-07-24 01:15:08,,4.6700,40130,107899878.1350,0,a168,log_age_cash_change,ods_a168_log_age_cash_change,2026-07-24 01:51:11
312615827,2026-07-24,312615827,7,153171358,,0,0,-0.8500,2026-07-24 01:15:19,,0.8500,56037,24659120.7200,0,a168,log_age_cash_change,ods_a168_log_age_cash_change,2026-07-24 01:51:11
312615833,2026-07-24,312615833,7,148640749,,0,0,-0.4000,2026-07-24 01:15:25,,0.4000,56037,24656765.7800,0,a168,log_age_cash_change,ods_a168_log_age_cash_change,2026-07-24 01:51:11
312615838,2026-07-24,312615838,7,11080438,,0,0,-301.0000,2026-07-24 01:15:29,,301.0000,10756,32242857.5000,0,a168,log_age_cash_change,ods_a168_log_age_cash_change,2026-07-24 01:51:11
312615846,2026-07-24,312615846,7,142008133,,0,0,-1.0000,2026-07-24 01:15:33,,1012.0000,30105,50226481.2270,0,a168,log_age_cash_change,ods_a168_log_age_cash_change,2026-07-24 01:51:11
312615852,2026-07-24,312615852,7,153100705,,0,0,-0.1300,2026-07-24 01:15:38,,0.1300,55737,1466039.2300,0,a168,log_age_cash_change,ods_a168_log_age_cash_change,2026-07-24 01:51:11
312615859,2026-07-24,312615859,7,127102580,,0,0,-0.4500,2026-07-24 01:15:43,,0.4500,43539,37951114.9100,0,a168,log_age_cash_change,ods_a168_log_age_cash_change,2026-07-24 01:51:11
312615865,2026-07-24,312615865,7,148482480,,0,0,-0.4900,2026-07-24 01:15:48,,0.4900,56037,24651810.7200,0,a168,log_age_cash_change,ods_a168_log_age_cash_change,2026-07-24 01:51:11
312615871,2026-07-24,312615871,7,146733699,,0,0,1421.2100,2026-07-24 01:15:54,,0.0000,48521,43955674.7500,0,a168,log_age_cash_change,ods_a168_log_age_cash_change,2026-07-24 01:51:11
312615884,2026-07-24,312615884,7,108145811,,0,0,-8809.4500,2026-07-24 01:16:02,,8809.4500,43159,76232703.2800,0,a168,log_age_cash_change,ods_a168_log_age_cash_change,2026-07-24 01:51:11
312615890,2026-07-24,312615890,7,149303490,,0,0,-0.5900,2026-07-24 01:16:06,,0.5900,56037,24645811.6700,0,a168,log_age_cash_change,ods_a168_log_age_cash_change,2026-07-24 01:51:11
312615901,2026-07-24,312615901,7,116736817,,0,0,80.1600,2026-07-24 01:16:13,,0.0000,43159,76241512.7300,0,a168,log_age_cash_change,ods_a168_log_age_cash_change,2026-07-24 01:51:11
312615915,2026-07-24,312615915,7,129729523,,0,0,0.9100,2026-07-24 01:16:20,,0.0000,43159,76241432.5700,0,a168,log_age_cash_change,ods_a168_log_age_cash_change,2026-07-24 01:51:11
312615922,2026-07-24,312615922,7,149803814,,0,0,50.9700,2026-07-24 01:16:26,,0.0000,56037,24645867.2300,0,a168,log_age_cash_change,ods_a168_log_age_cash_change,2026-07-24 01:51:11
312615929,2026-07-24,312615929,7,142008133,,0,0,-1.0000,2026-07-24 01:16:33,,1012.0000,30105,50226481.2270,0,a168,log_age_cash_change,ods_a168_log_age_cash_change,2026-07-24 01:51:11
312615936,2026-07-24,312615936,7,142086470,,0,0,-1000.0000,2026-07-24 01:16:36,,1000.2000,52258,105300584.0000,0,a168,log_age_cash_change,ods_a168_log_age_cash_change,2026-07-24 01:51:11
312615943,2026-07-24,312615943,7,149558210,,0,0,20.0000,2026-07-24 01:16:44,,0.0500,7146,16225263.0000,0,a168,log_age_cash_change,ods_a168_log_age_cash_change,2026-07-24 01:51:11
312615948,2026-07-24,312615948,7,142245733,,0,0,51000.0000,2026-07-24 01:16:48,,0.0000,23298,14873517965.4500,0,a168,log_age_cash_change,ods_a168_log_age_cash_change,2026-07-24 01:51:11
312615957,2026-07-24,312615957,7,153254473,,0,0,-150.6400,2026-07-24 01:16:53,,150.6400,55737,1466118.4900,0,a168,log_age_cash_change,ods_a168_log_age_cash_change,2026-07-24 01:51:11
312615960,2026-07-24,312615960,7,153027790,,0,0,-0.4000,2026-07-24 01:16:58,,0.4000,50065,476226699.8000,0,a168,log_age_cash_change,ods_a168_log_age_cash_change,2026-07-24 01:51:11
312615974,2026-07-24,312615974,7,149526619,,0,0,1007.3700,2026-07-24 01:17:07,,0.0000,56037,24658681.1000,0,a168,log_age_cash_change,ods_a168_log_age_cash_change,2026-07-24 01:51:11
312615981,2026-07-24,312615981,7,147444305,,0,0,-10.0200,2026-07-24 01:17:11,,10.0200,47864,49847111.1700,0,a168,log_age_cash_change,ods_a168_log_age_cash_change,2026-07-24 01:51:11
312615995,2026-07-24,312615995,7,153380126,,0,0,-0.6800,2026-07-24 01:17:19,,0.6800,53655,1052459.4900,0,a168,log_age_cash_change,ods_a168_log_age_cash_change,2026-07-24 01:51:11
312616005,2026-07-24,312616005,7,149653796,,0,0,-197.1000,2026-07-24 01:17:30,,197.1000,56037,24657674.5500,0,a168,log_age_cash_change,ods_a168_log_age_cash_change,2026-07-24 01:51:11
312616011,2026-07-24,312616011,7,150769171,,0,0,-0.1200,2026-07-24 01:17:34,,0.1200,56037,24657770.8300,0,a168,log_age_cash_change,ods_a168_log_age_cash_change,2026-07-24 01:51:11
312616026,2026-07-24,312616026,7,148145789,,0,0,-3542.3400,2026-07-24 01:17:46,,3542.3400,44208,30644143.6700,0,a168,log_age_cash_change,ods_a168_log_age_cash_change,2026-07-24 01:51:11
312616032,2026-07-24,312616032,7,153380287,,0,0,73.9100,2026-07-24 01:17:50,,0.0000,44854,18946061.4148,0,a168,log_age_cash_change,ods_a168_log_age_cash_change,2026-07-24 01:51:11
312616039,2026-07-24,312616039,7,149576767,,0,0,-1600.5000,2026-07-24 01:17:54,,1600.5000,36578,45014690.0550,0,a168,log_age_cash_change,ods_a168_log_age_cash_change,2026-07-24 01:51:11
312616047,2026-07-24,312616047,7,149576767,,0,0,1600.8900,2026-07-24 01:18:01,,0.0000,36578,45016290.5550,0,a168,log_age_cash_change,ods_a168_log_age_cash_change,2026-07-24 01:51:11
312616053,2026-07-24,312616053,7,153380292,,0,0,1805.0900,2026-07-24 01:18:03,,0.0000,56037,24655922.1200,0,a168,log_age_cash_change,ods_a168_log_age_cash_change,2026-07-24 01:51:11
312616058,2026-07-24,312616058,7,153379673,,0,0,-416.1000,2026-07-24 01:18:05,,416.1000,49351,19308564.2600,0,a168,log_age_cash_change,ods_a168_log_age_cash_change,2026-07-24 01:51:11
312616064,2026-07-24,312616064,7,153379287,,0,0,-292.6000,2026-07-24 01:18:10,,292.6000,43159,76240797.5300,0,a168,log_age_cash_change,ods_a168_log_age_cash_change,2026-07-24 01:51:11
312616070,2026-07-24,312616070,7,153380297,,0,0,60.0000,2026-07-24 01:18:16,,0.0000,56607,989219.8000,0,a168,log_age_cash_change,ods_a168_log_age_cash_change,2026-07-24 01:51:11
312616085,2026-07-24,312616085,7,146739553,,0,0,617.9400,2026-07-24 01:18:29,,0.0000,43159,76241090.6800,0,a168,log_age_cash_change,ods_a168_log_age_cash_change,2026-07-24 01:51:11
312616091,2026-07-24,312616091,7,149019513,,0,0,45.5300,2026-07-24 01:18:34,,0.0000,43544,4567445.2000,0,a168,log_age_cash_change,ods_a168_log_age_cash_change,2026-07-24 01:51:11
312616100,2026-07-24,312616100,7,148695214,,0,0,-5.8000,2026-07-24 01:18:37,,5.8000,56037,24583626.2200,0,a168,log_age_cash_change,ods_a168_log_age_cash_change,2026-07-24 01:51:11
312616114,2026-07-24,312616114,7,142051014,,0,0,912.0000,2026-07-24 01:18:52,,0.0000,51025,4412897.4550,0,a168,log_age_cash_change,ods_a168_log_age_cash_change,2026-07-24 01:51:11
312616123,2026-07-24,312616123,7,153360595,,0,0,167.0000,2026-07-24 01:18:57,,0.0000,56607,989159.8000,0,a168,log_age_cash_change,ods_a168_log_age_cash_change,2026-07-24 01:51:11
312616128,2026-07-24,312616128,7,152284832,,0,0,-12000.3600,2026-07-24 01:19:00,,12000.3600,51807,46481631.7700,0,a168,log_age_cash_change,ods_a168_log_age_cash_change,2026-07-24 01:51:11
312616137,2026-07-24,312616137,7,141515506,,0,0,-5016.6500,2026-07-24 01:19:08,,5016.6500,51646,16798196.7100,0,a168,log_age_cash_change,ods_a168_log_age_cash_change,2026-07-24 01:51:11
312616142,2026-07-24,312616142,7,112604473,,0,0,-0.1200,2026-07-24 01:19:12,,0.1200,43159,76241643.3200,0,a168,log_age_cash_change,ods_a168_log_age_cash_change,2026-07-24 01:51:11
312616149,2026-07-24,312616149,7,117156040,,0,0,114.4700,2026-07-24 01:19:18,,0.0000,44399,466369355.2700,0,a168,log_age_cash_change,ods_a168_log_age_cash_change,2026-07-24 01:51:11
312616156,2026-07-24,312616156,7,153380338,,0,0,0.0500,2026-07-24 01:19:23,,0.0000,55737,1467420.9400,0,a168,log_age_cash_change,ods_a168_log_age_cash_change,2026-07-24 01:51:11
312616161,2026-07-24,312616161,7,153380210,,0,0,-200.4500,2026-07-24 01:19:26,,200.4500,54196,46476856.3000,0,a168,log_age_cash_change,ods_a168_log_age_cash_change,2026-07-24 01:51:11
312616175,2026-07-24,312616175,7,151911930,,0,0,7877.3900,2026-07-24 01:19:39,,0.0000,44854,18946061.4148,0,a168,log_age_cash_change,ods_a168_log_age_cash_change,2026-07-24 01:51:11
312616180,2026-07-24,312616180,7,152284832,,0,0,12000.3600,2026-07-24 01:19:41,,0.0000,51807,46493632.4100,0,a168,log_age_cash_change,ods_a168_log_age_cash_change,2026-07-24 01:51:11
312616194,2026-07-24,312616194,7,79296886,,0,0,2000.5600,2026-07-24 01:19:50,,0.0000,43364,56143636.0300,0,a168,log_age_cash_change,ods_a168_log_age_cash_change,2026-07-24 01:51:11
312616204,2026-07-24,312616204,7,125322407,,0,0,-4001.9400,2026-07-24 01:19:57,,4001.9400,43159,76241633.9400,0,a168,log_age_cash_change,ods_a168_log_age_cash_change,2026-07-24 01:51:11
312616210,2026-07-24,312616210,7,144425047,,0,0,177.0000,2026-07-24 01:20:03,,0.4500,44765,50067005.1500,0,a168,log_age_cash_change,ods_a168_log_age_cash_change,2026-07-24 01:51:11
312616227,2026-07-24,312616227,7,131152800,,0,0,-600.0000,2026-07-24 01:20:18,,600.0000,50065,476220891.2700,0,a168,log_age_cash_change,ods_a168_log_age_cash_change,2026-07-24 01:51:11
312616233,2026-07-24,312616233,7,153072192,,0,0,1600.0000,2026-07-24 01:20:26,,0.2400,43049,96418858.1800,0,a168,log_age_cash_change,ods_a168_log_age_cash_change,2026-07-24 01:51:11
312616238,2026-07-24,312616238,7,151762353,,0,0,-300.4900,2026-07-24 01:20:32,,300.4900,55737,1469224.1400,0,a168,log_age_cash_change,ods_a168_log_age_cash_change,2026-07-24 01:51:11
312616246,2026-07-24,312616246,7,149811858,,0,0,0.0400,2026-07-24 01:20:37,,0.0000,43159,76212592.5900,0,a168,log_age_cash_change,ods_a168_log_age_cash_change,2026-07-24 01:51:11
312616252,2026-07-24,312616252,7,149253097,,0,0,-0.6100,2026-07-24 01:20:39,,0.6100,56037,24581918.0400,0,a168,log_age_cash_change,ods_a168_log_age_cash_change,2026-07-24 01:51:11
312616259,2026-07-24,312616259,7,153379774,,0,0,170.1700,2026-07-24 01:20:42,,0.0000,44854,18938184.6648,0,a168,log_age_cash_change,ods_a168_log_age_cash_change,2026-07-24 01:51:11
312616265,2026-07-24,312616265,7,148451793,,0,0,2832.5700,2026-07-24 01:20:48,,0.0000,56037,24583960.9500,0,a168,log_age_cash_change,ods_a168_log_age_cash_change,2026-07-24 01:51:11
312616271,2026-07-24,312616271,7,131389050,,0,0,-1000.7600,2026-07-24 01:20:54,,1000.7600,39231,8614026.9000,0,a168,log_age_cash_change,ods_a168_log_age_cash_change,2026-07-24 01:51:11
312616284,2026-07-24,312616284,7,153360595,,0,0,-167.0000,2026-07-24 01:21:03,,167.0000,56607,988992.8000,0,a168,log_age_cash_change,ods_a168_log_age_cash_change,2026-07-24 01:51:11
312616290,2026-07-24,312616290,7,152547896,,0,0,-0.6500,2026-07-24 01:21:05,,0.6500,19105,431300407.1800,0,a168,log_age_cash_change,ods_a168_log_age_cash_change,2026-07-24 01:51:11
312616301,2026-07-24,312616301,7,147307633,,0,0,-30039.3300,2026-07-24 01:21:14,,30039.3300,43049,96418876.6300,0,a168,log_age_cash_change,ods_a168_log_age_cash_change,2026-07-24 01:51:11
312616315,2026-07-24,312616315,7,151858295,,0,0,-50.1200,2026-07-24 01:21:26,,50.1200,35766,2615080.9304,0,a168,log_age_cash_change,ods_a168_log_age_cash_change,2026-07-24 01:51:11
312616322,2026-07-24,312616322,7,141515506,,0,0,-3760.6500,2026-07-24 01:21:31,,3760.6500,51646,16798880.8700,0,a168,log_age_cash_change,ods_a168_log_age_cash_change,2026-07-24 01:51:11
312616329,2026-07-24,312616329,7,94114959,,0,0,200.6400,2026-07-24 01:21:34,,0.0000,44854,18938014.4948,0,a168,log_age_cash_change,ods_a168_log_age_cash_change,2026-07-24 01:51:11
312616336,2026-07-24,312616336,7,26665118,,0,0,770.0000,2026-07-24 01:21:38,,25.3400,18503,340645772.9700,0,a168,log_age_cash_change,ods_a168_log_age_cash_change,2026-07-24 01:51:11
312616343,2026-07-24,312616343,7,153083648,,0,0,-0.3200,2026-07-24 01:21:45,,0.3200,55737,1469420.4700,0,a168,log_age_cash_change,ods_a168_log_age_cash_change,2026-07-24 01:51:11
312616348,2026-07-24,312616348,7,153380398,,0,0,3140.0000,2026-07-24 01:21:49,,0.0000,39519,45535020.2000,0,a168,log_age_cash_change,ods_a168_log_age_cash_change,2026-07-24 01:51:11
312616357,2026-07-24,312616357,7,153380402,,0,0,0.0600,2026-07-24 01:21:56,,0.0000,55737,1469447.6500,0,a168,log_age_cash_change,ods_a168_log_age_cash_change,2026-07-24 01:51:11
312616360,2026-07-24,312616360,7,150379193,,0,0,80.1600,2026-07-24 01:21:58,,0.0000,43364,56141635.4700,0,a168,log_age_cash_change,ods_a168_log_age_cash_change,2026-07-24 01:51:11
312616374,2026-07-24,312616374,7,151662166,,0,0,-100.0000,2026-07-24 01:22:04,,100.0000,48695,44676954.3100,0,a168,log_age_cash_change,ods_a168_log_age_cash_change,2026-07-24 01:51:11
312616381,2026-07-24,312616381,7,128582182,,0,0,-0.8300,2026-07-24 01:22:13,,0.8300,40800,49008457.0400,0,a168,log_age_cash_change,ods_a168_log_age_cash_change,2026-07-24 01:51:11
312616395,2026-07-24,312616395,7,72634316,,0,0,-1692.0000,2026-07-24 01:22:28,,1692.3500,44815,49908923.5500,0,a168,log_age_cash_change,ods_a168_log_age_cash_change,2026-07-24 01:51:11
312616407,2026-07-24,312616407,7,146825569,,0,0,-900.5900,2026-07-24 01:22:40,,900.5900,43159,76218311.7600,0,a168,log_age_cash_change,ods_a168_log_age_cash_change,2026-07-24 01:51:11
312616413,2026-07-24,312616413,7,152284832,,0,0,-400.0000,2026-07-24 01:22:44,,400.0000,51807,46486544.6600,0,a168,log_age_cash_change,ods_a168_log_age_cash_change,2026-07-24 01:51:11
312616418,2026-07-24,312616418,7,141515506,,0,0,3572.6500,2026-07-24 01:22:49,,0.0000,51646,16802641.5200,0,a168,log_age_cash_change,ods_a168_log_age_cash_change,2026-07-24 01:51:11
312616424,2026-07-24,312616424,7,152308465,,0,0,-0.8200,2026-07-24 01:22:53,,0.8200,56037,24653004.0300,0,a168,log_age_cash_change,ods_a168_log_age_cash_change,2026-07-24 01:51:11
312616430,2026-07-24,312616430,7,148407019,,0,0,109.8000,2026-07-24 01:22:58,,0.0000,56037,24653013.4200,0,a168,log_age_cash_change,ods_a168_log_age_cash_change,2026-07-24 01:51:11
312616445,2026-07-24,312616445,7,150973279,,0,0,100.0000,2026-07-24 01:23:09,,0.3600,52258,105312580.0000,0,a168,log_age_cash_change,ods_a168_log_age_cash_change,2026-07-24 01:51:11
312616451,2026-07-24,312616451,7,146429596,,0,0,-800.8800,2026-07-24 01:23:12,,800.8800,52472,4967247.2700,0,a168,log_age_cash_change,ods_a168_log_age_cash_change,2026-07-24 01:51:11
312616466,2026-07-24,312616466,7,117588984,,0,0,38.3200,2026-07-24 01:23:23,,0.0000,50065,476221190.3200,0,a168,log_age_cash_change,ods_a168_log_age_cash_change,2026-07-24 01:51:11
312616472,2026-07-24,312616472,7,121125545,,0,0,508.2100,2026-07-24 01:23:28,,0.0000,43159,76217641.2800,0,a168,log_age_cash_change,ods_a168_log_age_cash_change,2026-07-24 01:51:11
312616479,2026-07-24,312616479,7,113778344,,0,0,7036.2200,2026-07-24 01:23:33,,0.0000,33086,42354057.8100,0,a168,log_age_cash_change,ods_a168_log_age_cash_change,2026-07-24 01:51:11
312616487,2026-07-24,312616487,7,152787521,,0,0,950.2200,2026-07-24 01:23:42,,0.0000,33025,34407308.4300,0,a168,log_age_cash_change,ods_a168_log_age_cash_change,2026-07-24 01:51:11
312616493,2026-07-24,312616493,7,145570148,,0,0,10.0900,2026-07-24 01:23:47,,0.0000,23380,494612256.3350,0,a168,log_age_cash_change,ods_a168_log_age_cash_change,2026-07-24 01:51:11
312616498,2026-07-24,312616498,7,149811858,,0,0,0.8100,2026-07-24 01:23:54,,0.0000,43159,76222141.7300,0,a168,log_age_cash_change,ods_a168_log_age_cash_change,2026-07-24 01:51:11
312616502,2026-07-24,312616502,7,147175450,,0,0,2208.0700,2026-07-24 01:23:54,,0.0000,43159,76222120.0200,0,a168,log_age_cash_change,ods_a168_log_age_cash_change,2026-07-24 01:51:11
312616509,2026-07-24,312616509,7,47810693,,0,0,-29000.0000,2026-07-24 01:23:59,,29000.0000,33024,3053528.8900,0,a168,log_age_cash_change,ods_a168_log_age_cash_change,2026-07-24 01:51:11
312616516,2026-07-24,312616516,7,152205230,,0,0,-0.2200,2026-07-24 01:24:03,,0.2200,48363,43922264.5400,0,a168,log_age_cash_change,ods_a168_log_age_cash_change,2026-07-24 01:51:11
312616521,2026-07-24,312616521,7,146190522,,0,0,6023.0000,2026-07-24 01:24:07,,0.0000,42928,47083531.8000,0,a168,log_age_cash_change,ods_a168_log_age_cash_change,2026-07-24 01:51:11
312616535,2026-07-24,312616535,7,104312770,,0,0,-660.0000,2026-07-24 01:24:16,,660.4000,6100,2797158.6000,0,a168,log_age_cash_change,ods_a168_log_age_cash_change,2026-07-24 01:51:11
312616540,2026-07-24,312616540,7,97017302,,0,0,-13487.2000,2026-07-24 01:24:21,,13487.2000,44854,18927771.6548,0,a168,log_age_cash_change,ods_a168_log_age_cash_change,2026-07-24 01:51:11
312616554,2026-07-24,312616554,7,110923327,,0,0,-361.9800,2026-07-24 01:24:31,,361.9800,43049,96448427.4900,0,a168,log_age_cash_change,ods_a168_log_age_cash_change,2026-07-24 01:51:11
312616563,2026-07-24,312616563,7,152107574,,0,0,324.0000,2026-07-24 01:24:37,,0.0000,55113,49053172.5400,0,a168,log_age_cash_change,ods_a168_log_age_cash_change,2026-07-24 01:51:11
312616568,2026-07-24,312616568,7,116243945,,0,0,1300.0000,2026-07-24 01:24:43,,0.6600,43554,24880479.5800,0,a168,log_age_cash_change,ods_a168_log_age_cash_change,2026-07-24 01:51:11
312616577,2026-07-24,312616577,7,152287663,,0,0,-0.0600,2026-07-24 01:24:54,,0.0600,56037,24652758.4600,0,a168,log_age_cash_change,ods_a168_log_age_cash_change,2026-07-24 01:51:11
312616582,2026-07-24,312616582,7,46454708,,0,0,50.0000,2026-07-24 01:24:57,,0.0500,7146,16225090.0000,0,a168,log_age_cash_change,ods_a168_log_age_cash_change,2026-07-24 01:51:11
312616589,2026-07-24,312616589,7,130728056,,0,0,501.3900,2026-07-24 01:25:02,,0.0000,43159,76229931.1400,0,a168,log_age_cash_change,ods_a168_log_age_cash_change,2026-07-24 01:51:11
312616596,2026-07-24,312616596,7,139660632,,0,0,3.0000,2026-07-24 01:25:12,,0.0000,19105,431299800.0300,0,a168,log_age_cash_change,ods_a168_log_age_cash_change,2026-07-24 01:51:11
312616606,2026-07-24,312616606,7,93325859,,0,0,304.0000,2026-07-24 01:25:22,,0.9500,42413,30160613.1700,0,a168,log_age_cash_change,ods_a168_log_age_cash_change,2026-07-24 01:51:11
312616612,2026-07-24,312616612,7,135878082,,0,0,200.4000,2026-07-24 01:25:29,,0.2500,43159,76229934.5400,0,a168,log_age_cash_change,ods_a168_log_age_cash_change,2026-07-24 01:51:11
312616619,2026-07-24,312616619,7,116272946,,0,0,2.5500,2026-07-24 01:25:36,,0.0000,43049,96448793.6400,0,a168,log_age_cash_change,ods_a168_log_age_cash_change,2026-07-24 01:51:11
312616625,2026-07-24,312616625,7,153189300,,0,0,-1.9100,2026-07-24 01:25:46,,1.9100,32821,38597130.0050,0,a168,log_age_cash_change,ods_a168_log_age_cash_change,2026-07-24 01:51:11
312616631,2026-07-24,312616631,7,35346939,,0,0,1994.0000,2026-07-24 01:25:50,,0.4000,15297,275360300.2900,0,a168,log_age_cash_change,ods_a168_log_age_cash_change,2026-07-24 01:51:11
312616644,2026-07-24,312616644,7,152822204,,0,0,-16078.0000,2026-07-24 01:26:01,,16078.0000,48890,451207.7800,0,a168,log_age_cash_change,ods_a168_log_age_cash_change,2026-07-24 01:51:11
312616650,2026-07-24,312616650,7,145934721,,0,0,5003.0500,2026-07-24 01:26:03,,0.0000,43049,96447734.9700,0,a168,log_age_cash_change,ods_a168_log_age_cash_change,2026-07-24 01:51:11
312616667,2026-07-24,312616667,7,150623503,,0,0,10.0000,2026-07-24 01:26:17,,0.0000,51028,4397767.9250,0,a168,log_age_cash_change,ods_a168_log_age_cash_change,2026-07-24 01:51:11
312616673,2026-07-24,312616673,7,128455358,,0,0,-0.1900,2026-07-24 01:26:19,,0.1900,33086,42343301.6100,0,a168,log_age_cash_change,ods_a168_log_age_cash_change,2026-07-24 01:51:11
312616678,2026-07-24,312616678,7,150251435,,0,0,0.0300,2026-07-24 01:26:24,,0.0000,56037,24654469.3500,0,a168,log_age_cash_change,ods_a168_log_age_cash_change,2026-07-24 01:51:11
312616686,2026-07-24,312616686,7,151418303,,0,0,30.5300,2026-07-24 01:26:29,,0.0000,35766,2615137.0004,0,a168,log_age_cash_change,ods_a168_log_age_cash_change,2026-07-24 01:51:11
312616692,2026-07-24,312616692,7,149440975,,0,0,506.0000,2026-07-24 01:26:38,,0.0000,12652,41014409.0750,0,a168,log_age_cash_change,ods_a168_log_age_cash_change,2026-07-24 01:51:11
312616699,2026-07-24,312616699,7,11759911,,0,0,-2248.0000,2026-07-24 01:26:43,,2248.1250,6100,2799781.6000,0,a168,log_age_cash_change,ods_a168_log_age_cash_change,2026-07-24 01:51:11
312616703,2026-07-24,312616703,7,153378907,,0,0,-0.3000,2026-07-24 01:26:44,,0.3000,55737,1469283.7400,0,a168,log_age_cash_change,ods_a168_log_age_cash_change,2026-07-24 01:51:11
312616708,2026-07-24,312616708,7,145042069,,0,0,-1001000.0000,2026-07-24 01:26:48,,1001000.0000,40411,319975909.8700,0,a168,log_age_cash_change,ods_a168_log_age_cash_change,2026-07-24 01:51:11
312616717,2026-07-24,312616717,7,149526619,,0,0,-0.0900,2026-07-24 01:26:54,,0.0900,56037,24642320.3200,0,a168,log_age_cash_change,ods_a168_log_age_cash_change,2026-07-24 01:51:11
312616720,2026-07-24,312616720,7,150389642,,0,0,-41550.6600,2026-07-24 01:26:56,,41550.6600,43862,438260698.0300,0,a168,log_age_cash_change,ods_a168_log_age_cash_change,2026-07-24 01:51:11
312616734,2026-07-24,312616734,7,153380548,,0,0,0.8800,2026-07-24 01:27:19,,0.0000,56037,24653157.6000,0,a168,log_age_cash_change,ods_a168_log_age_cash_change,2026-07-24 01:51:11
312616741,2026-07-24,312616741,7,150888424,,0,0,2.1600,2026-07-24 01:27:25,,0.0000,55737,1469287.8600,0,a168,log_age_cash_change,ods_a168_log_age_cash_change,2026-07-24 01:51:11
312616755,2026-07-24,312616755,7,152035070,,0,0,104.2000,2026-07-24 01:27:39,,0.2200,56037,24653482.1100,0,a168,log_age_cash_change,ods_a168_log_age_cash_change,2026-07-24 01:51:11
312616762,2026-07-24,312616762,7,152784258,,0,0,-32018.5200,2026-07-24 01:27:45,,32018.5200,43159,76225607.9500,0,a168,log_age_cash_change,ods_a168_log_age_cash_change,2026-07-24 01:51:11
312616769,2026-07-24,312616769,7,153379598,,0,0,13.1600,2026-07-24 01:27:49,,609.5000,56037,24653669.7600,0,a168,log_age_cash_change,ods_a168_log_age_cash_change,2026-07-24 01:51:11
312616776,2026-07-24,312616776,7,146429596,,0,0,-800.8800,2026-07-24 01:27:51,,800.8800,52472,4967247.2700,0,a168,log_age_cash_change,ods_a168_log_age_cash_change,2026-07-24 01:51:11
312616783,2026-07-24,312616783,7,153380561,,0,0,340.4700,2026-07-24 01:27:55,,0.0000,43159,76257626.4700,0,a168,log_age_cash_change,ods_a168_log_age_cash_change,2026-07-24 01:51:11
312616788,2026-07-24,312616788,7,152722475,,0,0,-735.5100,2026-07-24 01:27:56,,735.5100,56037,24650424.3300,0,a168,log_age_cash_change,ods_a168_log_age_cash_change,2026-07-24 01:51:11
312616797,2026-07-24,312616797,7,120801218,,0,0,5.0000,2026-07-24 01:28:04,,0.0000,19105,431299365.9400,0,a168,log_age_cash_change,ods_a168_log_age_cash_change,2026-07-24 01:51:11
312616805,2026-07-24,312616805,7,153380567,,0,0,1448.1400,2026-07-24 01:28:09,,0.0000,44854,18931171.6548,0,a168,log_age_cash_change,ods_a168_log_age_cash_change,2026-07-24 01:51:11
312616811,2026-07-24,312616811,7,134296707,,0,0,10080.0000,2026-07-24 01:28:13,,0.9500,25270,495276935.9050,0,a168,log_age_cash_change,ods_a168_log_age_cash_change,2026-07-24 01:51:11
312616826,2026-07-24,312616826,7,153344332,,0,0,-0.3400,2026-07-24 01:28:20,,0.3400,43159,76263687.6600,0,a168,log_age_cash_change,ods_a168_log_age_cash_change,2026-07-24 01:51:11
312616832,2026-07-24,312616832,7,153380574,,0,0,150.5900,2026-07-24 01:28:23,,0.0000,49351,19304900.0300,0,a168,log_age_cash_change,ods_a168_log_age_cash_change,2026-07-24 01:51:11
312616839,2026-07-24,312616839,7,153378966,,0,0,-0.5900,2026-07-24 01:28:32,,0.5900,55737,1469268.1000,0,a168,log_age_cash_change,ods_a168_log_age_cash_change,2026-07-24 01:51:11
312616847,2026-07-24,312616847,7,113004053,,0,0,1203.6000,2026-07-24 01:28:36,,0.2800,43159,76261566.8200,0,a168,log_age_cash_change,ods_a168_log_age_cash_change,2026-07-24 01:51:11
312616853,2026-07-24,312616853,7,146913969,,0,0,-300.0500,2026-07-24 01:28:38,,300.0500,50822,21522658.9300,0,a168,log_age_cash_change,ods_a168_log_age_cash_change,2026-07-24 01:51:11
312616858,2026-07-24,312616858,7,142766214,,0,0,-0.3500,2026-07-24 01:28:41,,0.3500,54196,46477247.1000,0,a168,log_age_cash_change,ods_a168_log_age_cash_change,2026-07-24 01:51:11
312616864,2026-07-24,312616864,7,153380561,,0,0,-340.4700,2026-07-24 01:28:45,,340.4700,43159,76258474.9900,0,a168,log_age_cash_change,ods_a168_log_age_cash_change,2026-07-24 01:51:11
312616870,2026-07-24,312616870,7,47810693,,0,0,-36000.0000,2026-07-24 01:28:48,,36000.0000,33024,3046528.8900,0,a168,log_age_cash_change,ods_a168_log_age_cash_change,2026-07-24 01:51:11
312616885,2026-07-24,312616885,7,47810693,,0,0,36000.0000,2026-07-24 01:28:54,,0.0000,33024,3082528.8900,0,a168,log_age_cash_change,ods_a168_log_age_cash_change,2026-07-24 01:51:11
312616891,2026-07-24,312616891,7,144662105,,0,0,422.0300,2026-07-24 01:28:58,,0.0000,43159,76262507.0400,0,a168,log_age_cash_change,ods_a168_log_age_cash_change,2026-07-24 01:51:11
312616900,2026-07-24,312616900,7,122772877,,0,0,10.0000,2026-07-24 01:29:02,,0.9900,52258,105304845.0000,0,a168,log_age_cash_change,ods_a168_log_age_cash_change,2026-07-24 01:51:11
312616914,2026-07-24,312616914,7,152712817,,0,0,-204.0000,2026-07-24 01:29:13,,204.0600,6100,2801629.6000,0,a168,log_age_cash_change,ods_a168_log_age_cash_change,2026-07-24 01:51:11
312616923,2026-07-24,312616923,7,152343109,,0,0,-0.3500,2026-07-24 01:29:20,,0.3500,55737,1469268.7500,0,a168,log_age_cash_change,ods_a168_log_age_cash_change,2026-07-24 01:51:11
312616928,2026-07-24,312616928,7,38948535,,0,0,690.0000,2026-07-24 01:29:27,,0.8000,15056,266834177.4450,0,a168,log_age_cash_change,ods_a168_log_age_cash_change,2026-07-24 01:51:11
312616937,2026-07-24,312616937,7,153380615,,0,0,50.0000,2026-07-24 01:29:35,,0.0000,56037,24645349.8600,0,a168,log_age_cash_change,ods_a168_log_age_cash_change,2026-07-24 01:51:11
