late_def,intake_ver,player_id,total_orders,late_orders,late_ratio,win_orders,push_orders,win_rate,win_rate_ex_push,valid_bet,stake_all,profit,roi_vb,roi_stake,vb_ratio
bet04>=40,M2A,151704797,49,49,1.0000,14,1,0.2857,0.2917,99.18,106.97,137.61,1.3874,1.2864,0.9272
bet04>=40,M2A,134408524,41,31,0.7561,8,0,0.1951,0.1951,1950.00,1950.00,2497.50,1.2808,1.2808,1.0000
bet04>=40,M2A,147795977,94,73,0.7766,26,3,0.2766,0.2857,194.34,206.44,194.89,1.0028,0.9440,0.9414
bet04>=40,M2A,148740048,42,31,0.7381,12,4,0.2857,0.3158,78.00,90.65,84.01,1.0770,0.9267,0.8605
bet04>=40,M2A,147990805,34,24,0.7059,10,2,0.2941,0.3125,137.66,145.56,133.78,0.9718,0.9191,0.9457
bet04>=40,M2A,145656044,33,28,0.8485,7,0,0.2121,0.2121,202.38,202.38,178.38,0.8814,0.8814,1.0000
bet04>=40,M2A,148661087,58,48,0.8276,15,2,0.2586,0.2679,32.65,50.87,43.47,1.3314,0.8545,0.6418
bet04>=40,M2A,148981752,48,40,0.8333,10,1,0.2083,0.2128,157.06,164.44,138.09,0.8792,0.8397,0.9551
bet04>=40,M2A,120181121,54,44,0.8148,13,0,0.2407,0.2407,2556.97,2556.97,2076.42,0.8121,0.8121,1.0000
bet04>=40,M2A,147932901,30,22,0.7333,5,0,0.1667,0.1667,3380.12,3380.12,2728.60,0.8073,0.8073,1.0000
bet04>=40,M2A,139626375,93,76,0.8172,21,0,0.2258,0.2258,634.58,634.58,493.54,0.7777,0.7777,1.0000
bet04>=40,M2A,146368775,33,22,0.6667,7,2,0.2121,0.2258,180.20,219.04,162.12,0.8996,0.7401,0.8227
bet04>=40,M2A,140358810,35,35,1.0000,12,2,0.3429,0.3636,72.94,81.38,59.56,0.8165,0.7319,0.8964
bet04>=40,M2A,150964348,30,19,0.6333,5,0,0.1667,0.1667,48.19,48.19,34.69,0.7198,0.7198,1.0000
bet04>=40,M2A,153834395,70,43,0.6143,30,8,0.4286,0.4839,310.79,354.46,254.41,0.8186,0.7178,0.8768
bet04>=40,M2A,148561863,45,29,0.6444,13,2,0.2889,0.3023,314.11,348.14,248.28,0.7904,0.7132,0.9023
bet04>=40,M2A,147633969,31,19,0.6129,8,1,0.2581,0.2667,401.03,414.20,294.26,0.7337,0.7104,0.9682
bet04>=40,M2A,149976178,34,21,0.6176,11,1,0.3235,0.3333,1250.71,1351.54,954.12,0.7629,0.7060,0.9254
bet04>=40,M2A,149853913,37,23,0.6216,11,0,0.2973,0.2973,583.78,583.78,408.13,0.6991,0.6991,1.0000
bet04>=40,M2A,148553882,43,26,0.6047,15,1,0.3488,0.3571,722.07,766.34,509.14,0.7051,0.6644,0.9422
bet04>=40,M2A,123481484,34,22,0.6471,10,0,0.2941,0.2941,86.46,89.52,58.56,0.6773,0.6541,0.9658
bet04>=40,M2A,152692683,46,34,0.7391,13,2,0.2826,0.2955,89.93,94.02,58.46,0.6500,0.6217,0.9565
bet04>=40,M2A,151258662,36,22,0.6111,6,2,0.1667,0.1765,441.39,657.42,404.00,0.9153,0.6145,0.6714
bet04>=40,M2A,151641405,40,40,1.0000,13,2,0.3250,0.3421,2822.42,3134.00,1883.75,0.6674,0.6011,0.9006
bet04>=40,M2A,149800529,61,60,0.9836,12,1,0.1967,0.2000,159.65,170.15,102.09,0.6395,0.6000,0.9383
bet04>=40,M2A,148676559,45,31,0.6889,9,0,0.2000,0.2000,2307.92,2307.92,1382.25,0.5989,0.5989,1.0000
bet04>=40,M2A,151998862,59,38,0.6441,23,1,0.3898,0.3966,618.20,640.65,379.77,0.6143,0.5928,0.9650
bet04>=40,M2A,149000702,43,36,0.8372,7,1,0.1628,0.1667,625.61,651.78,384.13,0.6140,0.5894,0.9598
bet04>=40,M2A,150025338,39,24,0.6154,8,1,0.2051,0.2105,1189.87,1353.33,797.57,0.6703,0.5893,0.8792
bet04>=40,M2A,148050867,48,31,0.6458,15,3,0.3125,0.3333,164.91,191.08,112.29,0.6810,0.5877,0.8630
bet04>=40,M2A,149327274,32,25,0.7813,7,1,0.2188,0.2258,643.93,722.46,418.82,0.6504,0.5797,0.8913
bet04>=40,M2A,149855640,35,21,0.6000,20,3,0.5714,0.6250,2389.60,2615.33,1504.85,0.6298,0.5754,0.9137
bet04>=40,M2A,129954236,44,32,0.7273,12,3,0.2727,0.2927,245.27,306.59,174.75,0.7125,0.5700,0.8000
bet04>=40,M2A,146333062,30,28,0.9333,13,2,0.4333,0.4643,604.93,676.38,379.87,0.6280,0.5616,0.8944
bet04>=40,M2A,148887642,53,53,1.0000,11,1,0.2075,0.2115,192.06,197.33,109.42,0.5697,0.5545,0.9733
bet04>=40,M2A,149223016,47,34,0.7234,10,1,0.2128,0.2174,223.80,231.66,126.30,0.5643,0.5452,0.9661
bet04>=40,M2A,152140706,43,43,1.0000,9,3,0.2093,0.2250,1259.00,1547.00,836.05,0.6641,0.5404,0.8138
bet04>=40,M2A,152322411,42,34,0.8095,10,1,0.2381,0.2439,439.44,451.70,243.74,0.5547,0.5396,0.9729
bet04>=40,M2A,151209400,45,45,1.0000,12,1,0.2667,0.2727,954.05,1018.34,536.17,0.5620,0.5265,0.9369
bet04>=40,M2A,147727558,31,24,0.7742,11,2,0.3548,0.3793,329.94,377.33,197.88,0.5998,0.5244,0.8744
bet04>=40,M2A,150326477,31,19,0.6129,5,3,0.1613,0.1786,380.59,432.02,223.73,0.5878,0.5179,0.8810
bet04>=40,M2A,148075569,30,20,0.6667,14,8,0.4667,0.6364,301.48,440.62,225.16,0.7469,0.5110,0.6842
bet04>=40,M2A,148385578,50,45,0.9000,8,3,0.1600,0.1702,138.09,161.28,82.22,0.5954,0.5098,0.8562
bet04>=40,M2A,151649576,66,40,0.6061,15,0,0.2273,0.2273,41.54,41.54,21.08,0.5075,0.5075,1.0000
bet04>=40,M2A,152519271,45,38,0.8444,16,4,0.3556,0.3902,194.92,228.49,115.08,0.5904,0.5037,0.8531
bet04>=40,M2A,147722317,59,52,0.8814,21,4,0.3559,0.3818,2498.33,3287.97,1637.98,0.6556,0.4982,0.7598
bet04>=40,M2A,150832700,32,23,0.7188,8,0,0.2500,0.2500,1213.88,1213.88,603.20,0.4969,0.4969,1.0000
bet04>=40,M2A,150824303,55,34,0.6182,29,2,0.5273,0.5472,3921.72,4213.40,2082.48,0.5310,0.4943,0.9308
bet04>=40,M2A,149869169,42,26,0.6190,4,0,0.0952,0.0952,290.10,290.10,142.63,0.4917,0.4917,1.0000
bet04>=40,M2A,113843036,43,40,0.9302,7,1,0.1628,0.1667,429.55,468.81,230.35,0.5363,0.4913,0.9162
bet04>=40,M2A,107884128,31,28,0.9032,11,1,0.3548,0.3667,4214.78,4266.21,2079.87,0.4935,0.4875,0.9879
bet04>=40,M2A,149345439,31,22,0.7097,18,2,0.5806,0.6207,1140.98,1215.96,590.96,0.5179,0.4860,0.9383
bet04>=40,M2A,146828745,36,26,0.7222,11,3,0.3056,0.3333,1428.73,1513.63,729.45,0.5106,0.4819,0.9439
bet04>=40,M2A,152360601,31,19,0.6129,10,4,0.3226,0.3704,202.35,255.49,122.94,0.6076,0.4812,0.7920
bet04>=40,M2A,135054193,31,23,0.7419,20,0,0.6452,0.6452,315.07,315.07,150.63,0.4781,0.4781,1.0000
bet04>=40,M2A,148375054,71,56,0.7887,18,1,0.2535,0.2571,1433.81,1475.98,702.89,0.4902,0.4762,0.9714
bet04>=40,M2A,143964784,31,31,1.0000,11,0,0.3548,0.3548,1258.62,1258.62,599.16,0.4760,0.4760,1.0000
bet04>=40,M2A,121123522,40,25,0.6250,10,1,0.2500,0.2564,650.00,660.00,314.00,0.4831,0.4758,0.9848
bet04>=40,M2A,149814438,51,45,0.8824,10,1,0.1961,0.2000,149.88,164.29,78.04,0.5207,0.4750,0.9123
bet04>=40,M2A,153333553,34,22,0.6471,9,5,0.2647,0.3103,1030.00,1298.00,615.50,0.5976,0.4742,0.7935
bet04>=40,M2A,122648792,81,74,0.9136,13,1,0.1605,0.1625,3102.12,3390.06,1600.57,0.5160,0.4721,0.9151
bet04>=40,M2A,115451193,52,39,0.7500,15,2,0.2885,0.3000,182.47,199.25,93.68,0.5134,0.4702,0.9158
bet04>=40,M2A,150335982,43,27,0.6279,8,0,0.1860,0.1860,154.40,154.40,72.47,0.4694,0.4694,1.0000
bet04>=40,M2A,153030662,63,46,0.7302,24,2,0.3810,0.3934,6423.97,6802.99,3152.29,0.4907,0.4634,0.9443
bet04>=40,M2A,111202864,38,27,0.7105,15,0,0.3947,0.3947,1057.51,1057.51,488.18,0.4616,0.4616,1.0000
bet04>=40,M2A,151609948,33,21,0.6364,16,2,0.4848,0.5161,82.29,87.43,39.99,0.4859,0.4574,0.9412
bet04>=40,M2A,92973945,138,86,0.6232,30,4,0.2174,0.2239,4240.49,4700.80,2146.09,0.5061,0.4565,0.9021
bet04>=40,M2A,143291467,96,68,0.7083,19,3,0.1979,0.2043,1400.85,1585.17,715.30,0.5106,0.4512,0.8837
bet04>=40,M2A,152816202,43,43,1.0000,9,0,0.2093,0.2093,460.33,460.33,207.42,0.4506,0.4506,1.0000
bet04>=40,M2A,147363775,61,40,0.6557,18,0,0.2951,0.2951,115.95,170.77,76.85,0.6627,0.4500,0.6790
bet04>=40,M2A,151957117,46,28,0.6087,30,4,0.6522,0.7143,6606.27,7315.74,3285.05,0.4973,0.4490,0.9030
bet04>=40,M2A,125886331,49,33,0.6735,21,4,0.4286,0.4667,544.24,587.16,261.67,0.4808,0.4457,0.9269
bet04>=40,M2A,153914878,40,30,0.7500,10,5,0.2500,0.2857,1089.05,1548.81,683.23,0.6274,0.4411,0.7032
bet04>=40,M2A,147541162,38,24,0.6316,12,2,0.3158,0.3333,971.64,1024.30,447.11,0.4602,0.4365,0.9486
bet04>=40,M2A,81270092,38,35,0.9211,12,2,0.3158,0.3333,212.30,245.61,107.10,0.5045,0.4361,0.8644
bet04>=40,M2A,150624691,31,23,0.7419,8,1,0.2581,0.2667,203.76,224.77,97.68,0.4794,0.4346,0.9065
bet04>=40,M2A,148182411,48,48,1.0000,12,2,0.2500,0.2609,405.73,465.93,201.82,0.4974,0.4331,0.8708
bet04>=40,M2A,152484724,31,25,0.8065,14,0,0.4516,0.4516,112.57,112.57,48.33,0.4294,0.4294,1.0000
bet04>=40,M2A,153470620,38,31,0.8158,13,1,0.3421,0.3514,3808.12,4143.75,1753.03,0.4603,0.4231,0.9190
bet04>=40,M2A,151665065,34,23,0.6765,10,1,0.2941,0.3030,393.45,452.59,191.45,0.4866,0.4230,0.8693
bet04>=40,M2A,151327282,35,24,0.6857,18,3,0.5143,0.5625,1404.07,1535.22,645.46,0.4597,0.4204,0.9146
bet04>=40,M2A,138978981,30,19,0.6333,11,1,0.3667,0.3793,440.18,470.99,197.86,0.4495,0.4201,0.9346
bet04>=40,M2A,147998423,30,21,0.7000,13,0,0.4333,0.4333,182.67,182.67,76.59,0.4193,0.4193,1.0000
bet04>=40,M2A,17085585,93,72,0.7742,27,0,0.2903,0.2903,2164.13,2164.13,905.76,0.4185,0.4185,1.0000
bet04>=40,M2A,147683315,71,45,0.6338,37,5,0.5211,0.5606,2253.98,2298.64,960.62,0.4262,0.4179,0.9806
bet04>=40,M2A,150102640,83,77,0.9277,17,2,0.2048,0.2099,306.16,321.73,133.75,0.4369,0.4157,0.9516
bet04>=40,M2A,129815010,30,21,0.7000,14,0,0.4667,0.4667,316.73,316.73,131.27,0.4145,0.4145,1.0000
bet04>=40,M2A,150331338,47,34,0.7234,20,4,0.4255,0.4651,640.86,755.02,311.87,0.4866,0.4131,0.8488
bet04>=40,M2A,149836900,52,34,0.6538,16,1,0.3077,0.3137,3085.72,3202.48,1319.60,0.4276,0.4121,0.9635
bet04>=40,M2A,148683484,71,56,0.7887,16,4,0.2254,0.2388,632.42,806.07,332.02,0.5250,0.4119,0.7846
bet04>=40,M2A,147713722,38,25,0.6579,14,2,0.3684,0.3889,964.53,1043.53,429.63,0.4454,0.4117,0.9243
bet04>=40,M2A,150280132,34,27,0.7941,11,2,0.3235,0.3438,656.43,760.21,307.07,0.4678,0.4039,0.8635
bet04>=40,M2A,150988362,44,28,0.6364,28,1,0.6364,0.6512,743.00,753.00,300.90,0.4050,0.3996,0.9867
bet04>=40,M2A,148762122,50,33,0.6600,18,6,0.3600,0.4091,4611.05,5577.71,2213.75,0.4801,0.3969,0.8267
bet04>=40,M2A,148536108,30,23,0.7667,5,0,0.1667,0.1667,78.43,78.43,30.99,0.3952,0.3952,1.0000
bet04>=40,M2A,148324916,50,31,0.6200,17,2,0.3400,0.3542,101.20,105.41,41.43,0.4094,0.3930,0.9600
bet04>=40,M2A,147045172,30,18,0.6000,9,3,0.3000,0.3333,1201.69,1289.73,504.01,0.4194,0.3908,0.9317
bet04>=40,M2A,152816902,30,20,0.6667,11,0,0.3667,0.3667,1039.94,1039.94,405.34,0.3898,0.3898,1.0000
bet04>=40,M2A,150064618,30,18,0.6000,12,1,0.4000,0.4138,783.56,809.51,314.59,0.4015,0.3886,0.9679
bet04>=40,M2A,142860331,79,50,0.6329,27,2,0.3418,0.3506,794.81,809.35,313.79,0.3948,0.3877,0.9820
bet04>=40,M2A,148986926,59,56,0.9492,9,0,0.1525,0.1525,89325.45,89325.45,34499.91,0.3862,0.3862,1.0000
bet04>=40,M2A,130548773,50,50,1.0000,11,3,0.2200,0.2340,387.27,459.56,177.37,0.4580,0.3860,0.8427
bet04>=40,M2A,130719587,32,20,0.6250,19,5,0.5938,0.7037,12369.81,14878.57,5733.50,0.4635,0.3854,0.8314
bet04>=40,M2A,146183058,33,20,0.6061,16,0,0.4848,0.4848,683.11,683.11,261.50,0.3828,0.3828,1.0000
bet04>=40,M2A,148303095,42,29,0.6905,22,2,0.5238,0.5500,710.16,836.27,316.74,0.4460,0.3788,0.8492
bet04>=40,M2A,149707274,60,40,0.6667,10,1,0.1667,0.1695,224.77,233.17,88.23,0.3925,0.3784,0.9640
bet04>=40,M2A,80819167,33,20,0.6061,17,4,0.5152,0.5862,702.56,784.23,296.57,0.4221,0.3782,0.8959
bet04>=40,M2A,137569256,30,29,0.9667,10,2,0.3333,0.3571,237.88,284.26,107.39,0.4515,0.3778,0.8368
bet04>=40,M2A,149282116,41,33,0.8049,13,1,0.3171,0.3250,243.44,253.91,95.67,0.3930,0.3768,0.9588
bet04>=40,M2A,149693669,32,21,0.6563,11,4,0.3438,0.3929,59.20,185.48,69.85,1.1800,0.3766,0.3191
bet04>=40,M2A,146676246,53,39,0.7358,12,2,0.2264,0.2353,1102.11,1405.16,528.33,0.4794,0.3760,0.7843
bet04>=40,M2A,151722254,39,34,0.8718,11,0,0.2821,0.2821,230.98,230.98,86.80,0.3758,0.3758,1.0000
bet04>=40,M2A,152244299,32,21,0.6563,7,0,0.2188,0.2188,282.87,282.87,106.08,0.3750,0.3750,1.0000
bet04>=40,M2A,153697867,30,19,0.6333,9,0,0.3000,0.3000,1531.44,1531.44,573.99,0.3748,0.3748,1.0000
bet04>=40,M2A,152192040,51,33,0.6471,16,8,0.3137,0.3721,2370.00,2810.00,1050.00,0.4430,0.3737,0.8434
bet04>=40,M2A,153012398,76,54,0.7105,15,0,0.1974,0.1974,1185.26,1185.26,441.43,0.3724,0.3724,1.0000
bet04>=40,M2A,152816878,79,72,0.9114,14,0,0.1772,0.1772,314.76,330.09,122.63,0.3896,0.3715,0.9536
bet04>=40,M2A,114125127,55,35,0.6364,24,4,0.4364,0.4706,698.04,779.96,289.57,0.4148,0.3713,0.8950
bet04>=40,M2A,110817219,32,24,0.7500,17,2,0.5313,0.5667,1664.82,1916.84,705.34,0.4237,0.3680,0.8685
bet04>=40,M2A,150400572,64,52,0.8125,26,4,0.4063,0.4333,392.82,424.33,155.45,0.3957,0.3663,0.9257
bet04>=40,M2A,150193436,35,35,1.0000,5,2,0.1429,0.1515,89.28,106.08,38.86,0.4353,0.3663,0.8416
bet04>=40,M2A,150601189,34,21,0.6176,22,1,0.6471,0.6667,439.54,446.75,162.13,0.3689,0.3629,0.9839
bet04>=40,M2A,151618905,31,29,0.9355,12,0,0.3871,0.3871,3111.04,3111.04,1126.30,0.3620,0.3620,1.0000
bet04>=40,M2A,152663081,32,22,0.6875,19,3,0.5938,0.6552,296.37,316.80,114.46,0.3862,0.3613,0.9355
bet04>=40,M2A,153500950,60,52,0.8667,14,1,0.2333,0.2373,602.95,623.39,223.71,0.3710,0.3589,0.9672
bet04>=40,M2A,140872427,35,33,0.9429,11,3,0.3143,0.3438,211.24,273.28,97.64,0.4622,0.3573,0.7730
bet04>=40,M2A,148144378,37,29,0.7838,25,4,0.6757,0.7576,1756.16,2074.51,738.78,0.4207,0.3561,0.8465
bet04>=40,M2A,150839844,41,37,0.9024,14,3,0.3415,0.3684,601.49,709.49,252.57,0.4199,0.3560,0.8478
bet04>=40,M2A,125576826,54,33,0.6111,11,1,0.2037,0.2075,1920.84,2011.20,715.80,0.3726,0.3559,0.9551
bet04>=40,M2A,133770454,37,24,0.6486,15,2,0.4054,0.4286,976.36,1094.15,389.37,0.3988,0.3559,0.8923
bet04>=40,M2A,150756896,33,22,0.6667,14,2,0.4242,0.4516,369.29,391.14,138.11,0.3740,0.3531,0.9441
bet04>=40,M2A,151123652,45,35,0.7778,11,2,0.2444,0.2558,450.30,473.44,166.86,0.3706,0.3524,0.9511
bet04>=40,M2A,152685002,47,37,0.7872,17,2,0.3617,0.3778,183.31,211.71,74.61,0.4070,0.3524,0.8659
bet04>=40,M2A,150830982,31,20,0.6452,19,1,0.6129,0.6333,527.59,537.98,188.09,0.3565,0.3496,0.9807
bet04>=40,M2A,149595926,47,30,0.6383,18,3,0.3830,0.4091,460.04,516.75,180.65,0.3927,0.3496,0.8902
bet04>=40,M2A,152421869,40,25,0.6250,13,2,0.3250,0.3421,939.58,1088.79,380.37,0.4048,0.3494,0.8630
bet04>=40,M2A,142890647,30,19,0.6333,14,2,0.4667,0.5000,261.62,282.06,98.01,0.3746,0.3475,0.9275
bet04>=40,M2A,148134318,31,29,0.9355,14,2,0.4516,0.4828,1328.19,1467.33,509.56,0.3837,0.3473,0.9052
bet04>=40,M2A,150662632,31,20,0.6452,16,0,0.5161,0.5161,956.70,956.70,331.87,0.3469,0.3469,1.0000
bet04>=40,M2A,152778835,34,22,0.6471,14,2,0.4118,0.4375,376.94,418.25,144.58,0.3836,0.3457,0.9012
bet04>=40,M2A,153282665,45,28,0.6222,18,3,0.4000,0.4286,650.09,737.87,254.68,0.3918,0.3452,0.8810
bet04>=40,M2A,142212992,61,51,0.8361,14,1,0.2295,0.2333,289.26,293.04,100.72,0.3482,0.3437,0.9871
bet04>=40,M2A,148688854,58,39,0.6724,20,3,0.3448,0.3636,1472.60,1540.07,527.69,0.3583,0.3426,0.9562
bet04>=40,M2A,149212462,57,36,0.6316,9,0,0.1579,0.1579,1654.64,1654.64,564.47,0.3411,0.3411,1.0000
bet04>=40,M2A,150785526,62,40,0.6452,13,1,0.2097,0.2131,64.65,68.89,23.50,0.3635,0.3411,0.9384
bet04>=40,M2A,149860698,37,25,0.6757,10,1,0.2703,0.2778,1803.23,1932.96,657.72,0.3647,0.3403,0.9329
bet04>=40,M2A,149237278,48,32,0.6667,21,4,0.4375,0.4773,770.30,886.46,301.54,0.3915,0.3402,0.8690
bet04>=40,M2A,153868614,66,41,0.6212,29,4,0.4394,0.4677,113212.19,133760.31,45281.14,0.4000,0.3385,0.8464
bet04>=40,M2A,150821480,46,29,0.6304,25,3,0.5435,0.5814,773.18,856.21,289.81,0.3748,0.3385,0.9030
bet04>=40,M2A,108798665,44,27,0.6136,10,3,0.2273,0.2439,287.14,451.58,152.85,0.5323,0.3385,0.6359
bet04>=40,M2A,94041344,42,27,0.6429,10,2,0.2381,0.2500,2689.00,3029.00,1025.00,0.3812,0.3384,0.8878
bet04>=40,M2A,116743837,37,25,0.6757,12,2,0.3243,0.3429,119.74,142.84,48.31,0.4035,0.3382,0.8382
bet04>=40,M2A,150290862,30,19,0.6333,19,2,0.6333,0.6786,274.34,303.75,102.24,0.3727,0.3366,0.9032
bet04>=40,M2A,137288262,33,23,0.6970,20,1,0.6061,0.6250,2970.00,3000.00,993.50,0.3345,0.3312,0.9900
bet04>=40,M2A,149997665,54,34,0.6296,14,0,0.2593,0.2593,799.13,799.13,260.11,0.3255,0.3255,1.0000
bet04>=40,M2A,149986800,30,18,0.6000,12,2,0.4000,0.4286,1102.69,1284.31,417.21,0.3784,0.3248,0.8586
bet04>=40,M2A,151473296,44,35,0.7955,16,4,0.3636,0.4000,124.84,150.18,48.69,0.3900,0.3242,0.8313
bet04>=40,M2A,147732872,35,25,0.7143,10,4,0.2857,0.3226,1280.92,1578.04,507.09,0.3959,0.3213,0.8117
bet04>=40,M2A,149545122,38,38,1.0000,7,1,0.1842,0.1892,162.85,165.73,53.25,0.3270,0.3213,0.9826
bet04>=40,M2A,153634906,32,25,0.7813,21,0,0.6563,0.6563,2695.00,2695.00,853.00,0.3165,0.3165,1.0000
bet04>=40,M2A,152795016,31,29,0.9355,9,2,0.2903,0.3103,41.29,49.46,15.58,0.3775,0.3151,0.8347
bet04>=40,M2A,150135957,39,24,0.6154,23,2,0.5897,0.6216,1994.00,2194.00,691.00,0.3465,0.3149,0.9088
bet04>=40,M2A,148914983,52,34,0.6538,20,2,0.3846,0.4000,199.74,211.10,66.41,0.3325,0.3146,0.9462
bet04>=40,M2A,151199552,41,37,0.9024,12,2,0.2927,0.3077,1396.11,1552.83,487.68,0.3493,0.3141,0.8991
bet04>=40,M2A,148988171,34,23,0.6765,12,4,0.3529,0.4000,1054.89,1515.59,474.31,0.4496,0.3130,0.6960
bet04>=40,M2A,152157341,32,22,0.6875,7,0,0.2188,0.2188,502.74,502.74,157.21,0.3127,0.3127,1.0000
bet04>=40,M2A,147229594,47,31,0.6596,20,2,0.4255,0.4444,439.00,483.11,151.00,0.3440,0.3126,0.9087
bet04>=40,M2A,150316474,33,20,0.6061,18,3,0.5455,0.6000,5454.00,5774.00,1789.50,0.3281,0.3099,0.9446
bet04>=40,M2A,152854931,56,42,0.7500,13,1,0.2321,0.2364,304.65,309.81,95.53,0.3136,0.3083,0.9833
bet04>=40,M2A,128969338,40,27,0.6750,25,0,0.6250,0.6250,262.79,262.79,80.82,0.3076,0.3076,1.0000
bet04>=40,M2A,112344167,59,44,0.7458,22,5,0.3729,0.4074,3110.09,3450.92,1059.13,0.3405,0.3069,0.9012
bet04>=40,M2A,149315710,61,43,0.7049,13,1,0.2131,0.2167,196.14,210.84,64.57,0.3292,0.3063,0.9303
bet04>=40,M2A,149556352,37,35,0.9459,11,4,0.2973,0.3333,184.85,218.46,66.80,0.3614,0.3058,0.8462
bet04>=40,M2A,122956165,52,35,0.6731,32,2,0.6154,0.6400,4837.24,5212.91,1588.24,0.3283,0.3047,0.9279
bet04>=40,M2A,148091409,41,26,0.6341,19,2,0.4634,0.4872,997.20,1070.98,326.25,0.3272,0.3046,0.9311
bet04>=40,M2A,145848940,31,20,0.6452,23,0,0.7419,0.7419,3644.22,3644.22,1109.41,0.3044,0.3044,1.0000
bet04>=40,M2A,148234049,44,35,0.7955,16,0,0.3636,0.3636,123.33,123.33,37.54,0.3044,0.3044,1.0000
bet04>=40,M2A,149807749,114,79,0.6930,34,4,0.2982,0.3091,10335.05,10734.17,3265.41,0.3160,0.3042,0.9628
bet04>=40,M2A,150863302,33,23,0.6970,16,2,0.4848,0.5161,313.73,339.45,103.25,0.3291,0.3042,0.9242
bet04>=40,M2A,140251539,40,26,0.6500,17,4,0.4250,0.4722,144.78,170.72,51.92,0.3586,0.3041,0.8480
bet04>=40,M2A,147735377,50,30,0.6000,23,3,0.4600,0.4894,193.44,206.53,62.29,0.3220,0.3016,0.9366
bet04>=40,M2A,152244768,45,29,0.6444,12,1,0.2667,0.2727,195.25,220.18,66.36,0.3399,0.3014,0.8868
bet04>=40,M2A,149513752,33,25,0.7576,13,2,0.3939,0.4194,1133.03,1255.24,377.62,0.3333,0.3008,0.9026
bet04>=40,M2A,152925823,123,81,0.6585,48,2,0.3902,0.3967,706.17,730.70,219.11,0.3103,0.2999,0.9664
bet04>=40,M2A,128757243,63,48,0.7619,17,3,0.2698,0.2833,1917.18,2223.77,664.27,0.3465,0.2987,0.8621
bet04>=40,M2A,145977127,40,31,0.7750,24,2,0.6000,0.6316,832.38,867.19,258.60,0.3107,0.2982,0.9599
bet04>=40,M2A,72466860,36,24,0.6667,14,1,0.3889,0.4000,346.29,356.51,106.10,0.3064,0.2976,0.9713
bet04>=40,M2A,147796460,41,35,0.8537,11,1,0.2683,0.2750,947.94,974.27,288.46,0.3043,0.2961,0.9730
bet04>=40,M2A,147423222,32,21,0.6563,14,2,0.4375,0.4667,595.16,645.75,191.01,0.3209,0.2958,0.9216
bet04>=40,M2A,147456284,40,25,0.6250,12,3,0.3000,0.3243,33579.67,36353.14,10729.54,0.3195,0.2951,0.9237
bet04>=40,M2A,153109018,33,21,0.6364,12,1,0.3636,0.3750,790.02,841.66,248.24,0.3142,0.2949,0.9387
bet04>=40,M2A,150086733,30,19,0.6333,6,2,0.2000,0.2143,264.40,307.81,90.77,0.3433,0.2949,0.8590
bet04>=40,M2A,151054406,55,34,0.6182,14,4,0.2545,0.2745,404.02,458.24,134.95,0.3340,0.2945,0.8817
bet04>=40,M2A,148951335,37,23,0.6216,17,3,0.4595,0.5000,1813.99,2033.87,596.94,0.3291,0.2935,0.8919
bet04>=40,M2A,117476262,30,26,0.8667,13,2,0.4333,0.4643,11657.38,12265.65,3598.23,0.3087,0.2934,0.9504
bet04>=40,M2A,147781858,42,31,0.7381,23,3,0.5476,0.5897,1349.99,1492.18,437.51,0.3241,0.2932,0.9047
bet04>=40,M2A,150087979,40,31,0.7750,12,0,0.3000,0.3000,261.79,334.44,97.62,0.3729,0.2919,0.7828
bet04>=40,M2A,150817651,48,37,0.7708,14,1,0.2917,0.2979,138.64,142.84,41.70,0.3008,0.2919,0.9706
bet04>=40,M2A,145891933,100,62,0.6200,19,2,0.1900,0.1939,4522.17,4867.92,1420.42,0.3141,0.2918,0.9290
bet04>=40,M2A,150202364,72,46,0.6389,45,4,0.6250,0.6618,241.39,259.40,75.48,0.3127,0.2910,0.9306
bet04>=40,M2A,151188908,42,26,0.6190,23,1,0.5476,0.5610,3554.00,3706.00,1077.65,0.3032,0.2908,0.9590
bet04>=40,M2A,153873684,53,38,0.7170,14,3,0.2642,0.2800,1957.47,2253.62,655.41,0.3348,0.2908,0.8686
bet04>=40,M2A,147908263,41,29,0.7073,12,2,0.2927,0.3077,277.20,291.34,84.53,0.3050,0.2902,0.9515
bet04>=40,M2A,147566281,53,33,0.6226,7,2,0.1321,0.1373,201.20,208.80,60.55,0.3009,0.2900,0.9636
bet04>=40,M2A,151399369,40,28,0.7000,23,4,0.5750,0.6389,1611.86,1726.11,500.18,0.3103,0.2898,0.9338
bet04>=40,M2A,148835171,30,18,0.6000,18,3,0.6000,0.6667,178.00,204.17,58.90,0.3309,0.2885,0.8718
bet04>=40,M2A,147980005,47,47,1.0000,10,2,0.2128,0.2222,380.76,509.51,146.69,0.3853,0.2879,0.7473
bet04>=40,M2A,151207611,40,30,0.7500,10,1,0.2500,0.2564,99.50,103.65,29.81,0.2996,0.2876,0.9599
bet04>=40,M2A,150730402,35,35,1.0000,10,1,0.2857,0.2941,1567.12,1909.61,548.10,0.3498,0.2870,0.8207
bet04>=40,M2A,148584982,71,46,0.6479,20,6,0.2817,0.3077,1665.14,2186.29,624.95,0.3753,0.2858,0.7616
bet04>=40,M2A,152699020,66,42,0.6364,30,2,0.4545,0.4688,1218.17,1279.48,364.33,0.2991,0.2847,0.9521
bet04>=40,M2A,152860945,30,18,0.6000,19,4,0.6333,0.7308,31328.00,38104.00,10776.00,0.3440,0.2828,0.8222
bet04>=40,M2A,147462372,32,25,0.7813,17,3,0.5313,0.5862,1276.53,1351.77,381.53,0.2989,0.2822,0.9443
bet04>=40,M2A,147605610,40,24,0.6000,14,1,0.3500,0.3590,409.94,422.92,119.35,0.2911,0.2822,0.9693
bet04>=40,M2A,149542231,55,41,0.7455,16,3,0.2909,0.3077,752.17,907.58,255.95,0.3403,0.2820,0.8288
bet04>=40,M2A,150357464,38,25,0.6579,12,1,0.3158,0.3243,288.95,309.73,86.39,0.2990,0.2789,0.9329
bet04>=40,M2A,148339142,33,22,0.6667,17,3,0.5152,0.5667,472.67,529.38,147.59,0.3122,0.2788,0.8929
bet04>=40,M2A,105716712,70,45,0.6429,38,6,0.5429,0.5938,9190.75,9709.67,2705.68,0.2944,0.2787,0.9466
bet04>=40,M2A,32677550,73,46,0.6301,13,4,0.1781,0.1884,3031.85,3743.43,1042.20,0.3438,0.2784,0.8099
bet04>=40,M2A,110619792,37,23,0.6216,13,2,0.3514,0.3714,713.59,792.58,220.53,0.3090,0.2782,0.9003
bet04>=40,M2A,142228712,46,30,0.6522,11,2,0.2391,0.2500,943.38,1008.82,279.69,0.2965,0.2772,0.9351
bet04>=40,M2A,147510630,57,35,0.6140,14,1,0.2456,0.2500,1601.88,1633.50,451.22,0.2817,0.2762,0.9806
bet04>=40,M2A,153777371,36,23,0.6389,14,0,0.3889,0.3889,404.48,409.53,112.69,0.2786,0.2752,0.9877
bet04>=40,M2A,151095786,33,20,0.6061,12,2,0.3636,0.3871,411.45,470.59,129.09,0.3137,0.2743,0.8743
bet04>=40,M2A,116445491,42,29,0.6905,8,1,0.1905,0.1951,1220.92,1304.01,356.67,0.2921,0.2735,0.9363
bet04>=40,M2A,149834787,39,25,0.6410,20,4,0.5128,0.5714,3180.69,3578.28,977.17,0.3072,0.2731,0.8889
bet04>=40,M2A,152127921,40,26,0.6500,14,4,0.3500,0.3889,598.91,694.06,189.32,0.3161,0.2728,0.8629
bet04>=40,M2A,153767690,48,32,0.6667,13,1,0.2708,0.2766,97.99,104.05,28.39,0.2897,0.2728,0.9417
bet04>=40,M2A,142518026,94,72,0.7660,34,6,0.3617,0.3864,1256.10,1425.43,388.47,0.3093,0.2725,0.8812
bet04>=40,M2A,152217188,52,40,0.7692,21,6,0.4038,0.4565,1696.00,1994.00,541.90,0.3195,0.2718,0.8506
bet04>=40,M2A,135841647,52,32,0.6154,31,7,0.5962,0.6889,2525.50,2936.41,797.35,0.3157,0.2715,0.8601
bet04>=40,M2A,86166419,31,20,0.6452,11,2,0.3548,0.3793,2497.10,3263.88,885.85,0.3548,0.2714,0.7651
bet04>=40,M2A,143617976,63,56,0.8889,16,2,0.2540,0.2623,802.82,894.43,242.65,0.3022,0.2713,0.8976
bet04>=40,M2A,152404266,101,72,0.7129,16,0,0.1584,0.1584,219.52,219.52,59.48,0.2709,0.2709,1.0000
bet04>=40,M2A,152954334,145,89,0.6138,37,6,0.2552,0.2662,3055.35,3460.69,936.90,0.3066,0.2707,0.8829
bet04>=40,M2A,101016745,39,36,0.9231,12,2,0.3077,0.3243,1041.80,1261.68,341.60,0.3279,0.2707,0.8257
bet04>=40,M2A,147746615,43,26,0.6047,20,6,0.4651,0.5405,755.01,953.02,257.86,0.3415,0.2706,0.7922
bet04>=40,M2A,153296370,54,34,0.6296,28,6,0.5185,0.5833,281.41,327.89,88.55,0.3147,0.2701,0.8583
bet04>=40,M2A,131255153,62,42,0.6774,22,2,0.3548,0.3667,1406.37,1562.14,417.27,0.2967,0.2671,0.9003
bet04>=40,M2A,153780523,42,26,0.6190,14,2,0.3333,0.3500,25518.72,29285.91,7763.26,0.3042,0.2651,0.8714
bet04>=40,M2A,141688701,47,36,0.7660,14,2,0.2979,0.3111,733.00,1081.95,286.33,0.3906,0.2646,0.6775
bet04>=40,M2A,143447737,30,18,0.6000,18,2,0.6000,0.6429,199.78,212.75,56.30,0.2818,0.2646,0.9390
bet04>=40,M2A,119989685,33,28,0.8485,6,0,0.1818,0.1818,825.07,825.07,218.20,0.2645,0.2645,1.0000
bet04>=40,M2A,144351701,33,20,0.6061,15,4,0.4545,0.5172,2879.36,3481.40,917.47,0.3186,0.2635,0.8271
bet04>=40,M2A,141163986,33,32,0.9697,8,2,0.2424,0.2581,236.07,283.08,74.60,0.3160,0.2635,0.8339
bet04>=40,M2A,150738520,110,67,0.6091,30,3,0.2727,0.2804,64.28,68.06,17.77,0.2765,0.2611,0.9444
bet04>=40,M2A,145651422,59,36,0.6102,16,1,0.2712,0.2759,2918.71,3048.44,795.22,0.2725,0.2609,0.9574
bet04>=40,M2A,153480808,105,65,0.6190,22,2,0.2095,0.2136,2365.41,2508.48,650.76,0.2751,0.2594,0.9430
bet04>=40,M2A,149857499,52,32,0.6154,12,3,0.2308,0.2449,497.85,602.88,155.45,0.3122,0.2578,0.8258
bet04>=40,M2A,148546290,43,38,0.8837,12,1,0.2791,0.2857,1455.81,1506.90,388.22,0.2667,0.2576,0.9661
bet04>=40,M2A,147787310,56,49,0.8750,9,1,0.1607,0.1636,3250.71,3599.41,924.27,0.2843,0.2568,0.9031
bet04>=40,M2A,148075644,31,31,1.0000,8,5,0.2581,0.3077,282.70,392.64,100.25,0.3546,0.2553,0.7200
bet04>=40,M2A,149815875,64,41,0.6406,35,5,0.5469,0.5932,197.19,210.16,53.58,0.2717,0.2549,0.9383
bet04>=40,M2A,153463150,41,34,0.8293,12,3,0.2927,0.3158,1143.47,1466.19,373.60,0.3267,0.2548,0.7799
bet04>=40,M2A,147386326,53,33,0.6226,15,1,0.2830,0.2885,1191.01,1235.51,313.85,0.2635,0.2540,0.9640
bet04>=40,M2A,115475622,40,30,0.7500,10,0,0.2500,0.2500,807.06,807.06,203.70,0.2524,0.2524,1.0000
bet04>=40,M2A,144758922,46,38,0.8261,11,2,0.2391,0.2500,293.04,335.21,84.33,0.2878,0.2516,0.8742
bet04>=40,M2A,117387690,31,22,0.7097,16,7,0.5161,0.6667,118.39,153.91,38.67,0.3267,0.2513,0.7692
bet04>=40,M2A,148925877,30,18,0.6000,8,4,0.2667,0.3077,1950.00,2330.00,585.00,0.3000,0.2511,0.8369
bet04>=40,M2A,153336060,43,32,0.7442,18,3,0.4186,0.4500,1735.99,1829.71,456.79,0.2631,0.2497,0.9488
bet04>=40,M2A,147575000,70,43,0.6143,17,2,0.2429,0.2500,1032.38,1073.25,267.96,0.2596,0.2497,0.9619
bet04>=40,M2A,115058498,37,23,0.6216,21,0,0.5676,0.5676,257.48,257.48,64.21,0.2494,0.2494,1.0000
bet04>=40,M2A,146436936,33,28,0.8485,11,2,0.3333,0.3548,104.70,112.56,27.88,0.2662,0.2477,0.9302
bet04>=40,M2A,71491328,32,22,0.6875,14,7,0.4375,0.5600,952.99,1094.65,268.07,0.2813,0.2449,0.8706
bet04>=40,M2A,148805482,32,20,0.6250,11,4,0.3438,0.3929,115.95,147.58,36.05,0.3109,0.2443,0.7857
bet04>=40,M2A,112145972,55,42,0.7636,15,3,0.2727,0.2885,12629.90,13074.89,3193.47,0.2528,0.2442,0.9660
bet04>=40,M2A,151244547,62,40,0.6452,16,1,0.2581,0.2623,3574.46,3664.46,894.90,0.2504,0.2442,0.9754
bet04>=40,M2A,152892135,200,144,0.7200,59,6,0.2950,0.3041,1277.03,1353.68,329.12,0.2577,0.2431,0.9434
bet04>=40,M2A,151272422,39,35,0.8974,16,2,0.4103,0.4324,141.44,154.29,37.29,0.2636,0.2417,0.9167
bet04>=40,M2A,111949083,35,27,0.7714,10,1,0.2857,0.2941,3523.43,3679.10,887.34,0.2518,0.2412,0.9577
bet04>=40,M2A,142001562,33,25,0.7576,15,1,0.4545,0.4688,889.98,903.07,217.84,0.2448,0.2412,0.9855
bet04>=40,M2A,149503057,47,39,0.8298,9,0,0.1915,0.1915,292.88,292.88,70.62,0.2411,0.2411,1.0000
bet04>=40,M2A,151437135,65,43,0.6615,35,6,0.5385,0.5932,6999.00,7509.00,1809.25,0.2585,0.2409,0.9321
bet04>=40,M2A,148850257,37,27,0.7297,15,7,0.4054,0.5000,4156.64,5077.92,1222.89,0.2942,0.2408,0.8186
bet04>=40,M2A,153355854,36,22,0.6111,14,0,0.3889,0.3889,346.03,346.03,83.19,0.2404,0.2404,1.0000
bet04>=40,M2A,151617298,77,77,1.0000,12,1,0.1558,0.1579,221.22,227.45,54.63,0.2469,0.2402,0.9726
bet04>=40,M2A,120269083,33,20,0.6061,13,1,0.3939,0.4063,366.46,392.64,93.97,0.2564,0.2393,0.9333
bet04>=40,M2A,82953290,39,25,0.6410,14,1,0.3590,0.3684,1346.78,1554.34,371.48,0.2758,0.2390,0.8665
bet04>=40,M2A,101515456,31,19,0.6129,17,5,0.5484,0.6538,1003.05,1165.34,278.02,0.2772,0.2386,0.8607
bet04>=40,M2A,146827853,47,33,0.7021,11,1,0.2340,0.2391,1214.04,1269.80,302.66,0.2493,0.2384,0.9561
bet04>=40,M2A,149684839,34,21,0.6176,19,3,0.5588,0.6129,163.46,176.43,42.03,0.2571,0.2382,0.9265
bet04>=40,M2A,103815933,64,64,1.0000,12,4,0.1875,0.2000,160.23,210.82,50.18,0.3132,0.2380,0.7600
bet04>=40,M2A,151496729,50,42,0.8400,12,0,0.2400,0.2400,149.55,162.02,38.53,0.2576,0.2378,0.9231
bet04>=40,M2A,151785094,44,31,0.7045,22,5,0.5000,0.5641,2625.51,2978.63,706.80,0.2692,0.2373,0.8815
bet04>=40,M2A,131225324,56,40,0.7143,13,2,0.2321,0.2407,1217.86,1319.35,312.92,0.2569,0.2372,0.9231
bet04>=40,M2A,152409649,43,35,0.8140,7,1,0.1628,0.1667,1110.16,1213.44,286.84,0.2584,0.2364,0.9149
bet04>=40,M2A,117509515,31,25,0.8065,19,1,0.6129,0.6333,1063.27,1084.03,256.30,0.2410,0.2364,0.9809
bet04>=40,M2A,135517313,91,63,0.6923,12,2,0.1319,0.1348,200.72,224.93,53.12,0.2646,0.2361,0.8924
bet04>=40,M2A,137431385,35,26,0.7429,21,1,0.6000,0.6176,774.72,790.12,186.42,0.2406,0.2359,0.9805
bet04>=40,M2A,145757851,48,33,0.6875,19,5,0.3958,0.4419,4990.71,5568.67,1309.84,0.2625,0.2352,0.8962
bet04>=40,M2A,148229649,30,18,0.6000,15,3,0.5000,0.5556,199.72,225.11,52.89,0.2648,0.2349,0.8872
bet04>=40,M2A,150862783,30,18,0.6000,12,1,0.4000,0.4138,411.45,424.31,99.26,0.2412,0.2339,0.9697
bet04>=40,M2A,149026278,88,56,0.6364,15,3,0.1705,0.1765,395.93,465.50,108.79,0.2748,0.2337,0.8505
bet04>=40,M2A,147809448,35,28,0.8000,17,0,0.4857,0.4857,494.73,494.73,115.57,0.2336,0.2336,1.0000
bet04>=40,M2A,142210633,31,23,0.7419,3,0,0.0968,0.0968,449.53,449.53,105.03,0.2336,0.2336,1.0000
bet04>=40,M2A,147712909,56,37,0.6607,14,3,0.2500,0.2642,5876.71,6188.05,1442.58,0.2455,0.2331,0.9497
bet04>=40,M2A,150301824,38,26,0.6842,15,3,0.3947,0.4286,396.71,434.07,101.11,0.2549,0.2329,0.9139
bet04>=40,M2A,151985866,47,37,0.7872,9,1,0.1915,0.1957,103.23,107.39,24.88,0.2410,0.2317,0.9613
bet04>=40,M2A,151858820,36,25,0.6944,10,5,0.2778,0.3226,3443.82,4493.53,1037.22,0.3012,0.2308,0.7664
bet04>=40,M2A,149372298,42,33,0.7857,10,2,0.2381,0.2500,128.14,138.64,31.96,0.2494,0.2305,0.9242
bet04>=40,M2A,152703901,38,27,0.7105,21,2,0.5526,0.5833,1361.95,1460.37,336.44,0.2470,0.2304,0.9326
bet04>=40,M2A,148447861,30,19,0.6333,9,1,0.3000,0.3103,1080.00,1140.00,261.50,0.2421,0.2294,0.9474
bet04>=40,M2A,153443188,73,61,0.8356,19,1,0.2603,0.2639,104.56,106.72,24.47,0.2340,0.2293,0.9798
bet04>=40,M2A,148805110,65,40,0.6154,18,2,0.2769,0.2857,2790.05,2919.31,668.96,0.2398,0.2292,0.9557
bet04>=40,M2A,152193758,45,28,0.6222,13,2,0.2889,0.3023,774.04,876.90,200.32,0.2588,0.2284,0.8827
bet04>=40,M2A,82187164,50,38,0.7600,11,0,0.2200,0.2200,731.02,731.02,167.00,0.2284,0.2284,1.0000
bet04>=40,M2A,148816820,34,32,0.9412,5,0,0.1471,0.1471,481.64,481.64,109.94,0.2283,0.2283,1.0000
bet04>=40,M2A,151475717,76,46,0.6053,19,1,0.2500,0.2533,1365.49,1404.07,320.16,0.2345,0.2280,0.9725
bet04>=40,M2A,148311401,67,53,0.7910,24,1,0.3582,0.3636,1692.91,1798.33,409.21,0.2417,0.2275,0.9414
bet04>=40,M2A,152088455,36,24,0.6667,14,0,0.3889,0.3889,251.24,251.24,57.17,0.2275,0.2275,1.0000
bet04>=40,M2A,150740535,60,44,0.7333,13,1,0.2167,0.2203,443.23,485.24,110.28,0.2488,0.2273,0.9134
bet04>=40,M2A,130431079,37,27,0.7297,18,5,0.4865,0.5625,1462.78,1735.01,394.14,0.2694,0.2272,0.8431
bet04>=40,M2A,96889330,55,37,0.6727,23,6,0.4182,0.4694,264.87,298.30,67.63,0.2553,0.2267,0.8879
bet04>=40,M2A,152015626,30,19,0.6333,13,4,0.4333,0.5000,101.78,116.32,26.28,0.2582,0.2259,0.8750
bet04>=40,M2A,134009204,40,29,0.7250,11,4,0.2750,0.3056,3702.45,4653.53,1046.20,0.2826,0.2248,0.7956
bet04>=40,M2A,76871415,35,23,0.6571,14,3,0.4000,0.4375,4063.98,4712.00,1058.39,0.2604,0.2246,0.8625
bet04>=40,M2A,147992913,37,28,0.7568,10,2,0.2703,0.2857,880.00,930.00,208.00,0.2364,0.2237,0.9462
bet04>=40,M2A,148622651,36,27,0.7500,13,1,0.3611,0.3714,6258.67,6520.43,1456.69,0.2327,0.2234,0.9599
bet04>=40,M2A,147049638,75,53,0.7067,27,3,0.3600,0.3750,62.84,68.94,15.39,0.2449,0.2232,0.9116
bet04>=40,M2A,126810829,54,37,0.6852,20,4,0.3704,0.4000,737.00,805.00,179.50,0.2436,0.2230,0.9155
bet04>=40,M2A,149113288,42,31,0.7381,13,2,0.3095,0.3250,408.34,434.52,96.07,0.2353,0.2211,0.9398
bet04>=40,M2A,152835134,33,26,0.7879,9,1,0.2727,0.2813,547.77,568.21,125.50,0.2291,0.2209,0.9640
bet04>=40,M2A,143956313,52,39,0.7500,23,7,0.4423,0.5111,269.93,545.01,119.96,0.4444,0.2201,0.4953
bet04>=40,M2A,146608340,68,42,0.6176,25,2,0.3676,0.3788,1349.73,1406.46,308.79,0.2288,0.2196,0.9597
bet04>=40,M2A,147753939,31,21,0.6774,13,2,0.4194,0.4483,270.71,297.12,65.26,0.2411,0.2196,0.9111
bet04>=40,M2A,149856441,38,29,0.7632,13,2,0.3421,0.3611,196.15,206.53,45.28,0.2308,0.2192,0.9497
bet04>=40,M2A,150868491,31,20,0.6452,20,0,0.6452,0.6452,3995.80,3995.80,873.12,0.2185,0.2185,1.0000
bet04>=40,M2A,143397315,44,32,0.7273,16,2,0.3636,0.3810,411.57,424.77,92.66,0.2251,0.2181,0.9689
bet04>=40,M2A,148567365,35,29,0.8286,11,1,0.3143,0.3235,1116.05,1193.20,257.16,0.2304,0.2155,0.9353
bet04>=40,M2A,152541750,39,24,0.6154,23,2,0.5897,0.6216,95.53,100.69,21.69,0.2270,0.2154,0.9487
bet04>=40,M2A,149022883,31,25,0.8065,7,0,0.2258,0.2258,28.67,28.67,6.16,0.2147,0.2147,1.0000
bet04>=40,M2A,152356262,35,22,0.6286,16,1,0.4571,0.4706,7056.00,8146.00,1744.00,0.2472,0.2141,0.8662
bet04>=40,M2A,151490749,40,24,0.6000,22,5,0.5500,0.6286,2050.00,2300.00,492.50,0.2402,0.2141,0.8913
bet04>=40,M2A,145237884,41,32,0.7805,13,2,0.3171,0.3333,171.61,184.26,39.28,0.2289,0.2132,0.9314
bet04>=40,M2A,136336056,71,45,0.6338,27,6,0.3803,0.4154,2099.29,2446.76,519.15,0.2473,0.2122,0.8580
bet04>=40,M2A,150373224,34,29,0.8529,7,1,0.2059,0.2121,184.85,191.16,40.44,0.2188,0.2115,0.9670
bet04>=40,M2A,152698873,35,22,0.6286,14,1,0.4000,0.4118,1244.68,1308.70,276.51,0.2222,0.2113,0.9511
bet04>=40,M2A,148124187,59,43,0.7288,13,1,0.2203,0.2241,472.46,493.54,104.31,0.2208,0.2113,0.9573
bet04>=40,M2A,144396992,51,43,0.8431,14,1,0.2745,0.2800,12786.02,14586.11,3078.92,0.2408,0.2111,0.8766
bet04>=40,M2A,109771784,43,27,0.6279,22,1,0.5116,0.5238,3552.64,3597.64,757.74,0.2133,0.2106,0.9875
bet04>=40,M2A,151038603,35,23,0.6571,17,4,0.4857,0.5484,591.99,654.30,137.40,0.2321,0.2100,0.9048
bet04>=40,M2A,60004616,113,71,0.6283,31,5,0.2743,0.2870,8518.37,10830.57,2265.37,0.2659,0.2092,0.7865
bet04>=40,M2A,148076555,30,18,0.6000,16,4,0.5333,0.6154,2780.00,3270.00,684.00,0.2460,0.2092,0.8502
bet04>=40,M2A,151484361,41,25,0.6098,13,2,0.3171,0.3333,149.63,169.05,35.36,0.2363,0.2092,0.8851
bet04>=40,M2A,152478833,131,89,0.6794,27,3,0.2061,0.2109,1797.69,1913.87,399.69,0.2223,0.2088,0.9393
bet04>=40,M2A,129866454,41,36,0.8780,12,2,0.2927,0.3077,649.14,720.13,149.94,0.2310,0.2082,0.9014
bet04>=40,M2A,151094204,31,23,0.7419,18,1,0.5806,0.6000,837.04,862.76,179.37,0.2143,0.2079,0.9702
bet04>=40,M2A,116761518,86,52,0.6047,47,6,0.5465,0.5875,667.68,721.02,149.73,0.2243,0.2077,0.9260
bet04>=40,M2A,152657058,91,60,0.6593,21,3,0.2308,0.2386,679.01,738.39,153.09,0.2255,0.2073,0.9196
bet04>=40,M2A,150280924,42,30,0.7143,16,3,0.3810,0.4103,640.86,747.24,154.64,0.2413,0.2069,0.8576
bet04>=40,M2A,153507517,50,43,0.8600,30,3,0.6000,0.6383,3597.51,3810.12,786.12,0.2185,0.2063,0.9442
bet04>=40,M2A,149957378,48,35,0.7292,11,1,0.2292,0.2340,275.18,281.48,57.87,0.2103,0.2056,0.9776
bet04>=40,M2A,149855534,77,63,0.8182,13,4,0.1688,0.1781,399.54,483.56,99.36,0.2487,0.2055,0.8262
bet04>=40,M2A,150801951,70,52,0.7429,40,4,0.5714,0.6061,558.35,592.08,121.43,0.2175,0.2051,0.9430
bet04>=40,M2A,150737332,50,43,0.8600,31,0,0.6200,0.6200,428.10,428.10,87.57,0.2045,0.2045,1.0000
bet04>=40,M2A,109894713,43,27,0.6279,13,1,0.3023,0.3095,1870.69,1922.58,392.17,0.2096,0.2040,0.9730
bet04>=40,M2A,124976215,32,21,0.6563,19,1,0.5938,0.6129,26060.00,27010.00,5507.50,0.2113,0.2039,0.9648
bet04>=40,M2A,150838689,33,28,0.8485,19,2,0.5758,0.6129,79.72,84.86,17.23,0.2161,0.2030,0.9394
bet04>=40,M2A,143297178,30,21,0.7000,11,1,0.3667,0.3793,564.82,591.15,119.74,0.2120,0.2026,0.9555
bet04>=40,M2A,128377242,43,42,0.9767,10,1,0.2326,0.2381,478.94,520.95,105.56,0.2204,0.2026,0.9194
bet04>=40,M2A,150162600,44,39,0.8864,17,3,0.3864,0.4146,1591.51,1801.67,363.76,0.2286,0.2019,0.8834
bet04>=40,M2A,127104298,30,19,0.6333,13,3,0.4333,0.4815,216.17,239.02,48.24,0.2232,0.2018,0.9044
bet04>=40,M2A,150941575,48,29,0.6042,12,1,0.2500,0.2553,1095.48,1224.06,246.61,0.2251,0.2015,0.8950
bet04>=40,M2A,151142355,30,21,0.7000,16,3,0.5333,0.5926,1585.00,1749.00,352.10,0.2221,0.2013,0.9062
bet04>=40,M2A,152493821,42,35,0.8333,10,0,0.2381,0.2381,1017.22,1017.22,204.73,0.2013,0.2013,1.0000
bet04>=40,M2A,145915071,46,30,0.6522,11,2,0.2391,0.2500,5000.77,5644.84,1131.34,0.2262,0.2004,0.8859
bet04>=40,M2A,151559570,55,37,0.6727,14,1,0.2545,0.2593,308.59,313.73,62.87,0.2037,0.2004,0.9836
bet04>=40,M2A,82937268,75,63,0.8400,14,2,0.1867,0.1918,1118.81,1234.35,246.77,0.2206,0.1999,0.9064
bet04>=40,M2A,144157181,126,78,0.6190,29,5,0.2302,0.2397,2282.54,2533.83,506.24,0.2218,0.1998,0.9008
bet04>=40,M2A,147910160,111,74,0.6667,23,5,0.2072,0.2170,419.14,469.76,93.69,0.2235,0.1994,0.8922
bet04>=40,M2A,147732680,43,26,0.6047,22,4,0.5116,0.5641,4847.00,5247.00,1044.50,0.2155,0.1991,0.9238
bet04>=40,M2A,148956583,48,29,0.6042,30,2,0.6250,0.6522,6749.90,7142.54,1417.55,0.2100,0.1985,0.9450
bet04>=40,M2A,153769073,35,24,0.6857,11,0,0.3143,0.3143,9300.59,9300.59,1843.55,0.1982,0.1982,1.0000
bet04>=40,M2A,133528210,91,63,0.6923,30,5,0.3297,0.3488,1477.06,1605.87,317.73,0.2151,0.1979,0.9198
bet04>=40,M2A,152722079,51,48,0.9412,12,4,0.2353,0.2553,13.69,16.35,3.23,0.2358,0.1975,0.8375
bet04>=40,M2A,148637764,63,58,0.9206,12,4,0.1905,0.2034,465.67,533.73,105.36,0.2263,0.1974,0.8725
bet04>=40,M2A,153262128,57,36,0.6316,16,1,0.2807,0.2857,242.69,247.85,48.80,0.2011,0.1969,0.9792
bet04>=40,M2A,149695098,66,42,0.6364,35,7,0.5303,0.5932,1248.77,1316.75,257.84,0.2065,0.1958,0.9484
bet04>=40,M2A,152712059,286,186,0.6503,59,10,0.2063,0.2138,15337.86,16983.20,3317.87,0.2163,0.1954,0.9031
bet04>=40,M2A,149807289,33,33,1.0000,5,1,0.1515,0.1563,352.86,399.56,77.84,0.2206,0.1948,0.8831
bet04>=40,M2A,149003887,55,37,0.6727,19,3,0.3455,0.3654,248.67,269.61,52.48,0.2111,0.1947,0.9223
bet04>=40,M2A,150290365,34,21,0.6176,18,4,0.5294,0.6000,751.02,854.55,165.69,0.2206,0.1939,0.8789
bet04>=40,M2A,153063277,74,51,0.6892,15,2,0.2027,0.2083,296.37,316.80,61.32,0.2069,0.1935,0.9355
bet04>=40,M2A,151549258,33,21,0.6364,15,3,0.4545,0.5000,830.69,893.01,172.25,0.2074,0.1929,0.9302
bet04>=40,M2A,144273005,92,58,0.6304,45,10,0.4891,0.5488,23453.00,26185.00,5025.25,0.2143,0.1919,0.8957
bet04>=40,M2A,110653283,213,140,0.6573,30,5,0.1408,0.1442,623.14,637.96,122.41,0.1964,0.1919,0.9768
bet04>=40,M2A,147609280,47,29,0.6170,24,5,0.5106,0.5714,29801.10,34602.19,6635.80,0.2227,0.1918,0.8612
bet04>=40,M2A,21538046,104,67,0.6442,24,4,0.2308,0.2400,1387.82,1486.06,284.60,0.2051,0.1915,0.9339
bet04>=40,M2A,150167935,49,44,0.8980,16,2,0.3265,0.3404,2412.12,2520.12,478.05,0.1982,0.1897,0.9571
bet04>=40,M2A,139880449,55,33,0.6000,15,1,0.2727,0.2778,1478.49,1737.95,329.76,0.2230,0.1897,0.8507
bet04>=40,M2A,114161863,44,31,0.7045,8,2,0.1818,0.1905,599.35,677.18,128.43,0.2143,0.1897,0.8851
bet04>=40,M2A,151038247,37,29,0.7838,16,3,0.4324,0.4706,334.82,367.22,69.61,0.2079,0.1896,0.9118
bet04>=40,M2A,148908554,104,92,0.8846,26,6,0.2500,0.2653,1543.18,1846.33,349.66,0.2266,0.1894,0.8358
bet04>=40,M2A,140373684,33,24,0.7273,18,0,0.5455,0.5455,1086.30,1086.30,205.22,0.1889,0.1889,1.0000
bet04>=40,M2A,150639416,39,39,1.0000,7,1,0.1795,0.1842,86.13,94.53,17.75,0.2061,0.1878,0.9111
bet04>=40,M2A,140010895,30,27,0.9000,7,1,0.2333,0.2414,591.58,680.57,127.48,0.2155,0.1873,0.8692
bet04>=40,M2A,152148215,43,26,0.6047,18,4,0.4186,0.4615,189.02,222.25,41.54,0.2198,0.1869,0.8505
bet04>=40,M2A,149089529,120,74,0.6167,23,3,0.1917,0.1966,869.04,940.24,175.59,0.2020,0.1867,0.9243
bet04>=40,M2A,151044720,39,25,0.6410,8,1,0.2051,0.2105,388.30,414.02,77.15,0.1987,0.1863,0.9379
bet04>=40,M2A,152771547,60,42,0.7000,21,4,0.3500,0.3750,365.06,543.72,101.06,0.2768,0.1859,0.6714
bet04>=40,M2A,148985332,32,21,0.6563,16,3,0.5000,0.5517,1204.09,1308.80,242.78,0.2016,0.1855,0.9200
bet04>=40,M2A,152102854,30,20,0.6667,16,2,0.5333,0.5714,1430.00,1470.00,271.25,0.1897,0.1845,0.9728
bet04>=40,M2A,148936834,48,34,0.7083,25,4,0.5208,0.5682,329.51,368.43,67.85,0.2059,0.1842,0.8944
bet04>=40,M2A,134151840,44,29,0.6591,21,2,0.4773,0.5000,2620.00,2678.00,491.70,0.1877,0.1836,0.9783
bet04>=40,M2A,151273164,66,53,0.8030,13,1,0.1970,0.2000,3431.44,3597.62,660.22,0.1924,0.1835,0.9538
bet04>=40,M2A,147390253,139,104,0.7482,28,7,0.2014,0.2121,1246.93,1456.33,267.28,0.2144,0.1835,0.8562
bet04>=40,M2A,148261141,50,34,0.6800,20,4,0.4000,0.4348,394.21,432.95,79.23,0.2010,0.1830,0.9105
bet04>=40,M2A,147998958,33,24,0.7273,16,3,0.4848,0.5333,710.51,781.78,143.00,0.2013,0.1829,0.9088
bet04>=40,M2A,149335257,70,47,0.6714,14,2,0.2000,0.2059,1786.73,1966.35,358.93,0.2009,0.1825,0.9087
bet04>=40,M2A,150658380,71,51,0.7183,21,8,0.2958,0.3333,554.51,662.82,120.31,0.2170,0.1815,0.8366
bet04>=40,M2A,143843966,40,24,0.6000,8,1,0.2000,0.2051,562.06,583.14,105.52,0.1877,0.1809,0.9638
bet04>=40,M2A,149242101,49,30,0.6122,19,5,0.3878,0.4318,777.43,936.84,168.56,0.2168,0.1799,0.8298
bet04>=40,M2A,81624975,33,21,0.6364,17,3,0.5152,0.5667,845.88,949.90,170.83,0.2020,0.1798,0.8905
bet04>=40,M2A,152213329,38,23,0.6053,5,0,0.1316,0.1316,144.01,144.01,25.72,0.1786,0.1786,1.0000
bet04>=40,M2A,147985895,31,19,0.6129,18,1,0.5806,0.6000,289.65,297.55,53.06,0.1832,0.1783,0.9735
bet04>=40,M2A,98144129,38,25,0.6579,9,2,0.2368,0.2500,883.37,982.41,174.66,0.1977,0.1778,0.8992
bet04>=40,M2A,149374103,84,57,0.6786,20,1,0.2381,0.2410,943.18,951.58,168.99,0.1792,0.1776,0.9912
bet04>=40,M2A,153194615,75,47,0.6267,35,12,0.4667,0.5556,548.06,642.06,113.84,0.2077,0.1773,0.8536
bet04>=40,M2A,116336950,31,23,0.7419,13,2,0.4194,0.4483,2939.30,3019.92,532.41,0.1811,0.1763,0.9733
bet04>=40,M2A,148713076,31,31,1.0000,7,0,0.2258,0.2258,191.64,191.64,33.73,0.1760,0.1760,1.0000
bet04>=40,M2A,148706729,33,22,0.6667,8,2,0.2424,0.2581,679.91,827.48,145.31,0.2137,0.1756,0.8217
bet04>=40,M2A,148980428,83,51,0.6145,22,1,0.2651,0.2683,428.18,440.83,77.27,0.1805,0.1753,0.9713
bet04>=40,M2A,103823883,30,18,0.6000,13,2,0.4333,0.4643,701.52,740.78,129.57,0.1847,0.1749,0.9470
bet04>=40,M2A,153462648,47,37,0.7872,16,2,0.3404,0.3556,3728.00,4028.00,701.50,0.1882,0.1742,0.9255
bet04>=40,M2A,147946984,44,27,0.6136,23,4,0.5227,0.5750,1026.94,1079.60,187.61,0.1827,0.1738,0.9512
bet04>=40,M2A,153799681,43,29,0.6744,23,3,0.5349,0.5750,3069.38,3428.97,594.10,0.1936,0.1733,0.8951
bet04>=40,M2A,138888264,47,36,0.7660,27,4,0.5745,0.6279,110.04,118.85,20.58,0.1870,0.1731,0.9259
bet04>=40,M2A,146323947,37,29,0.7838,9,1,0.2432,0.2500,21.29,22.98,3.97,0.1866,0.1729,0.9266
bet04>=40,M2A,150546360,56,40,0.7143,14,1,0.2500,0.2545,2811.05,2937.09,506.88,0.1803,0.1726,0.9571
bet04>=40,M2A,144133379,38,24,0.6316,10,3,0.2632,0.2857,190.28,246.89,42.49,0.2233,0.1721,0.7707
bet04>=40,M2A,153604486,45,28,0.6222,27,0,0.6000,0.6000,152.80,160.97,27.69,0.1812,0.1720,0.9492
bet04>=40,M2A,147849028,191,115,0.6021,102,13,0.5340,0.5730,13285.15,14530.81,2497.07,0.1880,0.1718,0.9143
bet04>=40,M2A,135864129,30,21,0.7000,6,3,0.2000,0.2222,1908.66,2479.55,426.04,0.2232,0.1718,0.7698
bet04>=40,M2A,152306489,30,23,0.7667,14,4,0.4667,0.5385,1235.12,1409.13,241.53,0.1955,0.1714,0.8765
bet04>=40,M2A,114623390,122,95,0.7787,18,0,0.1475,0.1475,1927.99,1927.99,328.81,0.1705,0.1705,1.0000
bet04>=40,M2A,136967715,63,38,0.6032,28,5,0.4444,0.4828,1753.03,1975.06,335.63,0.1915,0.1699,0.8876
bet04>=40,M2A,140195304,35,25,0.7143,13,3,0.3714,0.4063,60.08,63.61,10.77,0.1793,0.1694,0.9446
bet04>=40,M2A,145272001,31,19,0.6129,17,2,0.5484,0.5862,5390.75,5579.22,942.61,0.1749,0.1689,0.9662
bet04>=40,M2A,151133936,39,27,0.6923,13,2,0.3333,0.3514,3418.90,3798.53,641.22,0.1876,0.1688,0.9001
bet04>=40,M2A,148753754,44,31,0.7045,24,5,0.5455,0.6154,809.09,873.23,147.10,0.1818,0.1685,0.9265
bet04>=40,M2A,148675624,30,19,0.6333,9,3,0.3000,0.3333,421.43,549.70,92.53,0.2196,0.1683,0.7667
bet04>=40,M2A,114206273,52,46,0.8846,11,3,0.2115,0.2245,267.74,360.18,60.50,0.2260,0.1680,0.7434
bet04>=40,M2A,120017065,47,36,0.7660,22,10,0.4681,0.5946,5159.20,6487.31,1085.48,0.2104,0.1673,0.7953
bet04>=40,M2A,148894487,78,64,0.8205,17,1,0.2179,0.2208,752.43,765.08,127.86,0.1699,0.1671,0.9835
bet04>=40,M2A,146845354,57,38,0.6667,20,4,0.3509,0.3774,1110.49,1228.36,203.80,0.1835,0.1659,0.9040
bet04>=40,M2A,144507455,64,46,0.7188,30,4,0.4688,0.5000,9801.07,10814.62,1784.47,0.1821,0.1650,0.9063
bet04>=40,M2A,147659778,31,25,0.8065,6,4,0.1935,0.2222,452.88,571.21,94.05,0.2077,0.1647,0.7929
bet04>=40,M2A,149464375,51,35,0.6863,27,5,0.5294,0.5870,167.97,188.98,31.11,0.1852,0.1646,0.8888
bet04>=40,M2A,125087824,33,30,0.9091,10,2,0.3030,0.3226,628.10,651.34,107.00,0.1704,0.1643,0.9643
bet04>=40,M2A,149258095,92,63,0.6848,45,5,0.4891,0.5172,5398.01,5746.98,938.59,0.1739,0.1633,0.9393
bet04>=40,M2A,150885530,69,51,0.7391,13,1,0.1884,0.1912,1218.92,1283.21,209.45,0.1718,0.1632,0.9499
bet04>=40,M2A,142675269,31,25,0.8065,11,0,0.3548,0.3548,1848.55,1848.55,299.86,0.1622,0.1622,1.0000
bet04>=40,M2A,149593361,56,48,0.8571,7,0,0.1250,0.1250,238.44,238.44,38.66,0.1621,0.1621,1.0000
bet04>=40,M2A,148445328,99,71,0.7172,21,5,0.2121,0.2234,1306.97,1620.82,262.28,0.2007,0.1618,0.8064
bet04>=40,M2A,148560417,297,218,0.7340,64,9,0.2155,0.2222,8472.70,9008.13,1454.68,0.1717,0.1615,0.9406
bet04>=40,M2A,147733957,36,24,0.6667,9,2,0.2500,0.2647,166.83,188.40,30.39,0.1822,0.1613,0.8855
bet04>=40,M2A,131520029,68,45,0.6618,19,1,0.2794,0.2836,1384.90,1437.61,231.38,0.1671,0.1609,0.9633
bet04>=40,M2A,153033974,46,36,0.7826,12,1,0.2609,0.2667,927.93,968.81,155.85,0.1680,0.1609,0.9578
bet04>=40,M2A,122602883,49,34,0.6939,11,0,0.2245,0.2245,277.31,277.31,44.57,0.1607,0.1607,1.0000
bet04>=40,M2A,95733114,44,32,0.7273,23,3,0.5227,0.5610,2905.53,3128.03,500.09,0.1721,0.1599,0.9289
bet04>=40,M2A,148999355,66,54,0.8182,13,3,0.1970,0.2063,599.79,665.15,105.83,0.1764,0.1591,0.9017
bet04>=40,M2A,152560562,36,23,0.6389,17,5,0.4722,0.5484,273.67,325.30,51.64,0.1887,0.1587,0.8413
bet04>=40,M2A,91651248,66,42,0.6364,21,3,0.3182,0.3333,482.36,529.37,83.70,0.1735,0.1581,0.9112
bet04>=40,M2A,148828651,53,36,0.6792,9,2,0.1698,0.1765,676.65,791.82,125.12,0.1849,0.1580,0.8545
bet04>=40,M2A,149049640,39,29,0.7436,20,3,0.5128,0.5556,204.17,217.26,34.29,0.1679,0.1578,0.9398
bet04>=40,M2A,123832660,46,30,0.6522,11,2,0.2391,0.2500,1827.90,2086.08,327.89,0.1794,0.1572,0.8762
bet04>=40,M2A,132496784,30,22,0.7333,9,1,0.3000,0.3103,1056.96,1320.80,206.97,0.1958,0.1567,0.8002
bet04>=40,M2A,150831918,35,22,0.6286,20,0,0.5714,0.5714,419.16,419.16,65.06,0.1552,0.1552,1.0000
bet04>=40,M2A,151458777,37,26,0.7027,16,1,0.4324,0.4444,102.86,110.58,17.10,0.1662,0.1547,0.9302
bet04>=40,M2A,151834130,33,33,1.0000,15,1,0.4545,0.4688,10983.30,11153.72,1719.50,0.1566,0.1542,0.9847
bet04>=40,M2A,153699377,36,25,0.6944,19,4,0.5278,0.5938,64.65,72.73,11.21,0.1734,0.1542,0.8889
bet04>=40,M2A,148527647,39,26,0.6667,14,5,0.3590,0.4118,366.73,467.79,71.79,0.1958,0.1535,0.7840
bet04>=40,M2A,148813685,30,18,0.6000,11,3,0.3667,0.4074,648.48,741.19,113.73,0.1754,0.1534,0.8749
bet04>=40,M2A,150744758,58,49,0.8448,11,1,0.1897,0.1930,2540.56,2665.18,408.04,0.1606,0.1531,0.9532
bet04>=40,M2A,143282468,65,42,0.6462,9,0,0.1385,0.1385,831.09,831.09,126.64,0.1524,0.1524,1.0000
bet04>=40,M2A,153479032,59,44,0.7458,15,3,0.2542,0.2679,675.65,737.61,112.44,0.1664,0.1524,0.9160
bet04>=40,M2A,148197653,41,35,0.8537,9,1,0.2195,0.2250,103.73,111.10,16.92,0.1631,0.1523,0.9336
bet04>=40,M2A,149760124,80,63,0.7875,40,10,0.5000,0.5714,980.78,1077.62,163.94,0.1672,0.1521,0.9101
bet04>=40,M2A,142352043,37,32,0.8649,11,2,0.2973,0.3143,72.92,75.03,11.41,0.1565,0.1521,0.9719
bet04>=40,M2A,147730700,41,35,0.8537,10,0,0.2439,0.2439,770.00,770.00,117.00,0.1519,0.1519,1.0000
bet04>=40,M2A,149882387,36,22,0.6111,16,5,0.4444,0.5161,2706.44,3168.57,479.59,0.1772,0.1514,0.8542
bet04>=40,M2A,148892526,44,33,0.7500,14,2,0.3182,0.3333,425.81,446.63,67.53,0.1586,0.1512,0.9534
bet04>=40,M2A,149137585,53,36,0.6792,22,3,0.4151,0.4400,761.07,824.32,124.39,0.1634,0.1509,0.9233
bet04>=40,M2A,147023831,48,38,0.7917,21,3,0.4375,0.4667,2543.36,2778.85,418.72,0.1646,0.1507,0.9153
bet04>=40,M2A,151132185,34,21,0.6176,13,2,0.3824,0.4063,375.96,415.43,62.31,0.1657,0.1500,0.9050
bet04>=40,M2A,151244038,75,46,0.6133,21,1,0.2800,0.2838,903.39,929.10,139.12,0.1540,0.1497,0.9723
bet04>=40,M2A,143891658,35,23,0.6571,8,3,0.2286,0.2500,549.77,769.04,115.08,0.2093,0.1496,0.7149
bet04>=40,M2A,129059621,42,30,0.7143,21,2,0.5000,0.5250,552.31,578.49,85.86,0.1555,0.1484,0.9548
bet04>=40,M2A,153214160,58,49,0.8448,15,2,0.2586,0.2679,300.45,316.80,46.91,0.1561,0.1481,0.9484
bet04>=40,M2A,153833072,41,30,0.7317,9,1,0.2195,0.2250,280.83,301.03,44.45,0.1583,0.1477,0.9329
bet04>=40,M2A,102840048,83,52,0.6265,19,1,0.2289,0.2317,874.67,916.22,135.13,0.1545,0.1475,0.9547
bet04>=40,M2A,145416764,36,22,0.6111,18,4,0.5000,0.5625,112.82,127.96,18.87,0.1672,0.1475,0.8817
bet04>=40,M2A,150957974,30,29,0.9667,5,1,0.1667,0.1724,2349.00,2599.00,382.50,0.1628,0.1472,0.9038
bet04>=40,M2A,153548747,38,25,0.6579,13,3,0.3421,0.3714,130.81,145.12,21.36,0.1633,0.1472,0.9014
bet04>=40,M2A,128499502,52,40,0.7692,29,3,0.5577,0.5918,280.25,297.30,43.56,0.1554,0.1465,0.9427
bet04>=40,M2A,152306940,39,30,0.7692,19,1,0.4872,0.5000,10327.11,10585.29,1549.07,0.1500,0.1463,0.9756
bet04>=40,M2A,151410510,104,73,0.7019,32,2,0.3077,0.3137,16796.87,17717.49,2589.04,0.1541,0.1461,0.9480
bet04>=40,M2A,150401330,35,21,0.6000,20,3,0.5714,0.6250,288.00,321.73,46.18,0.1604,0.1435,0.8952
bet04>=40,M2A,147189649,120,84,0.7000,26,3,0.2167,0.2222,684.27,721.27,103.26,0.1509,0.1432,0.9487
bet04>=40,M2A,137877499,54,33,0.6111,28,4,0.5185,0.5600,422.91,464.45,66.47,0.1572,0.1431,0.9106
bet04>=40,M2A,148273378,31,19,0.6129,7,3,0.2258,0.2500,272.23,376.93,53.66,0.1971,0.1424,0.7222
bet04>=40,M2A,116965669,78,47,0.6026,23,1,0.2949,0.2987,4737.69,4805.15,683.02,0.1442,0.1421,0.9860
bet04>=40,M2A,149951259,36,30,0.8333,13,2,0.3611,0.3824,251.15,271.91,38.56,0.1535,0.1418,0.9237
bet04>=40,M2A,148217703,38,26,0.6842,14,3,0.3684,0.4000,949.97,1146.04,162.38,0.1709,0.1417,0.8289
bet04>=40,M2A,153505381,57,57,1.0000,11,1,0.1930,0.1964,2611.88,2778.24,392.61,0.1503,0.1413,0.9401
bet04>=40,M2A,110914412,59,41,0.6949,14,4,0.2373,0.2545,2167.71,2441.43,344.62,0.1590,0.1412,0.8879
bet04>=40,M2A,148843179,31,23,0.7419,8,2,0.2581,0.2759,94.23,104.70,14.66,0.1556,0.1400,0.9000
bet04>=40,M2A,150280712,38,24,0.6316,22,0,0.5789,0.5789,120.23,120.23,16.80,0.1397,0.1397,1.0000
bet04>=40,M2A,144364610,40,28,0.7000,18,7,0.4500,0.5455,6194.46,8100.59,1127.72,0.1821,0.1392,0.7647
bet04>=40,M2A,125621286,58,35,0.6034,16,1,0.2759,0.2807,2159.20,2211.87,307.69,0.1425,0.1391,0.9762
bet04>=40,M2A,132422433,31,21,0.6774,13,0,0.4194,0.4194,20550.00,20550.00,2850.00,0.1387,0.1387,1.0000
bet04>=40,M2A,143611844,91,57,0.6264,32,1,0.3516,0.3556,1854.41,1860.13,257.17,0.1387,0.1383,0.9969
bet04>=40,M2A,147108867,46,36,0.7826,10,1,0.2174,0.2222,187.70,199.83,27.63,0.1472,0.1382,0.9393
bet04>=40,M2A,143155340,52,38,0.7308,20,1,0.3846,0.3922,857.57,896.83,123.80,0.1444,0.1380,0.9562
bet04>=40,M2A,151790038,31,28,0.9032,7,2,0.2258,0.2414,3524.20,3796.86,523.35,0.1485,0.1378,0.9282
bet04>=40,M2A,149577662,83,51,0.6145,25,4,0.3012,0.3165,10108.45,11483.58,1578.80,0.1562,0.1375,0.8803
bet04>=40,M2A,150297837,90,57,0.6333,41,14,0.4556,0.5395,959.20,1167.33,160.13,0.1669,0.1372,0.8217
bet04>=40,M2A,149395738,76,61,0.8026,16,3,0.2105,0.2192,518.52,580.53,79.33,0.1530,0.1366,0.8932
bet04>=40,M2A,149614224,37,24,0.6486,9,6,0.2432,0.2903,461.83,576.00,78.49,0.1699,0.1363,0.8018
bet04>=40,M2A,139002352,68,52,0.7647,32,5,0.4706,0.5079,545.07,592.46,80.58,0.1478,0.1360,0.9200
bet04>=40,M2A,135811296,144,100,0.6944,37,2,0.2569,0.2606,848.09,878.83,118.98,0.1403,0.1354,0.9650
bet04>=40,M2A,148975397,91,56,0.6154,34,9,0.3736,0.4146,630.13,687.09,93.00,0.1476,0.1354,0.9171
bet04>=40,M2A,150741398,73,49,0.6712,20,2,0.2740,0.2817,880.95,943.97,127.56,0.1448,0.1351,0.9332
bet04>=40,M2A,73491479,133,98,0.7368,51,9,0.3835,0.4113,2123.25,2289.89,308.61,0.1453,0.1348,0.9272
bet04>=40,M2A,139331954,53,32,0.6038,15,3,0.2830,0.3000,774.81,851.19,114.58,0.1479,0.1346,0.9103
bet04>=40,M2A,148083333,38,27,0.7105,19,4,0.5000,0.5588,303.59,339.43,45.64,0.1503,0.1345,0.8944
bet04>=40,M2A,113785936,73,68,0.9315,13,1,0.1781,0.1806,874.92,890.31,119.33,0.1364,0.1340,0.9827
bet04>=40,M2A,148459204,68,48,0.7059,16,0,0.2353,0.2353,9741.11,9741.11,1300.78,0.1335,0.1335,1.0000
bet04>=40,M2A,149230277,51,47,0.9216,30,3,0.5882,0.6250,408.34,434.52,57.98,0.1420,0.1334,0.9398
bet04>=40,M2A,153709452,36,22,0.6111,17,4,0.4722,0.5313,280.83,305.08,40.71,0.1450,0.1334,0.9205
bet04>=40,M2A,116958557,92,64,0.6957,17,3,0.1848,0.1910,577.66,649.34,85.81,0.1485,0.1321,0.8896
bet04>=40,M2A,117182731,114,71,0.6228,51,6,0.4474,0.4722,18099.21,19364.16,2550.97,0.1409,0.1317,0.9347
bet04>=40,M2A,152699853,34,21,0.6176,12,1,0.3529,0.3636,627.48,658.14,86.46,0.1378,0.1314,0.9534
bet04>=40,M2A,148747999,62,48,0.7742,15,4,0.2419,0.2586,4222.30,4978.68,653.08,0.1547,0.1312,0.8481
bet04>=40,M2A,133532128,85,61,0.7176,32,8,0.3765,0.4156,3381.77,3916.25,513.96,0.1520,0.1312,0.8635
bet04>=40,M2A,151766586,77,49,0.6364,24,4,0.3117,0.3288,7089.00,7929.00,1029.00,0.1452,0.1298,0.8941
bet04>=40,M2A,147627873,71,43,0.6056,9,0,0.1268,0.1268,222.33,222.33,28.69,0.1291,0.1291,1.0000
bet04>=40,M2A,153109101,47,29,0.6170,20,2,0.4255,0.4444,1158.44,1179.10,151.42,0.1307,0.1284,0.9825
bet04>=40,M2A,146736934,59,37,0.6271,27,9,0.4576,0.5400,1167.24,1356.98,174.16,0.1492,0.1283,0.8602
bet04>=40,M2A,139670890,32,22,0.6875,12,1,0.3750,0.3871,511.19,542.17,69.58,0.1361,0.1283,0.9429
bet04>=40,M2A,152791053,82,50,0.6098,42,7,0.5122,0.5600,1629.59,1726.92,220.52,0.1353,0.1277,0.9436
bet04>=40,M2A,115297530,70,55,0.7857,17,3,0.2429,0.2537,3430.42,3886.78,495.68,0.1445,0.1275,0.8826
bet04>=40,M2A,153746401,62,50,0.8065,33,3,0.5323,0.5593,647.27,680.66,86.82,0.1341,0.1275,0.9509
bet04>=40,M2A,136780524,30,18,0.6000,17,1,0.5667,0.5862,16266.78,17107.03,2176.66,0.1338,0.1272,0.9509
bet04>=40,M2A,150999919,61,51,0.8361,32,4,0.5246,0.5614,356.16,376.73,47.77,0.1341,0.1268,0.9454
bet04>=40,M2A,149642221,38,23,0.6053,19,5,0.5000,0.5758,86.26,99.26,12.59,0.1459,0.1268,0.8690
bet04>=40,M2A,120191848,154,108,0.7013,73,18,0.4740,0.5368,37928.66,41841.20,5287.24,0.1394,0.1264,0.9065
bet04>=40,M2A,152264217,43,26,0.6047,23,2,0.5349,0.5610,159.75,164.91,20.79,0.1301,0.1261,0.9688
bet04>=40,M2A,138009074,43,26,0.6047,25,1,0.5814,0.5952,172.72,175.30,22.07,0.1278,0.1259,0.9853
bet04>=40,M2A,149616267,62,39,0.6290,12,2,0.1935,0.2000,155.67,160.86,20.24,0.1300,0.1258,0.9677
bet04>=40,M2A,152347002,60,37,0.6167,26,0,0.4333,0.4333,4193.07,4193.07,524.88,0.1252,0.1252,1.0000
bet04>=40,M2A,150775241,33,20,0.6061,16,3,0.4848,0.5333,2003.01,2163.87,270.22,0.1349,0.1249,0.9257
bet04>=40,M2A,153152810,63,42,0.6667,9,2,0.1429,0.1475,930.79,1037.08,128.46,0.1380,0.1239,0.8975
bet04>=40,M2A,150258852,31,19,0.6129,9,2,0.2903,0.3103,301.71,334.88,41.42,0.1373,0.1237,0.9010
bet04>=40,M2A,150841373,79,63,0.7975,20,2,0.2532,0.2597,776.85,864.09,106.56,0.1372,0.1233,0.8990
bet04>=40,M2A,150886978,73,47,0.6438,35,9,0.4795,0.5469,6265.85,7297.55,898.81,0.1434,0.1232,0.8586
bet04>=40,M2A,151110088,42,29,0.6905,12,5,0.2857,0.3243,4320.46,5379.81,660.53,0.1529,0.1228,0.8031
bet04>=40,M2A,148161061,72,55,0.7639,26,5,0.3611,0.3881,3111.12,3536.78,431.23,0.1386,0.1219,0.8796
bet04>=40,M2A,149569333,40,25,0.6250,19,5,0.4750,0.5429,207282.05,237433.67,28867.16,0.1393,0.1216,0.8730
bet04>=40,M2A,150853880,81,49,0.6049,42,10,0.5185,0.5915,209.59,239.68,29.15,0.1391,0.1216,0.8745
bet04>=40,M2A,130582018,36,22,0.6111,9,0,0.2500,0.2500,165.57,165.57,20.05,0.1211,0.1211,1.0000
bet04>=40,M2A,148924159,253,158,0.6245,106,23,0.4190,0.4609,9264.72,10325.11,1244.58,0.1343,0.1205,0.8973
bet04>=40,M2A,153398589,36,23,0.6389,15,1,0.4167,0.4286,1305.61,1315.93,157.62,0.1207,0.1198,0.9922
bet04>=40,M2A,135085146,211,142,0.6730,104,18,0.4929,0.5389,145170.00,159040.00,18976.00,0.1307,0.1193,0.9128
bet04>=40,M2A,152181803,62,44,0.7097,11,5,0.1774,0.1930,1496.92,1761.09,209.68,0.1401,0.1191,0.8500
bet04>=40,M2A,147014062,30,22,0.7333,14,4,0.4667,0.5385,689.62,793.15,93.88,0.1361,0.1184,0.8695
bet04>=40,M2A,149796833,36,29,0.8056,14,1,0.3889,0.4000,396.97,422.92,50.08,0.1261,0.1184,0.9387
bet04>=40,M2A,151091275,43,35,0.8140,13,0,0.3023,0.3023,8460.00,8460.00,1000.00,0.1182,0.1182,1.0000
bet04>=40,M2A,149339448,43,26,0.6047,18,8,0.4186,0.5143,119.74,149.14,17.54,0.1465,0.1176,0.8028
bet04>=40,M2A,147071968,61,40,0.6557,15,3,0.2459,0.2586,1725.31,1905.50,223.77,0.1297,0.1174,0.9054
bet04>=40,M2A,150383300,43,27,0.6279,22,4,0.5116,0.5641,544.86,596.75,70.05,0.1286,0.1174,0.9130
bet04>=40,M2A,148358349,44,28,0.6364,21,3,0.4773,0.5122,1229.22,1330.52,155.97,0.1269,0.1172,0.9239
bet04>=40,M2A,148021542,32,21,0.6563,17,2,0.5313,0.5667,497.62,547.14,64.05,0.1287,0.1171,0.9095
bet04>=40,M2A,144733335,37,37,1.0000,8,0,0.2162,0.2162,433.29,433.29,50.59,0.1168,0.1168,1.0000
bet04>=40,M2A,150988311,37,29,0.7838,10,1,0.2703,0.2778,301.19,311.57,36.35,0.1207,0.1167,0.9667
bet04>=40,M2A,87483521,122,100,0.8197,37,6,0.3033,0.3190,31042.55,34449.06,4014.15,0.1293,0.1165,0.9011
bet04>=40,M2A,149309556,45,27,0.6000,18,9,0.4000,0.5000,897.84,1102.01,128.26,0.1429,0.1164,0.8147
bet04>=40,M2A,150326657,34,21,0.6176,4,2,0.1176,0.1250,242.20,274.76,31.76,0.1311,0.1156,0.8815
bet04>=40,M2A,151987561,36,22,0.6111,10,2,0.2778,0.2941,1427.21,1810.37,209.07,0.1465,0.1155,0.7884
bet04>=40,M2A,142782140,72,58,0.8056,21,2,0.2917,0.3000,1389.94,1468.47,168.44,0.1212,0.1147,0.9465
bet04>=40,M2A,88404414,33,23,0.6970,9,4,0.2727,0.3103,10735.15,13403.54,1535.57,0.1430,0.1146,0.8009
bet04>=40,M2A,98733474,61,39,0.6393,27,7,0.4426,0.5000,925.32,1057.66,121.16,0.1309,0.1146,0.8749
bet04>=40,M2A,148267538,129,79,0.6124,20,1,0.1550,0.1563,6065.23,6422.80,730.57,0.1205,0.1137,0.9443
bet04>=40,M2A,149243118,31,19,0.6129,14,3,0.4516,0.5000,2696.76,2869.78,325.13,0.1206,0.1133,0.9397
bet04>=40,M2A,107305610,34,21,0.6176,16,3,0.4706,0.5161,1233.93,1364.81,154.70,0.1254,0.1133,0.9041
bet04>=40,M2A,128855168,31,23,0.7419,6,1,0.1935,0.2000,441.48,480.21,54.22,0.1228,0.1129,0.9194
bet04>=40,M2A,151681300,59,43,0.7288,9,0,0.1525,0.1525,145.40,145.40,16.41,0.1129,0.1129,1.0000
bet04>=40,M2A,128793448,47,42,0.8936,10,2,0.2128,0.2222,115.53,123.94,13.86,0.1200,0.1119,0.9322
bet04>=40,M2A,153309317,39,29,0.7436,20,4,0.5128,0.5714,20336.84,22789.52,2543.64,0.1251,0.1116,0.8924
bet04>=40,M2A,148814629,105,87,0.8286,28,5,0.2667,0.2800,887.36,978.98,108.24,0.1220,0.1106,0.9064
bet04>=40,M2A,104768142,43,34,0.7907,10,0,0.2326,0.2326,481.29,481.29,53.25,0.1106,0.1106,1.0000
bet04>=40,M2A,143243381,47,34,0.7234,16,3,0.3404,0.3636,1670.41,1825.32,201.77,0.1208,0.1105,0.9151
bet04>=40,M2A,143127727,39,39,1.0000,7,1,0.1795,0.1842,534.53,587.20,64.51,0.1207,0.1099,0.9103
bet04>=40,M2A,149079680,106,68,0.6415,37,5,0.3491,0.3663,739.89,805.30,88.19,0.1192,0.1095,0.9188
bet04>=40,M2A,136537675,33,21,0.6364,17,3,0.5152,0.5667,91.39,99.70,10.91,0.1193,0.1094,0.9167
bet04>=40,M2A,150313903,44,30,0.6818,22,1,0.5000,0.5116,501.84,512.34,55.77,0.1111,0.1089,0.9795
bet04>=40,M2A,137854453,140,119,0.8500,29,5,0.2071,0.2148,755.72,842.62,91.63,0.1213,0.1088,0.8969
bet04>=40,M2A,123029882,52,35,0.6731,15,2,0.2885,0.3000,584.39,626.40,67.85,0.1161,0.1083,0.9329
bet04>=40,M2A,145079989,45,29,0.6444,24,2,0.5333,0.5581,408.69,421.34,45.22,0.1107,0.1073,0.9700
bet04>=40,M2A,151321845,82,51,0.6220,28,4,0.3415,0.3590,52029.01,57036.78,6087.90,0.1170,0.1067,0.9122
bet04>=40,M2A,148512585,47,31,0.6596,17,4,0.3617,0.3953,5752.45,7282.13,774.53,0.1346,0.1064,0.7899
bet04>=40,M2A,143033241,35,22,0.6286,15,4,0.4286,0.4839,758.61,822.90,87.43,0.1153,0.1063,0.9219
bet04>=40,M2A,23608495,63,51,0.8095,24,4,0.3810,0.4068,1585.05,1779.63,189.00,0.1192,0.1062,0.8907
bet04>=40,M2A,145421337,109,82,0.7523,19,2,0.1743,0.1776,3077.41,3295.87,347.65,0.1130,0.1055,0.9337
bet04>=40,M2A,114980427,56,38,0.6786,12,1,0.2143,0.2182,1689.89,1790.72,188.50,0.1115,0.1053,0.9437
bet04>=40,M2A,151547963,44,30,0.6818,21,7,0.4773,0.5676,6187.82,7268.97,762.31,0.1232,0.1049,0.8513
bet04>=40,M2A,148511801,98,73,0.7449,22,4,0.2245,0.2340,2812.39,3044.72,317.82,0.1130,0.1044,0.9237
bet04>=40,M2A,151863298,31,22,0.7097,13,3,0.4194,0.4643,383.16,434.59,45.00,0.1174,0.1036,0.8817
bet04>=40,M2A,152784371,63,45,0.7143,20,4,0.3175,0.3390,302.33,334.34,34.63,0.1146,0.1036,0.9042
bet04>=40,M2A,146143661,40,28,0.7000,21,5,0.5250,0.6000,5728.03,6489.06,668.81,0.1168,0.1031,0.8827
bet04>=40,M2A,148034505,32,20,0.6250,15,5,0.4688,0.5556,1433.12,1710.59,176.42,0.1231,0.1031,0.8378
bet04>=40,M2A,150416668,85,51,0.6000,20,3,0.2353,0.2439,2606.66,2720.09,277.70,0.1065,0.1021,0.9583
bet04>=40,M2A,146117892,37,23,0.6216,16,3,0.4324,0.4706,158.09,166.52,16.90,0.1069,0.1015,0.9494
bet04>=40,M2A,117744669,178,117,0.6573,27,2,0.1517,0.1534,281.28,303.79,30.80,0.1095,0.1014,0.9259
bet04>=40,M2A,152184772,43,33,0.7674,13,3,0.3023,0.3250,232.46,271.29,27.45,0.1181,0.1012,0.8569
bet04>=40,M2A,148269849,60,56,0.9333,14,2,0.2333,0.2414,2800.83,2984.06,301.42,0.1076,0.1010,0.9386
bet04>=40,M2A,148292604,42,31,0.7381,12,1,0.2857,0.2927,235.06,237.68,23.95,0.1019,0.1008,0.9890
bet04>=40,M2A,150741878,109,70,0.6422,17,1,0.1560,0.1574,402.48,410.88,41.38,0.1028,0.1007,0.9796
bet04>=40,M2A,151706092,48,41,0.8542,9,2,0.1875,0.1957,241.73,267.44,26.87,0.1112,0.1005,0.9038
bet04>=40,M2A,147658580,117,85,0.7265,24,5,0.2051,0.2143,1725.67,1978.66,198.52,0.1150,0.1003,0.8721
bet04>=40,M2A,137025278,52,37,0.7115,15,3,0.2885,0.3061,5564.60,6482.72,646.32,0.1161,0.0997,0.8584
bet04>=40,M2A,151993039,56,40,0.7143,29,6,0.5179,0.5800,37414.30,41950.52,4173.63,0.1116,0.0995,0.8919
bet04>=40,M2A,123370775,52,39,0.7500,13,1,0.2500,0.2549,1265.18,1408.25,140.11,0.1107,0.0995,0.8984
bet04>=40,M2A,147801130,52,35,0.6731,19,4,0.3654,0.3958,413.31,452.78,44.99,0.1088,0.0994,0.9128
bet04>=40,M2A,150769402,46,28,0.6087,22,3,0.4783,0.5116,561.08,611.49,60.73,0.1082,0.0993,0.9176
bet04>=40,M2A,148293951,35,24,0.6857,17,2,0.4857,0.5152,149.20,154.44,15.31,0.1026,0.0992,0.9661
bet04>=40,M2A,148255297,39,38,0.9744,15,4,0.3846,0.4286,1093.83,1266.59,125.52,0.1148,0.0991,0.8636
bet04>=40,M2A,150002305,35,31,0.8857,8,2,0.2286,0.2424,1157.18,1286.91,126.87,0.1096,0.0986,0.8992
bet04>=40,M2A,150585490,39,24,0.6154,18,3,0.4615,0.5000,377.99,440.26,43.11,0.1140,0.0979,0.8586
bet04>=40,M2A,152335715,42,26,0.6190,20,2,0.4762,0.5000,227.41,242.57,23.59,0.1037,0.0973,0.9375
bet04>=40,M2A,151620385,44,36,0.8182,11,2,0.2500,0.2619,285.46,316.32,30.45,0.1067,0.0963,0.9024
bet04>=40,M2A,149294991,32,26,0.8125,18,3,0.5625,0.6207,269.85,295.15,28.36,0.1051,0.0961,0.9143
bet04>=40,M2A,150941179,34,24,0.7059,18,2,0.5294,0.5625,810.09,851.63,81.63,0.1008,0.0959,0.9512
bet04>=40,M2A,32528909,192,122,0.6354,98,15,0.5104,0.5537,11307.67,12451.41,1191.96,0.1054,0.0957,0.9081
bet04>=40,M2A,153004541,59,41,0.6949,7,0,0.1186,0.1186,271.09,271.09,25.82,0.0952,0.0952,1.0000
bet04>=40,M2A,134899952,64,44,0.6875,33,3,0.5156,0.5410,613.17,642.40,60.63,0.0989,0.0944,0.9545
bet04>=40,M2A,121288391,526,358,0.6806,106,20,0.2015,0.2095,239735.85,266057.51,25032.38,0.1044,0.0941,0.9011
bet04>=40,M2A,149715944,105,68,0.6476,43,13,0.4095,0.4674,2057.76,2374.29,223.43,0.1086,0.0941,0.8667
bet04>=40,M2A,146289655,34,22,0.6471,12,1,0.3529,0.3636,2443.14,2520.59,234.30,0.0959,0.0930,0.9693
bet04>=40,M2A,146741529,32,20,0.6250,10,5,0.3125,0.3704,971.69,1161.43,106.29,0.1094,0.0915,0.8366
bet04>=40,M2A,141199088,41,26,0.6341,20,6,0.4878,0.5714,62.39,97.05,8.88,0.1423,0.0915,0.6429
bet04>=40,M2A,143845592,63,39,0.6190,14,4,0.2222,0.2373,705.46,809.25,73.44,0.1041,0.0908,0.8718
bet04>=40,M2A,147782252,53,34,0.6415,23,7,0.4340,0.5000,567.30,692.94,62.47,0.1101,0.0901,0.8187
bet04>=40,M2A,152132776,38,23,0.6053,18,4,0.4737,0.5294,247.18,269.95,24.29,0.0983,0.0900,0.9156
bet04>=40,M2A,144789241,38,29,0.7632,9,1,0.2368,0.2432,1507.43,1558.86,140.17,0.0930,0.0899,0.9670
bet04>=40,M2A,148481837,101,63,0.6238,18,3,0.1782,0.1837,1772.90,1962.15,175.64,0.0991,0.0895,0.9035
bet04>=40,M2A,141201137,95,57,0.6000,39,5,0.4105,0.4333,7759.00,8127.00,726.60,0.0936,0.0894,0.9547
bet04>=40,M2A,149993493,303,228,0.7525,55,6,0.1815,0.1852,1801.91,1906.94,170.57,0.0947,0.0894,0.9449
bet04>=40,M2A,144982233,43,29,0.6744,9,2,0.2093,0.2195,223.59,258.04,23.02,0.1030,0.0892,0.8665
bet04>=40,M2A,148671244,63,44,0.6984,20,0,0.3175,0.3175,8200.93,8593.57,764.34,0.0932,0.0889,0.9543
bet04>=40,M2A,149620999,36,23,0.6389,17,2,0.4722,0.5000,965.18,1055.99,93.92,0.0973,0.0889,0.9140
bet04>=40,M2A,148930880,36,28,0.7778,12,2,0.3333,0.3529,199.23,211.88,18.76,0.0942,0.0886,0.9403
bet04>=40,M2A,148533820,32,22,0.6875,13,2,0.4063,0.4333,256.00,298.01,26.14,0.1021,0.0877,0.8590
bet04>=40,M2A,129609806,95,76,0.8000,37,8,0.3895,0.4253,2636.00,2910.91,254.29,0.0965,0.0874,0.9056
bet04>=40,M2A,153784829,34,22,0.6471,17,4,0.5000,0.5667,526.10,597.83,52.27,0.0993,0.0874,0.8800
bet04>=40,M2A,143877080,31,30,0.9677,7,2,0.2258,0.2414,230.35,269.61,23.56,0.1023,0.0874,0.8544
bet04>=40,M2A,153584223,46,32,0.6957,8,2,0.1739,0.1818,404.69,461.92,40.26,0.0995,0.0872,0.8761
bet04>=40,M2A,153374750,32,24,0.7500,16,1,0.5000,0.5161,5323.63,5439.81,471.95,0.0887,0.0868,0.9786
bet04>=40,M2A,151971398,64,45,0.7031,16,3,0.2500,0.2623,456.35,477.12,41.22,0.0903,0.0864,0.9565
bet04>=40,M2A,143067845,44,27,0.6136,9,0,0.2045,0.2045,620.69,620.69,53.45,0.0861,0.0861,1.0000
bet04>=40,M2A,148551897,123,80,0.6504,36,7,0.2927,0.3103,610.10,671.74,57.60,0.0944,0.0857,0.9082
bet04>=40,M2A,150178712,60,36,0.6000,15,0,0.2500,0.2500,3095.00,3095.00,265.05,0.0856,0.0856,1.0000
bet04>=40,M2A,151985754,44,29,0.6591,17,1,0.3864,0.3953,6460.00,7160.00,611.50,0.0947,0.0854,0.9022
bet04>=40,M2A,149093089,42,27,0.6429,17,5,0.4048,0.4595,5400.10,6420.96,547.08,0.1013,0.0852,0.8410
bet04>=40,M2A,153216414,31,19,0.6129,14,0,0.4516,0.4516,273.68,273.68,23.23,0.0849,0.0849,1.0000
bet04>=40,M2A,148428995,98,63,0.6429,18,4,0.1837,0.1915,748.07,880.92,74.70,0.0999,0.0848,0.8492
bet04>=40,M2A,152903919,613,376,0.6134,233,60,0.3801,0.4213,1259.04,1788.42,151.44,0.1203,0.0847,0.7040
bet04>=40,M2A,148533692,109,74,0.6789,35,2,0.3211,0.3271,997.62,1031.35,87.39,0.0876,0.0847,0.9673
bet04>=40,M2A,151397023,38,33,0.8684,14,1,0.3684,0.3784,1247.95,1293.65,109.17,0.0875,0.0844,0.9647
bet04>=40,M2A,131767174,54,34,0.6296,26,4,0.4815,0.5200,2023.15,2152.21,181.39,0.0897,0.0843,0.9400
bet04>=40,M2A,150783884,36,30,0.8333,20,0,0.5556,0.5556,541.69,541.69,45.60,0.0842,0.0842,1.0000
bet04>=40,M2A,73412375,33,30,0.9091,7,1,0.2121,0.2188,290.19,303.35,25.52,0.0879,0.0841,0.9566
bet04>=40,M2A,147873597,46,28,0.6087,12,4,0.2609,0.2857,9287.20,10735.45,901.60,0.0971,0.0840,0.8651
bet04>=40,M2A,148191791,43,30,0.6977,19,5,0.4419,0.5000,158.63,178.78,15.02,0.0947,0.0840,0.8873
bet04>=40,M2A,136866525,35,35,1.0000,12,3,0.3429,0.3750,920.24,1004.74,84.11,0.0914,0.0837,0.9159
bet04>=40,M2A,8708407,46,28,0.6087,23,5,0.5000,0.5610,410.00,460.00,38.50,0.0939,0.0837,0.8913
bet04>=40,M2A,149935033,36,26,0.7222,11,2,0.3056,0.3235,189.90,204.60,17.02,0.0896,0.0832,0.9281
bet04>=40,M2A,113863792,71,43,0.6056,32,8,0.4507,0.5079,4219.22,4880.92,403.98,0.0957,0.0828,0.8644
bet04>=40,M2A,149543267,84,76,0.9048,11,3,0.1310,0.1358,358.79,421.80,34.81,0.0970,0.0825,0.8506
bet04>=40,M2A,150289330,39,27,0.6923,19,7,0.4872,0.5938,129.73,158.27,12.97,0.1000,0.0820,0.8197
bet04>=40,M2A,58619350,184,134,0.7283,38,2,0.2065,0.2088,37470.00,38970.00,3175.00,0.0847,0.0815,0.9615
bet04>=40,M2A,128838357,91,60,0.6593,21,4,0.2308,0.2414,324.06,347.09,28.27,0.0872,0.0814,0.9336
bet04>=40,M2A,150852073,84,53,0.6310,18,2,0.2143,0.2195,225.06,241.16,19.63,0.0872,0.0814,0.9332
bet04>=40,M2A,153180356,43,34,0.7907,11,3,0.2558,0.2750,262.31,305.68,24.84,0.0947,0.0813,0.8581
bet04>=40,M2A,136018133,68,43,0.6324,25,1,0.3676,0.3731,383.40,387.01,31.43,0.0820,0.0812,0.9907
bet04>=40,M2A,151644046,33,23,0.6970,12,2,0.3636,0.3871,180.71,193.17,15.68,0.0868,0.0812,0.9355
bet04>=40,M2A,148174477,110,81,0.7364,18,2,0.1636,0.1667,575.99,601.18,48.58,0.0843,0.0808,0.9581
bet04>=40,M2A,146101502,57,38,0.6667,17,3,0.2982,0.3148,2850.56,3080.91,248.15,0.0871,0.0805,0.9252
bet04>=40,M2A,146582935,62,38,0.6129,13,1,0.2097,0.2131,10268.83,10661.47,857.66,0.0835,0.0804,0.9632
bet04>=40,M2A,150513144,108,66,0.6111,18,3,0.1667,0.1714,134.23,146.20,11.70,0.0872,0.0800,0.9181
bet04>=40,M2A,150222414,33,21,0.6364,17,2,0.5152,0.5484,80.43,85.62,6.75,0.0839,0.0788,0.9394
bet04>=40,M2A,148826368,55,33,0.6000,20,1,0.3636,0.3704,282.08,288.41,22.66,0.0803,0.0786,0.9781
bet04>=40,M2A,134914792,31,19,0.6129,19,2,0.6129,0.6552,274.07,291.99,22.87,0.0835,0.0783,0.9386
bet04>=40,M2A,153309825,39,34,0.8718,7,1,0.1795,0.1842,267.75,277.97,21.56,0.0805,0.0776,0.9632
bet04>=40,M2A,143614797,58,35,0.6034,12,3,0.2069,0.2182,257.27,275.27,21.19,0.0824,0.0770,0.9346
bet04>=40,M2A,120229999,46,32,0.6957,24,3,0.5217,0.5581,196.03,208.20,16.03,0.0818,0.0770,0.9415
bet04>=40,M2A,149055645,35,27,0.7714,16,4,0.4571,0.5161,214.64,243.44,18.58,0.0866,0.0763,0.8817
bet04>=40,M2A,153227827,46,32,0.6957,21,4,0.4565,0.5000,42.92,141.03,10.63,0.2476,0.0754,0.3043
bet04>=40,M2A,152055211,35,28,0.8000,7,3,0.2000,0.2188,200.58,264.87,19.93,0.0994,0.0752,0.7573
bet04>=40,M2A,148925600,55,55,1.0000,7,0,0.1273,0.1273,2520.74,2520.74,188.47,0.0748,0.0748,1.0000
bet04>=40,M2A,153573248,266,202,0.7594,58,9,0.2180,0.2257,752.25,833.02,62.22,0.0827,0.0747,0.9030
bet04>=40,M2A,152842154,37,26,0.7027,12,8,0.3243,0.4138,493.12,707.41,52.54,0.1065,0.0743,0.6971
bet04>=40,M2A,121111348,121,91,0.7521,30,5,0.2479,0.2586,437.25,462.48,34.20,0.0782,0.0739,0.9454
bet04>=40,M2A,152801644,37,29,0.7838,9,1,0.2432,0.2500,421.04,433.31,31.48,0.0748,0.0726,0.9717
bet04>=40,M2A,147792985,193,118,0.6114,62,14,0.3212,0.3464,1453.69,1628.44,117.23,0.0806,0.0720,0.8927
bet04>=40,M2A,148799309,34,30,0.8824,3,0,0.0882,0.0882,1250.00,1250.00,90.00,0.0720,0.0720,1.0000
bet04>=40,M2A,143493338,42,27,0.6429,19,2,0.4524,0.4750,329.25,348.71,25.12,0.0763,0.0720,0.9442
bet04>=40,M2A,110731003,44,27,0.6136,17,3,0.3864,0.4146,1201.26,1290.36,92.70,0.0772,0.0718,0.9310
bet04>=40,M2A,149840631,40,25,0.6250,20,3,0.5000,0.5405,185.27,204.18,14.47,0.0781,0.0709,0.9074
bet04>=40,M2A,130469964,120,78,0.6500,43,5,0.3583,0.3739,2222.12,2360.24,165.60,0.0745,0.0702,0.9415
bet04>=40,M2A,152662640,37,25,0.6757,17,5,0.4595,0.5313,756.72,897.68,63.00,0.0832,0.0702,0.8430
bet04>=40,M2A,145592498,32,23,0.7188,13,2,0.4063,0.4333,504.67,554.40,38.88,0.0770,0.0701,0.9103
bet04>=40,M2A,91948977,31,26,0.8387,7,1,0.2258,0.2333,3158.36,3239.56,226.53,0.0717,0.0699,0.9749
bet04>=40,M2A,63594151,41,25,0.6098,18,4,0.4390,0.4865,1214.38,1406.95,97.91,0.0806,0.0696,0.8631
bet04>=40,M2A,152834499,64,41,0.6406,12,3,0.1875,0.1967,1685.90,1879.53,130.64,0.0775,0.0695,0.8970
bet04>=40,M2A,131703667,391,241,0.6164,68,6,0.1739,0.1766,22484.25,23199.39,1609.91,0.0716,0.0694,0.9692
bet04>=40,M2A,147658444,73,52,0.7123,36,7,0.4932,0.5455,4164.75,4512.77,313.13,0.0752,0.0694,0.9229
bet04>=40,M2A,147117739,40,31,0.7750,12,3,0.3000,0.3243,3487.10,3876.29,268.54,0.0770,0.0693,0.8996
bet04>=40,M2A,151773917,81,49,0.6049,28,7,0.3457,0.3784,6102.01,6839.76,472.45,0.0774,0.0691,0.8921
bet04>=40,M2A,95234669,84,51,0.6071,34,5,0.4048,0.4304,296594.41,318110.26,21918.65,0.0739,0.0689,0.9324
bet04>=40,M2A,148053153,35,29,0.8286,13,3,0.3714,0.4063,200.25,218.57,15.06,0.0752,0.0689,0.9162
bet04>=40,M2A,139875590,33,21,0.6364,18,1,0.5455,0.5625,3383.94,3487.21,239.63,0.0708,0.0687,0.9704
bet04>=40,M2A,151765442,41,25,0.6098,15,3,0.3659,0.3947,145.40,157.86,10.80,0.0743,0.0684,0.9211
bet04>=40,M2A,148041858,286,185,0.6469,104,24,0.3636,0.3969,8714.11,9507.52,649.52,0.0745,0.0683,0.9165
bet04>=40,M2A,149093944,115,73,0.6348,29,6,0.2522,0.2661,1249.12,1395.70,95.28,0.0763,0.0683,0.8950
bet04>=40,M2A,149834964,33,21,0.6364,8,1,0.2424,0.2500,1432.20,1523.01,103.78,0.0725,0.0681,0.9404
bet04>=40,M2A,73087552,45,30,0.6667,18,3,0.4000,0.4286,7589.00,7873.00,532.15,0.0701,0.0676,0.9639
bet04>=40,M2A,153866950,46,33,0.7174,7,2,0.1522,0.1591,713.59,855.02,57.68,0.0808,0.0675,0.8346
bet04>=40,M2A,150072799,45,29,0.6444,17,7,0.3778,0.4474,2480.41,3001.92,201.21,0.0811,0.0670,0.8263
bet04>=40,M2A,153178701,56,43,0.7679,12,3,0.2143,0.2264,2340.00,2690.00,179.50,0.0767,0.0667,0.8699
bet04>=40,M2A,151463077,710,435,0.6127,343,57,0.4831,0.5253,32965.00,36455.00,2427.50,0.0736,0.0666,0.9043
bet04>=40,M2A,147720264,37,28,0.7568,17,4,0.4595,0.5152,539.22,583.24,38.52,0.0714,0.0660,0.9245
bet04>=40,M2A,149650406,34,21,0.6176,8,0,0.2353,0.2353,1117.48,1117.48,72.91,0.0652,0.0652,1.0000
bet04>=40,M2A,152349717,72,44,0.6111,32,5,0.4444,0.4776,195.70,208.61,13.55,0.0693,0.0650,0.9381
bet04>=40,M2A,149398546,158,116,0.7342,22,6,0.1392,0.1447,734.26,887.34,57.60,0.0784,0.0649,0.8275
bet04>=40,M2A,145490452,63,42,0.6667,29,3,0.4603,0.4833,367.31,387.57,24.98,0.0680,0.0645,0.9477
bet04>=40,M2A,129995256,166,100,0.6024,48,11,0.2892,0.3097,235.74,263.51,16.96,0.0719,0.0644,0.8946
bet04>=40,M2A,149146528,44,29,0.6591,15,2,0.3409,0.3571,227.73,251.29,16.18,0.0710,0.0644,0.9063
bet04>=40,M2A,81576076,43,37,0.8605,5,1,0.1163,0.1190,117.63,128.14,8.19,0.0696,0.0639,0.9180
bet04>=40,M2A,148133190,320,201,0.6281,113,20,0.3531,0.3767,5880.78,6404.42,408.69,0.0695,0.0638,0.9182
bet04>=40,M2A,109586289,36,24,0.6667,12,1,0.3333,0.3429,1116.08,1149.09,73.37,0.0657,0.0638,0.9713
bet04>=40,M2A,150505362,41,33,0.8049,12,6,0.2927,0.3429,350.80,449.53,28.67,0.0817,0.0638,0.7804
bet04>=40,M2A,149023703,34,26,0.7647,7,3,0.2059,0.2258,243.44,274.85,17.54,0.0720,0.0638,0.8857
bet04>=40,M2A,146091574,36,28,0.7778,12,2,0.3333,0.3529,173.86,188.17,11.95,0.0688,0.0635,0.9240
bet04>=40,M2A,139440831,478,292,0.6109,223,52,0.4665,0.5235,6502.88,7176.14,452.54,0.0696,0.0631,0.9062
bet04>=40,M2A,152037575,640,402,0.6281,306,54,0.4781,0.5222,122301.19,137313.07,8633.87,0.0706,0.0629,0.8907
bet04>=40,M2A,148220661,79,54,0.6835,17,3,0.2152,0.2237,308.88,340.29,21.33,0.0691,0.0627,0.9077
bet04>=40,M2A,152341192,38,30,0.7895,18,4,0.4737,0.5294,697.99,783.84,48.95,0.0701,0.0625,0.8905
bet04>=40,M2A,112293458,39,24,0.6154,18,2,0.4615,0.4865,255.60,289.16,18.07,0.0707,0.0625,0.8839
bet04>=40,M2A,148696310,33,28,0.8485,15,2,0.4545,0.4839,654.40,680.57,42.41,0.0648,0.0623,0.9615
bet04>=40,M2A,126654582,33,21,0.6364,14,6,0.4242,0.5185,712.73,861.66,53.44,0.0750,0.0620,0.8272
bet04>=40,M2A,115298309,226,182,0.8053,109,23,0.4823,0.5369,206495.76,226177.84,13972.03,0.0677,0.0618,0.9130
bet04>=40,M2A,149239464,38,23,0.6053,14,3,0.3684,0.4000,527.27,590.52,36.16,0.0686,0.0612,0.8929
bet04>=40,M2A,139593762,38,29,0.7632,16,3,0.4211,0.4571,3961.08,4250.73,258.58,0.0653,0.0608,0.9319
bet04>=40,M2A,149482803,121,76,0.6281,28,2,0.2314,0.2353,6679.97,6974.06,423.48,0.0634,0.0607,0.9578
bet04>=40,M2A,149745085,35,23,0.6571,12,4,0.3429,0.3871,139.33,157.49,9.47,0.0680,0.0601,0.8847
bet04>=40,M2A,139356528,90,58,0.6444,42,10,0.4667,0.5250,614.91,692.75,41.38,0.0673,0.0597,0.8876
bet04>=40,M2A,152632347,52,34,0.6538,25,6,0.4808,0.5435,593.81,671.26,40.02,0.0674,0.0596,0.8846
bet04>=40,M2A,148200662,44,31,0.7045,19,5,0.4318,0.4872,400.25,449.68,26.78,0.0669,0.0595,0.8901
bet04>=40,M2A,149112514,402,249,0.6194,142,28,0.3532,0.3797,15046.95,16497.89,977.88,0.0650,0.0593,0.9121
bet04>=40,M2A,149281581,91,61,0.6703,27,5,0.2967,0.3140,851.02,954.32,56.60,0.0665,0.0593,0.8918
bet04>=40,M2A,151542365,55,38,0.6909,20,5,0.3636,0.4000,3562.65,4068.92,239.97,0.0674,0.0590,0.8756
bet04>=40,M2A,149722885,37,29,0.7838,9,2,0.2432,0.2571,600.78,680.60,39.91,0.0664,0.0586,0.8827
bet04>=40,M2A,148959370,56,55,0.9821,6,0,0.1071,0.1071,639.03,639.03,37.35,0.0585,0.0585,1.0000
bet04>=40,M2A,151230661,41,26,0.6341,13,0,0.3171,0.3171,3531.15,3531.15,204.08,0.0578,0.0578,1.0000
bet04>=40,M2A,151061407,47,40,0.8511,6,2,0.1277,0.1333,120.89,136.47,7.89,0.0653,0.0578,0.8858
bet04>=40,M2A,122840378,33,23,0.6970,16,6,0.4848,0.5926,183.34,238.44,13.73,0.0749,0.0576,0.7689
bet04>=40,M2A,76395763,58,47,0.8103,26,6,0.4483,0.5000,247.19,281.54,16.19,0.0655,0.0575,0.8780
bet04>=40,M2A,148543886,34,24,0.7059,8,0,0.2353,0.2353,544.86,544.86,31.26,0.0574,0.0574,1.0000
bet04>=40,M2A,148819159,99,72,0.7273,17,4,0.1717,0.1789,759.67,801.63,45.91,0.0604,0.0573,0.9477
bet04>=40,M2A,115691706,36,24,0.6667,15,4,0.4167,0.4688,1985.77,2136.25,122.05,0.0615,0.0571,0.9296
bet04>=40,M2A,149762890,37,24,0.6486,13,0,0.3514,0.3514,325.55,325.55,18.35,0.0564,0.0564,1.0000
bet04>=40,M2A,153545663,67,47,0.7015,11,3,0.1642,0.1719,250.99,275.52,15.53,0.0619,0.0564,0.9110
bet04>=40,M2A,152018731,60,44,0.7333,30,4,0.5000,0.5357,601.33,628.34,35.16,0.0585,0.0560,0.9570
bet04>=40,M2A,113956036,161,129,0.8012,23,2,0.1429,0.1447,8049.98,8308.16,462.14,0.0574,0.0556,0.9689
bet04>=40,M2A,152001810,37,28,0.7568,12,1,0.3243,0.3333,744.03,806.35,44.82,0.0602,0.0556,0.9227
bet04>=40,M2A,113638848,194,140,0.7216,89,12,0.4588,0.4890,2802.41,3018.57,165.28,0.0590,0.0548,0.9284
bet04>=40,M2A,118851248,32,32,1.0000,8,0,0.2500,0.2500,2075.75,2075.75,112.95,0.0544,0.0544,1.0000
bet04>=40,M2A,150495640,33,29,0.8788,15,0,0.4545,0.4545,2071.14,2071.14,112.03,0.0541,0.0541,1.0000
bet04>=40,M2A,140838650,31,26,0.8387,15,3,0.4839,0.5357,231.70,268.67,14.54,0.0627,0.0541,0.8624
bet04>=40,M2A,147986296,85,66,0.7765,18,0,0.2118,0.2118,927.27,927.27,50.10,0.0540,0.0540,1.0000
bet04>=40,M2A,137313106,42,28,0.6667,13,4,0.3095,0.3421,396.35,489.11,26.35,0.0665,0.0539,0.8103
bet04>=40,M2A,151835841,176,132,0.7500,60,8,0.3409,0.3571,16016.32,17562.54,942.80,0.0589,0.0537,0.9120
bet04>=40,M2A,142397868,77,48,0.6234,16,2,0.2078,0.2133,1163.62,1246.70,66.88,0.0575,0.0536,0.9334
bet04>=40,M2A,147232611,378,239,0.6323,177,37,0.4683,0.5191,12357.22,13638.40,727.09,0.0588,0.0533,0.9061
bet04>=40,M2A,132956733,43,27,0.6279,13,0,0.3023,0.3023,100.53,100.53,5.33,0.0530,0.0530,1.0000
bet04>=40,M2A,72502658,104,79,0.7596,48,7,0.4615,0.4948,2707.50,2888.68,152.09,0.0562,0.0526,0.9373
bet04>=40,M2A,147714759,63,45,0.7143,22,3,0.3492,0.3667,4076.72,4613.74,241.44,0.0592,0.0523,0.8836
bet04>=40,M2A,152660700,39,32,0.8205,9,0,0.2308,0.2308,1015.82,1015.82,53.14,0.0523,0.0523,1.0000
bet04>=40,M2A,145479911,86,54,0.6279,34,6,0.3953,0.4250,1077.67,1151.28,59.71,0.0554,0.0519,0.9361
bet04>=40,M2A,148345153,80,61,0.7625,19,3,0.2375,0.2468,14030.32,15466.03,799.55,0.0570,0.0517,0.9072
bet04>=40,M2A,110609775,140,92,0.6571,66,10,0.4714,0.5077,3105.92,3335.55,171.98,0.0554,0.0516,0.9312
bet04>=40,M2A,150233019,32,22,0.6875,15,4,0.4688,0.5357,1104.97,1262.83,65.11,0.0589,0.0516,0.8750
bet04>=40,M2A,149624355,41,28,0.6829,6,1,0.1463,0.1500,411.72,442.18,22.62,0.0549,0.0512,0.9311
bet04>=40,M2A,153032252,435,268,0.6161,208,41,0.4782,0.5279,21904.36,24963.70,1268.90,0.0579,0.0508,0.8774
bet04>=40,M2A,109591049,81,50,0.6173,38,10,0.4691,0.5352,3621.02,4051.68,205.34,0.0567,0.0507,0.8937
bet04>=40,M2A,115712810,90,57,0.6333,34,5,0.3778,0.4000,793.56,842.98,42.78,0.0539,0.0507,0.9414
bet04>=40,M2A,150806262,47,36,0.7660,13,3,0.2766,0.2955,210.16,236.11,11.94,0.0568,0.0505,0.8901
bet04>=40,M2A,144771772,49,37,0.7551,16,4,0.3265,0.3556,1809.05,1971.70,98.37,0.0544,0.0499,0.9175
bet04>=40,M2A,147697725,49,39,0.7959,13,3,0.2653,0.2826,360.22,412.88,20.51,0.0569,0.0497,0.8724
bet04>=40,M2A,128232521,58,41,0.7069,8,2,0.1379,0.1429,483.97,529.67,26.17,0.0541,0.0494,0.9137
bet04>=40,M2A,132899003,710,451,0.6352,347,55,0.4887,0.5298,14145.79,15425.24,759.25,0.0537,0.0492,0.9171
bet04>=40,M2A,151209702,39,31,0.7949,9,0,0.2308,0.2308,1130.00,1130.00,55.60,0.0492,0.0492,1.0000
bet04>=40,M2A,152519821,36,24,0.6667,16,5,0.4444,0.5161,172.98,198.80,9.55,0.0552,0.0481,0.8701
bet04>=40,M2A,52034263,101,61,0.6040,44,9,0.4356,0.4783,2299.28,2407.67,115.36,0.0502,0.0479,0.9550
bet04>=40,M2A,146502292,189,120,0.6349,26,3,0.1376,0.1398,3398.19,3698.85,174.54,0.0514,0.0472,0.9187
bet04>=40,M2A,149290988,38,25,0.6579,9,3,0.2368,0.2571,4826.78,6044.63,284.17,0.0589,0.0470,0.7985
bet04>=40,M2A,151773446,32,25,0.7813,13,1,0.4063,0.4194,114.46,122.63,5.72,0.0500,0.0467,0.9333
bet04>=40,M2A,69897402,50,33,0.6600,14,3,0.2800,0.2979,383.91,416.70,19.21,0.0500,0.0461,0.9213
bet04>=40,M2A,150225032,46,28,0.6087,18,7,0.3913,0.4615,16857.47,20023.11,919.34,0.0545,0.0459,0.8419
bet04>=40,M2A,148355925,48,35,0.7292,20,3,0.4167,0.4444,361.56,391.08,17.92,0.0496,0.0458,0.9245
bet04>=40,M2A,148676430,40,25,0.6250,20,3,0.5000,0.5405,16689.47,17989.06,820.79,0.0492,0.0456,0.9278
bet04>=40,M2A,1949606,56,34,0.6071,28,3,0.5000,0.5283,5205.21,5624.31,256.71,0.0493,0.0456,0.9255
bet04>=40,M2A,134471015,30,26,0.8667,6,1,0.2000,0.2069,3238.03,3445.59,157.23,0.0486,0.0456,0.9398
bet04>=40,M2A,150738883,52,36,0.6923,11,2,0.2115,0.2200,415.43,456.97,20.77,0.0500,0.0455,0.9091
bet04>=40,M2A,97010825,52,40,0.7692,14,0,0.2692,0.2692,1140.56,1161.64,52.71,0.0462,0.0454,0.9819
bet04>=40,M2A,149846349,42,31,0.7381,8,1,0.1905,0.1951,944.16,983.08,44.24,0.0469,0.0450,0.9604
bet04>=40,M2A,152885751,103,67,0.6505,49,8,0.4757,0.5158,3762.21,4289.54,192.31,0.0511,0.0448,0.8771
bet04>=40,M2A,137459718,37,24,0.6486,17,4,0.4595,0.5152,118.95,135.45,6.07,0.0510,0.0448,0.8782
bet04>=40,M2A,147974466,236,147,0.6229,48,8,0.2034,0.2105,6906.64,7595.08,339.46,0.0491,0.0447,0.9094
bet04>=40,M2A,149677479,36,22,0.6111,18,2,0.5000,0.5294,170.20,177.99,7.94,0.0466,0.0446,0.9563
bet04>=40,M2A,149710782,111,71,0.6396,50,12,0.4505,0.5051,1538.91,1687.85,74.75,0.0486,0.0443,0.9118
bet04>=40,M2A,148252553,40,32,0.8000,23,1,0.5750,0.5897,1874.39,1949.80,86.18,0.0460,0.0442,0.9613
bet04>=40,M2A,148488526,72,46,0.6389,31,4,0.4306,0.4559,1658.51,1881.00,83.12,0.0501,0.0442,0.8817
bet04>=40,M2A,150062754,31,31,1.0000,9,1,0.2903,0.3000,1285.61,1404.96,62.14,0.0483,0.0442,0.9151
bet04>=40,M2A,153434394,41,25,0.6098,19,6,0.4634,0.5429,40.88,47.01,2.04,0.0500,0.0435,0.8696
bet04>=40,M2A,139958374,33,20,0.6061,15,2,0.4545,0.4839,293.17,306.26,13.22,0.0451,0.0432,0.9573
bet04>=40,M2A,146011442,519,355,0.6840,138,29,0.2659,0.2816,22204.76,24972.92,1074.58,0.0484,0.0430,0.8892
bet04>=40,M2A,147596609,103,62,0.6019,40,9,0.3883,0.4255,419.57,467.91,20.07,0.0478,0.0429,0.8967
bet04>=40,M2A,149117950,38,30,0.7895,11,2,0.2895,0.3056,846.00,900.00,38.50,0.0455,0.0428,0.9400
bet04>=40,M2A,151383106,36,23,0.6389,19,1,0.5278,0.5429,7169.49,7400.93,313.73,0.0438,0.0424,0.9687
bet04>=40,M2A,150353902,179,114,0.6369,81,16,0.4525,0.4969,4442.88,4867.59,205.03,0.0461,0.0421,0.9127
bet04>=40,M2A,136477536,34,21,0.6176,8,1,0.2353,0.2424,708.79,750.95,31.06,0.0438,0.0414,0.9439
bet04>=40,M2A,148690427,45,29,0.6444,22,4,0.4889,0.5366,133.50,151.82,6.28,0.0471,0.0414,0.8793
bet04>=40,M2A,136528115,322,204,0.6335,89,20,0.2764,0.2947,12827.50,14134.61,573.02,0.0447,0.0405,0.9075
bet04>=40,M2A,140347186,85,53,0.6235,39,7,0.4588,0.5000,5828.92,6314.31,253.27,0.0435,0.0401,0.9231
bet04>=40,M2A,148179318,67,41,0.6119,24,3,0.3582,0.3750,786.64,858.30,34.42,0.0438,0.0401,0.9165
bet04>=40,M2A,146710270,73,50,0.6849,17,0,0.2329,0.2329,2074.06,2074.06,82.98,0.0400,0.0400,1.0000
bet04>=40,M2A,153742635,47,32,0.6809,18,2,0.3830,0.4000,497.52,523.21,20.84,0.0419,0.0398,0.9509
bet04>=40,M2A,147920148,30,19,0.6333,16,1,0.5333,0.5517,147.96,153.19,6.10,0.0412,0.0398,0.9658
bet04>=40,M2A,149856442,109,67,0.6147,41,8,0.3761,0.4059,3476.53,3710.95,147.41,0.0424,0.0397,0.9368
bet04>=40,M2A,151896761,202,123,0.6089,96,22,0.4752,0.5333,3019.05,3307.06,130.93,0.0434,0.0396,0.9129
bet04>=40,M2A,149045177,35,25,0.7143,10,1,0.2857,0.2941,2026.36,2157.24,85.38,0.0421,0.0396,0.9393
bet04>=40,M2A,143614046,38,26,0.6842,16,4,0.4211,0.4706,557.60,606.69,24.04,0.0431,0.0396,0.9191
bet04>=40,M2A,149012644,33,23,0.6970,8,0,0.2424,0.2424,358.40,358.40,14.02,0.0391,0.0391,1.0000
bet04>=40,M2A,151452185,36,24,0.6667,17,4,0.4722,0.5313,1214.79,1366.64,53.15,0.0438,0.0389,0.8889
bet04>=40,M2A,149847592,62,44,0.7097,11,2,0.1774,0.1833,514.65,539.86,21.01,0.0408,0.0389,0.9533
bet04>=40,M2A,148663290,36,31,0.8611,18,3,0.5000,0.5455,149.20,164.91,6.41,0.0430,0.0389,0.9048
bet04>=40,M2A,146938030,30,19,0.6333,12,5,0.4000,0.4800,4916.37,6186.16,238.99,0.0486,0.0386,0.7947
bet04>=40,M2A,153910435,102,68,0.6667,17,0,0.1667,0.1667,6634.47,6634.47,254.28,0.0383,0.0383,1.0000
bet04>=40,M2A,126030149,30,19,0.6333,9,2,0.3000,0.3214,496.05,548.71,20.96,0.0423,0.0382,0.9040
bet04>=40,M2A,141131738,705,516,0.7319,66,1,0.0936,0.0938,11541.16,11625.49,443.15,0.0384,0.0381,0.9927
bet04>=40,M2A,147462048,58,40,0.6897,30,4,0.5172,0.5556,883.64,947.93,36.01,0.0408,0.0380,0.9322
bet04>=40,M2A,137373640,44,29,0.6591,6,1,0.1364,0.1395,1272.23,1331.48,50.47,0.0397,0.0379,0.9555
bet04>=40,M2A,143232810,755,454,0.6013,302,76,0.4000,0.4448,8918.82,10165.79,381.20,0.0427,0.0375,0.8773
bet04>=40,M2A,149866214,46,33,0.7174,9,3,0.1957,0.2093,280.21,321.73,11.94,0.0426,0.0371,0.8710
bet04>=40,M2A,149016278,31,22,0.7097,17,1,0.5484,0.5667,363.01,368.20,13.63,0.0375,0.0370,0.9859
bet04>=40,M2A,149845823,32,32,1.0000,8,2,0.2500,0.2667,155.67,176.43,6.49,0.0417,0.0368,0.8824
bet04>=40,M2A,123939367,103,67,0.6505,53,6,0.5146,0.5464,8165.39,8686.59,318.85,0.0390,0.0367,0.9400
bet04>=40,M2A,147778741,33,20,0.6061,18,3,0.5455,0.6000,93.98,104.10,3.80,0.0404,0.0365,0.9027
bet04>=40,M2A,99774903,137,83,0.6058,51,1,0.3723,0.3750,3395.65,3427.16,124.72,0.0367,0.0364,0.9908
bet04>=40,M2A,151399897,77,50,0.6494,15,2,0.1948,0.2000,17592.25,18672.31,671.05,0.0381,0.0359,0.9422
bet04>=40,M2A,122323150,36,33,0.9167,8,1,0.2222,0.2286,2112.81,2280.05,79.72,0.0377,0.0350,0.9267
bet04>=40,M2A,130933261,31,21,0.6774,14,4,0.4516,0.5185,830.92,933.08,32.52,0.0391,0.0349,0.8905
bet04>=40,M2A,150252028,173,114,0.6590,48,14,0.2775,0.3019,1146.02,1263.39,43.40,0.0379,0.0344,0.9071
bet04>=40,M2A,148162117,64,42,0.6563,14,2,0.2188,0.2258,3792.90,4067.74,138.47,0.0365,0.0340,0.9324
bet04>=40,M2A,134183233,70,49,0.7000,21,7,0.3000,0.3333,367.18,500.27,17.03,0.0464,0.0340,0.7340
bet04>=40,M2A,150971222,100,60,0.6000,34,6,0.3400,0.3617,1755.19,1933.82,65.33,0.0372,0.0338,0.9076
bet04>=40,M2A,117175155,334,240,0.7186,62,16,0.1856,0.1950,6175.04,7013.04,236.38,0.0383,0.0337,0.8805
bet04>=40,M2A,151933152,121,85,0.7025,21,4,0.1736,0.1795,785.16,862.02,28.98,0.0369,0.0336,0.9108
bet04>=40,M2A,148173435,486,299,0.6152,233,37,0.4794,0.5189,6771.77,7442.04,248.45,0.0367,0.0334,0.9099
bet04>=40,M2A,146448079,48,30,0.6250,21,5,0.4375,0.4884,92.55,597.90,19.88,0.2148,0.0333,0.1548
bet04>=40,M2A,147811466,30,19,0.6333,14,3,0.4667,0.5185,2639.00,3009.00,98.05,0.0372,0.0326,0.8770
bet04>=40,M2A,146821012,36,24,0.6667,10,3,0.2778,0.3030,261.84,294.52,9.59,0.0366,0.0326,0.8890
bet04>=40,M2A,148663010,57,40,0.7018,29,4,0.5088,0.5472,149.20,159.67,5.10,0.0342,0.0320,0.9344
bet04>=40,M2A,153375923,105,64,0.6095,37,5,0.3524,0.3700,969.83,1043.41,33.32,0.0344,0.0319,0.9295
bet04>=40,M2A,149460856,30,21,0.7000,13,4,0.4333,0.5000,331.90,10339.25,328.75,0.9905,0.0318,0.0321
bet04>=40,M2A,134022160,1140,729,0.6395,531,106,0.4658,0.5135,8238.31,9168.18,287.53,0.0349,0.0314,0.8986
bet04>=40,M2A,147637005,119,82,0.6891,38,7,0.3193,0.3393,2805.12,2914.35,90.83,0.0324,0.0312,0.9625
bet04>=40,M2A,148970282,163,104,0.6380,75,18,0.4601,0.5172,2900.00,3260.00,100.00,0.0345,0.0307,0.8896
bet04>=40,M2A,125215450,35,21,0.6000,16,5,0.4571,0.5333,1359.03,1784.70,54.65,0.0402,0.0306,0.7615
bet04>=40,M2A,149591180,116,91,0.7845,53,7,0.4569,0.4862,704.19,735.61,22.48,0.0319,0.0306,0.9573
bet04>=40,M2A,149511453,50,34,0.6800,25,4,0.5000,0.5435,570.81,617.51,18.55,0.0325,0.0300,0.9244
bet04>=40,M2A,149467372,65,40,0.6154,27,6,0.4154,0.4576,91.42,100.68,3.02,0.0331,0.0300,0.9080
bet04>=40,M2A,149539331,33,26,0.7879,10,1,0.3030,0.3125,583.97,625.98,18.38,0.0315,0.0294,0.9329
bet04>=40,M2A,139292040,30,27,0.9000,6,2,0.2000,0.2143,56.08,59.24,1.74,0.0310,0.0294,0.9466
bet04>=40,M2A,150302326,51,32,0.6275,24,7,0.4706,0.5455,1567.12,1800.63,52.54,0.0335,0.0292,0.8703
bet04>=40,M2A,151453455,39,24,0.6154,14,2,0.3590,0.3784,2480.00,2760.00,80.00,0.0323,0.0290,0.8986
bet04>=40,M2A,140674874,36,22,0.6111,13,5,0.3611,0.4194,254.73,302.95,8.68,0.0341,0.0287,0.8408
bet04>=40,M2A,132176190,79,50,0.6329,39,3,0.4937,0.5132,1363.23,1397.58,39.61,0.0291,0.0283,0.9754
bet04>=40,M2A,82892047,70,43,0.6143,14,0,0.2000,0.2000,1495.64,1495.64,42.13,0.0282,0.0282,1.0000
bet04>=40,M2A,142163682,86,54,0.6279,18,0,0.2093,0.2093,95.14,95.14,2.64,0.0278,0.0278,1.0000
bet04>=40,M2A,148981889,83,77,0.9277,17,2,0.2048,0.2099,1928.55,2058.27,56.94,0.0295,0.0277,0.9370
bet04>=40,M2A,149090684,123,83,0.6748,61,5,0.4959,0.5169,711.11,744.84,20.61,0.0290,0.0277,0.9547
bet04>=40,M2A,148480997,84,51,0.6071,11,0,0.1310,0.1310,1429.21,1429.21,39.12,0.0274,0.0274,1.0000
bet04>=40,M2A,150330766,51,46,0.9020,18,2,0.3529,0.3673,776.39,807.90,21.85,0.0281,0.0270,0.9610
bet04>=40,M2A,115049038,105,85,0.8095,28,8,0.2667,0.2887,11491.42,13403.51,360.90,0.0314,0.0269,0.8573
bet04>=40,M2A,148422067,339,216,0.6372,153,24,0.4513,0.4857,21802.92,23543.68,619.27,0.0284,0.0263,0.9261
bet04>=40,M2A,125852565,1028,684,0.6654,474,103,0.4611,0.5124,106399.35,120770.77,3164.75,0.0297,0.0262,0.8810
bet04>=40,M2A,137277108,39,39,1.0000,7,0,0.1795,0.1795,2067.04,2067.04,53.98,0.0261,0.0261,1.0000
bet04>=40,M2A,152502742,70,51,0.7286,36,5,0.5143,0.5538,671.26,730.64,18.98,0.0283,0.0260,0.9187
bet04>=40,M2A,135893888,41,25,0.6098,15,5,0.3659,0.4167,402.34,466.32,11.55,0.0287,0.0248,0.8628
bet04>=40,M2A,146256570,52,33,0.6346,27,6,0.5192,0.5870,20848.35,23654.42,585.14,0.0281,0.0247,0.8814
bet04>=40,M2A,134130472,81,49,0.6049,36,12,0.4444,0.5217,707.97,844.36,20.57,0.0291,0.0244,0.8385
bet04>=40,M2A,152539036,33,20,0.6061,15,4,0.4545,0.5172,6555.13,8891.64,215.58,0.0329,0.0242,0.7372
bet04>=40,M2A,144994688,36,23,0.6389,14,3,0.3889,0.4242,543.16,636.81,15.32,0.0282,0.0241,0.8529
bet04>=40,M2A,141026370,69,44,0.6377,11,2,0.1594,0.1642,254.69,269.00,6.48,0.0255,0.0241,0.9468
bet04>=40,M2A,145143397,42,27,0.6429,21,3,0.5000,0.5385,13930.69,15195.63,361.18,0.0259,0.0238,0.9168
bet04>=40,M2A,153744568,262,167,0.6374,57,7,0.2176,0.2235,2496.97,2672.74,63.41,0.0254,0.0237,0.9342
bet04>=40,M2A,149533781,50,34,0.6800,24,5,0.4800,0.5333,131.68,141.90,3.26,0.0248,0.0230,0.9280
bet04>=40,M2A,149017900,33,23,0.6970,16,2,0.4848,0.5161,1510.35,1633.38,37.43,0.0248,0.0229,0.9247
bet04>=40,M2A,150286378,61,43,0.7049,12,4,0.1967,0.2105,4420.35,5401.43,123.36,0.0279,0.0228,0.8184
bet04>=40,M2A,149342986,39,28,0.7179,12,4,0.3077,0.3429,544.20,642.82,14.53,0.0267,0.0226,0.8466
bet04>=40,M2A,132152211,43,30,0.6977,20,4,0.4651,0.5128,380.11,417.98,9.36,0.0246,0.0224,0.9094
bet04>=40,M2A,137428514,177,108,0.6102,56,9,0.3164,0.3333,2244.90,2433.06,53.31,0.0237,0.0219,0.9227
bet04>=40,M2A,148984411,65,39,0.6000,21,3,0.3231,0.3387,11412.72,12067.12,260.45,0.0228,0.0216,0.9458
bet04>=40,M2A,151044559,30,22,0.7333,16,1,0.5333,0.5517,456.97,467.36,9.87,0.0216,0.0211,0.9778
bet04>=40,M2A,149758596,40,40,1.0000,8,0,0.2000,0.2000,174.35,174.35,3.68,0.0211,0.0211,1.0000
bet04>=40,M2A,152050524,45,28,0.6222,10,5,0.2222,0.2500,818.09,1057.63,22.21,0.0271,0.0210,0.7735
bet04>=40,M2A,112033960,48,29,0.6042,23,6,0.4792,0.5476,768.63,875.81,18.37,0.0239,0.0210,0.8776
bet04>=40,M2A,135701360,38,25,0.6579,17,3,0.4474,0.4857,2719.45,2991.83,62.12,0.0228,0.0208,0.9090
bet04>=40,M2A,153622434,109,86,0.7890,23,4,0.2110,0.2190,716.44,819.71,16.91,0.0236,0.0206,0.8740
bet04>=40,M2A,146455923,74,61,0.8243,38,2,0.5135,0.5278,9655.31,9823.24,201.74,0.0209,0.0205,0.9829
bet04>=40,M2A,128594660,136,87,0.6397,47,10,0.3456,0.3730,6021.12,6820.15,138.70,0.0230,0.0203,0.8828
bet04>=40,M2A,151250568,40,29,0.7250,10,0,0.2500,0.2500,1220.20,1220.20,24.64,0.0202,0.0202,1.0000
bet04>=40,M2A,152818343,82,52,0.6341,37,7,0.4512,0.4933,425.99,472.47,9.55,0.0224,0.0202,0.9016
bet04>=40,M2A,147311442,267,167,0.6255,127,25,0.4757,0.5248,40363.89,45133.20,904.00,0.0224,0.0200,0.8943
bet04>=40,M2A,147692781,253,162,0.6403,111,27,0.4387,0.4912,15257.31,16866.15,334.21,0.0219,0.0198,0.9046
bet04>=40,M2A,146262916,124,81,0.6532,54,14,0.4355,0.4909,2774.89,3101.29,60.76,0.0219,0.0196,0.8948
bet04>=40,M2A,149044739,33,33,1.0000,18,1,0.5455,0.5625,1195.37,1258.62,24.56,0.0205,0.0195,0.9497
bet04>=40,M2A,137390683,47,37,0.7872,19,5,0.4043,0.4524,425.24,493.83,9.60,0.0226,0.0194,0.8611
bet04>=40,M2A,151390845,67,43,0.6418,28,5,0.4179,0.4516,271.32,293.94,5.64,0.0208,0.0192,0.9231
bet04>=40,M2A,153835184,70,42,0.6000,13,1,0.1857,0.1884,408.52,424.68,7.98,0.0195,0.0188,0.9619
bet04>=40,M2A,151142510,62,39,0.6290,28,8,0.4516,0.5185,955.49,1115.43,20.77,0.0217,0.0186,0.8566
bet04>=40,M2A,84578966,71,60,0.8451,20,5,0.2817,0.3030,7723.58,8499.72,156.92,0.0203,0.0185,0.9087
bet04>=40,M2A,151986165,30,19,0.6333,14,3,0.4667,0.5185,262.30,291.36,5.39,0.0205,0.0185,0.9003
bet04>=40,M2A,93976359,63,39,0.6190,32,7,0.5079,0.5714,13494.95,15198.93,271.64,0.0201,0.0179,0.8879
bet04>=40,M2A,134138813,102,67,0.6569,49,5,0.4804,0.5052,3401.92,3635.12,63.79,0.0188,0.0175,0.9358
bet04>=40,M2A,150764565,30,20,0.6667,15,2,0.5000,0.5357,913.81,1077.27,18.16,0.0199,0.0169,0.8483
bet04>=40,M2A,102255119,51,32,0.6275,15,5,0.2941,0.3261,376.41,436.61,7.25,0.0193,0.0166,0.8621
bet04>=40,M2A,147282231,80,49,0.6125,20,6,0.2500,0.2703,2681.62,3085.82,50.93,0.0190,0.0165,0.8690
bet04>=40,M2A,151556457,41,26,0.6341,18,7,0.4390,0.5294,3350.00,3850.00,62.50,0.0187,0.0162,0.8701
bet04>=40,M2A,151487615,32,20,0.6250,15,2,0.4688,0.5000,1059.48,1182.91,18.90,0.0178,0.0160,0.8957
bet04>=40,M2A,114336553,38,24,0.6316,16,5,0.4211,0.4848,2152.26,2455.67,38.38,0.0178,0.0156,0.8764
bet04>=40,M2A,152223807,31,31,1.0000,9,0,0.2903,0.2903,382.85,382.85,5.99,0.0156,0.0156,1.0000
bet04>=40,M2A,134187436,320,241,0.7531,34,6,0.1063,0.1083,8853.17,9858.55,152.08,0.0172,0.0154,0.8980
bet04>=40,M2A,152824519,33,20,0.6061,5,1,0.1515,0.1563,1463.87,1722.05,26.46,0.0181,0.0154,0.8501
bet04>=40,M2A,147934059,141,85,0.6028,48,11,0.3404,0.3692,1623.22,1816.84,27.83,0.0171,0.0153,0.8934
bet04>=40,M2A,149111679,91,64,0.7033,17,1,0.1868,0.1889,1186.94,1260.73,19.29,0.0163,0.0153,0.9415
bet04>=40,M2A,94428061,51,35,0.6863,15,2,0.2941,0.3061,156.38,164.81,2.46,0.0157,0.0149,0.9488
bet04>=40,M2A,131513755,65,52,0.8000,10,1,0.1538,0.1563,9774.61,10290.97,152.32,0.0156,0.0148,0.9498
bet04>=40,M2A,123872759,92,71,0.7717,28,4,0.3043,0.3182,5720.57,5966.63,86.32,0.0151,0.0145,0.9588
bet04>=40,M2A,149298546,116,70,0.6034,38,10,0.3276,0.3585,4699.20,5572.00,80.80,0.0172,0.0145,0.8434
bet04>=40,M2A,136525263,117,81,0.6923,42,6,0.3590,0.3784,1547.92,1653.02,23.81,0.0154,0.0144,0.9364
bet04>=40,M2A,137202432,33,22,0.6667,8,2,0.2424,0.2581,884.75,990.07,14.22,0.0161,0.0144,0.8936
bet04>=40,M2A,139464789,244,179,0.7336,85,19,0.3484,0.3778,2374.52,2567.89,36.72,0.0155,0.0143,0.9247
bet04>=40,M2A,148323863,187,125,0.6684,28,3,0.1497,0.1522,904.01,963.04,13.08,0.0145,0.0136,0.9387
bet04>=40,M2A,135018014,39,28,0.7179,13,2,0.3333,0.3514,103.30,141.25,1.90,0.0184,0.0134,0.7313
bet04>=40,M2A,80648950,99,60,0.6061,45,4,0.4545,0.4737,12657.43,13205.57,172.35,0.0136,0.0131,0.9585
bet04>=40,M2A,41798275,203,129,0.6355,53,13,0.2611,0.2789,9888.63,11296.74,140.30,0.0142,0.0124,0.8754
bet04>=40,M2A,149950825,42,26,0.6190,7,3,0.1667,0.1795,498.16,627.89,7.78,0.0156,0.0124,0.7934
bet04>=40,M2A,142115663,120,77,0.6417,20,3,0.1667,0.1709,802.32,835.75,10.03,0.0125,0.0120,0.9600
bet04>=40,M2A,150153551,49,30,0.6122,18,0,0.3673,0.3673,119.74,119.74,1.37,0.0114,0.0114,1.0000
bet04>=40,M2A,5698676,410,330,0.8049,71,8,0.1732,0.1766,4996.32,5405.94,60.83,0.0122,0.0113,0.9242
bet04>=40,M2A,150087341,33,24,0.7273,10,4,0.3030,0.3448,487.78,661.62,7.26,0.0149,0.0110,0.7373
bet04>=40,M2A,150691964,38,24,0.6316,13,3,0.3421,0.3714,6463.16,6599.95,71.87,0.0111,0.0109,0.9793
bet04>=40,M2A,148042125,52,39,0.7500,17,2,0.3269,0.3400,288.83,318.34,3.48,0.0120,0.0109,0.9073
bet04>=40,M2A,151971418,63,56,0.8889,13,3,0.2063,0.2167,1540.83,1700.38,18.44,0.0120,0.0108,0.9062
bet04>=40,M2A,113407361,39,26,0.6667,8,0,0.2051,0.2051,651.24,651.24,7.01,0.0108,0.0108,1.0000
bet04>=40,M2A,147569291,34,24,0.7059,13,6,0.3824,0.4643,212.93,274.07,2.95,0.0139,0.0108,0.7769
bet04>=40,M2A,142996112,716,436,0.6089,237,48,0.3310,0.3548,12475.83,13484.63,139.24,0.0112,0.0103,0.9252
bet04>=40,M2A,149818911,299,265,0.8863,62,11,0.2074,0.2153,55960.00,59960.00,609.00,0.0109,0.0102,0.9333
bet04>=40,M2A,151264419,45,27,0.6000,19,5,0.4222,0.4750,1365.00,1583.00,15.80,0.0116,0.0100,0.8623
bet04>=40,M2A,139602620,36,27,0.7500,10,0,0.2778,0.2778,967.68,967.68,9.49,0.0098,0.0098,1.0000
bet04>=40,M2A,145677448,31,19,0.6129,10,1,0.3226,0.3333,472.25,503.87,4.95,0.0105,0.0098,0.9372
bet04>=40,M2A,135854126,39,25,0.6410,9,1,0.2308,0.2368,122.28,128.60,1.26,0.0103,0.0098,0.9508
bet04>=40,M2A,147773108,2263,1642,0.7256,1046,225,0.4622,0.5132,471117.55,523546.65,4992.48,0.0106,0.0095,0.8999
bet04>=40,M2A,152626913,1161,719,0.6193,339,69,0.2920,0.3104,11909.06,13256.48,125.21,0.0105,0.0094,0.8984
bet04>=40,M2A,148795658,33,24,0.7273,15,5,0.4545,0.5357,214.68,256.07,2.42,0.0113,0.0094,0.8384
bet04>=40,M2A,152917053,220,134,0.6091,99,21,0.4500,0.4975,2630.57,3002.35,26.71,0.0102,0.0089,0.8762
bet04>=40,M2A,148824639,86,57,0.6628,27,3,0.3140,0.3253,386.62,402.07,3.53,0.0091,0.0088,0.9616
bet04>=40,M2A,148605047,67,44,0.6567,25,6,0.3731,0.4098,2957.36,3231.68,27.42,0.0093,0.0085,0.9151
bet04>=40,M2A,44581637,70,43,0.6143,23,2,0.3286,0.3382,93.23,97.08,0.77,0.0083,0.0079,0.9603
bet04>=40,M2A,144109633,67,46,0.6866,27,10,0.4030,0.4737,847.64,1031.66,8.06,0.0095,0.0078,0.8216
bet04>=40,M2A,149651667,30,19,0.6333,9,1,0.3000,0.3103,1091.00,1285.00,9.65,0.0088,0.0075,0.8490
bet04>=40,M2A,67450030,42,26,0.6190,10,2,0.2381,0.2500,306.01,344.59,2.57,0.0084,0.0075,0.8881
bet04>=40,M2A,142398388,678,473,0.6976,91,7,0.1342,0.1356,15788.01,16162.02,116.95,0.0074,0.0072,0.9769
bet04>=40,M2A,151244268,157,99,0.6306,66,22,0.4204,0.4889,3499.50,4028.82,29.12,0.0083,0.0072,0.8686
bet04>=40,M2A,150873689,46,29,0.6304,14,0,0.3043,0.3043,254.87,254.87,1.80,0.0070,0.0070,1.0000
bet04>=40,M2A,139332048,52,38,0.7308,24,2,0.4615,0.4800,1080.00,1110.00,6.50,0.0060,0.0059,0.9730
bet04>=40,M2A,120537265,2902,2166,0.7464,1332,283,0.4590,0.5086,179434.01,199300.44,1137.64,0.0063,0.0057,0.9003
bet04>=40,M2A,153465049,61,43,0.7049,22,5,0.3607,0.3929,348.54,374.36,2.07,0.0059,0.0055,0.9310
bet04>=40,M2A,148144475,57,42,0.7368,17,3,0.2982,0.3148,1933.04,2156.52,11.60,0.0060,0.0054,0.8964
bet04>=40,M2A,148073642,2888,1734,0.6004,1315,280,0.4553,0.5042,131516.37,145306.13,771.88,0.0059,0.0053,0.9051
bet04>=40,M2A,146377484,86,57,0.6628,42,7,0.4884,0.5316,1201.64,1297.29,6.50,0.0054,0.0050,0.9263
bet04>=40,M2A,105104832,60,36,0.6000,15,5,0.2500,0.2727,413.35,481.90,2.18,0.0053,0.0045,0.8578
bet04>=40,M2A,134295045,31,19,0.6129,15,4,0.4839,0.5556,1216.40,1404.86,6.15,0.0051,0.0044,0.8658
bet04>=40,M2A,146026898,282,174,0.6170,89,14,0.3156,0.3321,52466.00,56666.00,237.50,0.0045,0.0042,0.9259
bet04>=40,M2A,136774380,451,405,0.8980,70,13,0.1552,0.1598,6071.21,6773.17,26.77,0.0044,0.0040,0.8964
bet04>=40,M2A,148536817,41,25,0.6098,12,2,0.2927,0.3077,5955.55,6479.07,25.65,0.0043,0.0040,0.9192
bet04>=40,M2A,148973638,30,22,0.7333,10,1,0.3333,0.3448,361.58,387.75,1.49,0.0041,0.0038,0.9325
bet04>=40,M2A,124611190,379,267,0.7045,79,9,0.2084,0.2135,1334.88,1415.77,4.78,0.0036,0.0034,0.9429
bet04>=40,M2A,149596888,167,114,0.6826,54,8,0.3234,0.3396,4953.35,5223.19,16.61,0.0034,0.0032,0.9483
bet04>=40,M2A,146349227,90,73,0.8111,15,3,0.1667,0.1724,4413.27,4740.99,15.29,0.0035,0.0032,0.9309
bet04>=40,M2A,148281947,524,329,0.6279,178,33,0.3397,0.3625,13444.55,14965.98,45.10,0.0034,0.0030,0.8983
bet04>=40,M2A,139849308,4398,4318,0.9818,1896,433,0.4311,0.4782,303529.85,336769.64,937.49,0.0031,0.0028,0.9013
bet04>=40,M2A,112606504,58,45,0.7759,20,2,0.3448,0.3571,915.29,949.52,2.50,0.0027,0.0026,0.9639
bet04>=40,M2A,150927798,38,26,0.6842,11,0,0.2895,0.2895,408.16,423.74,1.04,0.0025,0.0025,0.9632
bet04>=40,M2A,148776482,35,22,0.6286,18,2,0.5143,0.5455,638.52,703.22,1.70,0.0027,0.0024,0.9080
bet04>=40,M2A,123087523,31,26,0.8387,8,3,0.2581,0.2857,142.84,178.55,0.42,0.0029,0.0024,0.8000
bet04>=40,M2A,149785161,342,232,0.6784,106,19,0.3099,0.3282,6832.37,7434.15,17.35,0.0025,0.0023,0.9191
bet04>=40,M2A,95588112,160,97,0.6063,73,15,0.4563,0.5034,9867.43,10883.78,23.41,0.0024,0.0022,0.9066
bet04>=40,M2A,147781724,88,59,0.6705,26,6,0.2955,0.3171,1679.50,1873.50,4.21,0.0025,0.0022,0.8965
bet04>=40,M2A,145877420,584,351,0.6010,241,41,0.4127,0.4438,4279.07,4604.91,8.66,0.0020,0.0019,0.9292
bet04>=40,M2A,124819388,53,34,0.6415,12,0,0.2264,0.2264,3756.19,3756.19,6.46,0.0017,0.0017,1.0000
bet04>=40,M2A,116025208,129,86,0.6667,52,12,0.4031,0.4444,3262.05,3745.52,5.60,0.0017,0.0015,0.8709
bet04>=40,M2A,151947006,50,35,0.7000,19,5,0.3800,0.4222,718.69,864.09,1.04,0.0014,0.0012,0.8317
bet04>=40,M2A,142412540,72,48,0.6667,13,1,0.1806,0.1831,419.54,438.51,0.42,0.0010,0.0010,0.9567
bet04>=40,M2A,151279924,2963,1817,0.6132,1343,274,0.4533,0.4994,27061.72,29758.88,25.48,0.0009,0.0009,0.9094
bet04>=40,M2A,118766784,55,36,0.6545,21,8,0.3818,0.4468,1199.91,1271.37,0.97,0.0008,0.0008,0.9438
bet04>=40,M2A,149725612,45,31,0.6889,8,1,0.1778,0.1818,1650.15,1746.15,1.30,0.0008,0.0007,0.9450
bet04>=40,M2A,149351413,44,37,0.8409,21,2,0.4773,0.5000,1086.35,1135.85,0.67,0.0006,0.0006,0.9564
bet04>=40,M2A,152974831,31,25,0.8065,12,8,0.3871,0.5217,405.34,526.68,0.26,0.0006,0.0005,0.7696
bet04>=40,M2A,128238433,90,54,0.6000,31,4,0.3444,0.3605,4191.26,4511.40,1.37,0.0003,0.0003,0.9290
bet04>=40,M2A,148325367,32,20,0.6250,11,1,0.3438,0.3548,1219.54,1350.42,0.42,0.0003,0.0003,0.9031
bet04>=40,M2A,115237791,183,114,0.6230,43,1,0.2350,0.2363,6368.43,6383.14,0.85,0.0001,0.0001,0.9977
bet04>=40,M2A,124491403,44,27,0.6136,9,0,0.2045,0.2045,165.95,165.95,0.00,0.0000,0.0000,1.0000
bet04>=40,M2A,153140993,37,24,0.6486,18,2,0.4865,0.5143,456.97,482.79,0.00,0.0000,0.0000,0.9465
bet04>=40,M2A,153548273,43,32,0.7442,4,0,0.0930,0.0930,42.92,42.92,0.00,0.0000,0.0000,1.0000
bet04>=40,M2A,153119284,45,28,0.6222,18,5,0.4000,0.4500,4478.09,4955.65,0.00,0.0000,0.0000,0.9036
bet04>=40,M2A,147489548,328,202,0.6159,147,38,0.4482,0.5069,66950.75,74757.28,-1.61,0.0000,0.0000,0.8956
bet04>=40,M2A,59078537,122,122,1.0000,19,2,0.1557,0.1583,3641.24,3786.64,-1.04,-0.0003,-0.0003,0.9616
bet04>=40,M2A,126965821,33,21,0.6364,8,1,0.2424,0.2500,51.89,56.09,-0.02,-0.0004,-0.0004,0.9251
bet04>=40,M2A,147916618,223,150,0.6726,104,18,0.4664,0.5073,2534.28,2774.23,-1.13,-0.0004,-0.0004,0.9135
bet04>=40,M2A,153615714,351,231,0.6581,148,32,0.4217,0.4639,49603.48,54774.56,-20.44,-0.0004,-0.0004,0.9056
bet04>=40,M2A,148634532,34,29,0.8529,7,1,0.2059,0.2121,1185.77,1316.65,-0.65,-0.0006,-0.0005,0.9006
bet04>=40,M2A,150978456,4025,2654,0.6594,1835,391,0.4559,0.5050,610981.54,678920.13,-489.40,-0.0008,-0.0007,0.8999
bet04>=40,M2A,139965886,34,26,0.7647,15,4,0.4412,0.5000,355.81,401.51,-0.31,-0.0009,-0.0008,0.8862
bet04>=40,M2A,151683568,33,23,0.6970,15,1,0.4545,0.4688,1654.79,1667.65,-1.41,-0.0009,-0.0008,0.9923
bet04>=40,M2A,148673897,33,25,0.7576,10,2,0.3030,0.3226,397.87,437.14,-0.65,-0.0016,-0.0015,0.9102
bet04>=40,M2A,151046111,47,32,0.6809,10,0,0.2128,0.2128,1377.15,1377.15,-2.08,-0.0015,-0.0015,1.0000
bet04>=40,M2A,149937735,1293,787,0.6087,419,69,0.3241,0.3423,32393.16,34894.72,-58.22,-0.0018,-0.0017,0.9283
bet04>=40,M2A,144463055,45,30,0.6667,12,1,0.2667,0.2727,6038.36,6167.45,-17.48,-0.0029,-0.0028,0.9791
bet04>=40,M2A,136267054,191,135,0.7068,36,7,0.1885,0.1957,2328.57,2622.46,-8.16,-0.0035,-0.0031,0.8879
bet04>=40,M2A,146985701,88,55,0.6250,28,2,0.3182,0.3256,535.56,554.26,-1.79,-0.0033,-0.0032,0.9663
bet04>=40,M2A,152909951,200,126,0.6300,92,20,0.4600,0.5111,2955.08,3264.52,-11.43,-0.0039,-0.0035,0.9052
bet04>=40,M2A,147769850,1159,778,0.6713,523,126,0.4513,0.5063,218289.16,245370.75,-919.40,-0.0042,-0.0037,0.8896
bet04>=40,M2A,151695997,84,63,0.7500,26,3,0.3095,0.3210,458.01,497.48,-1.96,-0.0043,-0.0039,0.9207
bet04>=40,M2A,153065401,195,123,0.6308,33,7,0.1692,0.1755,413.42,567.79,-2.21,-0.0053,-0.0039,0.7281
bet04>=40,M2A,147828008,31,23,0.7419,8,3,0.2581,0.2857,5400.11,7506.65,-30.73,-0.0057,-0.0041,0.7194
bet04>=40,M2A,149004189,61,46,0.7541,17,5,0.2787,0.3036,185.51,201.12,-0.87,-0.0047,-0.0043,0.9224
bet04>=40,M2A,149491959,419,259,0.6181,186,47,0.4439,0.5000,80569.00,90987.00,-392.30,-0.0049,-0.0043,0.8855
bet04>=40,M2A,149440404,151,115,0.7616,42,10,0.2781,0.2979,11468.54,12777.23,-59.13,-0.0052,-0.0046,0.8976
bet04>=40,M2A,143787995,107,69,0.6449,48,15,0.4486,0.5217,3853.82,4436.01,-20.65,-0.0054,-0.0047,0.8688
bet04>=40,M2A,92733770,44,32,0.7273,12,4,0.2727,0.3000,371.27,414.44,-2.16,-0.0058,-0.0052,0.8958
bet04>=40,M2A,114950125,43,33,0.7674,19,7,0.4419,0.5278,264.53,330.61,-1.87,-0.0071,-0.0057,0.8001
bet04>=40,M2A,150225778,35,24,0.6857,18,2,0.5143,0.5455,436.30,478.31,-2.94,-0.0067,-0.0061,0.9122
bet04>=40,M2A,148989083,183,121,0.6612,73,14,0.3989,0.4320,2156.90,2363.69,-14.40,-0.0067,-0.0061,0.9125
bet04>=40,M2A,130740580,37,25,0.6757,7,2,0.1892,0.2000,130.36,146.06,-0.92,-0.0070,-0.0063,0.8925
bet04>=40,M2A,128147267,56,37,0.6607,15,4,0.2679,0.2885,4537.55,4932.06,-31.64,-0.0070,-0.0064,0.9200
bet04>=40,M2A,108669971,35,25,0.7143,9,4,0.2571,0.2903,300.42,341.70,-2.24,-0.0075,-0.0066,0.8792
bet04>=40,M2A,148537552,68,43,0.6324,28,3,0.4118,0.4308,3060.00,3210.00,-22.50,-0.0074,-0.0070,0.9533
bet04>=40,M2A,149090437,38,31,0.8158,13,2,0.3421,0.3611,124.37,134.66,-1.00,-0.0081,-0.0075,0.9236
bet04>=40,M2A,149544345,56,35,0.6250,26,4,0.4643,0.5000,1611.39,1747.93,-13.86,-0.0086,-0.0079,0.9219
bet04>=40,M2A,133373789,80,49,0.6125,11,2,0.1375,0.1410,175.52,178.63,-1.45,-0.0083,-0.0081,0.9826
bet04>=40,M2A,148075196,231,205,0.8874,35,5,0.1515,0.1549,1437.06,1502.50,-12.43,-0.0087,-0.0083,0.9564
bet04>=40,M2A,146289252,116,76,0.6552,53,12,0.4569,0.5096,964.69,1088.79,-9.14,-0.0095,-0.0084,0.8860
bet04>=40,M2A,142613021,74,46,0.6216,31,5,0.4189,0.4493,1765.97,1877.00,-16.02,-0.0091,-0.0085,0.9408
bet04>=40,M2A,150185196,336,228,0.6786,74,15,0.2202,0.2305,4220.20,4866.16,-42.54,-0.0101,-0.0087,0.8673
bet04>=40,M2A,122032553,6196,3914,0.6317,2213,425,0.3572,0.3835,194421.74,213807.23,-1853.36,-0.0095,-0.0087,0.9093
bet04>=40,M2A,140409316,39,39,1.0000,16,2,0.4103,0.4324,228.49,234.68,-2.13,-0.0093,-0.0091,0.9736
bet04>=40,M2A,79781117,62,41,0.6613,27,4,0.4355,0.4655,4693.77,5086.41,-46.28,-0.0099,-0.0091,0.9228
bet04>=40,M2A,133188302,207,129,0.6232,49,6,0.2367,0.2438,47125.85,49707.75,-450.12,-0.0096,-0.0091,0.9481
bet04>=40,M2A,143835245,32,20,0.6250,15,1,0.4688,0.4839,1121.26,1141.56,-10.90,-0.0097,-0.0095,0.9822
bet04>=40,M2A,153318057,42,28,0.6667,14,2,0.3333,0.3500,247.59,267.21,-2.59,-0.0105,-0.0097,0.9266
bet04>=40,M2A,153290399,83,65,0.7831,17,4,0.2048,0.2152,658.14,739.89,-7.15,-0.0109,-0.0097,0.8895
bet04>=40,M2A,145885405,42,27,0.6429,16,6,0.3810,0.4444,8320.00,8720.00,-85.50,-0.0103,-0.0098,0.9541
bet04>=40,M2A,153667049,46,28,0.6087,7,1,0.1522,0.1556,179.86,190.08,-1.94,-0.0108,-0.0102,0.9462
bet04>=40,M2A,150647980,38,26,0.6842,17,4,0.4474,0.5000,441.08,492.97,-5.19,-0.0118,-0.0105,0.8947
bet04>=40,M2A,151111914,38,25,0.6579,17,4,0.4474,0.5000,1290.71,1442.56,-15.18,-0.0118,-0.0105,0.8947
bet04>=40,M2A,104934710,649,430,0.6626,260,50,0.4006,0.4341,78452.14,85812.10,-908.34,-0.0116,-0.0106,0.9142
bet04>=40,M2A,146964955,35,25,0.7143,15,3,0.4286,0.4688,649.34,694.10,-7.50,-0.0116,-0.0108,0.9355
bet04>=40,M2A,150646585,87,53,0.6092,38,6,0.4368,0.4691,5285.58,5717.68,-63.07,-0.0119,-0.0110,0.9244
bet04>=40,M2A,149111816,99,63,0.6364,43,11,0.4343,0.4886,282.96,325.37,-3.66,-0.0130,-0.0113,0.8697
bet04>=40,M2A,153629884,42,28,0.6667,15,0,0.3571,0.3571,221.50,221.50,-2.53,-0.0114,-0.0114,1.0000
bet04>=40,M2A,88611571,132,80,0.6061,36,6,0.2727,0.2857,657.68,712.45,-8.14,-0.0124,-0.0114,0.9231
bet04>=40,M2A,149811800,117,75,0.6410,53,7,0.4530,0.4818,1602.38,1693.13,-19.51,-0.0122,-0.0115,0.9464
bet04>=40,M2A,97607132,41,38,0.9268,11,1,0.2683,0.2750,709.37,735.54,-8.51,-0.0120,-0.0116,0.9644
bet04>=40,M2A,153070148,36,23,0.6389,18,3,0.5000,0.5455,3843.62,4082.40,-48.14,-0.0125,-0.0118,0.9415
bet04>=40,M2A,151409887,637,396,0.6217,275,69,0.4317,0.4842,118521.00,133070.00,-1610.70,-0.0136,-0.0121,0.8907
bet04>=40,M2A,108100652,47,47,1.0000,7,1,0.1489,0.1522,457.75,483.57,-5.94,-0.0130,-0.0123,0.9466
bet04>=40,M2A,141319460,22510,13541,0.6016,10130,2161,0.4500,0.4978,682889.82,752126.49,-9285.80,-0.0136,-0.0123,0.9079
bet04>=40,M2A,147764002,108,71,0.6574,35,7,0.3241,0.3465,10043.00,11143.00,-141.00,-0.0140,-0.0127,0.9013
bet04>=40,M2A,89795186,1044,778,0.7452,466,116,0.4464,0.5022,24336.62,27590.64,-351.19,-0.0144,-0.0127,0.8821
bet04>=40,M2A,152901173,97,76,0.7835,22,2,0.2268,0.2316,359.32,388.95,-5.02,-0.0140,-0.0129,0.9238
bet04>=40,M2A,148159197,150,90,0.6000,38,8,0.2533,0.2676,2336.35,2719.84,-35.75,-0.0153,-0.0131,0.8590
bet04>=40,M2A,134934619,171,107,0.6257,73,15,0.4269,0.4679,3405.23,3980.32,-52.56,-0.0154,-0.0132,0.8555
bet04>=40,M2A,151086388,33,20,0.6061,17,0,0.5152,0.5152,342.73,342.73,-4.57,-0.0133,-0.0133,1.0000
bet04>=40,M2A,145791556,136,87,0.6397,27,10,0.1985,0.2143,1321.32,1540.07,-20.55,-0.0156,-0.0133,0.8580
bet04>=40,M2A,148106674,48,33,0.6875,20,1,0.4167,0.4255,3305.75,3337.25,-44.53,-0.0135,-0.0133,0.9906
bet04>=40,M2A,153529512,49,31,0.6327,7,4,0.1429,0.1556,151.66,182.32,-2.45,-0.0162,-0.0135,0.8318
bet04>=40,M2A,151951972,56,34,0.6071,15,4,0.2679,0.2885,305.96,330.27,-4.47,-0.0146,-0.0135,0.9264
bet04>=40,M2A,153734166,74,59,0.7973,11,3,0.1486,0.1549,1464.05,1631.01,-22.22,-0.0152,-0.0136,0.8976
bet04>=40,M2A,148721969,40,24,0.6000,21,4,0.5250,0.5833,208.72,238.23,-3.27,-0.0157,-0.0137,0.8761
bet04>=40,M2A,146890892,116,93,0.8017,49,8,0.4224,0.4537,3395.41,3793.30,-52.03,-0.0153,-0.0137,0.8951
bet04>=40,M2A,135229630,6090,3823,0.6278,2792,555,0.4585,0.5044,3517816.91,3864334.45,-53086.60,-0.0151,-0.0137,0.9103
bet04>=40,M2A,148314059,46,30,0.6522,19,8,0.4130,0.5000,0.00,2311.68,-32.23,,-0.0139,0.0000
bet04>=40,M2A,73320937,31,20,0.6452,14,2,0.4516,0.4828,1629.19,1760.07,-25.91,-0.0159,-0.0147,0.9256
bet04>=40,M2A,85583895,33,22,0.6667,15,3,0.4545,0.5000,1232.42,1310.26,-19.46,-0.0158,-0.0149,0.9406
bet04>=40,M2A,137380612,163,102,0.6258,73,13,0.4479,0.4867,1335.78,1459.35,-22.09,-0.0165,-0.0151,0.9153
bet04>=40,M2A,148710309,39,26,0.6667,19,4,0.4872,0.5429,554.54,631.94,-9.58,-0.0173,-0.0152,0.8775
bet04>=40,M2A,148141713,55,41,0.7455,15,1,0.2727,0.2778,612.02,634.37,-9.68,-0.0158,-0.0153,0.9648
bet04>=40,M2A,103960267,65,65,1.0000,13,3,0.2000,0.2097,485.18,563.02,-8.69,-0.0179,-0.0154,0.8618
bet04>=40,M2A,126052268,7604,5484,0.7212,3419,736,0.4496,0.4978,829552.78,944350.86,-14652.36,-0.0177,-0.0155,0.8784
bet04>=40,M2A,151487868,50,35,0.7000,14,1,0.2800,0.2857,280.70,289.01,-4.49,-0.0160,-0.0156,0.9713
bet04>=40,M2A,73263305,420,256,0.6095,77,10,0.1833,0.1878,1328.92,1408.41,-22.15,-0.0167,-0.0157,0.9436
bet04>=40,M2A,135874606,10678,6679,0.6255,4808,949,0.4503,0.4942,1600681.50,1755351.09,-27852.83,-0.0174,-0.0159,0.9119
bet04>=40,M2A,149959835,32,26,0.8125,16,0,0.5000,0.5000,51.89,5316.34,-84.91,-1.6364,-0.0160,0.0098
bet04>=40,M2A,119749035,33,20,0.6061,19,3,0.5758,0.6333,1287.95,1402.11,-22.70,-0.0176,-0.0162,0.9186
bet04>=40,M2A,144512508,505,309,0.6119,75,8,0.1485,0.1509,7418.89,7912.21,-132.80,-0.0179,-0.0168,0.9376
bet04>=40,M2A,152270600,62,54,0.8710,22,2,0.3548,0.3667,35843.69,38296.38,-641.74,-0.0179,-0.0168,0.9360
bet04>=40,M2A,153913538,115,76,0.6609,51,5,0.4435,0.4636,5975.35,6232.68,-105.46,-0.0176,-0.0169,0.9587
bet04>=40,M2A,151871372,56,36,0.6429,33,3,0.5893,0.6226,14700.00,15200.00,-260.00,-0.0177,-0.0171,0.9671
bet04>=40,M2A,125189859,124,77,0.6210,57,13,0.4597,0.5135,111956.00,127796.00,-2185.00,-0.0195,-0.0171,0.8761
bet04>=40,M2A,115731461,34,25,0.7353,12,3,0.3529,0.3871,200.88,219.83,-3.79,-0.0189,-0.0172,0.9138
bet04>=40,M2A,135842206,103,69,0.6699,30,6,0.2913,0.3093,4959.33,5653.93,-98.45,-0.0199,-0.0174,0.8771
bet04>=40,M2A,149433580,43,26,0.6047,18,6,0.4186,0.4865,875.75,105612.65,-1851.49,-2.1142,-0.0175,0.0083
bet04>=40,M2A,125788656,2007,1303,0.6492,379,55,0.1888,0.1942,62278.27,67586.77,-1192.16,-0.0191,-0.0176,0.9215
bet04>=40,M2A,123037115,14469,8821,0.6096,6254,1336,0.4322,0.4762,340503.80,386476.12,-7001.51,-0.0206,-0.0181,0.8810
bet04>=40,M2A,99982420,5073,3198,0.6304,1835,370,0.3617,0.3902,392592.29,431083.17,-8001.44,-0.0204,-0.0186,0.9107
bet04>=40,M2A,153796481,84,66,0.7857,14,1,0.1667,0.1687,19113.76,20353.84,-380.29,-0.0199,-0.0187,0.9391
bet04>=40,M2A,148317633,70,44,0.6286,31,3,0.4429,0.4627,1017.43,1082.30,-20.51,-0.0202,-0.0189,0.9401
bet04>=40,M2A,148075552,45,28,0.6222,22,3,0.4889,0.5238,4375.79,4729.39,-91.16,-0.0208,-0.0193,0.9252
bet04>=40,M2A,146592537,47,39,0.8298,12,1,0.2553,0.2609,561.23,563.82,-11.15,-0.0199,-0.0198,0.9954
bet04>=40,M2A,124215193,119,74,0.6218,55,10,0.4622,0.5046,221.81,235.26,-4.72,-0.0213,-0.0201,0.9428
bet04>=40,M2A,146825979,32,32,1.0000,5,2,0.1563,0.1667,682.08,823.49,-16.64,-0.0244,-0.0202,0.8283
bet04>=40,M2A,151332683,42,27,0.6429,21,2,0.5000,0.5250,2196.11,2298.97,-46.42,-0.0211,-0.0202,0.9553
bet04>=40,M2A,151874847,33,21,0.6364,17,2,0.5152,0.5484,137.58,153.01,-3.10,-0.0225,-0.0203,0.8992
bet04>=40,M2A,118202205,112,68,0.6071,51,7,0.4554,0.4857,7793.71,8011.18,-162.97,-0.0209,-0.0203,0.9729
bet04>=40,M2A,139372931,61,38,0.6230,30,4,0.4918,0.5263,736.02,793.60,-16.21,-0.0220,-0.0204,0.9274
bet04>=40,M2A,146370056,164,130,0.7927,30,2,0.1829,0.1852,8654.55,9011.66,-184.85,-0.0214,-0.0205,0.9604
bet04>=40,M2A,149550677,56,43,0.7679,22,3,0.3929,0.4151,457.09,488.81,-10.08,-0.0221,-0.0206,0.9351
bet04>=40,M2A,143065194,1877,1138,0.6063,504,113,0.2685,0.2857,2706.58,6210.97,-128.84,-0.0476,-0.0207,0.4358
bet04>=40,M2A,146844656,193,121,0.6269,27,3,0.1399,0.1421,2652.73,2782.97,-58.25,-0.0220,-0.0209,0.9532
bet04>=40,M2A,99960905,47,37,0.7872,18,8,0.3830,0.4615,7460.25,8799.00,-183.95,-0.0247,-0.0209,0.8479
bet04>=40,M2A,148998382,48,30,0.6250,18,6,0.3750,0.4286,828.54,887.57,-18.76,-0.0226,-0.0211,0.9335
bet04>=40,M2A,89644261,201,140,0.6965,29,7,0.1443,0.1495,2199.52,2642.25,-55.76,-0.0254,-0.0211,0.8324
bet04>=40,M2A,17491065,62,44,0.7097,17,4,0.2742,0.2931,4059.18,4644.76,-101.13,-0.0249,-0.0218,0.8739
bet04>=40,M2A,115895633,118,84,0.7119,15,1,0.1271,0.1282,2185.28,2395.35,-53.16,-0.0243,-0.0222,0.9123
bet04>=40,M2A,149560478,41,31,0.7561,18,4,0.4390,0.4865,274.06,311.64,-6.94,-0.0253,-0.0223,0.8794
bet04>=40,M2A,147775371,106,79,0.7453,47,8,0.4434,0.4796,2007.27,2128.39,-47.42,-0.0236,-0.0223,0.9431
bet04>=40,M2A,149126526,142,86,0.6056,29,6,0.2042,0.2132,860.37,951.03,-21.29,-0.0247,-0.0224,0.9047
bet04>=40,M2A,136417898,993,624,0.6284,434,83,0.4371,0.4769,20276.86,23681.25,-533.78,-0.0263,-0.0225,0.8562
bet04>=40,M2A,132358009,101,67,0.6634,46,7,0.4554,0.4894,4598.31,4872.42,-112.06,-0.0244,-0.0230,0.9437
bet04>=40,M2A,148323681,117,77,0.6581,24,5,0.2051,0.2143,5663.67,6349.09,-149.34,-0.0264,-0.0235,0.8920
bet04>=40,M2A,147985252,1646,1080,0.6561,711,160,0.4320,0.4785,21966.96,24990.74,-595.10,-0.0271,-0.0238,0.8790
bet04>=40,M2A,99599364,185,124,0.6703,64,14,0.3459,0.3743,16664.40,18057.07,-438.86,-0.0263,-0.0243,0.9229
bet04>=40,M2A,128991735,87,53,0.6092,26,4,0.2989,0.3133,58194.05,62256.99,-1526.46,-0.0262,-0.0245,0.9347
bet04>=40,M2A,148156019,84,55,0.6548,12,1,0.1429,0.1446,649.16,711.99,-17.54,-0.0270,-0.0246,0.9118
bet04>=40,M2A,66479976,41,26,0.6341,14,3,0.3415,0.3684,3035.20,3644.92,-90.26,-0.0297,-0.0248,0.8327
bet04>=40,M2A,137621044,1039,881,0.8479,172,27,0.1655,0.1700,13105.20,14460.53,-358.78,-0.0274,-0.0248,0.9063
bet04>=40,M2A,129490813,35,24,0.6857,8,0,0.2286,0.2286,500.75,500.75,-12.45,-0.0249,-0.0249,1.0000
bet04>=40,M2A,118201452,1620,1016,0.6272,247,37,0.1525,0.1560,3653.12,3951.51,-99.95,-0.0274,-0.0253,0.9245
bet04>=40,M2A,153308964,461,322,0.6985,165,35,0.3579,0.3873,15609.29,17248.50,-439.13,-0.0281,-0.0255,0.9050
bet04>=40,M2A,98035175,129,83,0.6434,60,15,0.4651,0.5263,356.92,405.41,-10.44,-0.0292,-0.0257,0.8804
bet04>=40,M2A,128786631,66,56,0.8485,20,3,0.3030,0.3175,60097.21,63470.39,-1633.50,-0.0272,-0.0257,0.9469
bet04>=40,M2A,152543951,48,33,0.6875,20,5,0.4167,0.4651,6823.00,7923.00,-204.50,-0.0300,-0.0258,0.8612
bet04>=40,M2A,143638133,296,179,0.6047,80,17,0.2703,0.2867,1901.63,2095.59,-54.29,-0.0285,-0.0259,0.9074
bet04>=40,M2A,148617052,38,26,0.6842,5,2,0.1316,0.1389,770.00,890.00,-23.50,-0.0305,-0.0264,0.8652
bet04>=40,M2A,116145027,91,61,0.6703,30,5,0.3297,0.3488,1379.29,1551.38,-40.97,-0.0297,-0.0264,0.8891
bet04>=40,M2A,118164491,34,23,0.6765,17,3,0.5000,0.5484,607.36,666.14,-17.72,-0.0292,-0.0266,0.9118
bet04>=40,M2A,149409962,189,125,0.6614,36,7,0.1905,0.1978,5307.75,5657.14,-150.75,-0.0284,-0.0266,0.9382
bet04>=40,M2A,143630793,44,32,0.7273,22,4,0.5000,0.5500,3025.00,3550.00,-95.00,-0.0314,-0.0268,0.8521
bet04>=40,M2A,153338453,206,142,0.6893,91,16,0.4417,0.4789,14523.36,15741.53,-425.13,-0.0293,-0.0270,0.9226
bet04>=40,M2A,145447259,153,97,0.6340,64,21,0.4183,0.4848,2907.88,3388.25,-92.04,-0.0317,-0.0272,0.8582
bet04>=40,M2A,150470333,58,37,0.6379,13,1,0.2241,0.2281,521.46,525.83,-14.36,-0.0275,-0.0273,0.9917
bet04>=40,M2A,147124797,76,60,0.7895,34,10,0.4474,0.5152,2389.30,2832.03,-77.19,-0.0323,-0.0273,0.8437
bet04>=40,M2A,149620374,97,59,0.6082,48,7,0.4948,0.5333,456.88,490.49,-13.65,-0.0299,-0.0278,0.9315
bet04>=40,M2A,79508678,46,37,0.8043,4,4,0.0870,0.0952,516.45,608.07,-16.88,-0.0327,-0.0278,0.8493
bet04>=40,M2A,108445687,89,59,0.6629,15,1,0.1685,0.1705,901.04,924.28,-25.82,-0.0287,-0.0279,0.9749
bet04>=40,M2A,63251506,94,58,0.6170,34,12,0.3617,0.4146,1187.76,1435.61,-40.03,-0.0337,-0.0279,0.8274
bet04>=40,M2A,147973154,45,30,0.6667,11,3,0.2444,0.2619,476.87,540.06,-15.10,-0.0317,-0.0280,0.8830
bet04>=40,M2A,151260835,53,32,0.6038,22,7,0.4151,0.4783,388.90,455.37,-12.84,-0.0330,-0.0282,0.8540
bet04>=40,M2A,67910734,468,299,0.6389,221,39,0.4722,0.5152,3937.13,4284.74,-120.71,-0.0307,-0.0282,0.9189
bet04>=40,M2A,132912892,55,42,0.7636,15,4,0.2727,0.2941,780.47,901.81,-25.56,-0.0327,-0.0283,0.8654
bet04>=40,M2A,153388727,33,29,0.8788,7,0,0.2121,0.2121,240.98,240.98,-6.95,-0.0288,-0.0288,1.0000
bet04>=40,M2A,151538523,43,34,0.7907,8,3,0.1860,0.2000,776.61,961.76,-27.77,-0.0358,-0.0289,0.8075
bet04>=40,M2A,77080332,3691,2416,0.6546,1670,361,0.4525,0.5015,57218.53,65125.83,-1908.61,-0.0334,-0.0293,0.8786
bet04>=40,M2A,147739764,88,53,0.6023,36,8,0.4091,0.4500,3116.91,5317.81,-157.11,-0.0504,-0.0295,0.5861
bet04>=40,M2A,150839246,50,30,0.6000,25,5,0.5000,0.5556,1078.66,1139.11,-33.75,-0.0313,-0.0296,0.9469
bet04>=40,M2A,135887087,57,53,0.9298,13,1,0.2281,0.2321,416.80,425.23,-12.65,-0.0303,-0.0297,0.9802
bet04>=40,M2A,147864585,65,40,0.6154,16,4,0.2462,0.2623,339.68,381.81,-11.45,-0.0337,-0.0300,0.8897
bet04>=40,M2A,148999669,52,32,0.6154,15,8,0.2885,0.3409,1191.53,1605.11,-48.29,-0.0405,-0.0301,0.7423
bet04>=40,M2A,72671741,56,40,0.7143,21,0,0.3750,0.3750,389.14,389.14,-11.87,-0.0305,-0.0305,1.0000
bet04>=40,M2A,153417631,39,25,0.6410,20,0,0.5128,0.5128,5398.00,5398.00,-166.50,-0.0308,-0.0308,1.0000
bet04>=40,M2A,149118746,35,30,0.8571,17,1,0.4857,0.5000,8039.00,9479.00,-299.75,-0.0373,-0.0316,0.8481
bet04>=40,M2A,140654867,121,95,0.7851,48,14,0.3967,0.4486,194620.29,233901.01,-7408.34,-0.0381,-0.0317,0.8321
bet04>=40,M2A,150266107,43,37,0.8605,8,1,0.1860,0.1905,53.90,152.61,-4.85,-0.0900,-0.0318,0.3532
bet04>=40,M2A,105259299,87,61,0.7011,19,4,0.2184,0.2289,276.25,321.81,-10.33,-0.0374,-0.0321,0.8584
bet04>=40,M2A,150409050,48,45,0.9375,4,0,0.0833,0.0833,13.02,13.02,-0.42,-0.0323,-0.0323,1.0000
bet04>=40,M2A,123940418,46,28,0.6087,17,6,0.3696,0.4250,1291.22,1607.45,-52.52,-0.0407,-0.0327,0.8033
bet04>=40,M2A,82274536,1176,890,0.7568,532,110,0.4524,0.4991,5257.81,5801.21,-192.13,-0.0365,-0.0331,0.9063
bet04>=40,M2A,47488418,6320,4044,0.6399,2552,479,0.4038,0.4369,51689.55,56007.81,-1858.86,-0.0360,-0.0332,0.9229
bet04>=40,M2A,142981780,32,30,0.9375,13,0,0.4063,0.4063,316.14,316.14,-10.53,-0.0333,-0.0333,1.0000
bet04>=40,M2A,140731353,62,43,0.6935,18,4,0.2903,0.3103,1292.29,1427.30,-47.66,-0.0369,-0.0334,0.9054
bet04>=40,M2A,148103111,51,32,0.6275,18,1,0.3529,0.3600,3710.00,3840.88,-128.30,-0.0346,-0.0334,0.9659
bet04>=40,M2A,133737301,72,47,0.6528,32,5,0.4444,0.4776,458.20,495.24,-16.58,-0.0362,-0.0335,0.9252
bet04>=40,M2A,147635229,36,24,0.6667,15,2,0.4167,0.4412,582.72,701.21,-23.70,-0.0407,-0.0338,0.8310
bet04>=40,M2A,142452262,265,170,0.6415,121,27,0.4566,0.5084,5881.81,6473.32,-220.34,-0.0375,-0.0340,0.9086
bet04>=40,M2A,152620427,834,527,0.6319,235,40,0.2818,0.2960,8142.38,8848.37,-302.95,-0.0372,-0.0342,0.9202
bet04>=40,M2A,148233169,111,68,0.6126,29,10,0.2613,0.2871,1323.97,1539.01,-52.81,-0.0399,-0.0343,0.8603
bet04>=40,M2A,147728386,44,31,0.7045,6,3,0.1364,0.1463,373.23,439.25,-15.19,-0.0407,-0.0346,0.8497
bet04>=40,M2A,146054760,50,30,0.6000,22,1,0.4400,0.4490,2081.57,2094.43,-72.54,-0.0349,-0.0346,0.9939
bet04>=40,M2A,148478439,37,37,1.0000,9,1,0.2432,0.2500,431.12,444.21,-15.46,-0.0359,-0.0348,0.9705
bet04>=40,M2A,88166599,75,47,0.6267,20,7,0.2667,0.2941,591.02,700.77,-24.40,-0.0413,-0.0348,0.8434
bet04>=40,M2A,89281696,128,79,0.6172,24,1,0.1875,0.1890,1168.36,1194.62,-41.56,-0.0356,-0.0348,0.9780
bet04>=40,M2A,128915576,16861,10226,0.6065,2836,393,0.1682,0.1722,75262.50,78861.48,-2755.49,-0.0366,-0.0349,0.9544
bet04>=40,M2A,148954725,30,30,1.0000,5,2,0.1667,0.1786,15.81,21.56,-0.75,-0.0477,-0.0350,0.7333
bet04>=40,M2A,151109794,34,21,0.6176,9,0,0.2647,0.2647,2633.17,2633.17,-92.58,-0.0352,-0.0352,1.0000
bet04>=40,M2A,151460057,35,28,0.8000,16,0,0.4571,0.4571,5721.11,5721.11,-202.86,-0.0355,-0.0355,1.0000
bet04>=40,M2A,151262411,50,33,0.6600,8,1,0.1600,0.1633,690.44,707.48,-25.34,-0.0367,-0.0358,0.9759
bet04>=40,M2A,151670460,41,25,0.6098,18,4,0.4390,0.4865,3155.00,3415.00,-122.50,-0.0388,-0.0359,0.9239
bet04>=40,M2A,144480745,136,87,0.6397,22,1,0.1618,0.1630,4305.94,4436.82,-160.98,-0.0374,-0.0363,0.9705
bet04>=40,M2A,148445428,94,63,0.6702,18,4,0.1915,0.2000,689.75,796.03,-29.01,-0.0421,-0.0364,0.8665
bet04>=40,M2A,151971464,43,26,0.6047,18,4,0.4186,0.4615,6953.03,7659.83,-279.54,-0.0402,-0.0365,0.9077
bet04>=40,M2A,149306007,41,30,0.7317,9,0,0.2195,0.2195,623.77,623.77,-22.80,-0.0366,-0.0366,1.0000
bet04>=40,M2A,152784346,52,40,0.7692,8,2,0.1538,0.1600,1686.16,1765.16,-64.54,-0.0383,-0.0366,0.9552
bet04>=40,M2A,148464826,58,39,0.6724,15,1,0.2586,0.2632,144.49,175.90,-6.54,-0.0453,-0.0372,0.8214
bet04>=40,M2A,146165066,45,45,1.0000,10,1,0.2222,0.2273,348.93,362.01,-13.61,-0.0390,-0.0376,0.9638
bet04>=40,M2A,148483990,36,31,0.8611,11,3,0.3056,0.3333,135.98,144.41,-5.48,-0.0403,-0.0380,0.9416
bet04>=40,M2A,122556614,559,341,0.6100,264,55,0.4723,0.5238,220966.86,246235.05,-9347.88,-0.0423,-0.0380,0.8974
bet04>=40,M2A,141624776,67,43,0.6418,17,3,0.2537,0.2656,252.99,276.18,-10.54,-0.0417,-0.0382,0.9160
bet04>=40,M2A,148460226,216,130,0.6019,32,5,0.1481,0.1517,4128.73,4869.51,-186.02,-0.0451,-0.0382,0.8479
bet04>=40,M2A,153536451,301,196,0.6512,53,7,0.1761,0.1803,3063.18,3271.04,-125.21,-0.0409,-0.0383,0.9365
bet04>=40,M2A,151673960,60,37,0.6167,25,6,0.4167,0.4630,11223.81,13538.21,-518.14,-0.0462,-0.0383,0.8290
bet04>=40,M2A,148353377,49,33,0.6735,14,3,0.2857,0.3043,657.51,724.93,-27.89,-0.0424,-0.0385,0.9070
bet04>=40,M2A,95427913,44,27,0.6136,20,5,0.4545,0.5128,746.32,829.59,-31.99,-0.0429,-0.0386,0.8996
bet04>=40,M2A,152287029,44,29,0.6591,10,1,0.2273,0.2326,3175.95,3383.67,-130.86,-0.0412,-0.0387,0.9386
bet04>=40,M2A,153674449,37,25,0.6757,11,1,0.2973,0.3056,1903.54,2084.27,-80.81,-0.0425,-0.0388,0.9133
bet04>=40,M2A,149003621,108,76,0.7037,38,9,0.3519,0.3838,6376.72,7172.47,-285.03,-0.0447,-0.0397,0.8891
bet04>=40,M2A,149710452,45,28,0.6222,13,5,0.2889,0.3250,221.06,259.98,-10.35,-0.0468,-0.0398,0.8503
bet04>=40,M2A,145932217,46,30,0.6522,22,1,0.4783,0.4889,289.54,295.86,-11.78,-0.0407,-0.0398,0.9786
bet04>=40,M2A,151296285,44,29,0.6591,15,4,0.3409,0.3750,172.29,190.29,-7.59,-0.0440,-0.0399,0.9054
bet04>=40,M2A,148395091,63,48,0.7619,22,2,0.3492,0.3607,1092.85,1132.11,-45.15,-0.0413,-0.0399,0.9653
bet04>=40,M2A,147678719,85,52,0.6118,15,1,0.1765,0.1786,10387.00,10637.00,-425.70,-0.0410,-0.0400,0.9765
bet04>=40,M2A,127647075,42,30,0.7143,17,5,0.4048,0.4595,1467.33,1647.34,-66.23,-0.0451,-0.0402,0.8907
bet04>=40,M2A,113626172,699,457,0.6538,301,70,0.4306,0.4785,14223.68,15925.09,-650.56,-0.0457,-0.0409,0.8932
bet04>=40,M2A,148721372,87,54,0.6207,19,2,0.2184,0.2235,373.01,383.22,-15.71,-0.0421,-0.0410,0.9734
bet04>=40,M2A,137165699,73,49,0.6712,14,1,0.1918,0.1944,1034.64,1067.66,-44.07,-0.0426,-0.0413,0.9691
bet04>=40,M2A,150959593,39,27,0.6923,13,1,0.3333,0.3421,301.39,307.63,-12.77,-0.0424,-0.0415,0.9797
bet04>=40,M2A,149852777,34,24,0.7059,14,5,0.4118,0.4828,492.97,622.70,-25.95,-0.0526,-0.0417,0.7917
bet04>=40,M2A,139057131,31,27,0.8710,12,5,0.3871,0.4615,84.33,103.30,-4.32,-0.0513,-0.0418,0.8163
bet04>=40,M2A,108213538,43,26,0.6047,19,4,0.4419,0.4872,913.55,1002.28,-41.94,-0.0459,-0.0418,0.9115
bet04>=40,M2A,148012798,62,39,0.6290,16,1,0.2581,0.2623,509.95,520.95,-22.01,-0.0432,-0.0422,0.9789
bet04>=40,M2A,148257448,30,25,0.8333,7,3,0.2333,0.2593,2396.41,2946.10,-124.40,-0.0519,-0.0422,0.8134
bet04>=40,M2A,55370427,176,125,0.7102,24,6,0.1364,0.1412,1945.87,2204.27,-93.37,-0.0480,-0.0424,0.8828
bet04>=40,M2A,147430708,47,30,0.6383,23,2,0.4894,0.5111,6746.36,7168.01,-305.69,-0.0453,-0.0426,0.9412
bet04>=40,M2A,145060395,68,53,0.7794,18,2,0.2647,0.2727,1367.29,1461.82,-63.12,-0.0462,-0.0432,0.9353
bet04>=40,M2A,151709857,30,22,0.7333,13,4,0.4333,0.5000,730.32,846.04,-36.64,-0.0502,-0.0433,0.8632
bet04>=40,M2A,148192881,107,65,0.6075,39,9,0.3645,0.3980,2748.21,3002.91,-130.09,-0.0473,-0.0433,0.9152
bet04>=40,M2A,104879463,32,32,1.0000,5,1,0.1563,0.1613,1050.00,1140.00,-49.50,-0.0471,-0.0434,0.9211
bet04>=40,M2A,150763167,33,25,0.7576,15,1,0.4545,0.4688,388.61,409.62,-17.86,-0.0459,-0.0436,0.9487
bet04>=40,M2A,147792087,35,27,0.7714,14,2,0.4000,0.4242,175.90,197.22,-8.61,-0.0490,-0.0437,0.8919
bet04>=40,M2A,128518298,50,33,0.6600,23,2,0.4600,0.4792,10923.63,11447.14,-499.85,-0.0458,-0.0437,0.9543
bet04>=40,M2A,151629850,34,26,0.7647,4,3,0.1176,0.1290,51.51,63.98,-2.80,-0.0544,-0.0438,0.8052
bet04>=40,M2A,153738500,96,58,0.6042,30,5,0.3125,0.3297,8284.51,9335.10,-410.13,-0.0495,-0.0439,0.8875
bet04>=40,M2A,148774834,32,23,0.7188,7,2,0.2188,0.2333,3389.22,3869.32,-170.86,-0.0504,-0.0442,0.8759
bet04>=40,M2A,148151524,36,23,0.6389,14,2,0.3889,0.4118,159.65,165.95,-7.35,-0.0461,-0.0443,0.9620
bet04>=40,M2A,148896756,90,67,0.7444,40,3,0.4444,0.4598,988.29,1011.85,-44.99,-0.0455,-0.0445,0.9767
bet04>=40,M2A,149994200,112,71,0.6339,33,3,0.2946,0.3028,10786.14,11147.72,-497.73,-0.0461,-0.0446,0.9676
bet04>=40,M2A,150177310,836,516,0.6172,293,61,0.3505,0.3781,17628.82,19340.75,-863.40,-0.0490,-0.0446,0.9115
bet04>=40,M2A,118139336,57,35,0.6140,11,1,0.1930,0.1964,520.73,541.82,-24.24,-0.0466,-0.0447,0.9611
bet04>=40,M2A,148398517,50,50,1.0000,7,0,0.1400,0.1400,305.69,305.69,-13.70,-0.0448,-0.0448,1.0000
bet04>=40,M2A,152602939,133,97,0.7293,38,8,0.2857,0.3040,3524.51,3807.59,-170.46,-0.0484,-0.0448,0.9257
bet04>=40,M2A,149091219,30,24,0.8000,9,1,0.3000,0.3103,123.03,133.50,-6.02,-0.0489,-0.0451,0.9216
bet04>=40,M2A,148720013,43,27,0.6279,8,1,0.1860,0.1905,201.03,206.27,-9.29,-0.0462,-0.0451,0.9746
bet04>=40,M2A,125549059,58,40,0.6897,18,7,0.3103,0.3529,4875.77,5815.68,-262.11,-0.0538,-0.0451,0.8384
bet04>=40,M2A,152307200,528,319,0.6042,85,9,0.1610,0.1638,1459.96,1528.43,-69.15,-0.0474,-0.0452,0.9552
bet04>=40,M2A,151952215,67,42,0.6269,8,1,0.1194,0.1212,2156.98,2185.60,-98.87,-0.0458,-0.0452,0.9869
bet04>=40,M2A,122851036,40,30,0.7500,20,3,0.5000,0.5405,2681.87,2836.17,-128.71,-0.0480,-0.0454,0.9456
bet04>=40,M2A,151007269,35,21,0.6000,15,5,0.4286,0.5000,92.23,114.87,-5.23,-0.0568,-0.0456,0.8029
bet04>=40,M2A,114701288,252,175,0.6944,45,12,0.1786,0.1875,848.22,1976.45,-90.03,-0.1061,-0.0456,0.4292
bet04>=40,M2A,151643754,40,28,0.7000,7,1,0.1750,0.1795,226.30,239.15,-11.06,-0.0489,-0.0462,0.9462
bet04>=40,M2A,89055789,114,71,0.6228,23,3,0.2018,0.2072,834.95,896.06,-41.67,-0.0499,-0.0465,0.9318
bet04>=40,M2A,130724415,54,36,0.6667,15,2,0.2778,0.2885,3905.04,4034.52,-189.34,-0.0485,-0.0469,0.9679
bet04>=40,M2A,150116703,33,28,0.8485,15,2,0.4545,0.4839,9376.78,10674.07,-502.05,-0.0535,-0.0470,0.8785
bet04>=40,M2A,136814875,66,41,0.6212,28,8,0.4242,0.4828,128.60,145.47,-6.85,-0.0533,-0.0471,0.8841
bet04>=40,M2A,145051725,5872,4056,0.6907,1709,293,0.2910,0.3063,29852.82,34900.03,-1644.98,-0.0551,-0.0471,0.8554
bet04>=40,M2A,101736389,67,43,0.6418,28,2,0.4179,0.4308,1144.03,1221.10,-57.67,-0.0504,-0.0472,0.9369
bet04>=40,M2A,150354868,64,44,0.6875,15,6,0.2344,0.2586,3328.84,4107.21,-193.94,-0.0583,-0.0472,0.8105
bet04>=40,M2A,148746062,52,46,0.8846,19,3,0.3654,0.3878,145.05,155.59,-7.38,-0.0509,-0.0474,0.9322
bet04>=40,M2A,87065950,96,71,0.7396,20,2,0.2083,0.2128,1928.42,2032.28,-96.97,-0.0503,-0.0477,0.9489
bet04>=40,M2A,151571561,31,22,0.7097,5,1,0.1613,0.1667,550.83,615.12,-29.44,-0.0535,-0.0479,0.8955
bet04>=40,M2A,148824567,76,46,0.6053,29,6,0.3816,0.4143,2770.46,3006.05,-143.89,-0.0519,-0.0479,0.9216
bet04>=40,M2A,108723530,118,78,0.6610,28,5,0.2373,0.2478,1583.47,1685.57,-81.11,-0.0512,-0.0481,0.9394
bet04>=40,M2A,149715558,48,31,0.6458,20,5,0.4167,0.4651,1442.58,1831.77,-88.73,-0.0615,-0.0484,0.7875
bet04>=40,M2A,148227221,43,27,0.6279,16,8,0.3721,0.4571,1039.36,1283.92,-62.30,-0.0599,-0.0485,0.8095
bet04>=40,M2A,116997204,40,28,0.7000,4,2,0.1000,0.1053,1678.00,1998.00,-97.00,-0.0578,-0.0485,0.8398
bet04>=40,M2A,148285231,543,378,0.6961,134,20,0.2468,0.2562,3408.54,3608.55,-175.54,-0.0515,-0.0486,0.9446
bet04>=40,M2A,150030728,33,25,0.7576,11,2,0.3333,0.3548,716.52,758.53,-36.97,-0.0516,-0.0487,0.9446
bet04>=40,M2A,149183531,32,22,0.6875,7,1,0.2188,0.2258,1033.04,1096.28,-53.76,-0.0520,-0.0490,0.9423
bet04>=40,M2A,152328514,73,57,0.7808,34,4,0.4658,0.4928,792.22,833.09,-40.88,-0.0516,-0.0491,0.9509
bet04>=40,M2A,152891325,316,202,0.6392,140,25,0.4430,0.4811,15565.80,16546.87,-813.40,-0.0523,-0.0492,0.9407
bet04>=40,M2A,151966145,52,37,0.7115,22,6,0.4231,0.4783,55978.99,63514.62,-3121.91,-0.0558,-0.0492,0.8814
bet04>=40,M2A,143825716,33,21,0.6364,16,0,0.4848,0.4848,870.46,870.46,-43.03,-0.0494,-0.0494,1.0000
bet04>=40,M2A,127088020,7464,4788,0.6415,1192,150,0.1597,0.1630,86023.39,92787.63,-4581.67,-0.0533,-0.0494,0.9271
bet04>=40,M2A,131375469,898,570,0.6347,395,97,0.4399,0.4931,132926.52,150507.68,-7437.83,-0.0560,-0.0494,0.8832
bet04>=40,M2A,149853497,62,41,0.6613,10,2,0.1613,0.1667,2411.14,2618.70,-130.51,-0.0541,-0.0498,0.9207
bet04>=40,M2A,140745724,285,172,0.6035,116,34,0.4070,0.4622,16686.88,19155.50,-960.08,-0.0575,-0.0501,0.8711
bet04>=40,M2A,153834986,33,22,0.6667,10,2,0.3030,0.3226,471.84,518.07,-26.04,-0.0552,-0.0503,0.9108
bet04>=40,M2A,62763059,48,30,0.6250,19,7,0.3958,0.4634,358.87,431.16,-21.82,-0.0608,-0.0506,0.8323
bet04>=40,M2A,138002439,130,78,0.6000,20,0,0.1538,0.1538,19645.00,19645.00,-995.00,-0.0506,-0.0506,1.0000
bet04>=40,M2A,125702324,784,500,0.6378,352,63,0.4490,0.4882,31789.29,34619.55,-1751.61,-0.0551,-0.0506,0.9182
bet04>=40,M2A,72990825,115,85,0.7391,23,3,0.2000,0.2054,2778.00,2930.72,-148.51,-0.0535,-0.0507,0.9479
bet04>=40,M2A,65491734,203,125,0.6158,92,14,0.4532,0.4868,20591.39,22241.03,-1132.00,-0.0550,-0.0509,0.9258
bet04>=40,M2A,150838533,54,39,0.7222,14,2,0.2593,0.2692,635.69,741.12,-37.80,-0.0595,-0.0510,0.8577
bet04>=40,M2A,129827164,36,25,0.6944,18,2,0.5000,0.5294,685.06,783.66,-40.08,-0.0585,-0.0511,0.8742
bet04>=40,M2A,79281121,85,57,0.6706,38,4,0.4471,0.4691,735.81,757.27,-38.83,-0.0528,-0.0513,0.9717
bet04>=40,M2A,152297817,41,30,0.7317,14,3,0.3415,0.3684,295.63,405.55,-20.85,-0.0705,-0.0514,0.7290
bet04>=40,M2A,148963412,172,114,0.6628,28,8,0.1628,0.1707,1720.55,2067.38,-106.34,-0.0618,-0.0514,0.8322
bet04>=40,M2A,149979290,35,23,0.6571,15,4,0.4286,0.4839,1914.90,2172.06,-111.69,-0.0583,-0.0514,0.8816
bet04>=40,M2A,77978995,63,38,0.6032,28,4,0.4444,0.4746,2899.15,3014.89,-155.12,-0.0535,-0.0514,0.9616
bet04>=40,M2A,148869523,33,21,0.6364,16,1,0.4848,0.5000,328.25,341.33,-17.56,-0.0535,-0.0515,0.9617
bet04>=40,M2A,134195956,161,112,0.6957,33,11,0.2050,0.2200,2233.24,2558.54,-132.06,-0.0591,-0.0516,0.8729
bet04>=40,M2A,147319332,892,578,0.6480,353,79,0.3957,0.4342,45754.48,50383.94,-2598.05,-0.0568,-0.0516,0.9081
bet04>=40,M2A,149983479,44,31,0.7045,22,8,0.5000,0.6111,1585.97,2143.68,-110.93,-0.0699,-0.0517,0.7398
bet04>=40,M2A,129836066,53,46,0.8679,13,1,0.2453,0.2500,2400.28,2529.37,-130.73,-0.0545,-0.0517,0.9490
bet04>=40,M2A,141767258,169,106,0.6272,74,12,0.4379,0.4713,251038.00,281026.00,-14535.50,-0.0579,-0.0517,0.8933
bet04>=40,M2A,64095855,79,50,0.6329,27,5,0.3418,0.3649,7206.67,7902.38,-410.13,-0.0569,-0.0519,0.9120
bet04>=40,M2A,139058736,747,457,0.6118,340,71,0.4552,0.5030,110734.86,123858.74,-6444.14,-0.0582,-0.0520,0.8940
bet04>=40,M2A,151401731,71,45,0.6338,28,6,0.3944,0.4308,223.21,238.64,-12.46,-0.0558,-0.0522,0.9353
bet04>=40,M2A,150492567,34,23,0.6765,9,2,0.2647,0.2813,1815.68,1984.33,-103.52,-0.0570,-0.0522,0.9150
bet04>=40,M2A,152785971,36,24,0.6667,15,4,0.4167,0.4688,77.67,87.89,-4.60,-0.0592,-0.0523,0.8837
bet04>=40,M2A,148211274,53,34,0.6415,14,1,0.2642,0.2692,124.04,129.96,-6.83,-0.0551,-0.0526,0.9545
bet04>=40,M2A,153133000,45,32,0.7111,15,2,0.3333,0.3488,298.41,310.67,-16.35,-0.0548,-0.0526,0.9605
bet04>=40,M2A,148472620,109,75,0.6881,45,12,0.4128,0.4639,714.08,789.99,-41.71,-0.0584,-0.0528,0.9039
bet04>=40,M2A,81198374,31,21,0.6774,10,2,0.3226,0.3448,980.66,1145.05,-60.71,-0.0619,-0.0530,0.8564
bet04>=40,M2A,150186341,43,29,0.6744,19,6,0.4419,0.5135,3987.12,4634.66,-247.26,-0.0620,-0.0534,0.8603
bet04>=40,M2A,147255034,45,28,0.6222,8,3,0.1778,0.1905,259.82,293.99,-15.77,-0.0607,-0.0536,0.8838
bet04>=40,M2A,139881303,66,45,0.6818,25,8,0.3788,0.4310,124.91,141.85,-7.62,-0.0610,-0.0537,0.8806
bet04>=40,M2A,149554414,78,50,0.6410,13,0,0.1667,0.1667,804.54,804.54,-43.23,-0.0537,-0.0537,1.0000
bet04>=40,M2A,150096010,69,42,0.6087,22,7,0.3188,0.3548,20.17,22.48,-1.22,-0.0604,-0.0542,0.8972
bet04>=40,M2A,96786452,46,31,0.6739,22,3,0.4783,0.5116,203.16,221.56,-12.07,-0.0594,-0.0545,0.9170
bet04>=40,M2A,153623883,38,28,0.7368,10,1,0.2632,0.2703,320.14,345.96,-18.85,-0.0589,-0.0545,0.9254
bet04>=40,M2A,148359341,71,43,0.6056,29,9,0.4085,0.4677,243.37,287.48,-15.70,-0.0645,-0.0546,0.8466
bet04>=40,M2A,146998400,44,36,0.8182,18,1,0.4091,0.4186,7326.01,7457.67,-407.48,-0.0556,-0.0546,0.9823
bet04>=40,M2A,146105142,38,27,0.7105,8,1,0.2105,0.2162,872.44,930.02,-50.86,-0.0583,-0.0547,0.9381
bet04>=40,M2A,146933222,54,49,0.9074,11,1,0.2037,0.2075,343.99,374.65,-20.53,-0.0597,-0.0548,0.9182
bet04>=40,M2A,148711459,45,30,0.6667,14,1,0.3111,0.3182,646.00,659.09,-36.10,-0.0559,-0.0548,0.9801
bet04>=40,M2A,149197963,47,47,1.0000,5,0,0.1064,0.1064,714.60,714.60,-39.26,-0.0549,-0.0549,1.0000
bet04>=40,M2A,149971408,134,84,0.6269,41,6,0.3060,0.3203,4732.50,5152.82,-282.81,-0.0598,-0.0549,0.9184
bet04>=40,M2A,91101295,137,87,0.6350,32,9,0.2336,0.2500,1416.90,1621.08,-89.23,-0.0630,-0.0550,0.8741
bet04>=40,M2A,152696763,65,41,0.6308,23,3,0.3538,0.3710,693.09,738.05,-40.88,-0.0590,-0.0554,0.9391
bet04>=40,M2A,149195923,41,25,0.6098,16,4,0.3902,0.4324,88.78,107.52,-5.98,-0.0674,-0.0557,0.8258
bet04>=40,M2A,145825273,41,29,0.7073,14,2,0.3415,0.3590,826.44,855.09,-47.75,-0.0578,-0.0558,0.9665
bet04>=40,M2A,150061216,207,155,0.7488,53,8,0.2560,0.2663,1075.52,1127.19,-62.98,-0.0586,-0.0559,0.9542
bet04>=40,M2A,149089517,108,103,0.9537,23,4,0.2130,0.2212,1799.07,1969.22,-110.97,-0.0617,-0.0564,0.9136
bet04>=40,M2A,104261678,65,44,0.6769,25,6,0.3846,0.4237,48077.25,55187.59,-3119.17,-0.0649,-0.0565,0.8712
bet04>=40,M2A,142694440,55,36,0.6545,7,1,0.1273,0.1296,774.04,840.90,-47.70,-0.0616,-0.0567,0.9205
bet04>=40,M2A,148662408,30,22,0.7333,14,3,0.4667,0.5185,2039.11,2308.72,-130.95,-0.0642,-0.0567,0.8832
bet04>=40,M2A,153612540,31,19,0.6129,11,2,0.3548,0.3793,992.88,1059.64,-60.17,-0.0606,-0.0568,0.9370
bet04>=40,M2A,92005751,50,32,0.6400,15,4,0.3000,0.3261,976.17,1137.64,-64.59,-0.0662,-0.0568,0.8581
bet04>=40,M2A,136700890,48,30,0.6250,11,1,0.2292,0.2340,415.64,432.25,-24.61,-0.0592,-0.0569,0.9616
bet04>=40,M2A,151368973,47,32,0.6809,19,5,0.4043,0.4524,507.86,558.34,-31.85,-0.0627,-0.0570,0.9096
bet04>=40,M2A,152403763,44,31,0.7045,11,3,0.2500,0.2683,988.82,1130.82,-64.54,-0.0653,-0.0571,0.8744
bet04>=40,M2A,152123327,36,29,0.8056,16,2,0.4444,0.4706,1162.60,1224.32,-69.96,-0.0602,-0.0571,0.9496
bet04>=40,M2A,153322301,41,27,0.6585,16,6,0.3902,0.4571,2286.91,3218.93,-184.03,-0.0805,-0.0572,0.7105
bet04>=40,M2A,149878175,46,33,0.7174,11,2,0.2391,0.2500,678.77,757.70,-43.41,-0.0640,-0.0573,0.8958
bet04>=40,M2A,146852838,32,21,0.6563,9,4,0.2813,0.3214,490.35,569.54,-32.73,-0.0667,-0.0575,0.8610
bet04>=40,M2A,147876403,40,25,0.6250,19,2,0.4750,0.5000,392.34,416.04,-23.96,-0.0611,-0.0576,0.9430
bet04>=40,M2A,151741010,58,43,0.7414,24,6,0.4138,0.4615,2282.02,2500.36,-144.14,-0.0632,-0.0576,0.9127
bet04>=40,M2A,152333619,65,39,0.6000,26,10,0.4000,0.4727,303.11,360.34,-20.85,-0.0688,-0.0579,0.8412
bet04>=40,M2A,147920365,203,128,0.6305,35,8,0.1724,0.1795,31511.29,35289.46,-2049.61,-0.0650,-0.0581,0.8929
bet04>=40,M2A,150322105,69,48,0.6957,8,6,0.1159,0.1270,850.75,1075.52,-63.02,-0.0741,-0.0586,0.7910
bet04>=40,M2A,148755140,58,43,0.7414,19,3,0.3276,0.3455,580.82,648.28,-38.05,-0.0655,-0.0587,0.8959
bet04>=40,M2A,138103430,249,150,0.6024,38,1,0.1526,0.1532,2480.16,2521.03,-147.94,-0.0596,-0.0587,0.9838
bet04>=40,M2A,150220268,426,280,0.6573,105,13,0.2465,0.2542,5311.35,5635.67,-330.82,-0.0623,-0.0587,0.9425
bet04>=40,M2A,139731236,41,30,0.7317,13,3,0.3171,0.3421,512.36,562.09,-33.08,-0.0646,-0.0588,0.9115
bet04>=40,M2A,107572165,185,132,0.7135,37,8,0.2000,0.2090,530.64,568.13,-33.43,-0.0630,-0.0588,0.9340
bet04>=40,M2A,152470702,96,83,0.8646,21,5,0.2188,0.2308,9944.00,11759.00,-691.95,-0.0696,-0.0588,0.8457
bet04>=40,M2A,131826464,57,37,0.6491,23,8,0.4035,0.4694,31174.87,35956.07,-2116.47,-0.0679,-0.0589,0.8670
bet04>=40,M2A,153011432,46,34,0.7391,14,2,0.3043,0.3182,379.62,410.27,-24.19,-0.0637,-0.0590,0.9253
bet04>=40,M2A,111279961,51,31,0.6078,23,7,0.4510,0.5227,3155.45,3642.59,-215.38,-0.0683,-0.0591,0.8663
bet04>=40,M2A,78647162,42,26,0.6190,16,1,0.3810,0.3902,4873.84,5004.72,-295.98,-0.0607,-0.0591,0.9738
bet04>=40,M2A,150443403,90,62,0.6889,19,1,0.2111,0.2135,382.31,386.51,-23.00,-0.0602,-0.0595,0.9891
bet04>=40,M2A,146478467,88,72,0.8182,22,3,0.2500,0.2588,272.91,291.62,-17.44,-0.0639,-0.0598,0.9358
bet04>=40,M2A,112906596,31,19,0.6129,11,0,0.3548,0.3548,187.59,187.59,-11.29,-0.0602,-0.0602,1.0000
bet04>=40,M2A,10702402,132,80,0.6061,58,9,0.4394,0.4715,8048.34,8884.76,-534.93,-0.0665,-0.0602,0.9059
bet04>=40,M2A,148981949,42,31,0.7381,8,1,0.1905,0.1951,457.40,483.35,-29.30,-0.0641,-0.0606,0.9463
bet04>=40,M2A,148515565,38,27,0.7105,14,0,0.3684,0.3684,248.93,248.93,-15.23,-0.0612,-0.0612,1.0000
bet04>=40,M2A,153012271,40,31,0.7750,7,1,0.1750,0.1795,192.33,196.42,-12.10,-0.0629,-0.0616,0.9792
bet04>=40,M2A,148332171,5013,3171,0.6326,973,181,0.1941,0.2014,11340.29,15649.36,-964.11,-0.0850,-0.0616,0.7246
bet04>=40,M2A,74025982,1214,755,0.6219,213,25,0.1755,0.1791,26925.80,28334.42,-1748.38,-0.0649,-0.0617,0.9503
bet04>=40,M2A,151021919,62,44,0.7097,11,2,0.1774,0.1833,853.71,882.79,-54.63,-0.0640,-0.0619,0.9671
bet04>=40,M2A,152797830,97,64,0.6598,19,0,0.1959,0.1959,256.92,285.53,-17.78,-0.0692,-0.0623,0.8998
bet04>=40,M2A,125146159,557,354,0.6355,192,46,0.3447,0.3757,100422.00,111792.00,-6983.00,-0.0695,-0.0625,0.8983
bet04>=40,M2A,152348844,47,33,0.7021,21,3,0.4468,0.4773,151.86,160.04,-10.02,-0.0659,-0.0626,0.9489
bet04>=40,M2A,151079384,164,109,0.6646,40,4,0.2439,0.2500,1916.58,2113.91,-133.46,-0.0696,-0.0631,0.9067
bet04>=40,M2A,147566179,457,387,0.8468,205,39,0.4486,0.4904,583.86,636.76,-40.32,-0.0691,-0.0633,0.9169
bet04>=40,M2A,129951535,35,35,1.0000,6,2,0.1714,0.1818,268.46,308.79,-19.58,-0.0729,-0.0634,0.8694
bet04>=40,M2A,150015352,224,154,0.6875,31,8,0.1384,0.1435,633.65,752.10,-47.87,-0.0755,-0.0636,0.8425
bet04>=40,M2A,152834780,44,29,0.6591,19,4,0.4318,0.4750,750.00,880.00,-56.00,-0.0747,-0.0636,0.8523
bet04>=40,M2A,150203057,37,23,0.6216,18,3,0.4865,0.5294,2243.27,2450.83,-156.45,-0.0697,-0.0638,0.9153
bet04>=40,M2A,149368461,80,48,0.6000,20,3,0.2500,0.2597,608.70,639.23,-41.02,-0.0674,-0.0642,0.9522
bet04>=40,M2A,131419447,5272,3438,0.6521,1319,216,0.2502,0.2609,25269.70,27059.57,-1738.33,-0.0688,-0.0642,0.9339
bet04>=40,M2A,148664128,42,27,0.6429,19,4,0.4524,0.5000,133.50,146.59,-9.42,-0.0706,-0.0643,0.9107
bet04>=40,M2A,148942515,46,30,0.6522,18,3,0.3913,0.4186,3470.05,3928.13,-253.08,-0.0729,-0.0644,0.8834
bet04>=40,M2A,135044234,40,25,0.6250,12,3,0.3000,0.3243,522.22,570.39,-36.81,-0.0705,-0.0645,0.9155
bet04>=40,M2A,153716515,94,64,0.6809,30,6,0.3191,0.3409,501.45,543.88,-35.15,-0.0701,-0.0646,0.9220
bet04>=40,M2A,129626101,36,24,0.6667,16,2,0.4444,0.4706,1929.12,2036.77,-132.41,-0.0686,-0.0650,0.9471
bet04>=40,M2A,149513764,41,27,0.6585,9,3,0.2195,0.2368,88.23,96.63,-6.30,-0.0714,-0.0652,0.9130
bet04>=40,M2A,111631463,41,25,0.6098,10,0,0.2439,0.2439,321.96,321.96,-20.98,-0.0652,-0.0652,1.0000
bet04>=40,M2A,145262340,35,24,0.6857,15,3,0.4286,0.4688,382.22,496.07,-32.35,-0.0846,-0.0652,0.7705
bet04>=40,M2A,152276299,92,58,0.6304,13,3,0.1413,0.1461,4057.70,4718.24,-308.46,-0.0760,-0.0654,0.8600
bet04>=40,M2A,152952444,31,23,0.7419,13,1,0.4194,0.4333,1677.12,1693.65,-111.15,-0.0663,-0.0656,0.9902
bet04>=40,M2A,148836876,54,48,0.8889,10,2,0.1852,0.1923,662.61,714.54,-46.94,-0.0708,-0.0657,0.9273
bet04>=40,M2A,86921525,47,36,0.7660,13,2,0.2766,0.2889,562.35,603.86,-39.81,-0.0708,-0.0659,0.9313
bet04>=40,M2A,145931262,48,33,0.6875,9,1,0.1875,0.1915,3052.31,3157.72,-210.93,-0.0691,-0.0668,0.9666
bet04>=40,M2A,151223577,38,25,0.6579,17,4,0.4474,0.5000,273.16,312.33,-20.95,-0.0767,-0.0671,0.8746
bet04>=40,M2A,144273876,154,108,0.7013,41,9,0.2662,0.2828,1485.98,1639.57,-110.13,-0.0741,-0.0672,0.9063
bet04>=40,M2A,134397822,122,79,0.6475,46,5,0.3770,0.3932,108624.33,113866.13,-7662.67,-0.0705,-0.0673,0.9540
bet04>=40,M2A,110253930,57300,37448,0.6535,7973,1040,0.1391,0.1417,1108279.25,1176096.26,-79203.43,-0.0715,-0.0673,0.9423
bet04>=40,M2A,148851210,30,23,0.7667,8,0,0.2667,0.2667,376.93,376.93,-25.39,-0.0674,-0.0674,1.0000
bet04>=40,M2A,151078720,220,139,0.6318,72,12,0.3273,0.3462,789.86,850.04,-57.38,-0.0727,-0.0675,0.9292
bet04>=40,M2A,146917320,37,30,0.8108,18,3,0.4865,0.5294,3374.77,3719.41,-251.03,-0.0744,-0.0675,0.9073
bet04>=40,M2A,153788205,37,26,0.7027,17,1,0.4595,0.4722,72.73,74.75,-5.05,-0.0694,-0.0676,0.9730
bet04>=40,M2A,150104104,70,46,0.6571,26,10,0.3714,0.4333,6595.14,7661.51,-518.30,-0.0786,-0.0677,0.8608
bet04>=40,M2A,150865099,45,27,0.6000,10,2,0.2222,0.2326,89.32,93.47,-6.34,-0.0709,-0.0678,0.9556
bet04>=40,M2A,73224074,32,21,0.6563,11,0,0.3438,0.3438,436.32,436.32,-29.56,-0.0678,-0.0678,1.0000
bet04>=40,M2A,142067149,49,35,0.7143,17,8,0.3469,0.4146,664.61,896.79,-60.96,-0.0917,-0.0680,0.7411
bet04>=40,M2A,151452179,36,24,0.6667,15,4,0.4167,0.4688,1214.79,1366.64,-93.01,-0.0766,-0.0681,0.8889
bet04>=40,M2A,148715002,31,27,0.8710,10,2,0.3226,0.3448,185.52,196.07,-13.39,-0.0722,-0.0683,0.9462
bet04>=40,M2A,149141263,36,23,0.6389,15,4,0.4167,0.4688,302.33,401.80,-27.48,-0.0909,-0.0684,0.7524
bet04>=40,M2A,142314656,40,33,0.8250,16,4,0.4000,0.4444,2875.77,3229.37,-221.35,-0.0770,-0.0685,0.8905
bet04>=40,M2A,148667972,36,24,0.6667,16,3,0.4444,0.4848,1144.79,1266.57,-86.87,-0.0759,-0.0686,0.9038
bet04>=40,M2A,145980933,96,59,0.6146,17,3,0.1771,0.1828,1025.10,1050.31,-72.26,-0.0705,-0.0688,0.9760
bet04>=40,M2A,153310931,56,36,0.6429,12,1,0.2143,0.2182,288.19,296.37,-20.44,-0.0709,-0.0690,0.9724
bet04>=40,M2A,62912796,96,70,0.7292,25,3,0.2604,0.2688,18592.78,20176.43,-1393.87,-0.0750,-0.0691,0.9215
bet04>=40,M2A,146338647,49,37,0.7551,18,4,0.3673,0.4000,130.07,138.48,-9.58,-0.0737,-0.0692,0.9393
bet04>=40,M2A,128672793,146,127,0.8699,22,5,0.1507,0.1560,690.61,741.65,-51.33,-0.0743,-0.0692,0.9312
bet04>=40,M2A,139039826,209,156,0.7464,32,7,0.1531,0.1584,711.62,768.54,-53.24,-0.0748,-0.0693,0.9259
bet04>=40,M2A,149476166,52,32,0.6154,23,7,0.4423,0.5111,40819.24,44316.77,-3071.14,-0.0752,-0.0693,0.9211
bet04>=40,M2A,133564817,193,118,0.6114,37,6,0.1917,0.1979,349.24,373.70,-25.92,-0.0742,-0.0694,0.9346
bet04>=40,M2A,113189423,34,23,0.6765,11,1,0.3235,0.3333,189.52,197.24,-13.71,-0.0723,-0.0695,0.9609
bet04>=40,M2A,149303877,31,19,0.6129,12,3,0.3871,0.4286,255.10,307.80,-21.40,-0.0839,-0.0695,0.8288
bet04>=40,M2A,100649296,73,52,0.7123,16,3,0.2192,0.2286,1555.93,1627.94,-113.29,-0.0728,-0.0696,0.9558
bet04>=40,M2A,149025803,51,33,0.6471,23,6,0.4510,0.5111,3630.63,3952.67,-274.95,-0.0757,-0.0696,0.9185
bet04>=40,M2A,140628152,929,609,0.6555,242,51,0.2605,0.2756,18334.21,20854.52,-1451.02,-0.0791,-0.0696,0.8791
bet04>=40,M2A,149617141,31,23,0.7419,8,1,0.2581,0.2667,684.90,731.19,-51.05,-0.0745,-0.0698,0.9367
bet04>=40,M2A,149089712,35,22,0.6286,9,4,0.2571,0.2903,382.17,452.84,-31.67,-0.0829,-0.0699,0.8439
bet04>=40,M2A,113892396,60,44,0.7333,15,6,0.2500,0.2778,308.63,357.68,-25.04,-0.0811,-0.0700,0.8629
bet04>=40,M2A,150120435,40,26,0.6500,16,4,0.4000,0.4444,479.74,557.57,-39.05,-0.0814,-0.0700,0.8604
bet04>=40,M2A,147668548,53,34,0.6415,22,4,0.4151,0.4490,390.99,439.18,-31.14,-0.0796,-0.0709,0.8903
bet04>=40,M2A,150912177,37,30,0.8108,6,1,0.1622,0.1667,730.32,789.47,-56.19,-0.0769,-0.0712,0.9251
bet04>=40,M2A,131142003,55,45,0.8182,4,0,0.0727,0.0727,145.30,145.30,-10.38,-0.0714,-0.0714,1.0000
bet04>=40,M2A,97643480,593,481,0.8111,253,54,0.4266,0.4694,17125.66,18836.70,-1346.15,-0.0786,-0.0715,0.9092
bet04>=40,M2A,143554505,118,76,0.6441,44,14,0.3729,0.4231,286.48,332.72,-24.04,-0.0839,-0.0722,0.8610
bet04>=40,M2A,151124631,61,55,0.9016,9,2,0.1475,0.1525,285.19,305.96,-22.12,-0.0776,-0.0723,0.9321
bet04>=40,M2A,148786709,35,23,0.6571,14,3,0.4000,0.4375,153.39,163.86,-11.86,-0.0773,-0.0724,0.9361
bet04>=40,M2A,48031652,59,36,0.6102,13,3,0.2203,0.2321,2177.96,2386.90,-173.31,-0.0796,-0.0726,0.9125
bet04>=40,M2A,153529272,106,68,0.6415,22,2,0.2075,0.2115,3462.37,3562.52,-259.06,-0.0748,-0.0727,0.9719
bet04>=40,M2A,141790890,38,34,0.8947,13,5,0.3421,0.3939,3335.65,4214.53,-306.28,-0.0918,-0.0727,0.7915
bet04>=40,M2A,151272871,37,30,0.8108,13,3,0.3514,0.3824,100.53,110.92,-8.10,-0.0806,-0.0730,0.9064
bet04>=40,M2A,149037919,91,71,0.7802,17,6,0.1868,0.2000,3433.00,4245.00,-309.95,-0.0903,-0.0730,0.8087
bet04>=40,M2A,147482337,36,28,0.7778,7,1,0.1944,0.2000,331.99,342.37,-25.05,-0.0755,-0.0732,0.9697
bet04>=40,M2A,151055614,92,56,0.6087,24,3,0.2609,0.2697,2442.79,2572.96,-188.43,-0.0771,-0.0732,0.9494
bet04>=40,M2A,151520958,56,42,0.7500,15,0,0.2679,0.2679,735.31,735.31,-54.01,-0.0734,-0.0734,1.0000
bet04>=40,M2A,153706922,156,120,0.7692,33,6,0.2115,0.2200,2362.35,2587.09,-189.90,-0.0804,-0.0734,0.9131
bet04>=40,M2A,129779170,105,65,0.6190,35,7,0.3333,0.3571,5168.83,5551.28,-408.25,-0.0790,-0.0735,0.9311
bet04>=40,M2A,113804049,36,28,0.7778,14,1,0.3889,0.4000,99.33,105.47,-7.77,-0.0782,-0.0736,0.9419
bet04>=40,M2A,150411767,44,33,0.7500,20,3,0.4545,0.4878,2653.08,2852.64,-210.06,-0.0792,-0.0736,0.9300
bet04>=40,M2A,142472511,42,26,0.6190,15,7,0.3571,0.4286,152.81,183.83,-13.58,-0.0889,-0.0739,0.8313
bet04>=40,M2A,147778305,35,24,0.6857,11,1,0.3143,0.3235,5260.00,5360.00,-396.00,-0.0753,-0.0739,0.9813
bet04>=40,M2A,144853099,32,21,0.6563,16,2,0.5000,0.5333,125.49,130.89,-9.68,-0.0772,-0.0740,0.9587
bet04>=40,M2A,148713880,30,19,0.6333,7,1,0.2333,0.2414,276.62,291.04,-21.54,-0.0779,-0.0740,0.9505
bet04>=40,M2A,48823109,38,36,0.9474,5,0,0.1316,0.1316,3213.96,3213.96,-238.75,-0.0743,-0.0743,1.0000
bet04>=40,M2A,149460494,44,32,0.7273,9,1,0.2045,0.2093,277.28,281.48,-21.01,-0.0758,-0.0746,0.9851
bet04>=40,M2A,140992042,50,33,0.6600,24,5,0.4800,0.5333,779.75,848.15,-63.27,-0.0811,-0.0746,0.9194
bet04>=40,M2A,129695242,66,40,0.6061,25,9,0.3788,0.4386,1294.25,1454.89,-108.54,-0.0839,-0.0746,0.8896
bet04>=40,M2A,148207838,32,25,0.7813,6,2,0.1875,0.2000,1684.95,2352.17,-175.76,-0.1043,-0.0747,0.7163
bet04>=40,M2A,148070417,33,23,0.6970,9,1,0.2727,0.2813,234.01,242.45,-18.14,-0.0775,-0.0748,0.9652
bet04>=40,M2A,148496396,136,82,0.6029,27,6,0.1985,0.2077,379.27,408.79,-30.57,-0.0806,-0.0748,0.9278
bet04>=40,M2A,147356585,50,50,1.0000,8,1,0.1600,0.1633,320.89,341.33,-25.55,-0.0796,-0.0749,0.9401
bet04>=40,M2A,150983269,32,20,0.6250,13,3,0.4063,0.4483,657.00,800.00,-60.00,-0.0913,-0.0750,0.8213
bet04>=40,M2A,139352960,44,29,0.6591,23,5,0.5227,0.5897,23242.94,26462.58,-1985.45,-0.0854,-0.0750,0.8783
bet04>=40,M2A,140492365,40,25,0.6250,14,1,0.3500,0.3590,190.80,197.12,-14.81,-0.0776,-0.0751,0.9679
bet04>=40,M2A,3377663,66,45,0.6818,26,6,0.3939,0.4333,329.17,863.36,-65.21,-0.1981,-0.0755,0.3813
bet04>=40,M2A,136583726,1061,1011,0.9529,470,118,0.4430,0.4984,75514.11,83559.19,-6310.27,-0.0836,-0.0755,0.9037
bet04>=40,M2A,148916954,77,55,0.7143,23,3,0.2987,0.3108,793.82,873.65,-66.16,-0.0833,-0.0757,0.9086
bet04>=40,M2A,152903452,48,42,0.8750,10,0,0.2083,0.2083,267.96,267.96,-20.34,-0.0759,-0.0759,1.0000
bet04>=40,M2A,150413168,34,33,0.9706,7,0,0.2059,0.2059,779.87,779.87,-59.19,-0.0759,-0.0759,1.0000
bet04>=40,M2A,142600437,117,71,0.6068,42,15,0.3590,0.4118,4628.72,5095.80,-387.51,-0.0837,-0.0760,0.9083
bet04>=40,M2A,124866132,130,84,0.6462,30,3,0.2308,0.2362,1515.42,1589.91,-121.11,-0.0799,-0.0762,0.9532
bet04>=40,M2A,142985502,34,30,0.8824,9,0,0.2647,0.2647,1676.09,1676.09,-127.91,-0.0763,-0.0763,1.0000
bet04>=40,M2A,153450835,34,24,0.7059,9,0,0.2647,0.2647,1841.00,1841.00,-141.00,-0.0766,-0.0766,1.0000
bet04>=40,M2A,153215431,31,24,0.7742,5,1,0.1613,0.1667,881.72,964.90,-74.03,-0.0840,-0.0767,0.9138
bet04>=40,M2A,143120485,102,67,0.6569,43,9,0.4216,0.4624,801.43,874.70,-67.18,-0.0838,-0.0768,0.9162
bet04>=40,M2A,147933026,30,22,0.7333,11,4,0.3667,0.4231,1133.97,1320.73,-101.52,-0.0895,-0.0769,0.8586
bet04>=40,M2A,147284086,35,21,0.6000,15,1,0.4286,0.4412,1306.04,1358.39,-104.70,-0.0802,-0.0771,0.9615
bet04>=40,M2A,149418016,37,33,0.8919,14,4,0.3784,0.4242,243.67,268.88,-20.80,-0.0853,-0.0773,0.9063
bet04>=40,M2A,101084699,42,32,0.7619,13,2,0.3095,0.3250,259.31,274.07,-21.19,-0.0817,-0.0773,0.9462
bet04>=40,M2A,115974527,95,67,0.7053,19,4,0.2000,0.2088,949.75,1052.61,-81.73,-0.0861,-0.0776,0.9023
bet04>=40,M2A,148171814,37,27,0.7297,17,2,0.4595,0.4857,4503.00,4643.00,-360.25,-0.0800,-0.0776,0.9698
bet04>=40,M2A,140060217,644,436,0.6770,202,35,0.3137,0.3317,3761.48,4204.37,-326.57,-0.0868,-0.0777,0.8947
bet04>=40,M2A,149252147,44,28,0.6364,9,3,0.2045,0.2195,282.70,314.11,-24.47,-0.0866,-0.0779,0.9000
bet04>=40,M2A,150120888,32,25,0.7813,8,1,0.2500,0.2581,473.51,486.48,-37.88,-0.0800,-0.0779,0.9733
bet04>=40,M2A,131169829,2277,1469,0.6451,409,46,0.1796,0.1833,20246.63,21503.42,-1678.28,-0.0829,-0.0780,0.9416
bet04>=40,M2A,147915326,50,30,0.6000,9,2,0.1800,0.1875,645.13,697.79,-54.51,-0.0845,-0.0781,0.9245
bet04>=40,M2A,147749667,87,64,0.7356,18,1,0.2069,0.2093,851.97,876.18,-68.56,-0.0805,-0.0782,0.9724
bet04>=40,M2A,152163139,42,26,0.6190,12,1,0.2857,0.2927,389.46,444.51,-34.79,-0.0893,-0.0783,0.8762
bet04>=40,M2A,96877491,61,41,0.6721,24,8,0.3934,0.4528,1403.03,1626.84,-127.74,-0.0910,-0.0785,0.8624
bet04>=40,M2A,153305773,40,24,0.6000,19,2,0.4750,0.5000,2432.03,2664.39,-209.12,-0.0860,-0.0785,0.9128
bet04>=40,M2A,148672374,32,24,0.7500,16,3,0.5000,0.5517,1618.05,1853.64,-145.97,-0.0902,-0.0787,0.8729
bet04>=40,M2A,137665406,1370,857,0.6255,325,53,0.2372,0.2468,7503.25,7983.89,-629.21,-0.0839,-0.0788,0.9398
bet04>=40,M2A,151097048,43,26,0.6047,19,6,0.4419,0.5135,895.00,1005.00,-79.50,-0.0888,-0.0791,0.8905
bet04>=40,M2A,132482181,30,20,0.6667,15,2,0.5000,0.5357,209.35,217.78,-17.29,-0.0826,-0.0794,0.9613
bet04>=40,M2A,149892613,51,48,0.9412,14,1,0.2745,0.2800,563.81,580.61,-46.11,-0.0818,-0.0794,0.9711
bet04>=40,M2A,129409474,45,27,0.6000,11,4,0.2444,0.2683,84.29,97.90,-7.79,-0.0924,-0.0795,0.8610
bet04>=40,M2A,152980565,74,49,0.6622,18,3,0.2432,0.2535,290.23,308.63,-24.53,-0.0845,-0.0795,0.9404
bet04>=40,M2A,131133268,90,67,0.7444,17,2,0.1889,0.1932,784.04,809.25,-64.70,-0.0825,-0.0799,0.9689
bet04>=40,M2A,153725521,42,27,0.6429,10,3,0.2381,0.2564,148.97,166.95,-13.36,-0.0897,-0.0800,0.8923
bet04>=40,M2A,149606982,31,22,0.7097,11,6,0.3548,0.4400,861.00,1095.00,-88.70,-0.1030,-0.0810,0.7863
bet04>=40,M2A,127184854,302,211,0.6987,119,25,0.3940,0.4296,31274.11,34003.43,-2757.23,-0.0882,-0.0811,0.9197
bet04>=40,M2A,148590139,142,102,0.7183,60,13,0.4225,0.4651,2197.41,2425.66,-197.64,-0.0899,-0.0815,0.9059
bet04>=40,M2A,148682685,87,53,0.6092,27,5,0.3103,0.3293,3098.45,3402.09,-277.65,-0.0896,-0.0816,0.9107
bet04>=40,M2A,85252747,64,46,0.7188,11,0,0.1719,0.1719,5805.00,5805.00,-475.00,-0.0818,-0.0818,1.0000
bet04>=40,M2A,147019371,79,55,0.6962,20,8,0.2532,0.2817,219.87,268.29,-22.01,-0.1001,-0.0820,0.8195
bet04>=40,M2A,81891227,36,26,0.7222,9,4,0.2500,0.2813,9936.84,12593.92,-1032.56,-0.1039,-0.0820,0.7890
bet04>=40,M2A,149976352,41,26,0.6341,15,3,0.3659,0.3947,119.95,130.45,-10.71,-0.0893,-0.0821,0.9195
bet04>=40,M2A,150283034,61,38,0.6230,22,4,0.3607,0.3860,2537.49,2776.19,-228.19,-0.0899,-0.0822,0.9140
bet04>=40,M2A,142089973,43,26,0.6047,15,1,0.3488,0.3571,12320.76,12491.03,-1026.48,-0.0833,-0.0822,0.9864
bet04>=40,M2A,151034635,50,34,0.6800,21,5,0.4200,0.4667,20587.00,23687.00,-1947.00,-0.0946,-0.0822,0.8691
bet04>=40,M2A,153288693,98,61,0.6224,17,1,0.1735,0.1753,1151.74,1243.71,-102.71,-0.0892,-0.0826,0.9260
bet04>=40,M2A,149758516,192,139,0.7240,81,18,0.4219,0.4655,1363.06,1485.40,-123.11,-0.0903,-0.0829,0.9176
bet04>=40,M2A,152283636,30,20,0.6667,11,1,0.3667,0.3793,2470.50,2651.23,-221.12,-0.0895,-0.0834,0.9318
bet04>=40,M2A,152603541,34,31,0.9118,9,2,0.2647,0.2813,784.86,835.96,-70.00,-0.0892,-0.0837,0.9389
bet04>=40,M2A,129964850,53,33,0.6226,18,5,0.3396,0.3750,2232.41,2512.81,-210.82,-0.0944,-0.0839,0.8884
bet04>=40,M2A,126773141,59,42,0.7119,9,1,0.1525,0.1552,200.28,210.82,-17.71,-0.0884,-0.0840,0.9500
bet04>=40,M2A,150023644,756,486,0.6429,117,13,0.1548,0.1575,9756.90,10560.66,-886.92,-0.0909,-0.0840,0.9239
bet04>=40,M2A,151914557,1237,785,0.6346,396,76,0.3201,0.3411,89108.95,97805.91,-8221.03,-0.0923,-0.0841,0.9111
bet04>=40,M2A,125080163,33,20,0.6061,10,0,0.3030,0.3030,10698.58,10698.58,-903.18,-0.0844,-0.0844,1.0000
bet04>=40,M2A,149373590,53,38,0.7170,25,1,0.4717,0.4808,920.29,935.86,-79.26,-0.0861,-0.0847,0.9834
bet04>=40,M2A,152674042,34,24,0.7059,14,3,0.4118,0.4516,1236.41,1508.15,-127.72,-0.1033,-0.0847,0.8198
bet04>=40,M2A,94698036,169,121,0.7160,51,14,0.3018,0.3290,22663.90,25867.50,-2192.05,-0.0967,-0.0847,0.8762
bet04>=40,M2A,131201428,52,32,0.6154,8,0,0.1538,0.1538,1237.05,1237.05,-105.16,-0.0850,-0.0850,1.0000
bet04>=40,M2A,151208151,96,82,0.8542,31,5,0.3229,0.3407,2272.92,2471.28,-210.48,-0.0926,-0.0852,0.9197
bet04>=40,M2A,65931410,190,120,0.6316,44,2,0.2316,0.2340,31533.32,31857.59,-2713.78,-0.0861,-0.0852,0.9898
bet04>=40,M2A,153773555,73,53,0.7260,28,5,0.3836,0.4118,2227.00,2362.00,-201.50,-0.0905,-0.0853,0.9428
bet04>=40,M2A,143511554,46,29,0.6304,18,5,0.3913,0.4390,369.56,413.67,-35.44,-0.0959,-0.0857,0.8934
bet04>=40,M2A,149266120,73,45,0.6164,14,2,0.1918,0.1972,1120.33,1196.24,-102.48,-0.0915,-0.0857,0.9365
bet04>=40,M2A,148152261,31,24,0.7742,13,4,0.4194,0.4815,5407.63,6134.97,-527.06,-0.0975,-0.0859,0.8814
bet04>=40,M2A,151511270,60,60,1.0000,9,1,0.1500,0.1525,143.32,149.55,-12.88,-0.0899,-0.0861,0.9583
bet04>=40,M2A,135277639,1261,867,0.6875,370,78,0.2934,0.3128,22083.65,23831.56,-2052.52,-0.0929,-0.0861,0.9267
bet04>=40,M2A,134117979,62,50,0.8065,15,0,0.2419,0.2419,128.78,128.78,-11.11,-0.0863,-0.0863,1.0000
bet04>=40,M2A,139084278,36,34,0.9444,8,1,0.2222,0.2286,3482.81,3693.63,-320.45,-0.0920,-0.0868,0.9429
bet04>=40,M2A,142896940,66,43,0.6515,23,3,0.3485,0.3651,1498.88,1571.79,-136.53,-0.0911,-0.0869,0.9536
bet04>=40,M2A,102653037,46,34,0.7391,14,1,0.3043,0.3111,8120.21,8224.91,-716.17,-0.0882,-0.0871,0.9873
bet04>=40,M2A,146261805,1531,1019,0.6656,219,30,0.1430,0.1459,21222.34,22869.34,-1992.12,-0.0939,-0.0871,0.9280
bet04>=40,M2A,150051908,31,25,0.8065,7,1,0.2258,0.2333,214.57,235.07,-20.50,-0.0955,-0.0872,0.9128
bet04>=40,M2A,148071839,37,23,0.6216,16,2,0.4324,0.4571,4272.13,4588.37,-400.67,-0.0938,-0.0873,0.9311
bet04>=40,M2A,150479669,31,23,0.7419,15,1,0.4839,0.5000,312.57,323.08,-28.25,-0.0904,-0.0875,0.9675
bet04>=40,M2A,144590787,33,21,0.6364,14,3,0.4242,0.4667,266.72,295.78,-25.98,-0.0974,-0.0879,0.9018
bet04>=40,M2A,150653681,218,166,0.7615,39,9,0.1789,0.1866,419.07,549.31,-48.31,-0.1153,-0.0880,0.7629
bet04>=40,M2A,152086498,52,49,0.9423,21,5,0.4038,0.4468,1035.29,1156.64,-101.85,-0.0984,-0.0881,0.8951
bet04>=40,M2A,136878002,31,25,0.8065,6,1,0.1935,0.2000,557.55,596.81,-53.01,-0.0951,-0.0888,0.9342
bet04>=40,M2A,117538405,233,205,0.8798,100,22,0.4292,0.4739,1799.13,1967.59,-174.69,-0.0971,-0.0888,0.9144
bet04>=40,M2A,147672469,35,27,0.7714,8,2,0.2286,0.2424,136.66,146.14,-13.01,-0.0952,-0.0890,0.9351
bet04>=40,M2A,149754833,31,23,0.7419,15,2,0.4839,0.5172,92.43,96.63,-8.61,-0.0932,-0.0891,0.9565
bet04>=40,M2A,150446985,35,21,0.6000,13,3,0.3714,0.4063,129.61,140.11,-12.50,-0.0964,-0.0892,0.9250
bet04>=40,M2A,30979905,981,799,0.8145,156,21,0.1590,0.1625,69550.42,74032.28,-6601.61,-0.0949,-0.0892,0.9395
bet04>=40,M2A,153597473,175,123,0.7029,60,17,0.3429,0.3797,2730.00,2990.00,-267.00,-0.0978,-0.0893,0.9130
bet04>=40,M2A,153874455,40,40,1.0000,10,0,0.2500,0.2500,551.56,571.76,-51.12,-0.0927,-0.0894,0.9647
bet04>=40,M2A,148056990,69,48,0.6957,29,7,0.4203,0.4677,1366.65,1578.67,-141.15,-0.1033,-0.0894,0.8657
bet04>=40,M2A,103121231,82,57,0.6951,17,2,0.2073,0.2125,1087.04,1174.22,-105.14,-0.0967,-0.0895,0.9258
bet04>=40,M2A,148149491,49,31,0.6327,22,3,0.4490,0.4783,637.32,683.28,-61.19,-0.0960,-0.0896,0.9327
bet04>=40,M2A,146679460,97,60,0.6186,35,9,0.3608,0.3977,446.21,500.02,-44.84,-0.1005,-0.0897,0.8924
bet04>=40,M2A,152649235,43,26,0.6047,15,6,0.3488,0.4054,30.66,151.25,-13.59,-0.4433,-0.0899,0.2027
bet04>=40,M2A,144411573,37,33,0.8919,10,4,0.2703,0.3030,1795.67,2130.72,-192.39,-0.1071,-0.0903,0.8428
bet04>=40,M2A,142488087,39,25,0.6410,12,2,0.3077,0.3243,331.41,354.61,-32.05,-0.0967,-0.0904,0.9346
bet04>=40,M2A,131813405,67,41,0.6119,15,5,0.2239,0.2419,616.95,667.16,-60.40,-0.0979,-0.0905,0.9247
bet04>=40,M2A,151556421,41,35,0.8537,13,1,0.3171,0.3250,1115.84,1147.00,-103.75,-0.0930,-0.0905,0.9728
bet04>=40,M2A,148090763,95,69,0.7263,21,4,0.2211,0.2308,383.70,415.32,-37.63,-0.0981,-0.0906,0.9239
bet04>=40,M2A,139227854,151,104,0.6887,31,5,0.2053,0.2123,961.31,1060.35,-96.17,-0.1000,-0.0907,0.9066
bet04>=40,M2A,149778931,40,25,0.6250,10,2,0.2500,0.2632,2368.33,2552.54,-231.83,-0.0979,-0.0908,0.9278
bet04>=40,M2A,151030355,40,28,0.7000,18,3,0.4500,0.4865,248.22,268.99,-24.57,-0.0990,-0.0913,0.9228
bet04>=40,M2A,152213751,34,24,0.7059,15,6,0.4412,0.5357,115.23,137.93,-12.61,-0.1095,-0.0914,0.8354
bet04>=40,M2A,131078381,86,57,0.6628,30,5,0.3488,0.3704,309.59,329.39,-30.11,-0.0973,-0.0914,0.9399
bet04>=40,M2A,150857934,33,24,0.7273,10,3,0.3030,0.3333,123.59,136.05,-12.46,-0.1008,-0.0916,0.9084
bet04>=40,M2A,149633422,37,26,0.7027,15,7,0.4054,0.5000,381.72,485.10,-44.41,-0.1163,-0.0916,0.7869
bet04>=40,M2A,152932625,86,72,0.8372,12,5,0.1395,0.1481,380.17,445.57,-40.88,-0.1075,-0.0917,0.8532
bet04>=40,M2A,142727285,35,21,0.6000,13,2,0.3714,0.3939,13493.17,14414.78,-1321.33,-0.0979,-0.0917,0.9361
bet04>=40,M2A,153045872,628,396,0.6306,81,7,0.1290,0.1304,47675.93,50143.07,-4600.23,-0.0965,-0.0917,0.9508
bet04>=40,M2A,81043772,72,51,0.7083,19,2,0.2639,0.2714,707.24,740.97,-68.00,-0.0961,-0.0918,0.9545
bet04>=40,M2A,153427820,32,25,0.7813,6,0,0.1875,0.1875,1357.51,1357.51,-124.60,-0.0918,-0.0918,1.0000
bet04>=40,M2A,149516843,30,25,0.8333,5,2,0.1667,0.1786,510.09,567.17,-52.15,-0.1022,-0.0919,0.8994
bet04>=40,M2A,117770798,39,31,0.7949,16,2,0.4103,0.4324,218.57,229.04,-21.07,-0.0964,-0.0920,0.9543
bet04>=40,M2A,140243799,79,49,0.6203,30,9,0.3797,0.4286,181.20,246.55,-22.84,-0.1261,-0.0926,0.7350
bet04>=40,M2A,129314309,38,23,0.6053,18,1,0.4737,0.4865,10873.76,11304.37,-1047.00,-0.0963,-0.0926,0.9619
bet04>=40,M2A,146366962,152,111,0.7303,24,4,0.1579,0.1622,1246.75,1402.42,-130.02,-0.1043,-0.0927,0.8890
bet04>=40,M2A,149640955,55,38,0.6909,12,2,0.2182,0.2264,472.21,487.78,-45.53,-0.0964,-0.0934,0.9681
bet04>=40,M2A,149367883,34,24,0.7059,8,1,0.2353,0.2424,1008.76,1114.17,-104.28,-0.1034,-0.0936,0.9054
bet04>=40,M2A,148588020,34,21,0.6176,13,5,0.3824,0.4483,1842.39,2219.76,-207.66,-0.1127,-0.0936,0.8300
bet04>=40,M2A,147910398,31,31,1.0000,7,2,0.2258,0.2414,140.87,198.01,-18.56,-0.1318,-0.0938,0.7114
bet04>=40,M2A,145536580,365,234,0.6411,160,37,0.4384,0.4878,116514.00,129777.00,-12171.75,-0.1045,-0.0938,0.8978
bet04>=40,M2A,150670538,40,38,0.9500,7,0,0.1750,0.1750,308.79,308.79,-29.09,-0.0942,-0.0942,1.0000
bet04>=40,M2A,147642407,50,30,0.6000,12,2,0.2400,0.2500,647.59,667.23,-62.87,-0.0971,-0.0942,0.9706
bet04>=40,M2A,148982278,68,52,0.7647,12,2,0.1765,0.1818,302.74,323.83,-30.53,-0.1008,-0.0943,0.9349
bet04>=40,M2A,93485011,1419,936,0.6596,224,29,0.1579,0.1612,36943.58,40117.55,-3786.45,-0.1025,-0.0944,0.9209
bet04>=40,M2A,143365999,98,80,0.8163,28,5,0.2857,0.3011,1801.17,1908.49,-180.35,-0.1001,-0.0945,0.9438
bet04>=40,M2A,149850969,42,28,0.6667,12,0,0.2857,0.2857,2333.04,2333.04,-220.80,-0.0946,-0.0946,1.0000
bet04>=40,M2A,147757946,103,65,0.6311,43,8,0.4175,0.4526,7473.38,7748.57,-736.00,-0.0985,-0.0950,0.9645
bet04>=40,M2A,150161553,104,70,0.6731,14,2,0.1346,0.1373,504.57,531.88,-50.83,-0.1007,-0.0956,0.9487
bet04>=40,M2A,152642746,44,31,0.7045,13,1,0.2955,0.3023,615.21,625.43,-59.78,-0.0972,-0.0956,0.9837
bet04>=40,M2A,147438691,50,32,0.6400,10,1,0.2000,0.2041,296.76,309.13,-29.58,-0.0997,-0.0957,0.9600
bet04>=40,M2A,148380570,50,41,0.8200,9,1,0.1800,0.1837,2648.14,2661.12,-254.73,-0.0962,-0.0957,0.9951
bet04>=40,M2A,152277848,33,20,0.6061,5,0,0.1515,0.1515,563.17,563.17,-54.00,-0.0959,-0.0959,1.0000
bet04>=40,M2A,145720026,76,49,0.6447,35,4,0.4605,0.4861,345.30,357.65,-34.37,-0.0995,-0.0961,0.9655
bet04>=40,M2A,149691570,126,98,0.7778,15,3,0.1190,0.1220,2185.16,2424.03,-232.85,-0.1066,-0.0961,0.9015
bet04>=40,M2A,145809172,38,23,0.6053,10,4,0.2632,0.2941,198.17,219.26,-21.08,-0.1064,-0.0962,0.9038
bet04>=40,M2A,139243444,30,23,0.7667,6,4,0.2000,0.2308,103.14,138.08,-13.31,-0.1290,-0.0964,0.7470
bet04>=40,M2A,133042350,203,140,0.6897,85,13,0.4187,0.4474,2574.72,2739.91,-264.44,-0.1027,-0.0965,0.9397
bet04>=40,M2A,147522654,33,22,0.6667,14,4,0.4242,0.4828,1767.42,2013.48,-194.51,-0.1101,-0.0966,0.8778
bet04>=40,M2A,94390769,31,24,0.7742,5,1,0.1613,0.1667,360.02,385.73,-37.42,-0.1039,-0.0970,0.9333
bet04>=40,M2A,144196289,43,29,0.6744,17,4,0.3953,0.4359,8215.85,8923.03,-866.35,-0.1054,-0.0971,0.9207
bet04>=40,M2A,150232829,57,35,0.6140,23,6,0.4035,0.4510,2012.63,2249.41,-219.02,-0.1088,-0.0974,0.8947
bet04>=40,M2A,139169308,311,231,0.7428,83,14,0.2669,0.2795,4790.53,5167.07,-503.20,-0.1050,-0.0974,0.9271
bet04>=40,M2A,153546225,44,39,0.8864,8,2,0.1818,0.1905,532.62,566.18,-55.25,-0.1037,-0.0976,0.9407
bet04>=40,M2A,126066922,40,27,0.6750,21,2,0.5250,0.5526,596.86,620.05,-60.56,-0.1015,-0.0977,0.9626
bet04>=40,M2A,86846751,32,21,0.6563,15,3,0.4688,0.5172,5245.66,5650.08,-552.02,-0.1052,-0.0977,0.9284
bet04>=40,M2A,152919222,164,99,0.6037,37,5,0.2256,0.2327,6959.96,7527.95,-735.29,-0.1056,-0.0977,0.9245
bet04>=40,M2A,104145367,36,24,0.6667,11,6,0.3056,0.3667,11939.47,14511.02,-1418.98,-0.1188,-0.0978,0.8228
bet04>=40,M2A,151209799,34,34,1.0000,5,2,0.1471,0.1563,195.25,245.10,-24.09,-0.1234,-0.0983,0.7966
bet04>=40,M2A,153852101,35,21,0.6000,16,1,0.4571,0.4706,195.98,205.07,-20.20,-0.1031,-0.0985,0.9557
bet04>=40,M2A,149395303,71,46,0.6479,32,9,0.4507,0.5161,380.64,439.03,-43.25,-0.1136,-0.0985,0.8670
bet04>=40,M2A,112977986,35,33,0.9429,6,1,0.1714,0.1765,193.70,198.94,-19.63,-0.1014,-0.0987,0.9737
bet04>=40,M2A,150366746,35,22,0.6286,14,4,0.4000,0.4516,68.92,77.25,-7.64,-0.1108,-0.0988,0.8921
bet04>=40,M2A,89114390,32,28,0.8750,7,2,0.2188,0.2333,1431.86,1793.31,-177.12,-0.1237,-0.0988,0.7984
bet04>=40,M2A,139655060,62,41,0.6613,14,1,0.2258,0.2295,3135.95,3276.53,-324.41,-0.1034,-0.0990,0.9571
bet04>=40,M2A,148220230,40,26,0.6500,13,2,0.3250,0.3421,2892.29,3366.64,-334.04,-0.1155,-0.0992,0.8591
bet04>=40,M2A,148121148,30,26,0.8667,10,0,0.3333,0.3333,256.52,256.52,-25.52,-0.0995,-0.0995,1.0000
bet04>=40,M2A,148767508,40,25,0.6250,15,5,0.3750,0.4286,625.61,701.52,-69.89,-0.1117,-0.0996,0.8918
bet04>=40,M2A,151905177,141,97,0.6879,28,7,0.1986,0.2090,750.12,863.89,-86.46,-0.1153,-0.1001,0.8683
bet04>=40,M2A,151019951,52,32,0.6154,14,5,0.2692,0.2979,3279.08,3752.75,-375.71,-0.1146,-0.1001,0.8738
bet04>=40,M2A,101624616,57,38,0.6667,18,7,0.3158,0.3600,3103.37,3749.48,-376.50,-0.1213,-0.1004,0.8277
bet04>=40,M2A,142469277,38,27,0.7105,16,3,0.4211,0.4571,294.25,316.68,-31.97,-0.1086,-0.1009,0.9292
bet04>=40,M2A,153309277,35,22,0.6286,9,0,0.2571,0.2571,746.84,746.84,-75.56,-0.1012,-0.1012,1.0000
bet04>=40,M2A,149610973,87,56,0.6437,13,3,0.1494,0.1548,4725.73,5538.34,-560.56,-0.1186,-0.1012,0.8533
bet04>=40,M2A,147628398,73,57,0.7808,20,2,0.2740,0.2817,1627.30,1706.30,-173.18,-0.1064,-0.1015,0.9537
bet04>=40,M2A,147061828,52,32,0.6154,12,2,0.2308,0.2400,1938.58,2127.05,-215.90,-0.1114,-0.1015,0.9114
bet04>=40,M2A,145428964,50,31,0.6200,19,3,0.3800,0.4043,226.31,245.27,-24.94,-0.1102,-0.1017,0.9227
bet04>=40,M2A,144906652,37,28,0.7568,9,4,0.2432,0.2727,544.20,594.46,-60.48,-0.1111,-0.1017,0.9155
bet04>=40,M2A,125377675,31,31,1.0000,6,0,0.1935,0.1935,168.25,168.25,-17.14,-0.1019,-0.1019,1.0000
bet04>=40,M2A,149091845,30,20,0.6667,12,5,0.4000,0.4800,227.73,261.76,-26.70,-0.1172,-0.1020,0.8700
bet04>=40,M2A,98411782,40,25,0.6250,15,7,0.3750,0.4545,1664.66,2067.13,-210.93,-0.1267,-0.1020,0.8053
bet04>=40,M2A,146960355,65,39,0.6000,14,5,0.2154,0.2333,132.26,143.17,-14.61,-0.1105,-0.1021,0.9238
bet04>=40,M2A,152758619,37,23,0.6216,16,3,0.4324,0.4706,196.83,215.22,-21.97,-0.1116,-0.1021,0.9145
bet04>=40,M2A,77047102,119,73,0.6134,19,1,0.1597,0.1610,750.35,763.32,-77.97,-0.1039,-0.1021,0.9830
bet04>=40,M2A,153708001,130,85,0.6538,21,5,0.1615,0.1680,3485.13,3949.81,-404.07,-0.1159,-0.1023,0.8824
bet04>=40,M2A,152020637,36,25,0.6944,6,0,0.1667,0.1667,199.55,199.55,-20.44,-0.1024,-0.1024,1.0000
bet04>=40,M2A,141232978,40,27,0.6750,8,0,0.2000,0.2000,297.21,297.21,-30.43,-0.1024,-0.1024,1.0000
bet04>=40,M2A,127729725,85,64,0.7529,20,3,0.2353,0.2439,4259.69,4592.80,-471.15,-0.1106,-0.1026,0.9275
bet04>=40,M2A,150693328,58,41,0.7069,21,3,0.3621,0.3818,1401.99,1492.35,-153.69,-0.1096,-0.1030,0.9394
bet04>=40,M2A,22135416,53,32,0.6038,24,2,0.4528,0.4706,448.83,482.41,-49.75,-0.1108,-0.1031,0.9304
bet04>=40,M2A,124803646,40,32,0.8000,7,0,0.1750,0.1750,304.08,304.08,-31.39,-0.1032,-0.1032,1.0000
bet04>=40,M2A,148063148,36,31,0.8611,12,2,0.3333,0.3529,188.48,437.25,-45.16,-0.2396,-0.1033,0.4311
bet04>=40,M2A,146861116,33,26,0.7879,11,1,0.3333,0.3438,293.60,304.39,-31.56,-0.1075,-0.1037,0.9645
bet04>=40,M2A,153537271,40,25,0.6250,19,2,0.4750,0.5000,365.86,386.30,-40.06,-0.1095,-0.1037,0.9471
bet04>=40,M2A,150339311,103,76,0.7379,33,6,0.3204,0.3402,3978.12,4272.20,-445.06,-0.1119,-0.1042,0.9312
bet04>=40,M2A,152947619,35,24,0.6857,14,6,0.4000,0.4828,5306.94,6305.11,-657.13,-0.1238,-0.1042,0.8417
bet04>=40,M2A,148663724,66,52,0.7879,12,2,0.1818,0.1875,472.58,569.39,-59.46,-0.1258,-0.1044,0.8300
bet04>=40,M2A,152218018,38,25,0.6579,12,2,0.3158,0.3333,1627.79,1730.66,-180.65,-0.1110,-0.1044,0.9406
bet04>=40,M2A,151537306,253,186,0.7352,30,2,0.1186,0.1195,12822.09,13077.71,-1368.44,-0.1067,-0.1046,0.9805
bet04>=40,M2A,151884825,34,25,0.7353,10,4,0.2941,0.3333,1088.28,1317.66,-138.07,-0.1269,-0.1048,0.8259
bet04>=40,M2A,21209899,48,29,0.6042,17,10,0.3542,0.4474,11680.57,15188.15,-1592.03,-0.1363,-0.1048,0.7691
bet04>=40,M2A,147388222,37,23,0.6216,8,1,0.2162,0.2222,3949.50,4186.48,-439.21,-0.1112,-0.1049,0.9434
bet04>=40,M2A,146960930,73,50,0.6849,23,1,0.3151,0.3194,586.09,596.63,-62.72,-0.1070,-0.1051,0.9823
bet04>=40,M2A,149733578,33,23,0.6970,9,1,0.2727,0.2813,171.24,181.62,-19.20,-0.1121,-0.1057,0.9429
bet04>=40,M2A,148581557,34,28,0.8235,7,0,0.2059,0.2059,367.13,367.13,-38.92,-0.1060,-0.1060,1.0000
bet04>=40,M2A,153004800,32,29,0.9063,9,0,0.2813,0.2813,16.76,16.76,-1.78,-0.1061,-0.1061,1.0000
bet04>=40,M2A,149372686,40,28,0.7000,11,2,0.2750,0.2895,229.36,245.97,-26.09,-0.1137,-0.1061,0.9325
bet04>=40,M2A,147674697,63,39,0.6190,24,5,0.3810,0.4138,1829.27,1981.99,-210.44,-0.1150,-0.1062,0.9229
bet04>=40,M2A,151131333,61,38,0.6230,25,7,0.4098,0.4630,1001.52,1188.67,-126.55,-0.1264,-0.1065,0.8426
bet04>=40,M2A,151648974,43,28,0.6512,21,2,0.4884,0.5122,123.40,129.63,-13.82,-0.1120,-0.1066,0.9519
bet04>=40,M2A,152888448,34,27,0.7941,4,0,0.1176,0.1176,472.47,472.47,-50.34,-0.1066,-0.1066,1.0000
bet04>=40,M2A,146742823,67,49,0.7313,28,8,0.4179,0.4746,915.55,1034.05,-110.46,-0.1206,-0.1068,0.8854
bet04>=40,M2A,148442880,48,33,0.6875,17,6,0.3542,0.4048,5001.79,6161.32,-658.82,-0.1317,-0.1069,0.8118
bet04>=40,M2A,126777162,43,27,0.6279,19,2,0.4419,0.4634,2432.00,2582.00,-276.50,-0.1137,-0.1071,0.9419
bet04>=40,M2A,144817690,41,27,0.6585,19,3,0.4634,0.5000,406.48,424.48,-45.49,-0.1119,-0.1072,0.9576
bet04>=40,M2A,106585911,40,33,0.8250,9,2,0.2250,0.2368,2370.23,2634.61,-282.57,-0.1192,-0.1073,0.8997
bet04>=40,M2A,151273584,39,24,0.6154,17,4,0.4359,0.4857,141.44,172.29,-18.52,-0.1309,-0.1075,0.8209
bet04>=40,M2A,141426867,73,49,0.6712,22,5,0.3014,0.3235,954.54,1079.91,-116.15,-0.1217,-0.1076,0.8839
bet04>=40,M2A,112879599,50,47,0.9400,8,0,0.1600,0.1600,735.31,735.31,-79.24,-0.1078,-0.1078,1.0000
bet04>=40,M2A,149688345,46,30,0.6522,9,0,0.1957,0.1957,149.56,149.56,-16.13,-0.1079,-0.1079,1.0000
bet04>=40,M2A,148540394,57,57,1.0000,8,1,0.1404,0.1429,50.62,52.52,-5.67,-0.1120,-0.1080,0.9640
bet04>=40,M2A,123921856,36,23,0.6389,14,2,0.3889,0.4118,100.31,119.17,-12.87,-0.1283,-0.1080,0.8418
bet04>=40,M2A,148672771,43,34,0.7907,7,4,0.1628,0.1795,184.02,215.17,-23.26,-0.1264,-0.1081,0.8552
bet04>=40,M2A,87496488,83,58,0.6988,25,4,0.3012,0.3165,16894.06,17721.59,-1920.21,-0.1137,-0.1084,0.9533
bet04>=40,M2A,135714802,52,33,0.6346,18,7,0.3462,0.4000,2648.00,3216.00,-348.90,-0.1318,-0.1085,0.8234
bet04>=40,M2A,139531219,34,26,0.7647,13,1,0.3824,0.3939,1915.81,2018.67,-219.22,-0.1144,-0.1086,0.9490
bet04>=40,M2A,152320847,168,113,0.6726,51,7,0.3036,0.3168,9631.89,10692.68,-1161.17,-0.1206,-0.1086,0.9008
bet04>=40,M2A,140356058,228,140,0.6140,87,21,0.3816,0.4203,24421.69,27146.25,-2952.83,-0.1209,-0.1088,0.8996
bet04>=40,M2A,153793578,88,73,0.8295,22,3,0.2500,0.2588,2452.93,2607.04,-283.82,-0.1157,-0.1089,0.9409
bet04>=40,M2A,148332759,51,39,0.7647,19,3,0.3725,0.3958,16303.43,17510.40,-1906.50,-0.1169,-0.1089,0.9311
bet04>=40,M2A,148361153,214,129,0.6028,42,3,0.1963,0.1991,1667.62,1730.86,-188.79,-0.1132,-0.1091,0.9635
bet04>=40,M2A,151710737,36,29,0.8056,15,4,0.4167,0.4688,136.05,151.63,-16.57,-0.1218,-0.1092,0.8973
bet04>=40,M2A,149511610,30,22,0.7333,13,3,0.4333,0.4815,2537.00,2779.00,-303.75,-0.1197,-0.1093,0.9129
bet04>=40,M2A,151758328,51,42,0.8235,22,4,0.4314,0.4681,512.85,562.70,-61.60,-0.1201,-0.1095,0.9114
bet04>=40,M2A,151866877,31,20,0.6452,10,4,0.3226,0.3704,8795.00,9773.00,-1073.40,-0.1220,-0.1098,0.8999
bet04>=40,M2A,114827274,145,103,0.7103,64,13,0.4414,0.4848,10907.79,11948.21,-1311.49,-0.1202,-0.1098,0.9129
bet04>=40,M2A,149360268,59,46,0.7797,18,5,0.3051,0.3333,924.07,1016.70,-111.84,-0.1210,-0.1100,0.9089
bet04>=40,M2A,152892422,88,80,0.9091,12,4,0.1364,0.1429,767.49,2729.63,-300.45,-0.3915,-0.1101,0.2812
bet04>=40,M2A,151274846,30,23,0.7667,12,2,0.4000,0.4286,165.55,173.86,-19.18,-0.1159,-0.1103,0.9522
bet04>=40,M2A,148574832,63,45,0.7143,12,3,0.1905,0.2000,2677.20,3164.20,-348.99,-0.1304,-0.1103,0.8461
bet04>=40,M2A,119723159,84,67,0.7976,28,3,0.3333,0.3457,2118.52,2198.37,-242.70,-0.1146,-0.1104,0.9637
bet04>=40,M2A,151489340,35,24,0.6857,15,2,0.4286,0.4545,126.01,138.86,-15.40,-0.1222,-0.1109,0.9074
bet04>=40,M2A,144970445,84,58,0.6905,15,5,0.1786,0.1899,1281.69,1442.82,-160.08,-0.1249,-0.1109,0.8883
bet04>=40,M2A,145851013,88,60,0.6818,26,10,0.2955,0.3333,3747.35,4152.51,-460.42,-0.1229,-0.1109,0.9024
bet04>=40,M2A,149372422,50,45,0.9000,4,0,0.0800,0.0800,540.00,540.00,-60.00,-0.1111,-0.1111,1.0000
bet04>=40,M2A,146773820,79,72,0.9114,11,1,0.1392,0.1410,345.75,356.29,-39.74,-0.1149,-0.1115,0.9704
bet04>=40,M2A,148059267,35,25,0.7143,11,2,0.3143,0.3333,343.64,373.16,-41.64,-0.1212,-0.1116,0.9209
bet04>=40,M2A,145890793,51,41,0.8039,8,2,0.1569,0.1633,2109.26,2353.48,-262.62,-0.1245,-0.1116,0.8962
bet04>=40,M2A,153850692,97,74,0.7629,14,4,0.1443,0.1505,5990.38,6859.14,-766.73,-0.1280,-0.1118,0.8733
bet04>=40,M2A,151035434,31,26,0.8387,13,2,0.4194,0.4483,211.84,219.55,-24.59,-0.1161,-0.1120,0.9649
bet04>=40,M2A,142836522,139,86,0.6187,19,2,0.1367,0.1387,3481.40,3795.51,-425.36,-0.1222,-0.1121,0.9172
bet04>=40,M2A,148255544,43,36,0.8372,10,2,0.2326,0.2439,534.66,618.16,-69.38,-0.1298,-0.1122,0.8649
bet04>=40,M2A,134321723,74,45,0.6081,11,2,0.1486,0.1528,2322.70,2685.19,-301.28,-0.1297,-0.1122,0.8650
bet04>=40,M2A,146575061,73,50,0.6849,16,4,0.2192,0.2319,1647.31,1871.13,-210.52,-0.1278,-0.1125,0.8804
bet04>=40,M2A,125216860,37,31,0.8378,11,4,0.2973,0.3333,10990.04,13172.41,-1481.44,-0.1348,-0.1125,0.8343
bet04>=40,M2A,149222593,54,41,0.7593,16,1,0.2963,0.3019,741.31,754.39,-85.19,-0.1149,-0.1129,0.9827
bet04>=40,M2A,150519148,57,37,0.6491,14,5,0.2456,0.2692,3342.09,3720.20,-420.12,-0.1257,-0.1129,0.8984
bet04>=40,M2A,148362214,37,29,0.7838,9,0,0.2432,0.2432,1170.85,1181.32,-133.50,-0.1140,-0.1130,0.9911
bet04>=40,M2A,150418606,53,48,0.9057,26,3,0.4906,0.5200,3390.42,3639.50,-411.40,-0.1213,-0.1130,0.9316
bet04>=40,M2A,147928812,59,41,0.6949,16,3,0.2712,0.2857,839.72,971.90,-110.07,-0.1311,-0.1132,0.8640
bet04>=40,M2A,142404747,325,225,0.6923,65,12,0.2000,0.2077,1710.01,1829.76,-207.13,-0.1211,-0.1132,0.9346
bet04>=40,M2A,122876534,40,25,0.6250,7,1,0.1750,0.1795,1336.63,1421.76,-161.76,-0.1210,-0.1138,0.9401
bet04>=40,M2A,151282530,39,31,0.7949,15,3,0.3846,0.4167,189.02,201.48,-22.95,-0.1214,-0.1139,0.9381
bet04>=40,M2A,139469130,45,34,0.7556,17,6,0.3778,0.4359,4313.76,5018.05,-572.23,-0.1327,-0.1140,0.8596
bet04>=40,M2A,134644336,106,82,0.7736,25,5,0.2358,0.2475,1516.26,1642.49,-187.79,-0.1238,-0.1143,0.9231
bet04>=40,M2A,36261920,81,67,0.8272,36,3,0.4444,0.4615,18790.00,19740.00,-2257.50,-0.1201,-0.1144,0.9519
bet04>=40,M2A,153210430,44,32,0.7273,9,2,0.2045,0.2143,167.60,177.82,-20.44,-0.1220,-0.1149,0.9425
bet04>=40,M2A,145122098,445,268,0.6022,87,17,0.1955,0.2033,7117.16,7920.58,-909.79,-0.1278,-0.1149,0.8986
bet04>=40,M2A,149722202,35,33,0.9429,4,1,0.1143,0.1176,161.75,167.63,-19.33,-0.1195,-0.1153,0.9649
bet04>=40,M2A,151258886,535,381,0.7121,155,34,0.2897,0.3094,10776.26,12422.33,-1431.97,-0.1329,-0.1153,0.8675
bet04>=40,M2A,80535534,36,27,0.7500,8,1,0.2222,0.2286,935.00,965.00,-111.50,-0.1193,-0.1155,0.9689
bet04>=40,M2A,148390834,41,34,0.8293,14,6,0.3415,0.4000,140.16,165.07,-19.07,-0.1361,-0.1156,0.8491
bet04>=40,M2A,151639674,71,55,0.7746,15,2,0.2113,0.2174,284.36,298.07,-34.61,-0.1217,-0.1161,0.9540
bet04>=40,M2A,148004142,31,20,0.6452,9,4,0.2903,0.3333,569.02,722.93,-83.96,-0.1476,-0.1161,0.7871
bet04>=40,M2A,121877688,116,76,0.6552,39,4,0.3362,0.3482,8576.31,9017.98,-1054.12,-0.1229,-0.1169,0.9510
bet04>=40,M2A,148011108,41,38,0.9268,11,0,0.2683,0.2683,107.84,116.65,-13.65,-0.1265,-0.1170,0.9245
bet04>=40,M2A,148461257,30,30,1.0000,6,0,0.2000,0.2000,449.18,449.18,-52.60,-0.1171,-0.1171,1.0000
bet04>=40,M2A,151199192,45,27,0.6000,13,2,0.2889,0.3023,332.76,353.11,-41.39,-0.1244,-0.1172,0.9424
bet04>=40,M2A,151062059,52,32,0.6154,15,2,0.2885,0.3000,487.30,533.62,-62.52,-0.1283,-0.1172,0.9132
bet04>=40,M2A,152055978,128,87,0.6797,16,4,0.1250,0.1290,397.98,424.98,-49.85,-0.1253,-0.1173,0.9365
bet04>=40,M2A,147799221,49,33,0.6735,21,3,0.4286,0.4565,699.89,719.69,-84.40,-0.1206,-0.1173,0.9725
bet04>=40,M2A,149854118,53,41,0.7736,12,2,0.2264,0.2353,722.07,799.91,-94.44,-0.1308,-0.1181,0.9027
bet04>=40,M2A,150383634,52,32,0.6154,23,4,0.4423,0.4792,2614.74,2796.36,-330.56,-0.1264,-0.1182,0.9351
bet04>=40,M2A,21689449,33,29,0.8788,13,3,0.3939,0.4333,383.48,420.12,-49.87,-0.1300,-0.1187,0.9128
bet04>=40,M2A,34686624,61,38,0.6230,11,1,0.1803,0.1833,545.87,587.42,-69.79,-0.1279,-0.1188,0.9293
bet04>=40,M2A,151357535,35,30,0.8571,11,3,0.3143,0.3438,416.59,460.31,-55.16,-0.1324,-0.1198,0.9050
bet04>=40,M2A,148434223,43,28,0.6512,18,3,0.4186,0.4500,1484.18,1575.79,-188.73,-0.1272,-0.1198,0.9419
bet04>=40,M2A,141612137,42,36,0.8571,9,2,0.2143,0.2250,1771.87,2159.14,-258.66,-0.1460,-0.1198,0.8206
bet04>=40,M2A,128171894,107,91,0.8505,15,4,0.1402,0.1456,2133.75,3799.25,-455.17,-0.2133,-0.1198,0.5616
bet04>=40,M2A,149376024,154,95,0.6169,48,10,0.3117,0.3333,556.24,612.54,-73.42,-0.1320,-0.1199,0.9081
bet04>=40,M2A,117135606,87,53,0.6092,29,2,0.3333,0.3412,238.44,244.77,-29.41,-0.1233,-0.1202,0.9742
bet04>=40,M2A,150962468,47,30,0.6383,21,4,0.4468,0.4884,684.00,744.00,-89.50,-0.1308,-0.1203,0.9194
bet04>=40,M2A,137626892,173,127,0.7341,43,5,0.2486,0.2560,1242.58,1332.35,-160.61,-0.1293,-0.1205,0.9326
bet04>=40,M2A,152503742,37,25,0.6757,9,0,0.2432,0.2432,250.43,250.43,-30.21,-0.1206,-0.1206,1.0000
bet04>=40,M2A,116611437,318,200,0.6289,43,8,0.1352,0.1387,3346.91,3566.67,-430.09,-0.1285,-0.1206,0.9384
bet04>=40,M2A,112537338,30,20,0.6667,9,1,0.3000,0.3103,381.68,399.66,-48.29,-0.1265,-0.1208,0.9550
bet04>=40,M2A,153083126,30,30,1.0000,6,1,0.2000,0.2069,709.64,846.18,-102.20,-0.1440,-0.1208,0.8386
bet04>=40,M2A,151413974,89,57,0.6404,13,4,0.1461,0.1529,652.40,765.55,-92.59,-0.1419,-0.1209,0.8522
bet04>=40,M2A,153123405,84,61,0.7262,14,2,0.1667,0.1707,1102.69,1125.17,-136.53,-0.1238,-0.1213,0.9800
bet04>=40,M2A,143303301,42,30,0.7143,16,3,0.3810,0.4103,881.00,946.21,-114.89,-0.1304,-0.1214,0.9311
bet04>=40,M2A,151451152,46,30,0.6522,9,1,0.1957,0.2000,666.80,692.52,-84.35,-0.1265,-0.1218,0.9629
bet04>=40,M2A,151257340,35,22,0.6286,16,4,0.4571,0.5161,758.61,822.90,-100.29,-0.1322,-0.1219,0.9219
bet04>=40,M2A,135090367,58,40,0.6897,8,1,0.1379,0.1404,658.07,710.89,-86.94,-0.1321,-0.1223,0.9257
bet04>=40,M2A,149382847,38,38,1.0000,5,0,0.1316,0.1316,41.07,41.07,-5.04,-0.1228,-0.1228,1.0000
bet04>=40,M2A,148507117,111,68,0.6126,12,3,0.1081,0.1111,1066.77,1201.70,-147.58,-0.1383,-0.1228,0.8877
bet04>=40,M2A,113654144,44,32,0.7273,11,4,0.2500,0.2750,1639.34,1940.36,-238.93,-0.1457,-0.1231,0.8449
bet04>=40,M2A,147864132,71,45,0.6338,10,1,0.1408,0.1429,452.97,473.74,-58.65,-0.1295,-0.1238,0.9562
bet04>=40,M2A,141218372,31,24,0.7742,11,1,0.3548,0.3667,590.52,629.44,-78.28,-0.1326,-0.1244,0.9382
bet04>=40,M2A,151677344,37,27,0.7297,11,1,0.2973,0.3056,78.72,82.88,-10.32,-0.1311,-0.1246,0.9499
bet04>=40,M2A,141533490,111,92,0.8288,15,4,0.1351,0.1402,777.31,860.14,-107.35,-0.1381,-0.1248,0.9037
bet04>=40,M2A,144545383,62,39,0.6290,26,8,0.4194,0.4815,387.54,433.19,-54.10,-0.1396,-0.1249,0.8946
bet04>=40,M2A,38271859,32,21,0.6563,5,0,0.1563,0.1563,142.08,162.85,-20.36,-0.1433,-0.1250,0.8724
bet04>=40,M2A,149714731,63,41,0.6508,13,2,0.2063,0.2131,503.52,543.43,-67.99,-0.1350,-0.1251,0.9266
bet04>=40,M2A,134113936,59,42,0.7119,10,2,0.1695,0.1754,11355.67,11411.33,-1427.13,-0.1257,-0.1251,0.9951
bet04>=40,M2A,146010982,35,21,0.6000,9,1,0.2571,0.2647,983.66,1014.64,-127.15,-0.1293,-0.1253,0.9695
bet04>=40,M2A,151871228,50,50,1.0000,9,1,0.1800,0.1837,1261.87,1324.18,-166.17,-0.1317,-0.1255,0.9529
bet04>=40,M2A,150020860,39,25,0.6410,8,3,0.2051,0.2222,144.00,162.16,-20.37,-0.1414,-0.1256,0.8880
bet04>=40,M2A,151807670,30,27,0.9000,7,1,0.2333,0.2414,331.72,362.88,-45.57,-0.1374,-0.1256,0.9141
bet04>=40,M2A,140683942,71,59,0.8310,23,2,0.3239,0.3333,419.00,438.80,-55.10,-0.1315,-0.1256,0.9549
bet04>=40,M2A,88686505,34,26,0.7647,8,2,0.2353,0.2500,1320.89,1501.10,-188.67,-0.1428,-0.1257,0.8799
bet04>=40,M2A,150074802,33,20,0.6061,8,2,0.2424,0.2581,95.58,103.98,-13.12,-0.1373,-0.1262,0.9192
bet04>=40,M2A,119624270,43,28,0.6512,17,3,0.3953,0.4250,449.58,499.29,-63.07,-0.1403,-0.1263,0.9004
bet04>=40,M2A,147952677,84,59,0.7024,33,14,0.3929,0.4714,1654.46,2191.69,-276.90,-0.1674,-0.1263,0.7549
bet04>=40,M2A,150909688,40,24,0.6000,13,1,0.3250,0.3333,3963.54,4066.40,-514.18,-0.1297,-0.1264,0.9747
bet04>=40,M2A,147108956,40,25,0.6250,14,3,0.3500,0.3784,272.42,309.06,-39.13,-0.1436,-0.1266,0.8814
bet04>=40,M2A,148975302,35,23,0.6571,15,3,0.4286,0.4688,27.03,29.95,-3.79,-0.1404,-0.1267,0.9024
bet04>=40,M2A,149503953,58,44,0.7586,22,4,0.3793,0.4074,187.85,202.90,-25.78,-0.1372,-0.1270,0.9258
bet04>=40,M2A,150862982,42,35,0.8333,10,3,0.2381,0.2564,279.79,305.50,-38.87,-0.1389,-0.1272,0.9158
bet04>=40,M2A,149701224,67,50,0.7463,21,4,0.3134,0.3333,16174.77,17036.03,-2166.79,-0.1340,-0.1272,0.9494
bet04>=40,M2A,144021646,63,55,0.8730,12,3,0.1905,0.2000,307.80,339.43,-43.22,-0.1404,-0.1273,0.9068
bet04>=40,M2A,148331962,71,54,0.7606,18,6,0.2535,0.2769,4135.80,4889.67,-623.25,-0.1507,-0.1275,0.8458
bet04>=40,M2A,149180377,31,23,0.7419,11,0,0.3548,0.3548,384.52,384.52,-49.05,-0.1276,-0.1276,1.0000
bet04>=40,M2A,51956950,87,65,0.7471,14,0,0.1609,0.1609,12700.00,12700.00,-1620.00,-0.1276,-0.1276,1.0000
bet04>=40,M2A,149550072,34,30,0.8824,16,1,0.4706,0.4848,9.40,9.61,-1.23,-0.1304,-0.1277,0.9787
bet04>=40,M2A,131413271,52,33,0.6346,8,2,0.1538,0.1600,732.13,766.58,-98.19,-0.1341,-0.1281,0.9551
bet04>=40,M2A,147988836,45,27,0.6000,14,5,0.3111,0.3500,743.55,919.22,-117.86,-0.1585,-0.1282,0.8089
bet04>=40,M2A,147569814,130,85,0.6538,21,6,0.1615,0.1694,591.31,654.24,-84.22,-0.1424,-0.1287,0.9038
bet04>=40,M2A,131501216,65,47,0.7231,25,6,0.3846,0.4237,676.13,742.58,-95.57,-0.1413,-0.1287,0.9105
bet04>=40,M2A,142004088,33,23,0.6970,7,0,0.2121,0.2121,3616.52,3616.52,-465.92,-0.1288,-0.1288,1.0000
bet04>=40,M2A,147771641,63,39,0.6190,24,7,0.3810,0.4286,6976.05,8012.26,-1034.21,-0.1483,-0.1291,0.8707
bet04>=40,M2A,42040777,43,27,0.6279,15,1,0.3488,0.3571,706.32,727.33,-93.99,-0.1331,-0.1292,0.9711
bet04>=40,M2A,149030157,60,38,0.6333,10,3,0.1667,0.1754,455.46,649.16,-84.02,-0.1845,-0.1294,0.7016
bet04>=40,M2A,153402361,54,37,0.6852,16,5,0.2963,0.3265,167.81,192.08,-24.88,-0.1482,-0.1295,0.8737
bet04>=40,M2A,116152024,98,66,0.6735,23,5,0.2347,0.2473,387.46,412.48,-53.44,-0.1379,-0.1296,0.9393
bet04>=40,M2A,148238791,54,38,0.7037,11,1,0.2037,0.2075,974.53,1011.18,-131.19,-0.1346,-0.1297,0.9638
bet04>=40,M2A,151455134,38,23,0.6053,17,2,0.4474,0.4722,1012.16,1063.59,-137.96,-0.1363,-0.1297,0.9516
bet04>=40,M2A,153729278,154,95,0.6169,51,11,0.3312,0.3566,1097.06,1222.32,-159.71,-0.1456,-0.1307,0.8975
bet04>=40,M2A,152199733,135,108,0.8000,24,1,0.1778,0.1791,1695.17,1733.74,-226.55,-0.1336,-0.1307,0.9778
bet04>=40,M2A,148696717,45,29,0.6444,13,0,0.2889,0.2889,212.03,212.03,-27.75,-0.1309,-0.1309,1.0000
bet04>=40,M2A,147107064,34,21,0.6176,15,4,0.4412,0.5000,453.70,495.86,-64.93,-0.1431,-0.1309,0.9150
bet04>=40,M2A,148972594,31,21,0.6774,11,3,0.3548,0.3929,1019.10,1168.75,-152.98,-0.1501,-0.1309,0.8720
bet04>=40,M2A,135551928,86,62,0.7209,12,1,0.1395,0.1412,507.62,520.61,-68.20,-0.1344,-0.1310,0.9750
bet04>=40,M2A,149880884,624,523,0.8381,83,7,0.1330,0.1345,13932.99,14414.03,-1889.80,-0.1356,-0.1311,0.9666
bet04>=40,M2A,148415788,57,37,0.6491,21,7,0.3684,0.4200,3985.83,4280.99,-561.63,-0.1409,-0.1312,0.9311
bet04>=40,M2A,148486346,30,25,0.8333,10,2,0.3333,0.3571,442.25,464.16,-60.97,-0.1379,-0.1314,0.9528
bet04>=40,M2A,142741419,30,23,0.7667,11,7,0.3667,0.4783,142.73,171.21,-22.56,-0.1581,-0.1318,0.8336
bet04>=40,M2A,145247897,55,45,0.8182,12,0,0.2182,0.2182,1153.78,2165.66,-285.89,-0.2478,-0.1320,0.5328
bet04>=40,M2A,148048875,48,35,0.7292,8,1,0.1667,0.1702,360.06,369.14,-48.95,-0.1359,-0.1326,0.9754
bet04>=40,M2A,147869815,61,38,0.6230,23,7,0.3770,0.4259,1659.70,1930.08,-255.95,-0.1542,-0.1326,0.8599
bet04>=40,M2A,148880760,30,18,0.6000,4,1,0.1333,0.1379,235.58,256.52,-34.03,-0.1444,-0.1327,0.9184
bet04>=40,M2A,153641178,31,19,0.6129,13,1,0.4194,0.4333,294.71,304.93,-40.49,-0.1374,-0.1328,0.9665
bet04>=40,M2A,123637446,46,31,0.6739,16,1,0.3478,0.3556,428.31,438.42,-58.23,-0.1359,-0.1328,0.9770
bet04>=40,M2A,119561614,35,29,0.8286,6,2,0.1714,0.1818,13654.00,15654.00,-2081.20,-0.1524,-0.1330,0.8722
bet04>=40,M2A,150196098,215,130,0.6047,87,29,0.4047,0.4677,59974.17,68969.41,-9173.02,-0.1529,-0.1330,0.8696
bet04>=40,M2A,151502382,86,60,0.6977,29,11,0.3372,0.3867,710.38,1205.78,-160.67,-0.2262,-0.1332,0.5891
bet04>=40,M2A,148527280,36,27,0.7500,6,2,0.1667,0.1765,313.06,364.89,-48.69,-0.1555,-0.1334,0.8580
bet04>=40,M2A,149530030,31,19,0.6129,11,5,0.3548,0.4231,565.28,796.34,-106.20,-0.1879,-0.1334,0.7098
bet04>=40,M2A,143705922,44,30,0.6818,9,0,0.2045,0.2045,198.02,198.02,-26.43,-0.1335,-0.1335,1.0000
bet04>=40,M2A,132280272,30,18,0.6000,10,2,0.3333,0.3571,137.59,152.75,-20.43,-0.1485,-0.1337,0.9007
bet04>=40,M2A,134972281,151,95,0.6291,25,6,0.1656,0.1724,373.91,402.88,-53.85,-0.1440,-0.1337,0.9281
bet04>=40,M2A,105385956,45,27,0.6000,14,4,0.3111,0.3415,869.70,999.82,-133.75,-0.1538,-0.1338,0.8699
bet04>=40,M2A,123128703,103,68,0.6602,15,1,0.1456,0.1471,1575.00,1640.35,-219.59,-0.1394,-0.1339,0.9602
bet04>=40,M2A,142547952,56,43,0.7679,10,4,0.1786,0.1923,3015.66,3735.70,-501.45,-0.1663,-0.1342,0.8073
bet04>=40,M2A,144023893,67,42,0.6269,32,4,0.4776,0.5079,895.74,1034.21,-139.26,-0.1555,-0.1346,0.8661
bet04>=40,M2A,113815653,52,46,0.8846,14,3,0.2692,0.2857,3142.94,3452.55,-465.28,-0.1480,-0.1348,0.9103
bet04>=40,M2A,143400314,53,51,0.9623,9,2,0.1698,0.1765,600.01,679.59,-91.67,-0.1528,-0.1349,0.8829
bet04>=40,M2A,148163240,40,29,0.7250,11,1,0.2750,0.2821,96.86,99.48,-13.48,-0.1392,-0.1355,0.9737
bet04>=40,M2A,147650121,46,40,0.8696,11,1,0.2391,0.2444,358.11,371.28,-50.29,-0.1404,-0.1355,0.9645
bet04>=40,M2A,152591407,40,26,0.6500,10,4,0.2500,0.2778,2977.05,3803.22,-516.10,-0.1734,-0.1357,0.7828
bet04>=40,M2A,148380005,47,31,0.6596,6,3,0.1277,0.1364,737.88,853.84,-115.95,-0.1571,-0.1358,0.8642
bet04>=40,M2A,148032745,81,52,0.6420,11,0,0.1358,0.1358,764.01,764.01,-104.02,-0.1361,-0.1361,1.0000
bet04>=40,M2A,125732684,51,35,0.6863,14,4,0.2745,0.2979,1894.72,2075.88,-283.28,-0.1495,-0.1365,0.9127
bet04>=40,M2A,153393742,66,47,0.7121,27,5,0.4091,0.4426,2067.50,2286.95,-312.28,-0.1510,-0.1365,0.9040
bet04>=40,M2A,153310704,67,50,0.7463,12,3,0.1791,0.1875,391.61,448.84,-61.32,-0.1566,-0.1366,0.8725
bet04>=40,M2A,146881102,181,139,0.7680,19,2,0.1050,0.1061,596.20,604.64,-82.59,-0.1385,-0.1366,0.9861
bet04>=40,M2A,149089988,266,168,0.6316,43,12,0.1617,0.1693,126243.83,140444.41,-19185.25,-0.1520,-0.1366,0.8989
bet04>=40,M2A,153700222,38,27,0.7105,8,0,0.2105,0.2105,76.77,76.77,-10.51,-0.1368,-0.1368,1.0000
bet04>=40,M2A,114127008,32,26,0.8125,7,2,0.2188,0.2333,5376.21,6008.69,-822.42,-0.1530,-0.1369,0.8947
bet04>=40,M2A,150468265,32,21,0.6563,12,1,0.3750,0.3871,1060.66,1138.50,-156.06,-0.1471,-0.1371,0.9316
bet04>=40,M2A,130021167,146,90,0.6164,35,10,0.2397,0.2574,5578.47,6550.50,-897.83,-0.1609,-0.1371,0.8516
bet04>=40,M2A,141850276,38,24,0.6316,20,5,0.5263,0.6061,516.32,566.91,-77.84,-0.1508,-0.1373,0.9108
bet04>=40,M2A,149516048,33,26,0.7879,16,1,0.4848,0.5000,759.70,780.14,-107.11,-0.1410,-0.1373,0.9738
bet04>=40,M2A,146843433,31,20,0.6452,14,1,0.4516,0.4667,153.64,159.09,-21.93,-0.1427,-0.1378,0.9658
bet04>=40,M2A,99895706,30,18,0.6000,9,1,0.3000,0.3103,2444.66,2536.28,-349.54,-0.1430,-0.1378,0.9639
bet04>=40,M2A,97300912,32,20,0.6250,11,5,0.3438,0.4074,2354.89,2812.63,-387.71,-0.1646,-0.1378,0.8373
bet04>=40,M2A,150904051,31,19,0.6129,8,3,0.2581,0.2857,36.32,49.85,-6.87,-0.1892,-0.1379,0.7286
bet04>=40,M2A,120591912,167,120,0.7186,67,10,0.4012,0.4268,1031.37,1105.29,-152.47,-0.1478,-0.1379,0.9331
bet04>=40,M2A,125355493,69,44,0.6377,12,3,0.1739,0.1818,6457.00,7227.00,-998.20,-0.1546,-0.1381,0.8935
bet04>=40,M2A,149367813,90,59,0.6556,29,4,0.3222,0.3372,767.89,818.42,-113.17,-0.1474,-0.1383,0.9383
bet04>=40,M2A,150353982,81,54,0.6667,19,5,0.2346,0.2500,657.98,728.82,-100.84,-0.1533,-0.1384,0.9028
bet04>=40,M2A,152889287,53,36,0.6792,4,0,0.0755,0.0755,132.85,132.85,-18.40,-0.1385,-0.1385,1.0000
bet04>=40,M2A,148249960,32,32,1.0000,7,0,0.2188,0.2188,92.76,92.76,-12.86,-0.1386,-0.1386,1.0000
bet04>=40,M2A,151618495,61,37,0.6066,19,3,0.3115,0.3276,1163.16,1267.02,-175.71,-0.1511,-0.1387,0.9180
bet04>=40,M2A,150917512,33,24,0.7273,13,3,0.3939,0.4333,562.37,613.50,-85.21,-0.1515,-0.1389,0.9167
bet04>=40,M2A,147814944,45,28,0.6222,21,4,0.4667,0.5122,15109.00,16809.00,-2336.55,-0.1546,-0.1390,0.8989
bet04>=40,M2A,146139128,51,31,0.6078,16,4,0.3137,0.3404,1411.34,1575.32,-220.08,-0.1559,-0.1397,0.8959
bet04>=40,M2A,114260109,330,229,0.6939,65,9,0.1970,0.2025,1875.07,1947.17,-272.07,-0.1451,-0.1397,0.9630
bet04>=40,M2A,149148577,37,37,1.0000,7,3,0.1892,0.2059,1592.81,1880.74,-263.07,-0.1652,-0.1399,0.8469
bet04>=40,M2A,153369749,32,20,0.6250,16,3,0.5000,0.5517,3222.00,3482.00,-487.25,-0.1512,-0.1399,0.9253
bet04>=40,M2A,152862587,30,19,0.6333,12,2,0.4000,0.4286,171.69,183.95,-25.75,-0.1500,-0.1400,0.9333
bet04>=40,M2A,95048793,98,69,0.7041,36,4,0.3673,0.3830,18845.38,20232.70,-2841.47,-0.1508,-0.1404,0.9314
bet04>=40,M2A,150121648,51,45,0.8824,10,2,0.1961,0.2041,469.62,505.94,-71.09,-0.1514,-0.1405,0.9282
bet04>=40,M2A,148387818,46,29,0.6304,16,3,0.3478,0.3721,1082.71,1178.71,-165.79,-0.1531,-0.1407,0.9186
bet04>=40,M2A,152945635,158,137,0.8671,55,8,0.3481,0.3667,756.24,794.67,-112.41,-0.1486,-0.1415,0.9516
bet04>=40,M2A,149910448,75,45,0.6000,28,7,0.3733,0.4118,2293.60,2493.38,-352.86,-0.1538,-0.1415,0.9199
bet04>=40,M2A,151352356,37,24,0.6486,16,3,0.4324,0.4706,918.00,1078.00,-152.90,-0.1666,-0.1418,0.8516
bet04>=40,M2A,146767678,90,65,0.7222,10,1,0.1111,0.1124,265.64,278.29,-39.53,-0.1488,-0.1420,0.9545
bet04>=40,M2A,126588532,43,33,0.7674,16,8,0.3721,0.4571,904.55,1454.36,-206.81,-0.2286,-0.1422,0.6220
bet04>=40,M2A,127395006,53,33,0.6226,16,3,0.3019,0.3200,11928.37,12873.65,-1830.69,-0.1535,-0.1422,0.9266
bet04>=40,M2A,153049386,54,35,0.6481,12,3,0.2222,0.2353,1179.61,1269.98,-181.11,-0.1535,-0.1426,0.9288
bet04>=40,M2A,83748132,45,28,0.6222,16,6,0.3556,0.4103,1709.91,2061.05,-294.18,-0.1720,-0.1427,0.8296
bet04>=40,M2A,148814416,35,23,0.6571,11,2,0.3143,0.3333,684.97,737.67,-105.31,-0.1537,-0.1428,0.9286
bet04>=40,M2A,150800674,86,56,0.6512,32,4,0.3721,0.3902,7766.65,8102.33,-1163.27,-0.1498,-0.1436,0.9586
bet04>=40,M2A,97126477,39,24,0.6154,16,1,0.4103,0.4211,19516.86,19932.29,-2866.46,-0.1469,-0.1438,0.9792
bet04>=40,M2A,147192819,58,36,0.6207,23,5,0.3966,0.4340,357.30,386.10,-55.55,-0.1555,-0.1439,0.9254
bet04>=40,M2A,146959720,91,57,0.6264,16,2,0.1758,0.1798,5094.00,5324.00,-767.35,-0.1506,-0.1441,0.9568
bet04>=40,M2A,152689706,70,42,0.6000,11,2,0.1571,0.1618,1825.32,1987.19,-286.60,-0.1570,-0.1442,0.9185
bet04>=40,M2A,149284534,78,48,0.6154,24,5,0.3077,0.3288,4880.00,5946.00,-860.00,-0.1762,-0.1446,0.8207
bet04>=40,M2A,142066233,203,161,0.7931,38,4,0.1872,0.1910,623.60,644.17,-93.18,-0.1494,-0.1447,0.9681
bet04>=40,M2A,151365071,43,33,0.7674,9,2,0.2093,0.2195,420.71,487.57,-70.65,-0.1679,-0.1449,0.8629
bet04>=40,M2A,150504743,98,60,0.6122,39,5,0.3980,0.4194,2213.35,2386.13,-345.66,-0.1562,-0.1449,0.9276
bet04>=40,M2A,152680864,106,70,0.6604,39,5,0.3679,0.3861,766.46,823.69,-119.47,-0.1559,-0.1450,0.9305
bet04>=40,M2A,147714993,44,31,0.7045,16,1,0.3636,0.3721,233.45,237.31,-34.46,-0.1476,-0.1452,0.9837
bet04>=40,M2A,148866259,31,28,0.9032,7,2,0.2258,0.2414,2827.15,2911.48,-423.76,-0.1499,-0.1455,0.9710
bet04>=40,M2A,124370008,31,21,0.6774,6,2,0.1935,0.2069,215.35,267.24,-38.92,-0.1807,-0.1456,0.8058
bet04>=40,M2A,147690815,35,29,0.8286,6,0,0.1714,0.1714,150.54,150.54,-21.94,-0.1458,-0.1458,1.0000
bet04>=40,M2A,149602777,30,20,0.6667,11,3,0.3667,0.4074,280.44,328.32,-47.88,-0.1707,-0.1458,0.8542
bet04>=40,M2A,149608609,37,26,0.7027,17,1,0.4595,0.4722,345.08,352.86,-51.50,-0.1492,-0.1460,0.9779
bet04>=40,M2A,153852556,34,21,0.6176,14,3,0.4118,0.4516,3131.02,3516.30,-514.35,-0.1643,-0.1463,0.8904
bet04>=40,M2A,149512108,34,23,0.6765,5,1,0.1471,0.1515,106.09,108.69,-15.93,-0.1502,-0.1466,0.9761
bet04>=40,M2A,148486484,32,22,0.6875,5,1,0.1563,0.1613,198.17,219.26,-32.15,-0.1622,-0.1466,0.9038
bet04>=40,M2A,141347457,33,24,0.7273,12,3,0.3636,0.4000,1218.36,1386.41,-203.23,-0.1668,-0.1466,0.8788
bet04>=40,M2A,128649698,30,19,0.6333,7,1,0.2333,0.2414,92.11,97.30,-14.27,-0.1549,-0.1467,0.9467
bet04>=40,M2A,151198157,30,30,1.0000,7,1,0.2333,0.2414,98426.21,103440.74,-15172.17,-0.1541,-0.1467,0.9515
bet04>=40,M2A,149987403,221,138,0.6244,32,4,0.1448,0.1475,1723.36,1953.24,-287.02,-0.1665,-0.1469,0.8823
bet04>=40,M2A,148457457,33,28,0.8485,5,0,0.1515,0.1515,285.84,285.84,-42.14,-0.1474,-0.1474,1.0000
bet04>=40,M2A,149861539,62,40,0.6452,23,9,0.3710,0.4340,655.60,798.45,-117.74,-0.1796,-0.1475,0.8211
bet04>=40,M2A,144046688,109,67,0.6147,31,5,0.2844,0.2981,1821.91,1886.77,-278.26,-0.1527,-0.1475,0.9656
bet04>=40,M2A,112376074,152,96,0.6316,25,3,0.1645,0.1678,1245.34,1299.34,-191.86,-0.1541,-0.1477,0.9584
bet04>=40,M2A,149530032,31,25,0.8065,9,2,0.2903,0.3103,283.16,297.87,-44.22,-0.1562,-0.1484,0.9506
bet04>=40,M2A,103223445,193,153,0.7927,27,2,0.1399,0.1414,2829.07,2912.16,-432.05,-0.1527,-0.1484,0.9715
bet04>=40,M2A,153104688,35,28,0.8000,14,3,0.4000,0.4375,1729.79,1910.52,-284.00,-0.1642,-0.1486,0.9054
bet04>=40,M2A,33781716,61,45,0.7377,9,1,0.1475,0.1500,1525.02,1596.55,-237.45,-0.1557,-0.1487,0.9552
bet04>=40,M2A,68300124,68,48,0.7059,28,8,0.4118,0.4667,516.34,559.56,-83.30,-0.1613,-0.1489,0.9228
bet04>=40,M2A,150162021,41,25,0.6098,14,6,0.3415,0.4000,410.04,487.76,-72.72,-0.1774,-0.1491,0.8407
bet04>=40,M2A,147707211,35,21,0.6000,5,0,0.1429,0.1429,417.09,417.09,-62.21,-0.1492,-0.1492,1.0000
bet04>=40,M2A,152650022,47,47,1.0000,9,0,0.1915,0.1915,304.65,304.65,-45.57,-0.1496,-0.1496,1.0000
bet04>=40,M2A,116876159,30,23,0.7667,11,1,0.3667,0.3793,5066.47,5286.56,-792.32,-0.1564,-0.1499,0.9584
bet04>=40,M2A,144484761,42,42,1.0000,4,0,0.0952,0.0952,337.32,337.32,-50.81,-0.1506,-0.1506,1.0000
bet04>=40,M2A,148779713,49,34,0.6939,10,1,0.2041,0.2083,337.32,349.97,-52.71,-0.1563,-0.1506,0.9639
bet04>=40,M2A,148821841,180,151,0.8389,19,3,0.1056,0.1073,870.28,910.34,-137.14,-0.1576,-0.1506,0.9560
bet04>=40,M2A,112860373,159,122,0.7673,40,8,0.2516,0.2649,1399.77,1524.15,-229.70,-0.1641,-0.1507,0.9184
bet04>=40,M2A,7103129,33,20,0.6061,5,1,0.1515,0.1563,2052.88,2162.93,-326.00,-0.1588,-0.1507,0.9491
bet04>=40,M2A,149400228,71,45,0.6338,12,2,0.1690,0.1739,25470.00,28620.00,-4316.00,-0.1695,-0.1508,0.8899
bet04>=40,M2A,146367673,116,72,0.6207,16,2,0.1379,0.1404,1756.73,1797.61,-271.33,-0.1545,-0.1509,0.9773
bet04>=40,M2A,147699274,50,33,0.6600,19,7,0.3800,0.4419,1784.14,2066.21,-312.51,-0.1752,-0.1512,0.8635
bet04>=40,M2A,148817270,30,18,0.6000,9,2,0.3000,0.3214,170.36,186.45,-28.28,-0.1660,-0.1517,0.9137
bet04>=40,M2A,147560960,40,25,0.6250,14,6,0.3500,0.4118,500.38,587.96,-89.42,-0.1787,-0.1521,0.8510
bet04>=40,M2A,148585150,43,39,0.9070,5,0,0.1163,0.1163,332.89,332.89,-50.74,-0.1524,-0.1524,1.0000
bet04>=40,M2A,94788510,66,42,0.6364,20,7,0.3030,0.3390,1422.88,1658.43,-253.03,-0.1778,-0.1526,0.8580
bet04>=40,M2A,148025773,35,26,0.7429,12,0,0.3429,0.3429,185.90,185.90,-28.43,-0.1529,-0.1529,1.0000
bet04>=40,M2A,153852585,62,50,0.8065,26,3,0.4194,0.4407,647.27,680.66,-104.15,-0.1609,-0.1530,0.9509
bet04>=40,M2A,149626047,42,31,0.7381,11,0,0.2619,0.2619,191.16,191.16,-29.30,-0.1533,-0.1533,1.0000
bet04>=40,M2A,152787276,35,28,0.8000,11,0,0.3143,0.3143,522.42,522.42,-80.12,-0.1534,-0.1534,1.0000
bet04>=40,M2A,153160033,34,21,0.6176,14,5,0.4118,0.4828,1051.82,1190.72,-182.66,-0.1737,-0.1534,0.8833
bet04>=40,M2A,143000819,61,37,0.6066,7,3,0.1148,0.1207,1163.75,1374.57,-210.82,-0.1812,-0.1534,0.8466
bet04>=40,M2A,151469794,111,85,0.7658,21,4,0.1892,0.1963,651.96,702.64,-107.88,-0.1655,-0.1535,0.9279
bet04>=40,M2A,148733561,83,54,0.6506,14,0,0.1687,0.1687,846.01,2516.93,-386.51,-0.4569,-0.1536,0.3361
bet04>=40,M2A,90779571,243,164,0.6749,102,23,0.4198,0.4636,4501.30,4854.93,-745.65,-0.1657,-0.1536,0.9272
bet04>=40,M2A,143827374,53,32,0.6038,20,11,0.3774,0.4762,1746.44,2081.27,-320.61,-0.1836,-0.1540,0.8391
bet04>=40,M2A,152085453,49,33,0.6735,19,4,0.3878,0.4222,348.54,379.52,-58.48,-0.1678,-0.1541,0.9184
bet04>=40,M2A,109057120,68,52,0.7647,22,7,0.3235,0.3607,183.42,202.39,-31.20,-0.1701,-0.1542,0.9063
bet04>=40,M2A,149323727,36,23,0.6389,7,0,0.1944,0.1944,1794.32,1794.32,-276.77,-0.1542,-0.1542,1.0000
bet04>=40,M2A,149047680,75,61,0.8133,11,2,0.1467,0.1507,348.70,371.89,-57.38,-0.1645,-0.1543,0.9376
bet04>=40,M2A,149348396,43,34,0.7907,13,3,0.3023,0.3250,145.54,158.63,-24.57,-0.1688,-0.1549,0.9175
bet04>=40,M2A,112948932,65,53,0.8154,7,0,0.1077,0.1077,1073.03,1073.03,-166.36,-0.1550,-0.1550,1.0000
bet04>=40,M2A,152528981,52,38,0.7308,12,1,0.2308,0.2353,25835.97,27000.50,-4184.00,-0.1619,-0.1550,0.9569
bet04>=40,M2A,153278912,35,29,0.8286,10,2,0.2857,0.3030,233.82,252.22,-39.21,-0.1677,-0.1555,0.9271
bet04>=40,M2A,85328918,190,128,0.6737,72,15,0.3789,0.4114,4147.18,4966.92,-774.09,-0.1867,-0.1558,0.8350
bet04>=40,M2A,151530398,85,63,0.7412,23,3,0.2706,0.2805,1972.38,2054.67,-321.19,-0.1628,-0.1563,0.9599
bet04>=40,M2A,116254431,98,62,0.6327,30,6,0.3061,0.3261,2028.84,2197.65,-345.20,-0.1701,-0.1571,0.9232
bet04>=40,M2A,134772292,216,138,0.6389,31,1,0.1435,0.1442,1599.68,1791.14,-281.64,-0.1761,-0.1572,0.8931
bet04>=40,M2A,124142087,38,27,0.7105,16,2,0.4211,0.4444,651.61,683.54,-107.55,-0.1651,-0.1573,0.9533
bet04>=40,M2A,123654800,31,31,1.0000,6,0,0.1935,0.1935,133.87,133.87,-21.07,-0.1574,-0.1574,1.0000
bet04>=40,M2A,116568942,3637,2271,0.6244,557,82,0.1531,0.1567,14788.05,15466.06,-2434.52,-0.1646,-0.1574,0.9562
bet04>=40,M2A,152971961,40,25,0.6250,11,4,0.2750,0.3056,300.45,376.08,-59.27,-0.1973,-0.1576,0.7989
bet04>=40,M2A,136339792,61,51,0.8361,25,5,0.4098,0.4464,3228.31,3422.62,-539.72,-0.1672,-0.1577,0.9432
bet04>=40,M2A,146083783,37,27,0.7297,9,1,0.2432,0.2500,1211.67,1315.45,-207.57,-0.1713,-0.1578,0.9211
bet04>=40,M2A,148713160,43,28,0.6512,12,3,0.2791,0.3000,303.64,327.20,-51.70,-0.1703,-0.1580,0.9280
bet04>=40,M2A,147207078,49,30,0.6122,11,0,0.2245,0.2245,1132.18,1132.18,-178.86,-0.1580,-0.1580,1.0000
bet04>=40,M2A,134168395,30,19,0.6333,10,1,0.3333,0.3448,1221.63,1273.98,-201.52,-0.1650,-0.1582,0.9589
bet04>=40,M2A,149535740,61,38,0.6230,15,6,0.2459,0.2727,213.21,251.02,-39.80,-0.1867,-0.1585,0.8494
bet04>=40,M2A,153742875,30,21,0.7000,14,1,0.4667,0.4828,93.54,96.57,-15.35,-0.1641,-0.1590,0.9686
bet04>=40,M2A,149313638,81,52,0.6420,19,4,0.2346,0.2468,5644.68,6113.54,-973.34,-0.1724,-0.1592,0.9233
bet04>=40,M2A,153853858,50,31,0.6200,21,3,0.4200,0.4468,445.73,464.45,-74.16,-0.1664,-0.1597,0.9597
bet04>=40,M2A,153727086,38,36,0.9474,12,5,0.3158,0.3636,519.64,676.22,-108.33,-0.2085,-0.1602,0.7684
bet04>=40,M2A,152535907,36,27,0.7500,13,2,0.3611,0.3824,1796.39,1873.85,-300.25,-0.1671,-0.1602,0.9587
bet04>=40,M2A,119783863,35,25,0.7143,7,2,0.2000,0.2121,897.68,985.46,-158.02,-0.1760,-0.1603,0.9109
bet04>=40,M2A,153129440,43,33,0.7674,8,1,0.1860,0.1905,179.86,183.95,-29.53,-0.1642,-0.1606,0.9778
bet04>=40,M2A,152424078,117,105,0.8974,16,2,0.1368,0.1391,612.35,636.88,-102.30,-0.1671,-0.1606,0.9615
bet04>=40,M2A,151298893,32,32,1.0000,4,0,0.1250,0.1250,270.44,270.44,-43.52,-0.1609,-0.1609,1.0000
bet04>=40,M2A,140603417,33,24,0.7273,13,2,0.3939,0.4194,359.11,379.87,-61.19,-0.1704,-0.1611,0.9454
bet04>=40,M2A,149651676,35,21,0.6000,9,3,0.2571,0.2813,732.97,828.45,-133.49,-0.1821,-0.1611,0.8847
bet04>=40,M2A,149403778,35,30,0.8571,11,5,0.3143,0.3667,593.64,648.04,-104.71,-0.1764,-0.1616,0.9160
bet04>=40,M2A,146152618,385,254,0.6597,144,35,0.3740,0.4114,11097.38,12070.96,-1950.97,-0.1758,-0.1616,0.9193
bet04>=40,M2A,144994336,54,35,0.6481,17,2,0.3148,0.3269,567.98,589.04,-95.32,-0.1678,-0.1618,0.9642
bet04>=40,M2A,109928730,40,29,0.7250,8,1,0.2000,0.2051,833.38,877.48,-142.00,-0.1704,-0.1618,0.9497
bet04>=40,M2A,147731918,30,19,0.6333,13,1,0.4333,0.4483,353.06,369.39,-59.80,-0.1694,-0.1619,0.9558
bet04>=40,M2A,146987065,41,25,0.6098,14,6,0.3415,0.4000,1400.00,1620.00,-262.50,-0.1875,-0.1620,0.8642
bet04>=40,M2A,151404556,99,63,0.6364,20,2,0.2020,0.2062,2486.18,2589.04,-419.42,-0.1687,-0.1620,0.9603
bet04>=40,M2A,151299723,42,29,0.6905,5,3,0.1190,0.1282,221.84,255.07,-41.35,-0.1864,-0.1621,0.8697
bet04>=40,M2A,153527425,71,59,0.8310,11,3,0.1549,0.1618,598.86,631.57,-102.37,-0.1709,-0.1621,0.9482
bet04>=40,M2A,133684169,70,49,0.7000,12,0,0.1714,0.1714,1802.27,1802.27,-293.83,-0.1630,-0.1630,1.0000
bet04>=40,M2A,149126941,68,42,0.6176,4,0,0.0588,0.0588,181.29,181.29,-29.57,-0.1631,-0.1631,1.0000
bet04>=40,M2A,145727333,123,83,0.6748,48,8,0.3902,0.4174,7463.01,8182.69,-1334.35,-0.1788,-0.1631,0.9120
bet04>=40,M2A,148721023,36,22,0.6111,15,3,0.4167,0.4545,107.32,117.79,-19.24,-0.1793,-0.1633,0.9111
bet04>=40,M2A,148450497,46,31,0.6739,12,2,0.2609,0.2727,275.16,293.16,-47.96,-0.1743,-0.1636,0.9386
bet04>=40,M2A,151937326,53,35,0.6604,10,2,0.1887,0.1961,258.14,283.06,-46.33,-0.1795,-0.1637,0.9119
bet04>=40,M2A,147142668,31,25,0.8065,5,1,0.1613,0.1667,298.41,311.49,-51.04,-0.1711,-0.1639,0.9580
bet04>=40,M2A,148402403,84,57,0.6786,9,3,0.1071,0.1111,651.02,718.49,-117.75,-0.1809,-0.1639,0.9061
bet04>=40,M2A,151018541,102,62,0.6078,33,8,0.3235,0.3511,708.93,779.55,-127.74,-0.1802,-0.1639,0.9094
bet04>=40,M2A,148976349,34,34,1.0000,5,2,0.1471,0.1563,1858.49,2251.13,-369.74,-0.1989,-0.1642,0.8256
bet04>=40,M2A,152388375,35,21,0.6000,7,4,0.2000,0.2258,304.65,392.43,-64.54,-0.2119,-0.1645,0.7763
bet04>=40,M2A,151315792,57,42,0.7368,17,5,0.2982,0.3269,153.71,170.33,-28.04,-0.1824,-0.1646,0.9024
bet04>=40,M2A,150705490,44,29,0.6591,8,2,0.1818,0.1905,75.62,92.43,-15.23,-0.2014,-0.1648,0.8182
bet04>=40,M2A,147189864,39,35,0.8974,19,2,0.4872,0.5135,865.38,907.26,-149.60,-0.1729,-0.1649,0.9538
bet04>=40,M2A,78454691,62,42,0.6774,15,2,0.2419,0.2500,401.62,420.56,-69.63,-0.1734,-0.1656,0.9550
bet04>=40,M2A,150472054,38,23,0.6053,11,2,0.2895,0.3056,890.20,977.63,-162.10,-0.1821,-0.1658,0.9106
bet04>=40,M2A,115234696,112,92,0.8214,13,4,0.1161,0.1204,440.62,495.44,-82.22,-0.1866,-0.1660,0.8894
bet04>=40,M2A,149014739,32,20,0.6250,13,2,0.4063,0.4333,1473.18,1577.89,-261.89,-0.1778,-0.1660,0.9336
bet04>=40,M2A,130249645,350,236,0.6743,59,10,0.1686,0.1735,4518.37,4825.75,-802.05,-0.1775,-0.1662,0.9363
bet04>=40,M2A,96529267,35,23,0.6571,16,3,0.4571,0.5000,2269.98,2398.24,-400.16,-0.1763,-0.1669,0.9465
bet04>=40,M2A,148223000,36,29,0.8056,9,2,0.2500,0.2647,110.99,120.93,-20.29,-0.1828,-0.1677,0.9177
bet04>=40,M2A,144567936,36,27,0.7500,13,5,0.3611,0.4194,1262.00,1405.00,-235.70,-0.1868,-0.1678,0.8982
bet04>=40,M2A,145113961,40,26,0.6500,11,1,0.2750,0.2821,728.49,749.50,-125.93,-0.1729,-0.1680,0.9720
bet04>=40,M2A,151584716,34,22,0.6471,8,8,0.2353,0.3077,166.46,236.05,-39.76,-0.2388,-0.1684,0.7052
bet04>=40,M2A,136965016,36,25,0.6944,6,1,0.1667,0.1714,2234.73,2502.48,-421.65,-0.1887,-0.1685,0.8930
bet04>=40,M2A,149334968,35,26,0.7429,7,0,0.2000,0.2000,1623.34,1623.34,-274.07,-0.1688,-0.1688,1.0000
bet04>=40,M2A,148507318,89,69,0.7753,11,3,0.1236,0.1279,109.00,123.75,-20.90,-0.1918,-0.1689,0.8807
bet04>=40,M2A,153021823,59,48,0.8136,19,3,0.3220,0.3393,256.31,270.20,-45.65,-0.1781,-0.1689,0.9486
bet04>=40,M2A,153859031,45,42,0.9333,5,0,0.1111,0.1111,131.32,131.32,-22.22,-0.1692,-0.1692,1.0000
bet04>=40,M2A,84628251,75,51,0.6800,30,4,0.4000,0.4225,227.76,248.61,-42.07,-0.1847,-0.1692,0.9161
bet04>=40,M2A,149163539,119,75,0.6303,40,6,0.3361,0.3540,246.37,259.40,-43.89,-0.1781,-0.1692,0.9498
bet04>=40,M2A,148655649,64,43,0.6719,15,4,0.2344,0.2500,229.31,242.22,-41.04,-0.1790,-0.1694,0.9467
bet04>=40,M2A,139847202,67,46,0.6866,18,4,0.2687,0.2857,387.92,400.57,-68.00,-0.1753,-0.1698,0.9684
bet04>=40,M2A,147927455,43,39,0.9070,7,0,0.1628,0.1628,368.35,368.35,-62.57,-0.1699,-0.1699,1.0000
bet04>=40,M2A,146807602,36,24,0.6667,14,4,0.3889,0.4375,1950.00,2200.00,-375.00,-0.1923,-0.1705,0.8864
bet04>=40,M2A,109926327,30,19,0.6333,9,6,0.3000,0.3750,1000.00,1240.00,-212.00,-0.2120,-0.1710,0.8065
bet04>=40,M2A,151280863,35,27,0.7714,9,3,0.2571,0.2813,4585.08,5292.26,-907.76,-0.1980,-0.1715,0.8664
bet04>=40,M2A,128548371,48,35,0.7292,7,4,0.1458,0.1591,999.94,1231.84,-211.35,-0.2114,-0.1716,0.8117
bet04>=40,M2A,153022004,100,67,0.6700,44,9,0.4400,0.4835,642.09,738.90,-127.54,-0.1986,-0.1726,0.8690
bet04>=40,M2A,141005983,371,242,0.6523,91,24,0.2453,0.2622,6302.86,7150.58,-1235.25,-0.1960,-0.1727,0.8814
bet04>=40,M2A,132638762,150,112,0.7467,41,20,0.2733,0.3154,13974.56,16841.09,-2919.93,-0.2089,-0.1734,0.8298
bet04>=40,M2A,109319336,78,58,0.7436,28,5,0.3590,0.3836,1404.68,1509.72,-261.95,-0.1865,-0.1735,0.9304
bet04>=40,M2A,149016827,34,27,0.7941,13,2,0.3824,0.4063,449.26,475.08,-82.49,-0.1836,-0.1736,0.9457
bet04>=40,M2A,142920691,34,22,0.6471,11,1,0.3235,0.3333,341.69,358.31,-62.40,-0.1826,-0.1741,0.9536
bet04>=40,M2A,54830202,38,28,0.7368,14,3,0.3684,0.4000,776.00,856.00,-149.05,-0.1921,-0.1741,0.9065
bet04>=40,M2A,141247780,144,89,0.6181,27,9,0.1875,0.2000,1343.03,1527.35,-266.89,-0.1987,-0.1747,0.8793
bet04>=40,M2A,102741047,72,53,0.7361,23,5,0.3194,0.3433,1628.10,1789.60,-312.84,-0.1921,-0.1748,0.9098
bet04>=40,M2A,150575711,43,26,0.6047,17,5,0.3953,0.4474,675.28,817.29,-143.35,-0.2123,-0.1754,0.8262
bet04>=40,M2A,144369371,45,27,0.6000,9,1,0.2000,0.2045,675.39,734.77,-128.96,-0.1909,-0.1755,0.9192
bet04>=40,M2A,145213999,81,64,0.7901,11,2,0.1358,0.1392,1979.69,2196.95,-385.57,-0.1948,-0.1755,0.9011
bet04>=40,M2A,143542502,44,27,0.6136,8,2,0.1818,0.1905,572.39,605.06,-106.36,-0.1858,-0.1758,0.9460
bet04>=40,M2A,153269022,30,19,0.6333,5,1,0.1667,0.1724,661.00,685.53,-120.80,-0.1828,-0.1762,0.9642
bet04>=40,M2A,153015014,43,37,0.8605,14,2,0.3256,0.3415,1000.96,1039.68,-183.18,-0.1830,-0.1762,0.9628
bet04>=40,M2A,149468498,30,21,0.7000,13,1,0.4333,0.4483,81.92,84.02,-14.81,-0.1808,-0.1763,0.9750
bet04>=40,M2A,150321466,58,35,0.6034,4,0,0.0690,0.0690,595.00,595.00,-105.00,-0.1765,-0.1765,1.0000
bet04>=40,M2A,147564871,144,88,0.6111,16,3,0.1111,0.1135,558.50,592.73,-104.93,-0.1879,-0.1770,0.9422
bet04>=40,M2A,148285045,48,32,0.6667,14,4,0.2917,0.3182,1259.59,1366.12,-242.09,-0.1922,-0.1772,0.9220
bet04>=40,M2A,147621807,30,30,1.0000,7,1,0.2333,0.2414,576.64,620.65,-110.04,-0.1908,-0.1773,0.9291
bet04>=40,M2A,151305029,45,28,0.6222,18,2,0.4000,0.4186,1551.16,1599.76,-283.67,-0.1829,-0.1773,0.9696
bet04>=40,M2A,147626844,53,33,0.6226,6,1,0.1132,0.1154,815.12,830.82,-147.50,-0.1810,-0.1775,0.9811
bet04>=40,M2A,149609848,41,29,0.7073,13,2,0.3171,0.3333,1091.48,1131.39,-200.99,-0.1841,-0.1776,0.9647
bet04>=40,M2A,126981625,80,48,0.6000,11,2,0.1375,0.1410,3709.78,3969.42,-705.19,-0.1901,-0.1777,0.9346
bet04>=40,M2A,151438096,36,22,0.6111,14,0,0.3889,0.3889,5057.00,5057.00,-899.50,-0.1779,-0.1779,1.0000
bet04>=40,M2A,149034483,112,96,0.8571,25,9,0.2232,0.2427,683.20,803.15,-142.93,-0.2092,-0.1780,0.8507
bet04>=40,M2A,149401948,112,80,0.7143,16,0,0.1429,0.1429,117.63,117.63,-21.01,-0.1786,-0.1786,1.0000
bet04>=40,M2A,149449091,33,20,0.6061,11,3,0.3333,0.3667,14202.29,15492.07,-2766.52,-0.1948,-0.1786,0.9167
bet04>=40,M2A,148661376,32,23,0.7188,8,0,0.2500,0.2500,176.88,176.88,-31.62,-0.1788,-0.1788,1.0000
bet04>=40,M2A,149182188,41,36,0.8780,11,2,0.2683,0.2821,1371.62,1463.24,-261.76,-0.1908,-0.1789,0.9374
bet04>=40,M2A,149925236,55,48,0.8727,11,3,0.2000,0.2115,243.79,280.76,-50.32,-0.2064,-0.1792,0.8683
bet04>=40,M2A,152103244,39,26,0.6667,6,2,0.1538,0.1622,259.85,291.01,-52.14,-0.2006,-0.1792,0.8929
bet04>=40,M2A,150004638,94,74,0.7872,18,2,0.1915,0.1957,604.54,630.48,-113.12,-0.1871,-0.1794,0.9588
bet04>=40,M2A,151721129,35,21,0.6000,17,2,0.4857,0.5152,746.70,800.76,-143.82,-0.1926,-0.1796,0.9325
bet04>=40,M2A,148742473,48,42,0.8750,7,1,0.1458,0.1489,269.87,290.81,-52.35,-0.1940,-0.1800,0.9280
bet04>=40,M2A,150669853,46,34,0.7391,14,5,0.3043,0.3415,547.00,627.00,-113.00,-0.2066,-0.1802,0.8724
bet04>=40,M2A,149265371,50,44,0.8800,7,0,0.1400,0.1400,1171.97,1171.97,-211.83,-0.1807,-0.1807,1.0000
bet04>=40,M2A,150917907,51,32,0.6275,9,2,0.1765,0.1837,394.73,426.88,-77.28,-0.1958,-0.1810,0.9247
bet04>=40,M2A,128532117,42,31,0.7381,9,3,0.2143,0.2308,83.81,92.22,-16.70,-0.1992,-0.1811,0.9089
bet04>=40,M2A,123802429,76,52,0.6842,17,3,0.2237,0.2329,252.07,268.88,-48.73,-0.1933,-0.1812,0.9375
bet04>=40,M2A,153033994,33,20,0.6061,9,3,0.2727,0.3000,537.27,614.72,-111.53,-0.2076,-0.1814,0.8740
bet04>=40,M2A,143240132,47,29,0.6170,14,2,0.2979,0.3111,633.85,678.35,-123.12,-0.1942,-0.1815,0.9344
bet04>=40,M2A,150248386,45,28,0.6222,17,2,0.3778,0.3953,13658.23,14519.48,-2637.33,-0.1931,-0.1816,0.9407
bet04>=40,M2A,152226213,30,18,0.6000,5,0,0.1667,0.1667,114.24,114.24,-20.77,-0.1818,-0.1818,1.0000
bet04>=40,M2A,152758411,31,20,0.6452,8,3,0.2581,0.2857,166.58,219.72,-39.96,-0.2399,-0.1819,0.7581
bet04>=40,M2A,152825804,33,23,0.6970,7,2,0.2121,0.2258,1479.36,1582.63,-287.87,-0.1946,-0.1819,0.9347
bet04>=40,M2A,111753656,35,35,1.0000,7,2,0.2000,0.2121,422.12,466.01,-84.81,-0.2009,-0.1820,0.9058
bet04>=40,M2A,146895756,45,28,0.6222,17,3,0.3778,0.4048,139.75,148.18,-26.98,-0.1931,-0.1821,0.9431
bet04>=40,M2A,151829509,37,24,0.6486,9,2,0.2432,0.2571,101.16,111.54,-20.36,-0.2012,-0.1825,0.9069
bet04>=40,M2A,145969483,75,48,0.6400,31,3,0.4133,0.4306,544.14,558.89,-102.04,-0.1875,-0.1826,0.9736
bet04>=40,M2A,152011299,47,37,0.7872,9,0,0.1915,0.1915,956.19,1011.95,-184.81,-0.1933,-0.1826,0.9449
bet04>=40,M2A,144324483,31,23,0.7419,5,1,0.1613,0.1667,234.58,276.13,-50.45,-0.2150,-0.1827,0.8496
bet04>=40,M2A,129668149,45,39,0.8667,10,1,0.2222,0.2273,771.56,810.14,-148.10,-0.1920,-0.1828,0.9524
bet04>=40,M2A,109103296,55,39,0.7091,22,6,0.4000,0.4490,169.04,182.20,-33.34,-0.1972,-0.1830,0.9278
bet04>=40,M2A,124820757,41,33,0.8049,7,1,0.1707,0.1750,104.54,110.04,-20.19,-0.1932,-0.1835,0.9500
bet04>=40,M2A,148980506,82,52,0.6341,19,2,0.2317,0.2375,1374.32,1436.82,-264.02,-0.1921,-0.1838,0.9565
bet04>=40,M2A,112995215,31,19,0.6129,12,6,0.3871,0.4800,24.51,32.51,-5.98,-0.2441,-0.1840,0.7539
bet04>=40,M2A,151188818,38,38,1.0000,5,0,0.1316,0.1316,147.28,147.28,-27.09,-0.1840,-0.1840,1.0000
bet04>=40,M2A,148224208,38,31,0.8158,13,3,0.3421,0.3714,153.90,171.82,-31.62,-0.2055,-0.1840,0.8957
bet04>=40,M2A,152946709,33,20,0.6061,16,3,0.4848,0.5333,1328.84,1432.11,-263.48,-0.1983,-0.1840,0.9279
bet04>=40,M2A,149793021,31,27,0.8710,8,0,0.2581,0.2581,1750.26,1750.26,-322.15,-0.1841,-0.1841,1.0000
bet04>=40,M2A,153116567,42,38,0.9048,11,0,0.2619,0.2619,104.24,104.24,-19.21,-0.1843,-0.1843,1.0000
bet04>=40,M2A,143908208,61,42,0.6885,8,4,0.1311,0.1404,376.97,441.14,-81.69,-0.2167,-0.1852,0.8545
bet04>=40,M2A,149670118,37,24,0.6486,10,2,0.2703,0.2857,352.59,383.29,-71.01,-0.2014,-0.1853,0.9199
bet04>=40,M2A,151273493,61,40,0.6557,10,2,0.1639,0.1695,235.34,254.03,-47.15,-0.2004,-0.1856,0.9264
bet04>=40,M2A,151274969,30,27,0.9000,5,3,0.1667,0.1852,159.44,174.87,-32.66,-0.2048,-0.1868,0.9118
bet04>=40,M2A,149671985,33,33,1.0000,5,1,0.1515,0.1563,189.06,201.66,-37.71,-0.1994,-0.1870,0.9375
bet04>=40,M2A,142416116,586,403,0.6877,116,15,0.1980,0.2032,33809.73,36344.95,-6801.06,-0.2012,-0.1871,0.9302
bet04>=40,M2A,152842274,30,18,0.6000,9,1,0.3000,0.3103,185.79,195.40,-36.59,-0.1969,-0.1872,0.9508
bet04>=40,M2A,151266922,49,35,0.7143,11,3,0.2245,0.2391,1567.21,1712.61,-320.55,-0.2045,-0.1872,0.9151
bet04>=40,M2A,150749518,51,31,0.6078,11,5,0.2157,0.2391,233.25,272.43,-51.11,-0.2191,-0.1876,0.8562
bet04>=40,M2A,147549167,31,19,0.6129,11,4,0.3548,0.4074,2085.48,2343.68,-441.11,-0.2115,-0.1882,0.8898
bet04>=40,M2A,102989040,34,22,0.6471,7,2,0.2059,0.2188,278.34,299.11,-56.37,-0.2025,-0.1885,0.9306
bet04>=40,M2A,132031071,43,32,0.7442,8,3,0.1860,0.2000,3252.28,3761.77,-710.12,-0.2183,-0.1888,0.8646
bet04>=40,M2A,152716562,75,47,0.6267,31,5,0.4133,0.4429,228.49,245.79,-46.46,-0.2033,-0.1890,0.9296
bet04>=40,M2A,148350768,50,35,0.7000,17,5,0.3400,0.3778,526.87,590.12,-111.62,-0.2119,-0.1892,0.8928
bet04>=40,M2A,140154197,35,22,0.6286,7,2,0.2000,0.2121,87.89,102.20,-19.42,-0.2209,-0.1900,0.8600
bet04>=40,M2A,151407576,40,25,0.6250,14,1,0.3500,0.3590,1551.00,1602.44,-304.53,-0.1963,-0.1900,0.9679
bet04>=40,M2A,102602688,42,27,0.6429,17,4,0.4048,0.4474,2168.92,2475.69,-470.36,-0.2169,-0.1900,0.8761
bet04>=40,M2A,153677880,46,29,0.6304,9,1,0.1957,0.2000,293.91,322.53,-61.32,-0.2086,-0.1901,0.9113
bet04>=40,M2A,153140632,47,33,0.7021,9,2,0.1915,0.2000,340.11,362.59,-68.98,-0.2028,-0.1902,0.9380
bet04>=40,M2A,144162182,35,25,0.7143,3,0,0.0857,0.0857,92.56,92.56,-17.63,-0.1905,-0.1905,1.0000
bet04>=40,M2A,153671475,38,32,0.8421,13,2,0.3421,0.3611,103.42,107.51,-20.50,-0.1982,-0.1907,0.9620
bet04>=40,M2A,140882820,35,24,0.6857,11,0,0.3143,0.3143,85.38,93.82,-17.95,-0.2102,-0.1913,0.9101
bet04>=40,M2A,146083232,56,36,0.6429,22,4,0.3929,0.4231,210.13,233.83,-44.72,-0.2128,-0.1913,0.8986
bet04>=40,M2A,114701986,56,38,0.6786,7,2,0.1250,0.1296,1129.80,1306.26,-250.70,-0.2219,-0.1919,0.8649
bet04>=40,M2A,146691892,34,24,0.7059,6,3,0.1765,0.1935,71.39,84.47,-16.22,-0.2272,-0.1920,0.8451
bet04>=40,M2A,152416653,37,33,0.8919,4,2,0.1081,0.1143,1616.73,1923.31,-369.95,-0.2288,-0.1923,0.8406
bet04>=40,M2A,146018869,76,54,0.7105,12,5,0.1579,0.1690,357.89,411.90,-79.45,-0.2220,-0.1929,0.8689
bet04>=40,M2A,149628362,45,32,0.7111,16,0,0.3556,0.3556,582.92,582.92,-112.65,-0.1932,-0.1932,1.0000
bet04>=40,M2A,151745227,35,21,0.6000,12,1,0.3429,0.3529,154.29,159.44,-30.86,-0.2000,-0.1935,0.9677
bet04>=40,M2A,146931325,67,43,0.6418,14,5,0.2090,0.2258,318.44,368.47,-71.47,-0.2244,-0.1940,0.8642
bet04>=40,M2A,148304551,37,23,0.6216,8,1,0.2162,0.2222,4079.00,4183.70,-812.02,-0.1991,-0.1941,0.9750
bet04>=40,M2A,153257549,38,25,0.6579,10,0,0.2632,0.2632,206.43,206.43,-40.16,-0.1946,-0.1946,1.0000
bet04>=40,M2A,151389071,150,101,0.6733,20,1,0.1333,0.1342,271.48,276.68,-54.01,-0.1989,-0.1952,0.9812
bet04>=40,M2A,141620071,32,29,0.9063,6,0,0.1875,0.1875,169.92,216.31,-42.27,-0.2488,-0.1954,0.7856
bet04>=40,M2A,148583838,39,27,0.6923,10,0,0.2564,0.2564,917.72,917.72,-179.41,-0.1955,-0.1955,1.0000
bet04>=40,M2A,150771443,56,41,0.7321,17,13,0.3036,0.3953,2672.00,3564.00,-697.00,-0.2609,-0.1956,0.7497
bet04>=40,M2A,148523624,44,35,0.7955,13,4,0.2955,0.3250,322.77,375.48,-73.68,-0.2283,-0.1962,0.8596
bet04>=40,M2A,148940336,32,21,0.6563,9,2,0.2813,0.3000,517.76,557.02,-109.42,-0.2113,-0.1964,0.9295
bet04>=40,M2A,124376374,184,127,0.6902,36,5,0.1957,0.2011,900.29,969.75,-190.59,-0.2117,-0.1965,0.9284
bet04>=40,M2A,147493041,41,32,0.7805,5,3,0.1220,0.1316,276.25,322.72,-63.51,-0.2299,-0.1968,0.8560
bet04>=40,M2A,140587815,78,47,0.6026,32,4,0.4103,0.4324,1646.07,1751.40,-345.51,-0.2099,-0.1973,0.9399
bet04>=40,M2A,147567442,47,34,0.7234,10,0,0.2128,0.2128,5276.46,5276.46,-1041.24,-0.1973,-0.1973,1.0000
bet04>=40,M2A,124237639,31,21,0.6774,10,3,0.3226,0.3571,205.26,228.45,-45.12,-0.2198,-0.1975,0.8985
bet04>=40,M2A,148926712,75,52,0.6933,14,7,0.1867,0.2059,601.96,807.63,-159.59,-0.2651,-0.1976,0.7453
bet04>=40,M2A,150148312,50,35,0.7000,13,4,0.2600,0.2826,207.12,230.23,-45.51,-0.2197,-0.1977,0.8996
bet04>=40,M2A,142060897,56,43,0.7679,16,0,0.2857,0.2857,1677.16,1677.16,-331.55,-0.1977,-0.1977,1.0000
bet04>=40,M2A,147712520,72,49,0.6806,16,3,0.2222,0.2319,236.99,247.52,-48.98,-0.2067,-0.1979,0.9574
bet04>=40,M2A,149260204,46,29,0.6304,10,2,0.2174,0.2273,241.34,254.43,-50.39,-0.2088,-0.1980,0.9486
bet04>=40,M2A,148326661,141,87,0.6170,32,4,0.2270,0.2336,5833.11,6212.14,-1234.19,-0.2116,-0.1987,0.9390
bet04>=40,M2A,149812434,34,28,0.8235,4,0,0.1176,0.1176,86.13,86.13,-17.12,-0.1988,-0.1988,1.0000
bet04>=40,M2A,151491193,66,52,0.7879,6,0,0.0909,0.0909,221.15,221.15,-43.97,-0.1988,-0.1988,1.0000
bet04>=40,M2A,118209300,38,27,0.7105,10,1,0.2632,0.2703,1827.84,1912.17,-381.17,-0.2085,-0.1993,0.9559
bet04>=40,M2A,64957589,357,216,0.6050,135,30,0.3782,0.4128,10544.79,11473.55,-2286.97,-0.2169,-0.1993,0.9191
bet04>=40,M2A,147770579,35,24,0.6857,15,1,0.4286,0.4412,582.83,600.99,-119.96,-0.2058,-0.1996,0.9698
bet04>=40,M2A,150942505,62,39,0.6290,20,8,0.3226,0.3704,2203.82,2692.42,-537.33,-0.2438,-0.1996,0.8185
bet04>=40,M2A,148555660,1588,1259,0.7928,97,3,0.0611,0.0612,43508.89,44897.40,-8974.01,-0.2063,-0.1999,0.9691
bet04>=40,M2A,149319284,36,31,0.8611,9,3,0.2500,0.2727,219.76,234.81,-46.96,-0.2137,-0.2000,0.9359
bet04>=40,M2A,151211101,30,19,0.6333,17,0,0.5667,0.5667,395.76,395.76,-79.17,-0.2000,-0.2000,1.0000
bet04>=40,M2A,147255222,33,27,0.8182,13,2,0.3939,0.4194,3348.96,3575.81,-715.14,-0.2135,-0.2000,0.9366
bet04>=40,M2A,153104210,32,21,0.6563,12,2,0.3750,0.4000,176.39,188.65,-37.76,-0.2141,-0.2002,0.9350
bet04>=40,M2A,152170237,33,24,0.7273,8,1,0.2424,0.2500,292.05,312.82,-62.73,-0.2148,-0.2005,0.9336
bet04>=40,M2A,143278912,62,42,0.6774,5,0,0.0806,0.0806,159.68,159.68,-32.02,-0.2006,-0.2006,1.0000
bet04>=40,M2A,153577354,56,34,0.6071,8,0,0.1429,0.1429,134.90,134.90,-27.08,-0.2008,-0.2008,1.0000
bet04>=40,M2A,147792852,55,35,0.6364,16,2,0.2909,0.3019,525.04,538.06,-108.46,-0.2066,-0.2016,0.9758
bet04>=40,M2A,143175186,37,23,0.6216,15,2,0.4054,0.4286,1164.29,1187.67,-240.03,-0.2062,-0.2021,0.9803
bet04>=40,M2A,148683445,174,110,0.6322,35,2,0.2011,0.2035,1039.33,1065.50,-216.03,-0.2079,-0.2028,0.9754
bet04>=40,M2A,97238724,128,78,0.6094,19,4,0.1484,0.1532,23574.07,24892.11,-5069.07,-0.2150,-0.2036,0.9470
bet04>=40,M2A,153012287,200,127,0.6350,46,9,0.2300,0.2408,4159.46,4456.36,-910.22,-0.2188,-0.2043,0.9334
bet04>=40,M2A,144575854,113,106,0.9381,17,1,0.1504,0.1518,619.85,643.55,-131.55,-0.2122,-0.2044,0.9632
bet04>=40,M2A,149124175,38,26,0.6842,13,2,0.3421,0.3611,2210.82,2341.70,-478.63,-0.2165,-0.2044,0.9441
bet04>=40,M2A,116372381,32,21,0.6563,12,3,0.3750,0.4138,1411.93,1527.11,-312.96,-0.2217,-0.2049,0.9246
bet04>=40,M2A,152887776,42,31,0.7381,16,4,0.3810,0.4211,336.84,373.63,-76.63,-0.2275,-0.2051,0.9015
bet04>=40,M2A,153013156,32,22,0.6875,9,3,0.2813,0.3103,259.58,296.37,-60.91,-0.2346,-0.2055,0.8759
bet04>=40,M2A,146143934,66,53,0.8030,6,2,0.0909,0.0938,449.75,499.78,-102.69,-0.2283,-0.2055,0.8999
bet04>=40,M2A,149477470,32,24,0.7500,4,0,0.1250,0.1250,149.45,149.45,-30.75,-0.2057,-0.2057,1.0000
bet04>=40,M2A,151670531,61,43,0.7049,14,5,0.2295,0.2500,1117.34,1251.58,-257.89,-0.2308,-0.2061,0.8927
bet04>=40,M2A,113434548,32,22,0.6875,5,1,0.1563,0.1613,879.51,958.04,-197.63,-0.2247,-0.2063,0.9180
bet04>=40,M2A,149646871,36,22,0.6111,16,4,0.4444,0.5000,2281.00,2586.00,-534.15,-0.2342,-0.2066,0.8821
bet04>=40,M2A,118914760,33,22,0.6667,8,1,0.2424,0.2500,1822.00,1842.00,-382.00,-0.2097,-0.2074,0.9891
bet04>=40,M2A,148467960,36,29,0.8056,12,3,0.3333,0.3636,135.56,150.32,-31.23,-0.2304,-0.2078,0.9018
bet04>=40,M2A,148107821,33,23,0.6970,9,4,0.2727,0.3103,806.22,944.95,-196.71,-0.2440,-0.2082,0.8532
bet04>=40,M2A,148915129,89,69,0.7753,11,1,0.1236,0.1250,1166.28,1261.15,-263.30,-0.2258,-0.2088,0.9248
bet04>=40,M2A,150428147,34,28,0.8235,5,0,0.1471,0.1471,181.62,181.62,-38.01,-0.2093,-0.2093,1.0000
bet04>=40,M2A,148083705,57,36,0.6316,13,4,0.2281,0.2453,908.02,1002.89,-210.19,-0.2315,-0.2096,0.9054
bet04>=40,M2A,151618441,41,27,0.6585,5,1,0.1220,0.1250,241.98,249.70,-52.59,-0.2173,-0.2106,0.9691
bet04>=40,M2A,149310724,40,24,0.6000,15,4,0.3750,0.4167,905.49,1000.36,-210.82,-0.2328,-0.2107,0.9052
bet04>=40,M2A,102450545,38,25,0.6579,7,1,0.1842,0.1892,294.96,315.53,-66.60,-0.2258,-0.2111,0.9348
bet04>=40,M2A,149324260,33,22,0.6667,10,1,0.3030,0.3125,792.87,805.96,-170.14,-0.2146,-0.2111,0.9838
bet04>=40,M2A,143829990,56,50,0.8929,14,1,0.2500,0.2545,491.43,497.75,-105.35,-0.2144,-0.2116,0.9873
bet04>=40,M2A,148326979,61,38,0.6230,17,9,0.2787,0.3269,1840.00,2140.00,-453.00,-0.2462,-0.2117,0.8598
bet04>=40,M2A,149417748,30,18,0.6000,10,3,0.3333,0.3704,2083.41,2334.48,-494.17,-0.2372,-0.2117,0.8925
bet04>=40,M2A,131344832,81,57,0.7037,5,1,0.0617,0.0625,209.12,219.45,-46.60,-0.2228,-0.2124,0.9529
bet04>=40,M2A,127479688,39,24,0.6154,6,1,0.1538,0.1579,431.67,456.20,-97.05,-0.2248,-0.2127,0.9462
bet04>=40,M2A,151343776,45,33,0.7333,16,7,0.3556,0.4211,640.59,740.50,-157.81,-0.2464,-0.2131,0.8651
bet04>=40,M2A,149257751,52,48,0.9231,4,0,0.0769,0.0769,950.11,950.11,-202.62,-0.2133,-0.2133,1.0000
bet04>=40,M2A,141665155,39,27,0.6923,16,5,0.4103,0.4706,478.36,554.62,-118.45,-0.2476,-0.2136,0.8625
bet04>=40,M2A,139620093,31,30,0.9677,7,0,0.2258,0.2258,868.87,972.73,-207.92,-0.2393,-0.2138,0.8932
bet04>=40,M2A,141622294,39,27,0.6923,7,1,0.1795,0.1842,1228.96,1333.66,-285.32,-0.2322,-0.2139,0.9215
bet04>=40,M2A,147728153,41,31,0.7561,8,1,0.1951,0.2000,4450.42,4668.90,-998.45,-0.2243,-0.2139,0.9532
bet04>=40,M2A,112306519,89,66,0.7416,10,1,0.1124,0.1136,688.78,699.17,-149.66,-0.2173,-0.2141,0.9851
bet04>=40,M2A,151537633,65,39,0.6000,28,5,0.4308,0.4667,744.79,827.19,-177.23,-0.2380,-0.2143,0.9004
bet04>=40,M2A,152577035,55,39,0.7091,10,1,0.1818,0.1852,439.44,476.23,-102.20,-0.2326,-0.2146,0.9227
bet04>=40,M2A,149044982,85,67,0.7882,10,1,0.1176,0.1190,1819.41,1861.57,-399.51,-0.2196,-0.2146,0.9773
bet04>=40,M2A,111480327,243,159,0.6543,17,0,0.0700,0.0700,997.87,997.87,-214.31,-0.2148,-0.2148,1.0000
bet04>=40,M2A,140410429,222,170,0.7658,32,1,0.1441,0.1448,2360.05,2422.37,-520.81,-0.2207,-0.2150,0.9743
bet04>=40,M2A,137329274,108,66,0.6111,21,4,0.1944,0.2019,706.37,770.63,-165.81,-0.2347,-0.2152,0.9166
bet04>=40,M2A,124153159,52,33,0.6346,18,2,0.3462,0.3600,199.29,205.89,-44.36,-0.2226,-0.2154,0.9679
bet04>=40,M2A,149468492,34,34,1.0000,6,0,0.1765,0.1765,107.13,107.13,-23.11,-0.2157,-0.2157,1.0000
bet04>=40,M2A,137729269,32,27,0.8438,11,2,0.3438,0.3667,334.93,350.50,-75.60,-0.2257,-0.2157,0.9556
bet04>=40,M2A,151085764,50,31,0.6200,17,6,0.3400,0.3864,209.84,240.70,-51.95,-0.2475,-0.2158,0.8718
bet04>=40,M2A,137049587,59,36,0.6102,11,2,0.1864,0.1930,263.59,288.52,-62.31,-0.2364,-0.2160,0.9136
bet04>=40,M2A,129478071,30,19,0.6333,9,5,0.3000,0.3600,1602.00,1872.00,-405.55,-0.2532,-0.2166,0.8558
bet04>=40,M2A,150620613,30,24,0.8000,12,2,0.4000,0.4286,389.45,420.54,-91.55,-0.2351,-0.2177,0.9261
bet04>=40,M2A,149483714,35,26,0.7429,7,1,0.2000,0.2059,432.77,479.22,-104.31,-0.2410,-0.2177,0.9031
bet04>=40,M2A,147240881,48,32,0.6667,12,2,0.2500,0.2609,192.34,209.76,-45.72,-0.2377,-0.2180,0.9169
bet04>=40,M2A,131179467,67,57,0.8507,10,1,0.1493,0.1515,284.47,297.08,-64.87,-0.2280,-0.2184,0.9576
bet04>=40,M2A,150692118,47,40,0.8511,6,1,0.1277,0.1304,312.99,336.10,-73.52,-0.2349,-0.2187,0.9313
bet04>=40,M2A,144411352,40,30,0.7500,5,2,0.1250,0.1316,174.59,185.06,-40.57,-0.2324,-0.2192,0.9434
bet04>=40,M2A,152395036,65,44,0.6769,22,5,0.3385,0.3667,402.76,441.48,-96.82,-0.2404,-0.2193,0.9123
bet04>=40,M2A,153754302,183,123,0.6721,26,2,0.1421,0.1436,2601.02,2631.32,-577.76,-0.2221,-0.2196,0.9885
bet04>=40,M2A,153355682,32,20,0.6250,7,0,0.2188,0.2188,206.01,206.01,-45.32,-0.2200,-0.2200,1.0000
bet04>=40,M2A,148847542,36,23,0.6389,14,0,0.3889,0.3889,982.65,1003.73,-221.33,-0.2252,-0.2205,0.9790
bet04>=40,M2A,144345045,45,32,0.7111,10,3,0.2222,0.2381,1139.18,1243.81,-274.49,-0.2410,-0.2207,0.9159
bet04>=40,M2A,32845969,48,29,0.6042,8,4,0.1667,0.1818,288.17,352.56,-77.97,-0.2706,-0.2211,0.8174
bet04>=40,M2A,127810393,67,47,0.7015,22,5,0.3284,0.3548,2631.70,2914.24,-644.45,-0.2449,-0.2211,0.9030
bet04>=40,M2A,146155373,55,35,0.6364,9,0,0.1636,0.1636,1308.69,1329.69,-294.09,-0.2247,-0.2212,0.9842
bet04>=40,M2A,153196293,45,30,0.6667,20,1,0.4444,0.4545,314.56,324.78,-71.95,-0.2287,-0.2215,0.9685
bet04>=40,M2A,151587822,40,27,0.6750,6,1,0.1500,0.1538,961.24,1023.56,-227.05,-0.2362,-0.2218,0.9391
bet04>=40,M2A,145434410,37,28,0.7568,16,2,0.4324,0.4571,294.59,323.16,-72.08,-0.2447,-0.2231,0.9116
bet04>=40,M2A,152664482,30,23,0.7667,5,0,0.1667,0.1667,458.45,458.45,-102.30,-0.2231,-0.2231,1.0000
bet04>=40,M2A,149768247,30,18,0.6000,6,3,0.2000,0.2222,497.90,562.76,-125.58,-0.2522,-0.2231,0.8847
bet04>=40,M2A,150686460,31,20,0.6452,10,1,0.3226,0.3333,942.00,952.00,-212.35,-0.2254,-0.2231,0.9895
bet04>=40,M2A,151051636,45,30,0.6667,12,1,0.2667,0.2727,342.73,367.65,-82.05,-0.2394,-0.2232,0.9322
bet04>=40,M2A,74165511,36,23,0.6389,9,2,0.2500,0.2647,514.65,525.66,-117.84,-0.2290,-0.2242,0.9791
bet04>=40,M2A,110269216,30,22,0.7333,7,2,0.2333,0.2500,92.76,103.30,-23.19,-0.2500,-0.2245,0.8980
bet04>=40,M2A,151562457,75,50,0.6667,15,5,0.2000,0.2143,1062.05,1193.45,-268.08,-0.2524,-0.2246,0.8899
bet04>=40,M2A,149660320,31,22,0.7097,9,3,0.2903,0.3214,667.84,743.09,-167.22,-0.2504,-0.2250,0.8987
bet04>=40,M2A,148423142,37,23,0.6216,13,4,0.3514,0.3939,829.38,947.44,-213.14,-0.2570,-0.2250,0.8754
bet04>=40,M2A,148919761,156,94,0.6026,23,2,0.1474,0.1494,1097.00,1171.78,-264.21,-0.2408,-0.2255,0.9362
bet04>=40,M2A,149762181,43,31,0.7209,10,1,0.2326,0.2381,846.55,884.36,-199.87,-0.2361,-0.2260,0.9572
bet04>=40,M2A,148378578,67,55,0.8209,17,0,0.2537,0.2537,371.07,371.07,-83.97,-0.2263,-0.2263,1.0000
bet04>=40,M2A,149333919,95,70,0.7368,14,0,0.1474,0.1474,22.14,22.98,-5.21,-0.2352,-0.2266,0.9633
bet04>=40,M2A,149200593,136,101,0.7426,29,10,0.2132,0.2302,15673.00,19217.00,-4359.35,-0.2781,-0.2268,0.8156
bet04>=40,M2A,150151067,44,34,0.7727,6,1,0.1364,0.1395,135.49,138.64,-31.51,-0.2326,-0.2273,0.9773
bet04>=40,M2A,149076700,107,81,0.7570,14,5,0.1308,0.1373,2047.03,2202.30,-501.58,-0.2450,-0.2278,0.9295
bet04>=40,M2A,148165947,57,39,0.6842,14,1,0.2456,0.2500,202.39,208.72,-47.65,-0.2354,-0.2283,0.9697
bet04>=40,M2A,143021583,32,24,0.7500,6,0,0.1875,0.1875,154.06,154.06,-35.21,-0.2286,-0.2286,1.0000
bet04>=40,M2A,151169725,144,93,0.6458,20,4,0.1389,0.1429,405.85,434.93,-99.51,-0.2452,-0.2288,0.9331
bet04>=40,M2A,152579668,31,21,0.6774,11,3,0.3548,0.3929,22681.00,25181.00,-5769.00,-0.2544,-0.2291,0.9007
bet04>=40,M2A,149288862,42,30,0.7143,7,2,0.1667,0.1750,254.27,286.44,-65.64,-0.2582,-0.2292,0.8877
bet04>=40,M2A,151776756,39,25,0.6410,15,5,0.3846,0.4412,11996.00,13222.00,-3038.10,-0.2533,-0.2298,0.9073
bet04>=40,M2A,125777721,31,28,0.9032,8,0,0.2581,0.2581,351.68,351.68,-80.84,-0.2299,-0.2299,1.0000
bet04>=40,M2A,34449986,32,22,0.6875,9,1,0.2813,0.2903,1194.89,1316.67,-302.72,-0.2533,-0.2299,0.9075
bet04>=40,M2A,150241705,31,20,0.6452,7,1,0.2258,0.2333,256.64,269.50,-62.08,-0.2419,-0.2303,0.9523
bet04>=40,M2A,150202367,76,48,0.6316,28,4,0.3684,0.3889,254.00,273.81,-63.05,-0.2482,-0.2303,0.9276
bet04>=40,M2A,148878029,34,22,0.6471,9,1,0.2647,0.2727,335.31,343.17,-79.06,-0.2358,-0.2304,0.9771
bet04>=40,M2A,135750589,47,45,0.9574,9,4,0.1915,0.2093,164.29,184.26,-42.54,-0.2589,-0.2309,0.8916
bet04>=40,M2A,148377402,37,25,0.6757,12,1,0.3243,0.3333,140.83,145.05,-33.73,-0.2395,-0.2326,0.9709
bet04>=40,M2A,116256191,50,34,0.6800,17,2,0.3400,0.3542,253.59,273.96,-63.76,-0.2514,-0.2327,0.9257
bet04>=40,M2A,114657832,69,42,0.6087,11,5,0.1594,0.1719,7931.98,8579.22,-2001.41,-0.2523,-0.2333,0.9246
bet04>=40,M2A,148728810,42,36,0.8571,7,3,0.1667,0.1795,335.05,409.92,-96.01,-0.2866,-0.2342,0.8174
bet04>=40,M2A,151707133,44,43,0.9773,6,1,0.1364,0.1395,174.55,182.72,-42.82,-0.2453,-0.2343,0.9553
bet04>=40,M2A,148056150,35,25,0.7143,7,1,0.2000,0.2059,1475.77,1564.31,-366.83,-0.2486,-0.2345,0.9434
bet04>=40,M2A,153015655,32,25,0.7813,6,3,0.1875,0.2069,2059.23,2605.98,-613.17,-0.2978,-0.2353,0.7902
bet04>=40,M2A,151963032,33,33,1.0000,4,0,0.1212,0.1212,437.42,437.42,-103.12,-0.2357,-0.2357,1.0000
bet04>=40,M2A,149110541,31,23,0.7419,2,2,0.0645,0.0690,158.10,204.17,-48.14,-0.3045,-0.2358,0.7744
bet04>=40,M2A,122581961,57,53,0.9298,7,2,0.1228,0.1273,606.72,647.55,-152.83,-0.2519,-0.2360,0.9369
bet04>=40,M2A,102046860,258,196,0.7597,112,20,0.4341,0.4706,14990.00,15950.00,-3767.50,-0.2513,-0.2362,0.9398
bet04>=40,M2A,151212839,56,38,0.6786,7,2,0.1250,0.1296,234.93,262.97,-62.26,-0.2650,-0.2368,0.8934
bet04>=40,M2A,132084933,35,21,0.6000,9,5,0.2571,0.3000,607.19,685.19,-162.32,-0.2673,-0.2369,0.8862
bet04>=40,M2A,109746759,332,203,0.6114,74,12,0.2229,0.2313,3284.03,3354.63,-800.73,-0.2438,-0.2387,0.9790
bet04>=40,M2A,77183325,47,29,0.6170,6,4,0.1277,0.1395,395.26,502.58,-120.02,-0.3036,-0.2388,0.7865
bet04>=40,M2A,153324413,73,44,0.6027,12,1,0.1644,0.1667,251.60,255.69,-61.11,-0.2429,-0.2390,0.9840
bet04>=40,M2A,153356187,30,21,0.7000,9,5,0.3000,0.3600,500.84,602.80,-144.31,-0.2881,-0.2394,0.8309
bet04>=40,M2A,123329351,57,43,0.7544,14,4,0.2456,0.2642,375.56,409.17,-98.07,-0.2611,-0.2397,0.9179
bet04>=40,M2A,149048425,60,40,0.6667,18,8,0.3000,0.3462,273.65,334.58,-80.32,-0.2935,-0.2401,0.8179
bet04>=40,M2A,149870791,87,53,0.6092,16,2,0.1839,0.1882,412.56,429.37,-103.14,-0.2500,-0.2402,0.9609
bet04>=40,M2A,142472626,31,23,0.7419,5,0,0.1613,0.1613,2432.69,2432.69,-585.41,-0.2406,-0.2406,1.0000
bet04>=40,M2A,138961687,82,59,0.7195,29,2,0.3537,0.3625,3821.68,3941.47,-948.87,-0.2483,-0.2407,0.9696
bet04>=40,M2A,54583316,50,33,0.6600,10,6,0.2000,0.2273,843.54,989.40,-238.35,-0.2826,-0.2409,0.8526
bet04>=40,M2A,88966254,36,24,0.6667,8,6,0.2222,0.2667,884.49,1092.06,-263.09,-0.2974,-0.2409,0.8099
bet04>=40,M2A,150605208,105,75,0.7143,20,2,0.1905,0.1942,2455.67,2633.23,-634.99,-0.2586,-0.2411,0.9326
bet04>=40,M2A,142334415,30,18,0.6000,11,4,0.3667,0.4231,488.34,561.90,-135.53,-0.2775,-0.2412,0.8691
bet04>=40,M2A,149986116,76,49,0.6447,10,1,0.1316,0.1333,1571.28,1676.31,-405.35,-0.2580,-0.2418,0.9373
bet04>=40,M2A,147792643,95,65,0.6842,24,7,0.2526,0.2727,2290.91,2490.26,-602.09,-0.2628,-0.2418,0.9199
bet04>=40,M2A,124399976,35,27,0.7714,8,2,0.2286,0.2424,104.24,114.46,-27.69,-0.2657,-0.2420,0.9107
bet04>=40,M2A,149942366,33,25,0.7576,9,0,0.2727,0.2727,143.47,143.47,-34.85,-0.2429,-0.2429,1.0000
bet04>=40,M2A,150101765,32,21,0.6563,7,1,0.2188,0.2258,181.28,189.69,-46.11,-0.2543,-0.2431,0.9557
bet04>=40,M2A,147736504,55,33,0.6000,17,2,0.3091,0.3208,15875.05,16686.96,-4059.59,-0.2557,-0.2433,0.9513
bet04>=40,M2A,147117066,30,18,0.6000,8,1,0.2667,0.2759,310.45,318.30,-77.48,-0.2496,-0.2434,0.9753
bet04>=40,M2A,149894355,32,32,1.0000,5,0,0.1563,0.1563,4718.62,4718.62,-1148.62,-0.2434,-0.2434,1.0000
bet04>=40,M2A,130571100,51,40,0.7843,15,1,0.2941,0.3000,724.00,739.00,-180.05,-0.2487,-0.2436,0.9797
bet04>=40,M2A,143645369,304,184,0.6053,54,5,0.1776,0.1806,959.72,980.74,-239.35,-0.2494,-0.2441,0.9786
bet04>=40,M2A,104297561,39,39,1.0000,5,1,0.1282,0.1316,4831.30,5223.94,-1276.12,-0.2641,-0.2443,0.9248
bet04>=40,M2A,103658058,60,36,0.6000,27,2,0.4500,0.4655,474.35,478.57,-117.01,-0.2467,-0.2445,0.9912
bet04>=40,M2A,147812176,38,25,0.6579,5,1,0.1316,0.1351,221.19,244.89,-59.90,-0.2708,-0.2446,0.9032
bet04>=40,M2A,148327724,36,22,0.6111,10,2,0.2778,0.2941,293.04,318.55,-77.92,-0.2659,-0.2446,0.9199
bet04>=40,M2A,149684677,33,30,0.9091,4,0,0.1212,0.1212,171.62,171.62,-42.01,-0.2448,-0.2448,1.0000
bet04>=40,M2A,135329498,50,45,0.9000,16,8,0.3200,0.3810,1631.78,2052.66,-504.64,-0.3093,-0.2458,0.7950
bet04>=40,M2A,134271816,46,33,0.7174,11,2,0.2391,0.2500,84.02,132.34,-32.56,-0.3875,-0.2460,0.6349
bet04>=40,M2A,126352202,31,23,0.7419,8,3,0.2581,0.2857,1397.31,1682.72,-414.39,-0.2966,-0.2463,0.8304
bet04>=40,M2A,125837954,30,20,0.6667,7,1,0.2333,0.2414,128.15,138.37,-34.13,-0.2663,-0.2467,0.9261
bet04>=40,M2A,151785859,50,34,0.6800,14,3,0.2800,0.2979,122.55,128.78,-31.78,-0.2593,-0.2468,0.9516
bet04>=40,M2A,151083500,87,70,0.8046,10,2,0.1149,0.1176,161.52,172.91,-42.73,-0.2646,-0.2471,0.9341
bet04>=40,M2A,148805928,44,40,0.9091,8,0,0.1818,0.1818,818.00,818.00,-202.29,-0.2473,-0.2473,1.0000
bet04>=40,M2A,149738427,33,21,0.6364,18,2,0.5455,0.5806,1777.28,1894.04,-468.32,-0.2635,-0.2473,0.9384
bet04>=40,M2A,109019361,55,35,0.6364,11,5,0.2000,0.2200,1686.49,1951.04,-483.27,-0.2866,-0.2477,0.8644
bet04>=40,M2A,150736674,30,27,0.9000,7,1,0.2333,0.2414,1133.40,1210.85,-300.78,-0.2654,-0.2484,0.9360
bet04>=40,M2A,149022670,36,24,0.6667,8,0,0.2222,0.2222,96.85,96.85,-24.08,-0.2486,-0.2486,1.0000
bet04>=40,M2A,149112393,40,24,0.6000,8,2,0.2000,0.2105,4411.96,4736.36,-1178.68,-0.2672,-0.2489,0.9315
bet04>=40,M2A,153035579,56,41,0.7321,14,3,0.2500,0.2642,843.23,933.59,-232.49,-0.2757,-0.2490,0.9032
bet04>=40,M2A,143964102,42,34,0.8095,15,5,0.3571,0.4054,345.00,381.00,-94.90,-0.2751,-0.2491,0.9055
bet04>=40,M2A,113690000,30,21,0.7000,10,4,0.3333,0.3846,447.80,533.83,-133.34,-0.2978,-0.2498,0.8388
bet04>=40,M2A,151589007,47,33,0.7021,6,0,0.1277,0.1277,105.93,110.09,-27.52,-0.2598,-0.2500,0.9623
bet04>=40,M2A,129048735,37,23,0.6216,4,2,0.1081,0.1143,332.11,394.37,-98.59,-0.2969,-0.2500,0.8421
bet04>=40,M2A,142429841,37,25,0.6757,10,3,0.2703,0.2941,598.22,637.68,-159.52,-0.2667,-0.2502,0.9381
bet04>=40,M2A,151274042,38,23,0.6053,15,3,0.3947,0.4286,1218.83,1288.12,-322.25,-0.2644,-0.2502,0.9462
bet04>=40,M2A,152623566,41,26,0.6341,5,3,0.1220,0.1316,369.19,444.07,-111.27,-0.3014,-0.2506,0.8314
bet04>=40,M2A,149578158,41,32,0.7805,12,1,0.2927,0.3000,140.11,145.30,-36.45,-0.2602,-0.2509,0.9643
bet04>=40,M2A,153479671,73,46,0.6301,10,0,0.1370,0.1370,604.04,644.92,-161.93,-0.2681,-0.2511,0.9366
bet04>=40,M2A,151708297,37,23,0.6216,13,2,0.3514,0.3714,5964.55,6305.39,-1584.87,-0.2657,-0.2514,0.9459
bet04>=40,M2A,147560998,55,33,0.6000,21,2,0.3818,0.3962,2821.71,2976.26,-749.16,-0.2655,-0.2517,0.9481
bet04>=40,M2A,147776352,39,38,0.9744,4,3,0.1026,0.1111,424.47,540.33,-136.16,-0.3208,-0.2520,0.7856
bet04>=40,M2A,146628719,55,34,0.6182,13,6,0.2364,0.2653,285.21,339.50,-85.61,-0.3002,-0.2522,0.8401
bet04>=40,M2A,144914459,86,74,0.8605,13,1,0.1512,0.1529,451.84,456.04,-115.01,-0.2545,-0.2522,0.9908
bet04>=40,M2A,116736002,69,48,0.6957,14,2,0.2029,0.2090,3406.52,3635.00,-917.06,-0.2692,-0.2523,0.9371
bet04>=40,M2A,62388654,77,50,0.6494,13,4,0.1688,0.1781,4844.82,5224.11,-1317.88,-0.2720,-0.2523,0.9274
bet04>=40,M2A,124520927,35,35,1.0000,6,1,0.1714,0.1765,169.86,180.87,-45.66,-0.2688,-0.2524,0.9392
bet04>=40,M2A,142074331,92,67,0.7283,16,1,0.1739,0.1758,1400.80,1426.62,-361.13,-0.2578,-0.2531,0.9819
bet04>=40,M2A,153535764,47,29,0.6170,3,3,0.0638,0.0682,305.56,399.58,-101.28,-0.3314,-0.2535,0.7647
bet04>=40,M2A,117127947,34,21,0.6176,10,4,0.2941,0.3333,139.85,156.61,-39.75,-0.2842,-0.2538,0.8930
bet04>=40,M2A,151598840,38,26,0.6842,17,3,0.4474,0.4857,7267.68,7683.11,-1950.19,-0.2683,-0.2538,0.9459
bet04>=40,M2A,136776261,45,27,0.6000,11,3,0.2444,0.2619,7752.46,9269.68,-2352.25,-0.3034,-0.2538,0.8363
bet04>=40,M2A,151253844,43,27,0.6279,27,4,0.6279,0.6923,281.59,291.87,-74.32,-0.2639,-0.2546,0.9648
bet04>=40,M2A,148333838,40,25,0.6250,7,2,0.1750,0.1842,1602.89,1673.31,-428.44,-0.2673,-0.2560,0.9579
bet04>=40,M2A,139630601,179,118,0.6592,72,7,0.4022,0.4186,6792.40,6986.56,-1790.86,-0.2637,-0.2563,0.9722
bet04>=40,M2A,147247583,31,21,0.6774,8,2,0.2581,0.2759,71.68,75.90,-19.50,-0.2721,-0.2569,0.9444
bet04>=40,M2A,68651039,33,21,0.6364,5,1,0.1515,0.1563,4389.71,4546.76,-1171.37,-0.2668,-0.2576,0.9655
bet04>=40,M2A,148608989,35,29,0.8286,10,1,0.2857,0.2941,929.25,981.60,-253.25,-0.2725,-0.2580,0.9467
bet04>=40,M2A,82643010,75,51,0.6800,19,4,0.2533,0.2676,1205.00,1295.00,-334.30,-0.2774,-0.2581,0.9305
bet04>=40,M2A,148832144,31,21,0.6774,6,1,0.1935,0.2000,162.33,179.83,-46.49,-0.2864,-0.2585,0.9027
bet04>=40,M2A,151429188,43,30,0.6977,8,3,0.1860,0.2000,2820.38,3324.81,-862.13,-0.3057,-0.2593,0.8483
bet04>=40,M2A,150290234,33,20,0.6061,9,0,0.2727,0.2727,153.08,153.08,-39.83,-0.2602,-0.2602,1.0000
bet04>=40,M2A,127110637,45,42,0.9333,6,0,0.1333,0.1333,314.97,314.97,-81.96,-0.2602,-0.2602,1.0000
bet04>=40,M2A,102089818,53,48,0.9057,5,2,0.0943,0.0980,569.99,641.69,-167.29,-0.2935,-0.2607,0.8883
bet04>=40,M2A,59192623,62,39,0.6290,13,2,0.2097,0.2167,1179.26,1244.36,-325.40,-0.2759,-0.2615,0.9477
bet04>=40,M2A,76116023,67,50,0.7463,11,0,0.1642,0.1642,493.00,493.00,-128.97,-0.2616,-0.2616,1.0000
bet04>=40,M2A,149045404,37,35,0.9459,11,1,0.2973,0.3056,102.46,104.57,-27.41,-0.2675,-0.2621,0.9798
bet04>=40,M2A,147875231,60,37,0.6167,13,3,0.2167,0.2281,311.24,332.31,-87.42,-0.2809,-0.2631,0.9366
bet04>=40,M2A,142285099,44,31,0.7045,5,1,0.1136,0.1163,20.82,21.03,-5.54,-0.2662,-0.2636,0.9900
bet04>=40,M2A,125874217,65,43,0.6615,8,2,0.1231,0.1270,11076.66,12351.42,-3257.54,-0.2941,-0.2637,0.8968
bet04>=40,M2A,147723930,79,48,0.6076,26,4,0.3291,0.3467,61220.00,63120.00,-16652.50,-0.2720,-0.2638,0.9699
bet04>=40,M2A,142328743,64,48,0.7500,15,3,0.2344,0.2459,409.31,440.78,-116.32,-0.2842,-0.2639,0.9286
bet04>=40,M2A,142787856,55,40,0.7273,20,4,0.3636,0.3922,137.07,145.25,-38.35,-0.2798,-0.2640,0.9437
bet04>=40,M2A,152626381,132,82,0.6212,31,7,0.2348,0.2480,680.82,731.92,-193.25,-0.2838,-0.2640,0.9302
bet04>=40,M2A,97258788,65,65,1.0000,6,0,0.0923,0.0923,1747.82,1798.33,-474.99,-0.2718,-0.2641,0.9719
bet04>=40,M2A,147329143,114,104,0.9123,22,4,0.1930,0.2000,192.19,302.55,-80.05,-0.4165,-0.2646,0.6352
bet04>=40,M2A,127510682,41,32,0.7805,13,5,0.3171,0.3611,342.64,417.24,-110.40,-0.3222,-0.2646,0.8212
bet04>=40,M2A,146510931,30,18,0.6000,8,3,0.2667,0.2963,196.75,225.84,-59.89,-0.3044,-0.2652,0.8712
bet04>=40,M2A,148695569,30,30,1.0000,5,0,0.1667,0.1667,178.57,178.57,-47.52,-0.2661,-0.2661,1.0000
bet04>=40,M2A,147795112,52,40,0.7692,9,2,0.1731,0.1800,1714.15,1939.27,-516.07,-0.3011,-0.2661,0.8839
bet04>=40,M2A,150998670,45,28,0.6222,8,4,0.1778,0.1951,300.87,365.16,-97.20,-0.3231,-0.2662,0.8239
bet04>=40,M2A,79839637,137,87,0.6350,19,4,0.1387,0.1429,2340.38,2637.29,-701.99,-0.2999,-0.2662,0.8874
bet04>=40,M2A,137984821,33,21,0.6364,9,3,0.2727,0.3000,1034.24,1176.68,-313.59,-0.3032,-0.2665,0.8789
bet04>=40,M2A,148686256,30,22,0.7333,6,0,0.2000,0.2000,310.71,310.71,-82.89,-0.2668,-0.2668,1.0000
bet04>=40,M2A,148225498,43,38,0.8837,8,0,0.1860,0.1860,103.30,103.30,-27.62,-0.2673,-0.2673,1.0000
bet04>=40,M2A,125988745,34,21,0.6176,5,1,0.1471,0.1515,352.85,363.38,-97.16,-0.2754,-0.2674,0.9710
bet04>=40,M2A,152790037,37,23,0.6216,4,0,0.1081,0.1081,80.94,80.94,-21.67,-0.2677,-0.2677,1.0000
bet04>=40,M2A,90004790,79,48,0.6076,10,3,0.1266,0.1316,499.37,543.26,-145.66,-0.2917,-0.2681,0.9192
bet04>=40,M2A,149600196,52,32,0.6154,17,3,0.3269,0.3469,1329.00,1398.00,-375.00,-0.2822,-0.2682,0.9506
bet04>=40,M2A,148469702,47,39,0.8298,7,1,0.1489,0.1522,451.30,477.24,-128.11,-0.2839,-0.2684,0.9456
bet04>=40,M2A,153736888,81,59,0.7284,11,2,0.1358,0.1392,550.55,601.06,-161.63,-0.2936,-0.2689,0.9160
bet04>=40,M2A,153842912,40,35,0.8750,7,0,0.1750,0.1750,160.42,160.42,-43.31,-0.2700,-0.2700,1.0000
bet04>=40,M2A,116255873,30,18,0.6000,10,3,0.3333,0.3704,130.69,155.20,-42.03,-0.3216,-0.2708,0.8421
bet04>=40,M2A,153856107,61,47,0.7705,9,1,0.1475,0.1500,285.48,305.68,-82.83,-0.2902,-0.2710,0.9339
bet04>=40,M2A,153177974,38,26,0.6842,3,0,0.0789,0.0789,120.59,120.59,-32.70,-0.2712,-0.2712,1.0000
bet04>=40,M2A,153819653,74,45,0.6081,8,1,0.1081,0.1096,495.98,501.63,-136.39,-0.2750,-0.2719,0.9887
bet04>=40,M2A,149658897,69,42,0.6087,10,4,0.1449,0.1538,1511.86,1868.09,-510.61,-0.3377,-0.2733,0.8093
bet04>=40,M2A,112392406,192,138,0.7188,65,17,0.3385,0.3714,2661.36,2909.43,-795.06,-0.2987,-0.2733,0.9147
bet04>=40,M2A,148360607,54,46,0.8519,7,0,0.1296,0.1296,282.18,282.18,-77.18,-0.2735,-0.2735,1.0000
bet04>=40,M2A,147759383,61,47,0.7705,20,4,0.3279,0.3509,157.26,169.39,-46.36,-0.2948,-0.2737,0.9284
bet04>=40,M2A,123889412,78,57,0.7308,16,5,0.2051,0.2192,4555.30,4895.59,-1341.06,-0.2944,-0.2739,0.9305
bet04>=40,M2A,148052788,35,25,0.7143,6,2,0.1714,0.1818,74.21,80.96,-22.19,-0.2990,-0.2741,0.9167
bet04>=40,M2A,147712773,43,28,0.6512,10,1,0.2326,0.2381,128.60,130.71,-36.05,-0.2803,-0.2758,0.9839
bet04>=40,M2A,149628520,34,24,0.7059,8,0,0.2353,0.2353,216.39,216.39,-59.68,-0.2758,-0.2758,1.0000
bet04>=40,M2A,102110834,1084,1017,0.9382,105,10,0.0969,0.0978,10715.78,10823.01,-2984.82,-0.2785,-0.2758,0.9901
bet04>=40,M2A,147709610,55,45,0.8182,6,2,0.1091,0.1132,684.48,772.52,-213.49,-0.3119,-0.2764,0.8860
bet04>=40,M2A,148274487,31,19,0.6129,8,0,0.2581,0.2581,685.18,685.18,-189.74,-0.2769,-0.2769,1.0000
bet04>=40,M2A,115336382,51,33,0.6471,20,6,0.3922,0.4444,1443.14,1676.19,-465.22,-0.3224,-0.2775,0.8610
bet04>=40,M2A,147997377,30,21,0.7000,11,1,0.3667,0.3793,93.33,99.56,-27.80,-0.2979,-0.2793,0.9374
bet04>=40,M2A,119023006,44,29,0.6591,11,1,0.2500,0.2558,180.71,191.10,-53.69,-0.2971,-0.2810,0.9457
bet04>=40,M2A,147850398,31,31,1.0000,4,1,0.1290,0.1333,645.13,750.45,-211.31,-0.3276,-0.2816,0.8596
bet04>=40,M2A,149554617,107,78,0.7290,29,3,0.2710,0.2788,816.27,903.86,-254.83,-0.3122,-0.2819,0.9031
bet04>=40,M2A,149218299,40,30,0.7500,14,3,0.3500,0.3784,227.27,246.24,-69.47,-0.3057,-0.2821,0.9229
bet04>=40,M2A,148169161,38,24,0.6316,11,1,0.2895,0.2973,851.73,872.81,-247.72,-0.2908,-0.2838,0.9758
bet04>=40,M2A,149630474,48,42,0.8750,9,1,0.1875,0.1915,536.30,549.27,-156.06,-0.2910,-0.2841,0.9764
bet04>=40,M2A,146229816,30,20,0.6667,10,2,0.3333,0.3571,74.42,78.64,-22.35,-0.3003,-0.2842,0.9464
bet04>=40,M2A,131667988,96,84,0.8750,12,4,0.1250,0.1304,1751.17,2099.31,-596.81,-0.3408,-0.2843,0.8342
bet04>=40,M2A,153142773,33,29,0.8788,5,1,0.1515,0.1563,259.21,272.12,-77.45,-0.2988,-0.2846,0.9526
bet04>=40,M2A,147670564,93,87,0.9355,11,0,0.1183,0.1183,192.58,192.58,-55.12,-0.2862,-0.2862,1.0000
bet04>=40,M2A,75037884,32,22,0.6875,6,1,0.1875,0.1935,86.63,88.67,-25.40,-0.2932,-0.2864,0.9769
bet04>=40,M2A,120986076,50,35,0.7000,8,6,0.1600,0.1818,151.36,189.08,-54.33,-0.3589,-0.2873,0.8005
bet04>=40,M2A,151048391,52,35,0.6731,15,4,0.2885,0.3125,687.38,761.95,-219.42,-0.3192,-0.2880,0.9021
bet04>=40,M2A,152334728,34,22,0.6471,11,6,0.3235,0.3929,188.47,227.20,-65.45,-0.3473,-0.2881,0.8295
bet04>=40,M2A,98744931,55,35,0.6364,21,5,0.3818,0.4200,9623.07,10252.07,-2953.56,-0.3069,-0.2881,0.9386
bet04>=40,M2A,47968815,44,28,0.6364,7,2,0.1591,0.1667,1668.68,1797.26,-518.55,-0.3108,-0.2885,0.9285
bet04>=40,M2A,99444457,31,19,0.6129,6,4,0.1935,0.2222,103.44,125.45,-36.20,-0.3500,-0.2886,0.8246
bet04>=40,M2A,150157917,80,69,0.8625,18,2,0.2250,0.2308,145.57,174.98,-50.51,-0.3470,-0.2887,0.8319
bet04>=40,M2A,151232428,65,57,0.8769,8,3,0.1231,0.1290,1123.77,1307.89,-377.63,-0.3360,-0.2887,0.8592
bet04>=40,M2A,152114519,74,53,0.7162,21,4,0.2838,0.3000,550.51,600.36,-173.77,-0.3157,-0.2894,0.9170
bet04>=40,M2A,152597444,35,27,0.7714,3,1,0.0857,0.0882,120.59,141.03,-40.88,-0.3390,-0.2899,0.8551
bet04>=40,M2A,144124002,75,46,0.6133,16,6,0.2133,0.2319,1754.57,1978.15,-574.84,-0.3276,-0.2906,0.8870
bet04>=40,M2A,149423395,31,24,0.7742,7,1,0.2258,0.2333,765.40,791.34,-230.27,-0.3008,-0.2910,0.9672
bet04>=40,M2A,152899303,37,27,0.7297,6,0,0.1622,0.1622,473.24,473.24,-137.74,-0.2911,-0.2911,1.0000
bet04>=40,M2A,152871286,92,60,0.6522,18,5,0.1957,0.2069,1703.00,1883.00,-548.50,-0.3221,-0.2913,0.9044
bet04>=40,M2A,150748438,35,35,1.0000,5,0,0.1429,0.1429,8976.44,8976.44,-2615.07,-0.2913,-0.2913,1.0000
bet04>=40,M2A,153013002,41,30,0.7317,6,0,0.1463,0.1463,348.49,348.49,-102.20,-0.2933,-0.2933,1.0000
bet04>=40,M2A,147722375,65,54,0.8308,12,3,0.1846,0.1935,621.00,676.36,-198.52,-0.3197,-0.2935,0.9181
bet04>=40,M2A,147993903,30,28,0.9333,4,1,0.1333,0.1379,70.43,74.83,-22.01,-0.3125,-0.2941,0.9412
bet04>=40,M2A,87801483,65,48,0.7385,10,3,0.1538,0.1613,11894.59,12832.09,-3775.02,-0.3174,-0.2942,0.9269
bet04>=40,M2A,142465646,43,27,0.6279,16,2,0.3721,0.3902,377.35,401.17,-118.05,-0.3128,-0.2943,0.9406
bet04>=40,M2A,124606924,35,26,0.7429,8,0,0.2286,0.2286,1558.84,1558.84,-458.83,-0.2943,-0.2943,1.0000
bet04>=40,M2A,151259387,31,24,0.7742,6,0,0.1935,0.1935,208.30,208.30,-61.33,-0.2944,-0.2944,1.0000
bet04>=40,M2A,133549649,46,28,0.6087,21,3,0.4565,0.4884,3019.00,3209.00,-944.95,-0.3130,-0.2945,0.9408
bet04>=40,M2A,148169550,67,55,0.8209,8,2,0.1194,0.1231,367.89,380.54,-112.47,-0.3057,-0.2956,0.9668
bet04>=40,M2A,150668091,31,22,0.7097,7,0,0.2258,0.2258,549.92,549.92,-162.65,-0.2958,-0.2958,1.0000
bet04>=40,M2A,153652860,34,25,0.7353,6,2,0.1765,0.1875,1118.17,1265.33,-374.49,-0.3349,-0.2960,0.8837
bet04>=40,M2A,112251250,33,20,0.6061,6,1,0.1818,0.1875,339.34,356.36,-105.52,-0.3109,-0.2961,0.9523
bet04>=40,M2A,112682987,41,30,0.7317,10,3,0.2439,0.2632,457.19,529.84,-156.87,-0.3431,-0.2961,0.8629
bet04>=40,M2A,150577800,36,30,0.8333,2,0,0.0556,0.0556,176.08,176.08,-52.15,-0.2962,-0.2962,1.0000
bet04>=40,M2A,148939617,92,57,0.6196,19,3,0.2065,0.2135,713.54,764.97,-226.85,-0.3179,-0.2965,0.9328
bet04>=40,M2A,135615731,83,57,0.6867,12,3,0.1446,0.1500,174.98,187.63,-55.66,-0.3181,-0.2966,0.9326
bet04>=40,M2A,112830856,55,40,0.7273,7,1,0.1273,0.1296,915.29,954.79,-283.33,-0.3096,-0.2967,0.9586
bet04>=40,M2A,151078652,30,20,0.6667,5,0,0.1667,0.1667,145.40,145.40,-43.41,-0.2986,-0.2986,1.0000
bet04>=40,M2A,130378206,35,21,0.6000,9,2,0.2571,0.2727,445.68,480.90,-143.72,-0.3225,-0.2989,0.9268
bet04>=40,M2A,147694594,32,24,0.7500,5,2,0.1563,0.1667,3380.00,4200.00,-1260.00,-0.3728,-0.3000,0.8048
bet04>=40,M2A,137477002,93,60,0.6452,19,5,0.2043,0.2159,486.76,547.65,-164.52,-0.3380,-0.3004,0.8888
bet04>=40,M2A,149203910,73,51,0.6986,13,2,0.1781,0.1831,3704.22,3887.45,-1168.91,-0.3156,-0.3007,0.9529
bet04>=40,M2A,143393129,33,32,0.9697,5,1,0.1515,0.1563,246.05,269.61,-81.15,-0.3298,-0.3010,0.9126
bet04>=40,M2A,153067643,30,19,0.6333,9,4,0.3000,0.3462,1051.79,1151.94,-347.36,-0.3303,-0.3015,0.9131
bet04>=40,M2A,13703074,44,41,0.9318,5,0,0.1136,0.1136,848.10,848.10,-256.52,-0.3025,-0.3025,1.0000
bet04>=40,M2A,148663376,34,28,0.8235,4,0,0.1176,0.1176,120.41,120.41,-36.65,-0.3043,-0.3043,1.0000
bet04>=40,M2A,149977635,66,53,0.8030,6,0,0.0909,0.0909,2035.43,2035.43,-619.29,-0.3043,-0.3043,1.0000
bet04>=40,M2A,149769648,64,40,0.6250,26,5,0.4063,0.4407,918.38,997.38,-303.87,-0.3309,-0.3047,0.9208
bet04>=40,M2A,147945920,43,37,0.8605,6,2,0.1395,0.1463,1187.86,1345.85,-410.03,-0.3452,-0.3047,0.8826
bet04>=40,M2A,148501565,35,25,0.7143,9,3,0.2571,0.2813,617.29,691.08,-210.82,-0.3415,-0.3051,0.8932
bet04>=40,M2A,33892282,178,108,0.6067,33,4,0.1854,0.1897,1039.20,1086.00,-331.69,-0.3192,-0.3054,0.9569
bet04>=40,M2A,148629595,35,21,0.6000,11,4,0.3143,0.3548,1802.54,1983.85,-607.70,-0.3371,-0.3063,0.9086
bet04>=40,M2A,150141127,34,24,0.7059,10,2,0.2941,0.3125,536.82,565.36,-173.32,-0.3229,-0.3066,0.9495
bet04>=40,M2A,137444717,30,30,1.0000,5,0,0.1667,0.1667,262.58,270.98,-83.18,-0.3168,-0.3070,0.9690
bet04>=40,M2A,119711698,60,38,0.6333,12,2,0.2000,0.2069,2645.10,2741.74,-841.72,-0.3182,-0.3070,0.9648
bet04>=40,M2A,153872917,33,23,0.6970,7,1,0.2121,0.2188,643.49,683.89,-210.07,-0.3265,-0.3072,0.9409
bet04>=40,M2A,91388892,78,48,0.6154,19,4,0.2436,0.2568,963.01,1037.89,-321.22,-0.3336,-0.3095,0.9279
bet04>=40,M2A,151240991,34,21,0.6176,10,6,0.2941,0.3571,964.56,1179.86,-366.02,-0.3795,-0.3102,0.8175
bet04>=40,M2A,139350854,31,22,0.7097,11,2,0.3548,0.3793,175.66,196.10,-61.06,-0.3476,-0.3114,0.8958
bet04>=40,M2A,148145603,54,34,0.6296,7,0,0.1296,0.1296,2807.29,2807.29,-875.35,-0.3118,-0.3118,1.0000
bet04>=40,M2A,139162691,42,36,0.8571,13,2,0.3095,0.3250,2488.54,3070.14,-957.70,-0.3848,-0.3119,0.8106
bet04>=40,M2A,141259514,46,29,0.6304,10,8,0.2174,0.2632,1269.62,1972.44,-615.92,-0.4851,-0.3123,0.6437
bet04>=40,M2A,149957044,38,23,0.6053,9,0,0.2368,0.2368,640.28,640.28,-200.22,-0.3127,-0.3127,1.0000
bet04>=40,M2A,146529257,30,18,0.6000,9,0,0.3000,0.3000,238.23,238.23,-74.62,-0.3132,-0.3132,1.0000
bet04>=40,M2A,147805088,34,31,0.9118,4,1,0.1176,0.1212,1370.28,1590.37,-500.92,-0.3656,-0.3150,0.8616
bet04>=40,M2A,149021461,32,24,0.7500,10,0,0.3125,0.3125,1380.00,1380.00,-436.00,-0.3159,-0.3159,1.0000
bet04>=40,M2A,152107491,56,44,0.7857,8,0,0.1429,0.1429,1534.59,1534.59,-485.59,-0.3164,-0.3164,1.0000
bet04>=40,M2A,128651003,60,56,0.9333,8,1,0.1333,0.1356,452.22,466.76,-147.76,-0.3267,-0.3166,0.9688
bet04>=40,M2A,135791481,63,41,0.6508,6,4,0.0952,0.1017,2960.26,3628.86,-1149.91,-0.3884,-0.3169,0.8158
bet04>=40,M2A,133157153,31,19,0.6129,5,2,0.1613,0.1724,2503.94,2892.55,-917.97,-0.3666,-0.3174,0.8656
bet04>=40,M2A,150708880,35,35,1.0000,6,0,0.1714,0.1714,191.16,270.98,-86.13,-0.4505,-0.3178,0.7054
bet04>=40,M2A,135055875,31,23,0.7419,13,1,0.4194,0.4333,320.16,326.40,-103.85,-0.3244,-0.3182,0.9809
bet04>=40,M2A,147674404,48,32,0.6667,8,1,0.1667,0.1702,3252.93,3446.61,-1100.45,-0.3383,-0.3193,0.9438
bet04>=40,M2A,124213838,79,50,0.6329,19,2,0.2405,0.2468,34.10,34.63,-11.08,-0.3249,-0.3200,0.9848
bet04>=40,M2A,148591685,51,46,0.9020,11,2,0.2157,0.2245,182.36,197.12,-63.14,-0.3462,-0.3203,0.9251
bet04>=40,M2A,148244052,44,28,0.6364,6,1,0.1364,0.1395,32.26,32.89,-10.55,-0.3271,-0.3208,0.9808
bet04>=40,M2A,124874855,52,36,0.6923,9,0,0.1731,0.1731,2515.51,2515.51,-807.53,-0.3210,-0.3210,1.0000
bet04>=40,M2A,56175373,66,47,0.7121,10,0,0.1515,0.1515,422.26,422.26,-135.57,-0.3211,-0.3211,1.0000
bet04>=40,M2A,140050630,48,35,0.7292,17,2,0.3542,0.3696,1385.50,1463.72,-470.39,-0.3395,-0.3214,0.9466
bet04>=40,M2A,146396936,35,35,1.0000,5,0,0.1429,0.1429,741.49,741.49,-239.33,-0.3228,-0.3228,1.0000
bet04>=40,M2A,148470920,50,39,0.7800,14,3,0.2800,0.2979,1832.58,2002.72,-647.68,-0.3534,-0.3234,0.9150
bet04>=40,M2A,132789134,155,97,0.6258,21,2,0.1355,0.1373,15296.70,16029.49,-5198.99,-0.3399,-0.3243,0.9543
bet04>=40,M2A,139876139,72,51,0.7083,9,4,0.1250,0.1324,83.09,92.02,-29.96,-0.3606,-0.3256,0.9029
bet04>=40,M2A,152498569,32,22,0.6875,11,2,0.3438,0.3667,1446.06,1511.47,-492.79,-0.3408,-0.3260,0.9567
bet04>=40,M2A,148731900,56,35,0.6250,14,2,0.2500,0.2593,184.08,188.21,-61.84,-0.3359,-0.3286,0.9781
bet04>=40,M2A,141490917,136,108,0.7941,15,2,0.1103,0.1119,368.43,373.62,-122.85,-0.3335,-0.3288,0.9861
bet04>=40,M2A,151749473,37,24,0.6486,10,1,0.2703,0.2778,70.92,101.58,-33.41,-0.4710,-0.3289,0.6982
bet04>=40,M2A,149578426,52,50,0.9615,8,1,0.1538,0.1569,317.19,327.70,-107.87,-0.3401,-0.3292,0.9679
bet04>=40,M2A,146240910,69,42,0.6087,21,1,0.3043,0.3088,830.39,851.39,-280.25,-0.3375,-0.3292,0.9753
bet04>=40,M2A,141939478,31,31,1.0000,4,2,0.1290,0.1379,343.64,396.35,-130.71,-0.3804,-0.3298,0.8670
bet04>=40,M2A,67465872,43,37,0.8605,4,2,0.0930,0.0976,167.67,194.67,-64.22,-0.3831,-0.3299,0.8613
bet04>=40,M2A,146912970,31,21,0.6774,5,0,0.1613,0.1613,431.05,431.05,-142.23,-0.3300,-0.3300,1.0000
bet04>=40,M2A,141912866,72,45,0.6250,14,5,0.1944,0.2090,1211.06,1340.15,-442.54,-0.3654,-0.3302,0.9037
bet04>=40,M2A,153594288,48,44,0.9167,4,2,0.0833,0.0870,161.06,185.18,-61.32,-0.3807,-0.3311,0.8698
bet04>=40,M2A,42722878,67,48,0.7164,8,2,0.1194,0.1231,766.05,826.29,-274.08,-0.3578,-0.3317,0.9271
bet04>=40,M2A,135818008,33,20,0.6061,6,1,0.1818,0.1875,170.52,182.64,-60.61,-0.3555,-0.3319,0.9336
bet04>=40,M2A,148668216,37,25,0.6757,9,1,0.2432,0.2500,174.58,182.33,-60.81,-0.3483,-0.3335,0.9575
bet04>=40,M2A,148833761,87,58,0.6667,17,2,0.1954,0.2000,1501.28,1526.57,-510.30,-0.3399,-0.3343,0.9834
bet04>=40,M2A,134797633,36,22,0.6111,12,3,0.3333,0.3636,99.29,106.54,-35.70,-0.3595,-0.3351,0.9319
bet04>=40,M2A,52076405,36,34,0.9444,3,0,0.0833,0.0833,189.11,189.11,-63.67,-0.3367,-0.3367,1.0000
bet04>=40,M2A,142656195,31,20,0.6452,3,1,0.0968,0.1000,497.54,613.50,-206.61,-0.4153,-0.3368,0.8110
bet04>=40,M2A,148952365,38,25,0.6579,4,2,0.1053,0.1111,319.18,410.06,-138.33,-0.4334,-0.3373,0.7784
bet04>=40,M2A,149972923,81,51,0.6296,8,1,0.0988,0.1000,178.34,180.44,-61.02,-0.3422,-0.3382,0.9884
bet04>=40,M2A,148282723,31,22,0.7097,8,2,0.2581,0.2759,269.43,311.60,-105.41,-0.3912,-0.3383,0.8647
bet04>=40,M2A,150463153,40,27,0.6750,13,1,0.3250,0.3333,2633.71,2822.76,-957.83,-0.3637,-0.3393,0.9330
bet04>=40,M2A,152938020,35,29,0.8286,7,2,0.2000,0.2121,937.54,998.86,-339.70,-0.3623,-0.3401,0.9386
bet04>=40,M2A,126718374,37,35,0.9459,9,1,0.2432,0.2500,137.67,143.99,-49.02,-0.3560,-0.3404,0.9561
bet04>=40,M2A,151015403,34,22,0.6471,11,5,0.3235,0.3793,360.02,429.45,-146.32,-0.4064,-0.3407,0.8383
bet04>=40,M2A,73019292,42,33,0.7857,11,1,0.2619,0.2683,6041.23,6654.40,-2270.23,-0.3758,-0.3412,0.9079
bet04>=40,M2A,82973548,33,29,0.8788,10,3,0.3030,0.3333,1547.23,1792.50,-613.17,-0.3963,-0.3421,0.8632
bet04>=40,M2A,151187954,31,22,0.7097,6,1,0.1935,0.2000,356.65,381.57,-130.86,-0.3669,-0.3430,0.9347
bet04>=40,M2A,153470843,30,18,0.6000,3,0,0.1000,0.1000,206.43,206.43,-71.03,-0.3441,-0.3441,1.0000
bet04>=40,M2A,153407142,41,41,1.0000,5,0,0.1220,0.1220,113.60,113.60,-39.11,-0.3443,-0.3443,1.0000
bet04>=40,M2A,139813623,64,60,0.9375,9,2,0.1406,0.1452,1154.06,1205.99,-415.64,-0.3602,-0.3446,0.9569
bet04>=40,M2A,149832116,36,22,0.6111,9,4,0.2500,0.2813,2664.63,3024.65,-1043.82,-0.3917,-0.3451,0.8810
bet04>=40,M2A,149519822,60,37,0.6167,16,1,0.2667,0.2712,534.22,547.20,-188.87,-0.3535,-0.3452,0.9763
bet04>=40,M2A,151892946,32,22,0.6875,8,5,0.2500,0.2963,383.03,416.26,-144.15,-0.3764,-0.3463,0.9202
bet04>=40,M2A,151497491,30,25,0.8333,3,1,0.1000,0.1034,133.46,148.89,-51.95,-0.3892,-0.3489,0.8964
bet04>=40,M2A,149127256,56,48,0.8571,9,0,0.1607,0.1607,823.97,823.97,-288.51,-0.3501,-0.3501,1.0000
bet04>=40,M2A,152749268,36,30,0.8333,4,2,0.1111,0.1176,573.76,672.48,-235.51,-0.4105,-0.3502,0.8532
bet04>=40,M2A,148629449,83,50,0.6024,10,2,0.1205,0.1235,986.31,1043.90,-366.33,-0.3714,-0.3509,0.9448
bet04>=40,M2A,150076685,33,23,0.6970,4,2,0.1212,0.1290,430.70,482.59,-169.41,-0.3933,-0.3510,0.8925
bet04>=40,M2A,148283983,51,34,0.6667,13,2,0.2549,0.2653,1463.33,1568.74,-550.78,-0.3764,-0.3511,0.9328
bet04>=40,M2A,153220322,42,34,0.8095,2,1,0.0476,0.0488,83.80,92.79,-32.70,-0.3902,-0.3524,0.9031
bet04>=40,M2A,139744298,67,50,0.7463,18,5,0.2687,0.2903,4251.00,4964.00,-1749.75,-0.4116,-0.3525,0.8564
bet04>=40,M2A,149357635,33,22,0.6667,9,1,0.2727,0.2813,115.17,120.41,-42.54,-0.3693,-0.3533,0.9565
bet04>=40,M2A,131092480,40,25,0.6250,11,4,0.2750,0.3056,287.48,326.44,-115.32,-0.4012,-0.3533,0.8806
bet04>=40,M2A,129380478,53,35,0.6604,13,2,0.2453,0.2549,1077.40,1147.47,-405.78,-0.3766,-0.3536,0.9389
bet04>=40,M2A,149373080,33,21,0.6364,12,5,0.3636,0.4286,4105.43,5104.34,-1806.70,-0.4401,-0.3540,0.8043
bet04>=40,M2A,145561329,34,22,0.6471,7,1,0.2059,0.2121,193.63,198.80,-70.61,-0.3647,-0.3552,0.9740
bet04>=40,M2A,148125457,30,23,0.7667,8,1,0.2667,0.2759,181.31,202.39,-71.89,-0.3965,-0.3552,0.8958
bet04>=40,M2A,147512443,91,59,0.6484,11,1,0.1209,0.1222,707.52,733.70,-261.13,-0.3691,-0.3559,0.9643
bet04>=40,M2A,142253918,91,60,0.6593,25,3,0.2747,0.2841,1658.91,1748.68,-623.76,-0.3760,-0.3567,0.9487
bet04>=40,M2A,140373980,45,30,0.6667,5,0,0.1111,0.1111,230.56,230.56,-82.25,-0.3568,-0.3568,1.0000
bet04>=40,M2A,125612430,60,42,0.7000,10,3,0.1667,0.1754,2767.00,3292.00,-1174.55,-0.4245,-0.3568,0.8405
bet04>=40,M2A,146087397,53,44,0.8302,3,0,0.0566,0.0566,146.59,146.59,-52.35,-0.3571,-0.3571,1.0000
bet04>=40,M2A,135823827,50,31,0.6200,6,0,0.1200,0.1200,277.02,293.89,-105.41,-0.3805,-0.3587,0.9426
bet04>=40,M2A,142278320,41,33,0.8049,9,1,0.2195,0.2250,648.02,711.03,-255.21,-0.3938,-0.3589,0.9114
bet04>=40,M2A,122993568,39,25,0.6410,5,0,0.1282,0.1282,868.25,868.25,-312.09,-0.3594,-0.3594,1.0000
bet04>=40,M2A,114322611,62,41,0.6613,15,0,0.2419,0.2419,70.62,128.78,-46.42,-0.6574,-0.3605,0.5484
bet04>=40,M2A,152219837,32,21,0.6563,10,3,0.3125,0.3448,1397.55,1544.88,-557.31,-0.3988,-0.3607,0.9046
bet04>=40,M2A,150333167,48,29,0.6042,9,1,0.1875,0.1915,1308.38,1385.53,-499.87,-0.3820,-0.3608,0.9443
bet04>=40,M2A,151613330,40,40,1.0000,4,2,0.1000,0.1053,362.89,380.17,-137.23,-0.3782,-0.3610,0.9545
bet04>=40,M2A,147866612,36,22,0.6111,2,0,0.0556,0.0556,94.79,94.79,-34.23,-0.3611,-0.3611,1.0000
bet04>=40,M2A,149610196,31,25,0.8065,9,1,0.2903,0.3000,758.91,795.24,-287.87,-0.3793,-0.3620,0.9543
bet04>=40,M2A,148357240,36,29,0.8056,5,0,0.1389,0.1389,206.61,215.04,-77.90,-0.3770,-0.3623,0.9608
bet04>=40,M2A,144870748,31,23,0.7419,6,3,0.1935,0.2143,2635.69,3316.26,-1204.41,-0.4570,-0.3632,0.7948
bet04>=40,M2A,145308883,51,32,0.6275,9,7,0.1765,0.2045,5142.69,6551.05,-2386.95,-0.4641,-0.3644,0.7850
bet04>=40,M2A,148547464,34,21,0.6176,3,3,0.0882,0.0968,995.73,1244.40,-453.89,-0.4558,-0.3647,0.8002
bet04>=40,M2A,143028546,61,42,0.6885,11,1,0.1803,0.1833,2949.12,2974.94,-1085.59,-0.3681,-0.3649,0.9913
bet04>=40,M2A,149847852,45,36,0.8000,11,2,0.2444,0.2558,1413.00,1511.00,-552.00,-0.3907,-0.3653,0.9351
bet04>=40,M2A,106109736,61,54,0.8852,5,1,0.0820,0.0833,308.20,334.37,-122.35,-0.3970,-0.3659,0.9217
bet04>=40,M2A,150703423,35,23,0.6571,2,3,0.0571,0.0625,245.45,355.46,-130.25,-0.5307,-0.3664,0.6905
bet04>=40,M2A,15543685,32,20,0.6250,9,2,0.2813,0.3000,3565.61,3808.02,-1396.94,-0.3918,-0.3668,0.9363
bet04>=40,M2A,150784280,30,21,0.7000,6,0,0.2000,0.2000,596.69,596.69,-219.29,-0.3675,-0.3675,1.0000
bet04>=40,M2A,150347984,30,30,1.0000,6,5,0.2000,0.2400,317.32,358.83,-132.06,-0.4162,-0.3680,0.8843
bet04>=40,M2A,147885383,59,43,0.7288,9,0,0.1525,0.1525,2116.72,2116.72,-779.76,-0.3684,-0.3684,1.0000
bet04>=40,M2A,138944634,122,86,0.7049,32,8,0.2623,0.2807,1076.24,1346.95,-496.63,-0.4615,-0.3687,0.7990
bet04>=40,M2A,119405407,80,71,0.8875,6,2,0.0750,0.0769,1469.36,1669.46,-616.03,-0.4193,-0.3690,0.8801
bet04>=40,M2A,149648938,55,43,0.7818,19,2,0.3455,0.3585,6600.91,6679.47,-2475.12,-0.3750,-0.3706,0.9882
bet04>=40,M2A,147975637,40,26,0.6500,4,1,0.1000,0.1026,40.67,42.72,-15.89,-0.3907,-0.3720,0.9522
bet04>=40,M2A,151237858,38,27,0.7105,4,0,0.1053,0.1053,20238.56,20238.56,-7535.63,-0.3723,-0.3723,1.0000
bet04>=40,M2A,122206586,58,38,0.6552,9,3,0.1552,0.1636,556.44,754.62,-281.32,-0.5056,-0.3728,0.7374
bet04>=40,M2A,149806528,53,36,0.6792,9,2,0.1698,0.1765,156.74,167.25,-62.45,-0.3984,-0.3734,0.9372
bet04>=40,M2A,130520039,43,39,0.9070,3,1,0.0698,0.0714,153.98,167.21,-62.60,-0.4065,-0.3744,0.9209
bet04>=40,M2A,142319563,68,46,0.6765,8,1,0.1176,0.1194,275.16,280.30,-105.05,-0.3818,-0.3748,0.9817
bet04>=40,M2A,147455553,30,21,0.7000,12,2,0.4000,0.4286,295.24,316.25,-118.52,-0.4014,-0.3748,0.9336
bet04>=40,M2A,149327893,71,54,0.7606,8,1,0.1127,0.1143,162.33,168.66,-63.25,-0.3896,-0.3750,0.9625
bet04>=40,M2A,75805727,59,54,0.9153,7,4,0.1186,0.1273,126.49,136.40,-51.17,-0.4045,-0.3751,0.9274
bet04>=40,M2A,134498557,98,60,0.6122,15,2,0.1531,0.1563,774.24,789.90,-296.37,-0.3828,-0.3752,0.9802
bet04>=40,M2A,145599100,37,23,0.6216,4,1,0.1081,0.1111,106.94,117.48,-44.37,-0.4149,-0.3777,0.9103
bet04>=40,M2A,144108674,41,25,0.6098,12,3,0.2927,0.3158,1078.70,1129.30,-427.32,-0.3961,-0.3784,0.9552
bet04>=40,M2A,153702113,38,34,0.8947,5,1,0.1316,0.1351,187.89,208.10,-78.79,-0.4194,-0.3786,0.9029
bet04>=40,M2A,153669043,46,38,0.8261,10,1,0.2174,0.2222,601.55,614.46,-233.52,-0.3882,-0.3800,0.9790
bet04>=40,M2A,134093939,39,31,0.7949,5,2,0.1282,0.1351,586.53,705.29,-269.35,-0.4592,-0.3819,0.8316
bet04>=40,M2A,148648360,32,21,0.6563,6,1,0.1875,0.1935,197.89,205.74,-78.66,-0.3975,-0.3823,0.9618
bet04>=40,M2A,121701441,63,43,0.6825,14,3,0.2222,0.2333,2984.67,3207.71,-1237.48,-0.4146,-0.3858,0.9305
bet04>=40,M2A,149058077,48,39,0.8125,4,1,0.0833,0.0851,249.19,261.84,-101.09,-0.4057,-0.3861,0.9517
bet04>=40,M2A,151118945,50,30,0.6000,4,2,0.0800,0.0833,639.29,716.43,-276.70,-0.4328,-0.3862,0.8923
bet04>=40,M2A,152948460,36,29,0.8056,5,0,0.1389,0.1389,181.76,181.76,-70.22,-0.3864,-0.3864,1.0000
bet04>=40,M2A,153094484,31,26,0.8387,6,0,0.1935,0.1935,105.67,105.67,-40.88,-0.3868,-0.3868,1.0000
bet04>=40,M2A,50709530,42,28,0.6667,11,3,0.2619,0.2821,117.07,127.34,-49.39,-0.4219,-0.3878,0.9193
bet04>=40,M2A,149806161,61,39,0.6393,14,1,0.2295,0.2333,377.01,477.30,-185.27,-0.4914,-0.3882,0.7899
bet04>=40,M2A,150078676,55,33,0.6000,8,2,0.1455,0.1509,632.82,684.71,-265.94,-0.4203,-0.3884,0.9242
bet04>=40,M2A,91269462,30,18,0.6000,6,0,0.2000,0.2000,522.84,522.84,-203.66,-0.3895,-0.3895,1.0000
bet04>=40,M2A,143498616,33,25,0.7576,4,1,0.1212,0.1250,147.48,159.94,-62.31,-0.4225,-0.3896,0.9221
bet04>=40,M2A,152296270,31,21,0.6774,5,1,0.1613,0.1667,271.74,278.53,-108.70,-0.4000,-0.3902,0.9756
bet04>=40,M2A,148941440,65,53,0.8154,13,1,0.2000,0.2031,726.27,820.50,-321.59,-0.4428,-0.3919,0.8852
bet04>=40,M2A,70014531,42,35,0.8333,2,2,0.0476,0.0500,698.86,804.50,-315.90,-0.4520,-0.3927,0.8687
bet04>=40,M2A,152563391,76,68,0.8947,10,2,0.1316,0.1351,407.66,430.90,-169.24,-0.4151,-0.3928,0.9461
bet04>=40,M2A,146835373,31,31,1.0000,2,3,0.0645,0.0714,84.33,130.71,-51.44,-0.6100,-0.3935,0.6452
bet04>=40,M2A,129327738,74,67,0.9054,10,2,0.1351,0.1389,189.74,234.01,-92.45,-0.4872,-0.3950,0.8108
bet04>=40,M2A,150371304,45,30,0.6667,10,1,0.2222,0.2273,214.89,221.20,-87.60,-0.4076,-0.3960,0.9715
bet04>=40,M2A,114202587,46,28,0.6087,15,8,0.3261,0.3947,4192.82,4721.71,-1870.50,-0.4461,-0.3961,0.8880
bet04>=40,M2A,153002539,44,34,0.7727,4,0,0.0909,0.0909,40.24,40.24,-15.95,-0.3964,-0.3964,1.0000
bet04>=40,M2A,147650143,63,48,0.7619,6,0,0.0952,0.0952,542.17,542.17,-215.66,-0.3978,-0.3978,1.0000
bet04>=40,M2A,148775450,59,55,0.9322,6,1,0.1017,0.1034,1066.77,1130.01,-451.80,-0.4235,-0.3998,0.9440
bet04>=40,M2A,137505634,64,46,0.7188,4,0,0.0625,0.0625,122.46,122.46,-49.06,-0.4007,-0.4007,1.0000
bet04>=40,M2A,67289866,69,43,0.6232,9,2,0.1304,0.1343,264.12,269.28,-108.31,-0.4101,-0.4022,0.9808
bet04>=40,M2A,153308938,41,35,0.8537,6,0,0.1463,0.1463,759.92,759.92,-306.69,-0.4036,-0.4036,1.0000
bet04>=40,M2A,151953125,30,21,0.7000,2,0,0.0667,0.0667,62.73,62.73,-25.34,-0.4040,-0.4040,1.0000
bet04>=40,M2A,148595456,38,26,0.6842,10,1,0.2632,0.2703,479.21,491.86,-198.86,-0.4150,-0.4043,0.9743
bet04>=40,M2A,126492232,35,21,0.6000,5,0,0.1429,0.1429,477.40,477.40,-193.30,-0.4049,-0.4049,1.0000
bet04>=40,M2A,148324924,42,35,0.8333,5,1,0.1190,0.1220,2287.78,2418.66,-980.29,-0.4285,-0.4053,0.9459
bet04>=40,M2A,71958178,106,65,0.6132,10,2,0.0943,0.0962,505.75,551.11,-223.58,-0.4421,-0.4057,0.9177
bet04>=40,M2A,147517584,32,20,0.6250,6,2,0.1875,0.2000,456.39,500.98,-203.83,-0.4466,-0.4069,0.9110
bet04>=40,M2A,150992521,30,18,0.6000,4,3,0.1333,0.1481,144.15,178.01,-72.52,-0.5031,-0.4074,0.8098
bet04>=40,M2A,137454779,30,22,0.7333,5,1,0.1667,0.1724,752.85,791.58,-324.36,-0.4308,-0.4098,0.9511
bet04>=40,M2A,150755792,78,50,0.6410,8,1,0.1026,0.1039,1236.75,1249.72,-524.14,-0.4238,-0.4194,0.9896
bet04>=40,M2A,150273656,69,59,0.8551,8,3,0.1159,0.1212,408.99,476.21,-199.87,-0.4887,-0.4197,0.8588
bet04>=40,M2A,139952371,37,33,0.8919,4,2,0.1081,0.1143,81.21,86.66,-36.66,-0.4514,-0.4231,0.9371
bet04>=40,M2A,140287640,47,31,0.6596,7,4,0.1489,0.1628,260.97,297.62,-126.22,-0.4837,-0.4241,0.8769
bet04>=40,M2A,153552889,52,49,0.9423,11,0,0.2115,0.2115,1999.00,1999.00,-850.00,-0.4252,-0.4252,1.0000
bet04>=40,M2A,151560971,31,20,0.6452,4,5,0.1290,0.1538,333.13,424.23,-180.46,-0.5417,-0.4254,0.7853
bet04>=40,M2A,126724635,44,30,0.6818,9,4,0.2045,0.2250,3423.43,3998.92,-1702.20,-0.4972,-0.4257,0.8561
bet04>=40,M2A,139499647,34,22,0.6471,4,0,0.1176,0.1176,338.50,338.50,-144.21,-0.4260,-0.4260,1.0000
bet04>=40,M2A,69150857,47,32,0.6809,6,0,0.1277,0.1277,129.85,129.85,-55.39,-0.4265,-0.4265,1.0000
bet04>=40,M2A,148672733,55,47,0.8545,5,2,0.0909,0.0943,193.96,215.04,-91.71,-0.4728,-0.4265,0.9020
bet04>=40,M2A,144828796,30,24,0.8000,6,1,0.2000,0.2069,351.89,370.21,-158.39,-0.4501,-0.4278,0.9505
bet04>=40,M2A,147980169,50,49,0.9800,3,2,0.0600,0.0625,226.72,253.05,-108.36,-0.4779,-0.4282,0.8959
bet04>=40,M2A,150080442,86,55,0.6395,18,2,0.2093,0.2143,243.79,251.09,-107.62,-0.4414,-0.4286,0.9709
bet04>=40,M2A,149737688,33,20,0.6061,4,3,0.1212,0.1333,246.48,285.40,-122.85,-0.4984,-0.4305,0.8636
bet04>=40,M2A,86149726,30,26,0.8667,6,0,0.2000,0.2000,3253.02,3253.02,-1407.63,-0.4327,-0.4327,1.0000
bet04>=40,M2A,147256120,32,24,0.7500,5,1,0.1563,0.1613,124.39,132.82,-57.55,-0.4627,-0.4333,0.9365
bet04>=40,M2A,136647370,47,44,0.9362,6,3,0.1277,0.1364,269.36,297.72,-129.06,-0.4791,-0.4335,0.9047
bet04>=40,M2A,148172680,30,19,0.6333,6,0,0.2000,0.2000,132.40,132.40,-57.55,-0.4347,-0.4347,1.0000
bet04>=40,M2A,149709718,33,23,0.6970,3,3,0.0909,0.1000,503.35,666.81,-290.59,-0.5773,-0.4358,0.7549
bet04>=40,M2A,144405595,30,22,0.7333,9,2,0.3000,0.3214,153.90,160.23,-70.20,-0.4562,-0.4382,0.9605
bet04>=40,M2A,152095775,86,52,0.6047,13,1,0.1512,0.1529,897.91,983.11,-433.23,-0.4825,-0.4407,0.9133
bet04>=40,M2A,149177605,31,21,0.6774,3,2,0.0968,0.1034,126.49,143.36,-63.25,-0.5000,-0.4412,0.8824
bet04>=40,M2A,133386950,42,42,1.0000,4,1,0.0952,0.0976,195.36,214.26,-94.53,-0.4839,-0.4412,0.9118
bet04>=40,M2A,149842728,35,23,0.6571,6,1,0.1714,0.1765,1798.17,2012.88,-888.35,-0.4940,-0.4413,0.8933
bet04>=40,M2A,150103422,38,27,0.7105,8,2,0.2105,0.2222,286.73,301.44,-133.60,-0.4659,-0.4432,0.9512
bet04>=40,M2A,133934170,40,24,0.6000,11,1,0.2750,0.2821,539.00,565.33,-250.94,-0.4656,-0.4439,0.9534
bet04>=40,M2A,148002368,30,20,0.6667,3,0,0.1000,0.1000,165.51,165.51,-73.51,-0.4441,-0.4441,1.0000
bet04>=40,M2A,152348630,31,21,0.6774,5,1,0.1613,0.1667,197.65,226.26,-100.76,-0.5098,-0.4453,0.8735
bet04>=40,M2A,153526893,44,28,0.6364,7,1,0.1591,0.1628,283.28,293.50,-130.81,-0.4618,-0.4457,0.9652
bet04>=40,M2A,95225012,34,21,0.6176,15,2,0.4412,0.4688,907.68,936.22,-417.92,-0.4604,-0.4464,0.9695
bet04>=40,M2A,153795914,37,26,0.7027,2,0,0.0541,0.0541,97.60,97.60,-43.66,-0.4474,-0.4474,1.0000
bet04>=40,M2A,66354411,33,20,0.6061,7,2,0.2121,0.2258,84.86,90.92,-41.01,-0.4833,-0.4511,0.9333
bet04>=40,M2A,150218051,41,40,0.9756,7,1,0.1707,0.1750,137.38,139.48,-63.02,-0.4587,-0.4518,0.9849
bet04>=40,M2A,129923976,34,22,0.6471,9,5,0.2647,0.3103,431.26,466.29,-211.19,-0.4897,-0.4529,0.9249
bet04>=40,M2A,144947793,35,21,0.6000,7,2,0.2000,0.2121,535.85,546.36,-248.38,-0.4635,-0.4546,0.9808
bet04>=40,M2A,153414084,52,32,0.6154,7,4,0.1346,0.1458,89.93,102.20,-46.51,-0.5172,-0.4551,0.8800
bet04>=40,M2A,66338302,37,30,0.8108,4,0,0.1081,0.1081,1642.75,1642.75,-747.87,-0.4553,-0.4553,1.0000
bet04>=40,M2A,151639090,38,24,0.6316,4,0,0.1053,0.1053,2862.99,2990.80,-1363.33,-0.4762,-0.4558,0.9573
bet04>=40,M2A,140934485,43,43,1.0000,4,1,0.0930,0.0952,1314.03,1444.91,-662.25,-0.5040,-0.4583,0.9094
bet04>=40,M2A,137923397,33,33,1.0000,4,1,0.1212,0.1250,287.94,314.11,-145.01,-0.5036,-0.4617,0.9167
bet04>=40,M2A,93617758,81,55,0.6790,7,2,0.0864,0.0886,410.16,425.57,-197.10,-0.4805,-0.4631,0.9638
bet04>=40,M2A,124864718,140,91,0.6500,15,3,0.1071,0.1095,1109.98,1263.49,-585.35,-0.5274,-0.4633,0.8785
bet04>=40,M2A,147911453,39,24,0.6154,5,1,0.1282,0.1316,258.05,271.22,-125.77,-0.4874,-0.4637,0.9515
bet04>=40,M2A,147978531,38,27,0.7105,4,0,0.1053,0.1053,316.35,316.35,-146.97,-0.4646,-0.4646,1.0000
bet04>=40,M2A,149090891,52,34,0.6538,8,3,0.1538,0.1633,305.08,325.98,-152.54,-0.5000,-0.4679,0.9359
bet04>=40,M2A,149992769,33,29,0.8788,3,0,0.0909,0.0909,248.62,248.62,-116.81,-0.4698,-0.4698,1.0000
bet04>=40,M2A,147678473,34,25,0.7353,8,0,0.2353,0.2353,620.53,620.53,-292.00,-0.4706,-0.4706,1.0000
bet04>=40,M2A,139402577,54,39,0.7222,8,2,0.1481,0.1538,783.67,1012.25,-476.53,-0.6081,-0.4708,0.7742
bet04>=40,M2A,147039219,32,20,0.6250,4,0,0.1250,0.1250,205.16,205.16,-96.68,-0.4712,-0.4712,1.0000
bet04>=40,M2A,148573739,32,20,0.6250,11,1,0.3438,0.3548,385.81,396.35,-187.42,-0.4858,-0.4729,0.9734
bet04>=40,M2A,153016450,47,29,0.6170,6,2,0.1277,0.1333,310.33,330.98,-159.17,-0.5129,-0.4809,0.9376
bet04>=40,M2A,153694302,31,20,0.6452,3,1,0.0968,0.1000,1179.89,1381.93,-664.70,-0.5634,-0.4810,0.8538
bet04>=40,M2A,143481672,32,23,0.7188,3,0,0.0938,0.0938,113.84,113.84,-55.24,-0.4852,-0.4852,1.0000
bet04>=40,M2A,151833407,30,24,0.8000,10,5,0.3333,0.4000,977.19,1105.77,-541.31,-0.5539,-0.4895,0.8837
bet04>=40,M2A,146800567,47,38,0.8085,5,0,0.1064,0.1064,191.89,191.89,-93.97,-0.4897,-0.4897,1.0000
bet04>=40,M2A,148526474,40,31,0.7750,8,0,0.2000,0.2000,413.56,413.56,-203.49,-0.4921,-0.4921,1.0000
bet04>=40,M2A,148231558,31,20,0.6452,5,2,0.1613,0.1724,94.23,102.09,-50.26,-0.5333,-0.4923,0.9231
bet04>=40,M2A,148052992,33,21,0.6364,4,3,0.1212,0.1333,2409.50,3379.58,-1667.41,-0.6920,-0.4934,0.7130
bet04>=40,M2A,153641708,62,52,0.8387,8,2,0.1290,0.1333,88.91,94.02,-46.45,-0.5224,-0.4940,0.9457
bet04>=40,M2A,153419021,34,24,0.7059,13,3,0.3824,0.4194,592.12,606.83,-299.86,-0.5064,-0.4941,0.9757
bet04>=40,M2A,128292121,50,40,0.8000,4,2,0.0800,0.0833,120.80,129.23,-63.88,-0.5288,-0.4943,0.9347
bet04>=40,M2A,150717088,38,38,1.0000,3,1,0.0789,0.0811,238.42,253.12,-125.93,-0.5282,-0.4975,0.9419
bet04>=40,M2A,144595722,36,22,0.6111,9,2,0.2500,0.2647,379.78,415.92,-208.22,-0.5483,-0.5006,0.9131
bet04>=40,M2A,153012501,30,19,0.6333,3,0,0.1000,0.1000,954.74,954.74,-480.99,-0.5038,-0.5038,1.0000
bet04>=40,M2A,148295994,38,36,0.9474,4,2,0.1053,0.1111,202.35,227.64,-115.38,-0.5702,-0.5068,0.8889
bet04>=40,M2A,148808198,58,38,0.6552,9,2,0.1552,0.1607,323.49,344.57,-174.64,-0.5399,-0.5068,0.9388
bet04>=40,M2A,151290637,42,26,0.6190,5,1,0.1190,0.1220,118.19,122.34,-62.31,-0.5272,-0.5093,0.9660
bet04>=40,M2A,47651652,39,24,0.6154,3,0,0.0769,0.0769,177.58,177.58,-90.55,-0.5099,-0.5099,1.0000
bet04>=40,M2A,147792335,39,39,1.0000,2,0,0.0513,0.0513,1305.79,1305.79,-666.68,-0.5106,-0.5106,1.0000
bet04>=40,M2A,114578797,106,76,0.7170,3,0,0.0283,0.0283,1323.14,1323.14,-689.61,-0.5212,-0.5212,1.0000
bet04>=40,M2A,148813742,33,27,0.8182,2,0,0.0606,0.0606,1441.16,1847.12,-964.15,-0.6690,-0.5220,0.7802
bet04>=40,M2A,147723231,43,37,0.8605,4,2,0.0930,0.0976,1124.37,1348.19,-707.67,-0.6294,-0.5249,0.8340
bet04>=40,M2A,151970709,32,29,0.9063,3,2,0.0938,0.1000,107.60,117.98,-62.31,-0.5792,-0.5282,0.9120
bet04>=40,M2A,144325010,42,31,0.7381,5,0,0.1190,0.1190,217.15,217.15,-114.69,-0.5282,-0.5282,1.0000
bet04>=40,M2A,148216422,42,30,0.7143,6,1,0.1429,0.1463,573.25,602.83,-319.35,-0.5571,-0.5297,0.9509
bet04>=40,M2A,89195189,83,64,0.7711,6,2,0.0723,0.0741,2319.54,2628.13,-1392.50,-0.6003,-0.5298,0.8826
bet04>=40,M2A,98387538,34,34,1.0000,4,0,0.1176,0.1176,341.71,341.71,-182.02,-0.5327,-0.5327,1.0000
bet04>=40,M2A,107583422,34,22,0.6471,8,0,0.2353,0.2353,172.68,192.48,-103.40,-0.5988,-0.5372,0.8971
bet04>=40,M2A,146979106,45,28,0.6222,9,2,0.2000,0.2093,123.93,134.25,-72.55,-0.5854,-0.5404,0.9231
bet04>=40,M2A,150113090,49,35,0.7143,3,1,0.0612,0.0625,213.53,240.26,-130.77,-0.6124,-0.5443,0.8888
bet04>=40,M2A,147857798,41,28,0.6829,4,0,0.0976,0.0976,196.70,196.70,-107.61,-0.5471,-0.5471,1.0000
bet04>=40,M2A,77285602,35,23,0.6571,2,0,0.0571,0.0571,922.35,922.35,-505.98,-0.5486,-0.5486,1.0000
bet04>=40,M2A,149350324,39,31,0.7949,5,1,0.1282,0.1316,159.19,166.98,-91.63,-0.5756,-0.5487,0.9534
bet04>=40,M2A,141567982,37,26,0.7027,7,0,0.1892,0.1892,202.80,202.80,-112.09,-0.5527,-0.5527,1.0000
bet04>=40,M2A,146213633,41,25,0.6098,4,0,0.0976,0.0976,135.44,135.44,-75.99,-0.5611,-0.5611,1.0000
bet04>=40,M2A,153451386,36,23,0.6389,1,0,0.0278,0.0278,422.47,422.47,-238.52,-0.5646,-0.5646,1.0000
bet04>=40,M2A,151214506,59,43,0.7288,7,1,0.1186,0.1207,299.52,309.91,-175.21,-0.5850,-0.5653,0.9665
bet04>=40,M2A,148422080,33,33,1.0000,2,0,0.0606,0.0606,240.13,240.13,-135.88,-0.5658,-0.5658,1.0000
bet04>=40,M2A,152174275,50,34,0.6800,10,0,0.2000,0.2000,158.68,158.68,-89.98,-0.5670,-0.5670,1.0000
bet04>=40,M2A,147138784,31,25,0.8065,2,1,0.0645,0.0667,127.97,135.77,-78.00,-0.6096,-0.5745,0.9425
bet04>=40,M2A,146365935,34,21,0.6176,2,1,0.0588,0.0606,124.35,141.96,-81.60,-0.6562,-0.5748,0.8760
bet04>=40,M2A,149400401,32,21,0.6563,6,3,0.1875,0.2069,363.24,402.16,-233.08,-0.6417,-0.5796,0.9032
bet04>=40,M2A,148424759,31,21,0.6774,5,1,0.1613,0.1667,73.79,75.90,-44.27,-0.6000,-0.5833,0.9722
bet04>=40,M2A,150836296,30,23,0.7667,5,5,0.1667,0.2000,622.00,970.00,-568.00,-0.9132,-0.5856,0.6412
bet04>=40,M2A,150201236,43,43,1.0000,3,1,0.0698,0.0714,924.33,1032.34,-610.68,-0.6607,-0.5915,0.8954
bet04>=40,M2A,151740713,50,30,0.6000,2,1,0.0400,0.0408,131.15,144.01,-85.25,-0.6500,-0.5920,0.9107
bet04>=40,M2A,151270184,40,40,1.0000,2,1,0.0500,0.0513,153.71,170.33,-102.61,-0.6676,-0.6024,0.9024
bet04>=40,M2A,150244115,34,23,0.6765,4,0,0.1176,0.1176,138.38,138.38,-83.86,-0.6060,-0.6060,1.0000
bet04>=40,M2A,96816736,33,23,0.6970,4,0,0.1212,0.1212,67.24,67.24,-40.78,-0.6064,-0.6064,1.0000
bet04>=40,M2A,150238951,42,33,0.7857,5,0,0.1190,0.1190,192.21,192.21,-117.42,-0.6109,-0.6109,1.0000
bet04>=40,M2A,149496728,74,54,0.7297,3,0,0.0405,0.0405,260.27,260.27,-159.44,-0.6126,-0.6126,1.0000
bet04>=40,M2A,150640816,48,42,0.8750,4,1,0.0833,0.0851,269.93,277.82,-171.67,-0.6360,-0.6179,0.9716
bet04>=40,M2A,116284991,33,33,1.0000,4,2,0.1212,0.1290,102.93,111.33,-69.74,-0.6776,-0.6264,0.9245
bet04>=40,M2A,153141342,36,36,1.0000,1,0,0.0278,0.0278,92.94,92.94,-59.38,-0.6389,-0.6389,1.0000
bet04>=40,M2A,126627332,37,32,0.8649,1,0,0.0270,0.0270,95.83,95.83,-61.59,-0.6428,-0.6428,1.0000
bet04>=40,M2A,151810868,30,18,0.6000,2,1,0.0667,0.0690,133.52,143.74,-92.82,-0.6952,-0.6458,0.9289
bet04>=40,M2A,148171261,35,24,0.6857,2,1,0.0571,0.0588,1175.04,1201.21,-787.63,-0.6703,-0.6557,0.9782
bet04>=40,M2A,136956050,61,42,0.6885,7,1,0.1148,0.1167,630.27,638.71,-420.82,-0.6677,-0.6589,0.9868
bet04>=40,M2A,134200037,35,22,0.6286,2,1,0.0571,0.0588,735.30,787.19,-521.25,-0.7089,-0.6622,0.9341
bet04>=40,M2A,128047064,31,26,0.8387,3,0,0.0968,0.0968,123.29,123.29,-81.75,-0.6630,-0.6630,1.0000
bet04>=40,M2A,152744852,31,31,1.0000,3,0,0.0968,0.0968,154.11,154.11,-102.30,-0.6638,-0.6638,1.0000
bet04>=40,M2A,153422879,31,26,0.8387,3,1,0.0968,0.1000,202.14,214.41,-143.69,-0.7108,-0.6702,0.9428
bet04>=40,M2A,88846475,39,25,0.6410,4,2,0.1026,0.1081,888.03,930.04,-624.61,-0.7034,-0.6716,0.9548
bet04>=40,M2A,143901121,31,21,0.6774,4,1,0.1290,0.1333,162.97,173.51,-116.90,-0.7173,-0.6738,0.9392
bet04>=40,M2A,153011470,57,35,0.6140,3,1,0.0526,0.0536,221.76,234.03,-158.40,-0.7143,-0.6769,0.9476
bet04>=40,M2A,147886940,40,26,0.6500,6,3,0.1500,0.1622,199.40,207.27,-143.09,-0.7176,-0.6903,0.9620
bet04>=40,M2A,151319649,31,20,0.6452,9,4,0.2903,0.3333,1395.00,1435.00,-995.00,-0.7133,-0.6934,0.9721
bet04>=40,M2A,109635989,35,26,0.7429,2,0,0.0571,0.0571,154.20,154.20,-109.94,-0.7129,-0.7129,1.0000
bet04>=40,M2A,147380671,33,21,0.6364,4,0,0.1212,0.1212,67.42,67.42,-51.15,-0.7587,-0.7587,1.0000
bet04>=40,M2A,153402326,36,26,0.7222,1,0,0.0278,0.0278,25.34,25.34,-20.44,-0.8065,-0.8065,1.0000
bet04>=40,M2A,153774590,34,21,0.6176,1,0,0.0294,0.0294,250.53,250.53,-202.04,-0.8065,-0.8065,1.0000
bet04>=40,M2A,133405855,31,19,0.6129,4,3,0.1290,0.1429,119.83,128.83,-108.08,-0.9019,-0.8390,0.9302
bet04>=40,M2A,88958351,34,27,0.7941,0,0,0.0000,0.0000,181.55,181.55,-181.55,-1.0000,-1.0000,1.0000
