桌号,房间,年月,局数,短制式局数,长制式局数,逾制局数,制式纯度,最末下注秒P50,最末下注秒P95,最末下注秒最大
907,5,2026-03,24,2,18,4,0.7500000,24.0,34.29999923706055,35
907,8,2026-03,26,1,20,5,0.7692308,23.0,35.0,35
907,0,2026-03,5139,641,4052,446,0.7884802,23.0,32.0,35
907,10,2026-03,213,4,168,41,0.7887324,24.0,34.0,35
907,1,2026-03,297,5,241,51,0.8114478,24.0,35.0,35
911,9,2026-05,40,3,33,4,0.8250000,23.0,33.5,34
908,9,2026-05,41,1,34,6,0.8292683,24.0,34.0,35
911,0,2026-05,24013,2815,20019,1179,0.8336734,23.0,25.0,40
912,0,2026-05,23989,2806,20038,1145,0.8352995,23.0,25.0,35
910,0,2026-05,25039,2737,21005,1297,0.8388913,23.0,27.0,35
908,0,2026-05,24898,2620,20969,1309,0.8421962,23.0,27.0,35
909,0,2026-05,24253,2581,20472,1200,0.8441018,23.0,25.0,38
907,7,2026-03,60,0,51,9,0.8500000,24.0,35.0,35
907,6,2026-03,60,2,51,7,0.8500000,24.0,34.0,35
910,0,2026-03,6819,990,5829,0,0.8548174,22.0,25.0,25
906,0,2026-05,25038,2240,21444,1354,0.8564582,23.0,28.0,35
911,0,2026-03,7193,1030,6163,0,0.8568052,22.0,25.0,25
903,5,2026-05,134,3,115,16,0.8582090,25.0,33.79999542236328,35
908,0,2026-03,7107,1003,6104,0,0.8588715,22.0,25.0,25
905,0,2026-05,24702,2131,21240,1331,0.8598494,23.0,28.0,35
903,0,2026-05,24549,1953,21227,1369,0.8646788,23.0,28.0,37
909,0,2026-03,7156,958,6198,0,0.8661263,22.0,25.0,25
907,3,2026-03,733,14,635,84,0.8663029,24.0,34.0,35
912,0,2026-03,6948,922,6024,2,0.8670121,22.0,25.0,55
902,0,2026-05,25625,1868,22261,1496,0.8687220,23.0,29.0,35
905,8,2026-05,122,6,106,10,0.8688525,24.0,34.0,35
913,0,2026-03,4497,587,3910,0,0.8694685,22.0,25.0,25
907,4,2026-03,429,9,374,46,0.8717949,24.0,34.0,35
911,6,2026-05,247,3,216,28,0.8744939,24.0,34.0,35
913,9,2026-03,8,1,7,0,0.8750000,24.0,25.0,25
907,11,2026-03,225,4,197,24,0.8755556,24.0,33.0,35
910,0,2026-08,9917,1233,8684,0,0.8756680,22.0,25.0,25
906,0,2026-03,7102,872,6220,10,0.8758096,22.0,25.0,142
905,10,2026-05,943,18,827,98,0.8769883,24.0,34.0,35
901,0,2026-05,25788,1611,22643,1534,0.8780441,23.0,30.0,35
910,0,2026-04,24436,2931,21504,1,0.8800131,22.0,25.0,26
903,0,2026-03,7175,858,6315,2,0.8801394,22.0,25.0,58
912,0,2026-08,9815,1175,8640,0,0.8802853,22.0,25.0,25
912,0,2026-04,23824,2847,20975,2,0.8804147,22.0,25.0,29
905,0,2026-03,7199,854,6344,1,0.8812335,22.0,25.0,69
911,0,2026-04,24191,2842,21348,1,0.8824770,22.0,25.0,28
911,0,2026-08,9801,1141,8660,0,0.8835833,22.0,25.0,25
908,0,2026-08,9945,1156,8789,0,0.8837607,22.0,25.0,25
909,0,2026-08,9881,1142,8739,0,0.8844247,23.0,25.0,25
913,0,2026-08,9782,1118,8663,1,0.8856062,22.0,25.0,175
913,0,2026-04,24353,2763,21585,5,0.8863384,22.0,25.0,64
909,0,2026-04,24659,2783,21874,2,0.8870595,22.0,25.0,28
908,0,2026-04,24342,2744,21597,1,0.8872319,22.0,25.0,29
909,10,2026-05,759,17,674,68,0.8880105,24.0,33.54998779296875,35
912,0,2026-07,26068,2885,23182,1,0.8892896,23.0,25.0,26
913,0,2026-05,24438,2671,21767,0,0.8907030,22.0,25.0,25
911,0,2026-06,24826,2663,22162,1,0.8926931,23.0,25.0,62
912,4,2026-05,2265,57,2022,186,0.8927152,24.0,33.0,35
912,0,2026-06,24814,2659,22154,1,0.8928025,23.0,25.0,60
907,0,2026-05,25110,2686,22422,2,0.8929510,23.0,25.0,55
907,0,2026-04,21135,2255,18879,1,0.8932576,23.0,25.0,50
911,0,2026-07,25828,2752,23073,3,0.8933328,23.0,25.0,46
907,2,2026-03,282,2,252,28,0.8936170,24.0,33.0,35
910,9,2026-05,47,2,42,3,0.8936170,24.0,30.29999542236328,35
910,0,2026-06,24974,2635,22337,2,0.8944102,23.0,25.0,96
907,0,2026-08,9991,1053,8938,0,0.8946051,23.0,25.0,25
906,0,2026-08,10099,1046,9053,0,0.8964254,23.0,25.0,25
909,7,2026-05,311,8,279,24,0.8971061,24.0,33.949981689453125,35
910,0,2026-07,26459,2718,23741,0,0.8972750,23.0,25.0,25
909,0,2026-06,24711,2528,22181,2,0.8976164,23.0,25.0,52
910,2,2026-05,1395,40,1253,102,0.8982079,24.0,33.0,35
903,7,2026-05,267,7,240,20,0.8988764,24.0,33.0,35
907,0,2026-07,26562,2676,23881,5,0.8990663,23.0,25.0,67
908,8,2026-05,119,5,107,7,0.8991597,24.0,32.09999084472656,34
909,11,2026-05,735,20,661,54,0.8993197,24.0,32.0,35
906,11,2026-05,805,15,724,66,0.8993789,24.0,33.0,35
908,0,2026-07,26150,2621,23528,1,0.8997323,23.0,25.0,29
906,9,2026-05,60,0,54,6,0.9000000,24.0,33.0,34
909,0,2026-07,26178,2604,23567,7,0.9002598,23.0,25.0,57
913,0,2026-06,24631,2454,22177,0,0.9003695,23.0,25.0,25
908,0,2026-06,25148,2502,22645,1,0.9004692,23.0,25.0,26
906,0,2026-04,24538,2431,22104,3,0.9008069,23.0,25.0,30
912,6,2026-05,242,8,218,16,0.9008264,24.0,30.399993896484375,35
902,0,2026-03,7213,709,6501,3,0.9012893,23.0,25.0,56
911,10,2026-05,962,21,868,73,0.9022869,24.0,33.0,35
910,4,2026-05,2248,58,2029,161,0.9025801,24.0,33.0,41
911,2,2026-05,1390,30,1255,105,0.9028777,24.0,33.0,35
907,0,2026-06,24848,2408,22440,0,0.9030908,23.0,25.0,25
906,0,2026-07,26606,2575,24029,2,0.9031421,23.0,25.0,41
905,0,2026-08,10159,980,9178,1,0.9034354,23.0,25.0,48
905,0,2026-04,24602,2353,22246,3,0.9042354,23.0,25.0,45
910,8,2026-05,115,5,104,6,0.9043478,24.0,27.25,35
906,8,2026-05,115,2,104,9,0.9043478,24.0,33.0,35
908,6,2026-05,241,4,218,19,0.9045643,24.0,33.44999694824219,35
912,7,2026-05,265,5,240,20,0.9056604,24.0,33.0,35
912,2,2026-05,1303,33,1181,89,0.9063699,24.0,33.0,35
913,0,2026-07,26025,2433,23591,1,0.9064745,23.0,25.0,26
903,8,2026-05,150,3,136,11,0.9066667,24.0,34.0,35
906,4,2026-05,2303,34,2091,178,0.9079462,24.0,33.0,35
909,6,2026-05,230,5,209,16,0.9086957,24.0,33.0,35
906,0,2026-06,25160,2292,22868,0,0.9089030,23.0,25.0,25
901,0,2026-03,7170,653,6517,0,0.9089261,23.0,25.0,25
909,9,2026-08,22,2,20,0,0.9090909,23.5,25.0,25
910,9,2026-03,11,1,10,0,0.9090909,23.0,24.0,24
912,11,2026-05,782,21,711,50,0.9092072,24.0,33.0,35
905,0,2026-06,25171,2279,22891,1,0.9094196,23.0,25.0,40
906,6,2026-05,267,4,243,20,0.9101124,24.0,33.0,35
910,7,2026-05,280,5,255,20,0.9107143,24.0,32.0,35
912,7,2026-03,56,5,51,0,0.9107143,24.0,25.0,25
903,2,2026-05,1471,16,1340,115,0.9109449,24.0,34.0,35
903,0,2026-08,10107,896,9209,2,0.9111507,23.0,25.0,131
901,4,2026-05,2232,13,2034,185,0.9112903,24.0,34.0,35
908,1,2026-05,1489,24,1357,108,0.9113499,24.0,34.0,35
909,4,2026-05,2113,51,1926,136,0.9115002,24.0,32.0,35
901,2,2026-05,1387,15,1265,107,0.9120404,24.0,33.1500244140625,35
903,1,2026-05,1592,8,1452,132,0.9120603,24.0,34.0,35
903,0,2026-04,24827,2177,22648,2,0.9122326,23.0,25.0,30
905,0,2026-07,26589,2321,24266,2,0.9126330,23.0,25.0,29
908,10,2026-05,836,14,763,59,0.9126794,24.0,32.70001220703125,35
912,10,2026-05,826,25,754,47,0.9128329,24.0,31.0,35
910,10,2026-05,868,22,793,53,0.9135945,24.0,32.0999755859375,35
908,4,2026-05,2097,34,1916,147,0.9136862,24.0,33.0,35
910,3,2026-05,3544,62,3240,242,0.9142212,24.0,33.0,35
906,10,2026-05,877,20,804,53,0.9167617,24.0,32.0,35
902,7,2026-05,265,5,243,17,0.9169811,24.0,33.25,35
910,11,2026-05,773,17,709,47,0.9172057,24.0,32.0,35
902,10,2026-05,994,10,912,72,0.9175050,24.0,33.0,35
901,9,2026-05,49,0,45,4,0.9183673,24.0,34.0,34
902,3,2026-05,3689,35,3388,266,0.9184061,24.0,33.0,35
905,2,2026-05,1413,14,1298,101,0.9186129,24.0,33.0,35
903,4,2026-05,2151,19,1976,156,0.9186425,24.0,33.0,35
901,1,2026-05,1586,8,1457,121,0.9186633,24.0,34.0,35
905,1,2026-05,1526,12,1402,112,0.9187418,24.0,33.0,35
911,3,2026-05,3744,89,3440,215,0.9188034,24.0,32.0,35
900,0,2026-03,2598,208,2388,2,0.9191686,23.0,25.0,47
902,0,2026-04,24446,1969,22473,4,0.9192915,23.0,25.0,48
902,0,2026-08,10169,819,9349,1,0.9193628,23.0,25.0,58
906,7,2026-05,249,4,229,16,0.9196787,24.0,34.0,35
909,3,2026-05,3654,60,3361,233,0.9198139,24.0,32.0,35
903,0,2026-07,26507,2121,24382,4,0.9198325,23.0,25.0,55
901,5,2026-05,100,1,92,7,0.9200000,24.0,33.5,35
902,9,2026-08,25,2,23,0,0.9200000,24.0,25.0,25
903,0,2026-06,25350,2021,23326,3,0.9201578,23.0,25.0,56
903,10,2026-05,815,11,750,54,0.9202454,24.0,32.0,35
911,7,2026-05,214,4,197,13,0.9205607,24.0,30.0,35
902,6,2026-05,240,4,221,15,0.9208333,24.0,32.0,35
902,2,2026-05,1417,14,1305,98,0.9209598,24.0,33.0,35
911,1,2026-05,1519,36,1399,84,0.9210007,24.0,30.0,35
912,5,2026-05,114,1,105,8,0.9210526,24.0,34.0,35
902,9,2026-05,38,0,35,3,0.9210526,24.0,32.599998474121094,35
901,7,2026-05,279,4,257,18,0.9211470,24.0,33.0,35
912,1,2026-05,1636,35,1508,93,0.9217604,24.0,30.699951171875,35
902,4,2026-05,2263,17,2086,160,0.9217852,24.0,33.0,58
908,2,2026-05,1389,20,1281,88,0.9222462,24.0,33.0,35
913,9,2026-08,13,1,12,0,0.9230769,24.0,25.0,25
908,3,2026-05,3826,82,3533,211,0.9234187,24.0,31.0,35
902,0,2026-07,27069,2070,24997,2,0.9234549,23.0,25.0,45
909,2,2026-05,1402,28,1295,79,0.9236805,24.0,31.0,35
910,1,2026-05,1707,31,1578,98,0.9244288,24.0,31.0,35
909,8,2026-05,120,2,111,7,0.9250000,24.0,31.5,35
908,11,2026-05,871,14,806,51,0.9253731,24.0,31.0,35
905,4,2026-05,2133,26,1974,133,0.9254571,24.0,32.8499755859375,35
901,6,2026-05,283,2,262,19,0.9257951,24.0,33.0,35
909,1,2026-05,1593,34,1475,84,0.9259259,24.0,31.0,35
911,4,2026-05,2063,38,1912,113,0.9268056,24.0,30.3499755859375,35
911,5,2026-05,123,0,114,9,0.9268293,24.0,34.0,35
907,9,2026-06,41,3,38,0,0.9268293,24.0,25.0,25
906,2,2026-05,1426,17,1322,87,0.9270687,24.0,32.0,35
911,8,2026-04,124,9,115,0,0.9274194,24.0,25.0,25
902,0,2026-06,25393,1831,23558,4,0.9277360,23.0,25.0,215
903,3,2026-05,3793,29,3520,244,0.9280253,24.0,33.0,35
912,3,2026-05,3678,105,3414,159,0.9282219,24.0,25.0,35
908,7,2026-05,293,6,272,15,0.9283276,24.0,26.70001220703125,35
902,5,2026-05,112,2,104,6,0.9285714,24.0,32.20001220703125,35
907,9,2026-03,14,1,13,0,0.9285714,23.5,25.0,25
906,3,2026-05,3807,46,3536,225,0.9288153,24.0,32.0,35
902,11,2026-05,835,10,776,49,0.9293413,24.0,32.75,35
901,0,2026-08,10300,717,9582,1,0.9302913,23.0,25.0,47
901,0,2026-04,24773,1719,23050,4,0.9304485,23.0,25.0,30
911,11,2026-03,247,17,230,0,0.9311741,23.0,25.0,25
905,3,2026-05,3746,48,3496,202,0.9332621,24.0,30.199951171875,48
910,5,2026-05,135,1,126,8,0.9333333,24.0,29.75,35
905,9,2026-05,30,0,28,2,0.9333333,24.0,31.0,31
901,0,2026-06,25866,1722,24142,2,0.9333488,23.0,25.0,30
902,1,2026-05,1688,12,1576,100,0.9336493,24.0,32.0,35
903,6,2026-05,258,5,241,12,0.9341085,24.0,25.0,34
903,6,2026-03,61,4,57,0,0.9344262,24.0,25.0,25
902,9,2026-04,46,3,43,0,0.9347826,24.0,25.0,25
907,9,2026-04,31,2,29,0,0.9354839,23.0,25.0,25
906,1,2026-05,1539,17,1440,82,0.9356725,24.0,30.5499267578125,35
901,3,2026-05,3708,23,3470,215,0.9358145,24.0,32.0,35
905,11,2026-05,844,11,790,43,0.9360190,24.0,28.0,35
910,9,2026-07,47,3,44,0,0.9361702,23.0,25.0,25
912,8,2026-05,127,5,119,3,0.9370079,24.0,25.0,35
913,9,2026-07,48,3,45,0,0.9375000,24.0,25.0,25
910,6,2026-05,260,1,244,15,0.9384615,24.0,30.5,34
909,5,2026-05,130,2,122,6,0.9384615,24.0,25.0,35
909,11,2026-03,263,16,247,0,0.9391635,24.0,25.0,25
905,6,2026-05,214,1,201,12,0.9392523,24.0,31.600006103515625,35
912,9,2026-05,33,1,31,1,0.9393939,24.0,25.0,34
912,8,2026-08,50,3,47,0,0.9400000,24.0,25.0,25
913,8,2026-08,67,4,63,0,0.9402985,23.0,25.0,25
901,0,2026-07,27054,1601,25450,3,0.9407112,23.0,25.0,41
905,8,2026-04,119,7,112,0,0.9411765,24.0,25.0,25
913,8,2026-03,17,1,16,0,0.9411765,24.0,25.0,25
901,11,2026-05,912,7,859,46,0.9418860,24.0,26.7999267578125,38
905,7,2026-05,277,2,261,14,0.9422383,24.0,29.549957275390625,35
911,11,2026-05,818,20,771,27,0.9425428,24.0,25.0,35
901,8,2026-05,140,1,132,7,0.9428571,24.0,29.5,35
909,9,2026-05,35,0,33,2,0.9428571,24.0,32.5,35
908,9,2026-04,53,3,50,0,0.9433962,24.0,25.0,25
36,0,2026-08,12770,718,12050,2,0.9436179,24.0,25.0,61
35,0,2026-08,12811,712,12096,3,0.9441886,24.0,25.0,50
36,9,2026-03,18,1,17,0,0.9444444,24.0,25.0,25
901,10,2026-05,875,6,827,42,0.9451429,24.0,25.0,62
906,9,2026-06,37,2,35,0,0.9459459,24.0,25.0,25
910,8,2026-08,38,2,36,0,0.9473684,23.0,25.0,25
912,9,2026-08,19,1,18,0,0.9473684,24.0,25.0,25
902,9,2026-03,19,1,18,0,0.9473684,24.0,25.0,25
35,9,2026-08,19,1,18,0,0.9473684,24.0,25.0,25
902,8,2026-05,120,0,114,6,0.9500000,24.0,29.0,35
910,9,2026-06,40,2,38,0,0.9500000,24.0,25.0,25
911,8,2026-03,40,2,38,0,0.9500000,24.0,25.0,25
909,8,2026-03,41,2,39,0,0.9512195,23.0,25.0,25
908,5,2026-05,126,1,120,5,0.9523810,24.0,25.0,35
906,6,2026-08,105,5,100,0,0.9523810,24.0,25.0,25
903,11,2026-05,808,7,770,31,0.9529703,24.0,25.0,35
910,6,2026-03,65,3,62,0,0.9538462,24.0,25.0,25
905,9,2026-06,44,2,42,0,0.9545455,24.0,25.0,25
908,8,2026-03,44,2,42,0,0.9545455,24.0,25.0,25
911,9,2026-03,22,1,21,0,0.9545455,22.5,25.0,25
33,0,2026-08,12662,567,12092,3,0.9549834,24.0,25.0,49
909,8,2026-07,135,6,129,0,0.9555556,24.0,25.0,25
906,6,2026-03,90,4,86,0,0.9555556,24.0,25.0,25
903,9,2026-06,45,2,43,0,0.9555556,24.0,25.0,25
906,9,2026-07,45,2,43,0,0.9555556,24.0,25.0,25
908,5,2026-08,45,2,43,0,0.9555556,24.0,25.0,25
36,0,2026-05,32651,1447,31204,0,0.9556828,24.0,25.0,25
35,0,2026-03,10882,476,10405,1,0.9561661,24.0,25.0,55
36,0,2026-03,10441,453,9986,2,0.9564218,24.0,25.0,43
35,0,2026-04,32226,1401,30824,1,0.9564948,24.0,25.0,48
913,9,2026-06,69,3,66,0,0.9565217,24.0,25.0,25
901,8,2026-03,46,1,44,1,0.9565217,23.5,25.0,50
902,5,2026-03,46,2,44,0,0.9565217,24.0,25.0,25
36,0,2026-04,31281,1321,29957,3,0.9576740,24.0,25.0,48
910,10,2026-03,310,13,297,0,0.9580645,24.0,25.0,25
32,0,2026-08,12612,526,12086,0,0.9582937,24.0,25.0,25
906,5,2026-05,144,1,138,5,0.9583333,24.0,25.0,35
909,7,2026-03,72,3,69,0,0.9583333,23.0,25.0,25
900,7,2026-03,24,1,23,0,0.9583333,23.0,24.0,24
911,6,2026-06,267,11,256,0,0.9588015,24.0,25.0,25
903,8,2026-03,49,2,47,0,0.9591837,24.0,25.0,25
912,10,2026-08,369,15,354,0,0.9593496,24.0,25.0,25
36,0,2026-07,32849,1316,31522,11,0.9596030,24.0,25.0,51
35,0,2026-05,33231,1305,31919,7,0.9605188,24.0,25.0,48
33,0,2026-03,10629,416,10212,1,0.9607677,24.0,25.0,41
913,7,2026-03,51,2,49,0,0.9607843,23.0,25.0,25
910,7,2026-03,51,2,49,0,0.9607843,23.0,25.0,25
35,0,2026-06,31857,1243,30610,4,0.9608563,24.0,25.0,61
911,8,2026-05,130,1,125,4,0.9615385,24.0,25.0,35
911,7,2026-08,104,4,100,0,0.9615385,24.0,25.0,25
907,9,2026-07,52,2,50,0,0.9615385,23.0,25.0,25
912,5,2026-07,132,5,127,0,0.9621212,24.0,25.0,25
33,0,2026-04,32145,1216,30928,1,0.9621403,24.0,25.0,51
35,0,2026-07,33665,1267,32392,6,0.9621862,24.0,25.0,51
905,9,2026-04,53,2,51,0,0.9622642,24.0,25.0,25
911,9,2026-07,53,2,51,0,0.9622642,24.0,25.0,25
36,0,2026-06,31692,1186,30504,2,0.9625142,24.0,25.0,51
911,2,2026-03,378,14,364,0,0.9629630,24.0,25.0,25
906,5,2026-08,54,2,52,0,0.9629630,24.0,25.0,25
900,5,2026-03,27,1,26,0,0.9629630,24.0,25.0,25
912,2,2026-08,489,18,471,0,0.9631902,24.0,25.0,25
910,11,2026-08,354,12,341,1,0.9632768,24.0,25.0,54
910,7,2026-08,109,4,105,0,0.9633028,24.0,25.0,25
913,5,2026-05,109,4,105,0,0.9633028,24.0,25.0,25
908,4,2026-03,630,23,607,0,0.9634921,24.0,25.0,25
912,3,2026-03,1096,39,1056,1,0.9635036,24.0,25.0,43
912,9,2026-06,55,2,53,0,0.9636364,24.0,25.0,25
913,2,2026-03,248,9,239,0,0.9637097,24.0,25.0,25
33,0,2026-06,31747,1148,30595,4,0.9637131,24.0,25.0,42
901,7,2026-03,84,3,81,0,0.9642857,24.0,25.0,25
1,9,2026-08,28,27,0,1,0.9642857,13.0,14.700006484985352,30
913,7,2026-08,113,4,109,0,0.9646018,24.0,25.0,25
908,8,2026-06,113,4,109,0,0.9646018,24.0,25.0,25
31,0,2026-08,12915,457,12458,0,0.9646148,24.0,25.0,25
912,5,2026-08,57,2,55,0,0.9649123,23.0,25.0,25
32,0,2026-03,10704,371,10331,2,0.9651532,24.0,25.0,60
33,0,2026-05,32995,1138,31850,7,0.9652978,24.0,25.0,54
913,4,2026-03,433,15,418,0,0.9653580,24.0,25.0,25
912,11,2026-03,231,8,223,0,0.9653680,24.0,25.0,25
33,0,2026-07,33034,1131,31892,11,0.9654296,24.0,25.0,61
912,10,2026-03,264,9,255,0,0.9659091,23.0,25.0,25
913,11,2026-06,861,29,832,0,0.9663182,24.0,25.0,25
912,7,2026-08,119,4,115,0,0.9663866,24.0,25.0,25
906,7,2026-06,268,9,259,0,0.9664179,24.0,25.0,25
913,11,2026-07,953,32,921,0,0.9664218,24.0,25.0,25
909,6,2026-03,90,3,87,0,0.9666667,24.0,25.0,25
907,8,2026-08,60,2,58,0,0.9666667,24.0,25.0,25
32,0,2026-07,33111,1089,32018,4,0.9669898,24.0,25.0,42
909,10,2026-03,243,8,235,0,0.9670782,23.0,25.0,25
903,10,2026-03,276,8,267,1,0.9673913,24.0,25.0,28
913,11,2026-04,811,26,785,0,0.9679408,24.0,25.0,25
905,5,2026-05,125,3,121,1,0.9680000,24.0,25.0,35
910,7,2026-04,283,9,274,0,0.9681979,24.0,25.0,25
906,10,2026-03,225,7,218,0,0.9688889,24.0,25.0,25
912,2,2026-03,419,13,406,0,0.9689737,24.0,25.0,25
912,6,2026-07,259,8,251,0,0.9691120,24.0,25.0,25
32,0,2026-05,32774,1009,31762,3,0.9691219,24.0,25.0,51
913,7,2026-05,260,8,252,0,0.9692308,24.0,25.0,25
910,11,2026-03,195,6,189,0,0.9692308,24.0,25.0,25
911,8,2026-08,65,2,63,0,0.9692308,24.0,25.0,25
909,4,2026-08,887,27,860,0,0.9695603,24.0,25.0,25
32,0,2026-04,31860,965,30895,0,0.9697112,24.0,25.0,25
910,11,2026-07,793,23,769,1,0.9697352,24.0,25.0,29
913,10,2026-05,933,28,905,0,0.9699893,24.0,25.0,25
907,8,2026-04,100,3,97,0,0.9700000,24.0,25.0,25
912,10,2026-04,836,25,811,0,0.9700957,24.0,25.0,25
907,7,2026-05,305,9,296,0,0.9704918,24.0,25.0,25
910,6,2026-08,102,3,99,0,0.9705882,24.0,25.0,25
907,6,2026-04,205,6,199,0,0.9707317,24.0,25.0,25
32,0,2026-06,31603,916,30681,6,0.9708256,24.0,25.0,61
913,11,2026-08,379,11,368,0,0.9709763,24.0,25.0,25
913,11,2026-05,724,21,703,0,0.9709945,24.0,25.0,25
906,8,2026-08,69,2,67,0,0.9710145,24.0,25.0,25
903,7,2026-06,242,7,235,0,0.9710744,24.0,25.0,25
913,10,2026-04,935,27,908,0,0.9711230,24.0,25.0,25
31,0,2026-03,10754,306,10445,3,0.9712665,24.0,25.0,57
913,3,2026-03,662,19,643,0,0.9712991,24.0,25.0,25
908,6,2026-08,105,3,102,0,0.9714286,24.0,25.0,25
907,6,2026-08,106,3,103,0,0.9716981,24.0,25.0,25
911,11,2026-08,284,8,276,0,0.9718310,24.0,25.0,25
908,6,2026-03,71,2,69,0,0.9718310,23.0,25.0,25
31,0,2026-07,33160,924,32226,10,0.9718335,24.0,25.0,59
31,0,2026-05,32872,911,31955,6,0.9721039,24.0,25.0,78
913,10,2026-07,934,26,908,0,0.9721627,24.0,25.0,25
910,9,2026-04,36,1,35,0,0.9722222,23.5,25.0,25
911,9,2026-06,36,1,35,0,0.9722222,24.0,25.0,25
31,0,2026-06,31687,868,30814,5,0.9724493,24.0,25.0,62
909,11,2026-04,764,21,743,0,0.9725131,24.0,25.0,25
908,11,2026-08,292,8,284,0,0.9726027,24.0,25.0,25
912,6,2026-04,256,7,249,0,0.9726563,24.0,25.0,25
913,1,2026-04,1542,42,1500,0,0.9727626,24.0,25.0,25
911,3,2026-04,3713,100,3612,1,0.9727983,24.0,25.0,48
910,6,2026-07,295,8,287,0,0.9728814,24.0,25.0,25
910,8,2026-03,37,1,36,0,0.9729730,24.0,25.0,25
909,11,2026-06,778,21,757,0,0.9730077,24.0,25.0,25
909,7,2026-06,261,7,254,0,0.9731801,24.0,25.0,25
903,11,2026-03,300,8,292,0,0.9733333,24.0,25.0,25
909,8,2026-04,150,4,146,0,0.9733333,24.0,25.0,25
911,10,2026-06,901,24,877,0,0.9733629,24.0,25.0,25
906,11,2026-03,228,6,222,0,0.9736842,24.0,25.0,25
911,5,2026-04,152,4,148,0,0.9736842,24.0,25.0,25
913,5,2026-06,114,3,111,0,0.9736842,24.0,25.0,25
1,9,2026-05,76,74,0,2,0.9736842,13.0,13.0,34
900,11,2026-03,76,2,74,0,0.9736842,24.0,25.0,25
912,8,2026-03,38,1,37,0,0.9736842,24.0,25.0,25
903,5,2026-07,153,4,149,0,0.9738562,24.0,25.0,25
912,11,2026-04,768,20,748,0,0.9739583,24.0,25.0,25
912,7,2026-04,269,7,262,0,0.9739777,24.0,25.0,25
913,6,2026-08,77,2,75,0,0.9740260,24.0,25.0,25
912,3,2026-08,1392,36,1356,0,0.9741379,24.0,25.0,25
911,8,2026-07,116,3,113,0,0.9741379,24.0,25.0,25
913,2,2026-04,1437,37,1400,0,0.9742519,24.0,25.0,25
906,3,2026-03,1011,26,985,0,0.9742829,24.0,25.0,25
911,10,2026-04,779,20,759,0,0.9743261,24.0,25.0,25
909,9,2026-06,39,1,38,0,0.9743590,23.0,25.0,25
911,10,2026-07,860,22,838,0,0.9744186,24.0,25.0,25
910,4,2026-03,626,16,610,0,0.9744409,24.0,25.0,25
910,11,2026-04,823,21,802,0,0.9744836,24.0,25.0,25
31,0,2026-04,32229,814,31411,4,0.9746191,24.0,25.0,54
910,1,2026-03,473,12,461,0,0.9746300,24.0,25.0,25
911,3,2026-03,1030,26,1004,0,0.9747573,24.0,25.0,25
911,11,2026-06,793,20,773,0,0.9747793,24.0,25.0,25
913,9,2026-05,40,1,39,0,0.9750000,23.5,25.0,25
912,1,2026-08,601,15,586,0,0.9750416,24.0,25.0,25
903,10,2026-08,361,9,352,0,0.9750693,24.0,25.0,25
908,11,2026-06,804,20,784,0,0.9751244,24.0,25.0,25
913,1,2026-03,323,8,315,0,0.9752322,24.0,25.0,25
910,3,2026-08,1577,39,1538,0,0.9752695,24.0,25.0,25
909,3,2026-03,1011,25,986,0,0.9752720,24.0,25.0,25
913,4,2026-05,2073,51,2022,0,0.9753980,24.0,25.0,25
912,6,2026-06,244,6,238,0,0.9754098,24.0,25.0,25
913,4,2026-08,896,22,874,0,0.9754464,24.0,25.0,25
911,11,2026-04,940,23,917,0,0.9755319,24.0,25.0,25
907,7,2026-07,287,7,280,0,0.9756098,24.0,25.0,25
909,7,2026-07,287,7,280,0,0.9756098,24.0,25.0,25
913,1,2026-08,657,16,641,0,0.9756469,24.0,25.0,25
911,10,2026-03,247,6,241,0,0.9757085,24.0,25.0,25
908,10,2026-04,1114,27,1087,0,0.9757630,24.0,25.0,25
912,8,2026-04,124,3,121,0,0.9758065,24.0,25.0,25
913,10,2026-03,166,4,162,0,0.9759036,24.0,25.0,25
909,5,2026-07,166,4,162,0,0.9759036,24.0,25.0,25
911,3,2026-08,1417,34,1383,0,0.9760056,24.0,25.0,25
913,3,2026-05,3628,87,3541,0,0.9760198,24.0,25.0,25
910,3,2026-04,3424,82,3342,0,0.9760514,24.0,25.0,25
910,10,2026-07,1003,24,979,0,0.9760718,24.0,25.0,25
909,10,2026-04,878,21,857,0,0.9760820,24.0,25.0,25
911,2,2026-07,1464,34,1429,1,0.9760929,24.0,25.0,29
911,7,2026-06,293,7,286,0,0.9761092,24.0,25.0,25
908,2,2026-03,420,10,410,0,0.9761905,24.0,25.0,25
905,7,2026-08,126,3,123,0,0.9761905,24.0,25.0,25
903,9,2026-05,42,0,41,1,0.9761905,24.0,25.0,31
901,9,2026-07,42,1,41,0,0.9761905,24.0,25.0,25
907,5,2026-08,42,1,41,0,0.9761905,24.0,25.0,25
901,9,2026-04,42,1,41,0,0.9761905,24.0,25.0,25
902,5,2026-08,42,1,41,0,0.9761905,24.0,25.0,25
909,9,2026-07,42,1,41,0,0.9761905,24.0,25.0,25
913,9,2026-04,42,1,41,0,0.9761905,24.0,25.0,25
907,10,2026-05,842,20,822,0,0.9762470,24.0,25.0,25
912,4,2026-03,635,15,620,0,0.9763780,24.0,25.0,25
906,5,2026-06,127,3,124,0,0.9763780,24.0,25.0,25
910,8,2026-04,127,3,124,0,0.9763780,24.0,25.0,25
909,4,2026-03,678,16,662,0,0.9764012,24.0,25.0,25
910,2,2026-06,1415,33,1382,0,0.9766784,24.0,25.0,25
905,7,2026-03,86,2,84,0,0.9767442,24.0,25.0,25
910,5,2026-03,43,1,42,0,0.9767442,24.0,25.0,25
913,1,2026-05,1464,34,1430,0,0.9767760,24.0,25.0,25
910,3,2026-03,1214,27,1186,1,0.9769357,24.0,25.0,49
907,11,2026-05,826,19,807,0,0.9769976,24.0,25.0,25
912,4,2026-04,2142,49,2093,0,0.9771242,24.0,25.0,25
912,4,2026-08,921,21,900,0,0.9771987,24.0,25.0,25
912,1,2026-04,1579,35,1543,1,0.9772008,24.0,25.0,29
913,10,2026-08,309,7,302,0,0.9773463,24.0,25.0,25
906,4,2026-03,623,14,609,0,0.9775281,24.0,25.0,25
910,2,2026-03,401,9,392,0,0.9775561,24.0,25.0,25
906,11,2026-06,894,20,874,0,0.9776286,24.0,25.0,25
901,9,2026-06,45,1,44,0,0.9777778,24.0,25.0,25
912,5,2026-03,45,1,44,0,0.9777778,24.0,25.0,25
905,1,2026-03,542,12,530,0,0.9778598,24.0,25.0,25
911,1,2026-08,678,15,663,0,0.9778761,24.0,25.0,25
906,5,2026-04,136,3,133,0,0.9779412,24.0,25.0,25
910,8,2026-07,136,3,133,0,0.9779412,24.0,25.0,25
901,6,2026-04,227,5,222,0,0.9779736,24.0,25.0,25
911,11,2026-07,864,19,845,0,0.9780093,24.0,25.0,25
908,3,2026-03,1100,24,1076,0,0.9781818,24.0,25.0,25
911,2,2026-08,550,12,538,0,0.9781818,24.0,25.0,25
912,2,2026-07,1469,31,1437,1,0.9782165,24.0,25.0,29
909,6,2026-08,92,2,90,0,0.9782609,24.0,25.0,25
36,8,2026-03,46,1,45,0,0.9782609,24.0,25.0,25
910,2,2026-04,1476,31,1444,1,0.9783198,24.0,25.0,26
913,2,2026-07,1477,30,1445,2,0.9783345,24.0,25.0,31
902,6,2026-04,231,5,226,0,0.9783550,24.0,25.0,25
910,4,2026-04,2223,48,2175,0,0.9784076,24.0,25.0,25
911,4,2026-08,880,19,861,0,0.9784091,24.0,25.0,25
911,4,2026-06,2271,49,2222,0,0.9784236,24.0,25.0,25
912,4,2026-06,2133,46,2087,0,0.9784341,24.0,25.0,25
911,4,2026-04,1950,42,1908,0,0.9784615,24.0,25.0,25
910,4,2026-08,790,17,773,0,0.9784810,24.0,25.0,25
902,2,2026-08,560,12,548,0,0.9785714,24.0,25.0,25
907,2,2026-05,1359,29,1330,0,0.9786608,24.0,25.0,25
907,11,2026-08,329,7,322,0,0.9787234,24.0,25.0,25
36,8,2026-08,47,1,46,0,0.9787234,24.0,25.0,25
909,9,2026-04,47,1,46,0,0.9787234,24.0,25.0,25
908,8,2026-08,47,1,46,0,0.9787234,24.0,25.0,25
909,10,2026-07,895,19,876,0,0.9787709,24.0,25.0,25
907,2,2026-04,1179,25,1154,0,0.9787956,24.0,25.0,25
913,3,2026-08,1415,30,1385,0,0.9787986,24.0,25.0,25
913,3,2026-04,3448,73,3375,0,0.9788283,24.0,25.0,25
907,4,2026-04,1798,38,1760,0,0.9788654,24.0,25.0,25
912,11,2026-06,904,18,885,1,0.9789823,24.0,25.0,30
910,3,2026-06,3769,79,3690,0,0.9790395,24.0,25.0,25
913,8,2026-04,96,1,94,1,0.9791667,24.0,25.0,28
906,10,2026-04,866,18,848,0,0.9792148,24.0,25.0,25
910,1,2026-08,580,12,568,0,0.9793103,24.0,25.0,25
908,8,2026-07,145,3,142,0,0.9793103,24.0,25.0,25
911,3,2026-06,3628,75,3553,0,0.9793275,24.0,25.0,25
909,6,2026-04,242,5,237,0,0.9793388,24.0,25.0,25
908,3,2026-04,3739,77,3662,0,0.9794063,24.0,25.0,25
913,7,2026-04,243,4,238,1,0.9794239,24.0,25.0,28
909,1,2026-08,632,13,619,0,0.9794304,24.0,25.0,25
912,11,2026-07,877,18,859,0,0.9794755,24.0,25.0,25
912,4,2026-07,2437,50,2387,0,0.9794830,24.0,25.0,25
912,2,2026-04,1368,28,1340,0,0.9795322,24.0,25.0,25
909,10,2026-08,392,8,384,0,0.9795918,24.0,25.0,25
909,11,2026-08,343,7,336,0,0.9795918,24.0,25.0,25
6,5,2026-08,98,96,1,1,0.9795918,13.0,13.0,33
912,6,2026-08,98,2,96,0,0.9795918,24.0,25.0,25
908,9,2026-07,49,1,48,0,0.9795918,24.0,25.0,25
910,4,2026-07,2307,47,2260,0,0.9796272,24.0,25.0,25
910,6,2026-04,246,5,241,0,0.9796748,24.0,25.0,25
907,10,2026-08,345,7,338,0,0.9797101,24.0,25.0,25
910,10,2026-08,345,7,338,0,0.9797101,24.0,25.0,25
912,7,2026-07,297,6,291,0,0.9797980,24.0,25.0,25
906,7,2026-08,99,2,97,0,0.9797980,24.0,25.0,25
912,3,2026-04,3727,74,3652,1,0.9798766,24.0,25.0,30
913,6,2026-05,249,5,244,0,0.9799197,24.0,25.0,25
903,2,2026-03,449,9,440,0,0.9799555,24.0,25.0,25
908,10,2026-03,250,5,245,0,0.9800000,24.0,25.0,25
902,9,2026-07,50,1,49,0,0.9800000,24.0,25.0,25
912,3,2026-07,3862,77,3785,0,0.9800621,24.0,25.0,25
909,4,2026-04,2258,45,2213,0,0.9800709,24.0,25.0,25
913,2,2026-05,1310,26,1284,0,0.9801527,24.0,25.0,25
911,4,2026-03,655,13,642,0,0.9801527,24.0,25.0,25
907,3,2026-05,3781,74,3706,1,0.9801640,24.0,25.0,65
911,3,2026-07,3916,77,3839,0,0.9803371,24.0,25.0,25
909,2,2026-03,357,7,350,0,0.9803922,24.0,25.0,25
901,10,2026-08,357,7,350,0,0.9803922,24.0,25.0,25
906,6,2026-04,255,5,250,0,0.9803922,24.0,25.0,25
909,6,2026-07,255,4,250,1,0.9803922,24.0,25.0,40
907,10,2026-06,869,17,852,0,0.9804373,24.0,25.0,25
911,1,2026-04,1438,28,1410,0,0.9805285,24.0,25.0,25
913,4,2026-07,2224,43,2181,0,0.9806655,24.0,25.0,25
907,2,2026-08,569,10,558,1,0.9806678,24.0,25.0,27
913,10,2026-06,934,18,916,0,0.9807281,24.0,25.0,25
903,9,2026-07,52,1,51,0,0.9807692,24.0,25.0,25
913,5,2026-08,52,1,51,0,0.9807692,24.0,25.0,25
32,9,2026-04,52,1,51,0,0.9807692,25.0,25.0,25
909,11,2026-07,835,16,819,0,0.9808383,24.0,25.0,25
908,11,2026-04,787,15,772,0,0.9809403,24.0,25.0,25
1,8,2026-08,105,103,1,1,0.9809524,13.0,13.0,34
905,1,2026-08,582,11,571,0,0.9810997,24.0,25.0,25
33,9,2026-04,53,1,52,0,0.9811321,24.0,25.0,25
905,8,2026-08,53,1,52,0,0.9811321,24.0,25.0,25
31,5,2026-03,53,1,52,0,0.9811321,24.0,25.0,25
911,9,2026-04,53,1,52,0,0.9811321,24.0,25.0,25
909,2,2026-04,1434,27,1407,0,0.9811715,24.0,25.0,25
906,11,2026-04,744,13,730,1,0.9811828,24.0,25.0,28
905,11,2026-06,800,15,785,0,0.9812500,24.0,25.0,25
905,7,2026-04,267,5,262,0,0.9812734,24.0,25.0,25
906,7,2026-04,267,5,262,0,0.9812734,24.0,25.0,25
907,6,2026-05,269,5,264,0,0.9814126,24.0,25.0,25
902,11,2026-03,216,4,212,0,0.9814815,24.0,25.0,25
908,7,2026-08,108,2,106,0,0.9814815,24.0,25.0,25
907,9,2026-05,54,1,53,0,0.9814815,24.0,25.0,25
905,9,2026-07,54,1,53,0,0.9814815,24.0,25.0,25
908,9,2026-06,54,1,53,0,0.9814815,24.0,25.0,25
910,2,2026-08,595,11,584,0,0.9815126,24.0,25.0,25
908,11,2026-07,867,16,851,0,0.9815456,24.0,25.0,25
911,4,2026-07,2277,42,2235,0,0.9815547,24.0,25.0,25
912,7,2026-06,272,5,267,0,0.9816176,24.0,25.0,25
907,11,2026-07,926,17,909,0,0.9816415,24.0,25.0,25
907,3,2026-04,3379,62,3317,0,0.9816514,24.0,25.0,25
913,4,2026-06,2020,37,1983,0,0.9816832,24.0,25.0,25
901,6,2026-07,273,4,268,1,0.9816850,24.0,25.0,30
908,4,2026-08,984,18,966,0,0.9817073,24.0,25.0,25
912,11,2026-08,328,6,322,0,0.9817073,24.0,25.0,25
907,10,2026-04,712,13,699,0,0.9817416,24.0,25.0,25
905,10,2026-04,822,14,807,1,0.9817518,24.0,25.0,29
910,6,2026-06,274,5,269,0,0.9817518,24.0,25.0,25
912,3,2026-06,3622,64,3556,2,0.9817780,24.0,25.0,60
907,11,2026-04,661,12,649,0,0.9818457,24.0,25.0,25
909,2,2026-07,1494,25,1467,2,0.9819277,24.0,25.0,29
903,10,2026-07,943,17,926,0,0.9819724,24.0,25.0,25
913,2,2026-06,1390,25,1365,0,0.9820144,24.0,25.0,25
901,11,2026-03,278,4,273,1,0.9820144,24.0,25.0,56
912,10,2026-06,946,17,929,0,0.9820296,24.0,25.0,25
905,10,2026-08,334,6,328,0,0.9820359,24.0,25.0,25
908,6,2026-06,223,4,219,0,0.9820628,24.0,25.0,25
910,10,2026-04,781,14,767,0,0.9820743,24.0,25.0,25
35,9,2026-07,56,1,55,0,0.9821429,24.0,25.0,25
910,5,2026-08,56,1,55,0,0.9821429,24.0,25.0,25
911,10,2026-08,337,6,331,0,0.9821958,24.0,25.0,25
911,2,2026-04,1405,25,1380,0,0.9822064,24.0,25.0,25
907,3,2026-08,1577,28,1549,0,0.9822448,24.0,25.0,25
907,1,2026-04,1297,23,1274,0,0.9822668,24.0,25.0,25
905,11,2026-04,790,14,776,0,0.9822785,24.0,25.0,25
910,3,2026-07,3632,63,3568,1,0.9823789,24.0,25.0,30
907,6,2026-07,284,5,279,0,0.9823944,24.0,25.0,25
906,3,2026-04,3817,67,3750,0,0.9824469,24.0,25.0,25
911,6,2026-08,114,2,112,0,0.9824561,24.0,25.0,25
903,11,2026-04,800,14,786,0,0.9825000,24.0,25.0,25
907,4,2026-08,804,14,790,0,0.9825871,24.0,25.0,25
907,11,2026-06,804,14,790,0,0.9825871,24.0,25.0,25
31,9,2026-06,58,1,57,0,0.9827586,24.0,25.0,25
903,8,2026-08,58,1,57,0,0.9827586,24.0,25.0,25
902,4,2026-03,581,10,571,0,0.9827883,24.0,25.0,25
912,1,2026-07,1570,27,1543,0,0.9828025,24.0,25.0,25
913,6,2026-06,291,5,286,0,0.9828179,24.0,25.0,25
910,1,2026-04,1521,26,1495,0,0.9829060,24.0,25.0,25
911,8,2026-06,117,2,115,0,0.9829060,24.0,25.0,25
908,11,2026-03,235,4,231,0,0.9829787,24.0,25.0,25
908,3,2026-08,1531,26,1505,0,0.9830176,24.0,25.0,25
909,7,2026-08,118,2,116,0,0.9830508,24.0,25.0,25
35,11,2026-08,415,7,408,0,0.9831325,24.0,25.0,25
907,8,2026-07,119,2,117,0,0.9831933,24.0,25.0,25
908,3,2026-06,3991,67,3924,0,0.9832122,24.0,25.0,25
906,4,2026-08,957,16,941,0,0.9832811,24.0,25.0,25
908,2,2026-07,1383,23,1360,0,0.9833695,24.0,25.0,25
906,11,2026-08,302,5,297,0,0.9834437,24.0,25.0,25
906,10,2026-08,423,7,416,0,0.9834515,24.0,25.0,25
908,3,2026-07,4113,68,4045,0,0.9834671,24.0,25.0,25
913,4,2026-04,2238,37,2201,0,0.9834674,24.0,25.0,25
912,2,2026-06,1393,23,1370,0,0.9834889,24.0,25.0,25
908,4,2026-04,2121,35,2086,0,0.9834983,24.0,25.0,25
909,2,2026-08,607,10,597,0,0.9835255,24.0,25.0,25
905,11,2026-07,852,14,838,0,0.9835681,24.0,25.0,25
906,11,2026-07,915,14,900,1,0.9836066,24.0,25.0,32
903,10,2026-04,857,14,843,0,0.9836639,24.0,25.0,25
906,10,2026-07,920,15,905,0,0.9836957,24.0,25.0,25
33,11,2026-08,368,6,362,0,0.9836957,24.0,25.0,25
906,6,2026-06,247,4,243,0,0.9838057,24.0,25.0,25
906,2,2026-07,1298,20,1277,1,0.9838213,24.0,25.0,42
902,10,2026-04,804,13,791,0,0.9838308,24.0,25.0,25
906,4,2026-07,2355,38,2317,0,0.9838641,24.0,25.0,25
35,9,2026-05,62,1,61,0,0.9838710,24.0,25.0,25
903,4,2026-08,875,14,861,0,0.9840000,24.0,25.0,25
913,6,2026-04,251,4,247,0,0.9840637,24.0,25.0,25
907,4,2026-05,2145,34,2111,0,0.9841492,24.0,25.0,25
908,2,2026-06,1464,23,1441,0,0.9842896,24.0,25.0,25
902,11,2026-04,769,12,757,0,0.9843953,24.0,25.0,25
911,6,2026-07,257,4,253,0,0.9844358,24.0,25.0,25
905,1,2026-04,1552,24,1528,0,0.9845361,24.0,25.0,25
906,1,2026-08,582,8,573,1,0.9845361,24.0,25.0,29
910,2,2026-07,1490,21,1467,2,0.9845638,24.0,25.0,31
908,7,2026-06,324,5,319,0,0.9845679,24.0,25.0,25
908,10,2026-07,845,13,832,0,0.9846154,24.0,25.0,25
908,10,2026-06,915,14,901,0,0.9846995,24.0,25.0,25
905,6,2026-06,262,4,258,0,0.9847328,24.0,25.0,25
902,5,2026-04,131,2,129,0,0.9847328,24.0,25.0,25
913,3,2026-06,4062,62,4000,0,0.9847366,24.0,25.0,25
912,6,2026-03,66,1,65,0,0.9848485,24.0,25.0,25
906,4,2026-06,2320,35,2285,0,0.9849138,24.0,25.0,25
909,2,2026-06,1392,21,1371,0,0.9849138,24.0,25.0,25
901,5,2026-06,133,2,131,0,0.9849624,24.0,25.0,25
908,1,2026-04,1532,23,1509,0,0.9849869,24.0,25.0,25
905,6,2026-03,67,1,66,0,0.9850746,24.0,25.0,25
35,5,2026-08,67,1,66,0,0.9850746,24.0,25.0,25
902,11,2026-08,337,5,332,0,0.9851632,24.0,25.0,25
912,1,2026-03,472,7,465,0,0.9851695,24.0,25.0,25
905,4,2026-03,607,9,598,0,0.9851730,24.0,25.0,25
908,4,2026-06,2026,30,1996,0,0.9851925,24.0,25.0,25
909,10,2026-06,878,13,865,0,0.9851936,24.0,25.0,25
902,10,2026-03,271,3,267,1,0.9852399,24.0,25.0,41
912,10,2026-07,950,14,936,0,0.9852632,24.0,25.0,25
905,2,2026-07,1496,20,1474,2,0.9852941,24.0,25.0,29
905,11,2026-03,272,4,268,0,0.9852941,24.0,25.0,25
912,8,2026-06,136,2,134,0,0.9852941,24.0,25.0,25
900,2,2026-03,136,2,134,0,0.9852941,24.0,25.0,25
911,7,2026-03,68,1,67,0,0.9852941,24.0,25.0,25
36,9,2026-06,68,1,67,0,0.9852941,24.0,25.0,25
905,3,2026-08,1570,23,1547,0,0.9853503,24.0,25.0,25
913,2,2026-08,547,8,539,0,0.9853748,24.0,25.0,25
906,1,2026-03,479,7,472,0,0.9853862,24.0,25.0,25
910,4,2026-06,2331,34,2297,0,0.9854140,24.0,25.0,25
909,1,2026-06,1579,22,1556,1,0.9854338,24.0,25.0,40
905,4,2026-04,2060,30,2030,0,0.9854369,24.0,25.0,25
905,3,2026-03,1104,15,1088,1,0.9855072,24.0,25.0,43
913,11,2026-03,138,2,136,0,0.9855072,23.0,25.0,25
913,8,2026-07,138,2,136,0,0.9855072,24.0,25.0,25
908,1,2026-07,1731,21,1706,4,0.9855575,24.0,25.0,52
911,1,2026-03,486,7,479,0,0.9855967,24.0,25.0,25
910,10,2026-06,903,13,890,0,0.9856035,24.0,25.0,25
32,5,2026-05,139,0,137,2,0.9856115,24.0,25.0,37
911,1,2026-07,1672,24,1648,0,0.9856459,24.0,25.0,25
913,3,2026-07,3772,54,3718,0,0.9856840,24.0,25.0,25
913,8,2026-06,140,2,138,0,0.9857143,24.0,25.0,25
908,8,2026-04,140,2,138,0,0.9857143,24.0,25.0,25
909,3,2026-08,1402,20,1382,0,0.9857347,24.0,25.0,25
909,3,2026-04,3667,52,3615,0,0.9858195,24.0,25.0,25
908,2,2026-04,1342,19,1323,0,0.9858420,24.0,25.0,25
905,7,2026-06,283,4,279,0,0.9858657,24.0,25.0,25
902,4,2026-08,920,13,907,0,0.9858696,24.0,25.0,25
906,2,2026-03,425,6,419,0,0.9858824,24.0,25.0,25
910,11,2026-06,852,12,840,0,0.9859155,24.0,25.0,25
903,3,2026-08,1503,21,1482,0,0.9860279,24.0,25.0,25
903,11,2026-07,859,12,847,0,0.9860303,24.0,25.0,25
909,6,2026-06,215,3,212,0,0.9860465,24.0,25.0,25
912,1,2026-06,1583,21,1561,1,0.9861023,24.0,25.0,43
901,6,2026-03,72,1,71,0,0.9861111,24.0,25.0,25
903,1,2026-04,1520,19,1499,2,0.9861842,24.0,25.0,59
902,2,2026-03,439,6,433,0,0.9863326,24.0,25.0,25
903,4,2026-04,2199,30,2169,0,0.9863574,24.0,25.0,25
911,6,2026-03,74,1,73,0,0.9864865,24.0,25.0,25
906,4,2026-04,2147,29,2118,0,0.9864928,24.0,25.0,25
907,3,2026-06,4073,55,4018,0,0.9864964,24.0,25.0,25
905,8,2026-07,149,2,147,0,0.9865772,24.0,25.0,25
902,6,2026-03,75,1,74,0,0.9866667,24.0,25.0,25
900,10,2026-03,75,1,74,0,0.9866667,24.0,25.0,25
907,7,2026-04,227,3,224,0,0.9867841,24.0,25.0,25
909,1,2026-03,455,6,449,0,0.9868132,24.0,25.0,25
902,10,2026-08,380,5,375,0,0.9868421,24.0,25.0,25
902,8,2026-06,152,2,150,0,0.9868421,24.0,25.0,25
909,1,2026-07,1521,20,1501,0,0.9868508,24.0,25.0,25
908,1,2026-06,1529,19,1509,1,0.9869196,24.0,25.0,27
903,11,2026-08,306,4,302,0,0.9869281,24.0,25.0,25
911,2,2026-06,1531,20,1511,0,0.9869366,24.0,25.0,25
903,3,2026-03,1073,14,1059,0,0.9869525,24.0,25.0,25
903,3,2026-07,3991,51,3939,1,0.9869707,24.0,25.0,26
906,10,2026-06,923,12,911,0,0.9869989,24.0,25.0,25
1,9,2026-07,77,76,1,0,0.9870130,13.0,13.0,23
903,2,2026-08,544,7,537,0,0.9871324,24.0,25.0,25
910,1,2026-06,1714,22,1692,0,0.9871645,24.0,25.0,25
905,4,2026-07,2344,30,2314,0,0.9872014,24.0,25.0,25
905,2,2026-08,548,7,541,0,0.9872263,24.0,25.0,25
902,4,2026-07,2349,30,2319,0,0.9872286,24.0,25.0,25
7,9,2026-07,79,78,0,1,0.9873418,13.0,13.0,34
901,1,2026-03,475,6,469,0,0.9873684,24.0,25.0,25
905,10,2026-07,871,11,860,0,0.9873708,24.0,25.0,25
905,10,2026-03,238,3,235,0,0.9873950,24.0,25.0,25
908,4,2026-07,2222,28,2194,0,0.9873987,24.0,25.0,25
909,3,2026-06,3894,48,3845,1,0.9874165,24.0,25.0,44
36,8,2026-06,159,2,157,0,0.9874214,24.0,25.0,25
907,1,2026-08,638,8,630,0,0.9874608,24.0,25.0,25
8,9,2026-06,80,79,0,1,0.9875000,12.0,13.0,33
909,4,2026-07,2241,28,2213,0,0.9875056,24.0,25.0,25
902,3,2026-08,1523,19,1504,0,0.9875246,24.0,25.0,25
906,3,2026-08,1447,18,1429,0,0.9875605,24.0,25.0,25
902,3,2026-06,3942,47,3893,2,0.9875698,24.0,25.0,40
902,1,2026-08,645,8,637,0,0.9875969,24.0,25.0,25
902,10,2026-07,970,12,958,0,0.9876289,24.0,25.0,25
901,6,2026-08,81,1,80,0,0.9876543,24.0,25.0,25
903,10,2026-06,900,11,889,0,0.9877778,24.0,25.0,25
908,2,2026-08,574,7,567,0,0.9878049,24.0,25.0,25
913,1,2026-06,1562,18,1543,1,0.9878361,24.0,25.0,42
905,3,2026-04,3641,42,3597,2,0.9879154,24.0,25.0,28
903,6,2026-07,250,3,247,0,0.9880000,24.0,25.0,25
906,2,2026-06,1422,16,1405,1,0.9880450,24.0,25.0,29
901,2,2026-08,587,7,580,0,0.9880750,24.0,25.0,25
906,2,2026-04,1349,16,1333,0,0.9881394,24.0,25.0,25
905,2,2026-03,422,5,417,0,0.9881517,24.0,25.0,25
902,2,2026-04,1521,18,1503,0,0.9881657,24.0,25.0,25
901,11,2026-06,847,10,837,0,0.9881936,24.0,25.0,25
907,1,2026-06,1537,18,1519,0,0.9882889,24.0,25.0,25
901,7,2026-04,257,3,254,0,0.9883268,24.0,25.0,25
907,6,2026-06,258,3,255,0,0.9883721,24.0,25.0,25
2,9,2026-04,86,85,0,1,0.9883721,13.0,13.0,30
33,5,2026-08,86,0,85,1,0.9883721,24.0,25.0,40
911,7,2026-04,259,3,256,0,0.9884170,24.0,25.0,25
907,1,2026-05,1641,19,1622,0,0.9884217,24.0,25.0,25
907,2,2026-06,1384,16,1368,0,0.9884393,24.0,25.0,25
908,7,2026-04,260,3,257,0,0.9884615,24.0,25.0,25
909,1,2026-04,1563,18,1545,0,0.9884837,24.0,25.0,25
905,2,2026-04,1312,14,1297,1,0.9885671,24.0,25.0,38
907,2,2026-07,1488,17,1471,0,0.9885753,24.0,25.0,25
2,7,2026-04,440,435,2,3,0.9886364,13.0,13.0,28
905,6,2026-04,264,3,261,0,0.9886364,24.0,25.0,25
36,6,2026-08,88,1,87,0,0.9886364,24.0,25.0,25
905,6,2026-07,267,3,264,0,0.9887640,24.0,25.0,25
906,1,2026-06,1607,18,1589,0,0.9887990,24.0,25.0,25
909,3,2026-07,4288,48,4240,0,0.9888060,24.0,25.0,25
33,6,2026-06,268,2,265,1,0.9888060,24.0,25.0,44
1,5,2026-08,90,89,1,0,0.9888889,13.0,13.0,23
905,4,2026-08,901,10,891,0,0.9889012,24.0,25.0,25
909,4,2026-06,2254,25,2229,0,0.9889086,24.0,25.0,25
911,6,2026-04,273,3,270,0,0.9890110,24.0,25.0,25
36,6,2026-03,91,1,90,0,0.9890110,24.0,25.0,25
906,3,2026-07,3926,42,3883,1,0.9890474,24.0,25.0,31
902,3,2026-03,1111,12,1099,0,0.9891989,24.0,25.0,25
906,6,2026-07,278,3,275,0,0.9892086,24.0,25.0,25
902,10,2026-06,1027,11,1016,0,0.9892892,24.0,25.0,25
911,7,2026-07,281,3,278,0,0.9893238,24.0,25.0,25
907,7,2026-06,282,3,279,0,0.9893617,24.0,25.0,25
903,2,2026-06,1415,15,1400,0,0.9893993,24.0,25.0,25
910,1,2026-07,1701,18,1683,0,0.9894180,24.0,25.0,25
909,7,2026-04,284,3,281,0,0.9894366,24.0,25.0,25
36,1,2026-08,666,7,659,0,0.9894895,24.0,25.0,25
907,3,2026-07,3909,41,3868,0,0.9895114,24.0,25.0,25
911,1,2026-06,1534,16,1518,0,0.9895698,24.0,25.0,25
913,1,2026-07,1737,18,1719,0,0.9896373,24.0,25.0,25
33,8,2026-07,193,2,191,0,0.9896373,24.0,25.0,25
908,7,2026-07,290,3,287,0,0.9896552,24.0,25.0,25
36,11,2026-03,389,4,385,0,0.9897172,24.0,25.0,25
913,6,2026-07,296,3,293,0,0.9898649,24.0,25.0,25
36,2,2026-08,691,7,684,0,0.9898698,24.0,25.0,25
905,1,2026-07,1698,17,1681,0,0.9899882,24.0,25.0,25
910,7,2026-06,300,3,297,0,0.9900000,24.0,25.0,25
905,4,2026-06,2203,22,2181,0,0.9900136,24.0,25.0,25
902,4,2026-04,2103,21,2082,0,0.9900143,24.0,25.0,25
907,1,2026-07,1705,17,1688,0,0.9900293,24.0,25.0,25
905,11,2026-08,301,3,298,0,0.9900332,24.0,25.0,25
903,7,2026-08,101,1,100,0,0.9900990,24.0,25.0,25
901,3,2026-06,3742,36,3705,1,0.9901122,24.0,25.0,45
906,2,2026-08,608,6,602,0,0.9901316,24.0,25.0,25
906,1,2026-07,1733,17,1716,0,0.9901904,24.0,25.0,25
901,2,2026-03,408,4,404,0,0.9901961,24.0,25.0,25
901,4,2026-03,614,6,608,0,0.9902280,24.0,25.0,25
905,3,2026-06,3585,35,3550,0,0.9902371,24.0,25.0,25
905,7,2026-07,308,3,305,0,0.9902597,24.0,25.0,25
901,3,2026-03,1146,11,1135,0,0.9904014,24.0,25.0,25
905,1,2026-06,1563,15,1548,0,0.9904031,24.0,25.0,25
905,3,2026-07,3925,36,3888,1,0.9905732,24.0,25.0,29
901,1,2026-08,531,5,526,0,0.9905838,24.0,25.0,25
907,4,2026-07,2233,21,2212,0,0.9905956,24.0,25.0,25
36,11,2026-05,1066,10,1056,0,0.9906191,24.0,25.0,25
116,0,2026-08,13155,120,13032,3,0.9906499,24.0,25.0,58
901,2,2026-06,1392,13,1379,0,0.9906609,24.0,25.0,25
903,1,2026-03,431,4,427,0,0.9907193,24.0,25.0,25
905,10,2026-06,867,8,859,0,0.9907728,24.0,25.0,25
902,4,2026-06,2279,21,2258,0,0.9907854,24.0,25.0,25
901,4,2026-06,2281,20,2260,1,0.9907935,24.0,25.0,42
906,3,2026-06,3706,34,3672,0,0.9908257,24.0,25.0,25
3,8,2026-04,220,218,0,2,0.9909091,13.0,13.0,35
903,4,2026-07,2318,20,2297,1,0.9909405,24.0,25.0,56
902,7,2026-08,111,1,110,0,0.9909910,24.0,25.0,25
907,5,2026-04,111,1,110,0,0.9909910,24.0,25.0,25
903,1,2026-07,1676,15,1661,0,0.9910501,24.0,25.0,25
910,5,2026-06,112,1,111,0,0.9910714,24.0,25.0,25
906,8,2026-04,112,1,111,0,0.9910714,24.0,25.0,25
901,11,2026-07,903,7,895,1,0.9911406,24.0,25.0,27
900,3,2026-03,460,4,456,0,0.9913043,24.0,25.0,25
112,7,2026-03,115,0,114,1,0.9913043,25.0,25.0,40
903,3,2026-06,4032,35,3997,0,0.9913194,24.0,25.0,25
3,5,2026-05,232,230,1,1,0.9913793,13.0,13.0,33
908,1,2026-08,702,6,696,0,0.9914530,24.0,25.0,25
902,6,2026-08,117,1,116,0,0.9914530,24.0,25.0,25
913,5,2026-04,117,1,116,0,0.9914530,24.0,25.0,25
905,2,2026-06,1408,12,1396,0,0.9914773,24.0,25.0,25
36,3,2026-08,1771,14,1756,1,0.9915302,24.0,25.0,41
913,5,2026-07,119,1,118,0,0.9915966,24.0,25.0,25
909,5,2026-06,119,1,118,0,0.9915966,24.0,25.0,25
908,1,2026-03,479,4,475,0,0.9916493,24.0,25.0,25
902,11,2026-06,839,7,832,0,0.9916567,24.0,25.0,25
910,5,2026-04,120,1,119,0,0.9916667,24.0,25.0,25
903,2,2026-07,1449,10,1437,2,0.9917184,24.0,25.0,31
903,8,2026-06,121,1,120,0,0.9917355,24.0,25.0,25
902,1,2026-07,1585,13,1572,0,0.9917981,24.0,25.0,25
1,7,2026-07,488,484,1,3,0.9918033,13.0,13.0,35
900,4,2026-03,246,2,244,0,0.9918699,24.0,25.0,25
902,6,2026-07,246,2,244,0,0.9918699,24.0,25.0,25
903,11,2026-06,867,7,860,0,0.9919262,24.0,25.0,25
906,5,2026-07,124,1,123,0,0.9919355,24.0,25.0,25
903,1,2026-06,1493,12,1481,0,0.9919625,24.0,25.0,25
901,8,2026-04,125,1,124,0,0.9920000,24.0,25.0,25
908,6,2026-04,251,2,249,0,0.9920319,24.0,25.0,25
901,10,2026-04,881,7,874,0,0.9920545,24.0,25.0,25
902,3,2026-04,4047,32,4015,0,0.9920929,24.0,25.0,25
903,6,2026-06,253,2,251,0,0.9920949,24.0,25.0,25
902,3,2026-07,3808,27,3778,3,0.9921218,24.0,25.0,42
902,6,2026-06,254,2,252,0,0.9921260,24.0,25.0,25
113,0,2026-08,13086,98,12983,5,0.9921290,24.0,25.0,70
36,10,2026-08,387,3,384,0,0.9922481,24.0,25.0,25
907,8,2026-05,129,1,128,0,0.9922481,24.0,25.0,25
31,6,2026-08,129,1,128,0,0.9922481,24.0,25.0,25
115,0,2026-08,12928,96,12828,4,0.9922649,24.0,25.0,56
903,1,2026-08,647,5,642,0,0.9922720,24.0,25.0,25
909,8,2026-06,130,1,129,0,0.9923077,24.0,25.0,25
1,1,2026-04,2731,2710,6,15,0.9923105,13.0,13.0,38
907,10,2026-07,913,7,906,0,0.9923330,24.0,25.0,25
33,6,2026-08,131,1,130,0,0.9923664,24.0,25.0,25
902,5,2026-07,131,1,130,0,0.9923664,24.0,25.0,25
905,5,2026-06,132,1,131,0,0.9924242,24.0,25.0,25
908,5,2026-07,132,1,131,0,0.9924242,24.0,25.0,25
912,5,2026-06,132,1,131,0,0.9924242,24.0,25.0,25
35,5,2026-07,132,1,131,0,0.9924242,24.0,25.0,25
36,7,2026-08,133,1,132,0,0.9924812,24.0,25.0,25
907,5,2026-06,134,1,133,0,0.9925373,24.0,25.0,25
908,5,2026-04,134,1,133,0,0.9925373,24.0,25.0,25
36,10,2026-05,1074,8,1066,0,0.9925512,24.0,25.0,25
903,7,2026-04,269,2,267,0,0.9925651,24.0,25.0,25
906,8,2026-07,135,1,134,0,0.9925926,24.0,25.0,25
902,8,2026-04,135,1,134,0,0.9925926,24.0,25.0,25
32,6,2026-08,136,1,135,0,0.9926471,24.0,25.0,25
902,8,2026-07,137,1,136,0,0.9927007,24.0,25.0,25
902,2,2026-06,1373,10,1363,0,0.9927167,24.0,25.0,25
902,1,2026-04,1521,11,1510,0,0.9927679,24.0,25.0,25
908,6,2026-07,277,2,275,0,0.9927798,24.0,25.0,25
116,0,2026-03,11245,80,11164,1,0.9927968,24.0,25.0,62
910,7,2026-07,278,2,276,0,0.9928058,24.0,25.0,25
35,2,2026-08,696,5,691,0,0.9928161,24.0,25.0,25
902,1,2026-06,1671,12,1659,0,0.9928187,24.0,25.0,25
903,2,2026-04,1394,9,1384,1,0.9928264,24.0,25.0,29
33,4,2026-08,1255,8,1246,1,0.9928287,24.0,25.0,42
903,3,2026-04,3632,25,3606,1,0.9928414,24.0,25.0,27
901,7,2026-08,140,1,139,0,0.9928571,24.0,25.0,25
113,5,2026-06,140,0,139,1,0.9928571,25.0,25.0,43
33,10,2026-07,1125,8,1117,0,0.9928889,24.0,25.0,25
912,8,2026-07,141,1,140,0,0.9929078,24.0,25.0,25
903,8,2026-07,141,1,140,0,0.9929078,24.0,25.0,25
901,8,2026-06,142,1,141,0,0.9929577,24.0,25.0,25
910,8,2026-06,142,1,141,0,0.9929577,24.0,25.0,25
907,4,2026-06,2137,15,2122,0,0.9929808,24.0,25.0,25
36,5,2026-07,143,1,142,0,0.9930070,24.0,25.0,25
906,8,2026-06,144,1,143,0,0.9930556,24.0,25.0,25
906,7,2026-07,291,2,289,0,0.9931271,24.0,25.0,25
908,10,2026-08,294,2,292,0,0.9931973,24.0,25.0,25
906,1,2026-04,1471,10,1461,0,0.9932019,24.0,25.0,25
1,7,2026-05,442,439,1,2,0.9932127,13.0,13.0,36
913,7,2026-07,295,2,293,0,0.9932203,24.0,25.0,25
35,6,2026-04,295,2,293,0,0.9932203,24.0,25.0,25
31,8,2026-06,149,1,148,0,0.9932886,24.0,25.0,25
33,6,2026-04,299,2,297,0,0.9933110,24.0,25.0,25
2,1,2026-04,2695,2677,8,10,0.9933210,13.0,13.0,43
902,7,2026-07,300,2,298,0,0.9933333,24.0,25.0,25
912,5,2026-04,150,1,149,0,0.9933333,24.0,25.0,25
901,7,2026-06,304,2,302,0,0.9934211,24.0,25.0,25
35,10,2026-04,1071,7,1064,0,0.9934641,24.0,25.0,25
901,8,2026-07,153,1,152,0,0.9934641,24.0,25.0,25
901,4,2026-08,920,6,914,0,0.9934783,24.0,25.0,25
112,0,2026-08,12996,82,12912,2,0.9935365,24.0,25.0,32
901,2,2026-04,1246,8,1238,0,0.9935795,24.0,25.0,25
32,3,2026-08,1724,6,1713,5,0.9936195,24.0,25.0,51
32,11,2026-06,944,6,938,0,0.9936441,24.0,25.0,25
901,11,2026-08,318,2,316,0,0.9937107,24.0,25.0,25
37,0,2026-07,20696,127,20566,3,0.9937186,24.0,25.0,84
901,2,2026-07,1434,9,1425,0,0.9937238,24.0,25.0,25
901,4,2026-04,2075,13,2062,0,0.9937349,24.0,25.0,25
1,7,2026-04,479,476,1,2,0.9937370,13.0,13.0,33
36,7,2026-07,320,2,318,0,0.9937500,24.0,25.0,25
901,11,2026-04,802,5,797,0,0.9937656,24.0,25.0,25
35,8,2026-06,161,0,160,1,0.9937888,24.0,25.0,39
35,5,2026-04,161,1,160,0,0.9937888,24.0,25.0,25
116,0,2026-07,34122,175,33912,35,0.9938456,24.0,25.0,62
116,0,2026-04,33082,193,32879,10,0.9938637,24.0,25.0,57
32,8,2026-06,164,1,163,0,0.9939024,24.0,25.0,25
36,8,2026-07,165,1,164,0,0.9939394,24.0,25.0,25
902,2,2026-07,1486,9,1477,0,0.9939435,24.0,25.0,25
3,7,2026-05,497,494,1,2,0.9939638,13.0,13.0,40
901,3,2026-07,4022,24,3998,0,0.9940328,24.0,25.0,25
35,3,2026-08,1845,3,1834,8,0.9940379,24.0,25.0,51
113,8,2026-07,169,0,168,1,0.9940828,25.0,25.0,33
2,4,2026-08,1546,1537,3,6,0.9941785,13.0,13.0,35
31,8,2026-05,172,1,171,0,0.9941860,24.0,25.0,25
901,3,2026-04,3795,22,3773,0,0.9942029,24.0,25.0,25
32,2,2026-08,721,4,717,0,0.9944521,24.0,25.0,25
37,0,2026-08,7771,42,7728,1,0.9944666,24.0,25.0,42
902,11,2026-07,904,4,899,1,0.9944690,24.0,25.0,29
116,0,2026-06,33278,173,33094,11,0.9944708,24.0,25.0,69
35,8,2026-07,182,1,181,0,0.9945055,24.0,25.0,25
36,3,2026-03,1458,8,1450,0,0.9945130,24.0,25.0,25
36,7,2026-06,367,2,365,0,0.9945504,24.0,25.0,25
1,5,2026-06,184,183,1,0,0.9945652,13.0,13.0,24
112,0,2026-07,34071,157,33887,27,0.9945995,24.0,25.0,74
37,0,2026-04,19987,96,19881,10,0.9946966,24.0,25.0,101
35,10,2026-08,381,2,379,0,0.9947507,24.0,25.0,25
36,4,2026-08,1149,6,1143,0,0.9947781,24.0,25.0,25
901,3,2026-08,1542,7,1534,1,0.9948119,24.0,25.0,63
36,11,2026-08,386,2,384,0,0.9948187,24.0,25.0,25
36,3,2026-05,4460,23,4437,0,0.9948430,24.0,25.0,25
35,1,2026-08,777,2,773,2,0.9948520,24.0,25.0,56
113,0,2026-07,34375,127,34199,49,0.9948800,24.0,25.0,69
113,0,2026-03,11183,52,11126,5,0.9949030,24.0,25.0,74
112,0,2026-05,33874,160,33704,10,0.9949814,24.0,25.0,55
33,11,2026-04,997,5,992,0,0.9949850,24.0,25.0,25
8,5,2026-05,200,199,1,0,0.9950000,13.0,13.0,25
115,0,2026-03,11016,53,10961,2,0.9950073,24.0,25.0,41
112,2,2026-07,1806,0,1797,9,0.9950166,25.0,25.0,57
37,10,2026-03,203,1,202,0,0.9950739,24.0,25.0,25
115,0,2026-05,34137,160,33969,8,0.9950787,24.0,25.0,55
35,11,2026-07,1017,5,1012,0,0.9950836,24.0,25.0,25
113,10,2026-07,1236,0,1230,6,0.9951456,25.0,25.0,48
115,0,2026-06,32903,139,32744,20,0.9951676,24.0,25.0,59
35,11,2026-06,1035,5,1030,0,0.9951691,24.0,25.0,25
901,10,2026-07,830,4,826,0,0.9951807,24.0,25.0,25
3,3,2026-08,2491,2479,3,9,0.9951827,13.0,13.0,39
2,3,2026-04,6124,6095,7,22,0.9952645,13.0,13.0,48
3,3,2026-04,6361,6331,18,12,0.9952838,13.0,13.0,35
116,0,2026-05,34352,158,34190,4,0.9952841,24.0,25.0,44
901,1,2026-06,1701,8,1693,0,0.9952969,24.0,25.0,25
113,1,2026-07,1915,0,1906,9,0.9953003,25.0,25.0,64
901,10,2026-06,852,3,848,1,0.9953052,24.0,25.0,36
35,4,2026-08,1072,5,1067,0,0.9953358,24.0,25.0,25
112,0,2026-03,10975,45,10924,6,0.9953531,24.0,25.0,59
33,10,2026-06,1082,5,1077,0,0.9953789,24.0,25.0,25
1,4,2026-08,1517,1510,4,3,0.9953856,13.0,13.0,42
37,7,2026-06,217,1,216,0,0.9953917,24.0,25.0,25
1,8,2026-04,217,216,0,1,0.9953917,13.0,13.0,31
902,1,2026-03,438,2,436,0,0.9954338,24.0,25.0,25
33,10,2026-03,438,2,436,0,0.9954338,24.0,25.0,25
903,4,2026-06,2191,10,2181,0,0.9954359,24.0,25.0,25
5,6,2026-05,441,439,2,0,0.9954649,13.0,13.0,23
36,2,2026-06,1767,7,1759,1,0.9954726,24.0,25.0,51
32,2,2026-07,1771,5,1763,3,0.9954828,24.0,25.0,57
37,0,2026-05,20659,86,20566,7,0.9954983,24.0,25.0,87
2,10,2026-07,1555,1548,2,5,0.9954984,13.0,13.0,45
33,3,2026-08,1782,8,1774,0,0.9955107,24.0,25.0,25
3,7,2026-04,446,444,1,1,0.9955157,13.0,13.0,31
35,4,2026-04,2688,12,2676,0,0.9955357,24.0,25.0,25
35,1,2026-04,2026,9,2017,0,0.9955577,24.0,25.0,25
37,0,2026-06,19829,84,19742,3,0.9956125,24.0,25.0,59
5,8,2026-07,229,228,0,1,0.9956332,13.0,13.0,43
37,0,2026-03,6667,29,6638,0,0.9956502,24.0,25.0,25
31,10,2026-07,1153,3,1148,2,0.9956635,24.0,25.0,53
115,0,2026-07,33909,132,33762,15,0.9956649,24.0,25.0,66
2,10,2026-04,1394,1388,2,4,0.9956958,13.0,13.0,38
36,4,2026-03,932,4,928,0,0.9957082,24.0,25.0,25
35,3,2026-03,1401,6,1395,0,0.9957173,24.0,25.0,25
115,0,2026-04,32878,137,32739,2,0.9957722,24.0,25.0,90
2,8,2026-05,237,236,1,0,0.9957806,13.0,13.0,23
3,6,2026-07,482,480,1,1,0.9958506,13.0,13.0,33
6,1,2026-05,2669,2658,1,10,0.9958786,13.0,13.0,39
1,8,2026-05,243,242,1,0,0.9958848,13.0,13.0,22
31,11,2026-06,978,2,974,2,0.9959100,24.0,25.0,60
903,6,2026-04,245,1,244,0,0.9959184,24.0,25.0,25
32,10,2026-04,983,4,979,0,0.9959308,24.0,25.0,25
32,4,2026-05,2711,9,2700,2,0.9959425,24.0,25.0,54
8,11,2026-03,495,493,2,0,0.9959596,13.0,13.0,14
37,11,2026-08,249,1,248,0,0.9959839,25.0,25.0,25
113,0,2026-06,33142,125,33009,8,0.9959870,24.0,25.0,65
901,6,2026-06,250,1,249,0,0.9960000,24.0,25.0,25
901,1,2026-04,1518,6,1512,0,0.9960474,24.0,25.0,25
913,7,2026-06,255,1,254,0,0.9960784,24.0,25.0,25
902,7,2026-04,255,1,254,0,0.9960784,24.0,25.0,25
36,10,2026-04,1021,4,1017,0,0.9960823,24.0,25.0,25
112,0,2026-06,32898,121,32770,7,0.9961092,24.0,25.0,53
35,2,2026-06,1800,7,1793,0,0.9961111,24.0,25.0,25
1,10,2026-04,1291,1286,0,5,0.9961270,13.0,13.0,37
36,11,2026-07,1037,3,1033,1,0.9961427,24.0,25.0,55
36,3,2026-07,4713,17,4695,1,0.9961808,24.0,25.0,35
35,3,2026-06,4751,18,4733,0,0.9962113,24.0,25.0,25
36,6,2026-07,267,1,266,0,0.9962547,24.0,25.0,25
36,2,2026-05,1870,6,1863,1,0.9962567,24.0,25.0,28
113,0,2026-04,32908,118,32787,3,0.9963231,24.0,25.0,85
112,0,2026-04,32922,116,32801,5,0.9963246,24.0,25.0,54
35,6,2026-06,275,1,274,0,0.9963636,24.0,25.0,25
1,2,2026-04,2484,2475,3,6,0.9963768,13.0,13.0,40
31,6,2026-06,276,1,275,0,0.9963768,24.0,25.0,25
903,7,2026-07,277,1,276,0,0.9963899,24.0,25.0,25
901,4,2026-07,2220,7,2212,1,0.9963964,24.0,25.0,51
32,4,2026-08,1120,3,1116,1,0.9964286,24.0,25.0,56
35,3,2026-04,4492,16,4476,0,0.9964381,24.0,25.0,25
31,6,2026-07,281,1,280,0,0.9964413,24.0,25.0,25
901,1,2026-07,1695,6,1689,0,0.9964602,24.0,25.0,25
113,1,2026-08,849,2,846,1,0.9964664,25.0,25.0,49
1,3,2026-04,6238,6216,5,17,0.9964732,13.0,13.0,40
33,4,2026-03,855,3,852,0,0.9964912,24.0,25.0,25
33,2,2026-06,1720,4,1714,2,0.9965116,24.0,25.0,82
113,0,2026-05,34194,110,34075,9,0.9965199,24.0,25.0,64
1,11,2026-04,1439,1434,0,5,0.9965254,13.0,13.0,32
36,6,2026-04,289,1,288,0,0.9965398,24.0,25.0,25
32,11,2026-04,868,3,865,0,0.9965438,24.0,25.0,25
35,2,2026-05,1744,6,1738,0,0.9965596,24.0,25.0,25
35,11,2026-03,291,0,290,1,0.9965636,24.0,25.0,61
32,6,2026-04,295,1,294,0,0.9966102,24.0,25.0,25
36,4,2026-06,2682,9,2673,0,0.9966443,24.0,25.0,25
32,7,2026-05,301,1,300,0,0.9966777,24.0,25.0,25
36,2,2026-07,1811,6,1805,0,0.9966869,24.0,25.0,25
33,3,2026-07,4834,14,4818,2,0.9966901,24.0,25.0,31
5,1,2026-05,2725,2716,3,6,0.9966972,13.0,13.0,36
36,7,2026-04,304,1,303,0,0.9967105,24.0,25.0,25
33,6,2026-07,305,1,304,0,0.9967213,24.0,25.0,25
35,4,2026-05,2753,9,2744,0,0.9967308,24.0,25.0,25
36,11,2026-06,919,3,916,0,0.9967356,24.0,25.0,25
5,3,2026-04,6149,6129,10,10,0.9967474,13.0,13.0,39
36,3,2026-06,4306,14,4292,0,0.9967487,24.0,25.0,25
31,6,2026-04,311,1,310,0,0.9967846,24.0,25.0,25
32,6,2026-06,311,1,310,0,0.9967846,24.0,25.0,25
903,4,2026-03,624,2,622,0,0.9967949,24.0,25.0,25
36,1,2026-05,1889,4,1883,2,0.9968237,24.0,25.0,47
36,1,2026-03,641,2,639,0,0.9968799,24.0,25.0,25
32,11,2026-03,322,1,321,0,0.9968944,24.0,25.0,25
32,7,2026-06,322,1,321,0,0.9968944,24.0,25.0,25
31,4,2026-08,968,3,965,0,0.9969008,24.0,25.0,25
35,7,2026-05,323,1,322,0,0.9969040,24.0,25.0,25
36,10,2026-03,326,1,325,0,0.9969325,24.0,25.0,25
35,1,2026-05,1959,5,1953,1,0.9969372,24.0,25.0,44
32,1,2026-06,1963,5,1957,1,0.9969435,24.0,25.0,44
116,7,2026-07,328,0,327,1,0.9969512,25.0,25.0,34
32,11,2026-05,985,3,982,0,0.9969543,24.0,25.0,25
33,4,2026-06,2633,7,2625,1,0.9969616,24.0,25.0,49
32,10,2026-05,989,3,986,0,0.9969666,24.0,25.0,25
115,7,2026-07,332,0,331,1,0.9969880,25.0,25.0,47
31,7,2026-05,336,1,335,0,0.9970238,24.0,25.0,25
37,2,2026-03,338,0,337,1,0.9970414,24.0,25.0,68
31,7,2026-04,339,1,338,0,0.9970501,24.0,25.0,25
32,7,2026-07,339,1,338,0,0.9970501,24.0,25.0,25
33,10,2026-04,1023,3,1020,0,0.9970674,24.0,25.0,25
3,11,2026-07,1368,1364,1,3,0.9970760,13.0,13.0,49
36,1,2026-07,2054,6,2048,0,0.9970789,24.0,25.0,25
35,10,2026-06,1027,3,1024,0,0.9970789,24.0,25.0,25
33,7,2026-04,344,1,343,0,0.9970930,24.0,25.0,25
31,3,2026-08,1723,5,1718,0,0.9970981,24.0,25.0,25
1,2,2026-05,2427,2420,1,6,0.9971158,13.0,13.0,43
36,4,2026-04,2783,8,2775,0,0.9971254,24.0,25.0,25
33,4,2026-05,2785,8,2777,0,0.9971275,24.0,25.0,25
112,7,2026-05,349,0,348,1,0.9971347,25.0,25.0,51
33,1,2026-08,703,2,701,0,0.9971550,24.0,25.0,25
35,7,2026-07,354,1,353,0,0.9971751,24.0,25.0,25
35,7,2026-06,355,1,354,0,0.9971831,24.0,25.0,25
36,10,2026-07,1071,3,1068,0,0.9971989,24.0,25.0,25
36,4,2026-07,2866,8,2858,0,0.9972087,24.0,25.0,25
1,3,2026-08,2511,2504,2,5,0.9972123,13.0,13.0,40
115,1,2026-07,2153,0,2147,6,0.9972132,25.0,25.0,51
115,11,2026-03,360,0,359,1,0.9972222,25.0,25.0,27
1,0,2026-04,43664,43543,46,75,0.9972288,13.0,13.0,41
32,10,2026-03,361,1,360,0,0.9972299,24.0,25.0,25
1,11,2026-07,1450,1446,0,4,0.9972414,13.0,13.0,40
3,1,2026-04,2543,2536,4,3,0.9972473,13.0,13.0,36
37,2,2026-07,1091,1,1088,2,0.9972502,24.0,25.0,96
35,3,2026-07,4744,8,4731,5,0.9972597,24.0,25.0,54
37,1,2026-03,365,0,364,1,0.9972603,25.0,25.0,48
113,7,2026-07,365,0,364,1,0.9972603,25.0,25.0,28
36,10,2026-06,1097,3,1094,0,0.9972653,24.0,25.0,25
35,7,2026-04,366,1,365,0,0.9972678,24.0,25.0,25
116,1,2026-07,2209,0,2203,6,0.9972838,25.0,25.0,49
31,10,2026-08,371,1,370,0,0.9973046,24.0,25.0,25
1,3,2026-05,6687,6669,5,13,0.9973082,13.0,13.0,40
5,10,2026-05,1488,1484,1,3,0.9973118,13.0,13.0,34
2,0,2026-04,44404,44285,53,66,0.9973201,13.0,13.0,48
2,2,2026-04,2255,2249,3,3,0.9973392,13.0,13.0,35
31,11,2026-03,376,1,375,0,0.9973404,24.0,25.0,25
2,3,2026-08,2270,2264,0,6,0.9973568,13.0,13.0,44
31,2,2026-08,759,2,757,0,0.9973650,24.0,25.0,25
35,1,2026-07,1915,3,1910,2,0.9973890,24.0,25.0,48
33,3,2026-06,4620,10,4608,2,0.9974026,24.0,25.0,66
37,3,2026-08,1158,1,1155,2,0.9974093,25.0,25.0,77
31,11,2026-08,386,1,385,0,0.9974093,24.0,25.0,25
2,1,2026-08,1164,1161,1,2,0.9974227,13.0,13.0,34
3,6,2026-04,392,391,0,1,0.9974490,13.0,13.0,34
32,11,2026-08,392,1,391,0,0.9974490,24.0,25.0,25
1,6,2026-04,401,400,0,1,0.9975062,13.0,13.0,28
7,3,2026-05,6423,6407,5,11,0.9975090,13.0,13.0,34
32,1,2026-07,2044,3,2039,2,0.9975538,24.0,25.0,48
35,3,2026-05,4915,9,4903,3,0.9975585,24.0,25.0,46
116,1,2026-08,825,1,823,1,0.9975758,25.0,25.0,58
6,4,2026-04,3715,3706,1,8,0.9975774,13.0,13.0,42
33,2,2026-07,1701,4,1697,0,0.9976484,24.0,25.0,25
1,11,2026-03,431,430,0,1,0.9976798,13.0,13.0,30
33,3,2026-05,4746,11,4735,0,0.9976823,24.0,25.0,25
35,2,2026-04,1726,4,1722,0,0.9976825,24.0,25.0,25
5,6,2026-07,432,431,1,0,0.9976852,13.0,13.0,21
33,11,2026-03,432,1,431,0,0.9976852,24.0,25.0,25
2,3,2026-07,6501,6486,7,8,0.9976927,13.0,13.0,33
37,2,2026-08,435,0,434,1,0.9977011,24.0,25.0,90
116,10,2026-08,439,0,438,1,0.9977221,25.0,25.0,38
36,3,2026-04,4397,10,4387,0,0.9977257,24.0,25.0,25
2,6,2026-04,440,439,0,1,0.9977273,13.0,13.0,35
35,2,2026-07,1769,4,1765,0,0.9977388,24.0,25.0,25
35,4,2026-07,2656,5,2650,1,0.9977410,24.0,25.0,37
6,7,2026-04,444,443,0,1,0.9977477,13.0,13.0,35
7,3,2026-07,6661,6646,7,8,0.9977481,13.0,13.0,41
2,3,2026-05,6673,6658,6,9,0.9977521,13.0,13.0,34
1,4,2026-04,3568,3560,3,5,0.9977578,13.0,13.0,34
6,10,2026-04,1339,1336,1,2,0.9977595,13.0,13.0,30
36,1,2026-06,1808,4,1804,0,0.9977876,24.0,25.0,25
3,1,2026-05,2715,2709,3,3,0.9977901,13.0,13.0,40
1,2,2026-08,905,903,0,2,0.9977901,13.0,13.0,35
113,4,2026-03,907,0,905,2,0.9977949,25.0,25.0,35
1,1,2026-07,2727,2721,1,5,0.9977998,13.0,13.0,35
3,10,2026-04,1364,1361,0,3,0.9978006,13.0,13.0,30
7,1,2026-07,2731,2725,4,2,0.9978030,13.0,13.0,29
1,10,2026-07,1378,1375,0,3,0.9978229,13.0,13.0,36
1,1,2026-05,2765,2759,1,5,0.9978300,13.0,13.0,37
8,7,2026-05,463,462,1,0,0.9978402,13.0,13.0,22
3,10,2026-05,1391,1388,0,3,0.9978433,13.0,13.0,31
32,4,2026-07,2787,5,2781,1,0.9978471,24.0,25.0,56
33,4,2026-07,2789,6,2783,0,0.9978487,24.0,25.0,25
33,2,2026-05,1860,4,1856,0,0.9978495,24.0,25.0,25
3,2,2026-04,2326,2321,0,5,0.9978504,13.0,13.0,35
31,3,2026-07,4685,4,4675,6,0.9978655,24.0,25.0,56
5,3,2026-05,6570,6556,4,10,0.9978691,13.0,13.0,38
1,4,2026-05,3755,3747,0,8,0.9978695,13.0,13.0,33
3,11,2026-06,1409,1406,0,3,0.9978708,13.0,13.0,34
3,4,2026-04,3758,3750,2,6,0.9978712,13.0,13.0,45
5,7,2026-05,470,469,0,1,0.9978723,13.0,13.0,33
5,1,2026-07,2822,2816,1,5,0.9978738,13.0,13.0,33
6,6,2026-04,472,471,0,1,0.9978814,13.0,13.0,32
2,11,2026-04,1419,1416,1,2,0.9978858,13.0,13.0,36
31,2,2026-05,1904,3,1900,1,0.9978992,24.0,25.0,43
5,2,2026-05,2382,2377,2,3,0.9979009,13.0,13.0,34
8,7,2026-04,479,478,1,0,0.9979123,13.0,13.0,24
36,11,2026-04,962,2,960,0,0.9979210,24.0,25.0,25
35,11,2026-04,963,2,961,0,0.9979232,24.0,25.0,25
32,3,2026-05,4858,8,4848,2,0.9979415,24.0,25.0,44
2,4,2026-04,3888,3880,3,5,0.9979424,13.0,13.0,56
33,11,2026-05,979,2,977,0,0.9979571,24.0,25.0,25
32,1,2026-05,1964,4,1960,0,0.9979633,24.0,25.0,25
32,10,2026-07,984,2,982,0,0.9979675,24.0,25.0,25
31,1,2026-04,1980,4,1976,0,0.9979798,24.0,25.0,25
33,1,2026-05,1981,3,1977,1,0.9979808,24.0,25.0,42
31,11,2026-05,992,2,990,0,0.9979839,24.0,25.0,25
35,1,2026-06,2000,3,1996,1,0.9980000,24.0,25.0,49
115,11,2026-06,1000,0,998,2,0.9980000,25.0,25.0,47
37,1,2026-08,501,1,500,0,0.9980040,24.0,25.0,25
35,10,2026-05,1006,2,1004,0,0.9980119,24.0,25.0,25
3,11,2026-04,1510,1507,1,2,0.9980132,13.0,13.0,29
33,1,2026-07,2014,4,2010,0,0.9980139,24.0,25.0,25
35,11,2026-05,1007,2,1005,0,0.9980139,24.0,25.0,25
1,1,2026-08,1014,1012,1,1,0.9980276,13.0,13.0,36
2,7,2026-07,511,510,1,0,0.9980431,13.0,13.0,22
2,7,2026-05,513,512,0,1,0.9980507,13.0,13.0,31
31,11,2026-07,1027,1,1025,1,0.9980526,24.0,25.0,43
115,11,2026-04,1028,0,1026,2,0.9980545,25.0,25.0,67
116,10,2026-07,1040,0,1038,2,0.9980769,25.0,25.0,47
8,7,2026-07,521,520,0,1,0.9980806,13.0,13.0,32
112,3,2026-07,4704,0,4695,9,0.9980867,25.0,25.0,47
31,4,2026-04,2619,4,2614,1,0.9980909,24.0,25.0,47
6,10,2026-03,526,525,1,0,0.9980989,13.0,13.0,14
33,11,2026-07,1059,2,1057,0,0.9981114,24.0,25.0,25
1,10,2026-08,531,530,0,1,0.9981168,13.0,13.0,41
6,3,2026-04,5864,5853,4,7,0.9981241,13.0,13.0,35
8,1,2026-04,2723,2718,0,5,0.9981638,13.0,13.0,38
33,11,2026-06,1093,2,1091,0,0.9981702,24.0,25.0,25
31,4,2026-06,2749,3,2744,2,0.9981812,24.0,25.0,54
32,2,2026-03,553,1,552,0,0.9981917,24.0,25.0,25
1,0,2026-05,45367,45285,31,51,0.9981925,13.0,13.0,44
115,4,2026-08,1108,2,1106,0,0.9981949,25.0,25.0,25
5,10,2026-08,556,555,1,0,0.9982014,13.0,13.0,14
6,11,2026-08,558,557,0,1,0.9982079,12.0,13.0,30
33,10,2026-05,1119,2,1117,0,0.9982127,24.0,25.0,25
115,11,2026-07,1137,0,1135,2,0.9982410,25.0,25.0,50
3,3,2026-05,6850,6838,4,8,0.9982482,13.0,13.0,67
8,10,2026-08,571,570,0,1,0.9982487,13.0,13.0,44
36,4,2026-05,2856,5,2851,0,0.9982493,24.0,25.0,25
112,4,2026-08,1143,0,1141,2,0.9982502,25.0,25.0,37
6,3,2026-07,6295,6284,4,7,0.9982526,13.0,13.0,45
7,1,2026-05,2864,2859,0,5,0.9982542,13.0,13.0,33
32,2,2026-05,1720,3,1717,0,0.9982558,24.0,25.0,25
7,11,2026-08,574,573,1,0,0.9982578,13.0,13.0,21
3,0,2026-04,43692,43616,23,53,0.9982606,12.0,13.0,51
6,10,2026-08,575,574,0,1,0.9982609,13.0,13.0,32
2,2,2026-05,2302,2298,1,3,0.9982624,13.0,13.0,44
3,1,2026-07,2879,2874,1,4,0.9982633,13.0,13.0,45
31,3,2026-05,4623,6,4615,2,0.9982695,24.0,25.0,37
3,10,2026-08,579,578,0,1,0.9982729,13.0,13.0,38
113,4,2026-07,2896,0,2891,5,0.9982735,25.0,25.0,45
32,1,2026-03,581,1,580,0,0.9982788,24.0,25.0,25
31,2,2026-06,1756,2,1753,1,0.9982916,24.0,25.0,45
116,2,2026-07,1774,0,1771,3,0.9983089,25.0,25.0,45
31,2,2026-03,592,1,591,0,0.9983108,24.0,25.0,25
35,2,2026-03,593,1,592,0,0.9983137,24.0,25.0,25
113,3,2026-07,4768,0,4760,8,0.9983221,25.0,25.0,55
112,11,2026-05,1195,0,1193,2,0.9983264,25.0,25.0,58
32,2,2026-06,1793,1,1790,2,0.9983268,24.0,25.0,32
36,2,2026-04,1794,3,1791,0,0.9983278,24.0,25.0,25
3,11,2026-08,598,597,1,0,0.9983278,13.0,13.0,22
115,2,2026-07,1814,0,1811,3,0.9983462,25.0,25.0,46
32,1,2026-04,1823,3,1820,0,0.9983544,24.0,25.0,25
31,3,2026-06,4866,6,4858,2,0.9983559,24.0,25.0,60
5,4,2026-04,3682,3676,2,4,0.9983705,13.0,13.0,39
33,1,2026-03,615,1,614,0,0.9983740,24.0,25.0,25
6,2,2026-04,2474,2470,0,4,0.9983832,13.0,13.0,35
3,2,2026-07,2498,2494,3,1,0.9983987,13.0,13.0,36
2,11,2026-08,625,624,0,1,0.9984000,13.0,13.0,31
7,4,2026-03,1261,1259,0,2,0.9984140,13.0,13.0,36
7,4,2026-04,3787,3781,0,6,0.9984156,13.0,13.0,33
8,2,2026-04,2550,2546,0,4,0.9984314,13.0,13.0,32
116,3,2026-08,1941,1,1938,2,0.9984544,25.0,25.0,45
113,2,2026-07,1948,0,1945,3,0.9984600,25.0,25.0,53
6,4,2026-03,1316,1314,2,0,0.9984802,13.0,13.0,18
35,4,2026-06,2637,3,2633,1,0.9984831,24.0,25.0,35
1,3,2026-03,1991,1988,1,2,0.9984932,13.0,13.0,45
37,4,2026-08,665,1,664,0,0.9984962,24.0,25.0,25
116,3,2026-06,4663,0,4656,7,0.9984988,25.0,25.0,62
33,4,2026-04,2692,4,2688,0,0.9985141,24.0,25.0,25
112,2,2026-08,676,0,675,1,0.9985207,25.0,25.0,26
2,11,2026-07,1353,1351,0,2,0.9985218,13.0,13.0,37
6,3,2026-03,2030,2027,2,1,0.9985222,13.0,13.0,37
1,3,2026-07,6106,6097,4,5,0.9985260,13.0,13.0,47
6,4,2026-08,1380,1378,1,1,0.9985507,13.0,13.0,52
37,10,2026-05,693,0,692,1,0.9985570,24.0,25.0,29
2,11,2026-05,1406,1404,1,1,0.9985775,13.0,13.0,26
113,2,2026-08,711,1,710,0,0.9985935,25.0,25.0,25
6,4,2026-06,3558,3553,1,4,0.9985947,13.0,13.0,39
1,10,2026-05,1425,1423,0,2,0.9985965,13.0,13.0,31
8,11,2026-05,1430,1428,1,1,0.9986014,13.0,13.0,36
113,3,2026-03,1431,0,1429,2,0.9986024,25.0,25.0,39
112,4,2026-07,2864,0,2860,4,0.9986034,25.0,25.0,54
6,10,2026-05,1438,1436,1,1,0.9986092,13.0,13.0,27
33,3,2026-03,1441,2,1439,0,0.9986121,24.0,25.0,25
7,11,2026-05,1450,1448,1,1,0.9986207,13.0,13.0,34
3,4,2026-07,3671,3666,1,4,0.9986380,13.0,13.0,36
37,4,2026-04,1472,2,1470,0,0.9986413,25.0,25.0,25
1,10,2026-06,1472,1470,0,2,0.9986413,13.0,13.0,34
35,1,2026-03,737,1,736,0,0.9986431,24.0,25.0,25
3,4,2026-06,3693,3688,1,4,0.9986461,13.0,13.0,34
37,3,2026-07,2959,1,2955,3,0.9986482,24.0,25.0,83
5,4,2026-08,1490,1488,0,2,0.9986577,13.0,13.0,37
115,1,2026-08,746,1,745,0,0.9986595,25.0,25.0,25
5,11,2026-07,1496,1494,1,1,0.9986631,13.0,13.0,28
5,4,2026-07,3781,3776,0,5,0.9986776,13.0,13.0,37
32,3,2026-04,4561,6,4555,0,0.9986845,24.0,25.0,25
7,4,2026-07,3885,3880,2,3,0.9987130,13.0,13.0,34
5,4,2026-05,3904,3899,2,3,0.9987193,13.0,13.0,42
1,4,2026-07,3916,3911,1,4,0.9987232,13.0,13.0,36
33,2,2026-04,1571,2,1569,0,0.9987269,24.0,25.0,25
1,2,2026-07,2362,2359,2,1,0.9987299,13.0,13.0,33
32,1,2026-08,788,1,787,0,0.9987310,24.0,25.0,25
6,3,2026-08,2375,2372,1,2,0.9987368,13.0,13.0,30
6,11,2026-05,1590,1588,0,2,0.9987421,13.0,13.0,41
5,2,2026-07,2432,2429,2,1,0.9987664,13.0,13.0,33
3,0,2026-07,45458,45403,17,38,0.9987901,12.0,13.0,46
8,2,2026-05,2486,2483,0,3,0.9987932,13.0,13.0,61
32,4,2026-06,2535,2,2532,1,0.9988166,24.0,25.0,59
2,2,2026-08,855,854,1,0,0.9988304,13.0,13.0,23
5,4,2026-06,3430,3426,0,4,0.9988338,13.0,13.0,36
2,0,2026-07,45858,45805,15,38,0.9988443,13.0,13.0,47
1,1,2026-06,2596,2593,0,3,0.9988444,13.0,13.0,33
5,1,2026-04,2602,2599,0,3,0.9988470,13.0,13.0,36
8,3,2026-04,6085,6078,1,6,0.9988496,13.0,13.0,36
115,2,2026-04,1739,0,1737,2,0.9988499,25.0,25.0,72
32,2,2026-04,1753,2,1751,0,0.9988591,24.0,25.0,25
3,1,2026-06,2636,2633,2,1,0.9988619,13.0,13.0,44
2,1,2026-07,2648,2645,1,2,0.9988671,13.0,13.0,31
1,1,2026-03,893,892,1,0,0.9988802,13.0,13.0,15
33,3,2026-04,4480,5,4475,0,0.9988839,24.0,25.0,25
7,2,2026-03,897,896,1,0,0.9988852,13.0,13.0,18
113,2,2026-06,1795,0,1793,2,0.9988858,25.0,25.0,48
116,4,2026-04,2709,0,2706,3,0.9988926,25.0,25.0,73
116,2,2026-06,1811,0,1809,2,0.9988956,25.0,25.0,36
32,3,2026-06,4529,5,4524,0,0.9988960,24.0,25.0,25
3,3,2026-07,6367,6360,2,5,0.9989006,13.0,13.0,38
31,11,2026-04,910,1,909,0,0.9989011,24.0,25.0,25
115,1,2026-06,1821,0,1819,2,0.9989017,25.0,25.0,43
113,2,2026-05,1838,0,1836,2,0.9989119,25.0,25.0,50
32,4,2026-03,926,1,925,0,0.9989201,24.0,25.0,25
37,3,2026-05,2783,1,2780,2,0.9989220,24.0,25.0,44
112,2,2026-05,1862,0,1860,2,0.9989259,25.0,25.0,37
31,4,2026-03,932,1,931,0,0.9989270,24.0,25.0,25
112,10,2026-06,934,0,933,1,0.9989293,25.0,25.0,42
6,2,2026-08,941,940,0,1,0.9989373,13.0,13.0,28
113,4,2026-05,2837,0,2834,3,0.9989425,25.0,25.0,44
115,3,2026-08,1893,2,1891,0,0.9989435,25.0,25.0,25
31,4,2026-05,2841,0,2838,3,0.9989440,24.0,25.0,50
5,0,2026-05,45491,45443,15,33,0.9989448,12.0,13.0,38
32,4,2026-04,2853,2,2850,1,0.9989485,24.0,25.0,26
8,1,2026-05,2873,2870,0,3,0.9989558,13.0,13.0,33
115,1,2026-04,1922,0,1920,2,0.9989594,25.0,25.0,50
37,4,2026-07,1923,1,1921,1,0.9989600,24.0,25.0,90
31,4,2026-07,2898,2,2895,1,0.9989648,24.0,25.0,35
35,4,2026-03,969,1,968,0,0.9989680,24.0,25.0,25
6,0,2026-04,43932,43887,15,30,0.9989757,12.0,13.0,42
8,2,2026-08,977,976,1,0,0.9989765,13.0,13.0,23
112,1,2026-05,1955,1,1953,1,0.9989770,25.0,25.0,31
116,4,2026-03,981,0,980,1,0.9989806,25.0,25.0,26
5,2,2026-08,981,980,1,0,0.9989806,13.0,13.0,22
37,3,2026-03,984,0,983,1,0.9989837,25.0,25.0,57
116,4,2026-07,2956,0,2953,3,0.9989851,25.0,25.0,50
6,3,2026-05,6036,6030,1,5,0.9990060,13.0,13.0,41
5,0,2026-08,17356,17339,4,13,0.9990205,12.0,13.0,40
8,1,2026-08,1022,1021,1,0,0.9990215,13.0,13.0,23
32,11,2026-07,1025,0,1024,1,0.9990244,24.0,25.0,28
2,0,2026-08,17547,17530,5,12,0.9990312,12.0,13.0,38
116,10,2026-06,1035,0,1034,1,0.9990338,25.0,25.0,64
7,3,2026-04,6256,6250,2,4,0.9990409,13.0,13.0,41
3,1,2026-08,1049,1048,0,1,0.9990467,13.0,13.0,33
32,10,2026-06,1054,1,1053,0,0.9990512,24.0,25.0,25
113,11,2026-07,1060,0,1059,1,0.9990566,25.0,25.0,35
116,11,2026-05,1064,0,1063,1,0.9990602,25.0,25.0,36
31,10,2026-06,1069,1,1068,0,0.9990645,24.0,25.0,25
115,10,2026-04,1074,0,1073,1,0.9990689,25.0,25.0,28
37,1,2026-06,1104,1,1103,0,0.9990942,24.0,25.0,25
8,3,2026-05,6647,6641,1,5,0.9990973,13.0,13.0,40
32,3,2026-07,4475,3,4471,1,0.9991061,24.0,25.0,34
112,11,2026-07,1124,0,1123,1,0.9991103,25.0,25.0,57
5,0,2026-07,45306,45266,9,31,0.9991171,12.0,13.0,40
35,10,2026-07,1133,0,1132,1,0.9991174,24.0,25.0,42
37,1,2026-04,1134,0,1133,1,0.9991182,25.0,25.0,52
6,0,2026-05,44648,44609,11,28,0.9991265,12.0,13.0,41
3,4,2026-03,1152,1151,1,0,0.9991319,13.0,13.0,17
113,4,2026-08,1168,0,1167,1,0.9991438,25.0,25.0,56
116,11,2026-04,1172,1,1171,0,0.9991468,25.0,25.0,25
5,4,2026-03,1174,1173,0,1,0.9991482,13.0,13.0,36
115,3,2026-07,4788,0,4784,4,0.9991646,25.0,25.0,57
112,10,2026-07,1202,0,1201,1,0.9991681,25.0,25.0,26
116,3,2026-05,4885,0,4881,4,0.9991812,25.0,25.0,45
6,2,2026-07,2445,2443,2,0,0.9991820,13.0,13.0,25
8,2,2026-07,2452,2450,0,2,0.9991843,13.0,13.0,36
1,0,2026-07,45523,45486,10,27,0.9991872,13.0,13.0,61
6,2,2026-05,2476,2474,2,0,0.9991922,13.0,13.0,23
1,2,2026-06,2478,2476,2,0,0.9991929,13.0,13.0,17
3,0,2026-05,44769,44733,8,28,0.9991959,12.0,13.0,41
3,4,2026-05,3756,3753,1,2,0.9992013,13.0,13.0,32
8,4,2026-06,3793,3790,0,3,0.9992091,13.0,13.0,34
7,3,2026-06,6354,6349,2,3,0.9992131,13.0,13.0,40
2,4,2026-03,1272,1271,1,0,0.9992138,13.0,13.0,17
37,1,2026-07,1272,1,1271,0,0.9992138,24.0,25.0,25
113,3,2026-05,5120,1,5116,3,0.9992188,25.0,25.0,55
8,3,2026-07,6515,6510,1,4,0.9992325,13.0,13.0,33
7,1,2026-04,2659,2657,0,2,0.9992478,13.0,13.0,33
3,0,2026-08,17299,17286,2,11,0.9992485,12.0,13.0,42
6,11,2026-07,1339,1338,0,1,0.9992532,13.0,13.0,28
2,0,2026-05,45916,45882,16,18,0.9992595,13.0,13.0,39
8,1,2026-06,2701,2699,0,2,0.9992595,13.0,13.0,48
112,4,2026-06,2785,0,2783,2,0.9992819,25.0,25.0,44
8,1,2026-07,2811,2809,1,1,0.9992885,13.0,13.0,42
3,11,2026-05,1406,1405,1,0,0.9992888,13.0,13.0,19
5,10,2026-07,1414,1413,0,1,0.9992928,13.0,13.0,33
8,11,2026-04,1423,1422,0,1,0.9992973,13.0,13.0,34
7,10,2026-07,1429,1428,0,1,0.9993002,13.0,13.0,38
113,4,2026-04,2873,0,2871,2,0.9993039,25.0,25.0,69
31,3,2026-03,1465,1,1464,0,0.9993174,24.0,25.0,25
5,10,2026-04,1471,1470,1,0,0.9993202,13.0,13.0,24
5,11,2026-06,1505,1504,0,1,0.9993355,13.0,13.0,46
31,3,2026-04,4530,1,4527,2,0.9993377,24.0,25.0,58
7,4,2026-08,1512,1511,1,0,0.9993386,13.0,13.0,24
32,3,2026-03,1536,1,1535,0,0.9993490,24.0,25.0,25
8,10,2026-05,1539,1538,1,0,0.9993502,13.0,13.0,22
115,3,2026-05,4693,0,4690,3,0.9993608,25.0,25.0,74
3,10,2026-07,1572,1571,0,1,0.9993639,13.0,13.0,35
1,0,2026-08,17306,17295,1,10,0.9993644,13.0,13.0,38
113,3,2026-04,4917,0,4914,3,0.9993899,25.0,25.0,61
115,3,2026-06,4920,0,4917,3,0.9993902,25.0,25.0,50
37,4,2026-06,1671,0,1670,1,0.9994016,24.0,25.0,28
31,2,2026-04,1687,1,1686,0,0.9994072,24.0,25.0,25
5,3,2026-06,6751,6747,0,4,0.9994075,13.0,13.0,41
116,3,2026-07,5087,0,5084,3,0.9994103,25.0,25.0,50
112,2,2026-06,1714,0,1713,1,0.9994166,25.0,25.0,42
37,4,2026-05,1768,0,1767,1,0.9994344,24.0,25.0,60
5,0,2026-04,44346,44321,8,17,0.9994363,12.0,13.0,34
8,4,2026-05,3585,3583,0,2,0.9994421,13.0,13.0,38
6,4,2026-07,3627,3625,0,2,0.9994486,13.0,13.0,41
31,1,2026-06,1837,1,1836,0,0.9994556,24.0,25.0,25
6,4,2026-05,3781,3779,0,2,0.9994710,13.0,13.0,36
33,1,2026-04,1895,1,1894,0,0.9994723,24.0,25.0,25
7,0,2026-07,45562,45538,9,15,0.9994732,12.0,13.0,51
116,1,2026-04,1911,0,1910,1,0.9994767,25.0,25.0,44
113,1,2026-04,1919,0,1918,1,0.9994789,25.0,25.0,42
8,0,2026-04,44471,44448,6,17,0.9994828,12.0,13.0,39
36,1,2026-04,1974,1,1973,0,0.9994934,24.0,25.0,25
31,1,2026-05,1989,1,1988,0,0.9994972,24.0,25.0,25
112,1,2026-07,2013,0,2012,1,0.9995032,25.0,25.0,33
116,1,2026-06,2017,0,2016,1,0.9995042,25.0,25.0,42
2,4,2026-07,4082,4080,0,2,0.9995100,13.0,13.0,28
7,3,2026-03,2073,2072,0,1,0.9995176,13.0,13.0,39
6,3,2026-06,6313,6310,2,1,0.9995248,13.0,13.0,31
115,1,2026-05,2116,0,2115,1,0.9995274,25.0,25.0,45
3,3,2026-06,6366,6363,1,2,0.9995287,13.0,13.0,31
2,3,2026-06,6379,6376,0,3,0.9995297,13.0,13.0,59
116,1,2026-05,2141,0,2140,1,0.9995329,25.0,25.0,31
1,0,2026-06,43612,43592,4,16,0.9995414,13.0,13.0,46
6,2,2026-06,2188,2187,0,1,0.9995430,13.0,13.0,35
1,3,2026-06,6596,6593,1,2,0.9995452,13.0,13.0,31
112,3,2026-04,4560,0,4558,2,0.9995614,25.0,25.0,42
2,2,2026-07,2300,2299,0,1,0.9995652,13.0,13.0,30
5,2,2026-06,2312,2311,0,1,0.9995675,13.0,13.0,28
3,2,2026-06,2363,2362,0,1,0.9995768,13.0,13.0,29
7,0,2026-05,45070,45051,4,15,0.9995784,12.0,13.0,37
6,0,2026-07,43745,43727,2,16,0.9995885,12.0,13.0,50
8,3,2026-08,2437,2436,0,1,0.9995897,13.0,13.0,41
5,3,2026-08,2440,2439,0,1,0.9995902,13.0,13.0,27
3,2,2026-05,2446,2445,1,0,0.9995912,13.0,13.0,14
7,2,2026-05,2464,2463,1,0,0.9995942,13.0,13.0,24
6,1,2026-04,2494,2493,0,1,0.9995990,13.0,13.0,29
7,0,2026-08,17596,17589,1,6,0.9996022,12.0,13.0,42
7,2,2026-07,2545,2544,0,1,0.9996071,13.0,13.0,32
2,1,2026-06,2573,2572,0,1,0.9996113,13.0,13.0,50
6,1,2026-06,2656,2655,1,0,0.9996235,13.0,13.0,21
2,1,2026-05,2671,2670,0,1,0.9996256,13.0,13.0,37
113,4,2026-06,2672,0,2671,1,0.9996257,25.0,25.0,28
7,1,2026-06,2706,2705,0,1,0.9996305,13.0,13.0,34
6,1,2026-07,2720,2719,1,0,0.9996324,13.0,13.0,24
115,4,2026-05,2742,0,2741,1,0.9996353,25.0,25.0,34
2,0,2026-06,44134,44118,2,14,0.9996375,13.0,13.0,49
115,4,2026-06,2789,0,2788,1,0.9996414,25.0,25.0,29
1,0,2026-03,14635,14630,4,1,0.9996584,13.0,13.0,34
37,3,2026-04,2939,1,2938,0,0.9996597,25.0,25.0,25
112,4,2026-05,2945,0,2944,1,0.9996604,25.0,25.0,52
115,4,2026-07,2987,0,2986,1,0.9996652,25.0,25.0,29
7,0,2026-03,14988,14983,2,3,0.9996664,12.0,13.0,38
37,3,2026-06,3091,0,3090,1,0.9996765,24.0,25.0,52
5,3,2026-07,6243,6241,2,0,0.9996796,13.0,13.0,23
3,0,2026-06,44206,44193,6,7,0.9997059,12.0,13.0,41
8,0,2026-05,45617,45604,1,12,0.9997150,12.0,13.0,40
8,0,2026-07,45639,45626,8,5,0.9997152,12.0,13.0,41
1,4,2026-06,3543,3542,1,0,0.9997178,13.0,13.0,24
7,4,2026-06,3575,3574,0,1,0.9997203,13.0,13.0,29
7,0,2026-06,43830,43818,4,8,0.9997262,12.0,13.0,79
2,4,2026-06,3672,3671,1,0,0.9997277,13.0,13.0,24
7,0,2026-04,44485,44473,5,7,0.9997302,12.0,13.0,61
8,4,2026-04,3801,3800,0,1,0.9997369,13.0,13.0,30
2,4,2026-05,3835,3834,1,0,0.9997392,13.0,13.0,24
8,0,2026-06,43810,43799,1,10,0.9997489,12.0,13.0,44
6,0,2026-08,17196,17192,0,4,0.9997674,12.0,13.0,34
116,3,2026-04,4666,0,4665,1,0.9997857,25.0,25.0,27
115,3,2026-04,4689,0,4688,1,0.9997867,25.0,25.0,38
113,3,2026-06,4802,0,4801,1,0.9997918,25.0,25.0,39
6,0,2026-03,14663,14660,1,2,0.9997954,12.0,13.0,35
6,0,2026-06,42509,42501,2,6,0.9998118,12.0,13.0,41
8,0,2026-08,17377,17374,2,1,0.9998274,12.0,13.0,43
5,0,2026-06,44569,44562,4,3,0.9998429,12.0,13.0,42
8,3,2026-06,6596,6595,0,1,0.9998484,13.0,13.0,37
8,0,2026-03,14981,14979,1,1,0.9998665,12.0,13.0,55
5,0,2026-03,14977,14975,2,0,0.9998665,12.0,13.0,20
3,0,2026-03,14761,14760,1,0,0.9999323,12.0,13.0,16
2,0,2026-03,14761,14761,0,0,1.0000000,13.0,13.0,13
112,3,2026-06,4809,0,4809,0,1.0000000,25.0,25.0,25
112,3,2026-05,4656,0,4656,0,1.0000000,25.0,25.0,25
7,4,2026-05,3974,3974,0,0,1.0000000,13.0,13.0,13
8,4,2026-07,3887,3887,0,0,1.0000000,13.0,13.0,13
116,4,2026-05,2840,0,2840,0,1.0000000,25.0,25.0,25
115,4,2026-04,2773,0,2773,0,1.0000000,25.0,25.0,25
116,4,2026-06,2667,0,2667,0,1.0000000,25.0,25.0,25
5,1,2026-06,2592,2592,0,0,1.0000000,13.0,13.0,13
112,4,2026-04,2575,0,2575,0,1.0000000,25.0,25.0,25
5,2,2026-04,2510,2510,0,0,1.0000000,13.0,13.0,13
7,3,2026-08,2488,2488,0,0,1.0000000,13.0,13.0,13
2,2,2026-06,2475,2475,0,0,1.0000000,13.0,13.0,13
8,2,2026-06,2428,2428,0,0,1.0000000,13.0,13.0,13
7,2,2026-04,2414,2414,0,0,1.0000000,13.0,13.0,13
7,2,2026-06,2377,2377,0,0,1.0000000,13.0,13.0,13
5,3,2026-03,2218,2218,0,0,1.0000000,13.0,13.0,13
3,3,2026-03,2172,2172,0,0,1.0000000,13.0,13.0,13
2,3,2026-03,2160,2160,0,0,1.0000000,13.0,13.0,13
112,1,2026-06,2121,0,2121,0,1.0000000,25.0,25.0,25
8,3,2026-03,2090,2090,0,0,1.0000000,13.0,13.0,13
113,1,2026-05,2053,0,2053,0,1.0000000,25.0,25.0,25
31,1,2026-07,2028,0,2028,0,1.0000000,24.0,25.0,25
112,1,2026-04,1994,0,1994,0,1.0000000,25.0,25.0,25
112,3,2026-08,1941,0,1941,0,1.0000000,25.0,25.0,25
33,1,2026-06,1931,0,1931,0,1.0000000,24.0,25.0,25
113,1,2026-06,1922,0,1922,0,1.0000000,25.0,25.0,25
113,3,2026-08,1876,0,1876,0,1.0000000,25.0,25.0,25
115,2,2026-05,1872,0,1872,0,1.0000000,25.0,25.0,25
31,2,2026-07,1814,0,1814,0,1.0000000,24.0,25.0,25
116,2,2026-04,1802,0,1802,0,1.0000000,25.0,25.0,25
116,2,2026-05,1799,0,1799,0,1.0000000,25.0,25.0,25
115,2,2026-06,1777,0,1777,0,1.0000000,25.0,25.0,25
112,2,2026-04,1745,0,1745,0,1.0000000,25.0,25.0,25
113,2,2026-04,1743,0,1743,0,1.0000000,25.0,25.0,25
115,3,2026-03,1697,0,1697,0,1.0000000,25.0,25.0,25
112,3,2026-03,1565,0,1565,0,1.0000000,25.0,25.0,25
5,11,2026-05,1564,1564,0,0,1.0000000,13.0,13.0,13
8,4,2026-08,1558,1558,0,0,1.0000000,13.0,13.0,13
7,10,2026-04,1539,1539,0,0,1.0000000,13.0,13.0,13
2,11,2026-06,1530,1530,0,0,1.0000000,13.0,13.0,13
8,10,2026-04,1509,1509,0,0,1.0000000,13.0,13.0,13
116,3,2026-03,1496,0,1496,0,1.0000000,25.0,25.0,25
3,10,2026-06,1470,1470,0,0,1.0000000,13.0,13.0,13
7,10,2026-06,1459,1459,0,0,1.0000000,13.0,13.0,13
2,10,2026-05,1451,1451,0,0,1.0000000,13.0,13.0,13
7,11,2026-04,1442,1442,0,0,1.0000000,13.0,13.0,13
1,11,2026-05,1440,1440,0,0,1.0000000,13.0,13.0,13
7,10,2026-05,1421,1421,0,0,1.0000000,13.0,13.0,13
5,11,2026-04,1419,1419,0,0,1.0000000,13.0,13.0,13
2,10,2026-06,1417,1417,0,0,1.0000000,13.0,13.0,13
7,11,2026-06,1415,1415,0,0,1.0000000,13.0,13.0,13
7,11,2026-07,1415,1415,0,0,1.0000000,13.0,13.0,13
3,4,2026-08,1390,1390,0,0,1.0000000,13.0,13.0,13
8,11,2026-07,1385,1385,0,0,1.0000000,13.0,13.0,13
5,10,2026-06,1384,1384,0,0,1.0000000,13.0,13.0,13
6,11,2026-04,1370,1370,0,0,1.0000000,13.0,13.0,13
8,10,2026-07,1357,1357,0,0,1.0000000,13.0,13.0,13
6,10,2026-07,1338,1338,0,0,1.0000000,13.0,13.0,13
8,10,2026-06,1328,1328,0,0,1.0000000,13.0,13.0,13
1,11,2026-06,1319,1319,0,0,1.0000000,13.0,13.0,13
8,4,2026-03,1313,1313,0,0,1.0000000,13.0,13.0,13
6,11,2026-06,1299,1299,0,0,1.0000000,13.0,13.0,13
6,10,2026-06,1293,1293,0,0,1.0000000,13.0,13.0,13
37,1,2026-05,1287,0,1287,0,1.0000000,25.0,25.0,25
8,11,2026-06,1273,1273,0,0,1.0000000,13.0,13.0,13
115,11,2026-05,1157,0,1157,0,1.0000000,25.0,25.0,25
31,10,2026-05,1141,0,1141,0,1.0000000,24.0,25.0,25
1,4,2026-03,1136,1136,0,0,1.0000000,13.0,13.0,13
113,11,2026-06,1135,0,1135,0,1.0000000,25.0,25.0,25
37,2,2026-06,1127,0,1127,0,1.0000000,24.0,25.0,25
37,2,2026-05,1126,0,1126,0,1.0000000,24.0,25.0,25
115,10,2026-07,1125,0,1125,0,1.0000000,25.0,25.0,25
113,10,2026-06,1103,0,1103,0,1.0000000,25.0,25.0,25
112,10,2026-05,1103,0,1103,0,1.0000000,25.0,25.0,25
116,10,2026-04,1100,0,1100,0,1.0000000,25.0,25.0,25
115,10,2026-06,1096,0,1096,0,1.0000000,25.0,25.0,25
116,11,2026-07,1094,0,1094,0,1.0000000,25.0,25.0,25
37,2,2026-04,1077,0,1077,0,1.0000000,25.0,25.0,25
7,1,2026-08,1069,1069,0,0,1.0000000,13.0,13.0,13
112,10,2026-04,1068,0,1068,0,1.0000000,25.0,25.0,25
116,11,2026-06,1062,0,1062,0,1.0000000,25.0,25.0,25
5,1,2026-08,1056,1056,0,0,1.0000000,13.0,13.0,13
115,10,2026-05,1043,0,1043,0,1.0000000,25.0,25.0,25
116,10,2026-05,1036,0,1036,0,1.0000000,25.0,25.0,25
31,10,2026-04,1028,0,1028,0,1.0000000,24.0,25.0,25
113,10,2026-05,1025,0,1025,0,1.0000000,25.0,25.0,25
116,4,2026-08,1025,0,1025,0,1.0000000,25.0,25.0,25
112,11,2026-04,1021,0,1021,0,1.0000000,25.0,25.0,25
113,11,2026-04,999,0,999,0,1.0000000,25.0,25.0,25
2,1,2026-03,992,992,0,0,1.0000000,13.0,13.0,13
113,11,2026-05,991,0,991,0,1.0000000,25.0,25.0,25
6,1,2026-08,965,965,0,0,1.0000000,13.0,13.0,13
113,10,2026-04,963,0,963,0,1.0000000,25.0,25.0,25
112,4,2026-03,932,0,932,0,1.0000000,25.0,25.0,25
112,11,2026-06,932,0,932,0,1.0000000,25.0,25.0,25
115,4,2026-03,907,0,907,0,1.0000000,25.0,25.0,25
3,2,2026-08,901,901,0,0,1.0000000,13.0,13.0,13
7,1,2026-03,900,900,0,0,1.0000000,13.0,13.0,13
7,2,2026-08,897,897,0,0,1.0000000,13.0,13.0,13
6,1,2026-03,892,892,0,0,1.0000000,13.0,13.0,13
8,2,2026-03,868,868,0,0,1.0000000,13.0,13.0,13
5,1,2026-03,864,864,0,0,1.0000000,13.0,13.0,13
5,2,2026-03,843,843,0,0,1.0000000,13.0,13.0,13
3,1,2026-03,839,839,0,0,1.0000000,13.0,13.0,13
1,2,2026-03,819,819,0,0,1.0000000,13.0,13.0,13
3,2,2026-03,806,806,0,0,1.0000000,13.0,13.0,13
8,1,2026-03,800,800,0,0,1.0000000,13.0,13.0,13
6,2,2026-03,797,797,0,0,1.0000000,13.0,13.0,13
2,2,2026-03,788,788,0,0,1.0000000,13.0,13.0,13
112,1,2026-08,774,0,774,0,1.0000000,25.0,25.0,25
115,2,2026-08,747,0,747,0,1.0000000,25.0,25.0,25
31,1,2026-08,735,0,735,0,1.0000000,24.0,25.0,25
113,1,2026-03,722,0,722,0,1.0000000,25.0,25.0,25
37,11,2026-05,697,0,697,0,1.0000000,24.0,25.0,25
116,2,2026-08,680,0,680,0,1.0000000,25.0,25.0,25
37,10,2026-04,673,0,673,0,1.0000000,25.0,25.0,25
37,10,2026-06,661,0,661,0,1.0000000,25.0,25.0,25
112,1,2026-03,660,0,660,0,1.0000000,25.0,25.0,25
31,1,2026-03,658,0,658,0,1.0000000,24.0,25.0,25
116,1,2026-03,656,0,656,0,1.0000000,25.0,25.0,25
37,10,2026-07,654,0,654,0,1.0000000,24.0,25.0,25
33,2,2026-03,650,0,650,0,1.0000000,24.0,25.0,25
7,10,2026-08,647,647,0,0,1.0000000,13.0,13.0,13
113,2,2026-03,644,0,644,0,1.0000000,25.0,25.0,25
33,2,2026-08,637,0,637,0,1.0000000,24.0,25.0,25
37,11,2026-06,633,0,633,0,1.0000000,25.0,25.0,25
37,11,2026-07,619,0,619,0,1.0000000,24.0,25.0,25
37,11,2026-04,609,0,609,0,1.0000000,24.0,25.0,25
115,2,2026-03,598,0,598,0,1.0000000,25.0,25.0,25
115,1,2026-03,596,0,596,0,1.0000000,25.0,25.0,25
36,2,2026-03,578,0,578,0,1.0000000,24.0,25.0,25
116,2,2026-03,563,0,563,0,1.0000000,25.0,25.0,25
112,2,2026-03,558,0,558,0,1.0000000,25.0,25.0,25
8,11,2026-08,542,542,0,0,1.0000000,13.0,13.0,13
1,10,2026-03,532,532,0,0,1.0000000,13.0,13.0,13
2,10,2026-03,531,531,0,0,1.0000000,13.0,13.0,13
2,10,2026-08,528,528,0,0,1.0000000,13.0,13.0,13
37,4,2026-03,527,0,527,0,1.0000000,25.0,25.0,25
7,11,2026-03,507,507,0,0,1.0000000,13.0,13.0,13
3,7,2026-07,503,503,0,0,1.0000000,13.0,13.0,13
5,11,2026-08,499,499,0,0,1.0000000,13.0,13.0,13
7,10,2026-03,495,495,0,0,1.0000000,13.0,13.0,13
3,7,2026-06,488,488,0,0,1.0000000,13.0,13.0,13
5,10,2026-03,485,485,0,0,1.0000000,13.0,13.0,13
7,7,2026-04,485,485,0,0,1.0000000,13.0,13.0,13
7,6,2026-07,483,483,0,0,1.0000000,13.0,13.0,13
5,6,2026-04,481,481,0,0,1.0000000,13.0,13.0,13
7,7,2026-06,481,481,0,0,1.0000000,13.0,13.0,13
1,11,2026-08,478,478,0,0,1.0000000,13.0,13.0,13
7,7,2026-05,476,476,0,0,1.0000000,13.0,13.0,13
3,10,2026-03,474,474,0,0,1.0000000,13.0,13.0,13
5,7,2026-07,473,473,0,0,1.0000000,13.0,13.0,13
6,7,2026-05,465,465,0,0,1.0000000,13.0,13.0,13
7,7,2026-07,461,461,0,0,1.0000000,13.0,13.0,13
6,7,2026-06,460,460,0,0,1.0000000,13.0,13.0,13
6,11,2026-03,457,457,0,0,1.0000000,13.0,13.0,13
5,7,2026-06,457,457,0,0,1.0000000,13.0,13.0,13
6,7,2026-07,457,457,0,0,1.0000000,13.0,13.0,13
2,6,2026-06,456,456,0,0,1.0000000,13.0,13.0,13
6,6,2026-05,454,454,0,0,1.0000000,13.0,13.0,13
5,7,2026-04,452,452,0,0,1.0000000,13.0,13.0,13
5,11,2026-03,451,451,0,0,1.0000000,13.0,13.0,13
6,6,2026-07,450,450,0,0,1.0000000,13.0,13.0,13
2,6,2026-05,450,450,0,0,1.0000000,13.0,13.0,13
1,7,2026-06,448,448,0,0,1.0000000,13.0,13.0,13
3,6,2026-05,448,448,0,0,1.0000000,13.0,13.0,13
1,6,2026-07,446,446,0,0,1.0000000,13.0,13.0,13
8,6,2026-05,441,441,0,0,1.0000000,13.0,13.0,13
2,7,2026-06,438,438,0,0,1.0000000,13.0,13.0,13
7,6,2026-05,435,435,0,0,1.0000000,13.0,13.0,13
3,11,2026-03,433,433,0,0,1.0000000,13.0,13.0,13
113,10,2026-08,432,0,432,0,1.0000000,25.0,25.0,25
2,6,2026-07,428,428,0,0,1.0000000,13.0,13.0,13
1,6,2026-05,426,426,0,0,1.0000000,13.0,13.0,13
33,10,2026-08,426,0,426,0,1.0000000,24.0,25.0,25
116,11,2026-08,425,0,425,0,1.0000000,25.0,25.0,25
8,7,2026-06,421,421,0,0,1.0000000,13.0,13.0,13
115,10,2026-08,419,0,419,0,1.0000000,25.0,25.0,25
7,6,2026-06,416,416,0,0,1.0000000,13.0,13.0,13
115,11,2026-08,412,0,412,0,1.0000000,25.0,25.0,25
113,11,2026-03,410,0,410,0,1.0000000,25.0,25.0,25
6,6,2026-06,409,409,0,0,1.0000000,13.0,13.0,13
113,11,2026-08,409,0,409,0,1.0000000,25.0,25.0,25
8,6,2026-06,406,406,0,0,1.0000000,13.0,13.0,13
112,11,2026-08,406,0,406,0,1.0000000,25.0,25.0,25
112,10,2026-08,405,0,405,0,1.0000000,25.0,25.0,25
8,6,2026-07,398,398,0,0,1.0000000,13.0,13.0,13
7,6,2026-04,398,398,0,0,1.0000000,13.0,13.0,13
8,6,2026-04,395,395,0,0,1.0000000,13.0,13.0,13
8,10,2026-03,393,393,0,0,1.0000000,13.0,13.0,13
2,11,2026-03,391,391,0,0,1.0000000,13.0,13.0,13
3,6,2026-06,391,391,0,0,1.0000000,13.0,13.0,13
5,6,2026-06,390,390,0,0,1.0000000,13.0,13.0,13
116,10,2026-03,377,0,377,0,1.0000000,25.0,25.0,25
1,6,2026-06,376,376,0,0,1.0000000,13.0,13.0,13
32,10,2026-08,375,0,375,0,1.0000000,24.0,25.0,25
112,10,2026-03,368,0,368,0,1.0000000,25.0,25.0,25
35,6,2026-07,361,0,361,0,1.0000000,24.0,25.0,25
116,7,2026-06,361,0,361,0,1.0000000,25.0,25.0,25
113,7,2026-04,360,0,360,0,1.0000000,25.0,25.0,25
112,7,2026-06,355,0,355,0,1.0000000,25.0,25.0,25
113,10,2026-03,354,0,354,0,1.0000000,25.0,25.0,25
31,7,2026-07,354,0,354,0,1.0000000,24.0,25.0,25
113,6,2026-07,354,0,354,0,1.0000000,25.0,25.0,25
115,7,2026-04,353,0,353,0,1.0000000,25.0,25.0,25
115,10,2026-03,350,0,350,0,1.0000000,25.0,25.0,25
113,7,2026-05,349,0,349,0,1.0000000,25.0,25.0,25
115,7,2026-05,349,0,349,0,1.0000000,25.0,25.0,25
116,7,2026-04,346,0,346,0,1.0000000,25.0,25.0,25
112,11,2026-03,346,0,346,0,1.0000000,25.0,25.0,25
116,6,2026-05,342,0,342,0,1.0000000,25.0,25.0,25
33,6,2026-05,340,0,340,0,1.0000000,24.0,25.0,25
112,7,2026-07,338,0,338,0,1.0000000,25.0,25.0,25
32,6,2026-07,336,0,336,0,1.0000000,24.0,25.0,25
116,6,2026-06,334,0,334,0,1.0000000,25.0,25.0,25
31,10,2026-03,333,0,333,0,1.0000000,24.0,25.0,25
116,11,2026-03,333,0,333,0,1.0000000,25.0,25.0,25
113,6,2026-05,331,0,331,0,1.0000000,25.0,25.0,25
112,6,2026-06,329,0,329,0,1.0000000,25.0,25.0,25
115,6,2026-07,327,0,327,0,1.0000000,25.0,25.0,25
35,6,2026-05,325,0,325,0,1.0000000,24.0,25.0,25
116,7,2026-05,325,0,325,0,1.0000000,25.0,25.0,25
33,7,2026-07,325,0,325,0,1.0000000,24.0,25.0,25
36,7,2026-05,323,0,323,0,1.0000000,24.0,25.0,25
112,6,2026-07,323,0,323,0,1.0000000,25.0,25.0,25
113,6,2026-04,322,0,322,0,1.0000000,25.0,25.0,25
112,7,2026-04,321,0,321,0,1.0000000,25.0,25.0,25
33,7,2026-05,321,0,321,0,1.0000000,24.0,25.0,25
31,6,2026-05,320,0,320,0,1.0000000,24.0,25.0,25
116,6,2026-07,320,0,320,0,1.0000000,25.0,25.0,25
115,6,2026-05,319,0,319,0,1.0000000,25.0,25.0,25
36,6,2026-06,318,0,318,0,1.0000000,24.0,25.0,25
116,6,2026-04,318,0,318,0,1.0000000,25.0,25.0,25
113,7,2026-06,316,0,316,0,1.0000000,25.0,25.0,25
115,6,2026-06,310,0,310,0,1.0000000,25.0,25.0,25
31,7,2026-06,309,0,309,0,1.0000000,24.0,25.0,25
115,6,2026-04,308,0,308,0,1.0000000,25.0,25.0,25
32,6,2026-05,308,0,308,0,1.0000000,24.0,25.0,25
32,7,2026-04,305,0,305,0,1.0000000,24.0,25.0,25
36,6,2026-05,302,0,302,0,1.0000000,24.0,25.0,25
113,6,2026-06,300,0,300,0,1.0000000,25.0,25.0,25
33,7,2026-06,299,0,299,0,1.0000000,24.0,25.0,25
115,7,2026-06,297,0,297,0,1.0000000,25.0,25.0,25
112,6,2026-04,296,0,296,0,1.0000000,25.0,25.0,25
112,6,2026-05,291,0,291,0,1.0000000,25.0,25.0,25
901,7,2026-07,290,0,290,0,1.0000000,24.0,25.0,25
35,10,2026-03,276,0,276,0,1.0000000,24.0,25.0,25
37,10,2026-08,275,0,275,0,1.0000000,24.0,25.0,25
8,8,2026-05,254,254,0,0,1.0000000,13.0,13.0,13
902,7,2026-06,247,0,247,0,1.0000000,24.0,25.0,25
8,8,2026-07,246,246,0,0,1.0000000,13.0,13.0,13
901,10,2026-03,240,0,240,0,1.0000000,24.0,25.0,25
1,8,2026-07,238,238,0,0,1.0000000,13.0,13.0,13
7,8,2026-05,235,235,0,0,1.0000000,13.0,13.0,13
5,5,2026-04,234,234,0,0,1.0000000,13.0,13.0,13
2,5,2026-05,234,234,0,0,1.0000000,13.0,13.0,13
1,5,2026-07,233,233,0,0,1.0000000,13.0,13.0,13
7,5,2026-07,232,232,0,0,1.0000000,13.0,13.0,13
2,8,2026-07,231,231,0,0,1.0000000,13.0,13.0,13
7,8,2026-07,231,231,0,0,1.0000000,13.0,13.0,13
8,5,2026-07,230,230,0,0,1.0000000,13.0,13.0,13
8,5,2026-06,228,228,0,0,1.0000000,13.0,13.0,13
6,8,2026-07,226,226,0,0,1.0000000,13.0,13.0,13
3,8,2026-07,224,224,0,0,1.0000000,13.0,13.0,13
5,5,2026-06,221,221,0,0,1.0000000,13.0,13.0,13
3,8,2026-06,221,221,0,0,1.0000000,13.0,13.0,13
2,8,2026-06,220,220,0,0,1.0000000,13.0,13.0,13
7,5,2026-05,219,219,0,0,1.0000000,13.0,13.0,13
7,8,2026-06,218,218,0,0,1.0000000,13.0,13.0,13
5,5,2026-07,217,217,0,0,1.0000000,13.0,13.0,13
3,5,2026-07,216,216,0,0,1.0000000,13.0,13.0,13
3,5,2026-06,216,216,0,0,1.0000000,13.0,13.0,13
37,7,2026-04,216,0,216,0,1.0000000,24.0,25.0,25
5,8,2026-06,216,216,0,0,1.0000000,13.0,13.0,13
6,5,2026-06,215,215,0,0,1.0000000,13.0,13.0,13
1,8,2026-06,214,214,0,0,1.0000000,13.0,13.0,13
5,5,2026-05,213,213,0,0,1.0000000,13.0,13.0,13
7,8,2026-04,213,213,0,0,1.0000000,13.0,13.0,13
1,5,2026-04,212,212,0,0,1.0000000,13.0,13.0,13
6,8,2026-05,209,209,0,0,1.0000000,13.0,13.0,13
1,5,2026-05,209,209,0,0,1.0000000,13.0,13.0,13
37,6,2026-05,208,0,208,0,1.0000000,24.0,25.0,25
116,5,2026-05,207,0,207,0,1.0000000,25.0,25.0,25
8,8,2026-04,207,207,0,0,1.0000000,13.0,13.0,13
6,5,2026-05,207,207,0,0,1.0000000,13.0,13.0,13
2,5,2026-07,206,206,0,0,1.0000000,13.0,13.0,13
2,7,2026-08,205,205,0,0,1.0000000,13.0,13.0,13
8,8,2026-06,203,203,0,0,1.0000000,13.0,13.0,13
37,7,2026-07,202,0,202,0,1.0000000,25.0,25.0,25
37,7,2026-05,201,0,201,0,1.0000000,24.0,25.0,25
7,5,2026-04,201,201,0,0,1.0000000,13.0,13.0,13
2,5,2026-06,199,199,0,0,1.0000000,13.0,13.0,13
5,8,2026-05,199,199,0,0,1.0000000,13.0,13.0,13
2,5,2026-04,197,197,0,0,1.0000000,13.0,13.0,13
6,5,2026-07,195,195,0,0,1.0000000,13.0,13.0,13
37,6,2026-04,194,0,194,0,1.0000000,25.0,25.0,25
37,6,2026-07,194,0,194,0,1.0000000,24.0,25.0,25
5,7,2026-08,194,194,0,0,1.0000000,13.0,13.0,13
6,8,2026-06,192,192,0,0,1.0000000,13.0,13.0,13
37,11,2026-03,192,0,192,0,1.0000000,25.0,25.0,25
5,8,2026-04,191,191,0,0,1.0000000,13.0,13.0,13
8,5,2026-04,190,190,0,0,1.0000000,13.0,13.0,13
3,5,2026-04,190,190,0,0,1.0000000,13.0,13.0,13
6,8,2026-04,190,190,0,0,1.0000000,13.0,13.0,13
33,5,2026-07,189,0,189,0,1.0000000,24.0,25.0,25
113,5,2026-04,189,0,189,0,1.0000000,25.0,25.0,25
3,8,2026-05,188,188,0,0,1.0000000,13.0,13.0,13
2,8,2026-04,188,188,0,0,1.0000000,13.0,13.0,13
7,5,2026-06,187,187,0,0,1.0000000,13.0,13.0,13
5,6,2026-08,186,186,0,0,1.0000000,13.0,13.0,13
6,5,2026-04,183,183,0,0,1.0000000,13.0,13.0,13
3,7,2026-08,180,180,0,0,1.0000000,13.0,13.0,13
1,6,2026-08,180,180,0,0,1.0000000,13.0,13.0,13
6,6,2026-08,179,179,0,0,1.0000000,13.0,13.0,13
113,5,2026-05,179,0,179,0,1.0000000,25.0,25.0,25
115,8,2026-07,175,0,175,0,1.0000000,25.0,25.0,25
31,8,2026-07,175,0,175,0,1.0000000,24.0,25.0,25
112,8,2026-05,174,0,174,0,1.0000000,25.0,25.0,25
31,5,2026-04,174,0,174,0,1.0000000,24.5,25.0,25
8,7,2026-08,174,174,0,0,1.0000000,13.0,13.0,13
115,5,2026-06,173,0,173,0,1.0000000,25.0,25.0,25
35,5,2026-06,172,0,172,0,1.0000000,24.0,25.0,25
6,7,2026-08,171,171,0,0,1.0000000,13.0,13.0,13
7,7,2026-08,171,171,0,0,1.0000000,13.0,13.0,13
112,8,2026-06,170,0,170,0,1.0000000,25.0,25.0,25
8,7,2026-03,170,170,0,0,1.0000000,13.0,13.0,13
32,5,2026-06,169,0,169,0,1.0000000,24.0,25.0,25
116,5,2026-06,169,0,169,0,1.0000000,25.0,25.0,25
32,8,2026-07,169,0,169,0,1.0000000,24.0,25.0,25
2,6,2026-08,169,169,0,0,1.0000000,13.0,13.0,13
3,7,2026-03,168,168,0,0,1.0000000,13.0,13.0,13
35,8,2026-04,168,0,168,0,1.0000000,24.0,25.0,25
8,6,2026-08,168,168,0,0,1.0000000,13.0,13.0,13
116,8,2026-05,168,0,168,0,1.0000000,25.0,25.0,25
116,5,2026-07,167,0,167,0,1.0000000,25.0,25.0,25
31,5,2026-05,167,0,167,0,1.0000000,25.0,25.0,25
900,1,2026-03,166,0,166,0,1.0000000,24.0,25.0,25
32,5,2026-07,165,0,165,0,1.0000000,24.0,25.0,25
33,5,2026-04,165,0,165,0,1.0000000,24.0,25.0,25
5,7,2026-03,165,165,0,0,1.0000000,13.0,13.0,13
35,5,2026-05,165,0,165,0,1.0000000,24.0,25.0,25
36,8,2026-05,164,0,164,0,1.0000000,24.0,25.0,25
113,8,2026-05,164,0,164,0,1.0000000,25.0,25.0,25
37,6,2026-06,164,0,164,0,1.0000000,24.0,25.0,25
116,8,2026-06,164,0,164,0,1.0000000,25.0,25.0,25
903,5,2026-06,163,0,163,0,1.0000000,24.0,25.0,25
113,5,2026-07,163,0,163,0,1.0000000,25.0,25.0,25
113,8,2026-04,161,0,161,0,1.0000000,25.0,25.0,25
31,8,2026-04,161,0,161,0,1.0000000,24.0,25.0,25
112,8,2026-07,161,0,161,0,1.0000000,25.0,25.0,25
115,8,2026-04,159,0,159,0,1.0000000,25.0,25.0,25
903,8,2026-04,159,0,159,0,1.0000000,24.0,25.0,25
7,7,2026-03,159,159,0,0,1.0000000,13.0,13.0,13
901,5,2026-07,158,0,158,0,1.0000000,24.0,25.0,25
115,8,2026-05,157,0,157,0,1.0000000,25.0,25.0,25
116,8,2026-07,157,0,157,0,1.0000000,25.0,25.0,25
1,7,2026-08,156,156,0,0,1.0000000,13.0,13.0,13
33,8,2026-05,156,0,156,0,1.0000000,24.0,25.0,25
113,8,2026-06,154,0,154,0,1.0000000,25.0,25.0,25
36,8,2026-04,153,0,153,0,1.0000000,24.0,25.0,25
3,6,2026-08,153,153,0,0,1.0000000,13.0,13.0,13
31,7,2026-08,153,0,153,0,1.0000000,24.0,25.0,25
7,6,2026-08,153,153,0,0,1.0000000,13.0,13.0,13
32,5,2026-04,152,0,152,0,1.0000000,24.0,25.0,25
115,5,2026-05,152,0,152,0,1.0000000,25.0,25.0,25
6,7,2026-03,152,152,0,0,1.0000000,13.0,13.0,13
112,8,2026-04,152,0,152,0,1.0000000,25.0,25.0,25
7,6,2026-03,151,151,0,0,1.0000000,13.0,13.0,13
31,5,2026-06,150,0,150,0,1.0000000,24.0,25.0,25
36,5,2026-05,149,0,149,0,1.0000000,24.0,25.0,25
112,5,2026-04,149,0,149,0,1.0000000,25.0,25.0,25
115,8,2026-06,148,0,148,0,1.0000000,25.0,25.0,25
112,5,2026-05,148,0,148,0,1.0000000,25.0,25.0,25
116,5,2026-04,148,0,148,0,1.0000000,25.0,25.0,25
8,6,2026-03,146,146,0,0,1.0000000,13.0,13.0,13
116,8,2026-04,146,0,146,0,1.0000000,25.0,25.0,25
33,8,2026-04,145,0,145,0,1.0000000,24.0,25.0,25
33,8,2026-06,144,0,144,0,1.0000000,24.0,25.0,25
31,7,2026-03,142,0,142,0,1.0000000,24.0,25.0,25
35,7,2026-08,142,0,142,0,1.0000000,24.0,25.0,25
2,7,2026-03,141,141,0,0,1.0000000,13.0,13.0,13
2,6,2026-03,141,141,0,0,1.0000000,13.0,13.0,13
31,5,2026-07,141,0,141,0,1.0000000,24.0,25.0,25
3,6,2026-03,140,140,0,0,1.0000000,13.0,13.0,13
36,5,2026-04,139,0,139,0,1.0000000,24.0,25.0,25
35,8,2026-05,139,0,139,0,1.0000000,24.0,25.0,25
33,5,2026-06,139,0,139,0,1.0000000,24.0,25.0,25
112,5,2026-07,138,0,138,0,1.0000000,25.0,25.0,25
907,5,2026-05,138,0,138,0,1.0000000,24.0,25.0,25
33,7,2026-08,138,0,138,0,1.0000000,24.0,25.0,25
36,5,2026-06,137,0,137,0,1.0000000,24.0,25.0,25
901,5,2026-04,136,0,136,0,1.0000000,24.0,25.0,25
911,5,2026-07,136,0,136,0,1.0000000,24.0,25.0,25
32,8,2026-05,135,0,135,0,1.0000000,25.0,25.0,25
115,5,2026-07,134,0,134,0,1.0000000,25.0,25.0,25
1,7,2026-03,133,133,0,0,1.0000000,13.0,13.0,13
112,5,2026-06,133,0,133,0,1.0000000,25.0,25.0,25
115,5,2026-04,132,0,132,0,1.0000000,25.0,25.0,25
5,6,2026-03,131,131,0,0,1.0000000,13.0,13.0,13
116,7,2026-08,130,0,130,0,1.0000000,25.0,25.0,25
32,8,2026-04,129,0,129,0,1.0000000,24.0,25.0,25
905,5,2026-04,128,0,128,0,1.0000000,24.0,25.0,25
35,7,2026-03,128,0,128,0,1.0000000,24.0,25.0,25
33,5,2026-05,127,0,127,0,1.0000000,24.0,25.0,25
113,7,2026-08,126,0,126,0,1.0000000,25.0,25.0,25
907,5,2026-07,126,0,126,0,1.0000000,24.0,25.0,25
911,5,2026-06,124,0,124,0,1.0000000,24.0,25.0,25
116,7,2026-03,124,0,124,0,1.0000000,25.0,25.0,25
1,6,2026-03,123,123,0,0,1.0000000,13.0,13.0,13
908,5,2026-06,123,0,123,0,1.0000000,24.0,25.0,25
905,5,2026-07,122,0,122,0,1.0000000,24.0,25.0,25
35,6,2026-03,121,0,121,0,1.0000000,24.0,25.0,25
116,6,2026-08,121,0,121,0,1.0000000,25.0,25.0,25
115,7,2026-08,121,0,121,0,1.0000000,25.0,25.0,25
910,5,2026-07,119,0,119,0,1.0000000,24.0,25.0,25
913,8,2026-05,119,0,119,0,1.0000000,24.0,25.0,25
37,5,2026-07,118,0,118,0,1.0000000,25.0,25.0,25
903,6,2026-08,117,0,117,0,1.0000000,24.0,25.0,25
907,8,2026-06,116,0,116,0,1.0000000,24.0,25.0,25
32,7,2026-08,116,0,116,0,1.0000000,24.0,25.0,25
902,5,2026-06,114,0,114,0,1.0000000,24.0,25.0,25
115,6,2026-08,114,0,114,0,1.0000000,25.0,25.0,25
905,8,2026-06,114,0,114,0,1.0000000,24.0,25.0,25
35,6,2026-08,113,0,113,0,1.0000000,24.0,25.0,25
6,6,2026-03,112,112,0,0,1.0000000,13.0,13.0,13
113,6,2026-08,112,0,112,0,1.0000000,25.0,25.0,25
113,7,2026-03,111,0,111,0,1.0000000,25.0,25.0,25
903,5,2026-04,111,0,111,0,1.0000000,24.0,25.0,25
112,7,2026-08,110,0,110,0,1.0000000,25.0,25.0,25
909,5,2026-04,110,0,110,0,1.0000000,24.0,25.0,25
3,5,2026-08,109,109,0,0,1.0000000,13.0,13.0,13
33,7,2026-03,108,0,108,0,1.0000000,24.0,25.0,25
32,6,2026-03,106,0,106,0,1.0000000,24.0,25.0,25
32,7,2026-03,106,0,106,0,1.0000000,24.0,25.0,25
37,8,2026-07,104,0,104,0,1.0000000,25.0,25.0,25
112,6,2026-08,104,0,104,0,1.0000000,25.0,25.0,25
33,6,2026-03,104,0,104,0,1.0000000,24.0,25.0,25
116,6,2026-03,103,0,103,0,1.0000000,25.0,25.0,25
907,7,2026-08,102,0,102,0,1.0000000,24.0,25.0,25
115,7,2026-03,102,0,102,0,1.0000000,25.0,25.0,25
36,7,2026-03,101,0,101,0,1.0000000,24.0,25.0,25
112,6,2026-03,100,0,100,0,1.0000000,25.0,25.0,25
905,6,2026-08,99,0,99,0,1.0000000,24.0,25.0,25
37,8,2026-04,98,0,98,0,1.0000000,25.0,25.0,25
7,9,2026-06,98,98,0,0,1.0000000,13.0,13.0,13
37,8,2026-05,97,0,97,0,1.0000000,24.0,25.0,25
113,6,2026-03,97,0,97,0,1.0000000,25.0,25.0,25
8,5,2026-08,96,96,0,0,1.0000000,13.0,13.0,13
115,6,2026-03,96,0,96,0,1.0000000,25.0,25.0,25
3,8,2026-08,93,93,0,0,1.0000000,13.0,13.0,13
7,5,2026-08,93,93,0,0,1.0000000,13.0,13.0,13
7,8,2026-08,93,93,0,0,1.0000000,13.0,13.0,13
902,7,2026-03,92,0,92,0,1.0000000,24.0,25.0,25
37,5,2026-04,92,0,92,0,1.0000000,25.0,25.0,25
6,5,2026-03,91,91,0,0,1.0000000,13.0,13.0,13
37,8,2026-06,86,0,86,0,1.0000000,24.0,25.0,25
6,9,2026-07,86,86,0,0,1.0000000,13.0,13.0,13
31,6,2026-03,84,0,84,0,1.0000000,24.0,25.0,25
6,9,2026-05,84,84,0,0,1.0000000,13.0,13.0,13
1,5,2026-03,84,84,0,0,1.0000000,13.0,13.0,13
37,7,2026-08,83,0,83,0,1.0000000,24.0,25.0,25
3,5,2026-03,83,83,0,0,1.0000000,13.0,13.0,13
8,9,2026-05,83,83,0,0,1.0000000,13.0,13.0,13
8,9,2026-04,83,83,0,0,1.0000000,13.0,13.0,13
3,9,2026-05,82,82,0,0,1.0000000,13.0,13.0,13
2,9,2026-06,81,81,0,0,1.0000000,13.0,13.0,13
2,8,2026-08,81,81,0,0,1.0000000,13.0,13.0,13
5,8,2026-08,81,81,0,0,1.0000000,13.0,13.0,13
5,5,2026-08,80,80,0,0,1.0000000,13.0,13.0,13
8,8,2026-03,79,79,0,0,1.0000000,13.0,13.0,13
6,9,2026-04,79,79,0,0,1.0000000,13.0,13.0,13
8,5,2026-03,79,79,0,0,1.0000000,13.0,13.0,13
2,5,2026-08,79,79,0,0,1.0000000,13.0,13.0,13
6,8,2026-08,79,79,0,0,1.0000000,13.0,13.0,13
5,9,2026-07,77,77,0,0,1.0000000,13.0,13.0,13
37,5,2026-06,77,0,77,0,1.0000000,24.0,25.0,25
7,5,2026-03,77,77,0,0,1.0000000,13.0,13.0,13
32,8,2026-08,76,0,76,0,1.0000000,24.0,25.0,25
8,8,2026-08,75,75,0,0,1.0000000,13.0,13.0,13
5,5,2026-03,75,75,0,0,1.0000000,13.0,13.0,13
37,5,2026-05,75,0,75,0,1.0000000,24.0,25.0,25
2,9,2026-07,74,74,0,0,1.0000000,13.0,13.0,13
5,9,2026-04,74,74,0,0,1.0000000,13.0,13.0,13
8,9,2026-07,74,74,0,0,1.0000000,13.0,13.0,13
1,9,2026-04,73,73,0,0,1.0000000,13.0,13.0,13
906,7,2026-03,73,0,73,0,1.0000000,23.0,25.0,25
7,8,2026-03,73,73,0,0,1.0000000,13.0,13.0,13
2,8,2026-03,72,72,0,0,1.0000000,13.0,13.0,13
37,7,2026-03,72,0,72,0,1.0000000,25.0,25.0,25
32,9,2026-07,72,0,72,0,1.0000000,24.0,25.0,25
1,8,2026-03,71,71,0,0,1.0000000,13.0,13.0,13
5,9,2026-06,70,70,0,0,1.0000000,13.0,13.0,13
6,8,2026-03,70,70,0,0,1.0000000,13.0,13.0,13
903,7,2026-03,70,0,70,0,1.0000000,24.0,25.0,25
2,9,2026-05,69,69,0,0,1.0000000,13.0,13.0,13
3,9,2026-06,69,69,0,0,1.0000000,13.0,13.0,13
5,9,2026-05,69,69,0,0,1.0000000,13.0,13.0,13
116,9,2026-06,69,0,69,0,1.0000000,25.0,25.0,25
115,9,2026-04,67,0,67,0,1.0000000,25.0,25.0,25
113,9,2026-05,66,0,66,0,1.0000000,25.0,25.0,25
5,8,2026-03,66,66,0,0,1.0000000,13.0,13.0,13
36,5,2026-08,65,0,65,0,1.0000000,24.0,25.0,25
31,8,2026-03,65,0,65,0,1.0000000,24.0,25.0,25
35,5,2026-03,65,0,65,0,1.0000000,24.0,25.0,25
908,7,2026-03,64,0,64,0,1.0000000,24.0,25.0,25
116,5,2026-08,64,0,64,0,1.0000000,25.0,25.0,25
2,5,2026-03,64,64,0,0,1.0000000,13.0,13.0,13
116,9,2026-07,64,0,64,0,1.0000000,25.0,25.0,25
7,9,2026-04,64,64,0,0,1.0000000,12.5,13.0,13
7,9,2026-05,64,64,0,0,1.0000000,13.0,13.0,13
112,9,2026-07,63,0,63,0,1.0000000,25.0,25.0,25
37,6,2026-03,63,0,63,0,1.0000000,25.0,25.0,25
31,9,2026-05,62,0,62,0,1.0000000,24.0,25.0,25
113,9,2026-04,62,0,62,0,1.0000000,25.0,25.0,25
6,9,2026-06,62,62,0,0,1.0000000,13.0,13.0,13
1,9,2026-06,61,61,0,0,1.0000000,13.0,13.0,13
36,9,2026-05,61,0,61,0,1.0000000,24.0,25.0,25
31,8,2026-08,61,0,61,0,1.0000000,24.0,25.0,25
3,9,2026-04,60,60,0,0,1.0000000,13.0,13.0,13
32,9,2026-05,60,0,60,0,1.0000000,24.0,25.0,25
37,6,2026-08,59,0,59,0,1.0000000,24.0,25.0,25
32,9,2026-06,59,0,59,0,1.0000000,24.0,25.0,25
116,9,2026-05,59,0,59,0,1.0000000,25.0,25.0,25
35,9,2026-06,58,0,58,0,1.0000000,24.0,25.0,25
3,8,2026-03,58,58,0,0,1.0000000,13.0,13.0,13
115,5,2026-08,58,0,58,0,1.0000000,25.0,25.0,25
113,8,2026-08,57,0,57,0,1.0000000,25.0,25.0,25
116,8,2026-08,57,0,57,0,1.0000000,25.0,25.0,25
113,9,2026-06,56,0,56,0,1.0000000,25.0,25.0,25
31,9,2026-04,56,0,56,0,1.0000000,24.0,25.0,25
33,9,2026-06,56,0,56,0,1.0000000,24.0,25.0,25
3,9,2026-07,56,56,0,0,1.0000000,13.0,13.0,13
112,9,2026-05,56,0,56,0,1.0000000,25.0,25.0,25
36,9,2026-04,56,0,56,0,1.0000000,24.0,25.0,25
35,8,2026-08,56,0,56,0,1.0000000,24.0,25.0,25
113,9,2026-07,55,0,55,0,1.0000000,25.0,25.0,25
115,9,2026-05,55,0,55,0,1.0000000,25.0,25.0,25
112,8,2026-03,55,0,55,0,1.0000000,25.0,25.0,25
116,8,2026-03,55,0,55,0,1.0000000,25.0,25.0,25
116,9,2026-04,55,0,55,0,1.0000000,25.0,25.0,25
33,8,2026-08,55,0,55,0,1.0000000,24.0,25.0,25
116,5,2026-03,54,0,54,0,1.0000000,25.0,25.0,25
115,9,2026-07,54,0,54,0,1.0000000,25.0,25.0,25
902,8,2026-08,54,0,54,0,1.0000000,24.0,25.0,25
33,9,2026-05,53,0,53,0,1.0000000,24.0,25.0,25
35,8,2026-03,53,0,53,0,1.0000000,24.0,25.0,25
112,5,2026-08,53,0,53,0,1.0000000,25.0,25.0,25
36,9,2026-07,53,0,53,0,1.0000000,24.0,25.0,25
35,9,2026-04,52,0,52,0,1.0000000,24.0,25.0,25
112,9,2026-04,52,0,52,0,1.0000000,25.0,25.0,25
115,9,2026-06,52,0,52,0,1.0000000,25.0,25.0,25
901,8,2026-08,51,0,51,0,1.0000000,24.0,25.0,25
31,5,2026-08,51,0,51,0,1.0000000,24.0,25.0,25
112,8,2026-08,50,0,50,0,1.0000000,25.0,25.0,25
113,5,2026-08,50,0,50,0,1.0000000,25.0,25.0,25
906,9,2026-04,49,0,49,0,1.0000000,24.0,25.0,25
913,6,2026-03,49,0,49,0,1.0000000,24.0,25.0,25
901,5,2026-08,49,0,49,0,1.0000000,24.0,25.0,25
33,8,2026-03,49,0,49,0,1.0000000,24.0,25.0,25
32,5,2026-08,48,0,48,0,1.0000000,24.0,25.0,25
906,8,2026-03,48,0,48,0,1.0000000,24.0,25.0,25
115,8,2026-08,47,0,47,0,1.0000000,25.0,25.0,25
905,5,2026-08,47,0,47,0,1.0000000,24.0,25.0,25
912,9,2026-07,47,0,47,0,1.0000000,24.0,25.0,25
113,8,2026-03,47,0,47,0,1.0000000,25.0,25.0,25
37,5,2026-03,46,0,46,0,1.0000000,25.0,25.0,25
31,9,2026-07,45,0,45,0,1.0000000,24.0,25.0,25
115,8,2026-03,45,0,45,0,1.0000000,25.0,25.0,25
909,8,2026-08,45,0,45,0,1.0000000,24.0,25.0,25
906,5,2026-03,44,0,44,0,1.0000000,24.0,25.0,25
33,5,2026-03,44,0,44,0,1.0000000,25.0,25.0,25
912,9,2026-04,43,0,43,0,1.0000000,23.0,25.0,25
32,5,2026-03,43,0,43,0,1.0000000,24.0,25.0,25
112,9,2026-06,43,0,43,0,1.0000000,25.0,25.0,25
112,5,2026-03,43,0,43,0,1.0000000,25.0,25.0,25
113,5,2026-03,43,0,43,0,1.0000000,25.0,25.0,25
32,8,2026-03,42,0,42,0,1.0000000,24.0,25.0,25
33,9,2026-07,42,0,42,0,1.0000000,24.0,25.0,25
37,9,2026-05,42,0,42,0,1.0000000,25.0,25.0,25
903,5,2026-08,42,0,42,0,1.0000000,24.0,25.0,25
911,5,2026-08,41,0,41,0,1.0000000,24.0,25.0,25
902,9,2026-06,40,0,40,0,1.0000000,24.0,25.0,25
905,5,2026-03,38,0,38,0,1.0000000,24.0,25.0,25
909,5,2026-08,38,0,38,0,1.0000000,24.0,25.0,25
37,8,2026-08,37,0,37,0,1.0000000,25.0,25.0,25
37,5,2026-08,37,0,37,0,1.0000000,25.0,25.0,25
903,9,2026-04,36,0,36,0,1.0000000,24.0,25.0,25
36,5,2026-03,36,0,36,0,1.0000000,24.0,25.0,25
37,9,2026-04,36,0,36,0,1.0000000,24.5,25.0,25
115,5,2026-03,36,0,36,0,1.0000000,25.0,25.0,25
909,5,2026-03,36,0,36,0,1.0000000,24.0,25.0,25
908,5,2026-03,35,0,35,0,1.0000000,24.0,25.0,25
7,9,2026-03,35,35,0,0,1.0000000,13.0,13.0,13
8,9,2026-08,35,35,0,0,1.0000000,12.0,13.0,13
37,9,2026-07,34,0,34,0,1.0000000,24.0,25.0,25
5,9,2026-03,33,33,0,0,1.0000000,13.0,13.0,13
905,8,2026-03,33,0,33,0,1.0000000,24.0,25.0,25
7,9,2026-08,33,33,0,0,1.0000000,12.0,13.0,13
903,5,2026-03,33,0,33,0,1.0000000,24.0,25.0,25
911,5,2026-03,30,0,30,0,1.0000000,24.0,25.0,25
37,9,2026-06,30,0,30,0,1.0000000,24.0,25.0,25
2,9,2026-08,29,29,0,0,1.0000000,12.0,13.0,13
5,9,2026-08,29,29,0,0,1.0000000,13.0,13.0,13
3,9,2026-08,29,29,0,0,1.0000000,13.0,13.0,13
8,9,2026-03,29,29,0,0,1.0000000,13.0,13.0,13
902,8,2026-03,29,0,29,0,1.0000000,24.0,25.0,25
6,9,2026-08,28,28,0,0,1.0000000,13.0,13.0,13
2,9,2026-03,27,27,0,0,1.0000000,13.0,13.0,13
31,9,2026-08,26,0,26,0,1.0000000,24.0,25.0,25
3,9,2026-03,26,26,0,0,1.0000000,13.0,13.0,13
112,9,2026-03,26,0,26,0,1.0000000,25.0,25.0,25
115,9,2026-08,26,0,26,0,1.0000000,25.0,25.0,25
32,9,2026-08,26,0,26,0,1.0000000,24.0,25.0,25
906,9,2026-08,24,0,24,0,1.0000000,24.0,25.0,25
113,9,2026-08,23,0,23,0,1.0000000,24.0,25.0,25
901,5,2026-03,23,0,23,0,1.0000000,24.0,25.0,25
115,9,2026-03,22,0,22,0,1.0000000,25.0,25.0,25
911,9,2026-08,22,0,22,0,1.0000000,24.0,25.0,25
900,8,2026-03,21,0,21,0,1.0000000,24.0,25.0,25
37,8,2026-03,21,0,21,0,1.0000000,24.0,25.0,25
116,9,2026-08,21,0,21,0,1.0000000,25.0,25.0,25
900,6,2026-03,21,0,21,0,1.0000000,24.0,25.0,25
35,9,2026-03,20,0,20,0,1.0000000,24.5,25.0,25
31,9,2026-03,20,0,20,0,1.0000000,24.5,25.0,25
6,9,2026-03,20,20,0,0,1.0000000,13.0,13.0,13
908,9,2026-03,20,0,20,0,1.0000000,24.0,25.0,25
910,9,2026-08,20,0,20,0,1.0000000,23.0,25.0,25
112,9,2026-08,19,0,19,0,1.0000000,25.0,25.0,25
901,9,2026-08,19,0,19,0,1.0000000,25.0,25.0,25
116,9,2026-03,19,0,19,0,1.0000000,24.0,25.0,25
33,9,2026-03,18,0,18,0,1.0000000,24.0,25.0,25
907,9,2026-08,18,0,18,0,1.0000000,23.0,25.0,25
32,9,2026-03,18,0,18,0,1.0000000,24.0,25.0,25
913,5,2026-03,17,0,17,0,1.0000000,24.0,25.0,25
36,9,2026-08,17,0,17,0,1.0000000,24.0,25.0,25
1,9,2026-03,17,17,0,0,1.0000000,13.0,13.0,13
903,9,2026-08,16,0,16,0,1.0000000,24.0,25.0,25
113,9,2026-03,16,0,16,0,1.0000000,25.0,25.0,25
33,9,2026-08,14,0,14,0,1.0000000,24.0,25.0,25
908,9,2026-08,14,0,14,0,1.0000000,24.0,25.0,25
906,9,2026-03,13,0,13,0,1.0000000,24.0,25.0,25
912,9,2026-03,13,0,13,0,1.0000000,23.0,25.0,25
901,9,2026-03,13,0,13,0,1.0000000,23.0,25.0,25
905,9,2026-03,12,0,12,0,1.0000000,22.5,24.899999618530273,25
37,9,2026-08,11,0,11,0,1.0000000,25.0,25.0,25
37,9,2026-03,11,0,11,0,1.0000000,24.0,25.0,25
909,9,2026-03,9,0,9,0,1.0000000,24.0,25.0,25
903,9,2026-03,8,0,8,0,1.0000000,24.5,25.0,25
905,9,2026-08,8,0,8,0,1.0000000,23.5,25.0,25
900,9,2026-03,5,0,5,0,1.0000000,24.0,25.0,25
