dt,table_id,shoe_id,max_round,min_round,rounds_with_bet,gap,n_bettors,n_bets,anomaly_type,hi_cut_used,stake,valid_bet,profit,n_bets_xagg,n_rounds,roi,roi_late,roi_non_late,roi_ex_rebate,roi_numerator,roi_denominator,roi_denominator_status,rebate_cost,agent_cost,agent_pct,company_retain_pct,agent_formula_version,agent_cost_a_legacy,agent_cost_valid_base_legacy,ngr,net_margin,net_margin_a_legacy,ngr_rate,net_margin_rate,net_margin_a_rate_legacy,avg_stake_per_bet,avg_valid_bet_per_round,avg_profit_per_round,avg_profit_per_day,avg_profit_per_shoe,avg_stake_per_active_day,avg_rounds_per_active_day,avg_stake_late,avg_stake_non_late,p25_stake,p50_stake,p75_stake,p90_stake,p95_stake,p99_stake,p50_valid_bet,p50_profit,p95_over_p50,p99_over_p50,avg_over_p50,common_table_count,common_dealer_count,common_ip_count,common_product_count,share_late,hold_rate,hold_rate_late,rebate_rate_actual,rebate_pct_config,turnover_multiple,free_comm_rate,roi_delta_late,first_seen,last_seen,active_days,active_shoes,active_sessions,span_days,persistence,ramp_late,ramp_recent,stake_ramp,vip_tier,economic_value,risk_value,pr_stake,action_priority,audit_rn,batch_id
2026-03-24,900,123647,5,2,4,1,6,9,残靴：截断／换荷官／开收台可疑,87.0,4700866.8383,4273300.2609,-57756.2773,46032,3854,0.01228630,-0.00831897,0.01684868,0.01182288,57756.2773,4700866.8383,OK,2178.4941,-2945.6170,4.0177,95.9823,AG03-B-v1,-54810.6603,4097352.9786,-59934.7714,-56989.1544,-5124.1110,-0.01274973,-0.01212312,-0.00109004,102.1217,1108.7961,-14.9861,-14439.0693,-825.0897,1175216.7096,963.5000,95.0023,103.8448,4.4018,15.6137,52.6635,208.5149,438.3273,1316.5863,13.1659,-2.2009,28.073204,84.322362,6.540509,1,1,7862,16,0.18127953,-0.01228630,0.00831897,0.00050979,0.034504,0.909045,0.072623,-0.02516765,2026-03-23,2026-03-26,4,70,4,4,1.000000,0.914849,,0.000000,1,1.0,1.0,0.0,A 平台净亏首位 · 立即处置,1,1
2026-03-25,909,123900,4,1,3,1,5,6,残靴：截断／换荷官／开收台可疑,87.0,174066619.0805,157166699.1452,324213.1599,1483351,163316,-0.00186258,0.00901271,-0.00455908,-0.00238545,-324213.1599,174066619.0805,OK,91013.4776,21308.7910,4.0043,95.9957,AG03-B-v1,302904.3689,150779358.4364,233199.6822,211890.8912,-69704.6867,0.00133972,0.00121730,-0.00040045,117.3469,962.3472,1.9852,2366.5194,99.2084,1270559.2634,1192.0876,111.2054,118.9761,5.1636,17.8977,56.9735,204.3903,408.7806,1663.6167,12.9729,-2.1082,22.839785,92.951199,6.556519,1,1,204947,16,0.19868437,0.00186258,-0.00901271,0.00057909,0.045029,0.902911,0.082233,0.01357179,2026-03-23,2026-08-06,137,3268,137,137,1.000000,0.934687,1.046996,0.830728,1,0.9707446808510638,0.9707446808510638,0.17287234042553193,A 平台净亏首位 · 立即处置,2,1
2026-03-31,909,12792,1,1,1,0,1,1,残靴：截断／换荷官／开收台可疑,87.0,174066619.0805,157166699.1452,324213.1599,1483351,163316,-0.00186258,0.00901271,-0.00455908,-0.00238545,-324213.1599,174066619.0805,OK,91013.4776,21308.7910,4.0043,95.9957,AG03-B-v1,302904.3689,150779358.4364,233199.6822,211890.8912,-69704.6867,0.00133972,0.00121730,-0.00040045,117.3469,962.3472,1.9852,2366.5194,99.2084,1270559.2634,1192.0876,111.2054,118.9761,5.1636,17.8977,56.9735,204.3903,408.7806,1663.6167,12.9729,-2.1082,22.839785,92.951199,6.556519,1,1,204947,16,0.19868437,0.00186258,-0.00901271,0.00057909,0.045029,0.902911,0.082233,0.01357179,2026-03-23,2026-08-06,137,3268,137,137,1.000000,0.934687,1.046996,0.830728,1,0.9707446808510638,0.9707446808510638,0.17287234042553193,A 平台净亏首位 · 立即处置,3,1
2026-04-02,909,126084,3,3,1,2,1,1,残靴：截断／换荷官／开收台可疑,87.0,174066619.0805,157166699.1452,324213.1599,1483351,163316,-0.00186258,0.00901271,-0.00455908,-0.00238545,-324213.1599,174066619.0805,OK,91013.4776,21308.7910,4.0043,95.9957,AG03-B-v1,302904.3689,150779358.4364,233199.6822,211890.8912,-69704.6867,0.00133972,0.00121730,-0.00040045,117.3469,962.3472,1.9852,2366.5194,99.2084,1270559.2634,1192.0876,111.2054,118.9761,5.1636,17.8977,56.9735,204.3903,408.7806,1663.6167,12.9729,-2.1082,22.839785,92.951199,6.556519,1,1,204947,16,0.19868437,0.00186258,-0.00901271,0.00057909,0.045029,0.902911,0.082233,0.01357179,2026-03-23,2026-08-06,137,3268,137,137,1.000000,0.934687,1.046996,0.830728,1,0.9707446808510638,0.9707446808510638,0.17287234042553193,A 平台净亏首位 · 立即处置,4,1
2026-04-08,909,129850,4,1,4,0,6,10,残靴：截断／换荷官／开收台可疑,87.0,174066619.0805,157166699.1452,324213.1599,1483351,163316,-0.00186258,0.00901271,-0.00455908,-0.00238545,-324213.1599,174066619.0805,OK,91013.4776,21308.7910,4.0043,95.9957,AG03-B-v1,302904.3689,150779358.4364,233199.6822,211890.8912,-69704.6867,0.00133972,0.00121730,-0.00040045,117.3469,962.3472,1.9852,2366.5194,99.2084,1270559.2634,1192.0876,111.2054,118.9761,5.1636,17.8977,56.9735,204.3903,408.7806,1663.6167,12.9729,-2.1082,22.839785,92.951199,6.556519,1,1,204947,16,0.19868437,0.00186258,-0.00901271,0.00057909,0.045029,0.902911,0.082233,0.01357179,2026-03-23,2026-08-06,137,3268,137,137,1.000000,0.934687,1.046996,0.830728,1,0.9707446808510638,0.9707446808510638,0.17287234042553193,A 平台净亏首位 · 立即处置,5,1
2026-04-21,909,1218848,5,1,4,1,5,6,残靴：截断／换荷官／开收台可疑,87.0,174066619.0805,157166699.1452,324213.1599,1483351,163316,-0.00186258,0.00901271,-0.00455908,-0.00238545,-324213.1599,174066619.0805,OK,91013.4776,21308.7910,4.0043,95.9957,AG03-B-v1,302904.3689,150779358.4364,233199.6822,211890.8912,-69704.6867,0.00133972,0.00121730,-0.00040045,117.3469,962.3472,1.9852,2366.5194,99.2084,1270559.2634,1192.0876,111.2054,118.9761,5.1636,17.8977,56.9735,204.3903,408.7806,1663.6167,12.9729,-2.1082,22.839785,92.951199,6.556519,1,1,204947,16,0.19868437,0.00186258,-0.00901271,0.00057909,0.045029,0.902911,0.082233,0.01357179,2026-03-23,2026-08-06,137,3268,137,137,1.000000,0.934687,1.046996,0.830728,1,0.9707446808510638,0.9707446808510638,0.17287234042553193,A 平台净亏首位 · 立即处置,6,1
2026-06-04,909,1253902,3,3,1,2,3,3,残靴：截断／换荷官／开收台可疑,87.0,174066619.0805,157166699.1452,324213.1599,1483351,163316,-0.00186258,0.00901271,-0.00455908,-0.00238545,-324213.1599,174066619.0805,OK,91013.4776,21308.7910,4.0043,95.9957,AG03-B-v1,302904.3689,150779358.4364,233199.6822,211890.8912,-69704.6867,0.00133972,0.00121730,-0.00040045,117.3469,962.3472,1.9852,2366.5194,99.2084,1270559.2634,1192.0876,111.2054,118.9761,5.1636,17.8977,56.9735,204.3903,408.7806,1663.6167,12.9729,-2.1082,22.839785,92.951199,6.556519,1,1,204947,16,0.19868437,0.00186258,-0.00901271,0.00057909,0.045029,0.902911,0.082233,0.01357179,2026-03-23,2026-08-06,137,3268,137,137,1.000000,0.934687,1.046996,0.830728,1,0.9707446808510638,0.9707446808510638,0.17287234042553193,A 平台净亏首位 · 立即处置,7,1
2026-06-18,909,1266039,4,1,4,0,6,12,残靴：截断／换荷官／开收台可疑,87.0,174066619.0805,157166699.1452,324213.1599,1483351,163316,-0.00186258,0.00901271,-0.00455908,-0.00238545,-324213.1599,174066619.0805,OK,91013.4776,21308.7910,4.0043,95.9957,AG03-B-v1,302904.3689,150779358.4364,233199.6822,211890.8912,-69704.6867,0.00133972,0.00121730,-0.00040045,117.3469,962.3472,1.9852,2366.5194,99.2084,1270559.2634,1192.0876,111.2054,118.9761,5.1636,17.8977,56.9735,204.3903,408.7806,1663.6167,12.9729,-2.1082,22.839785,92.951199,6.556519,1,1,204947,16,0.19868437,0.00186258,-0.00901271,0.00057909,0.045029,0.902911,0.082233,0.01357179,2026-03-23,2026-08-06,137,3268,137,137,1.000000,0.934687,1.046996,0.830728,1,0.9707446808510638,0.9707446808510638,0.17287234042553193,A 平台净亏首位 · 立即处置,8,1
2026-06-24,909,1270751,5,1,4,1,9,18,残靴：截断／换荷官／开收台可疑,87.0,174066619.0805,157166699.1452,324213.1599,1483351,163316,-0.00186258,0.00901271,-0.00455908,-0.00238545,-324213.1599,174066619.0805,OK,91013.4776,21308.7910,4.0043,95.9957,AG03-B-v1,302904.3689,150779358.4364,233199.6822,211890.8912,-69704.6867,0.00133972,0.00121730,-0.00040045,117.3469,962.3472,1.9852,2366.5194,99.2084,1270559.2634,1192.0876,111.2054,118.9761,5.1636,17.8977,56.9735,204.3903,408.7806,1663.6167,12.9729,-2.1082,22.839785,92.951199,6.556519,1,1,204947,16,0.19868437,0.00186258,-0.00901271,0.00057909,0.045029,0.902911,0.082233,0.01357179,2026-03-23,2026-08-06,137,3268,137,137,1.000000,0.934687,1.046996,0.830728,1,0.9707446808510638,0.9707446808510638,0.17287234042553193,A 平台净亏首位 · 立即处置,9,1
2026-07-05,909,1280277,5,1,4,1,4,6,残靴：截断／换荷官／开收台可疑,87.0,174066619.0805,157166699.1452,324213.1599,1483351,163316,-0.00186258,0.00901271,-0.00455908,-0.00238545,-324213.1599,174066619.0805,OK,91013.4776,21308.7910,4.0043,95.9957,AG03-B-v1,302904.3689,150779358.4364,233199.6822,211890.8912,-69704.6867,0.00133972,0.00121730,-0.00040045,117.3469,962.3472,1.9852,2366.5194,99.2084,1270559.2634,1192.0876,111.2054,118.9761,5.1636,17.8977,56.9735,204.3903,408.7806,1663.6167,12.9729,-2.1082,22.839785,92.951199,6.556519,1,1,204947,16,0.19868437,0.00186258,-0.00901271,0.00057909,0.045029,0.902911,0.082233,0.01357179,2026-03-23,2026-08-06,137,3268,137,137,1.000000,0.934687,1.046996,0.830728,1,0.9707446808510638,0.9707446808510638,0.17287234042553193,A 平台净亏首位 · 立即处置,10,1
2026-07-12,909,1286692,5,1,5,0,5,9,残靴：截断／换荷官／开收台可疑,87.0,174066619.0805,157166699.1452,324213.1599,1483351,163316,-0.00186258,0.00901271,-0.00455908,-0.00238545,-324213.1599,174066619.0805,OK,91013.4776,21308.7910,4.0043,95.9957,AG03-B-v1,302904.3689,150779358.4364,233199.6822,211890.8912,-69704.6867,0.00133972,0.00121730,-0.00040045,117.3469,962.3472,1.9852,2366.5194,99.2084,1270559.2634,1192.0876,111.2054,118.9761,5.1636,17.8977,56.9735,204.3903,408.7806,1663.6167,12.9729,-2.1082,22.839785,92.951199,6.556519,1,1,204947,16,0.19868437,0.00186258,-0.00901271,0.00057909,0.045029,0.902911,0.082233,0.01357179,2026-03-23,2026-08-06,137,3268,137,137,1.000000,0.934687,1.046996,0.830728,1,0.9707446808510638,0.9707446808510638,0.17287234042553193,A 平台净亏首位 · 立即处置,11,1
2026-07-22,909,1295535,5,1,5,0,8,17,残靴：截断／换荷官／开收台可疑,87.0,174066619.0805,157166699.1452,324213.1599,1483351,163316,-0.00186258,0.00901271,-0.00455908,-0.00238545,-324213.1599,174066619.0805,OK,91013.4776,21308.7910,4.0043,95.9957,AG03-B-v1,302904.3689,150779358.4364,233199.6822,211890.8912,-69704.6867,0.00133972,0.00121730,-0.00040045,117.3469,962.3472,1.9852,2366.5194,99.2084,1270559.2634,1192.0876,111.2054,118.9761,5.1636,17.8977,56.9735,204.3903,408.7806,1663.6167,12.9729,-2.1082,22.839785,92.951199,6.556519,1,1,204947,16,0.19868437,0.00186258,-0.00901271,0.00057909,0.045029,0.902911,0.082233,0.01357179,2026-03-23,2026-08-06,137,3268,137,137,1.000000,0.934687,1.046996,0.830728,1,0.9707446808510638,0.9707446808510638,0.17287234042553193,A 平台净亏首位 · 立即处置,12,1
2026-03-24,911,123646,4,1,4,0,6,18,残靴：截断／换荷官／开收台可疑,87.0,161485702.9703,145131558.0808,1980530.6716,1395396,161982,-0.01226443,-0.01259545,-0.01217999,-0.01278193,-1980530.6716,161485702.9703,OK,83568.4165,75300.7681,4.0001,95.9999,AG03-B-v1,1905229.9035,139218991.4568,1896962.2551,1821661.4870,-8267.6484,0.01174694,0.01128064,-0.00005120,115.7275,895.9734,12.2269,14456.4283,610.3330,1178727.7589,1182.3504,111.1408,116.9588,5.1636,18.0724,56.9414,203.8715,403.6479,1604.2893,12.9729,-2.1082,22.334989,88.76991,6.403534,1,1,196813,16,0.20324673,0.01226443,0.01259545,0.00057581,0.043283,0.898727,0.082099,-0.00041546,2026-03-23,2026-08-06,137,3245,137,137,1.000000,0.950256,1.020646,0.783963,1,0.9202127659574468,0.898936170212766,0.0851063829787234,A 平台净亏首位 · 立即处置,13,1
2026-04-12,911,1212619,2,1,2,0,8,12,残靴：截断／换荷官／开收台可疑,87.0,161485702.9703,145131558.0808,1980530.6716,1395396,161982,-0.01226443,-0.01259545,-0.01217999,-0.01278193,-1980530.6716,161485702.9703,OK,83568.4165,75300.7681,4.0001,95.9999,AG03-B-v1,1905229.9035,139218991.4568,1896962.2551,1821661.4870,-8267.6484,0.01174694,0.01128064,-0.00005120,115.7275,895.9734,12.2269,14456.4283,610.3330,1178727.7589,1182.3504,111.1408,116.9588,5.1636,18.0724,56.9414,203.8715,403.6479,1604.2893,12.9729,-2.1082,22.334989,88.76991,6.403534,1,1,196813,16,0.20324673,0.01226443,0.01259545,0.00057581,0.043283,0.898727,0.082099,-0.00041546,2026-03-23,2026-08-06,137,3245,137,137,1.000000,0.950256,1.020646,0.783963,1,0.9202127659574468,0.898936170212766,0.0851063829787234,A 平台净亏首位 · 立即处置,14,1
2026-04-19,911,1217424,3,3,1,2,1,1,残靴：截断／换荷官／开收台可疑,87.0,161485702.9703,145131558.0808,1980530.6716,1395396,161982,-0.01226443,-0.01259545,-0.01217999,-0.01278193,-1980530.6716,161485702.9703,OK,83568.4165,75300.7681,4.0001,95.9999,AG03-B-v1,1905229.9035,139218991.4568,1896962.2551,1821661.4870,-8267.6484,0.01174694,0.01128064,-0.00005120,115.7275,895.9734,12.2269,14456.4283,610.3330,1178727.7589,1182.3504,111.1408,116.9588,5.1636,18.0724,56.9414,203.8715,403.6479,1604.2893,12.9729,-2.1082,22.334989,88.76991,6.403534,1,1,196813,16,0.20324673,0.01226443,0.01259545,0.00057581,0.043283,0.898727,0.082099,-0.00041546,2026-03-23,2026-08-06,137,3245,137,137,1.000000,0.950256,1.020646,0.783963,1,0.9202127659574468,0.898936170212766,0.0851063829787234,A 平台净亏首位 · 立即处置,15,1
2026-04-21,911,1218371,2,1,2,0,3,3,残靴：截断／换荷官／开收台可疑,87.0,161485702.9703,145131558.0808,1980530.6716,1395396,161982,-0.01226443,-0.01259545,-0.01217999,-0.01278193,-1980530.6716,161485702.9703,OK,83568.4165,75300.7681,4.0001,95.9999,AG03-B-v1,1905229.9035,139218991.4568,1896962.2551,1821661.4870,-8267.6484,0.01174694,0.01128064,-0.00005120,115.7275,895.9734,12.2269,14456.4283,610.3330,1178727.7589,1182.3504,111.1408,116.9588,5.1636,18.0724,56.9414,203.8715,403.6479,1604.2893,12.9729,-2.1082,22.334989,88.76991,6.403534,1,1,196813,16,0.20324673,0.01226443,0.01259545,0.00057581,0.043283,0.898727,0.082099,-0.00041546,2026-03-23,2026-08-06,137,3245,137,137,1.000000,0.950256,1.020646,0.783963,1,0.9202127659574468,0.898936170212766,0.0851063829787234,A 平台净亏首位 · 立即处置,16,1
2026-05-04,911,1228157,4,2,3,1,4,5,残靴：截断／换荷官／开收台可疑,87.0,161485702.9703,145131558.0808,1980530.6716,1395396,161982,-0.01226443,-0.01259545,-0.01217999,-0.01278193,-1980530.6716,161485702.9703,OK,83568.4165,75300.7681,4.0001,95.9999,AG03-B-v1,1905229.9035,139218991.4568,1896962.2551,1821661.4870,-8267.6484,0.01174694,0.01128064,-0.00005120,115.7275,895.9734,12.2269,14456.4283,610.3330,1178727.7589,1182.3504,111.1408,116.9588,5.1636,18.0724,56.9414,203.8715,403.6479,1604.2893,12.9729,-2.1082,22.334989,88.76991,6.403534,1,1,196813,16,0.20324673,0.01226443,0.01259545,0.00057581,0.043283,0.898727,0.082099,-0.00041546,2026-03-23,2026-08-06,137,3245,137,137,1.000000,0.950256,1.020646,0.783963,1,0.9202127659574468,0.898936170212766,0.0851063829787234,A 平台净亏首位 · 立即处置,17,1
2026-05-11,911,1234010,2,1,2,0,3,4,残靴：截断／换荷官／开收台可疑,87.0,161485702.9703,145131558.0808,1980530.6716,1395396,161982,-0.01226443,-0.01259545,-0.01217999,-0.01278193,-1980530.6716,161485702.9703,OK,83568.4165,75300.7681,4.0001,95.9999,AG03-B-v1,1905229.9035,139218991.4568,1896962.2551,1821661.4870,-8267.6484,0.01174694,0.01128064,-0.00005120,115.7275,895.9734,12.2269,14456.4283,610.3330,1178727.7589,1182.3504,111.1408,116.9588,5.1636,18.0724,56.9414,203.8715,403.6479,1604.2893,12.9729,-2.1082,22.334989,88.76991,6.403534,1,1,196813,16,0.20324673,0.01226443,0.01259545,0.00057581,0.043283,0.898727,0.082099,-0.00041546,2026-03-23,2026-08-06,137,3245,137,137,1.000000,0.950256,1.020646,0.783963,1,0.9202127659574468,0.898936170212766,0.0851063829787234,A 平台净亏首位 · 立即处置,18,1
2026-05-14,911,1236484,4,1,4,0,9,18,残靴：截断／换荷官／开收台可疑,87.0,161485702.9703,145131558.0808,1980530.6716,1395396,161982,-0.01226443,-0.01259545,-0.01217999,-0.01278193,-1980530.6716,161485702.9703,OK,83568.4165,75300.7681,4.0001,95.9999,AG03-B-v1,1905229.9035,139218991.4568,1896962.2551,1821661.4870,-8267.6484,0.01174694,0.01128064,-0.00005120,115.7275,895.9734,12.2269,14456.4283,610.3330,1178727.7589,1182.3504,111.1408,116.9588,5.1636,18.0724,56.9414,203.8715,403.6479,1604.2893,12.9729,-2.1082,22.334989,88.76991,6.403534,1,1,196813,16,0.20324673,0.01226443,0.01259545,0.00057581,0.043283,0.898727,0.082099,-0.00041546,2026-03-23,2026-08-06,137,3245,137,137,1.000000,0.950256,1.020646,0.783963,1,0.9202127659574468,0.898936170212766,0.0851063829787234,A 平台净亏首位 · 立即处置,19,1
2026-05-16,911,1238194,3,1,3,0,3,5,残靴：截断／换荷官／开收台可疑,87.0,161485702.9703,145131558.0808,1980530.6716,1395396,161982,-0.01226443,-0.01259545,-0.01217999,-0.01278193,-1980530.6716,161485702.9703,OK,83568.4165,75300.7681,4.0001,95.9999,AG03-B-v1,1905229.9035,139218991.4568,1896962.2551,1821661.4870,-8267.6484,0.01174694,0.01128064,-0.00005120,115.7275,895.9734,12.2269,14456.4283,610.3330,1178727.7589,1182.3504,111.1408,116.9588,5.1636,18.0724,56.9414,203.8715,403.6479,1604.2893,12.9729,-2.1082,22.334989,88.76991,6.403534,1,1,196813,16,0.20324673,0.01226443,0.01259545,0.00057581,0.043283,0.898727,0.082099,-0.00041546,2026-03-23,2026-08-06,137,3245,137,137,1.000000,0.950256,1.020646,0.783963,1,0.9202127659574468,0.898936170212766,0.0851063829787234,A 平台净亏首位 · 立即处置,20,1
2026-05-25,911,1245596,5,1,4,1,8,13,残靴：截断／换荷官／开收台可疑,87.0,161485702.9703,145131558.0808,1980530.6716,1395396,161982,-0.01226443,-0.01259545,-0.01217999,-0.01278193,-1980530.6716,161485702.9703,OK,83568.4165,75300.7681,4.0001,95.9999,AG03-B-v1,1905229.9035,139218991.4568,1896962.2551,1821661.4870,-8267.6484,0.01174694,0.01128064,-0.00005120,115.7275,895.9734,12.2269,14456.4283,610.3330,1178727.7589,1182.3504,111.1408,116.9588,5.1636,18.0724,56.9414,203.8715,403.6479,1604.2893,12.9729,-2.1082,22.334989,88.76991,6.403534,1,1,196813,16,0.20324673,0.01226443,0.01259545,0.00057581,0.043283,0.898727,0.082099,-0.00041546,2026-03-23,2026-08-06,137,3245,137,137,1.000000,0.950256,1.020646,0.783963,1,0.9202127659574468,0.898936170212766,0.0851063829787234,A 平台净亏首位 · 立即处置,21,1
2026-05-26,911,1246445,4,3,2,2,3,3,残靴：截断／换荷官／开收台可疑,87.0,161485702.9703,145131558.0808,1980530.6716,1395396,161982,-0.01226443,-0.01259545,-0.01217999,-0.01278193,-1980530.6716,161485702.9703,OK,83568.4165,75300.7681,4.0001,95.9999,AG03-B-v1,1905229.9035,139218991.4568,1896962.2551,1821661.4870,-8267.6484,0.01174694,0.01128064,-0.00005120,115.7275,895.9734,12.2269,14456.4283,610.3330,1178727.7589,1182.3504,111.1408,116.9588,5.1636,18.0724,56.9414,203.8715,403.6479,1604.2893,12.9729,-2.1082,22.334989,88.76991,6.403534,1,1,196813,16,0.20324673,0.01226443,0.01259545,0.00057581,0.043283,0.898727,0.082099,-0.00041546,2026-03-23,2026-08-06,137,3245,137,137,1.000000,0.950256,1.020646,0.783963,1,0.9202127659574468,0.898936170212766,0.0851063829787234,A 平台净亏首位 · 立即处置,22,1
2026-06-05,911,1254763,5,1,5,0,13,27,残靴：截断／换荷官／开收台可疑,87.0,161485702.9703,145131558.0808,1980530.6716,1395396,161982,-0.01226443,-0.01259545,-0.01217999,-0.01278193,-1980530.6716,161485702.9703,OK,83568.4165,75300.7681,4.0001,95.9999,AG03-B-v1,1905229.9035,139218991.4568,1896962.2551,1821661.4870,-8267.6484,0.01174694,0.01128064,-0.00005120,115.7275,895.9734,12.2269,14456.4283,610.3330,1178727.7589,1182.3504,111.1408,116.9588,5.1636,18.0724,56.9414,203.8715,403.6479,1604.2893,12.9729,-2.1082,22.334989,88.76991,6.403534,1,1,196813,16,0.20324673,0.01226443,0.01259545,0.00057581,0.043283,0.898727,0.082099,-0.00041546,2026-03-23,2026-08-06,137,3245,137,137,1.000000,0.950256,1.020646,0.783963,1,0.9202127659574468,0.898936170212766,0.0851063829787234,A 平台净亏首位 · 立即处置,23,1
2026-06-08,911,1257339,5,1,5,0,9,21,残靴：截断／换荷官／开收台可疑,87.0,161485702.9703,145131558.0808,1980530.6716,1395396,161982,-0.01226443,-0.01259545,-0.01217999,-0.01278193,-1980530.6716,161485702.9703,OK,83568.4165,75300.7681,4.0001,95.9999,AG03-B-v1,1905229.9035,139218991.4568,1896962.2551,1821661.4870,-8267.6484,0.01174694,0.01128064,-0.00005120,115.7275,895.9734,12.2269,14456.4283,610.3330,1178727.7589,1182.3504,111.1408,116.9588,5.1636,18.0724,56.9414,203.8715,403.6479,1604.2893,12.9729,-2.1082,22.334989,88.76991,6.403534,1,1,196813,16,0.20324673,0.01226443,0.01259545,0.00057581,0.043283,0.898727,0.082099,-0.00041546,2026-03-23,2026-08-06,137,3245,137,137,1.000000,0.950256,1.020646,0.783963,1,0.9202127659574468,0.898936170212766,0.0851063829787234,A 平台净亏首位 · 立即处置,24,1
2026-06-15,911,1263381,4,1,3,1,4,4,残靴：截断／换荷官／开收台可疑,87.0,161485702.9703,145131558.0808,1980530.6716,1395396,161982,-0.01226443,-0.01259545,-0.01217999,-0.01278193,-1980530.6716,161485702.9703,OK,83568.4165,75300.7681,4.0001,95.9999,AG03-B-v1,1905229.9035,139218991.4568,1896962.2551,1821661.4870,-8267.6484,0.01174694,0.01128064,-0.00005120,115.7275,895.9734,12.2269,14456.4283,610.3330,1178727.7589,1182.3504,111.1408,116.9588,5.1636,18.0724,56.9414,203.8715,403.6479,1604.2893,12.9729,-2.1082,22.334989,88.76991,6.403534,1,1,196813,16,0.20324673,0.01226443,0.01259545,0.00057581,0.043283,0.898727,0.082099,-0.00041546,2026-03-23,2026-08-06,137,3245,137,137,1.000000,0.950256,1.020646,0.783963,1,0.9202127659574468,0.898936170212766,0.0851063829787234,A 平台净亏首位 · 立即处置,25,1
2026-06-17,911,1265179,3,1,3,0,4,7,残靴：截断／换荷官／开收台可疑,87.0,161485702.9703,145131558.0808,1980530.6716,1395396,161982,-0.01226443,-0.01259545,-0.01217999,-0.01278193,-1980530.6716,161485702.9703,OK,83568.4165,75300.7681,4.0001,95.9999,AG03-B-v1,1905229.9035,139218991.4568,1896962.2551,1821661.4870,-8267.6484,0.01174694,0.01128064,-0.00005120,115.7275,895.9734,12.2269,14456.4283,610.3330,1178727.7589,1182.3504,111.1408,116.9588,5.1636,18.0724,56.9414,203.8715,403.6479,1604.2893,12.9729,-2.1082,22.334989,88.76991,6.403534,1,1,196813,16,0.20324673,0.01226443,0.01259545,0.00057581,0.043283,0.898727,0.082099,-0.00041546,2026-03-23,2026-08-06,137,3245,137,137,1.000000,0.950256,1.020646,0.783963,1,0.9202127659574468,0.898936170212766,0.0851063829787234,A 平台净亏首位 · 立即处置,26,1
2026-06-25,911,1271627,2,1,2,0,2,3,残靴：截断／换荷官／开收台可疑,87.0,161485702.9703,145131558.0808,1980530.6716,1395396,161982,-0.01226443,-0.01259545,-0.01217999,-0.01278193,-1980530.6716,161485702.9703,OK,83568.4165,75300.7681,4.0001,95.9999,AG03-B-v1,1905229.9035,139218991.4568,1896962.2551,1821661.4870,-8267.6484,0.01174694,0.01128064,-0.00005120,115.7275,895.9734,12.2269,14456.4283,610.3330,1178727.7589,1182.3504,111.1408,116.9588,5.1636,18.0724,56.9414,203.8715,403.6479,1604.2893,12.9729,-2.1082,22.334989,88.76991,6.403534,1,1,196813,16,0.20324673,0.01226443,0.01259545,0.00057581,0.043283,0.898727,0.082099,-0.00041546,2026-03-23,2026-08-06,137,3245,137,137,1.000000,0.950256,1.020646,0.783963,1,0.9202127659574468,0.898936170212766,0.0851063829787234,A 平台净亏首位 · 立即处置,27,1
2026-06-29,911,1275065,3,1,2,1,2,2,残靴：截断／换荷官／开收台可疑,87.0,161485702.9703,145131558.0808,1980530.6716,1395396,161982,-0.01226443,-0.01259545,-0.01217999,-0.01278193,-1980530.6716,161485702.9703,OK,83568.4165,75300.7681,4.0001,95.9999,AG03-B-v1,1905229.9035,139218991.4568,1896962.2551,1821661.4870,-8267.6484,0.01174694,0.01128064,-0.00005120,115.7275,895.9734,12.2269,14456.4283,610.3330,1178727.7589,1182.3504,111.1408,116.9588,5.1636,18.0724,56.9414,203.8715,403.6479,1604.2893,12.9729,-2.1082,22.334989,88.76991,6.403534,1,1,196813,16,0.20324673,0.01226443,0.01259545,0.00057581,0.043283,0.898727,0.082099,-0.00041546,2026-03-23,2026-08-06,137,3245,137,137,1.000000,0.950256,1.020646,0.783963,1,0.9202127659574468,0.898936170212766,0.0851063829787234,A 平台净亏首位 · 立即处置,28,1
2026-07-10,911,1284068,1,1,1,0,2,2,残靴：截断／换荷官／开收台可疑,87.0,161485702.9703,145131558.0808,1980530.6716,1395396,161982,-0.01226443,-0.01259545,-0.01217999,-0.01278193,-1980530.6716,161485702.9703,OK,83568.4165,75300.7681,4.0001,95.9999,AG03-B-v1,1905229.9035,139218991.4568,1896962.2551,1821661.4870,-8267.6484,0.01174694,0.01128064,-0.00005120,115.7275,895.9734,12.2269,14456.4283,610.3330,1178727.7589,1182.3504,111.1408,116.9588,5.1636,18.0724,56.9414,203.8715,403.6479,1604.2893,12.9729,-2.1082,22.334989,88.76991,6.403534,1,1,196813,16,0.20324673,0.01226443,0.01259545,0.00057581,0.043283,0.898727,0.082099,-0.00041546,2026-03-23,2026-08-06,137,3245,137,137,1.000000,0.950256,1.020646,0.783963,1,0.9202127659574468,0.898936170212766,0.0851063829787234,A 平台净亏首位 · 立即处置,29,1
2026-07-15,911,1289493,3,1,3,0,8,9,残靴：截断／换荷官／开收台可疑,87.0,161485702.9703,145131558.0808,1980530.6716,1395396,161982,-0.01226443,-0.01259545,-0.01217999,-0.01278193,-1980530.6716,161485702.9703,OK,83568.4165,75300.7681,4.0001,95.9999,AG03-B-v1,1905229.9035,139218991.4568,1896962.2551,1821661.4870,-8267.6484,0.01174694,0.01128064,-0.00005120,115.7275,895.9734,12.2269,14456.4283,610.3330,1178727.7589,1182.3504,111.1408,116.9588,5.1636,18.0724,56.9414,203.8715,403.6479,1604.2893,12.9729,-2.1082,22.334989,88.76991,6.403534,1,1,196813,16,0.20324673,0.01226443,0.01259545,0.00057581,0.043283,0.898727,0.082099,-0.00041546,2026-03-23,2026-08-06,137,3245,137,137,1.000000,0.950256,1.020646,0.783963,1,0.9202127659574468,0.898936170212766,0.0851063829787234,A 平台净亏首位 · 立即处置,30,1
2026-07-26,911,1298942,4,2,3,1,8,10,残靴：截断／换荷官／开收台可疑,87.0,161485702.9703,145131558.0808,1980530.6716,1395396,161982,-0.01226443,-0.01259545,-0.01217999,-0.01278193,-1980530.6716,161485702.9703,OK,83568.4165,75300.7681,4.0001,95.9999,AG03-B-v1,1905229.9035,139218991.4568,1896962.2551,1821661.4870,-8267.6484,0.01174694,0.01128064,-0.00005120,115.7275,895.9734,12.2269,14456.4283,610.3330,1178727.7589,1182.3504,111.1408,116.9588,5.1636,18.0724,56.9414,203.8715,403.6479,1604.2893,12.9729,-2.1082,22.334989,88.76991,6.403534,1,1,196813,16,0.20324673,0.01226443,0.01259545,0.00057581,0.043283,0.898727,0.082099,-0.00041546,2026-03-23,2026-08-06,137,3245,137,137,1.000000,0.950256,1.020646,0.783963,1,0.9202127659574468,0.898936170212766,0.0851063829787234,A 平台净亏首位 · 立即处置,31,1
2026-04-05,913,127774,2,1,2,0,17,25,残靴：截断／换荷官／开收台可疑,87.0,150783426.8399,136305207.1196,2411304.8160,1369462,158705,-0.01599184,-0.02229893,-0.01434785,-0.01647852,-2411304.8160,150783426.8399,OK,73382.7302,115325.0125,3.9958,96.0042,AG03-B-v1,2295979.8035,130763354.7255,2337922.0858,2222597.0733,41942.2823,0.01550517,0.01474033,0.00027816,110.1041,858.8589,15.1936,17994.8121,755.1847,1125249.4540,1184.3657,108.2859,110.5881,5.1636,17.0416,52.8978,200.0,389.1858,1500.0,12.9089,-2.1143,22.837423,88.019997,6.46091,1,1,193110,16,0.20676336,0.01599184,0.02229893,0.00053837,0.041811,0.903980,0.079592,-0.00795108,2026-03-26,2026-08-06,134,3193,134,134,1.000000,0.979182,1.085812,0.854209,1,0.875,0.6303191489361702,0.0026595744680851063,A 平台净亏首位 · 立即处置,32,1
2026-04-07,913,128983,1,1,1,0,1,1,残靴：截断／换荷官／开收台可疑,87.0,150783426.8399,136305207.1196,2411304.8160,1369462,158705,-0.01599184,-0.02229893,-0.01434785,-0.01647852,-2411304.8160,150783426.8399,OK,73382.7302,115325.0125,3.9958,96.0042,AG03-B-v1,2295979.8035,130763354.7255,2337922.0858,2222597.0733,41942.2823,0.01550517,0.01474033,0.00027816,110.1041,858.8589,15.1936,17994.8121,755.1847,1125249.4540,1184.3657,108.2859,110.5881,5.1636,17.0416,52.8978,200.0,389.1858,1500.0,12.9089,-2.1143,22.837423,88.019997,6.46091,1,1,193110,16,0.20676336,0.01599184,0.02229893,0.00053837,0.041811,0.903980,0.079592,-0.00795108,2026-03-26,2026-08-06,134,3193,134,134,1.000000,0.979182,1.085812,0.854209,1,0.875,0.6303191489361702,0.0026595744680851063,A 平台净亏首位 · 立即处置,33,1
2026-04-07,913,129085,5,2,4,1,21,35,残靴：截断／换荷官／开收台可疑,87.0,150783426.8399,136305207.1196,2411304.8160,1369462,158705,-0.01599184,-0.02229893,-0.01434785,-0.01647852,-2411304.8160,150783426.8399,OK,73382.7302,115325.0125,3.9958,96.0042,AG03-B-v1,2295979.8035,130763354.7255,2337922.0858,2222597.0733,41942.2823,0.01550517,0.01474033,0.00027816,110.1041,858.8589,15.1936,17994.8121,755.1847,1125249.4540,1184.3657,108.2859,110.5881,5.1636,17.0416,52.8978,200.0,389.1858,1500.0,12.9089,-2.1143,22.837423,88.019997,6.46091,1,1,193110,16,0.20676336,0.01599184,0.02229893,0.00053837,0.041811,0.903980,0.079592,-0.00795108,2026-03-26,2026-08-06,134,3193,134,134,1.000000,0.979182,1.085812,0.854209,1,0.875,0.6303191489361702,0.0026595744680851063,A 平台净亏首位 · 立即处置,34,1
2026-04-14,913,1214141,4,1,4,0,15,26,残靴：截断／换荷官／开收台可疑,87.0,150783426.8399,136305207.1196,2411304.8160,1369462,158705,-0.01599184,-0.02229893,-0.01434785,-0.01647852,-2411304.8160,150783426.8399,OK,73382.7302,115325.0125,3.9958,96.0042,AG03-B-v1,2295979.8035,130763354.7255,2337922.0858,2222597.0733,41942.2823,0.01550517,0.01474033,0.00027816,110.1041,858.8589,15.1936,17994.8121,755.1847,1125249.4540,1184.3657,108.2859,110.5881,5.1636,17.0416,52.8978,200.0,389.1858,1500.0,12.9089,-2.1143,22.837423,88.019997,6.46091,1,1,193110,16,0.20676336,0.01599184,0.02229893,0.00053837,0.041811,0.903980,0.079592,-0.00795108,2026-03-26,2026-08-06,134,3193,134,134,1.000000,0.979182,1.085812,0.854209,1,0.875,0.6303191489361702,0.0026595744680851063,A 平台净亏首位 · 立即处置,35,1
2026-04-17,913,1216184,5,1,5,0,11,15,残靴：截断／换荷官／开收台可疑,87.0,150783426.8399,136305207.1196,2411304.8160,1369462,158705,-0.01599184,-0.02229893,-0.01434785,-0.01647852,-2411304.8160,150783426.8399,OK,73382.7302,115325.0125,3.9958,96.0042,AG03-B-v1,2295979.8035,130763354.7255,2337922.0858,2222597.0733,41942.2823,0.01550517,0.01474033,0.00027816,110.1041,858.8589,15.1936,17994.8121,755.1847,1125249.4540,1184.3657,108.2859,110.5881,5.1636,17.0416,52.8978,200.0,389.1858,1500.0,12.9089,-2.1143,22.837423,88.019997,6.46091,1,1,193110,16,0.20676336,0.01599184,0.02229893,0.00053837,0.041811,0.903980,0.079592,-0.00795108,2026-03-26,2026-08-06,134,3193,134,134,1.000000,0.979182,1.085812,0.854209,1,0.875,0.6303191489361702,0.0026595744680851063,A 平台净亏首位 · 立即处置,36,1
2026-04-18,913,1216684,5,1,5,0,6,12,残靴：截断／换荷官／开收台可疑,87.0,150783426.8399,136305207.1196,2411304.8160,1369462,158705,-0.01599184,-0.02229893,-0.01434785,-0.01647852,-2411304.8160,150783426.8399,OK,73382.7302,115325.0125,3.9958,96.0042,AG03-B-v1,2295979.8035,130763354.7255,2337922.0858,2222597.0733,41942.2823,0.01550517,0.01474033,0.00027816,110.1041,858.8589,15.1936,17994.8121,755.1847,1125249.4540,1184.3657,108.2859,110.5881,5.1636,17.0416,52.8978,200.0,389.1858,1500.0,12.9089,-2.1143,22.837423,88.019997,6.46091,1,1,193110,16,0.20676336,0.01599184,0.02229893,0.00053837,0.041811,0.903980,0.079592,-0.00795108,2026-03-26,2026-08-06,134,3193,134,134,1.000000,0.979182,1.085812,0.854209,1,0.875,0.6303191489361702,0.0026595744680851063,A 平台净亏首位 · 立即处置,37,1
2026-04-19,913,1217336,2,2,1,1,1,1,残靴：截断／换荷官／开收台可疑,87.0,150783426.8399,136305207.1196,2411304.8160,1369462,158705,-0.01599184,-0.02229893,-0.01434785,-0.01647852,-2411304.8160,150783426.8399,OK,73382.7302,115325.0125,3.9958,96.0042,AG03-B-v1,2295979.8035,130763354.7255,2337922.0858,2222597.0733,41942.2823,0.01550517,0.01474033,0.00027816,110.1041,858.8589,15.1936,17994.8121,755.1847,1125249.4540,1184.3657,108.2859,110.5881,5.1636,17.0416,52.8978,200.0,389.1858,1500.0,12.9089,-2.1143,22.837423,88.019997,6.46091,1,1,193110,16,0.20676336,0.01599184,0.02229893,0.00053837,0.041811,0.903980,0.079592,-0.00795108,2026-03-26,2026-08-06,134,3193,134,134,1.000000,0.979182,1.085812,0.854209,1,0.875,0.6303191489361702,0.0026595744680851063,A 平台净亏首位 · 立即处置,38,1
2026-04-23,913,1220256,4,3,2,2,2,2,残靴：截断／换荷官／开收台可疑,87.0,150783426.8399,136305207.1196,2411304.8160,1369462,158705,-0.01599184,-0.02229893,-0.01434785,-0.01647852,-2411304.8160,150783426.8399,OK,73382.7302,115325.0125,3.9958,96.0042,AG03-B-v1,2295979.8035,130763354.7255,2337922.0858,2222597.0733,41942.2823,0.01550517,0.01474033,0.00027816,110.1041,858.8589,15.1936,17994.8121,755.1847,1125249.4540,1184.3657,108.2859,110.5881,5.1636,17.0416,52.8978,200.0,389.1858,1500.0,12.9089,-2.1143,22.837423,88.019997,6.46091,1,1,193110,16,0.20676336,0.01599184,0.02229893,0.00053837,0.041811,0.903980,0.079592,-0.00795108,2026-03-26,2026-08-06,134,3193,134,134,1.000000,0.979182,1.085812,0.854209,1,0.875,0.6303191489361702,0.0026595744680851063,A 平台净亏首位 · 立即处置,39,1
2026-05-12,913,1234850,5,1,4,1,6,9,残靴：截断／换荷官／开收台可疑,87.0,150783426.8399,136305207.1196,2411304.8160,1369462,158705,-0.01599184,-0.02229893,-0.01434785,-0.01647852,-2411304.8160,150783426.8399,OK,73382.7302,115325.0125,3.9958,96.0042,AG03-B-v1,2295979.8035,130763354.7255,2337922.0858,2222597.0733,41942.2823,0.01550517,0.01474033,0.00027816,110.1041,858.8589,15.1936,17994.8121,755.1847,1125249.4540,1184.3657,108.2859,110.5881,5.1636,17.0416,52.8978,200.0,389.1858,1500.0,12.9089,-2.1143,22.837423,88.019997,6.46091,1,1,193110,16,0.20676336,0.01599184,0.02229893,0.00053837,0.041811,0.903980,0.079592,-0.00795108,2026-03-26,2026-08-06,134,3193,134,134,1.000000,0.979182,1.085812,0.854209,1,0.875,0.6303191489361702,0.0026595744680851063,A 平台净亏首位 · 立即处置,40,1
2026-06-06,913,1255665,2,2,1,1,3,3,残靴：截断／换荷官／开收台可疑,87.0,150783426.8399,136305207.1196,2411304.8160,1369462,158705,-0.01599184,-0.02229893,-0.01434785,-0.01647852,-2411304.8160,150783426.8399,OK,73382.7302,115325.0125,3.9958,96.0042,AG03-B-v1,2295979.8035,130763354.7255,2337922.0858,2222597.0733,41942.2823,0.01550517,0.01474033,0.00027816,110.1041,858.8589,15.1936,17994.8121,755.1847,1125249.4540,1184.3657,108.2859,110.5881,5.1636,17.0416,52.8978,200.0,389.1858,1500.0,12.9089,-2.1143,22.837423,88.019997,6.46091,1,1,193110,16,0.20676336,0.01599184,0.02229893,0.00053837,0.041811,0.903980,0.079592,-0.00795108,2026-03-26,2026-08-06,134,3193,134,134,1.000000,0.979182,1.085812,0.854209,1,0.875,0.6303191489361702,0.0026595744680851063,A 平台净亏首位 · 立即处置,41,1
2026-06-22,913,1269066,1,1,1,0,1,4,残靴：截断／换荷官／开收台可疑,87.0,150783426.8399,136305207.1196,2411304.8160,1369462,158705,-0.01599184,-0.02229893,-0.01434785,-0.01647852,-2411304.8160,150783426.8399,OK,73382.7302,115325.0125,3.9958,96.0042,AG03-B-v1,2295979.8035,130763354.7255,2337922.0858,2222597.0733,41942.2823,0.01550517,0.01474033,0.00027816,110.1041,858.8589,15.1936,17994.8121,755.1847,1125249.4540,1184.3657,108.2859,110.5881,5.1636,17.0416,52.8978,200.0,389.1858,1500.0,12.9089,-2.1143,22.837423,88.019997,6.46091,1,1,193110,16,0.20676336,0.01599184,0.02229893,0.00053837,0.041811,0.903980,0.079592,-0.00795108,2026-03-26,2026-08-06,134,3193,134,134,1.000000,0.979182,1.085812,0.854209,1,0.875,0.6303191489361702,0.0026595744680851063,A 平台净亏首位 · 立即处置,42,1
2026-07-02,913,1277707,4,1,4,0,9,15,残靴：截断／换荷官／开收台可疑,87.0,150783426.8399,136305207.1196,2411304.8160,1369462,158705,-0.01599184,-0.02229893,-0.01434785,-0.01647852,-2411304.8160,150783426.8399,OK,73382.7302,115325.0125,3.9958,96.0042,AG03-B-v1,2295979.8035,130763354.7255,2337922.0858,2222597.0733,41942.2823,0.01550517,0.01474033,0.00027816,110.1041,858.8589,15.1936,17994.8121,755.1847,1125249.4540,1184.3657,108.2859,110.5881,5.1636,17.0416,52.8978,200.0,389.1858,1500.0,12.9089,-2.1143,22.837423,88.019997,6.46091,1,1,193110,16,0.20676336,0.01599184,0.02229893,0.00053837,0.041811,0.903980,0.079592,-0.00795108,2026-03-26,2026-08-06,134,3193,134,134,1.000000,0.979182,1.085812,0.854209,1,0.875,0.6303191489361702,0.0026595744680851063,A 平台净亏首位 · 立即处置,43,1
2026-07-06,913,1281210,4,1,4,0,9,12,残靴：截断／换荷官／开收台可疑,87.0,150783426.8399,136305207.1196,2411304.8160,1369462,158705,-0.01599184,-0.02229893,-0.01434785,-0.01647852,-2411304.8160,150783426.8399,OK,73382.7302,115325.0125,3.9958,96.0042,AG03-B-v1,2295979.8035,130763354.7255,2337922.0858,2222597.0733,41942.2823,0.01550517,0.01474033,0.00027816,110.1041,858.8589,15.1936,17994.8121,755.1847,1125249.4540,1184.3657,108.2859,110.5881,5.1636,17.0416,52.8978,200.0,389.1858,1500.0,12.9089,-2.1143,22.837423,88.019997,6.46091,1,1,193110,16,0.20676336,0.01599184,0.02229893,0.00053837,0.041811,0.903980,0.079592,-0.00795108,2026-03-26,2026-08-06,134,3193,134,134,1.000000,0.979182,1.085812,0.854209,1,0.875,0.6303191489361702,0.0026595744680851063,A 平台净亏首位 · 立即处置,44,1
2026-07-18,913,1292138,5,1,5,0,6,8,残靴：截断／换荷官／开收台可疑,87.0,150783426.8399,136305207.1196,2411304.8160,1369462,158705,-0.01599184,-0.02229893,-0.01434785,-0.01647852,-2411304.8160,150783426.8399,OK,73382.7302,115325.0125,3.9958,96.0042,AG03-B-v1,2295979.8035,130763354.7255,2337922.0858,2222597.0733,41942.2823,0.01550517,0.01474033,0.00027816,110.1041,858.8589,15.1936,17994.8121,755.1847,1125249.4540,1184.3657,108.2859,110.5881,5.1636,17.0416,52.8978,200.0,389.1858,1500.0,12.9089,-2.1143,22.837423,88.019997,6.46091,1,1,193110,16,0.20676336,0.01599184,0.02229893,0.00053837,0.041811,0.903980,0.079592,-0.00795108,2026-03-26,2026-08-06,134,3193,134,134,1.000000,0.979182,1.085812,0.854209,1,0.875,0.6303191489361702,0.0026595744680851063,A 平台净亏首位 · 立即处置,45,1
2026-07-20,913,1293803,5,3,3,2,10,16,残靴：截断／换荷官／开收台可疑,87.0,150783426.8399,136305207.1196,2411304.8160,1369462,158705,-0.01599184,-0.02229893,-0.01434785,-0.01647852,-2411304.8160,150783426.8399,OK,73382.7302,115325.0125,3.9958,96.0042,AG03-B-v1,2295979.8035,130763354.7255,2337922.0858,2222597.0733,41942.2823,0.01550517,0.01474033,0.00027816,110.1041,858.8589,15.1936,17994.8121,755.1847,1125249.4540,1184.3657,108.2859,110.5881,5.1636,17.0416,52.8978,200.0,389.1858,1500.0,12.9089,-2.1143,22.837423,88.019997,6.46091,1,1,193110,16,0.20676336,0.01599184,0.02229893,0.00053837,0.041811,0.903980,0.079592,-0.00795108,2026-03-26,2026-08-06,134,3193,134,134,1.000000,0.979182,1.085812,0.854209,1,0.875,0.6303191489361702,0.0026595744680851063,A 平台净亏首位 · 立即处置,46,1
2026-08-04,913,12105993,3,3,1,2,1,1,残靴：截断／换荷官／开收台可疑,87.0,150783426.8399,136305207.1196,2411304.8160,1369462,158705,-0.01599184,-0.02229893,-0.01434785,-0.01647852,-2411304.8160,150783426.8399,OK,73382.7302,115325.0125,3.9958,96.0042,AG03-B-v1,2295979.8035,130763354.7255,2337922.0858,2222597.0733,41942.2823,0.01550517,0.01474033,0.00027816,110.1041,858.8589,15.1936,17994.8121,755.1847,1125249.4540,1184.3657,108.2859,110.5881,5.1636,17.0416,52.8978,200.0,389.1858,1500.0,12.9089,-2.1143,22.837423,88.019997,6.46091,1,1,193110,16,0.20676336,0.01599184,0.02229893,0.00053837,0.041811,0.903980,0.079592,-0.00795108,2026-03-26,2026-08-06,134,3193,134,134,1.000000,0.979182,1.085812,0.854209,1,0.875,0.6303191489361702,0.0026595744680851063,A 平台净亏首位 · 立即处置,47,1
2026-08-06,913,12107520,1,1,1,0,1,1,残靴：截断／换荷官／开收台可疑,87.0,150783426.8399,136305207.1196,2411304.8160,1369462,158705,-0.01599184,-0.02229893,-0.01434785,-0.01647852,-2411304.8160,150783426.8399,OK,73382.7302,115325.0125,3.9958,96.0042,AG03-B-v1,2295979.8035,130763354.7255,2337922.0858,2222597.0733,41942.2823,0.01550517,0.01474033,0.00027816,110.1041,858.8589,15.1936,17994.8121,755.1847,1125249.4540,1184.3657,108.2859,110.5881,5.1636,17.0416,52.8978,200.0,389.1858,1500.0,12.9089,-2.1143,22.837423,88.019997,6.46091,1,1,193110,16,0.20676336,0.01599184,0.02229893,0.00053837,0.041811,0.903980,0.079592,-0.00795108,2026-03-26,2026-08-06,134,3193,134,134,1.000000,0.979182,1.085812,0.854209,1,0.875,0.6303191489361702,0.0026595744680851063,A 平台净亏首位 · 立即处置,48,1
2026-03-24,907,3122494,4,2,3,1,3,4,残靴：截断／换荷官／开收台可疑,87.0,175033829.7666,157211201.3423,2588644.6946,1474127,157093,-0.01478940,-0.02345678,-0.01250961,-0.01531611,-2588644.6946,175033829.7666,OK,92193.2945,95455.7322,3.9989,96.0011,AG03-B-v1,2493188.9624,150817920.0415,2496451.4001,2400995.6679,3262.4377,0.01426268,0.01371732,0.00001864,118.7373,1000.7524,16.4784,19034.1522,822.3141,1287013.4542,1155.0956,118.1987,118.8798,5.1636,17.9106,57.097,202.0787,407.267,1663.6167,12.9089,-2.1082,22.738824,92.884235,6.629425,1,1,206444,16,0.20825353,0.01478940,0.02345678,0.00058643,0.044662,0.898176,0.082220,-0.01094717,2026-03-23,2026-08-06,136,3148,136,137,0.992701,0.994271,1.022181,0.825623,2,0.848404255319149,0.7074468085106383,0.20212765957446807,E 常规,49,1
2026-04-22,907,1219565,3,2,2,1,4,5,残靴：截断／换荷官／开收台可疑,87.0,175033829.7666,157211201.3423,2588644.6946,1474127,157093,-0.01478940,-0.02345678,-0.01250961,-0.01531611,-2588644.6946,175033829.7666,OK,92193.2945,95455.7322,3.9989,96.0011,AG03-B-v1,2493188.9624,150817920.0415,2496451.4001,2400995.6679,3262.4377,0.01426268,0.01371732,0.00001864,118.7373,1000.7524,16.4784,19034.1522,822.3141,1287013.4542,1155.0956,118.1987,118.8798,5.1636,17.9106,57.097,202.0787,407.267,1663.6167,12.9089,-2.1082,22.738824,92.884235,6.629425,1,1,206444,16,0.20825353,0.01478940,0.02345678,0.00058643,0.044662,0.898176,0.082220,-0.01094717,2026-03-23,2026-08-06,136,3148,136,137,0.992701,0.994271,1.022181,0.825623,2,0.848404255319149,0.7074468085106383,0.20212765957446807,E 常规,50,1
2026-05-10,907,1233079,1,1,1,0,1,1,残靴：截断／换荷官／开收台可疑,87.0,175033829.7666,157211201.3423,2588644.6946,1474127,157093,-0.01478940,-0.02345678,-0.01250961,-0.01531611,-2588644.6946,175033829.7666,OK,92193.2945,95455.7322,3.9989,96.0011,AG03-B-v1,2493188.9624,150817920.0415,2496451.4001,2400995.6679,3262.4377,0.01426268,0.01371732,0.00001864,118.7373,1000.7524,16.4784,19034.1522,822.3141,1287013.4542,1155.0956,118.1987,118.8798,5.1636,17.9106,57.097,202.0787,407.267,1663.6167,12.9089,-2.1082,22.738824,92.884235,6.629425,1,1,206444,16,0.20825353,0.01478940,0.02345678,0.00058643,0.044662,0.898176,0.082220,-0.01094717,2026-03-23,2026-08-06,136,3148,136,137,0.992701,0.994271,1.022181,0.825623,2,0.848404255319149,0.7074468085106383,0.20212765957446807,E 常规,51,1
2026-05-19,907,1240657,3,1,3,0,5,8,残靴：截断／换荷官／开收台可疑,87.0,175033829.7666,157211201.3423,2588644.6946,1474127,157093,-0.01478940,-0.02345678,-0.01250961,-0.01531611,-2588644.6946,175033829.7666,OK,92193.2945,95455.7322,3.9989,96.0011,AG03-B-v1,2493188.9624,150817920.0415,2496451.4001,2400995.6679,3262.4377,0.01426268,0.01371732,0.00001864,118.7373,1000.7524,16.4784,19034.1522,822.3141,1287013.4542,1155.0956,118.1987,118.8798,5.1636,17.9106,57.097,202.0787,407.267,1663.6167,12.9089,-2.1082,22.738824,92.884235,6.629425,1,1,206444,16,0.20825353,0.01478940,0.02345678,0.00058643,0.044662,0.898176,0.082220,-0.01094717,2026-03-23,2026-08-06,136,3148,136,137,0.992701,0.994271,1.022181,0.825623,2,0.848404255319149,0.7074468085106383,0.20212765957446807,E 常规,52,1
2026-05-23,907,1244010,4,2,3,1,6,10,残靴：截断／换荷官／开收台可疑,87.0,175033829.7666,157211201.3423,2588644.6946,1474127,157093,-0.01478940,-0.02345678,-0.01250961,-0.01531611,-2588644.6946,175033829.7666,OK,92193.2945,95455.7322,3.9989,96.0011,AG03-B-v1,2493188.9624,150817920.0415,2496451.4001,2400995.6679,3262.4377,0.01426268,0.01371732,0.00001864,118.7373,1000.7524,16.4784,19034.1522,822.3141,1287013.4542,1155.0956,118.1987,118.8798,5.1636,17.9106,57.097,202.0787,407.267,1663.6167,12.9089,-2.1082,22.738824,92.884235,6.629425,1,1,206444,16,0.20825353,0.01478940,0.02345678,0.00058643,0.044662,0.898176,0.082220,-0.01094717,2026-03-23,2026-08-06,136,3148,136,137,0.992701,0.994271,1.022181,0.825623,2,0.848404255319149,0.7074468085106383,0.20212765957446807,E 常规,53,1
2026-06-11,907,1259926,3,1,3,0,3,3,残靴：截断／换荷官／开收台可疑,87.0,175033829.7666,157211201.3423,2588644.6946,1474127,157093,-0.01478940,-0.02345678,-0.01250961,-0.01531611,-2588644.6946,175033829.7666,OK,92193.2945,95455.7322,3.9989,96.0011,AG03-B-v1,2493188.9624,150817920.0415,2496451.4001,2400995.6679,3262.4377,0.01426268,0.01371732,0.00001864,118.7373,1000.7524,16.4784,19034.1522,822.3141,1287013.4542,1155.0956,118.1987,118.8798,5.1636,17.9106,57.097,202.0787,407.267,1663.6167,12.9089,-2.1082,22.738824,92.884235,6.629425,1,1,206444,16,0.20825353,0.01478940,0.02345678,0.00058643,0.044662,0.898176,0.082220,-0.01094717,2026-03-23,2026-08-06,136,3148,136,137,0.992701,0.994271,1.022181,0.825623,2,0.848404255319149,0.7074468085106383,0.20212765957446807,E 常规,54,1
2026-06-12,907,1260801,4,2,3,1,4,4,残靴：截断／换荷官／开收台可疑,87.0,175033829.7666,157211201.3423,2588644.6946,1474127,157093,-0.01478940,-0.02345678,-0.01250961,-0.01531611,-2588644.6946,175033829.7666,OK,92193.2945,95455.7322,3.9989,96.0011,AG03-B-v1,2493188.9624,150817920.0415,2496451.4001,2400995.6679,3262.4377,0.01426268,0.01371732,0.00001864,118.7373,1000.7524,16.4784,19034.1522,822.3141,1287013.4542,1155.0956,118.1987,118.8798,5.1636,17.9106,57.097,202.0787,407.267,1663.6167,12.9089,-2.1082,22.738824,92.884235,6.629425,1,1,206444,16,0.20825353,0.01478940,0.02345678,0.00058643,0.044662,0.898176,0.082220,-0.01094717,2026-03-23,2026-08-06,136,3148,136,137,0.992701,0.994271,1.022181,0.825623,2,0.848404255319149,0.7074468085106383,0.20212765957446807,E 常规,55,1
2026-07-02,907,1277709,1,1,1,0,2,2,残靴：截断／换荷官／开收台可疑,87.0,175033829.7666,157211201.3423,2588644.6946,1474127,157093,-0.01478940,-0.02345678,-0.01250961,-0.01531611,-2588644.6946,175033829.7666,OK,92193.2945,95455.7322,3.9989,96.0011,AG03-B-v1,2493188.9624,150817920.0415,2496451.4001,2400995.6679,3262.4377,0.01426268,0.01371732,0.00001864,118.7373,1000.7524,16.4784,19034.1522,822.3141,1287013.4542,1155.0956,118.1987,118.8798,5.1636,17.9106,57.097,202.0787,407.267,1663.6167,12.9089,-2.1082,22.738824,92.884235,6.629425,1,1,206444,16,0.20825353,0.01478940,0.02345678,0.00058643,0.044662,0.898176,0.082220,-0.01094717,2026-03-23,2026-08-06,136,3148,136,137,0.992701,0.994271,1.022181,0.825623,2,0.848404255319149,0.7074468085106383,0.20212765957446807,E 常规,56,1
2026-07-10,907,1284914,1,1,1,0,3,3,残靴：截断／换荷官／开收台可疑,87.0,175033829.7666,157211201.3423,2588644.6946,1474127,157093,-0.01478940,-0.02345678,-0.01250961,-0.01531611,-2588644.6946,175033829.7666,OK,92193.2945,95455.7322,3.9989,96.0011,AG03-B-v1,2493188.9624,150817920.0415,2496451.4001,2400995.6679,3262.4377,0.01426268,0.01371732,0.00001864,118.7373,1000.7524,16.4784,19034.1522,822.3141,1287013.4542,1155.0956,118.1987,118.8798,5.1636,17.9106,57.097,202.0787,407.267,1663.6167,12.9089,-2.1082,22.738824,92.884235,6.629425,1,1,206444,16,0.20825353,0.01478940,0.02345678,0.00058643,0.044662,0.898176,0.082220,-0.01094717,2026-03-23,2026-08-06,136,3148,136,137,0.992701,0.994271,1.022181,0.825623,2,0.848404255319149,0.7074468085106383,0.20212765957446807,E 常规,57,1
2026-07-13,907,1287641,2,2,1,1,3,3,残靴：截断／换荷官／开收台可疑,87.0,175033829.7666,157211201.3423,2588644.6946,1474127,157093,-0.01478940,-0.02345678,-0.01250961,-0.01531611,-2588644.6946,175033829.7666,OK,92193.2945,95455.7322,3.9989,96.0011,AG03-B-v1,2493188.9624,150817920.0415,2496451.4001,2400995.6679,3262.4377,0.01426268,0.01371732,0.00001864,118.7373,1000.7524,16.4784,19034.1522,822.3141,1287013.4542,1155.0956,118.1987,118.8798,5.1636,17.9106,57.097,202.0787,407.267,1663.6167,12.9089,-2.1082,22.738824,92.884235,6.629425,1,1,206444,16,0.20825353,0.01478940,0.02345678,0.00058643,0.044662,0.898176,0.082220,-0.01094717,2026-03-23,2026-08-06,136,3148,136,137,0.992701,0.994271,1.022181,0.825623,2,0.848404255319149,0.7074468085106383,0.20212765957446807,E 常规,58,1
2026-03-25,903,123901,1,1,1,0,1,1,残靴：截断／换荷官／开收台可疑,87.0,209661407.0203,188682373.6949,2716054.8836,1787564,165318,-0.01295448,-0.00730508,-0.01442853,-0.01341573,-2716054.8836,209661407.0203,OK,96705.4869,109541.6961,4.0020,95.9980,AG03-B-v1,2606513.1875,181030658.7689,2619349.3967,2509807.7006,12836.2092,0.01249324,0.01197077,0.00006122,117.2889,1141.3299,16.4293,19825.2181,832.6349,1530375.2337,1206.7007,115.6347,117.7283,5.1636,17.082,55.1574,200.0,400.0,1663.6167,12.9089,-2.1082,23.416508,97.390234,6.866241,1,1,235413,16,0.20692927,0.01295448,0.00730508,0.00051253,0.043292,0.899939,0.081387,0.00712346,2026-03-23,2026-08-06,137,3262,137,137,1.000000,0.982216,1.021325,0.764678,2,0.8297872340425532,0.8803191489361702,0.3271276595744681,E 常规,59,1
2026-03-27,903,124407,1,1,1,0,2,2,残靴：截断／换荷官／开收台可疑,87.0,209661407.0203,188682373.6949,2716054.8836,1787564,165318,-0.01295448,-0.00730508,-0.01442853,-0.01341573,-2716054.8836,209661407.0203,OK,96705.4869,109541.6961,4.0020,95.9980,AG03-B-v1,2606513.1875,181030658.7689,2619349.3967,2509807.7006,12836.2092,0.01249324,0.01197077,0.00006122,117.2889,1141.3299,16.4293,19825.2181,832.6349,1530375.2337,1206.7007,115.6347,117.7283,5.1636,17.082,55.1574,200.0,400.0,1663.6167,12.9089,-2.1082,23.416508,97.390234,6.866241,1,1,235413,16,0.20692927,0.01295448,0.00730508,0.00051253,0.043292,0.899939,0.081387,0.00712346,2026-03-23,2026-08-06,137,3262,137,137,1.000000,0.982216,1.021325,0.764678,2,0.8297872340425532,0.8803191489361702,0.3271276595744681,E 常规,60,1
2026-04-27,903,1222933,5,2,4,1,8,21,残靴：截断／换荷官／开收台可疑,87.0,209661407.0203,188682373.6949,2716054.8836,1787564,165318,-0.01295448,-0.00730508,-0.01442853,-0.01341573,-2716054.8836,209661407.0203,OK,96705.4869,109541.6961,4.0020,95.9980,AG03-B-v1,2606513.1875,181030658.7689,2619349.3967,2509807.7006,12836.2092,0.01249324,0.01197077,0.00006122,117.2889,1141.3299,16.4293,19825.2181,832.6349,1530375.2337,1206.7007,115.6347,117.7283,5.1636,17.082,55.1574,200.0,400.0,1663.6167,12.9089,-2.1082,23.416508,97.390234,6.866241,1,1,235413,16,0.20692927,0.01295448,0.00730508,0.00051253,0.043292,0.899939,0.081387,0.00712346,2026-03-23,2026-08-06,137,3262,137,137,1.000000,0.982216,1.021325,0.764678,2,0.8297872340425532,0.8803191489361702,0.3271276595744681,E 常规,61,1
2026-05-26,903,1246444,4,2,3,1,3,5,残靴：截断／换荷官／开收台可疑,87.0,209661407.0203,188682373.6949,2716054.8836,1787564,165318,-0.01295448,-0.00730508,-0.01442853,-0.01341573,-2716054.8836,209661407.0203,OK,96705.4869,109541.6961,4.0020,95.9980,AG03-B-v1,2606513.1875,181030658.7689,2619349.3967,2509807.7006,12836.2092,0.01249324,0.01197077,0.00006122,117.2889,1141.3299,16.4293,19825.2181,832.6349,1530375.2337,1206.7007,115.6347,117.7283,5.1636,17.082,55.1574,200.0,400.0,1663.6167,12.9089,-2.1082,23.416508,97.390234,6.866241,1,1,235413,16,0.20692927,0.01295448,0.00730508,0.00051253,0.043292,0.899939,0.081387,0.00712346,2026-03-23,2026-08-06,137,3262,137,137,1.000000,0.982216,1.021325,0.764678,2,0.8297872340425532,0.8803191489361702,0.3271276595744681,E 常规,62,1
2026-06-20,903,1267580,2,2,1,1,4,4,残靴：截断／换荷官／开收台可疑,87.0,209661407.0203,188682373.6949,2716054.8836,1787564,165318,-0.01295448,-0.00730508,-0.01442853,-0.01341573,-2716054.8836,209661407.0203,OK,96705.4869,109541.6961,4.0020,95.9980,AG03-B-v1,2606513.1875,181030658.7689,2619349.3967,2509807.7006,12836.2092,0.01249324,0.01197077,0.00006122,117.2889,1141.3299,16.4293,19825.2181,832.6349,1530375.2337,1206.7007,115.6347,117.7283,5.1636,17.082,55.1574,200.0,400.0,1663.6167,12.9089,-2.1082,23.416508,97.390234,6.866241,1,1,235413,16,0.20692927,0.01295448,0.00730508,0.00051253,0.043292,0.899939,0.081387,0.00712346,2026-03-23,2026-08-06,137,3262,137,137,1.000000,0.982216,1.021325,0.764678,2,0.8297872340425532,0.8803191489361702,0.3271276595744681,E 常规,63,1
2026-07-10,903,1284915,1,1,1,0,3,3,残靴：截断／换荷官／开收台可疑,87.0,209661407.0203,188682373.6949,2716054.8836,1787564,165318,-0.01295448,-0.00730508,-0.01442853,-0.01341573,-2716054.8836,209661407.0203,OK,96705.4869,109541.6961,4.0020,95.9980,AG03-B-v1,2606513.1875,181030658.7689,2619349.3967,2509807.7006,12836.2092,0.01249324,0.01197077,0.00006122,117.2889,1141.3299,16.4293,19825.2181,832.6349,1530375.2337,1206.7007,115.6347,117.7283,5.1636,17.082,55.1574,200.0,400.0,1663.6167,12.9089,-2.1082,23.416508,97.390234,6.866241,1,1,235413,16,0.20692927,0.01295448,0.00730508,0.00051253,0.043292,0.899939,0.081387,0.00712346,2026-03-23,2026-08-06,137,3262,137,137,1.000000,0.982216,1.021325,0.764678,2,0.8297872340425532,0.8803191489361702,0.3271276595744681,E 常规,64,1
2026-08-01,903,12103753,3,3,1,2,4,4,残靴：截断／换荷官／开收台可疑,87.0,209661407.0203,188682373.6949,2716054.8836,1787564,165318,-0.01295448,-0.00730508,-0.01442853,-0.01341573,-2716054.8836,209661407.0203,OK,96705.4869,109541.6961,4.0020,95.9980,AG03-B-v1,2606513.1875,181030658.7689,2619349.3967,2509807.7006,12836.2092,0.01249324,0.01197077,0.00006122,117.2889,1141.3299,16.4293,19825.2181,832.6349,1530375.2337,1206.7007,115.6347,117.7283,5.1636,17.082,55.1574,200.0,400.0,1663.6167,12.9089,-2.1082,23.416508,97.390234,6.866241,1,1,235413,16,0.20692927,0.01295448,0.00730508,0.00051253,0.043292,0.899939,0.081387,0.00712346,2026-03-23,2026-08-06,137,3262,137,137,1.000000,0.982216,1.021325,0.764678,2,0.8297872340425532,0.8803191489361702,0.3271276595744681,E 常规,65,1
2026-03-27,902,124405,4,2,3,1,5,5,残靴：截断／换荷官／开收台可疑,87.0,215332582.1774,193496056.4377,2838457.2274,1901412,167340,-0.01318174,-0.01270867,-0.01330513,-0.01367487,-2838457.2274,215332582.1774,OK,106187.3809,121693.0081,4.0034,95.9966,AG03-B-v1,2716764.2193,185626433.2050,2732269.8465,2610576.8385,15505.6272,0.01268860,0.01212346,0.00007201,113.2488,1156.3049,16.9622,20718.6659,856.7634,1571770.6728,1221.4599,110.4549,114.0009,5.1636,17.0416,54.2328,200.0,400.0,1583.8311,12.9089,-2.1082,23.471999,92.939203,6.645438,1,1,245555,16,0.20687535,0.01318174,0.01270867,0.00054878,0.044397,0.898592,0.081721,0.00059646,2026-03-23,2026-08-06,137,3313,137,137,1.000000,0.968895,1.041293,0.756022,2,0.8031914893617021,0.8218085106382979,0.34574468085106386,E 常规,66,1
2026-04-08,902,129852,4,1,4,0,4,9,残靴：截断／换荷官／开收台可疑,87.0,215332582.1774,193496056.4377,2838457.2274,1901412,167340,-0.01318174,-0.01270867,-0.01330513,-0.01367487,-2838457.2274,215332582.1774,OK,106187.3809,121693.0081,4.0034,95.9966,AG03-B-v1,2716764.2193,185626433.2050,2732269.8465,2610576.8385,15505.6272,0.01268860,0.01212346,0.00007201,113.2488,1156.3049,16.9622,20718.6659,856.7634,1571770.6728,1221.4599,110.4549,114.0009,5.1636,17.0416,54.2328,200.0,400.0,1583.8311,12.9089,-2.1082,23.471999,92.939203,6.645438,1,1,245555,16,0.20687535,0.01318174,0.01270867,0.00054878,0.044397,0.898592,0.081721,0.00059646,2026-03-23,2026-08-06,137,3313,137,137,1.000000,0.968895,1.041293,0.756022,2,0.8031914893617021,0.8218085106382979,0.34574468085106386,E 常规,67,1
2026-04-09,902,1210570,2,1,2,0,3,3,残靴：截断／换荷官／开收台可疑,87.0,215332582.1774,193496056.4377,2838457.2274,1901412,167340,-0.01318174,-0.01270867,-0.01330513,-0.01367487,-2838457.2274,215332582.1774,OK,106187.3809,121693.0081,4.0034,95.9966,AG03-B-v1,2716764.2193,185626433.2050,2732269.8465,2610576.8385,15505.6272,0.01268860,0.01212346,0.00007201,113.2488,1156.3049,16.9622,20718.6659,856.7634,1571770.6728,1221.4599,110.4549,114.0009,5.1636,17.0416,54.2328,200.0,400.0,1583.8311,12.9089,-2.1082,23.471999,92.939203,6.645438,1,1,245555,16,0.20687535,0.01318174,0.01270867,0.00054878,0.044397,0.898592,0.081721,0.00059646,2026-03-23,2026-08-06,137,3313,137,137,1.000000,0.968895,1.041293,0.756022,2,0.8031914893617021,0.8218085106382979,0.34574468085106386,E 常规,68,1
2026-05-23,902,1244011,2,1,2,0,3,5,残靴：截断／换荷官／开收台可疑,87.0,215332582.1774,193496056.4377,2838457.2274,1901412,167340,-0.01318174,-0.01270867,-0.01330513,-0.01367487,-2838457.2274,215332582.1774,OK,106187.3809,121693.0081,4.0034,95.9966,AG03-B-v1,2716764.2193,185626433.2050,2732269.8465,2610576.8385,15505.6272,0.01268860,0.01212346,0.00007201,113.2488,1156.3049,16.9622,20718.6659,856.7634,1571770.6728,1221.4599,110.4549,114.0009,5.1636,17.0416,54.2328,200.0,400.0,1583.8311,12.9089,-2.1082,23.471999,92.939203,6.645438,1,1,245555,16,0.20687535,0.01318174,0.01270867,0.00054878,0.044397,0.898592,0.081721,0.00059646,2026-03-23,2026-08-06,137,3313,137,137,1.000000,0.968895,1.041293,0.756022,2,0.8031914893617021,0.8218085106382979,0.34574468085106386,E 常规,69,1
2026-05-30,902,1249727,3,1,2,1,2,4,残靴：截断／换荷官／开收台可疑,87.0,215332582.1774,193496056.4377,2838457.2274,1901412,167340,-0.01318174,-0.01270867,-0.01330513,-0.01367487,-2838457.2274,215332582.1774,OK,106187.3809,121693.0081,4.0034,95.9966,AG03-B-v1,2716764.2193,185626433.2050,2732269.8465,2610576.8385,15505.6272,0.01268860,0.01212346,0.00007201,113.2488,1156.3049,16.9622,20718.6659,856.7634,1571770.6728,1221.4599,110.4549,114.0009,5.1636,17.0416,54.2328,200.0,400.0,1583.8311,12.9089,-2.1082,23.471999,92.939203,6.645438,1,1,245555,16,0.20687535,0.01318174,0.01270867,0.00054878,0.044397,0.898592,0.081721,0.00059646,2026-03-23,2026-08-06,137,3313,137,137,1.000000,0.968895,1.041293,0.756022,2,0.8031914893617021,0.8218085106382979,0.34574468085106386,E 常规,70,1
2026-05-31,902,1250393,5,3,3,2,2,4,残靴：截断／换荷官／开收台可疑,87.0,215332582.1774,193496056.4377,2838457.2274,1901412,167340,-0.01318174,-0.01270867,-0.01330513,-0.01367487,-2838457.2274,215332582.1774,OK,106187.3809,121693.0081,4.0034,95.9966,AG03-B-v1,2716764.2193,185626433.2050,2732269.8465,2610576.8385,15505.6272,0.01268860,0.01212346,0.00007201,113.2488,1156.3049,16.9622,20718.6659,856.7634,1571770.6728,1221.4599,110.4549,114.0009,5.1636,17.0416,54.2328,200.0,400.0,1583.8311,12.9089,-2.1082,23.471999,92.939203,6.645438,1,1,245555,16,0.20687535,0.01318174,0.01270867,0.00054878,0.044397,0.898592,0.081721,0.00059646,2026-03-23,2026-08-06,137,3313,137,137,1.000000,0.968895,1.041293,0.756022,2,0.8031914893617021,0.8218085106382979,0.34574468085106386,E 常规,71,1
2026-06-04,902,1253904,2,2,1,1,7,8,残靴：截断／换荷官／开收台可疑,87.0,215332582.1774,193496056.4377,2838457.2274,1901412,167340,-0.01318174,-0.01270867,-0.01330513,-0.01367487,-2838457.2274,215332582.1774,OK,106187.3809,121693.0081,4.0034,95.9966,AG03-B-v1,2716764.2193,185626433.2050,2732269.8465,2610576.8385,15505.6272,0.01268860,0.01212346,0.00007201,113.2488,1156.3049,16.9622,20718.6659,856.7634,1571770.6728,1221.4599,110.4549,114.0009,5.1636,17.0416,54.2328,200.0,400.0,1583.8311,12.9089,-2.1082,23.471999,92.939203,6.645438,1,1,245555,16,0.20687535,0.01318174,0.01270867,0.00054878,0.044397,0.898592,0.081721,0.00059646,2026-03-23,2026-08-06,137,3313,137,137,1.000000,0.968895,1.041293,0.756022,2,0.8031914893617021,0.8218085106382979,0.34574468085106386,E 常规,72,1
2026-06-22,902,1269061,5,1,5,0,7,14,残靴：截断／换荷官／开收台可疑,87.0,215332582.1774,193496056.4377,2838457.2274,1901412,167340,-0.01318174,-0.01270867,-0.01330513,-0.01367487,-2838457.2274,215332582.1774,OK,106187.3809,121693.0081,4.0034,95.9966,AG03-B-v1,2716764.2193,185626433.2050,2732269.8465,2610576.8385,15505.6272,0.01268860,0.01212346,0.00007201,113.2488,1156.3049,16.9622,20718.6659,856.7634,1571770.6728,1221.4599,110.4549,114.0009,5.1636,17.0416,54.2328,200.0,400.0,1583.8311,12.9089,-2.1082,23.471999,92.939203,6.645438,1,1,245555,16,0.20687535,0.01318174,0.01270867,0.00054878,0.044397,0.898592,0.081721,0.00059646,2026-03-23,2026-08-06,137,3313,137,137,1.000000,0.968895,1.041293,0.756022,2,0.8031914893617021,0.8218085106382979,0.34574468085106386,E 常规,73,1
2026-07-22,902,1295538,3,2,2,1,2,2,残靴：截断／换荷官／开收台可疑,87.0,215332582.1774,193496056.4377,2838457.2274,1901412,167340,-0.01318174,-0.01270867,-0.01330513,-0.01367487,-2838457.2274,215332582.1774,OK,106187.3809,121693.0081,4.0034,95.9966,AG03-B-v1,2716764.2193,185626433.2050,2732269.8465,2610576.8385,15505.6272,0.01268860,0.01212346,0.00007201,113.2488,1156.3049,16.9622,20718.6659,856.7634,1571770.6728,1221.4599,110.4549,114.0009,5.1636,17.0416,54.2328,200.0,400.0,1583.8311,12.9089,-2.1082,23.471999,92.939203,6.645438,1,1,245555,16,0.20687535,0.01318174,0.01270867,0.00054878,0.044397,0.898592,0.081721,0.00059646,2026-03-23,2026-08-06,137,3313,137,137,1.000000,0.968895,1.041293,0.756022,2,0.8031914893617021,0.8218085106382979,0.34574468085106386,E 常规,74,1
2026-07-24,902,1297314,5,3,3,2,4,6,残靴：截断／换荷官／开收台可疑,87.0,215332582.1774,193496056.4377,2838457.2274,1901412,167340,-0.01318174,-0.01270867,-0.01330513,-0.01367487,-2838457.2274,215332582.1774,OK,106187.3809,121693.0081,4.0034,95.9966,AG03-B-v1,2716764.2193,185626433.2050,2732269.8465,2610576.8385,15505.6272,0.01268860,0.01212346,0.00007201,113.2488,1156.3049,16.9622,20718.6659,856.7634,1571770.6728,1221.4599,110.4549,114.0009,5.1636,17.0416,54.2328,200.0,400.0,1583.8311,12.9089,-2.1082,23.471999,92.939203,6.645438,1,1,245555,16,0.20687535,0.01318174,0.01270867,0.00054878,0.044397,0.898592,0.081721,0.00059646,2026-03-23,2026-08-06,137,3313,137,137,1.000000,0.968895,1.041293,0.756022,2,0.8031914893617021,0.8218085106382979,0.34574468085106386,E 常规,75,1
2026-03-25,910,123902,1,1,1,0,2,2,残靴：截断／换荷官／开收台可疑,87.0,168291707.2981,151450628.1530,2936820.0972,1431874,164093,-0.01745077,-0.02856416,-0.01455716,-0.01795207,-2936820.0972,168291707.2981,OK,84364.7789,124290.6621,3.9983,96.0017,AG03-B-v1,2812529.4351,145295421.7089,2852455.3183,2728164.6562,39925.8832,0.01694947,0.01621093,0.00023724,117.5325,922.9561,17.8973,21436.6430,895.0991,1228406.6226,1197.7591,115.4549,118.0858,5.1636,18.3232,59.1108,204.3903,415.429,1663.6167,12.9729,-2.1082,22.672338,90.793072,6.414419,1,1,200520,16,0.20658323,0.01745077,0.02856416,0.00055704,0.043296,0.899929,0.082333,-0.01400700,2026-03-23,2026-08-06,137,3281,137,137,1.000000,0.977721,0.990050,0.754759,1,0.7659574468085106,0.48404255319148937,0.1356382978723404,E 常规,76,1
2026-04-03,910,126694,3,1,3,0,2,3,残靴：截断／换荷官／开收台可疑,87.0,168291707.2981,151450628.1530,2936820.0972,1431874,164093,-0.01745077,-0.02856416,-0.01455716,-0.01795207,-2936820.0972,168291707.2981,OK,84364.7789,124290.6621,3.9983,96.0017,AG03-B-v1,2812529.4351,145295421.7089,2852455.3183,2728164.6562,39925.8832,0.01694947,0.01621093,0.00023724,117.5325,922.9561,17.8973,21436.6430,895.0991,1228406.6226,1197.7591,115.4549,118.0858,5.1636,18.3232,59.1108,204.3903,415.429,1663.6167,12.9729,-2.1082,22.672338,90.793072,6.414419,1,1,200520,16,0.20658323,0.01745077,0.02856416,0.00055704,0.043296,0.899929,0.082333,-0.01400700,2026-03-23,2026-08-06,137,3281,137,137,1.000000,0.977721,0.990050,0.754759,1,0.7659574468085106,0.48404255319148937,0.1356382978723404,E 常规,77,1
2026-04-14,910,1214144,1,1,1,0,4,4,残靴：截断／换荷官／开收台可疑,87.0,168291707.2981,151450628.1530,2936820.0972,1431874,164093,-0.01745077,-0.02856416,-0.01455716,-0.01795207,-2936820.0972,168291707.2981,OK,84364.7789,124290.6621,3.9983,96.0017,AG03-B-v1,2812529.4351,145295421.7089,2852455.3183,2728164.6562,39925.8832,0.01694947,0.01621093,0.00023724,117.5325,922.9561,17.8973,21436.6430,895.0991,1228406.6226,1197.7591,115.4549,118.0858,5.1636,18.3232,59.1108,204.3903,415.429,1663.6167,12.9729,-2.1082,22.672338,90.793072,6.414419,1,1,200520,16,0.20658323,0.01745077,0.02856416,0.00055704,0.043296,0.899929,0.082333,-0.01400700,2026-03-23,2026-08-06,137,3281,137,137,1.000000,0.977721,0.990050,0.754759,1,0.7659574468085106,0.48404255319148937,0.1356382978723404,E 常规,78,1
2026-04-22,910,1219564,5,1,5,0,7,13,残靴：截断／换荷官／开收台可疑,87.0,168291707.2981,151450628.1530,2936820.0972,1431874,164093,-0.01745077,-0.02856416,-0.01455716,-0.01795207,-2936820.0972,168291707.2981,OK,84364.7789,124290.6621,3.9983,96.0017,AG03-B-v1,2812529.4351,145295421.7089,2852455.3183,2728164.6562,39925.8832,0.01694947,0.01621093,0.00023724,117.5325,922.9561,17.8973,21436.6430,895.0991,1228406.6226,1197.7591,115.4549,118.0858,5.1636,18.3232,59.1108,204.3903,415.429,1663.6167,12.9729,-2.1082,22.672338,90.793072,6.414419,1,1,200520,16,0.20658323,0.01745077,0.02856416,0.00055704,0.043296,0.899929,0.082333,-0.01400700,2026-03-23,2026-08-06,137,3281,137,137,1.000000,0.977721,0.990050,0.754759,1,0.7659574468085106,0.48404255319148937,0.1356382978723404,E 常规,79,1
2026-04-23,910,1220255,5,1,4,1,5,6,残靴：截断／换荷官／开收台可疑,87.0,168291707.2981,151450628.1530,2936820.0972,1431874,164093,-0.01745077,-0.02856416,-0.01455716,-0.01795207,-2936820.0972,168291707.2981,OK,84364.7789,124290.6621,3.9983,96.0017,AG03-B-v1,2812529.4351,145295421.7089,2852455.3183,2728164.6562,39925.8832,0.01694947,0.01621093,0.00023724,117.5325,922.9561,17.8973,21436.6430,895.0991,1228406.6226,1197.7591,115.4549,118.0858,5.1636,18.3232,59.1108,204.3903,415.429,1663.6167,12.9729,-2.1082,22.672338,90.793072,6.414419,1,1,200520,16,0.20658323,0.01745077,0.02856416,0.00055704,0.043296,0.899929,0.082333,-0.01400700,2026-03-23,2026-08-06,137,3281,137,137,1.000000,0.977721,0.990050,0.754759,1,0.7659574468085106,0.48404255319148937,0.1356382978723404,E 常规,80,1
2026-05-03,910,1227238,5,1,5,0,16,23,残靴：截断／换荷官／开收台可疑,87.0,168291707.2981,151450628.1530,2936820.0972,1431874,164093,-0.01745077,-0.02856416,-0.01455716,-0.01795207,-2936820.0972,168291707.2981,OK,84364.7789,124290.6621,3.9983,96.0017,AG03-B-v1,2812529.4351,145295421.7089,2852455.3183,2728164.6562,39925.8832,0.01694947,0.01621093,0.00023724,117.5325,922.9561,17.8973,21436.6430,895.0991,1228406.6226,1197.7591,115.4549,118.0858,5.1636,18.3232,59.1108,204.3903,415.429,1663.6167,12.9729,-2.1082,22.672338,90.793072,6.414419,1,1,200520,16,0.20658323,0.01745077,0.02856416,0.00055704,0.043296,0.899929,0.082333,-0.01400700,2026-03-23,2026-08-06,137,3281,137,137,1.000000,0.977721,0.990050,0.754759,1,0.7659574468085106,0.48404255319148937,0.1356382978723404,E 常规,81,1
2026-05-17,910,1238947,2,1,2,0,9,15,残靴：截断／换荷官／开收台可疑,87.0,168291707.2981,151450628.1530,2936820.0972,1431874,164093,-0.01745077,-0.02856416,-0.01455716,-0.01795207,-2936820.0972,168291707.2981,OK,84364.7789,124290.6621,3.9983,96.0017,AG03-B-v1,2812529.4351,145295421.7089,2852455.3183,2728164.6562,39925.8832,0.01694947,0.01621093,0.00023724,117.5325,922.9561,17.8973,21436.6430,895.0991,1228406.6226,1197.7591,115.4549,118.0858,5.1636,18.3232,59.1108,204.3903,415.429,1663.6167,12.9729,-2.1082,22.672338,90.793072,6.414419,1,1,200520,16,0.20658323,0.01745077,0.02856416,0.00055704,0.043296,0.899929,0.082333,-0.01400700,2026-03-23,2026-08-06,137,3281,137,137,1.000000,0.977721,0.990050,0.754759,1,0.7659574468085106,0.48404255319148937,0.1356382978723404,E 常规,82,1
2026-05-30,910,1249726,5,1,3,2,3,5,残靴：截断／换荷官／开收台可疑,87.0,168291707.2981,151450628.1530,2936820.0972,1431874,164093,-0.01745077,-0.02856416,-0.01455716,-0.01795207,-2936820.0972,168291707.2981,OK,84364.7789,124290.6621,3.9983,96.0017,AG03-B-v1,2812529.4351,145295421.7089,2852455.3183,2728164.6562,39925.8832,0.01694947,0.01621093,0.00023724,117.5325,922.9561,17.8973,21436.6430,895.0991,1228406.6226,1197.7591,115.4549,118.0858,5.1636,18.3232,59.1108,204.3903,415.429,1663.6167,12.9729,-2.1082,22.672338,90.793072,6.414419,1,1,200520,16,0.20658323,0.01745077,0.02856416,0.00055704,0.043296,0.899929,0.082333,-0.01400700,2026-03-23,2026-08-06,137,3281,137,137,1.000000,0.977721,0.990050,0.754759,1,0.7659574468085106,0.48404255319148937,0.1356382978723404,E 常规,83,1
2026-06-16,910,1264269,1,1,1,0,2,2,残靴：截断／换荷官／开收台可疑,87.0,168291707.2981,151450628.1530,2936820.0972,1431874,164093,-0.01745077,-0.02856416,-0.01455716,-0.01795207,-2936820.0972,168291707.2981,OK,84364.7789,124290.6621,3.9983,96.0017,AG03-B-v1,2812529.4351,145295421.7089,2852455.3183,2728164.6562,39925.8832,0.01694947,0.01621093,0.00023724,117.5325,922.9561,17.8973,21436.6430,895.0991,1228406.6226,1197.7591,115.4549,118.0858,5.1636,18.3232,59.1108,204.3903,415.429,1663.6167,12.9729,-2.1082,22.672338,90.793072,6.414419,1,1,200520,16,0.20658323,0.01745077,0.02856416,0.00055704,0.043296,0.899929,0.082333,-0.01400700,2026-03-23,2026-08-06,137,3281,137,137,1.000000,0.977721,0.990050,0.754759,1,0.7659574468085106,0.48404255319148937,0.1356382978723404,E 常规,84,1
2026-06-18,910,1266037,5,2,4,1,8,19,残靴：截断／换荷官／开收台可疑,87.0,168291707.2981,151450628.1530,2936820.0972,1431874,164093,-0.01745077,-0.02856416,-0.01455716,-0.01795207,-2936820.0972,168291707.2981,OK,84364.7789,124290.6621,3.9983,96.0017,AG03-B-v1,2812529.4351,145295421.7089,2852455.3183,2728164.6562,39925.8832,0.01694947,0.01621093,0.00023724,117.5325,922.9561,17.8973,21436.6430,895.0991,1228406.6226,1197.7591,115.4549,118.0858,5.1636,18.3232,59.1108,204.3903,415.429,1663.6167,12.9729,-2.1082,22.672338,90.793072,6.414419,1,1,200520,16,0.20658323,0.01745077,0.02856416,0.00055704,0.043296,0.899929,0.082333,-0.01400700,2026-03-23,2026-08-06,137,3281,137,137,1.000000,0.977721,0.990050,0.754759,1,0.7659574468085106,0.48404255319148937,0.1356382978723404,E 常规,85,1
2026-07-02,910,1277710,1,1,1,0,1,1,残靴：截断／换荷官／开收台可疑,87.0,168291707.2981,151450628.1530,2936820.0972,1431874,164093,-0.01745077,-0.02856416,-0.01455716,-0.01795207,-2936820.0972,168291707.2981,OK,84364.7789,124290.6621,3.9983,96.0017,AG03-B-v1,2812529.4351,145295421.7089,2852455.3183,2728164.6562,39925.8832,0.01694947,0.01621093,0.00023724,117.5325,922.9561,17.8973,21436.6430,895.0991,1228406.6226,1197.7591,115.4549,118.0858,5.1636,18.3232,59.1108,204.3903,415.429,1663.6167,12.9729,-2.1082,22.672338,90.793072,6.414419,1,1,200520,16,0.20658323,0.01745077,0.02856416,0.00055704,0.043296,0.899929,0.082333,-0.01400700,2026-03-23,2026-08-06,137,3281,137,137,1.000000,0.977721,0.990050,0.754759,1,0.7659574468085106,0.48404255319148937,0.1356382978723404,E 常规,86,1
2026-07-09,910,1283966,2,1,2,0,6,6,残靴：截断／换荷官／开收台可疑,87.0,168291707.2981,151450628.1530,2936820.0972,1431874,164093,-0.01745077,-0.02856416,-0.01455716,-0.01795207,-2936820.0972,168291707.2981,OK,84364.7789,124290.6621,3.9983,96.0017,AG03-B-v1,2812529.4351,145295421.7089,2852455.3183,2728164.6562,39925.8832,0.01694947,0.01621093,0.00023724,117.5325,922.9561,17.8973,21436.6430,895.0991,1228406.6226,1197.7591,115.4549,118.0858,5.1636,18.3232,59.1108,204.3903,415.429,1663.6167,12.9729,-2.1082,22.672338,90.793072,6.414419,1,1,200520,16,0.20658323,0.01745077,0.02856416,0.00055704,0.043296,0.899929,0.082333,-0.01400700,2026-03-23,2026-08-06,137,3281,137,137,1.000000,0.977721,0.990050,0.754759,1,0.7659574468085106,0.48404255319148937,0.1356382978723404,E 常规,87,1
2026-07-13,910,1287642,1,1,1,0,2,2,残靴：截断／换荷官／开收台可疑,87.0,168291707.2981,151450628.1530,2936820.0972,1431874,164093,-0.01745077,-0.02856416,-0.01455716,-0.01795207,-2936820.0972,168291707.2981,OK,84364.7789,124290.6621,3.9983,96.0017,AG03-B-v1,2812529.4351,145295421.7089,2852455.3183,2728164.6562,39925.8832,0.01694947,0.01621093,0.00023724,117.5325,922.9561,17.8973,21436.6430,895.0991,1228406.6226,1197.7591,115.4549,118.0858,5.1636,18.3232,59.1108,204.3903,415.429,1663.6167,12.9729,-2.1082,22.672338,90.793072,6.414419,1,1,200520,16,0.20658323,0.01745077,0.02856416,0.00055704,0.043296,0.899929,0.082333,-0.01400700,2026-03-23,2026-08-06,137,3281,137,137,1.000000,0.977721,0.990050,0.754759,1,0.7659574468085106,0.48404255319148937,0.1356382978723404,E 常规,88,1
2026-08-03,910,12105290,1,1,1,0,2,2,残靴：截断／换荷官／开收台可疑,87.0,168291707.2981,151450628.1530,2936820.0972,1431874,164093,-0.01745077,-0.02856416,-0.01455716,-0.01795207,-2936820.0972,168291707.2981,OK,84364.7789,124290.6621,3.9983,96.0017,AG03-B-v1,2812529.4351,145295421.7089,2852455.3183,2728164.6562,39925.8832,0.01694947,0.01621093,0.00023724,117.5325,922.9561,17.8973,21436.6430,895.0991,1228406.6226,1197.7591,115.4549,118.0858,5.1636,18.3232,59.1108,204.3903,415.429,1663.6167,12.9729,-2.1082,22.672338,90.793072,6.414419,1,1,200520,16,0.20658323,0.01745077,0.02856416,0.00055704,0.043296,0.899929,0.082333,-0.01400700,2026-03-23,2026-08-06,137,3281,137,137,1.000000,0.977721,0.990050,0.754759,1,0.7659574468085106,0.48404255319148937,0.1356382978723404,E 常规,89,1
2026-03-23,912,123408,4,2,2,2,5,5,残靴：截断／换荷官／开收台可疑,87.0,152110191.0536,137294893.1167,3099034.3694,1380059,161851,-0.02037361,-0.00495211,-0.02446321,-0.02087848,-3099034.3694,152110191.0536,OK,76794.6005,122826.9462,3.9959,96.0041,AG03-B-v1,2976207.4232,131711411.8940,3022239.7688,2899412.8226,46032.3457,0.01986875,0.01906127,0.00030262,110.2201,848.2795,19.1475,22620.6888,957.6744,1110293.3654,1181.3942,109.5350,110.4032,5.1636,17.6074,55.0247,200.0021,400.0,1507.2743,12.9679,-2.1082,22.717727,85.604615,6.259873,1,1,195258,16,0.20960335,0.02037361,0.00495211,0.00055934,0.042265,0.902602,0.079922,0.01951110,2026-03-23,2026-08-06,137,3236,137,137,1.000000,0.992137,1.015007,0.765660,1,0.7287234042553191,0.20212765957446807,0.047872340425531915,E 常规,90,1
2026-04-03,912,126693,2,2,1,1,1,1,残靴：截断／换荷官／开收台可疑,87.0,152110191.0536,137294893.1167,3099034.3694,1380059,161851,-0.02037361,-0.00495211,-0.02446321,-0.02087848,-3099034.3694,152110191.0536,OK,76794.6005,122826.9462,3.9959,96.0041,AG03-B-v1,2976207.4232,131711411.8940,3022239.7688,2899412.8226,46032.3457,0.01986875,0.01906127,0.00030262,110.2201,848.2795,19.1475,22620.6888,957.6744,1110293.3654,1181.3942,109.5350,110.4032,5.1636,17.6074,55.0247,200.0021,400.0,1507.2743,12.9679,-2.1082,22.717727,85.604615,6.259873,1,1,195258,16,0.20960335,0.02037361,0.00495211,0.00055934,0.042265,0.902602,0.079922,0.01951110,2026-03-23,2026-08-06,137,3236,137,137,1.000000,0.992137,1.015007,0.765660,1,0.7287234042553191,0.20212765957446807,0.047872340425531915,E 常规,91,1
2026-04-06,912,128381,1,1,1,0,2,2,残靴：截断／换荷官／开收台可疑,87.0,152110191.0536,137294893.1167,3099034.3694,1380059,161851,-0.02037361,-0.00495211,-0.02446321,-0.02087848,-3099034.3694,152110191.0536,OK,76794.6005,122826.9462,3.9959,96.0041,AG03-B-v1,2976207.4232,131711411.8940,3022239.7688,2899412.8226,46032.3457,0.01986875,0.01906127,0.00030262,110.2201,848.2795,19.1475,22620.6888,957.6744,1110293.3654,1181.3942,109.5350,110.4032,5.1636,17.6074,55.0247,200.0021,400.0,1507.2743,12.9679,-2.1082,22.717727,85.604615,6.259873,1,1,195258,16,0.20960335,0.02037361,0.00495211,0.00055934,0.042265,0.902602,0.079922,0.01951110,2026-03-23,2026-08-06,137,3236,137,137,1.000000,0.992137,1.015007,0.765660,1,0.7287234042553191,0.20212765957446807,0.047872340425531915,E 常规,92,1
2026-04-10,912,1211271,1,1,1,0,2,2,残靴：截断／换荷官／开收台可疑,87.0,152110191.0536,137294893.1167,3099034.3694,1380059,161851,-0.02037361,-0.00495211,-0.02446321,-0.02087848,-3099034.3694,152110191.0536,OK,76794.6005,122826.9462,3.9959,96.0041,AG03-B-v1,2976207.4232,131711411.8940,3022239.7688,2899412.8226,46032.3457,0.01986875,0.01906127,0.00030262,110.2201,848.2795,19.1475,22620.6888,957.6744,1110293.3654,1181.3942,109.5350,110.4032,5.1636,17.6074,55.0247,200.0021,400.0,1507.2743,12.9679,-2.1082,22.717727,85.604615,6.259873,1,1,195258,16,0.20960335,0.02037361,0.00495211,0.00055934,0.042265,0.902602,0.079922,0.01951110,2026-03-23,2026-08-06,137,3236,137,137,1.000000,0.992137,1.015007,0.765660,1,0.7287234042553191,0.20212765957446807,0.047872340425531915,E 常规,93,1
2026-04-16,912,1215552,3,1,3,0,6,9,残靴：截断／换荷官／开收台可疑,87.0,152110191.0536,137294893.1167,3099034.3694,1380059,161851,-0.02037361,-0.00495211,-0.02446321,-0.02087848,-3099034.3694,152110191.0536,OK,76794.6005,122826.9462,3.9959,96.0041,AG03-B-v1,2976207.4232,131711411.8940,3022239.7688,2899412.8226,46032.3457,0.01986875,0.01906127,0.00030262,110.2201,848.2795,19.1475,22620.6888,957.6744,1110293.3654,1181.3942,109.5350,110.4032,5.1636,17.6074,55.0247,200.0021,400.0,1507.2743,12.9679,-2.1082,22.717727,85.604615,6.259873,1,1,195258,16,0.20960335,0.02037361,0.00495211,0.00055934,0.042265,0.902602,0.079922,0.01951110,2026-03-23,2026-08-06,137,3236,137,137,1.000000,0.992137,1.015007,0.765660,1,0.7287234042553191,0.20212765957446807,0.047872340425531915,E 常规,94,1
2026-04-17,912,1216188,1,1,1,0,3,6,残靴：截断／换荷官／开收台可疑,87.0,152110191.0536,137294893.1167,3099034.3694,1380059,161851,-0.02037361,-0.00495211,-0.02446321,-0.02087848,-3099034.3694,152110191.0536,OK,76794.6005,122826.9462,3.9959,96.0041,AG03-B-v1,2976207.4232,131711411.8940,3022239.7688,2899412.8226,46032.3457,0.01986875,0.01906127,0.00030262,110.2201,848.2795,19.1475,22620.6888,957.6744,1110293.3654,1181.3942,109.5350,110.4032,5.1636,17.6074,55.0247,200.0021,400.0,1507.2743,12.9679,-2.1082,22.717727,85.604615,6.259873,1,1,195258,16,0.20960335,0.02037361,0.00495211,0.00055934,0.042265,0.902602,0.079922,0.01951110,2026-03-23,2026-08-06,137,3236,137,137,1.000000,0.992137,1.015007,0.765660,1,0.7287234042553191,0.20212765957446807,0.047872340425531915,E 常规,95,1
2026-04-27,912,1222402,110,11,32,78,44,117,超长：碰撞或跨日合并可疑,87.0,152110191.0536,137294893.1167,3099034.3694,1380059,161851,-0.02037361,-0.00495211,-0.02446321,-0.02087848,-3099034.3694,152110191.0536,OK,76794.6005,122826.9462,3.9959,96.0041,AG03-B-v1,2976207.4232,131711411.8940,3022239.7688,2899412.8226,46032.3457,0.01986875,0.01906127,0.00030262,110.2201,848.2795,19.1475,22620.6888,957.6744,1110293.3654,1181.3942,109.5350,110.4032,5.1636,17.6074,55.0247,200.0021,400.0,1507.2743,12.9679,-2.1082,22.717727,85.604615,6.259873,1,1,195258,16,0.20960335,0.02037361,0.00495211,0.00055934,0.042265,0.902602,0.079922,0.01951110,2026-03-23,2026-08-06,137,3236,137,137,1.000000,0.992137,1.015007,0.765660,1,0.7287234042553191,0.20212765957446807,0.047872340425531915,E 常规,96,1
2026-05-13,912,1235660,2,1,2,0,2,3,残靴：截断／换荷官／开收台可疑,87.0,152110191.0536,137294893.1167,3099034.3694,1380059,161851,-0.02037361,-0.00495211,-0.02446321,-0.02087848,-3099034.3694,152110191.0536,OK,76794.6005,122826.9462,3.9959,96.0041,AG03-B-v1,2976207.4232,131711411.8940,3022239.7688,2899412.8226,46032.3457,0.01986875,0.01906127,0.00030262,110.2201,848.2795,19.1475,22620.6888,957.6744,1110293.3654,1181.3942,109.5350,110.4032,5.1636,17.6074,55.0247,200.0021,400.0,1507.2743,12.9679,-2.1082,22.717727,85.604615,6.259873,1,1,195258,16,0.20960335,0.02037361,0.00495211,0.00055934,0.042265,0.902602,0.079922,0.01951110,2026-03-23,2026-08-06,137,3236,137,137,1.000000,0.992137,1.015007,0.765660,1,0.7287234042553191,0.20212765957446807,0.047872340425531915,E 常规,97,1
2026-06-01,912,1251071,1,1,1,0,1,1,残靴：截断／换荷官／开收台可疑,87.0,152110191.0536,137294893.1167,3099034.3694,1380059,161851,-0.02037361,-0.00495211,-0.02446321,-0.02087848,-3099034.3694,152110191.0536,OK,76794.6005,122826.9462,3.9959,96.0041,AG03-B-v1,2976207.4232,131711411.8940,3022239.7688,2899412.8226,46032.3457,0.01986875,0.01906127,0.00030262,110.2201,848.2795,19.1475,22620.6888,957.6744,1110293.3654,1181.3942,109.5350,110.4032,5.1636,17.6074,55.0247,200.0021,400.0,1507.2743,12.9679,-2.1082,22.717727,85.604615,6.259873,1,1,195258,16,0.20960335,0.02037361,0.00495211,0.00055934,0.042265,0.902602,0.079922,0.01951110,2026-03-23,2026-08-06,137,3236,137,137,1.000000,0.992137,1.015007,0.765660,1,0.7287234042553191,0.20212765957446807,0.047872340425531915,E 常规,98,1
2026-06-20,912,1267578,3,1,3,0,6,9,残靴：截断／换荷官／开收台可疑,87.0,152110191.0536,137294893.1167,3099034.3694,1380059,161851,-0.02037361,-0.00495211,-0.02446321,-0.02087848,-3099034.3694,152110191.0536,OK,76794.6005,122826.9462,3.9959,96.0041,AG03-B-v1,2976207.4232,131711411.8940,3022239.7688,2899412.8226,46032.3457,0.01986875,0.01906127,0.00030262,110.2201,848.2795,19.1475,22620.6888,957.6744,1110293.3654,1181.3942,109.5350,110.4032,5.1636,17.6074,55.0247,200.0021,400.0,1507.2743,12.9679,-2.1082,22.717727,85.604615,6.259873,1,1,195258,16,0.20960335,0.02037361,0.00495211,0.00055934,0.042265,0.902602,0.079922,0.01951110,2026-03-23,2026-08-06,137,3236,137,137,1.000000,0.992137,1.015007,0.765660,1,0.7287234042553191,0.20212765957446807,0.047872340425531915,E 常规,99,1
2026-06-25,912,1271625,3,1,3,0,5,7,残靴：截断／换荷官／开收台可疑,87.0,152110191.0536,137294893.1167,3099034.3694,1380059,161851,-0.02037361,-0.00495211,-0.02446321,-0.02087848,-3099034.3694,152110191.0536,OK,76794.6005,122826.9462,3.9959,96.0041,AG03-B-v1,2976207.4232,131711411.8940,3022239.7688,2899412.8226,46032.3457,0.01986875,0.01906127,0.00030262,110.2201,848.2795,19.1475,22620.6888,957.6744,1110293.3654,1181.3942,109.5350,110.4032,5.1636,17.6074,55.0247,200.0021,400.0,1507.2743,12.9679,-2.1082,22.717727,85.604615,6.259873,1,1,195258,16,0.20960335,0.02037361,0.00495211,0.00055934,0.042265,0.902602,0.079922,0.01951110,2026-03-23,2026-08-06,137,3236,137,137,1.000000,0.992137,1.015007,0.765660,1,0.7287234042553191,0.20212765957446807,0.047872340425531915,E 常规,100,1
2026-07-16,912,1290404,5,1,5,0,8,14,残靴：截断／换荷官／开收台可疑,87.0,152110191.0536,137294893.1167,3099034.3694,1380059,161851,-0.02037361,-0.00495211,-0.02446321,-0.02087848,-3099034.3694,152110191.0536,OK,76794.6005,122826.9462,3.9959,96.0041,AG03-B-v1,2976207.4232,131711411.8940,3022239.7688,2899412.8226,46032.3457,0.01986875,0.01906127,0.00030262,110.2201,848.2795,19.1475,22620.6888,957.6744,1110293.3654,1181.3942,109.5350,110.4032,5.1636,17.6074,55.0247,200.0021,400.0,1507.2743,12.9679,-2.1082,22.717727,85.604615,6.259873,1,1,195258,16,0.20960335,0.02037361,0.00495211,0.00055934,0.042265,0.902602,0.079922,0.01951110,2026-03-23,2026-08-06,137,3236,137,137,1.000000,0.992137,1.015007,0.765660,1,0.7287234042553191,0.20212765957446807,0.047872340425531915,E 常规,101,1
2026-08-03,912,12105288,5,2,3,2,4,5,残靴：截断／换荷官／开收台可疑,87.0,152110191.0536,137294893.1167,3099034.3694,1380059,161851,-0.02037361,-0.00495211,-0.02446321,-0.02087848,-3099034.3694,152110191.0536,OK,76794.6005,122826.9462,3.9959,96.0041,AG03-B-v1,2976207.4232,131711411.8940,3022239.7688,2899412.8226,46032.3457,0.01986875,0.01906127,0.00030262,110.2201,848.2795,19.1475,22620.6888,957.6744,1110293.3654,1181.3942,109.5350,110.4032,5.1636,17.6074,55.0247,200.0021,400.0,1507.2743,12.9679,-2.1082,22.717727,85.604615,6.259873,1,1,195258,16,0.20960335,0.02037361,0.00495211,0.00055934,0.042265,0.902602,0.079922,0.01951110,2026-03-23,2026-08-06,137,3236,137,137,1.000000,0.992137,1.015007,0.765660,1,0.7287234042553191,0.20212765957446807,0.047872340425531915,E 常规,102,1
2026-08-06,912,12107518,5,1,5,0,9,11,残靴：截断／换荷官／开收台可疑,87.0,152110191.0536,137294893.1167,3099034.3694,1380059,161851,-0.02037361,-0.00495211,-0.02446321,-0.02087848,-3099034.3694,152110191.0536,OK,76794.6005,122826.9462,3.9959,96.0041,AG03-B-v1,2976207.4232,131711411.8940,3022239.7688,2899412.8226,46032.3457,0.01986875,0.01906127,0.00030262,110.2201,848.2795,19.1475,22620.6888,957.6744,1110293.3654,1181.3942,109.5350,110.4032,5.1636,17.6074,55.0247,200.0021,400.0,1507.2743,12.9679,-2.1082,22.717727,85.604615,6.259873,1,1,195258,16,0.20960335,0.02037361,0.00495211,0.00055934,0.042265,0.902602,0.079922,0.01951110,2026-03-23,2026-08-06,137,3236,137,137,1.000000,0.992137,1.015007,0.765660,1,0.7287234042553191,0.20212765957446807,0.047872340425531915,E 常规,103,1
2026-04-24,906,1220762,1,1,1,0,1,1,残靴：截断／换荷官／开收台可疑,87.0,188062809.9455,169528482.4267,3497221.4701,1610340,165347,-0.01859603,-0.01321225,-0.01997560,-0.01906997,-3497221.4701,188062809.9455,OK,89131.4122,145070.6415,3.9997,96.0003,AG03-B-v1,3352150.8286,162648085.4335,3408090.0579,3263019.4164,55939.2293,0.01812208,0.01735069,0.00029745,116.7845,1025.2891,21.1508,25527.1640,1064.6032,1372721.2405,1206.9124,112.5121,117.9321,5.1636,17.5876,57.0838,203.5613,406.0664,1661.6504,12.9089,-2.1082,23.088253,94.478648,6.640172,1,1,219783,16,0.20397729,0.01859603,0.01321225,0.00052576,0.043468,0.901446,0.082806,0.00676334,2026-03-23,2026-08-06,137,3285,137,137,1.000000,0.954041,1.025485,0.766349,2,0.7127659574468085,0.3351063829787234,0.2632978723404255,E 常规,104,1
2026-04-26,906,1222286,3,1,3,0,11,26,残靴：截断／换荷官／开收台可疑,87.0,188062809.9455,169528482.4267,3497221.4701,1610340,165347,-0.01859603,-0.01321225,-0.01997560,-0.01906997,-3497221.4701,188062809.9455,OK,89131.4122,145070.6415,3.9997,96.0003,AG03-B-v1,3352150.8286,162648085.4335,3408090.0579,3263019.4164,55939.2293,0.01812208,0.01735069,0.00029745,116.7845,1025.2891,21.1508,25527.1640,1064.6032,1372721.2405,1206.9124,112.5121,117.9321,5.1636,17.5876,57.0838,203.5613,406.0664,1661.6504,12.9089,-2.1082,23.088253,94.478648,6.640172,1,1,219783,16,0.20397729,0.01859603,0.01321225,0.00052576,0.043468,0.901446,0.082806,0.00676334,2026-03-23,2026-08-06,137,3285,137,137,1.000000,0.954041,1.025485,0.766349,2,0.7127659574468085,0.3351063829787234,0.2632978723404255,E 常规,105,1
2026-05-19,906,1240655,5,1,5,0,15,31,残靴：截断／换荷官／开收台可疑,87.0,188062809.9455,169528482.4267,3497221.4701,1610340,165347,-0.01859603,-0.01321225,-0.01997560,-0.01906997,-3497221.4701,188062809.9455,OK,89131.4122,145070.6415,3.9997,96.0003,AG03-B-v1,3352150.8286,162648085.4335,3408090.0579,3263019.4164,55939.2293,0.01812208,0.01735069,0.00029745,116.7845,1025.2891,21.1508,25527.1640,1064.6032,1372721.2405,1206.9124,112.5121,117.9321,5.1636,17.5876,57.0838,203.5613,406.0664,1661.6504,12.9089,-2.1082,23.088253,94.478648,6.640172,1,1,219783,16,0.20397729,0.01859603,0.01321225,0.00052576,0.043468,0.901446,0.082806,0.00676334,2026-03-23,2026-08-06,137,3285,137,137,1.000000,0.954041,1.025485,0.766349,2,0.7127659574468085,0.3351063829787234,0.2632978723404255,E 常规,106,1
2026-05-28,906,1248222,1,1,1,0,2,2,残靴：截断／换荷官／开收台可疑,87.0,188062809.9455,169528482.4267,3497221.4701,1610340,165347,-0.01859603,-0.01321225,-0.01997560,-0.01906997,-3497221.4701,188062809.9455,OK,89131.4122,145070.6415,3.9997,96.0003,AG03-B-v1,3352150.8286,162648085.4335,3408090.0579,3263019.4164,55939.2293,0.01812208,0.01735069,0.00029745,116.7845,1025.2891,21.1508,25527.1640,1064.6032,1372721.2405,1206.9124,112.5121,117.9321,5.1636,17.5876,57.0838,203.5613,406.0664,1661.6504,12.9089,-2.1082,23.088253,94.478648,6.640172,1,1,219783,16,0.20397729,0.01859603,0.01321225,0.00052576,0.043468,0.901446,0.082806,0.00676334,2026-03-23,2026-08-06,137,3285,137,137,1.000000,0.954041,1.025485,0.766349,2,0.7127659574468085,0.3351063829787234,0.2632978723404255,E 常规,107,1
2026-06-19,906,1266796,5,1,5,0,24,35,残靴：截断／换荷官／开收台可疑,87.0,188062809.9455,169528482.4267,3497221.4701,1610340,165347,-0.01859603,-0.01321225,-0.01997560,-0.01906997,-3497221.4701,188062809.9455,OK,89131.4122,145070.6415,3.9997,96.0003,AG03-B-v1,3352150.8286,162648085.4335,3408090.0579,3263019.4164,55939.2293,0.01812208,0.01735069,0.00029745,116.7845,1025.2891,21.1508,25527.1640,1064.6032,1372721.2405,1206.9124,112.5121,117.9321,5.1636,17.5876,57.0838,203.5613,406.0664,1661.6504,12.9089,-2.1082,23.088253,94.478648,6.640172,1,1,219783,16,0.20397729,0.01859603,0.01321225,0.00052576,0.043468,0.901446,0.082806,0.00676334,2026-03-23,2026-08-06,137,3285,137,137,1.000000,0.954041,1.025485,0.766349,2,0.7127659574468085,0.3351063829787234,0.2632978723404255,E 常规,108,1
2026-06-22,906,1269059,5,2,4,1,8,22,残靴：截断／换荷官／开收台可疑,87.0,188062809.9455,169528482.4267,3497221.4701,1610340,165347,-0.01859603,-0.01321225,-0.01997560,-0.01906997,-3497221.4701,188062809.9455,OK,89131.4122,145070.6415,3.9997,96.0003,AG03-B-v1,3352150.8286,162648085.4335,3408090.0579,3263019.4164,55939.2293,0.01812208,0.01735069,0.00029745,116.7845,1025.2891,21.1508,25527.1640,1064.6032,1372721.2405,1206.9124,112.5121,117.9321,5.1636,17.5876,57.0838,203.5613,406.0664,1661.6504,12.9089,-2.1082,23.088253,94.478648,6.640172,1,1,219783,16,0.20397729,0.01859603,0.01321225,0.00052576,0.043468,0.901446,0.082806,0.00676334,2026-03-23,2026-08-06,137,3285,137,137,1.000000,0.954041,1.025485,0.766349,2,0.7127659574468085,0.3351063829787234,0.2632978723404255,E 常规,109,1
2026-04-09,901,1210571,1,1,1,0,2,4,残靴：截断／换荷官／开收台可疑,87.0,233670995.3148,210645054.7285,3848673.1721,2037961,167554,-0.01647048,-0.01268480,-0.01749385,-0.01693829,-3848673.1721,233670995.3148,OK,109313.7059,160488.3508,4.0027,95.9973,AG03-B-v1,3688184.8213,202070704.7090,3739359.4662,3578871.1154,51174.6449,0.01600267,0.01531586,0.00021900,114.6592,1257.1771,22.9697,28092.5049,1164.1480,1705627.7030,1223.0219,114.0648,114.8210,5.1636,17.2208,54.5082,200.0,400.0,1663.3304,12.9089,-2.2009,23.227781,96.588687,6.658197,1,1,256798,16,0.21280091,0.01647048,0.01268480,0.00051895,0.042811,0.901460,0.083870,0.00480904,2026-03-23,2026-08-06,137,3306,137,137,1.000000,0.993414,1.036542,0.778712,2,0.6781914893617021,0.5957446808510638,0.3723404255319149,E 常规,110,1
2026-05-01,901,1225779,2,2,1,1,3,4,残靴：截断／换荷官／开收台可疑,87.0,233670995.3148,210645054.7285,3848673.1721,2037961,167554,-0.01647048,-0.01268480,-0.01749385,-0.01693829,-3848673.1721,233670995.3148,OK,109313.7059,160488.3508,4.0027,95.9973,AG03-B-v1,3688184.8213,202070704.7090,3739359.4662,3578871.1154,51174.6449,0.01600267,0.01531586,0.00021900,114.6592,1257.1771,22.9697,28092.5049,1164.1480,1705627.7030,1223.0219,114.0648,114.8210,5.1636,17.2208,54.5082,200.0,400.0,1663.3304,12.9089,-2.2009,23.227781,96.588687,6.658197,1,1,256798,16,0.21280091,0.01647048,0.01268480,0.00051895,0.042811,0.901460,0.083870,0.00480904,2026-03-23,2026-08-06,137,3306,137,137,1.000000,0.993414,1.036542,0.778712,2,0.6781914893617021,0.5957446808510638,0.3723404255319149,E 常规,111,1
2026-05-04,901,1228159,1,1,1,0,1,1,残靴：截断／换荷官／开收台可疑,87.0,233670995.3148,210645054.7285,3848673.1721,2037961,167554,-0.01647048,-0.01268480,-0.01749385,-0.01693829,-3848673.1721,233670995.3148,OK,109313.7059,160488.3508,4.0027,95.9973,AG03-B-v1,3688184.8213,202070704.7090,3739359.4662,3578871.1154,51174.6449,0.01600267,0.01531586,0.00021900,114.6592,1257.1771,22.9697,28092.5049,1164.1480,1705627.7030,1223.0219,114.0648,114.8210,5.1636,17.2208,54.5082,200.0,400.0,1663.3304,12.9089,-2.2009,23.227781,96.588687,6.658197,1,1,256798,16,0.21280091,0.01647048,0.01268480,0.00051895,0.042811,0.901460,0.083870,0.00480904,2026-03-23,2026-08-06,137,3306,137,137,1.000000,0.993414,1.036542,0.778712,2,0.6781914893617021,0.5957446808510638,0.3723404255319149,E 常规,112,1
2026-05-24,901,1244754,2,1,2,0,3,4,残靴：截断／换荷官／开收台可疑,87.0,233670995.3148,210645054.7285,3848673.1721,2037961,167554,-0.01647048,-0.01268480,-0.01749385,-0.01693829,-3848673.1721,233670995.3148,OK,109313.7059,160488.3508,4.0027,95.9973,AG03-B-v1,3688184.8213,202070704.7090,3739359.4662,3578871.1154,51174.6449,0.01600267,0.01531586,0.00021900,114.6592,1257.1771,22.9697,28092.5049,1164.1480,1705627.7030,1223.0219,114.0648,114.8210,5.1636,17.2208,54.5082,200.0,400.0,1663.3304,12.9089,-2.2009,23.227781,96.588687,6.658197,1,1,256798,16,0.21280091,0.01647048,0.01268480,0.00051895,0.042811,0.901460,0.083870,0.00480904,2026-03-23,2026-08-06,137,3306,137,137,1.000000,0.993414,1.036542,0.778712,2,0.6781914893617021,0.5957446808510638,0.3723404255319149,E 常规,113,1
2026-05-27,901,1247311,2,1,2,0,2,3,残靴：截断／换荷官／开收台可疑,87.0,233670995.3148,210645054.7285,3848673.1721,2037961,167554,-0.01647048,-0.01268480,-0.01749385,-0.01693829,-3848673.1721,233670995.3148,OK,109313.7059,160488.3508,4.0027,95.9973,AG03-B-v1,3688184.8213,202070704.7090,3739359.4662,3578871.1154,51174.6449,0.01600267,0.01531586,0.00021900,114.6592,1257.1771,22.9697,28092.5049,1164.1480,1705627.7030,1223.0219,114.0648,114.8210,5.1636,17.2208,54.5082,200.0,400.0,1663.3304,12.9089,-2.2009,23.227781,96.588687,6.658197,1,1,256798,16,0.21280091,0.01647048,0.01268480,0.00051895,0.042811,0.901460,0.083870,0.00480904,2026-03-23,2026-08-06,137,3306,137,137,1.000000,0.993414,1.036542,0.778712,2,0.6781914893617021,0.5957446808510638,0.3723404255319149,E 常规,114,1
2026-06-07,901,1256445,4,1,2,2,3,3,残靴：截断／换荷官／开收台可疑,87.0,233670995.3148,210645054.7285,3848673.1721,2037961,167554,-0.01647048,-0.01268480,-0.01749385,-0.01693829,-3848673.1721,233670995.3148,OK,109313.7059,160488.3508,4.0027,95.9973,AG03-B-v1,3688184.8213,202070704.7090,3739359.4662,3578871.1154,51174.6449,0.01600267,0.01531586,0.00021900,114.6592,1257.1771,22.9697,28092.5049,1164.1480,1705627.7030,1223.0219,114.0648,114.8210,5.1636,17.2208,54.5082,200.0,400.0,1663.3304,12.9089,-2.2009,23.227781,96.588687,6.658197,1,1,256798,16,0.21280091,0.01647048,0.01268480,0.00051895,0.042811,0.901460,0.083870,0.00480904,2026-03-23,2026-08-06,137,3306,137,137,1.000000,0.993414,1.036542,0.778712,2,0.6781914893617021,0.5957446808510638,0.3723404255319149,E 常规,115,1
2026-06-09,901,1258204,2,1,2,0,3,5,残靴：截断／换荷官／开收台可疑,87.0,233670995.3148,210645054.7285,3848673.1721,2037961,167554,-0.01647048,-0.01268480,-0.01749385,-0.01693829,-3848673.1721,233670995.3148,OK,109313.7059,160488.3508,4.0027,95.9973,AG03-B-v1,3688184.8213,202070704.7090,3739359.4662,3578871.1154,51174.6449,0.01600267,0.01531586,0.00021900,114.6592,1257.1771,22.9697,28092.5049,1164.1480,1705627.7030,1223.0219,114.0648,114.8210,5.1636,17.2208,54.5082,200.0,400.0,1663.3304,12.9089,-2.2009,23.227781,96.588687,6.658197,1,1,256798,16,0.21280091,0.01647048,0.01268480,0.00051895,0.042811,0.901460,0.083870,0.00480904,2026-03-23,2026-08-06,137,3306,137,137,1.000000,0.993414,1.036542,0.778712,3,0.6781914893617021,0.5957446808510638,0.3723404255319149,E 常规,116,1
2026-06-20,901,1267579,2,1,2,0,5,5,残靴：截断／换荷官／开收台可疑,87.0,233670995.3148,210645054.7285,3848673.1721,2037961,167554,-0.01647048,-0.01268480,-0.01749385,-0.01693829,-3848673.1721,233670995.3148,OK,109313.7059,160488.3508,4.0027,95.9973,AG03-B-v1,3688184.8213,202070704.7090,3739359.4662,3578871.1154,51174.6449,0.01600267,0.01531586,0.00021900,114.6592,1257.1771,22.9697,28092.5049,1164.1480,1705627.7030,1223.0219,114.0648,114.8210,5.1636,17.2208,54.5082,200.0,400.0,1663.3304,12.9089,-2.2009,23.227781,96.588687,6.658197,1,1,256798,16,0.21280091,0.01647048,0.01268480,0.00051895,0.042811,0.901460,0.083870,0.00480904,2026-03-23,2026-08-06,137,3306,137,137,1.000000,0.993414,1.036542,0.778712,2,0.6781914893617021,0.5957446808510638,0.3723404255319149,E 常规,117,1
2026-06-23,901,1269872,5,1,5,0,14,30,残靴：截断／换荷官／开收台可疑,87.0,233670995.3148,210645054.7285,3848673.1721,2037961,167554,-0.01647048,-0.01268480,-0.01749385,-0.01693829,-3848673.1721,233670995.3148,OK,109313.7059,160488.3508,4.0027,95.9973,AG03-B-v1,3688184.8213,202070704.7090,3739359.4662,3578871.1154,51174.6449,0.01600267,0.01531586,0.00021900,114.6592,1257.1771,22.9697,28092.5049,1164.1480,1705627.7030,1223.0219,114.0648,114.8210,5.1636,17.2208,54.5082,200.0,400.0,1663.3304,12.9089,-2.2009,23.227781,96.588687,6.658197,1,1,256798,16,0.21280091,0.01647048,0.01268480,0.00051895,0.042811,0.901460,0.083870,0.00480904,2026-03-23,2026-08-06,137,3306,137,137,1.000000,0.993414,1.036542,0.778712,2,0.6781914893617021,0.5957446808510638,0.3723404255319149,E 常规,118,1
2026-06-26,901,1272488,3,1,3,0,3,6,残靴：截断／换荷官／开收台可疑,87.0,233670995.3148,210645054.7285,3848673.1721,2037961,167554,-0.01647048,-0.01268480,-0.01749385,-0.01693829,-3848673.1721,233670995.3148,OK,109313.7059,160488.3508,4.0027,95.9973,AG03-B-v1,3688184.8213,202070704.7090,3739359.4662,3578871.1154,51174.6449,0.01600267,0.01531586,0.00021900,114.6592,1257.1771,22.9697,28092.5049,1164.1480,1705627.7030,1223.0219,114.0648,114.8210,5.1636,17.2208,54.5082,200.0,400.0,1663.3304,12.9089,-2.2009,23.227781,96.588687,6.658197,1,1,256798,16,0.21280091,0.01647048,0.01268480,0.00051895,0.042811,0.901460,0.083870,0.00480904,2026-03-23,2026-08-06,137,3306,137,137,1.000000,0.993414,1.036542,0.778712,2,0.6781914893617021,0.5957446808510638,0.3723404255319149,E 常规,119,1
2026-06-27,901,1273382,3,1,3,0,9,15,残靴：截断／换荷官／开收台可疑,87.0,233670995.3148,210645054.7285,3848673.1721,2037961,167554,-0.01647048,-0.01268480,-0.01749385,-0.01693829,-3848673.1721,233670995.3148,OK,109313.7059,160488.3508,4.0027,95.9973,AG03-B-v1,3688184.8213,202070704.7090,3739359.4662,3578871.1154,51174.6449,0.01600267,0.01531586,0.00021900,114.6592,1257.1771,22.9697,28092.5049,1164.1480,1705627.7030,1223.0219,114.0648,114.8210,5.1636,17.2208,54.5082,200.0,400.0,1663.3304,12.9089,-2.2009,23.227781,96.588687,6.658197,1,1,256798,16,0.21280091,0.01647048,0.01268480,0.00051895,0.042811,0.901460,0.083870,0.00480904,2026-03-23,2026-08-06,137,3306,137,137,1.000000,0.993414,1.036542,0.778712,2,0.6781914893617021,0.5957446808510638,0.3723404255319149,E 常规,120,1
2026-07-29,901,12101402,5,1,5,0,9,12,残靴：截断／换荷官／开收台可疑,87.0,233670995.3148,210645054.7285,3848673.1721,2037961,167554,-0.01647048,-0.01268480,-0.01749385,-0.01693829,-3848673.1721,233670995.3148,OK,109313.7059,160488.3508,4.0027,95.9973,AG03-B-v1,3688184.8213,202070704.7090,3739359.4662,3578871.1154,51174.6449,0.01600267,0.01531586,0.00021900,114.6592,1257.1771,22.9697,28092.5049,1164.1480,1705627.7030,1223.0219,114.0648,114.8210,5.1636,17.2208,54.5082,200.0,400.0,1663.3304,12.9089,-2.2009,23.227781,96.588687,6.658197,1,1,256798,16,0.21280091,0.01647048,0.01268480,0.00051895,0.042811,0.901460,0.083870,0.00480904,2026-03-23,2026-08-06,137,3306,137,137,1.000000,0.993414,1.036542,0.778712,2,0.6781914893617021,0.5957446808510638,0.3723404255319149,E 常规,121,1
2026-08-06,901,12107519,3,1,3,0,8,25,残靴：截断／换荷官／开收台可疑,87.0,233670995.3148,210645054.7285,3848673.1721,2037961,167554,-0.01647048,-0.01268480,-0.01749385,-0.01693829,-3848673.1721,233670995.3148,OK,109313.7059,160488.3508,4.0027,95.9973,AG03-B-v1,3688184.8213,202070704.7090,3739359.4662,3578871.1154,51174.6449,0.01600267,0.01531586,0.00021900,114.6592,1257.1771,22.9697,28092.5049,1164.1480,1705627.7030,1223.0219,114.0648,114.8210,5.1636,17.2208,54.5082,200.0,400.0,1663.3304,12.9089,-2.2009,23.227781,96.588687,6.658197,1,1,256798,16,0.21280091,0.01647048,0.01268480,0.00051895,0.042811,0.901460,0.083870,0.00480904,2026-03-23,2026-08-06,137,3306,137,137,1.000000,0.993414,1.036542,0.778712,2,0.6781914893617021,0.5957446808510638,0.3723404255319149,E 常规,122,1
2026-04-02,908,126081,5,3,3,2,4,4,残靴：截断／换荷官／开收台可疑,87.0,176491140.5687,159126827.0628,4025628.0625,1503238,164464,-0.02280924,-0.02638037,-0.02186237,-0.02330176,-4025628.0625,176491140.5687,OK,86925.3834,155488.3702,4.0022,95.9978,AG03-B-v1,3870139.6924,152663633.4901,3938702.6791,3783214.3090,68562.9868,0.02231672,0.02143572,0.00038848,117.4073,967.5481,24.4773,29384.1464,1229.1994,1288256.5005,1200.4672,117.6012,117.3560,5.1636,17.5659,56.5101,204.1095,406.4626,1659.2955,12.9089,-2.1082,23.139281,94.461098,6.683815,1,1,208815,16,0.20957650,0.02280924,0.02638037,0.00054626,0.044259,0.901614,0.083079,-0.00451800,2026-03-23,2026-08-06,137,3275,137,137,1.000000,1.002089,1.043098,0.807619,2,0.6436170212765957,0.047872340425531915,0.22872340425531915,E 常规,123,1
2026-04-08,908,129853,4,1,4,0,4,11,残靴：截断／换荷官／开收台可疑,87.0,176491140.5687,159126827.0628,4025628.0625,1503238,164464,-0.02280924,-0.02638037,-0.02186237,-0.02330176,-4025628.0625,176491140.5687,OK,86925.3834,155488.3702,4.0022,95.9978,AG03-B-v1,3870139.6924,152663633.4901,3938702.6791,3783214.3090,68562.9868,0.02231672,0.02143572,0.00038848,117.4073,967.5481,24.4773,29384.1464,1229.1994,1288256.5005,1200.4672,117.6012,117.3560,5.1636,17.5659,56.5101,204.1095,406.4626,1659.2955,12.9089,-2.1082,23.139281,94.461098,6.683815,1,1,208815,16,0.20957650,0.02280924,0.02638037,0.00054626,0.044259,0.901614,0.083079,-0.00451800,2026-03-23,2026-08-06,137,3275,137,137,1.000000,1.002089,1.043098,0.807619,2,0.6436170212765957,0.047872340425531915,0.22872340425531915,E 常规,124,1
2026-04-12,908,1212618,5,1,5,0,10,17,残靴：截断／换荷官／开收台可疑,87.0,176491140.5687,159126827.0628,4025628.0625,1503238,164464,-0.02280924,-0.02638037,-0.02186237,-0.02330176,-4025628.0625,176491140.5687,OK,86925.3834,155488.3702,4.0022,95.9978,AG03-B-v1,3870139.6924,152663633.4901,3938702.6791,3783214.3090,68562.9868,0.02231672,0.02143572,0.00038848,117.4073,967.5481,24.4773,29384.1464,1229.1994,1288256.5005,1200.4672,117.6012,117.3560,5.1636,17.5659,56.5101,204.1095,406.4626,1659.2955,12.9089,-2.1082,23.139281,94.461098,6.683815,1,1,208815,16,0.20957650,0.02280924,0.02638037,0.00054626,0.044259,0.901614,0.083079,-0.00451800,2026-03-23,2026-08-06,137,3275,137,137,1.000000,1.002089,1.043098,0.807619,2,0.6436170212765957,0.047872340425531915,0.22872340425531915,E 常规,125,1
2026-04-25,908,1221648,5,1,5,0,6,10,残靴：截断／换荷官／开收台可疑,87.0,176491140.5687,159126827.0628,4025628.0625,1503238,164464,-0.02280924,-0.02638037,-0.02186237,-0.02330176,-4025628.0625,176491140.5687,OK,86925.3834,155488.3702,4.0022,95.9978,AG03-B-v1,3870139.6924,152663633.4901,3938702.6791,3783214.3090,68562.9868,0.02231672,0.02143572,0.00038848,117.4073,967.5481,24.4773,29384.1464,1229.1994,1288256.5005,1200.4672,117.6012,117.3560,5.1636,17.5659,56.5101,204.1095,406.4626,1659.2955,12.9089,-2.1082,23.139281,94.461098,6.683815,1,1,208815,16,0.20957650,0.02280924,0.02638037,0.00054626,0.044259,0.901614,0.083079,-0.00451800,2026-03-23,2026-08-06,137,3275,137,137,1.000000,1.002089,1.043098,0.807619,2,0.6436170212765957,0.047872340425531915,0.22872340425531915,E 常规,126,1
2026-05-02,908,1226524,1,1,1,0,1,1,残靴：截断／换荷官／开收台可疑,87.0,176491140.5687,159126827.0628,4025628.0625,1503238,164464,-0.02280924,-0.02638037,-0.02186237,-0.02330176,-4025628.0625,176491140.5687,OK,86925.3834,155488.3702,4.0022,95.9978,AG03-B-v1,3870139.6924,152663633.4901,3938702.6791,3783214.3090,68562.9868,0.02231672,0.02143572,0.00038848,117.4073,967.5481,24.4773,29384.1464,1229.1994,1288256.5005,1200.4672,117.6012,117.3560,5.1636,17.5659,56.5101,204.1095,406.4626,1659.2955,12.9089,-2.1082,23.139281,94.461098,6.683815,1,1,208815,16,0.20957650,0.02280924,0.02638037,0.00054626,0.044259,0.901614,0.083079,-0.00451800,2026-03-23,2026-08-06,137,3275,137,137,1.000000,1.002089,1.043098,0.807619,2,0.6436170212765957,0.047872340425531915,0.22872340425531915,E 常规,127,1
2026-05-03,908,1227239,3,1,3,0,10,11,残靴：截断／换荷官／开收台可疑,87.0,176491140.5687,159126827.0628,4025628.0625,1503238,164464,-0.02280924,-0.02638037,-0.02186237,-0.02330176,-4025628.0625,176491140.5687,OK,86925.3834,155488.3702,4.0022,95.9978,AG03-B-v1,3870139.6924,152663633.4901,3938702.6791,3783214.3090,68562.9868,0.02231672,0.02143572,0.00038848,117.4073,967.5481,24.4773,29384.1464,1229.1994,1288256.5005,1200.4672,117.6012,117.3560,5.1636,17.5659,56.5101,204.1095,406.4626,1659.2955,12.9089,-2.1082,23.139281,94.461098,6.683815,1,1,208815,16,0.20957650,0.02280924,0.02638037,0.00054626,0.044259,0.901614,0.083079,-0.00451800,2026-03-23,2026-08-06,137,3275,137,137,1.000000,1.002089,1.043098,0.807619,2,0.6436170212765957,0.047872340425531915,0.22872340425531915,E 常规,128,1
2026-05-04,908,1228158,1,1,1,0,1,1,残靴：截断／换荷官／开收台可疑,87.0,176491140.5687,159126827.0628,4025628.0625,1503238,164464,-0.02280924,-0.02638037,-0.02186237,-0.02330176,-4025628.0625,176491140.5687,OK,86925.3834,155488.3702,4.0022,95.9978,AG03-B-v1,3870139.6924,152663633.4901,3938702.6791,3783214.3090,68562.9868,0.02231672,0.02143572,0.00038848,117.4073,967.5481,24.4773,29384.1464,1229.1994,1288256.5005,1200.4672,117.6012,117.3560,5.1636,17.5659,56.5101,204.1095,406.4626,1659.2955,12.9089,-2.1082,23.139281,94.461098,6.683815,1,1,208815,16,0.20957650,0.02280924,0.02638037,0.00054626,0.044259,0.901614,0.083079,-0.00451800,2026-03-23,2026-08-06,137,3275,137,137,1.000000,1.002089,1.043098,0.807619,2,0.6436170212765957,0.047872340425531915,0.22872340425531915,E 常规,129,1
2026-05-12,908,1234409,1,1,1,0,1,1,残靴：截断／换荷官／开收台可疑,87.0,176491140.5687,159126827.0628,4025628.0625,1503238,164464,-0.02280924,-0.02638037,-0.02186237,-0.02330176,-4025628.0625,176491140.5687,OK,86925.3834,155488.3702,4.0022,95.9978,AG03-B-v1,3870139.6924,152663633.4901,3938702.6791,3783214.3090,68562.9868,0.02231672,0.02143572,0.00038848,117.4073,967.5481,24.4773,29384.1464,1229.1994,1288256.5005,1200.4672,117.6012,117.3560,5.1636,17.5659,56.5101,204.1095,406.4626,1659.2955,12.9089,-2.1082,23.139281,94.461098,6.683815,1,1,208815,16,0.20957650,0.02280924,0.02638037,0.00054626,0.044259,0.901614,0.083079,-0.00451800,2026-03-23,2026-08-06,137,3275,137,137,1.000000,1.002089,1.043098,0.807619,2,0.6436170212765957,0.047872340425531915,0.22872340425531915,E 常规,130,1
2026-06-13,908,1261681,2,1,2,0,2,2,残靴：截断／换荷官／开收台可疑,87.0,176491140.5687,159126827.0628,4025628.0625,1503238,164464,-0.02280924,-0.02638037,-0.02186237,-0.02330176,-4025628.0625,176491140.5687,OK,86925.3834,155488.3702,4.0022,95.9978,AG03-B-v1,3870139.6924,152663633.4901,3938702.6791,3783214.3090,68562.9868,0.02231672,0.02143572,0.00038848,117.4073,967.5481,24.4773,29384.1464,1229.1994,1288256.5005,1200.4672,117.6012,117.3560,5.1636,17.5659,56.5101,204.1095,406.4626,1659.2955,12.9089,-2.1082,23.139281,94.461098,6.683815,1,1,208815,16,0.20957650,0.02280924,0.02638037,0.00054626,0.044259,0.901614,0.083079,-0.00451800,2026-03-23,2026-08-06,137,3275,137,137,1.000000,1.002089,1.043098,0.807619,2,0.6436170212765957,0.047872340425531915,0.22872340425531915,E 常规,131,1
2026-06-15,908,1263383,3,1,3,0,4,6,残靴：截断／换荷官／开收台可疑,87.0,176491140.5687,159126827.0628,4025628.0625,1503238,164464,-0.02280924,-0.02638037,-0.02186237,-0.02330176,-4025628.0625,176491140.5687,OK,86925.3834,155488.3702,4.0022,95.9978,AG03-B-v1,3870139.6924,152663633.4901,3938702.6791,3783214.3090,68562.9868,0.02231672,0.02143572,0.00038848,117.4073,967.5481,24.4773,29384.1464,1229.1994,1288256.5005,1200.4672,117.6012,117.3560,5.1636,17.5659,56.5101,204.1095,406.4626,1659.2955,12.9089,-2.1082,23.139281,94.461098,6.683815,1,1,208815,16,0.20957650,0.02280924,0.02638037,0.00054626,0.044259,0.901614,0.083079,-0.00451800,2026-03-23,2026-08-06,137,3275,137,137,1.000000,1.002089,1.043098,0.807619,2,0.6436170212765957,0.047872340425531915,0.22872340425531915,E 常规,132,1
2026-06-16,908,1264268,1,1,1,0,1,1,残靴：截断／换荷官／开收台可疑,87.0,176491140.5687,159126827.0628,4025628.0625,1503238,164464,-0.02280924,-0.02638037,-0.02186237,-0.02330176,-4025628.0625,176491140.5687,OK,86925.3834,155488.3702,4.0022,95.9978,AG03-B-v1,3870139.6924,152663633.4901,3938702.6791,3783214.3090,68562.9868,0.02231672,0.02143572,0.00038848,117.4073,967.5481,24.4773,29384.1464,1229.1994,1288256.5005,1200.4672,117.6012,117.3560,5.1636,17.5659,56.5101,204.1095,406.4626,1659.2955,12.9089,-2.1082,23.139281,94.461098,6.683815,1,1,208815,16,0.20957650,0.02280924,0.02638037,0.00054626,0.044259,0.901614,0.083079,-0.00451800,2026-03-23,2026-08-06,137,3275,137,137,1.000000,1.002089,1.043098,0.807619,2,0.6436170212765957,0.047872340425531915,0.22872340425531915,E 常规,133,1
2026-06-22,908,1269060,5,1,5,0,5,12,残靴：截断／换荷官／开收台可疑,87.0,176491140.5687,159126827.0628,4025628.0625,1503238,164464,-0.02280924,-0.02638037,-0.02186237,-0.02330176,-4025628.0625,176491140.5687,OK,86925.3834,155488.3702,4.0022,95.9978,AG03-B-v1,3870139.6924,152663633.4901,3938702.6791,3783214.3090,68562.9868,0.02231672,0.02143572,0.00038848,117.4073,967.5481,24.4773,29384.1464,1229.1994,1288256.5005,1200.4672,117.6012,117.3560,5.1636,17.5659,56.5101,204.1095,406.4626,1659.2955,12.9089,-2.1082,23.139281,94.461098,6.683815,1,1,208815,16,0.20957650,0.02280924,0.02638037,0.00054626,0.044259,0.901614,0.083079,-0.00451800,2026-03-23,2026-08-06,137,3275,137,137,1.000000,1.002089,1.043098,0.807619,2,0.6436170212765957,0.047872340425531915,0.22872340425531915,E 常规,134,1
2026-07-24,908,1297315,4,2,3,1,9,11,残靴：截断／换荷官／开收台可疑,87.0,176491140.5687,159126827.0628,4025628.0625,1503238,164464,-0.02280924,-0.02638037,-0.02186237,-0.02330176,-4025628.0625,176491140.5687,OK,86925.3834,155488.3702,4.0022,95.9978,AG03-B-v1,3870139.6924,152663633.4901,3938702.6791,3783214.3090,68562.9868,0.02231672,0.02143572,0.00038848,117.4073,967.5481,24.4773,29384.1464,1229.1994,1288256.5005,1200.4672,117.6012,117.3560,5.1636,17.5659,56.5101,204.1095,406.4626,1659.2955,12.9089,-2.1082,23.139281,94.461098,6.683815,1,1,208815,16,0.20957650,0.02280924,0.02638037,0.00054626,0.044259,0.901614,0.083079,-0.00451800,2026-03-23,2026-08-06,137,3275,137,137,1.000000,1.002089,1.043098,0.807619,2,0.6436170212765957,0.047872340425531915,0.22872340425531915,E 常规,135,1
2026-03-27,905,124406,3,2,2,1,3,4,残靴：截断／换荷官／开收台可疑,87.0,194614177.4160,175782072.7460,4726696.5533,1655384,164479,-0.02428752,-0.02930686,-0.02298167,-0.02475558,-4726696.5533,194614177.4160,OK,91090.6738,186896.4557,3.9974,96.0026,AG03-B-v1,4539800.0976,168655994.6027,4635605.8795,4448709.4238,95805.7819,0.02381947,0.02285912,0.00049229,117.5644,1068.7205,28.7374,34501.4347,1449.9069,1420541.4410,1200.5766,115.6050,118.0851,5.1636,17.2514,56.6544,202.0394,407.1358,1663.6167,12.9089,-2.1082,23.600106,96.433508,6.814758,1,1,225155,16,0.20645285,0.02428752,0.02930686,0.00051820,0.042548,0.903234,0.082651,-0.00632518,2026-03-23,2026-08-06,137,3260,137,137,1.000000,0.978998,1.031125,0.786303,2,0.5957446808510638,0.0,0.27925531914893614,E 常规,136,1
2026-03-28,905,124681,4,3,2,2,4,4,残靴：截断／换荷官／开收台可疑,87.0,194614177.4160,175782072.7460,4726696.5533,1655384,164479,-0.02428752,-0.02930686,-0.02298167,-0.02475558,-4726696.5533,194614177.4160,OK,91090.6738,186896.4557,3.9974,96.0026,AG03-B-v1,4539800.0976,168655994.6027,4635605.8795,4448709.4238,95805.7819,0.02381947,0.02285912,0.00049229,117.5644,1068.7205,28.7374,34501.4347,1449.9069,1420541.4410,1200.5766,115.6050,118.0851,5.1636,17.2514,56.6544,202.0394,407.1358,1663.6167,12.9089,-2.1082,23.600106,96.433508,6.814758,1,1,225155,16,0.20645285,0.02428752,0.02930686,0.00051820,0.042548,0.903234,0.082651,-0.00632518,2026-03-23,2026-08-06,137,3260,137,137,1.000000,0.978998,1.031125,0.786303,2,0.5957446808510638,0.0,0.27925531914893614,E 常规,137,1
2026-04-07,905,129086,3,1,3,0,5,7,残靴：截断／换荷官／开收台可疑,87.0,194614177.4160,175782072.7460,4726696.5533,1655384,164479,-0.02428752,-0.02930686,-0.02298167,-0.02475558,-4726696.5533,194614177.4160,OK,91090.6738,186896.4557,3.9974,96.0026,AG03-B-v1,4539800.0976,168655994.6027,4635605.8795,4448709.4238,95805.7819,0.02381947,0.02285912,0.00049229,117.5644,1068.7205,28.7374,34501.4347,1449.9069,1420541.4410,1200.5766,115.6050,118.0851,5.1636,17.2514,56.6544,202.0394,407.1358,1663.6167,12.9089,-2.1082,23.600106,96.433508,6.814758,1,1,225155,16,0.20645285,0.02428752,0.02930686,0.00051820,0.042548,0.903234,0.082651,-0.00632518,2026-03-23,2026-08-06,137,3260,137,137,1.000000,0.978998,1.031125,0.786303,2,0.5957446808510638,0.0,0.27925531914893614,E 常规,138,1
2026-04-20,905,1218179,2,1,2,0,8,8,残靴：截断／换荷官／开收台可疑,87.0,194614177.4160,175782072.7460,4726696.5533,1655384,164479,-0.02428752,-0.02930686,-0.02298167,-0.02475558,-4726696.5533,194614177.4160,OK,91090.6738,186896.4557,3.9974,96.0026,AG03-B-v1,4539800.0976,168655994.6027,4635605.8795,4448709.4238,95805.7819,0.02381947,0.02285912,0.00049229,117.5644,1068.7205,28.7374,34501.4347,1449.9069,1420541.4410,1200.5766,115.6050,118.0851,5.1636,17.2514,56.6544,202.0394,407.1358,1663.6167,12.9089,-2.1082,23.600106,96.433508,6.814758,1,1,225155,16,0.20645285,0.02428752,0.02930686,0.00051820,0.042548,0.903234,0.082651,-0.00632518,2026-03-23,2026-08-06,137,3260,137,137,1.000000,0.978998,1.031125,0.786303,2,0.5957446808510638,0.0,0.27925531914893614,E 常规,139,1
2026-04-23,905,1220254,5,2,4,1,4,7,残靴：截断／换荷官／开收台可疑,87.0,194614177.4160,175782072.7460,4726696.5533,1655384,164479,-0.02428752,-0.02930686,-0.02298167,-0.02475558,-4726696.5533,194614177.4160,OK,91090.6738,186896.4557,3.9974,96.0026,AG03-B-v1,4539800.0976,168655994.6027,4635605.8795,4448709.4238,95805.7819,0.02381947,0.02285912,0.00049229,117.5644,1068.7205,28.7374,34501.4347,1449.9069,1420541.4410,1200.5766,115.6050,118.0851,5.1636,17.2514,56.6544,202.0394,407.1358,1663.6167,12.9089,-2.1082,23.600106,96.433508,6.814758,1,1,225155,16,0.20645285,0.02428752,0.02930686,0.00051820,0.042548,0.903234,0.082651,-0.00632518,2026-03-23,2026-08-06,137,3260,137,137,1.000000,0.978998,1.031125,0.786303,2,0.5957446808510638,0.0,0.27925531914893614,E 常规,140,1
2026-04-24,905,1220953,2,2,1,1,1,1,残靴：截断／换荷官／开收台可疑,87.0,194614177.4160,175782072.7460,4726696.5533,1655384,164479,-0.02428752,-0.02930686,-0.02298167,-0.02475558,-4726696.5533,194614177.4160,OK,91090.6738,186896.4557,3.9974,96.0026,AG03-B-v1,4539800.0976,168655994.6027,4635605.8795,4448709.4238,95805.7819,0.02381947,0.02285912,0.00049229,117.5644,1068.7205,28.7374,34501.4347,1449.9069,1420541.4410,1200.5766,115.6050,118.0851,5.1636,17.2514,56.6544,202.0394,407.1358,1663.6167,12.9089,-2.1082,23.600106,96.433508,6.814758,1,1,225155,16,0.20645285,0.02428752,0.02930686,0.00051820,0.042548,0.903234,0.082651,-0.00632518,2026-03-23,2026-08-06,137,3260,137,137,1.000000,0.978998,1.031125,0.786303,2,0.5957446808510638,0.0,0.27925531914893614,E 常规,141,1
2026-04-27,905,1222936,3,3,1,2,1,4,残靴：截断／换荷官／开收台可疑,87.0,194614177.4160,175782072.7460,4726696.5533,1655384,164479,-0.02428752,-0.02930686,-0.02298167,-0.02475558,-4726696.5533,194614177.4160,OK,91090.6738,186896.4557,3.9974,96.0026,AG03-B-v1,4539800.0976,168655994.6027,4635605.8795,4448709.4238,95805.7819,0.02381947,0.02285912,0.00049229,117.5644,1068.7205,28.7374,34501.4347,1449.9069,1420541.4410,1200.5766,115.6050,118.0851,5.1636,17.2514,56.6544,202.0394,407.1358,1663.6167,12.9089,-2.1082,23.600106,96.433508,6.814758,1,1,225155,16,0.20645285,0.02428752,0.02930686,0.00051820,0.042548,0.903234,0.082651,-0.00632518,2026-03-23,2026-08-06,137,3260,137,137,1.000000,0.978998,1.031125,0.786303,2,0.5957446808510638,0.0,0.27925531914893614,E 常规,142,1
2026-05-15,905,1237337,2,1,2,0,3,3,残靴：截断／换荷官／开收台可疑,87.0,194614177.4160,175782072.7460,4726696.5533,1655384,164479,-0.02428752,-0.02930686,-0.02298167,-0.02475558,-4726696.5533,194614177.4160,OK,91090.6738,186896.4557,3.9974,96.0026,AG03-B-v1,4539800.0976,168655994.6027,4635605.8795,4448709.4238,95805.7819,0.02381947,0.02285912,0.00049229,117.5644,1068.7205,28.7374,34501.4347,1449.9069,1420541.4410,1200.5766,115.6050,118.0851,5.1636,17.2514,56.6544,202.0394,407.1358,1663.6167,12.9089,-2.1082,23.600106,96.433508,6.814758,1,1,225155,16,0.20645285,0.02428752,0.02930686,0.00051820,0.042548,0.903234,0.082651,-0.00632518,2026-03-23,2026-08-06,137,3260,137,137,1.000000,0.978998,1.031125,0.786303,2,0.5957446808510638,0.0,0.27925531914893614,E 常规,143,1
2026-05-16,905,1238197,3,2,2,1,4,5,残靴：截断／换荷官／开收台可疑,87.0,194614177.4160,175782072.7460,4726696.5533,1655384,164479,-0.02428752,-0.02930686,-0.02298167,-0.02475558,-4726696.5533,194614177.4160,OK,91090.6738,186896.4557,3.9974,96.0026,AG03-B-v1,4539800.0976,168655994.6027,4635605.8795,4448709.4238,95805.7819,0.02381947,0.02285912,0.00049229,117.5644,1068.7205,28.7374,34501.4347,1449.9069,1420541.4410,1200.5766,115.6050,118.0851,5.1636,17.2514,56.6544,202.0394,407.1358,1663.6167,12.9089,-2.1082,23.600106,96.433508,6.814758,1,1,225155,16,0.20645285,0.02428752,0.02930686,0.00051820,0.042548,0.903234,0.082651,-0.00632518,2026-03-23,2026-08-06,137,3260,137,137,1.000000,0.978998,1.031125,0.786303,2,0.5957446808510638,0.0,0.27925531914893614,E 常规,144,1
2026-05-17,905,1238946,3,2,2,1,1,2,残靴：截断／换荷官／开收台可疑,87.0,194614177.4160,175782072.7460,4726696.5533,1655384,164479,-0.02428752,-0.02930686,-0.02298167,-0.02475558,-4726696.5533,194614177.4160,OK,91090.6738,186896.4557,3.9974,96.0026,AG03-B-v1,4539800.0976,168655994.6027,4635605.8795,4448709.4238,95805.7819,0.02381947,0.02285912,0.00049229,117.5644,1068.7205,28.7374,34501.4347,1449.9069,1420541.4410,1200.5766,115.6050,118.0851,5.1636,17.2514,56.6544,202.0394,407.1358,1663.6167,12.9089,-2.1082,23.600106,96.433508,6.814758,1,1,225155,16,0.20645285,0.02428752,0.02930686,0.00051820,0.042548,0.903234,0.082651,-0.00632518,2026-03-23,2026-08-06,137,3260,137,137,1.000000,0.978998,1.031125,0.786303,2,0.5957446808510638,0.0,0.27925531914893614,E 常规,145,1
2026-05-18,905,1239814,4,2,3,1,8,12,残靴：截断／换荷官／开收台可疑,87.0,194614177.4160,175782072.7460,4726696.5533,1655384,164479,-0.02428752,-0.02930686,-0.02298167,-0.02475558,-4726696.5533,194614177.4160,OK,91090.6738,186896.4557,3.9974,96.0026,AG03-B-v1,4539800.0976,168655994.6027,4635605.8795,4448709.4238,95805.7819,0.02381947,0.02285912,0.00049229,117.5644,1068.7205,28.7374,34501.4347,1449.9069,1420541.4410,1200.5766,115.6050,118.0851,5.1636,17.2514,56.6544,202.0394,407.1358,1663.6167,12.9089,-2.1082,23.600106,96.433508,6.814758,1,1,225155,16,0.20645285,0.02428752,0.02930686,0.00051820,0.042548,0.903234,0.082651,-0.00632518,2026-03-23,2026-08-06,137,3260,137,137,1.000000,0.978998,1.031125,0.786303,2,0.5957446808510638,0.0,0.27925531914893614,E 常规,146,1
2026-05-20,905,1241502,1,1,1,0,3,3,残靴：截断／换荷官／开收台可疑,87.0,194614177.4160,175782072.7460,4726696.5533,1655384,164479,-0.02428752,-0.02930686,-0.02298167,-0.02475558,-4726696.5533,194614177.4160,OK,91090.6738,186896.4557,3.9974,96.0026,AG03-B-v1,4539800.0976,168655994.6027,4635605.8795,4448709.4238,95805.7819,0.02381947,0.02285912,0.00049229,117.5644,1068.7205,28.7374,34501.4347,1449.9069,1420541.4410,1200.5766,115.6050,118.0851,5.1636,17.2514,56.6544,202.0394,407.1358,1663.6167,12.9089,-2.1082,23.600106,96.433508,6.814758,1,1,225155,16,0.20645285,0.02428752,0.02930686,0.00051820,0.042548,0.903234,0.082651,-0.00632518,2026-03-23,2026-08-06,137,3260,137,137,1.000000,0.978998,1.031125,0.786303,2,0.5957446808510638,0.0,0.27925531914893614,E 常规,147,1
2026-05-21,905,1242334,3,1,3,0,7,8,残靴：截断／换荷官／开收台可疑,87.0,194614177.4160,175782072.7460,4726696.5533,1655384,164479,-0.02428752,-0.02930686,-0.02298167,-0.02475558,-4726696.5533,194614177.4160,OK,91090.6738,186896.4557,3.9974,96.0026,AG03-B-v1,4539800.0976,168655994.6027,4635605.8795,4448709.4238,95805.7819,0.02381947,0.02285912,0.00049229,117.5644,1068.7205,28.7374,34501.4347,1449.9069,1420541.4410,1200.5766,115.6050,118.0851,5.1636,17.2514,56.6544,202.0394,407.1358,1663.6167,12.9089,-2.1082,23.600106,96.433508,6.814758,1,1,225155,16,0.20645285,0.02428752,0.02930686,0.00051820,0.042548,0.903234,0.082651,-0.00632518,2026-03-23,2026-08-06,137,3260,137,137,1.000000,0.978998,1.031125,0.786303,2,0.5957446808510638,0.0,0.27925531914893614,E 常规,148,1
2026-05-24,905,1244755,3,1,2,1,8,9,残靴：截断／换荷官／开收台可疑,87.0,194614177.4160,175782072.7460,4726696.5533,1655384,164479,-0.02428752,-0.02930686,-0.02298167,-0.02475558,-4726696.5533,194614177.4160,OK,91090.6738,186896.4557,3.9974,96.0026,AG03-B-v1,4539800.0976,168655994.6027,4635605.8795,4448709.4238,95805.7819,0.02381947,0.02285912,0.00049229,117.5644,1068.7205,28.7374,34501.4347,1449.9069,1420541.4410,1200.5766,115.6050,118.0851,5.1636,17.2514,56.6544,202.0394,407.1358,1663.6167,12.9089,-2.1082,23.600106,96.433508,6.814758,1,1,225155,16,0.20645285,0.02428752,0.02930686,0.00051820,0.042548,0.903234,0.082651,-0.00632518,2026-03-23,2026-08-06,137,3260,137,137,1.000000,0.978998,1.031125,0.786303,2,0.5957446808510638,0.0,0.27925531914893614,E 常规,149,1
2026-06-17,905,1265176,5,1,5,0,5,12,残靴：截断／换荷官／开收台可疑,87.0,194614177.4160,175782072.7460,4726696.5533,1655384,164479,-0.02428752,-0.02930686,-0.02298167,-0.02475558,-4726696.5533,194614177.4160,OK,91090.6738,186896.4557,3.9974,96.0026,AG03-B-v1,4539800.0976,168655994.6027,4635605.8795,4448709.4238,95805.7819,0.02381947,0.02285912,0.00049229,117.5644,1068.7205,28.7374,34501.4347,1449.9069,1420541.4410,1200.5766,115.6050,118.0851,5.1636,17.2514,56.6544,202.0394,407.1358,1663.6167,12.9089,-2.1082,23.600106,96.433508,6.814758,1,1,225155,16,0.20645285,0.02428752,0.02930686,0.00051820,0.042548,0.903234,0.082651,-0.00632518,2026-03-23,2026-08-06,137,3260,137,137,1.000000,0.978998,1.031125,0.786303,2,0.5957446808510638,0.0,0.27925531914893614,E 常规,150,1
2026-06-27,905,1272627,4,2,3,1,3,5,残靴：截断／换荷官／开收台可疑,87.0,194614177.4160,175782072.7460,4726696.5533,1655384,164479,-0.02428752,-0.02930686,-0.02298167,-0.02475558,-4726696.5533,194614177.4160,OK,91090.6738,186896.4557,3.9974,96.0026,AG03-B-v1,4539800.0976,168655994.6027,4635605.8795,4448709.4238,95805.7819,0.02381947,0.02285912,0.00049229,117.5644,1068.7205,28.7374,34501.4347,1449.9069,1420541.4410,1200.5766,115.6050,118.0851,5.1636,17.2514,56.6544,202.0394,407.1358,1663.6167,12.9089,-2.1082,23.600106,96.433508,6.814758,1,1,225155,16,0.20645285,0.02428752,0.02930686,0.00051820,0.042548,0.903234,0.082651,-0.00632518,2026-03-23,2026-08-06,137,3260,137,137,1.000000,0.978998,1.031125,0.786303,2,0.5957446808510638,0.0,0.27925531914893614,E 常规,151,1
2026-07-21,905,1294665,2,1,2,0,3,4,残靴：截断／换荷官／开收台可疑,87.0,194614177.4160,175782072.7460,4726696.5533,1655384,164479,-0.02428752,-0.02930686,-0.02298167,-0.02475558,-4726696.5533,194614177.4160,OK,91090.6738,186896.4557,3.9974,96.0026,AG03-B-v1,4539800.0976,168655994.6027,4635605.8795,4448709.4238,95805.7819,0.02381947,0.02285912,0.00049229,117.5644,1068.7205,28.7374,34501.4347,1449.9069,1420541.4410,1200.5766,115.6050,118.0851,5.1636,17.2514,56.6544,202.0394,407.1358,1663.6167,12.9089,-2.1082,23.600106,96.433508,6.814758,1,1,225155,16,0.20645285,0.02428752,0.02930686,0.00051820,0.042548,0.903234,0.082651,-0.00632518,2026-03-23,2026-08-06,137,3260,137,137,1.000000,0.978998,1.031125,0.786303,2,0.5957446808510638,0.0,0.27925531914893614,E 常规,152,1
2026-07-29,905,12101404,5,1,5,0,3,8,残靴：截断／换荷官／开收台可疑,87.0,194614177.4160,175782072.7460,4726696.5533,1655384,164479,-0.02428752,-0.02930686,-0.02298167,-0.02475558,-4726696.5533,194614177.4160,OK,91090.6738,186896.4557,3.9974,96.0026,AG03-B-v1,4539800.0976,168655994.6027,4635605.8795,4448709.4238,95805.7819,0.02381947,0.02285912,0.00049229,117.5644,1068.7205,28.7374,34501.4347,1449.9069,1420541.4410,1200.5766,115.6050,118.0851,5.1636,17.2514,56.6544,202.0394,407.1358,1663.6167,12.9089,-2.1082,23.600106,96.433508,6.814758,1,1,225155,16,0.20645285,0.02428752,0.02930686,0.00051820,0.042548,0.903234,0.082651,-0.00632518,2026-03-23,2026-08-06,137,3260,137,137,1.000000,0.978998,1.031125,0.786303,2,0.5957446808510638,0.0,0.27925531914893614,E 常规,153,1
2026-04-07,8,114603055,5,1,5,0,6,16,残靴：截断／换荷官／开收台可疑,87.0,519344207.9878,468621010.4139,5759252.1424,4786315,291841,-0.01108947,-0.00766145,-0.01207532,-0.01183704,-5759252.1424,519344207.9878,OK,388248.0094,211509.0113,4.0107,95.9893,AG03-B-v1,5547743.1311,449250701.4213,5371004.1330,5159495.1217,-176738.9981,0.01034190,0.00993463,-0.00034031,108.5061,1605.7408,19.7342,41433.4687,963.8916,3736289.2661,2099.5755,104.1540,109.8258,5.1431,15.4907,52.3519,183.2317,344.823,1500.0,12.8578,-2.1082,22.260048,96.832497,7.004609,1,71,391605,16,0.22335194,0.01108947,0.00766145,0.00082849,0.042470,0.902332,0.074778,0.00441386,2026-03-21,2026-08-06,139,5975,139,139,1.000000,0.948357,1.078199,0.757409,4,0.574468085106383,0.949468085106383,0.6170212765957447,E 常规,154,1
2026-04-23,8,114620134,1,1,1,0,3,5,残靴：截断／换荷官／开收台可疑,87.0,519344207.9878,468621010.4139,5759252.1424,4786315,291841,-0.01108947,-0.00766145,-0.01207532,-0.01183704,-5759252.1424,519344207.9878,OK,388248.0094,211509.0113,4.0107,95.9893,AG03-B-v1,5547743.1311,449250701.4213,5371004.1330,5159495.1217,-176738.9981,0.01034190,0.00993463,-0.00034031,108.5061,1605.7408,19.7342,41433.4687,963.8916,3736289.2661,2099.5755,104.1540,109.8258,5.1431,15.4907,52.3519,183.2317,344.823,1500.0,12.8578,-2.1082,22.260048,96.832497,7.004609,1,71,391605,16,0.22335194,0.01108947,0.00766145,0.00082849,0.042470,0.902332,0.074778,0.00441386,2026-03-21,2026-08-06,139,5975,139,139,1.000000,0.948357,1.078199,0.757409,4,0.574468085106383,0.949468085106383,0.6170212765957447,E 常规,155,1
2026-05-25,8,114654527,5,1,5,0,11,21,残靴：截断／换荷官／开收台可疑,87.0,519344207.9878,468621010.4139,5759252.1424,4786315,291841,-0.01108947,-0.00766145,-0.01207532,-0.01183704,-5759252.1424,519344207.9878,OK,388248.0094,211509.0113,4.0107,95.9893,AG03-B-v1,5547743.1311,449250701.4213,5371004.1330,5159495.1217,-176738.9981,0.01034190,0.00993463,-0.00034031,108.5061,1605.7408,19.7342,41433.4687,963.8916,3736289.2661,2099.5755,104.1540,109.8258,5.1431,15.4907,52.3519,183.2317,344.823,1500.0,12.8578,-2.1082,22.260048,96.832497,7.004609,1,71,391605,16,0.22335194,0.01108947,0.00766145,0.00082849,0.042470,0.902332,0.074778,0.00441386,2026-03-21,2026-08-06,139,5975,139,139,1.000000,0.948357,1.078199,0.757409,4,0.574468085106383,0.949468085106383,0.6170212765957447,E 常规,156,1
2026-05-29,8,114658970,2,1,2,0,3,3,残靴：截断／换荷官／开收台可疑,87.0,519344207.9878,468621010.4139,5759252.1424,4786315,291841,-0.01108947,-0.00766145,-0.01207532,-0.01183704,-5759252.1424,519344207.9878,OK,388248.0094,211509.0113,4.0107,95.9893,AG03-B-v1,5547743.1311,449250701.4213,5371004.1330,5159495.1217,-176738.9981,0.01034190,0.00993463,-0.00034031,108.5061,1605.7408,19.7342,41433.4687,963.8916,3736289.2661,2099.5755,104.1540,109.8258,5.1431,15.4907,52.3519,183.2317,344.823,1500.0,12.8578,-2.1082,22.260048,96.832497,7.004609,1,71,391605,16,0.22335194,0.01108947,0.00766145,0.00082849,0.042470,0.902332,0.074778,0.00441386,2026-03-21,2026-08-06,139,5975,139,139,1.000000,0.948357,1.078199,0.757409,4,0.574468085106383,0.949468085106383,0.6170212765957447,E 常规,157,1
2026-05-31,8,114661030,3,1,2,1,7,7,残靴：截断／换荷官／开收台可疑,87.0,519344207.9878,468621010.4139,5759252.1424,4786315,291841,-0.01108947,-0.00766145,-0.01207532,-0.01183704,-5759252.1424,519344207.9878,OK,388248.0094,211509.0113,4.0107,95.9893,AG03-B-v1,5547743.1311,449250701.4213,5371004.1330,5159495.1217,-176738.9981,0.01034190,0.00993463,-0.00034031,108.5061,1605.7408,19.7342,41433.4687,963.8916,3736289.2661,2099.5755,104.1540,109.8258,5.1431,15.4907,52.3519,183.2317,344.823,1500.0,12.8578,-2.1082,22.260048,96.832497,7.004609,1,71,391605,16,0.22335194,0.01108947,0.00766145,0.00082849,0.042470,0.902332,0.074778,0.00441386,2026-03-21,2026-08-06,139,5975,139,139,1.000000,0.948357,1.078199,0.757409,4,0.574468085106383,0.949468085106383,0.6170212765957447,E 常规,158,1
2026-07-02,8,114696755,3,1,3,0,12,17,残靴：截断／换荷官／开收台可疑,87.0,519344207.9878,468621010.4139,5759252.1424,4786315,291841,-0.01108947,-0.00766145,-0.01207532,-0.01183704,-5759252.1424,519344207.9878,OK,388248.0094,211509.0113,4.0107,95.9893,AG03-B-v1,5547743.1311,449250701.4213,5371004.1330,5159495.1217,-176738.9981,0.01034190,0.00993463,-0.00034031,108.5061,1605.7408,19.7342,41433.4687,963.8916,3736289.2661,2099.5755,104.1540,109.8258,5.1431,15.4907,52.3519,183.2317,344.823,1500.0,12.8578,-2.1082,22.260048,96.832497,7.004609,1,71,391605,16,0.22335194,0.01108947,0.00766145,0.00082849,0.042470,0.902332,0.074778,0.00441386,2026-03-21,2026-08-06,139,5975,139,139,1.000000,0.948357,1.078199,0.757409,4,0.574468085106383,0.949468085106383,0.6170212765957447,E 常规,159,1
2026-07-04,8,114699263,1,1,1,0,2,2,残靴：截断／换荷官／开收台可疑,87.0,519344207.9878,468621010.4139,5759252.1424,4786315,291841,-0.01108947,-0.00766145,-0.01207532,-0.01183704,-5759252.1424,519344207.9878,OK,388248.0094,211509.0113,4.0107,95.9893,AG03-B-v1,5547743.1311,449250701.4213,5371004.1330,5159495.1217,-176738.9981,0.01034190,0.00993463,-0.00034031,108.5061,1605.7408,19.7342,41433.4687,963.8916,3736289.2661,2099.5755,104.1540,109.8258,5.1431,15.4907,52.3519,183.2317,344.823,1500.0,12.8578,-2.1082,22.260048,96.832497,7.004609,1,71,391605,16,0.22335194,0.01108947,0.00766145,0.00082849,0.042470,0.902332,0.074778,0.00441386,2026-03-21,2026-08-06,139,5975,139,139,1.000000,0.948357,1.078199,0.757409,4,0.574468085106383,0.949468085106383,0.6170212765957447,E 常规,160,1
2026-07-24,8,114721357,5,1,5,0,17,29,残靴：截断／换荷官／开收台可疑,87.0,519344207.9878,468621010.4139,5759252.1424,4786315,291841,-0.01108947,-0.00766145,-0.01207532,-0.01183704,-5759252.1424,519344207.9878,OK,388248.0094,211509.0113,4.0107,95.9893,AG03-B-v1,5547743.1311,449250701.4213,5371004.1330,5159495.1217,-176738.9981,0.01034190,0.00993463,-0.00034031,108.5061,1605.7408,19.7342,41433.4687,963.8916,3736289.2661,2099.5755,104.1540,109.8258,5.1431,15.4907,52.3519,183.2317,344.823,1500.0,12.8578,-2.1082,22.260048,96.832497,7.004609,1,71,391605,16,0.22335194,0.01108947,0.00766145,0.00082849,0.042470,0.902332,0.074778,0.00441386,2026-03-21,2026-08-06,139,5975,139,139,1.000000,0.948357,1.078199,0.757409,4,0.574468085106383,0.949468085106383,0.6170212765957447,E 常规,161,1
2026-04-01,33,114596382,1,1,1,0,2,2,残靴：截断／换荷官／开收台可疑,87.0,420976946.5247,379093487.6735,5792931.2417,3860407,210796,-0.01376069,-0.01418316,-0.01364331,-0.01445532,-5792931.2417,420976946.5247,OK,292424.1632,240777.1045,4.0159,95.9841,AG03-B-v1,5552154.1372,363412644.6984,5500507.0785,5259729.9740,-51647.0587,0.01306605,0.01249410,-0.00012268,109.0499,1798.3903,27.4812,41675.7643,1298.5723,3028611.1261,1516.5180,103.7900,110.6072,5.1431,15.6353,52.3519,183.0582,364.8685,1428.7347,12.8578,-2.2009,23.336253,91.378983,6.97461,1,134,360592,16,0.21742277,0.01376069,0.01418316,0.00077138,0.042794,0.900509,0.077799,-0.00053986,2026-03-21,2026-08-06,139,4461,139,139,1.000000,0.938365,1.029108,0.717710,3,0.5425531914893617,0.7898936170212766,0.4920212765957447,E 常规,162,1
2026-04-11,33,114607425,3,1,3,0,11,20,残靴：截断／换荷官／开收台可疑,87.0,420976946.5247,379093487.6735,5792931.2417,3860407,210796,-0.01376069,-0.01418316,-0.01364331,-0.01445532,-5792931.2417,420976946.5247,OK,292424.1632,240777.1045,4.0159,95.9841,AG03-B-v1,5552154.1372,363412644.6984,5500507.0785,5259729.9740,-51647.0587,0.01306605,0.01249410,-0.00012268,109.0499,1798.3903,27.4812,41675.7643,1298.5723,3028611.1261,1516.5180,103.7900,110.6072,5.1431,15.6353,52.3519,183.0582,364.8685,1428.7347,12.8578,-2.2009,23.336253,91.378983,6.97461,1,134,360592,16,0.21742277,0.01376069,0.01418316,0.00077138,0.042794,0.900509,0.077799,-0.00053986,2026-03-21,2026-08-06,139,4461,139,139,1.000000,0.938365,1.029108,0.717710,3,0.5425531914893617,0.7898936170212766,0.4920212765957447,E 常规,163,1
2026-04-13,33,114609359,4,1,4,0,13,24,残靴：截断／换荷官／开收台可疑,87.0,420976946.5247,379093487.6735,5792931.2417,3860407,210796,-0.01376069,-0.01418316,-0.01364331,-0.01445532,-5792931.2417,420976946.5247,OK,292424.1632,240777.1045,4.0159,95.9841,AG03-B-v1,5552154.1372,363412644.6984,5500507.0785,5259729.9740,-51647.0587,0.01306605,0.01249410,-0.00012268,109.0499,1798.3903,27.4812,41675.7643,1298.5723,3028611.1261,1516.5180,103.7900,110.6072,5.1431,15.6353,52.3519,183.0582,364.8685,1428.7347,12.8578,-2.2009,23.336253,91.378983,6.97461,1,134,360592,16,0.21742277,0.01376069,0.01418316,0.00077138,0.042794,0.900509,0.077799,-0.00053986,2026-03-21,2026-08-06,139,4461,139,139,1.000000,0.938365,1.029108,0.717710,3,0.5425531914893617,0.7898936170212766,0.4920212765957447,E 常规,164,1
2026-04-18,33,114614770,4,1,4,0,9,17,残靴：截断／换荷官／开收台可疑,87.0,420976946.5247,379093487.6735,5792931.2417,3860407,210796,-0.01376069,-0.01418316,-0.01364331,-0.01445532,-5792931.2417,420976946.5247,OK,292424.1632,240777.1045,4.0159,95.9841,AG03-B-v1,5552154.1372,363412644.6984,5500507.0785,5259729.9740,-51647.0587,0.01306605,0.01249410,-0.00012268,109.0499,1798.3903,27.4812,41675.7643,1298.5723,3028611.1261,1516.5180,103.7900,110.6072,5.1431,15.6353,52.3519,183.0582,364.8685,1428.7347,12.8578,-2.2009,23.336253,91.378983,6.97461,1,134,360592,16,0.21742277,0.01376069,0.01418316,0.00077138,0.042794,0.900509,0.077799,-0.00053986,2026-03-21,2026-08-06,139,4461,139,139,1.000000,0.938365,1.029108,0.717710,3,0.5425531914893617,0.7898936170212766,0.4920212765957447,E 常规,165,1
2026-05-17,33,114645968,4,1,4,0,11,20,残靴：截断／换荷官／开收台可疑,87.0,420976946.5247,379093487.6735,5792931.2417,3860407,210796,-0.01376069,-0.01418316,-0.01364331,-0.01445532,-5792931.2417,420976946.5247,OK,292424.1632,240777.1045,4.0159,95.9841,AG03-B-v1,5552154.1372,363412644.6984,5500507.0785,5259729.9740,-51647.0587,0.01306605,0.01249410,-0.00012268,109.0499,1798.3903,27.4812,41675.7643,1298.5723,3028611.1261,1516.5180,103.7900,110.6072,5.1431,15.6353,52.3519,183.0582,364.8685,1428.7347,12.8578,-2.2009,23.336253,91.378983,6.97461,1,134,360592,16,0.21742277,0.01376069,0.01418316,0.00077138,0.042794,0.900509,0.077799,-0.00053986,2026-03-21,2026-08-06,139,4461,139,139,1.000000,0.938365,1.029108,0.717710,3,0.5425531914893617,0.7898936170212766,0.4920212765957447,E 常规,166,1
2026-05-23,33,114652501,1,1,1,0,3,4,残靴：截断／换荷官／开收台可疑,87.0,420976946.5247,379093487.6735,5792931.2417,3860407,210796,-0.01376069,-0.01418316,-0.01364331,-0.01445532,-5792931.2417,420976946.5247,OK,292424.1632,240777.1045,4.0159,95.9841,AG03-B-v1,5552154.1372,363412644.6984,5500507.0785,5259729.9740,-51647.0587,0.01306605,0.01249410,-0.00012268,109.0499,1798.3903,27.4812,41675.7643,1298.5723,3028611.1261,1516.5180,103.7900,110.6072,5.1431,15.6353,52.3519,183.0582,364.8685,1428.7347,12.8578,-2.2009,23.336253,91.378983,6.97461,1,134,360592,16,0.21742277,0.01376069,0.01418316,0.00077138,0.042794,0.900509,0.077799,-0.00053986,2026-03-21,2026-08-06,139,4461,139,139,1.000000,0.938365,1.029108,0.717710,3,0.5425531914893617,0.7898936170212766,0.4920212765957447,E 常规,167,1
2026-05-25,33,114653542,3,2,2,1,12,17,残靴：截断／换荷官／开收台可疑,87.0,420976946.5247,379093487.6735,5792931.2417,3860407,210796,-0.01376069,-0.01418316,-0.01364331,-0.01445532,-5792931.2417,420976946.5247,OK,292424.1632,240777.1045,4.0159,95.9841,AG03-B-v1,5552154.1372,363412644.6984,5500507.0785,5259729.9740,-51647.0587,0.01306605,0.01249410,-0.00012268,109.0499,1798.3903,27.4812,41675.7643,1298.5723,3028611.1261,1516.5180,103.7900,110.6072,5.1431,15.6353,52.3519,183.0582,364.8685,1428.7347,12.8578,-2.2009,23.336253,91.378983,6.97461,1,134,360592,16,0.21742277,0.01376069,0.01418316,0.00077138,0.042794,0.900509,0.077799,-0.00053986,2026-03-21,2026-08-06,139,4461,139,139,1.000000,0.938365,1.029108,0.717710,3,0.5425531914893617,0.7898936170212766,0.4920212765957447,E 常规,168,1
2026-06-23,33,114686601,4,1,4,0,10,17,残靴：截断／换荷官／开收台可疑,87.0,420976946.5247,379093487.6735,5792931.2417,3860407,210796,-0.01376069,-0.01418316,-0.01364331,-0.01445532,-5792931.2417,420976946.5247,OK,292424.1632,240777.1045,4.0159,95.9841,AG03-B-v1,5552154.1372,363412644.6984,5500507.0785,5259729.9740,-51647.0587,0.01306605,0.01249410,-0.00012268,109.0499,1798.3903,27.4812,41675.7643,1298.5723,3028611.1261,1516.5180,103.7900,110.6072,5.1431,15.6353,52.3519,183.0582,364.8685,1428.7347,12.8578,-2.2009,23.336253,91.378983,6.97461,1,134,360592,16,0.21742277,0.01376069,0.01418316,0.00077138,0.042794,0.900509,0.077799,-0.00053986,2026-03-21,2026-08-06,139,4461,139,139,1.000000,0.938365,1.029108,0.717710,3,0.5425531914893617,0.7898936170212766,0.4920212765957447,E 常规,169,1
2026-06-25,33,114688850,5,1,5,0,10,24,残靴：截断／换荷官／开收台可疑,87.0,420976946.5247,379093487.6735,5792931.2417,3860407,210796,-0.01376069,-0.01418316,-0.01364331,-0.01445532,-5792931.2417,420976946.5247,OK,292424.1632,240777.1045,4.0159,95.9841,AG03-B-v1,5552154.1372,363412644.6984,5500507.0785,5259729.9740,-51647.0587,0.01306605,0.01249410,-0.00012268,109.0499,1798.3903,27.4812,41675.7643,1298.5723,3028611.1261,1516.5180,103.7900,110.6072,5.1431,15.6353,52.3519,183.0582,364.8685,1428.7347,12.8578,-2.2009,23.336253,91.378983,6.97461,1,134,360592,16,0.21742277,0.01376069,0.01418316,0.00077138,0.042794,0.900509,0.077799,-0.00053986,2026-03-21,2026-08-06,139,4461,139,139,1.000000,0.938365,1.029108,0.717710,3,0.5425531914893617,0.7898936170212766,0.4920212765957447,E 常规,170,1
2026-07-12,33,114707948,5,1,5,0,8,18,残靴：截断／换荷官／开收台可疑,87.0,420976946.5247,379093487.6735,5792931.2417,3860407,210796,-0.01376069,-0.01418316,-0.01364331,-0.01445532,-5792931.2417,420976946.5247,OK,292424.1632,240777.1045,4.0159,95.9841,AG03-B-v1,5552154.1372,363412644.6984,5500507.0785,5259729.9740,-51647.0587,0.01306605,0.01249410,-0.00012268,109.0499,1798.3903,27.4812,41675.7643,1298.5723,3028611.1261,1516.5180,103.7900,110.6072,5.1431,15.6353,52.3519,183.0582,364.8685,1428.7347,12.8578,-2.2009,23.336253,91.378983,6.97461,1,134,360592,16,0.21742277,0.01376069,0.01418316,0.00077138,0.042794,0.900509,0.077799,-0.00053986,2026-03-21,2026-08-06,139,4461,139,139,1.000000,0.938365,1.029108,0.717710,3,0.5425531914893617,0.7898936170212766,0.4920212765957447,E 常规,171,1
2026-07-21,33,114717969,4,1,4,0,13,19,残靴：截断／换荷官／开收台可疑,87.0,420976946.5247,379093487.6735,5792931.2417,3860407,210796,-0.01376069,-0.01418316,-0.01364331,-0.01445532,-5792931.2417,420976946.5247,OK,292424.1632,240777.1045,4.0159,95.9841,AG03-B-v1,5552154.1372,363412644.6984,5500507.0785,5259729.9740,-51647.0587,0.01306605,0.01249410,-0.00012268,109.0499,1798.3903,27.4812,41675.7643,1298.5723,3028611.1261,1516.5180,103.7900,110.6072,5.1431,15.6353,52.3519,183.0582,364.8685,1428.7347,12.8578,-2.2009,23.336253,91.378983,6.97461,1,134,360592,16,0.21742277,0.01376069,0.01418316,0.00077138,0.042794,0.900509,0.077799,-0.00053986,2026-03-21,2026-08-06,139,4461,139,139,1.000000,0.938365,1.029108,0.717710,3,0.5425531914893617,0.7898936170212766,0.4920212765957447,E 常规,172,1
2026-07-22,33,114719079,3,2,2,1,4,5,残靴：截断／换荷官／开收台可疑,87.0,420976946.5247,379093487.6735,5792931.2417,3860407,210796,-0.01376069,-0.01418316,-0.01364331,-0.01445532,-5792931.2417,420976946.5247,OK,292424.1632,240777.1045,4.0159,95.9841,AG03-B-v1,5552154.1372,363412644.6984,5500507.0785,5259729.9740,-51647.0587,0.01306605,0.01249410,-0.00012268,109.0499,1798.3903,27.4812,41675.7643,1298.5723,3028611.1261,1516.5180,103.7900,110.6072,5.1431,15.6353,52.3519,183.0582,364.8685,1428.7347,12.8578,-2.2009,23.336253,91.378983,6.97461,1,134,360592,16,0.21742277,0.01376069,0.01418316,0.00077138,0.042794,0.900509,0.077799,-0.00053986,2026-03-21,2026-08-06,139,4461,139,139,1.000000,0.938365,1.029108,0.717710,3,0.5425531914893617,0.7898936170212766,0.4920212765957447,E 常规,173,1
2026-03-24,32,114587588,1,1,1,0,3,9,残靴：截断／换荷官／开收台可疑,87.0,447097711.3728,402355517.6801,7029749.9318,4168755,209323,-0.01572307,-0.02296301,-0.01373976,-0.01643400,-7029749.9318,447097711.3728,OK,317854.5244,295490.3564,4.0174,95.9826,AG03-B-v1,6734259.5753,385658053.7585,6711895.4074,6416405.0510,-22364.1680,0.01501214,0.01435124,-0.00005002,107.2497,1922.1754,33.5833,50573.7405,1589.7218,3216530.2976,1505.9209,101.5521,108.9238,5.1431,15.5008,52.3519,180.7244,359.2034,1404.631,12.8427,-2.2248,23.17323,90.616737,6.918983,1,131,375285,16,0.21503414,0.01572307,0.02296301,0.00078998,0.042676,0.899927,0.077602,-0.00922325,2026-03-21,2026-08-06,139,4422,139,139,1.000000,0.932322,1.058533,0.735294,3,0.5106382978723404,0.675531914893617,0.523936170212766,E 常规,174,1
2026-03-28,32,114592014,5,1,5,0,18,29,残靴：截断／换荷官／开收台可疑,87.0,447097711.3728,402355517.6801,7029749.9318,4168755,209323,-0.01572307,-0.02296301,-0.01373976,-0.01643400,-7029749.9318,447097711.3728,OK,317854.5244,295490.3564,4.0174,95.9826,AG03-B-v1,6734259.5753,385658053.7585,6711895.4074,6416405.0510,-22364.1680,0.01501214,0.01435124,-0.00005002,107.2497,1922.1754,33.5833,50573.7405,1589.7218,3216530.2976,1505.9209,101.5521,108.9238,5.1431,15.5008,52.3519,180.7244,359.2034,1404.631,12.8427,-2.2248,23.17323,90.616737,6.918983,1,131,375285,16,0.21503414,0.01572307,0.02296301,0.00078998,0.042676,0.899927,0.077602,-0.00922325,2026-03-21,2026-08-06,139,4422,139,139,1.000000,0.932322,1.058533,0.735294,3,0.5106382978723404,0.675531914893617,0.523936170212766,E 常规,175,1
2026-04-11,32,114607426,2,1,2,0,11,16,残靴：截断／换荷官／开收台可疑,87.0,447097711.3728,402355517.6801,7029749.9318,4168755,209323,-0.01572307,-0.02296301,-0.01373976,-0.01643400,-7029749.9318,447097711.3728,OK,317854.5244,295490.3564,4.0174,95.9826,AG03-B-v1,6734259.5753,385658053.7585,6711895.4074,6416405.0510,-22364.1680,0.01501214,0.01435124,-0.00005002,107.2497,1922.1754,33.5833,50573.7405,1589.7218,3216530.2976,1505.9209,101.5521,108.9238,5.1431,15.5008,52.3519,180.7244,359.2034,1404.631,12.8427,-2.2248,23.17323,90.616737,6.918983,1,131,375285,16,0.21503414,0.01572307,0.02296301,0.00078998,0.042676,0.899927,0.077602,-0.00922325,2026-03-21,2026-08-06,139,4422,139,139,1.000000,0.932322,1.058533,0.735294,3,0.5106382978723404,0.675531914893617,0.523936170212766,E 常规,176,1
2026-04-14,32,114610010,5,1,5,0,9,13,残靴：截断／换荷官／开收台可疑,87.0,447097711.3728,402355517.6801,7029749.9318,4168755,209323,-0.01572307,-0.02296301,-0.01373976,-0.01643400,-7029749.9318,447097711.3728,OK,317854.5244,295490.3564,4.0174,95.9826,AG03-B-v1,6734259.5753,385658053.7585,6711895.4074,6416405.0510,-22364.1680,0.01501214,0.01435124,-0.00005002,107.2497,1922.1754,33.5833,50573.7405,1589.7218,3216530.2976,1505.9209,101.5521,108.9238,5.1431,15.5008,52.3519,180.7244,359.2034,1404.631,12.8427,-2.2248,23.17323,90.616737,6.918983,1,131,375285,16,0.21503414,0.01572307,0.02296301,0.00078998,0.042676,0.899927,0.077602,-0.00922325,2026-03-21,2026-08-06,139,4422,139,139,1.000000,0.932322,1.058533,0.735294,3,0.5106382978723404,0.675531914893617,0.523936170212766,E 常规,177,1
2026-04-17,32,114613697,4,1,4,0,12,29,残靴：截断／换荷官／开收台可疑,87.0,447097711.3728,402355517.6801,7029749.9318,4168755,209323,-0.01572307,-0.02296301,-0.01373976,-0.01643400,-7029749.9318,447097711.3728,OK,317854.5244,295490.3564,4.0174,95.9826,AG03-B-v1,6734259.5753,385658053.7585,6711895.4074,6416405.0510,-22364.1680,0.01501214,0.01435124,-0.00005002,107.2497,1922.1754,33.5833,50573.7405,1589.7218,3216530.2976,1505.9209,101.5521,108.9238,5.1431,15.5008,52.3519,180.7244,359.2034,1404.631,12.8427,-2.2248,23.17323,90.616737,6.918983,1,131,375285,16,0.21503414,0.01572307,0.02296301,0.00078998,0.042676,0.899927,0.077602,-0.00922325,2026-03-21,2026-08-06,139,4422,139,139,1.000000,0.932322,1.058533,0.735294,3,0.5106382978723404,0.675531914893617,0.523936170212766,E 常规,178,1
2026-04-24,32,114621223,3,1,3,0,5,7,残靴：截断／换荷官／开收台可疑,87.0,447097711.3728,402355517.6801,7029749.9318,4168755,209323,-0.01572307,-0.02296301,-0.01373976,-0.01643400,-7029749.9318,447097711.3728,OK,317854.5244,295490.3564,4.0174,95.9826,AG03-B-v1,6734259.5753,385658053.7585,6711895.4074,6416405.0510,-22364.1680,0.01501214,0.01435124,-0.00005002,107.2497,1922.1754,33.5833,50573.7405,1589.7218,3216530.2976,1505.9209,101.5521,108.9238,5.1431,15.5008,52.3519,180.7244,359.2034,1404.631,12.8427,-2.2248,23.17323,90.616737,6.918983,1,131,375285,16,0.21503414,0.01572307,0.02296301,0.00078998,0.042676,0.899927,0.077602,-0.00922325,2026-03-21,2026-08-06,139,4422,139,139,1.000000,0.932322,1.058533,0.735294,3,0.5106382978723404,0.675531914893617,0.523936170212766,E 常规,179,1
2026-05-19,32,114648129,3,1,3,0,14,20,残靴：截断／换荷官／开收台可疑,87.0,447097711.3728,402355517.6801,7029749.9318,4168755,209323,-0.01572307,-0.02296301,-0.01373976,-0.01643400,-7029749.9318,447097711.3728,OK,317854.5244,295490.3564,4.0174,95.9826,AG03-B-v1,6734259.5753,385658053.7585,6711895.4074,6416405.0510,-22364.1680,0.01501214,0.01435124,-0.00005002,107.2497,1922.1754,33.5833,50573.7405,1589.7218,3216530.2976,1505.9209,101.5521,108.9238,5.1431,15.5008,52.3519,180.7244,359.2034,1404.631,12.8427,-2.2248,23.17323,90.616737,6.918983,1,131,375285,16,0.21503414,0.01572307,0.02296301,0.00078998,0.042676,0.899927,0.077602,-0.00922325,2026-03-21,2026-08-06,139,4422,139,139,1.000000,0.932322,1.058533,0.735294,3,0.5106382978723404,0.675531914893617,0.523936170212766,E 常规,180,1
2026-06-01,32,114662301,5,1,5,0,13,24,残靴：截断／换荷官／开收台可疑,87.0,447097711.3728,402355517.6801,7029749.9318,4168755,209323,-0.01572307,-0.02296301,-0.01373976,-0.01643400,-7029749.9318,447097711.3728,OK,317854.5244,295490.3564,4.0174,95.9826,AG03-B-v1,6734259.5753,385658053.7585,6711895.4074,6416405.0510,-22364.1680,0.01501214,0.01435124,-0.00005002,107.2497,1922.1754,33.5833,50573.7405,1589.7218,3216530.2976,1505.9209,101.5521,108.9238,5.1431,15.5008,52.3519,180.7244,359.2034,1404.631,12.8427,-2.2248,23.17323,90.616737,6.918983,1,131,375285,16,0.21503414,0.01572307,0.02296301,0.00078998,0.042676,0.899927,0.077602,-0.00922325,2026-03-21,2026-08-06,139,4422,139,139,1.000000,0.932322,1.058533,0.735294,3,0.5106382978723404,0.675531914893617,0.523936170212766,E 常规,181,1
2026-07-02,32,114696751,5,3,3,2,14,21,残靴：截断／换荷官／开收台可疑,87.0,447097711.3728,402355517.6801,7029749.9318,4168755,209323,-0.01572307,-0.02296301,-0.01373976,-0.01643400,-7029749.9318,447097711.3728,OK,317854.5244,295490.3564,4.0174,95.9826,AG03-B-v1,6734259.5753,385658053.7585,6711895.4074,6416405.0510,-22364.1680,0.01501214,0.01435124,-0.00005002,107.2497,1922.1754,33.5833,50573.7405,1589.7218,3216530.2976,1505.9209,101.5521,108.9238,5.1431,15.5008,52.3519,180.7244,359.2034,1404.631,12.8427,-2.2248,23.17323,90.616737,6.918983,1,131,375285,16,0.21503414,0.01572307,0.02296301,0.00078998,0.042676,0.899927,0.077602,-0.00922325,2026-03-21,2026-08-06,139,4422,139,139,1.000000,0.932322,1.058533,0.735294,3,0.5106382978723404,0.675531914893617,0.523936170212766,E 常规,182,1
2026-07-07,32,114702491,5,1,5,0,22,35,残靴：截断／换荷官／开收台可疑,87.0,447097711.3728,402355517.6801,7029749.9318,4168755,209323,-0.01572307,-0.02296301,-0.01373976,-0.01643400,-7029749.9318,447097711.3728,OK,317854.5244,295490.3564,4.0174,95.9826,AG03-B-v1,6734259.5753,385658053.7585,6711895.4074,6416405.0510,-22364.1680,0.01501214,0.01435124,-0.00005002,107.2497,1922.1754,33.5833,50573.7405,1589.7218,3216530.2976,1505.9209,101.5521,108.9238,5.1431,15.5008,52.3519,180.7244,359.2034,1404.631,12.8427,-2.2248,23.17323,90.616737,6.918983,1,131,375285,16,0.21503414,0.01572307,0.02296301,0.00078998,0.042676,0.899927,0.077602,-0.00922325,2026-03-21,2026-08-06,139,4422,139,139,1.000000,0.932322,1.058533,0.735294,3,0.5106382978723404,0.675531914893617,0.523936170212766,E 常规,183,1
2026-07-10,32,114705877,4,1,4,0,9,18,残靴：截断／换荷官／开收台可疑,87.0,447097711.3728,402355517.6801,7029749.9318,4168755,209323,-0.01572307,-0.02296301,-0.01373976,-0.01643400,-7029749.9318,447097711.3728,OK,317854.5244,295490.3564,4.0174,95.9826,AG03-B-v1,6734259.5753,385658053.7585,6711895.4074,6416405.0510,-22364.1680,0.01501214,0.01435124,-0.00005002,107.2497,1922.1754,33.5833,50573.7405,1589.7218,3216530.2976,1505.9209,101.5521,108.9238,5.1431,15.5008,52.3519,180.7244,359.2034,1404.631,12.8427,-2.2248,23.17323,90.616737,6.918983,1,131,375285,16,0.21503414,0.01572307,0.02296301,0.00078998,0.042676,0.899927,0.077602,-0.00922325,2026-03-21,2026-08-06,139,4422,139,139,1.000000,0.932322,1.058533,0.735294,3,0.5106382978723404,0.675531914893617,0.523936170212766,E 常规,184,1
2026-07-30,32,114727985,5,1,5,0,21,33,残靴：截断／换荷官／开收台可疑,87.0,447097711.3728,402355517.6801,7029749.9318,4168755,209323,-0.01572307,-0.02296301,-0.01373976,-0.01643400,-7029749.9318,447097711.3728,OK,317854.5244,295490.3564,4.0174,95.9826,AG03-B-v1,6734259.5753,385658053.7585,6711895.4074,6416405.0510,-22364.1680,0.01501214,0.01435124,-0.00005002,107.2497,1922.1754,33.5833,50573.7405,1589.7218,3216530.2976,1505.9209,101.5521,108.9238,5.1431,15.5008,52.3519,180.7244,359.2034,1404.631,12.8427,-2.2248,23.17323,90.616737,6.918983,1,131,375285,16,0.21503414,0.01572307,0.02296301,0.00078998,0.042676,0.899927,0.077602,-0.00922325,2026-03-21,2026-08-06,139,4422,139,139,1.000000,0.932322,1.058533,0.735294,3,0.5106382978723404,0.675531914893617,0.523936170212766,E 常规,185,1
2026-04-08,36,114604179,4,1,3,1,8,10,残靴：截断／换荷官／开收台可疑,87.0,375170399.3348,337465832.5671,7681334.3485,3402142,208488,-0.02047425,-0.02461882,-0.01937647,-0.02123327,-7681334.3485,375170399.3348,OK,284761.8709,316915.4467,4.0186,95.9814,AG03-B-v1,7364418.9018,323439426.7165,7396572.4776,7079657.0309,32153.5758,0.01971523,0.01887051,0.00008570,110.2748,1618.6343,36.8431,55261.3982,1739.4326,2699067.6211,1499.9137,102.8906,112.4116,5.1431,15.5674,52.3519,180.7244,363.6317,1500.0,12.8578,-2.2009,23.358485,96.354997,7.083683,1,134,336226,16,0.20940682,0.02047425,0.02461882,0.00084382,0.044389,0.899500,0.079382,-0.00524235,2026-03-21,2026-08-06,139,4416,139,139,1.000000,0.915302,1.062934,0.768864,3,0.4654255319148936,0.15691489361702127,0.40691489361702127,E 常规,186,1
2026-04-17,36,114613701,2,1,2,0,7,8,残靴：截断／换荷官／开收台可疑,87.0,375170399.3348,337465832.5671,7681334.3485,3402142,208488,-0.02047425,-0.02461882,-0.01937647,-0.02123327,-7681334.3485,375170399.3348,OK,284761.8709,316915.4467,4.0186,95.9814,AG03-B-v1,7364418.9018,323439426.7165,7396572.4776,7079657.0309,32153.5758,0.01971523,0.01887051,0.00008570,110.2748,1618.6343,36.8431,55261.3982,1739.4326,2699067.6211,1499.9137,102.8906,112.4116,5.1431,15.5674,52.3519,180.7244,363.6317,1500.0,12.8578,-2.2009,23.358485,96.354997,7.083683,1,134,336226,16,0.20940682,0.02047425,0.02461882,0.00084382,0.044389,0.899500,0.079382,-0.00524235,2026-03-21,2026-08-06,139,4416,139,139,1.000000,0.915302,1.062934,0.768864,3,0.4654255319148936,0.15691489361702127,0.40691489361702127,E 常规,187,1
2026-04-21,36,114617912,5,1,5,0,11,23,残靴：截断／换荷官／开收台可疑,87.0,375170399.3348,337465832.5671,7681334.3485,3402142,208488,-0.02047425,-0.02461882,-0.01937647,-0.02123327,-7681334.3485,375170399.3348,OK,284761.8709,316915.4467,4.0186,95.9814,AG03-B-v1,7364418.9018,323439426.7165,7396572.4776,7079657.0309,32153.5758,0.01971523,0.01887051,0.00008570,110.2748,1618.6343,36.8431,55261.3982,1739.4326,2699067.6211,1499.9137,102.8906,112.4116,5.1431,15.5674,52.3519,180.7244,363.6317,1500.0,12.8578,-2.2009,23.358485,96.354997,7.083683,1,134,336226,16,0.20940682,0.02047425,0.02461882,0.00084382,0.044389,0.899500,0.079382,-0.00524235,2026-03-21,2026-08-06,139,4416,139,139,1.000000,0.915302,1.062934,0.768864,3,0.4654255319148936,0.15691489361702127,0.40691489361702127,E 常规,188,1
2026-05-02,36,114630099,2,1,2,0,4,5,残靴：截断／换荷官／开收台可疑,87.0,375170399.3348,337465832.5671,7681334.3485,3402142,208488,-0.02047425,-0.02461882,-0.01937647,-0.02123327,-7681334.3485,375170399.3348,OK,284761.8709,316915.4467,4.0186,95.9814,AG03-B-v1,7364418.9018,323439426.7165,7396572.4776,7079657.0309,32153.5758,0.01971523,0.01887051,0.00008570,110.2748,1618.6343,36.8431,55261.3982,1739.4326,2699067.6211,1499.9137,102.8906,112.4116,5.1431,15.5674,52.3519,180.7244,363.6317,1500.0,12.8578,-2.2009,23.358485,96.354997,7.083683,1,134,336226,16,0.20940682,0.02047425,0.02461882,0.00084382,0.044389,0.899500,0.079382,-0.00524235,2026-03-21,2026-08-06,139,4416,139,139,1.000000,0.915302,1.062934,0.768864,3,0.4654255319148936,0.15691489361702127,0.40691489361702127,E 常规,189,1
2026-05-16,36,114645032,1,1,1,0,1,1,残靴：截断／换荷官／开收台可疑,87.0,375170399.3348,337465832.5671,7681334.3485,3402142,208488,-0.02047425,-0.02461882,-0.01937647,-0.02123327,-7681334.3485,375170399.3348,OK,284761.8709,316915.4467,4.0186,95.9814,AG03-B-v1,7364418.9018,323439426.7165,7396572.4776,7079657.0309,32153.5758,0.01971523,0.01887051,0.00008570,110.2748,1618.6343,36.8431,55261.3982,1739.4326,2699067.6211,1499.9137,102.8906,112.4116,5.1431,15.5674,52.3519,180.7244,363.6317,1500.0,12.8578,-2.2009,23.358485,96.354997,7.083683,1,134,336226,16,0.20940682,0.02047425,0.02461882,0.00084382,0.044389,0.899500,0.079382,-0.00524235,2026-03-21,2026-08-06,139,4416,139,139,1.000000,0.915302,1.062934,0.768864,3,0.4654255319148936,0.15691489361702127,0.40691489361702127,E 常规,190,1
2026-05-17,36,114645969,2,1,2,0,4,7,残靴：截断／换荷官／开收台可疑,87.0,375170399.3348,337465832.5671,7681334.3485,3402142,208488,-0.02047425,-0.02461882,-0.01937647,-0.02123327,-7681334.3485,375170399.3348,OK,284761.8709,316915.4467,4.0186,95.9814,AG03-B-v1,7364418.9018,323439426.7165,7396572.4776,7079657.0309,32153.5758,0.01971523,0.01887051,0.00008570,110.2748,1618.6343,36.8431,55261.3982,1739.4326,2699067.6211,1499.9137,102.8906,112.4116,5.1431,15.5674,52.3519,180.7244,363.6317,1500.0,12.8578,-2.2009,23.358485,96.354997,7.083683,1,134,336226,16,0.20940682,0.02047425,0.02461882,0.00084382,0.044389,0.899500,0.079382,-0.00524235,2026-03-21,2026-08-06,139,4416,139,139,1.000000,0.915302,1.062934,0.768864,3,0.4654255319148936,0.15691489361702127,0.40691489361702127,E 常规,191,1
2026-05-30,36,114660065,3,3,1,2,1,1,残靴：截断／换荷官／开收台可疑,87.0,375170399.3348,337465832.5671,7681334.3485,3402142,208488,-0.02047425,-0.02461882,-0.01937647,-0.02123327,-7681334.3485,375170399.3348,OK,284761.8709,316915.4467,4.0186,95.9814,AG03-B-v1,7364418.9018,323439426.7165,7396572.4776,7079657.0309,32153.5758,0.01971523,0.01887051,0.00008570,110.2748,1618.6343,36.8431,55261.3982,1739.4326,2699067.6211,1499.9137,102.8906,112.4116,5.1431,15.5674,52.3519,180.7244,363.6317,1500.0,12.8578,-2.2009,23.358485,96.354997,7.083683,1,134,336226,16,0.20940682,0.02047425,0.02461882,0.00084382,0.044389,0.899500,0.079382,-0.00524235,2026-03-21,2026-08-06,139,4416,139,139,1.000000,0.915302,1.062934,0.768864,3,0.4654255319148936,0.15691489361702127,0.40691489361702127,E 常规,192,1
2026-06-01,36,114662308,1,1,1,0,3,3,残靴：截断／换荷官／开收台可疑,87.0,375170399.3348,337465832.5671,7681334.3485,3402142,208488,-0.02047425,-0.02461882,-0.01937647,-0.02123327,-7681334.3485,375170399.3348,OK,284761.8709,316915.4467,4.0186,95.9814,AG03-B-v1,7364418.9018,323439426.7165,7396572.4776,7079657.0309,32153.5758,0.01971523,0.01887051,0.00008570,110.2748,1618.6343,36.8431,55261.3982,1739.4326,2699067.6211,1499.9137,102.8906,112.4116,5.1431,15.5674,52.3519,180.7244,363.6317,1500.0,12.8578,-2.2009,23.358485,96.354997,7.083683,1,134,336226,16,0.20940682,0.02047425,0.02461882,0.00084382,0.044389,0.899500,0.079382,-0.00524235,2026-03-21,2026-08-06,139,4416,139,139,1.000000,0.915302,1.062934,0.768864,3,0.4654255319148936,0.15691489361702127,0.40691489361702127,E 常规,193,1
2026-06-06,36,114668163,3,1,3,0,8,14,残靴：截断／换荷官／开收台可疑,87.0,375170399.3348,337465832.5671,7681334.3485,3402142,208488,-0.02047425,-0.02461882,-0.01937647,-0.02123327,-7681334.3485,375170399.3348,OK,284761.8709,316915.4467,4.0186,95.9814,AG03-B-v1,7364418.9018,323439426.7165,7396572.4776,7079657.0309,32153.5758,0.01971523,0.01887051,0.00008570,110.2748,1618.6343,36.8431,55261.3982,1739.4326,2699067.6211,1499.9137,102.8906,112.4116,5.1431,15.5674,52.3519,180.7244,363.6317,1500.0,12.8578,-2.2009,23.358485,96.354997,7.083683,1,134,336226,16,0.20940682,0.02047425,0.02461882,0.00084382,0.044389,0.899500,0.079382,-0.00524235,2026-03-21,2026-08-06,139,4416,139,139,1.000000,0.915302,1.062934,0.768864,3,0.4654255319148936,0.15691489361702127,0.40691489361702127,E 常规,194,1
2026-06-09,36,114671356,3,1,3,0,6,12,残靴：截断／换荷官／开收台可疑,87.0,375170399.3348,337465832.5671,7681334.3485,3402142,208488,-0.02047425,-0.02461882,-0.01937647,-0.02123327,-7681334.3485,375170399.3348,OK,284761.8709,316915.4467,4.0186,95.9814,AG03-B-v1,7364418.9018,323439426.7165,7396572.4776,7079657.0309,32153.5758,0.01971523,0.01887051,0.00008570,110.2748,1618.6343,36.8431,55261.3982,1739.4326,2699067.6211,1499.9137,102.8906,112.4116,5.1431,15.5674,52.3519,180.7244,363.6317,1500.0,12.8578,-2.2009,23.358485,96.354997,7.083683,1,134,336226,16,0.20940682,0.02047425,0.02461882,0.00084382,0.044389,0.899500,0.079382,-0.00524235,2026-03-21,2026-08-06,139,4416,139,139,1.000000,0.915302,1.062934,0.768864,3,0.4654255319148936,0.15691489361702127,0.40691489361702127,E 常规,195,1
2026-06-15,36,114677797,5,3,2,3,3,3,残靴：截断／换荷官／开收台可疑,87.0,375170399.3348,337465832.5671,7681334.3485,3402142,208488,-0.02047425,-0.02461882,-0.01937647,-0.02123327,-7681334.3485,375170399.3348,OK,284761.8709,316915.4467,4.0186,95.9814,AG03-B-v1,7364418.9018,323439426.7165,7396572.4776,7079657.0309,32153.5758,0.01971523,0.01887051,0.00008570,110.2748,1618.6343,36.8431,55261.3982,1739.4326,2699067.6211,1499.9137,102.8906,112.4116,5.1431,15.5674,52.3519,180.7244,363.6317,1500.0,12.8578,-2.2009,23.358485,96.354997,7.083683,1,134,336226,16,0.20940682,0.02047425,0.02461882,0.00084382,0.044389,0.899500,0.079382,-0.00524235,2026-03-21,2026-08-06,139,4416,139,139,1.000000,0.915302,1.062934,0.768864,3,0.4654255319148936,0.15691489361702127,0.40691489361702127,E 常规,196,1
2026-06-17,36,114679732,3,1,3,0,6,10,残靴：截断／换荷官／开收台可疑,87.0,375170399.3348,337465832.5671,7681334.3485,3402142,208488,-0.02047425,-0.02461882,-0.01937647,-0.02123327,-7681334.3485,375170399.3348,OK,284761.8709,316915.4467,4.0186,95.9814,AG03-B-v1,7364418.9018,323439426.7165,7396572.4776,7079657.0309,32153.5758,0.01971523,0.01887051,0.00008570,110.2748,1618.6343,36.8431,55261.3982,1739.4326,2699067.6211,1499.9137,102.8906,112.4116,5.1431,15.5674,52.3519,180.7244,363.6317,1500.0,12.8578,-2.2009,23.358485,96.354997,7.083683,1,134,336226,16,0.20940682,0.02047425,0.02461882,0.00084382,0.044389,0.899500,0.079382,-0.00524235,2026-03-21,2026-08-06,139,4416,139,139,1.000000,0.915302,1.062934,0.768864,3,0.4654255319148936,0.15691489361702127,0.40691489361702127,E 常规,197,1
2026-06-20,36,114683357,1,1,1,0,4,4,残靴：截断／换荷官／开收台可疑,87.0,375170399.3348,337465832.5671,7681334.3485,3402142,208488,-0.02047425,-0.02461882,-0.01937647,-0.02123327,-7681334.3485,375170399.3348,OK,284761.8709,316915.4467,4.0186,95.9814,AG03-B-v1,7364418.9018,323439426.7165,7396572.4776,7079657.0309,32153.5758,0.01971523,0.01887051,0.00008570,110.2748,1618.6343,36.8431,55261.3982,1739.4326,2699067.6211,1499.9137,102.8906,112.4116,5.1431,15.5674,52.3519,180.7244,363.6317,1500.0,12.8578,-2.2009,23.358485,96.354997,7.083683,1,134,336226,16,0.20940682,0.02047425,0.02461882,0.00084382,0.044389,0.899500,0.079382,-0.00524235,2026-03-21,2026-08-06,139,4416,139,139,1.000000,0.915302,1.062934,0.768864,3,0.4654255319148936,0.15691489361702127,0.40691489361702127,E 常规,198,1
2026-06-29,36,114693277,3,2,2,1,8,14,残靴：截断／换荷官／开收台可疑,87.0,375170399.3348,337465832.5671,7681334.3485,3402142,208488,-0.02047425,-0.02461882,-0.01937647,-0.02123327,-7681334.3485,375170399.3348,OK,284761.8709,316915.4467,4.0186,95.9814,AG03-B-v1,7364418.9018,323439426.7165,7396572.4776,7079657.0309,32153.5758,0.01971523,0.01887051,0.00008570,110.2748,1618.6343,36.8431,55261.3982,1739.4326,2699067.6211,1499.9137,102.8906,112.4116,5.1431,15.5674,52.3519,180.7244,363.6317,1500.0,12.8578,-2.2009,23.358485,96.354997,7.083683,1,134,336226,16,0.20940682,0.02047425,0.02461882,0.00084382,0.044389,0.899500,0.079382,-0.00524235,2026-03-21,2026-08-06,139,4416,139,139,1.000000,0.915302,1.062934,0.768864,3,0.4654255319148936,0.15691489361702127,0.40691489361702127,E 常规,199,1
2026-07-03,36,114698031,1,1,1,0,2,2,残靴：截断／换荷官／开收台可疑,87.0,375170399.3348,337465832.5671,7681334.3485,3402142,208488,-0.02047425,-0.02461882,-0.01937647,-0.02123327,-7681334.3485,375170399.3348,OK,284761.8709,316915.4467,4.0186,95.9814,AG03-B-v1,7364418.9018,323439426.7165,7396572.4776,7079657.0309,32153.5758,0.01971523,0.01887051,0.00008570,110.2748,1618.6343,36.8431,55261.3982,1739.4326,2699067.6211,1499.9137,102.8906,112.4116,5.1431,15.5674,52.3519,180.7244,363.6317,1500.0,12.8578,-2.2009,23.358485,96.354997,7.083683,1,134,336226,16,0.20940682,0.02047425,0.02461882,0.00084382,0.044389,0.899500,0.079382,-0.00524235,2026-03-21,2026-08-06,139,4416,139,139,1.000000,0.915302,1.062934,0.768864,3,0.4654255319148936,0.15691489361702127,0.40691489361702127,E 常规,200,1
2026-07-21,36,114717966,5,1,5,0,10,17,残靴：截断／换荷官／开收台可疑,87.0,375170399.3348,337465832.5671,7681334.3485,3402142,208488,-0.02047425,-0.02461882,-0.01937647,-0.02123327,-7681334.3485,375170399.3348,OK,284761.8709,316915.4467,4.0186,95.9814,AG03-B-v1,7364418.9018,323439426.7165,7396572.4776,7079657.0309,32153.5758,0.01971523,0.01887051,0.00008570,110.2748,1618.6343,36.8431,55261.3982,1739.4326,2699067.6211,1499.9137,102.8906,112.4116,5.1431,15.5674,52.3519,180.7244,363.6317,1500.0,12.8578,-2.2009,23.358485,96.354997,7.083683,1,134,336226,16,0.20940682,0.02047425,0.02461882,0.00084382,0.044389,0.899500,0.079382,-0.00524235,2026-03-21,2026-08-06,139,4416,139,139,1.000000,0.915302,1.062934,0.768864,3,0.4654255319148936,0.15691489361702127,0.40691489361702127,E 常规,201,1
2026-07-22,36,114719074,5,1,5,0,11,20,残靴：截断／换荷官／开收台可疑,87.0,375170399.3348,337465832.5671,7681334.3485,3402142,208488,-0.02047425,-0.02461882,-0.01937647,-0.02123327,-7681334.3485,375170399.3348,OK,284761.8709,316915.4467,4.0186,95.9814,AG03-B-v1,7364418.9018,323439426.7165,7396572.4776,7079657.0309,32153.5758,0.01971523,0.01887051,0.00008570,110.2748,1618.6343,36.8431,55261.3982,1739.4326,2699067.6211,1499.9137,102.8906,112.4116,5.1431,15.5674,52.3519,180.7244,363.6317,1500.0,12.8578,-2.2009,23.358485,96.354997,7.083683,1,134,336226,16,0.20940682,0.02047425,0.02461882,0.00084382,0.044389,0.899500,0.079382,-0.00524235,2026-03-21,2026-08-06,139,4416,139,139,1.000000,0.915302,1.062934,0.768864,3,0.4654255319148936,0.15691489361702127,0.40691489361702127,E 常规,202,1
2026-04-16,31,114612617,5,1,5,0,14,34,残靴：截断／换荷官／开收台可疑,87.0,483697348.7041,435687536.8818,8540662.6529,4522103,211380,-0.01765704,-0.01127315,-0.01940117,-0.01838499,-8540662.6529,483697348.7041,OK,352107.7046,346908.6682,4.0195,95.9805,AG03-B-v1,8193753.9847,417613469.2836,8188554.9483,7841646.2802,-5199.0364,0.01692909,0.01621189,-0.00001075,106.9629,2061.1578,40.4043,61443.6162,1921.4089,3479837.0410,1520.7194,99.6549,109.1498,5.137,14.7577,51.9474,176.0382,349.3193,1434.9657,12.6037,-2.2009,23.670377,97.235327,7.24796,1,136,396564,16,0.21458231,0.01765704,0.01127315,0.00080817,0.043379,0.900744,0.075598,0.00812801,2026-03-21,2026-08-06,139,4445,139,139,1.000000,0.913011,1.049698,0.729669,3,0.43617021276595747,0.39893617021276595,0.5558510638297872,E 常规,203,1
2026-05-20,31,114649201,2,1,2,0,8,11,残靴：截断／换荷官／开收台可疑,87.0,483697348.7041,435687536.8818,8540662.6529,4522103,211380,-0.01765704,-0.01127315,-0.01940117,-0.01838499,-8540662.6529,483697348.7041,OK,352107.7046,346908.6682,4.0195,95.9805,AG03-B-v1,8193753.9847,417613469.2836,8188554.9483,7841646.2802,-5199.0364,0.01692909,0.01621189,-0.00001075,106.9629,2061.1578,40.4043,61443.6162,1921.4089,3479837.0410,1520.7194,99.6549,109.1498,5.137,14.7577,51.9474,176.0382,349.3193,1434.9657,12.6037,-2.2009,23.670377,97.235327,7.24796,1,136,396564,16,0.21458231,0.01765704,0.01127315,0.00080817,0.043379,0.900744,0.075598,0.00812801,2026-03-21,2026-08-06,139,4445,139,139,1.000000,0.913011,1.049698,0.729669,3,0.43617021276595747,0.39893617021276595,0.5558510638297872,E 常规,204,1
2026-05-25,31,114653547,1,1,1,0,1,1,残靴：截断／换荷官／开收台可疑,87.0,483697348.7041,435687536.8818,8540662.6529,4522103,211380,-0.01765704,-0.01127315,-0.01940117,-0.01838499,-8540662.6529,483697348.7041,OK,352107.7046,346908.6682,4.0195,95.9805,AG03-B-v1,8193753.9847,417613469.2836,8188554.9483,7841646.2802,-5199.0364,0.01692909,0.01621189,-0.00001075,106.9629,2061.1578,40.4043,61443.6162,1921.4089,3479837.0410,1520.7194,99.6549,109.1498,5.137,14.7577,51.9474,176.0382,349.3193,1434.9657,12.6037,-2.2009,23.670377,97.235327,7.24796,1,136,396564,16,0.21458231,0.01765704,0.01127315,0.00080817,0.043379,0.900744,0.075598,0.00812801,2026-03-21,2026-08-06,139,4445,139,139,1.000000,0.913011,1.049698,0.729669,3,0.43617021276595747,0.39893617021276595,0.5558510638297872,E 常规,205,1
2026-05-26,31,114655616,2,1,2,0,2,3,残靴：截断／换荷官／开收台可疑,87.0,483697348.7041,435687536.8818,8540662.6529,4522103,211380,-0.01765704,-0.01127315,-0.01940117,-0.01838499,-8540662.6529,483697348.7041,OK,352107.7046,346908.6682,4.0195,95.9805,AG03-B-v1,8193753.9847,417613469.2836,8188554.9483,7841646.2802,-5199.0364,0.01692909,0.01621189,-0.00001075,106.9629,2061.1578,40.4043,61443.6162,1921.4089,3479837.0410,1520.7194,99.6549,109.1498,5.137,14.7577,51.9474,176.0382,349.3193,1434.9657,12.6037,-2.2009,23.670377,97.235327,7.24796,1,136,396564,16,0.21458231,0.01765704,0.01127315,0.00080817,0.043379,0.900744,0.075598,0.00812801,2026-03-21,2026-08-06,139,4445,139,139,1.000000,0.913011,1.049698,0.729669,3,0.43617021276595747,0.39893617021276595,0.5558510638297872,E 常规,206,1
2026-06-10,31,114672459,3,1,3,0,4,5,残靴：截断／换荷官／开收台可疑,87.0,483697348.7041,435687536.8818,8540662.6529,4522103,211380,-0.01765704,-0.01127315,-0.01940117,-0.01838499,-8540662.6529,483697348.7041,OK,352107.7046,346908.6682,4.0195,95.9805,AG03-B-v1,8193753.9847,417613469.2836,8188554.9483,7841646.2802,-5199.0364,0.01692909,0.01621189,-0.00001075,106.9629,2061.1578,40.4043,61443.6162,1921.4089,3479837.0410,1520.7194,99.6549,109.1498,5.137,14.7577,51.9474,176.0382,349.3193,1434.9657,12.6037,-2.2009,23.670377,97.235327,7.24796,1,136,396564,16,0.21458231,0.01765704,0.01127315,0.00080817,0.043379,0.900744,0.075598,0.00812801,2026-03-21,2026-08-06,139,4445,139,139,1.000000,0.913011,1.049698,0.729669,3,0.43617021276595747,0.39893617021276595,0.5558510638297872,E 常规,207,1
2026-06-26,31,114689977,5,1,5,0,14,28,残靴：截断／换荷官／开收台可疑,87.0,483697348.7041,435687536.8818,8540662.6529,4522103,211380,-0.01765704,-0.01127315,-0.01940117,-0.01838499,-8540662.6529,483697348.7041,OK,352107.7046,346908.6682,4.0195,95.9805,AG03-B-v1,8193753.9847,417613469.2836,8188554.9483,7841646.2802,-5199.0364,0.01692909,0.01621189,-0.00001075,106.9629,2061.1578,40.4043,61443.6162,1921.4089,3479837.0410,1520.7194,99.6549,109.1498,5.137,14.7577,51.9474,176.0382,349.3193,1434.9657,12.6037,-2.2009,23.670377,97.235327,7.24796,1,136,396564,16,0.21458231,0.01765704,0.01127315,0.00080817,0.043379,0.900744,0.075598,0.00812801,2026-03-21,2026-08-06,139,4445,139,139,1.000000,0.913011,1.049698,0.729669,3,0.43617021276595747,0.39893617021276595,0.5558510638297872,E 常规,208,1
2026-07-13,31,114709044,2,1,2,0,7,8,残靴：截断／换荷官／开收台可疑,87.0,483697348.7041,435687536.8818,8540662.6529,4522103,211380,-0.01765704,-0.01127315,-0.01940117,-0.01838499,-8540662.6529,483697348.7041,OK,352107.7046,346908.6682,4.0195,95.9805,AG03-B-v1,8193753.9847,417613469.2836,8188554.9483,7841646.2802,-5199.0364,0.01692909,0.01621189,-0.00001075,106.9629,2061.1578,40.4043,61443.6162,1921.4089,3479837.0410,1520.7194,99.6549,109.1498,5.137,14.7577,51.9474,176.0382,349.3193,1434.9657,12.6037,-2.2009,23.670377,97.235327,7.24796,1,136,396564,16,0.21458231,0.01765704,0.01127315,0.00080817,0.043379,0.900744,0.075598,0.00812801,2026-03-21,2026-08-06,139,4445,139,139,1.000000,0.913011,1.049698,0.729669,3,0.43617021276595747,0.39893617021276595,0.5558510638297872,E 常规,209,1
2026-07-17,31,114713533,2,1,2,0,9,12,残靴：截断／换荷官／开收台可疑,87.0,483697348.7041,435687536.8818,8540662.6529,4522103,211380,-0.01765704,-0.01127315,-0.01940117,-0.01838499,-8540662.6529,483697348.7041,OK,352107.7046,346908.6682,4.0195,95.9805,AG03-B-v1,8193753.9847,417613469.2836,8188554.9483,7841646.2802,-5199.0364,0.01692909,0.01621189,-0.00001075,106.9629,2061.1578,40.4043,61443.6162,1921.4089,3479837.0410,1520.7194,99.6549,109.1498,5.137,14.7577,51.9474,176.0382,349.3193,1434.9657,12.6037,-2.2009,23.670377,97.235327,7.24796,1,136,396564,16,0.21458231,0.01765704,0.01127315,0.00080817,0.043379,0.900744,0.075598,0.00812801,2026-03-21,2026-08-06,139,4445,139,139,1.000000,0.913011,1.049698,0.729669,3,0.43617021276595747,0.39893617021276595,0.5558510638297872,E 常规,210,1
2026-07-20,31,114716849,3,1,3,0,10,21,残靴：截断／换荷官／开收台可疑,87.0,483697348.7041,435687536.8818,8540662.6529,4522103,211380,-0.01765704,-0.01127315,-0.01940117,-0.01838499,-8540662.6529,483697348.7041,OK,352107.7046,346908.6682,4.0195,95.9805,AG03-B-v1,8193753.9847,417613469.2836,8188554.9483,7841646.2802,-5199.0364,0.01692909,0.01621189,-0.00001075,106.9629,2061.1578,40.4043,61443.6162,1921.4089,3479837.0410,1520.7194,99.6549,109.1498,5.137,14.7577,51.9474,176.0382,349.3193,1434.9657,12.6037,-2.2009,23.670377,97.235327,7.24796,1,136,396564,16,0.21458231,0.01765704,0.01127315,0.00080817,0.043379,0.900744,0.075598,0.00812801,2026-03-21,2026-08-06,139,4445,139,139,1.000000,0.913011,1.049698,0.729669,3,0.43617021276595747,0.39893617021276595,0.5558510638297872,E 常规,211,1
2026-07-26,31,114723466,5,1,5,0,8,21,残靴：截断／换荷官／开收台可疑,87.0,483697348.7041,435687536.8818,8540662.6529,4522103,211380,-0.01765704,-0.01127315,-0.01940117,-0.01838499,-8540662.6529,483697348.7041,OK,352107.7046,346908.6682,4.0195,95.9805,AG03-B-v1,8193753.9847,417613469.2836,8188554.9483,7841646.2802,-5199.0364,0.01692909,0.01621189,-0.00001075,106.9629,2061.1578,40.4043,61443.6162,1921.4089,3479837.0410,1520.7194,99.6549,109.1498,5.137,14.7577,51.9474,176.0382,349.3193,1434.9657,12.6037,-2.2009,23.670377,97.235327,7.24796,1,136,396564,16,0.21458231,0.01765704,0.01127315,0.00080817,0.043379,0.900744,0.075598,0.00812801,2026-03-21,2026-08-06,139,4445,139,139,1.000000,0.913011,1.049698,0.729669,3,0.43617021276595747,0.39893617021276595,0.5558510638297872,E 常规,212,1
2026-08-03,31,114732523,2,1,2,0,7,7,残靴：截断／换荷官／开收台可疑,87.0,483697348.7041,435687536.8818,8540662.6529,4522103,211380,-0.01765704,-0.01127315,-0.01940117,-0.01838499,-8540662.6529,483697348.7041,OK,352107.7046,346908.6682,4.0195,95.9805,AG03-B-v1,8193753.9847,417613469.2836,8188554.9483,7841646.2802,-5199.0364,0.01692909,0.01621189,-0.00001075,106.9629,2061.1578,40.4043,61443.6162,1921.4089,3479837.0410,1520.7194,99.6549,109.1498,5.137,14.7577,51.9474,176.0382,349.3193,1434.9657,12.6037,-2.2009,23.670377,97.235327,7.24796,1,136,396564,16,0.21458231,0.01765704,0.01127315,0.00080817,0.043379,0.900744,0.075598,0.00812801,2026-03-21,2026-08-06,139,4445,139,139,1.000000,0.913011,1.049698,0.729669,3,0.43617021276595747,0.39893617021276595,0.5558510638297872,E 常规,213,1
2026-03-22,35,114585411,3,1,3,0,5,8,残靴：截断／换荷官／开收台可疑,87.0,400657177.7083,360612936.2373,9003093.2812,3570325,212415,-0.02247081,-0.01338406,-0.02496447,-0.02319896,-9003093.2812,400657177.7083,OK,291736.8452,369110.1365,4.0176,95.9824,AG03-B-v1,8633983.1446,345660108.8986,8711356.4360,8342246.2994,77373.2913,0.02174267,0.02082141,0.00019312,112.2187,1697.6811,42.3845,64770.4553,2006.4839,2882425.7389,1528.1655,106.4524,113.9120,5.1431,15.4907,52.3519,187.2411,385.733,1501.296,12.8444,-2.2009,24.900995,96.916162,7.244277,1,135,346615,16,0.21533426,0.02247081,0.01338406,0.00080900,0.043822,0.900054,0.078756,0.01158041,2026-03-21,2026-08-06,139,4487,139,139,1.000000,0.934515,1.050997,0.753704,3,0.3962765957446808,0.08244680851063829,0.4521276595744681,E 常规,214,1
2026-04-10,35,114606352,5,1,5,0,15,20,残靴：截断／换荷官／开收台可疑,87.0,400657177.7083,360612936.2373,9003093.2812,3570325,212415,-0.02247081,-0.01338406,-0.02496447,-0.02319896,-9003093.2812,400657177.7083,OK,291736.8452,369110.1365,4.0176,95.9824,AG03-B-v1,8633983.1446,345660108.8986,8711356.4360,8342246.2994,77373.2913,0.02174267,0.02082141,0.00019312,112.2187,1697.6811,42.3845,64770.4553,2006.4839,2882425.7389,1528.1655,106.4524,113.9120,5.1431,15.4907,52.3519,187.2411,385.733,1501.296,12.8444,-2.2009,24.900995,96.916162,7.244277,1,135,346615,16,0.21533426,0.02247081,0.01338406,0.00080900,0.043822,0.900054,0.078756,0.01158041,2026-03-21,2026-08-06,139,4487,139,139,1.000000,0.934515,1.050997,0.753704,3,0.3962765957446808,0.08244680851063829,0.4521276595744681,E 常规,215,1
2026-04-25,35,114622316,2,1,2,0,4,6,残靴：截断／换荷官／开收台可疑,87.0,400657177.7083,360612936.2373,9003093.2812,3570325,212415,-0.02247081,-0.01338406,-0.02496447,-0.02319896,-9003093.2812,400657177.7083,OK,291736.8452,369110.1365,4.0176,95.9824,AG03-B-v1,8633983.1446,345660108.8986,8711356.4360,8342246.2994,77373.2913,0.02174267,0.02082141,0.00019312,112.2187,1697.6811,42.3845,64770.4553,2006.4839,2882425.7389,1528.1655,106.4524,113.9120,5.1431,15.4907,52.3519,187.2411,385.733,1501.296,12.8444,-2.2009,24.900995,96.916162,7.244277,1,135,346615,16,0.21533426,0.02247081,0.01338406,0.00080900,0.043822,0.900054,0.078756,0.01158041,2026-03-21,2026-08-06,139,4487,139,139,1.000000,0.934515,1.050997,0.753704,3,0.3962765957446808,0.08244680851063829,0.4521276595744681,E 常规,216,1
2026-05-09,35,114637859,1,1,1,0,3,3,残靴：截断／换荷官／开收台可疑,87.0,400657177.7083,360612936.2373,9003093.2812,3570325,212415,-0.02247081,-0.01338406,-0.02496447,-0.02319896,-9003093.2812,400657177.7083,OK,291736.8452,369110.1365,4.0176,95.9824,AG03-B-v1,8633983.1446,345660108.8986,8711356.4360,8342246.2994,77373.2913,0.02174267,0.02082141,0.00019312,112.2187,1697.6811,42.3845,64770.4553,2006.4839,2882425.7389,1528.1655,106.4524,113.9120,5.1431,15.4907,52.3519,187.2411,385.733,1501.296,12.8444,-2.2009,24.900995,96.916162,7.244277,1,135,346615,16,0.21533426,0.02247081,0.01338406,0.00080900,0.043822,0.900054,0.078756,0.01158041,2026-03-21,2026-08-06,139,4487,139,139,1.000000,0.934515,1.050997,0.753704,3,0.3962765957446808,0.08244680851063829,0.4521276595744681,E 常规,217,1
2026-05-11,35,114639796,5,1,5,0,16,30,残靴：截断／换荷官／开收台可疑,87.0,400657177.7083,360612936.2373,9003093.2812,3570325,212415,-0.02247081,-0.01338406,-0.02496447,-0.02319896,-9003093.2812,400657177.7083,OK,291736.8452,369110.1365,4.0176,95.9824,AG03-B-v1,8633983.1446,345660108.8986,8711356.4360,8342246.2994,77373.2913,0.02174267,0.02082141,0.00019312,112.2187,1697.6811,42.3845,64770.4553,2006.4839,2882425.7389,1528.1655,106.4524,113.9120,5.1431,15.4907,52.3519,187.2411,385.733,1501.296,12.8444,-2.2009,24.900995,96.916162,7.244277,1,135,346615,16,0.21533426,0.02247081,0.01338406,0.00080900,0.043822,0.900054,0.078756,0.01158041,2026-03-21,2026-08-06,139,4487,139,139,1.000000,0.934515,1.050997,0.753704,3,0.3962765957446808,0.08244680851063829,0.4521276595744681,E 常规,218,1
2026-05-12,35,114640818,5,1,5,0,16,32,残靴：截断／换荷官／开收台可疑,87.0,400657177.7083,360612936.2373,9003093.2812,3570325,212415,-0.02247081,-0.01338406,-0.02496447,-0.02319896,-9003093.2812,400657177.7083,OK,291736.8452,369110.1365,4.0176,95.9824,AG03-B-v1,8633983.1446,345660108.8986,8711356.4360,8342246.2994,77373.2913,0.02174267,0.02082141,0.00019312,112.2187,1697.6811,42.3845,64770.4553,2006.4839,2882425.7389,1528.1655,106.4524,113.9120,5.1431,15.4907,52.3519,187.2411,385.733,1501.296,12.8444,-2.2009,24.900995,96.916162,7.244277,1,135,346615,16,0.21533426,0.02247081,0.01338406,0.00080900,0.043822,0.900054,0.078756,0.01158041,2026-03-21,2026-08-06,139,4487,139,139,1.000000,0.934515,1.050997,0.753704,3,0.3962765957446808,0.08244680851063829,0.4521276595744681,E 常规,219,1
2026-05-21,35,114650271,5,1,5,0,6,11,残靴：截断／换荷官／开收台可疑,87.0,400657177.7083,360612936.2373,9003093.2812,3570325,212415,-0.02247081,-0.01338406,-0.02496447,-0.02319896,-9003093.2812,400657177.7083,OK,291736.8452,369110.1365,4.0176,95.9824,AG03-B-v1,8633983.1446,345660108.8986,8711356.4360,8342246.2994,77373.2913,0.02174267,0.02082141,0.00019312,112.2187,1697.6811,42.3845,64770.4553,2006.4839,2882425.7389,1528.1655,106.4524,113.9120,5.1431,15.4907,52.3519,187.2411,385.733,1501.296,12.8444,-2.2009,24.900995,96.916162,7.244277,1,135,346615,16,0.21533426,0.02247081,0.01338406,0.00080900,0.043822,0.900054,0.078756,0.01158041,2026-03-21,2026-08-06,139,4487,139,139,1.000000,0.934515,1.050997,0.753704,3,0.3962765957446808,0.08244680851063829,0.4521276595744681,E 常规,220,1
2026-05-24,35,114653457,5,1,5,0,10,14,残靴：截断／换荷官／开收台可疑,87.0,400657177.7083,360612936.2373,9003093.2812,3570325,212415,-0.02247081,-0.01338406,-0.02496447,-0.02319896,-9003093.2812,400657177.7083,OK,291736.8452,369110.1365,4.0176,95.9824,AG03-B-v1,8633983.1446,345660108.8986,8711356.4360,8342246.2994,77373.2913,0.02174267,0.02082141,0.00019312,112.2187,1697.6811,42.3845,64770.4553,2006.4839,2882425.7389,1528.1655,106.4524,113.9120,5.1431,15.4907,52.3519,187.2411,385.733,1501.296,12.8444,-2.2009,24.900995,96.916162,7.244277,1,135,346615,16,0.21533426,0.02247081,0.01338406,0.00080900,0.043822,0.900054,0.078756,0.01158041,2026-03-21,2026-08-06,139,4487,139,139,1.000000,0.934515,1.050997,0.753704,3,0.3962765957446808,0.08244680851063829,0.4521276595744681,E 常规,221,1
2026-05-25,35,114653544,4,1,4,0,32,42,残靴：截断／换荷官／开收台可疑,87.0,400657177.7083,360612936.2373,9003093.2812,3570325,212415,-0.02247081,-0.01338406,-0.02496447,-0.02319896,-9003093.2812,400657177.7083,OK,291736.8452,369110.1365,4.0176,95.9824,AG03-B-v1,8633983.1446,345660108.8986,8711356.4360,8342246.2994,77373.2913,0.02174267,0.02082141,0.00019312,112.2187,1697.6811,42.3845,64770.4553,2006.4839,2882425.7389,1528.1655,106.4524,113.9120,5.1431,15.4907,52.3519,187.2411,385.733,1501.296,12.8444,-2.2009,24.900995,96.916162,7.244277,1,135,346615,16,0.21533426,0.02247081,0.01338406,0.00080900,0.043822,0.900054,0.078756,0.01158041,2026-03-21,2026-08-06,139,4487,139,139,1.000000,0.934515,1.050997,0.753704,3,0.3962765957446808,0.08244680851063829,0.4521276595744681,E 常规,222,1
2026-06-03,35,114664752,4,1,4,0,15,43,残靴：截断／换荷官／开收台可疑,87.0,400657177.7083,360612936.2373,9003093.2812,3570325,212415,-0.02247081,-0.01338406,-0.02496447,-0.02319896,-9003093.2812,400657177.7083,OK,291736.8452,369110.1365,4.0176,95.9824,AG03-B-v1,8633983.1446,345660108.8986,8711356.4360,8342246.2994,77373.2913,0.02174267,0.02082141,0.00019312,112.2187,1697.6811,42.3845,64770.4553,2006.4839,2882425.7389,1528.1655,106.4524,113.9120,5.1431,15.4907,52.3519,187.2411,385.733,1501.296,12.8444,-2.2009,24.900995,96.916162,7.244277,1,135,346615,16,0.21533426,0.02247081,0.01338406,0.00080900,0.043822,0.900054,0.078756,0.01158041,2026-03-21,2026-08-06,139,4487,139,139,1.000000,0.934515,1.050997,0.753704,3,0.3962765957446808,0.08244680851063829,0.4521276595744681,E 常规,223,1
2026-06-25,35,114688855,1,1,1,0,1,3,残靴：截断／换荷官／开收台可疑,87.0,400657177.7083,360612936.2373,9003093.2812,3570325,212415,-0.02247081,-0.01338406,-0.02496447,-0.02319896,-9003093.2812,400657177.7083,OK,291736.8452,369110.1365,4.0176,95.9824,AG03-B-v1,8633983.1446,345660108.8986,8711356.4360,8342246.2994,77373.2913,0.02174267,0.02082141,0.00019312,112.2187,1697.6811,42.3845,64770.4553,2006.4839,2882425.7389,1528.1655,106.4524,113.9120,5.1431,15.4907,52.3519,187.2411,385.733,1501.296,12.8444,-2.2009,24.900995,96.916162,7.244277,1,135,346615,16,0.21533426,0.02247081,0.01338406,0.00080900,0.043822,0.900054,0.078756,0.01158041,2026-03-21,2026-08-06,139,4487,139,139,1.000000,0.934515,1.050997,0.753704,3,0.3962765957446808,0.08244680851063829,0.4521276595744681,E 常规,224,1
2026-06-30,35,114694392,4,1,4,0,8,13,残靴：截断／换荷官／开收台可疑,87.0,400657177.7083,360612936.2373,9003093.2812,3570325,212415,-0.02247081,-0.01338406,-0.02496447,-0.02319896,-9003093.2812,400657177.7083,OK,291736.8452,369110.1365,4.0176,95.9824,AG03-B-v1,8633983.1446,345660108.8986,8711356.4360,8342246.2994,77373.2913,0.02174267,0.02082141,0.00019312,112.2187,1697.6811,42.3845,64770.4553,2006.4839,2882425.7389,1528.1655,106.4524,113.9120,5.1431,15.4907,52.3519,187.2411,385.733,1501.296,12.8444,-2.2009,24.900995,96.916162,7.244277,1,135,346615,16,0.21533426,0.02247081,0.01338406,0.00080900,0.043822,0.900054,0.078756,0.01158041,2026-03-21,2026-08-06,139,4487,139,139,1.000000,0.934515,1.050997,0.753704,3,0.3962765957446808,0.08244680851063829,0.4521276595744681,E 常规,225,1
2026-07-21,35,114717973,2,1,2,0,5,6,残靴：截断／换荷官／开收台可疑,87.0,400657177.7083,360612936.2373,9003093.2812,3570325,212415,-0.02247081,-0.01338406,-0.02496447,-0.02319896,-9003093.2812,400657177.7083,OK,291736.8452,369110.1365,4.0176,95.9824,AG03-B-v1,8633983.1446,345660108.8986,8711356.4360,8342246.2994,77373.2913,0.02174267,0.02082141,0.00019312,112.2187,1697.6811,42.3845,64770.4553,2006.4839,2882425.7389,1528.1655,106.4524,113.9120,5.1431,15.4907,52.3519,187.2411,385.733,1501.296,12.8444,-2.2009,24.900995,96.916162,7.244277,1,135,346615,16,0.21533426,0.02247081,0.01338406,0.00080900,0.043822,0.900054,0.078756,0.01158041,2026-03-21,2026-08-06,139,4487,139,139,1.000000,0.934515,1.050997,0.753704,3,0.3962765957446808,0.08244680851063829,0.4521276595744681,E 常规,226,1
2026-07-25,35,114722483,2,1,2,0,5,6,残靴：截断／换荷官／开收台可疑,87.0,400657177.7083,360612936.2373,9003093.2812,3570325,212415,-0.02247081,-0.01338406,-0.02496447,-0.02319896,-9003093.2812,400657177.7083,OK,291736.8452,369110.1365,4.0176,95.9824,AG03-B-v1,8633983.1446,345660108.8986,8711356.4360,8342246.2994,77373.2913,0.02174267,0.02082141,0.00019312,112.2187,1697.6811,42.3845,64770.4553,2006.4839,2882425.7389,1528.1655,106.4524,113.9120,5.1431,15.4907,52.3519,187.2411,385.733,1501.296,12.8444,-2.2009,24.900995,96.916162,7.244277,1,135,346615,16,0.21533426,0.02247081,0.01338406,0.00080900,0.043822,0.900054,0.078756,0.01158041,2026-03-21,2026-08-06,139,4487,139,139,1.000000,0.934515,1.050997,0.753704,3,0.3962765957446808,0.08244680851063829,0.4521276595744681,E 常规,227,1
2026-07-29,35,114726858,5,1,5,0,18,49,残靴：截断／换荷官／开收台可疑,87.0,400657177.7083,360612936.2373,9003093.2812,3570325,212415,-0.02247081,-0.01338406,-0.02496447,-0.02319896,-9003093.2812,400657177.7083,OK,291736.8452,369110.1365,4.0176,95.9824,AG03-B-v1,8633983.1446,345660108.8986,8711356.4360,8342246.2994,77373.2913,0.02174267,0.02082141,0.00019312,112.2187,1697.6811,42.3845,64770.4553,2006.4839,2882425.7389,1528.1655,106.4524,113.9120,5.1431,15.4907,52.3519,187.2411,385.733,1501.296,12.8444,-2.2009,24.900995,96.916162,7.244277,1,135,346615,16,0.21533426,0.02247081,0.01338406,0.00080900,0.043822,0.900054,0.078756,0.01158041,2026-03-21,2026-08-06,139,4487,139,139,1.000000,0.934515,1.050997,0.753704,3,0.3962765957446808,0.08244680851063829,0.4521276595744681,E 常规,228,1
2026-03-24,5,114587587,3,1,3,0,10,15,残靴：截断／换荷官／开收台可疑,87.0,657551730.3606,593963365.8397,9662174.1874,6360122,291479,-0.01469417,-0.01704246,-0.01403301,-0.01544252,-9662174.1874,657551730.3606,OK,492083.5157,401023.8520,4.0126,95.9874,AG03-B-v1,9261150.3354,569398644.4829,9170090.6717,8769066.8197,-91059.6637,0.01394581,0.01333593,-0.00013848,103.3867,2037.7570,33.1488,69512.0445,1624.1678,4730587.9882,2096.9712,97.7110,105.1055,5.1096,14.2009,51.8914,172.2653,330.6843,1394.0646,12.6037,-2.1082,23.286112,98.167188,7.280278,1,88,447089,16,0.21969339,0.01469417,0.01704246,0.00082847,0.041384,0.903295,0.077872,-0.00300945,2026-03-21,2026-08-06,139,5949,139,139,1.000000,0.929647,1.042547,0.723337,4,0.3829787234042553,0.7340425531914894,0.7367021276595744,E 常规,229,1
2026-04-03,5,114598749,2,1,2,0,6,10,残靴：截断／换荷官／开收台可疑,87.0,657551730.3606,593963365.8397,9662174.1874,6360122,291479,-0.01469417,-0.01704246,-0.01403301,-0.01544252,-9662174.1874,657551730.3606,OK,492083.5157,401023.8520,4.0126,95.9874,AG03-B-v1,9261150.3354,569398644.4829,9170090.6717,8769066.8197,-91059.6637,0.01394581,0.01333593,-0.00013848,103.3867,2037.7570,33.1488,69512.0445,1624.1678,4730587.9882,2096.9712,97.7110,105.1055,5.1096,14.2009,51.8914,172.2653,330.6843,1394.0646,12.6037,-2.1082,23.286112,98.167188,7.280278,1,88,447089,16,0.21969339,0.01469417,0.01704246,0.00082847,0.041384,0.903295,0.077872,-0.00300945,2026-03-21,2026-08-06,139,5949,139,139,1.000000,0.929647,1.042547,0.723337,4,0.3829787234042553,0.7340425531914894,0.7367021276595744,E 常规,230,1
2026-04-07,5,114603062,2,1,2,0,3,4,残靴：截断／换荷官／开收台可疑,87.0,657551730.3606,593963365.8397,9662174.1874,6360122,291479,-0.01469417,-0.01704246,-0.01403301,-0.01544252,-9662174.1874,657551730.3606,OK,492083.5157,401023.8520,4.0126,95.9874,AG03-B-v1,9261150.3354,569398644.4829,9170090.6717,8769066.8197,-91059.6637,0.01394581,0.01333593,-0.00013848,103.3867,2037.7570,33.1488,69512.0445,1624.1678,4730587.9882,2096.9712,97.7110,105.1055,5.1096,14.2009,51.8914,172.2653,330.6843,1394.0646,12.6037,-2.1082,23.286112,98.167188,7.280278,1,88,447089,16,0.21969339,0.01469417,0.01704246,0.00082847,0.041384,0.903295,0.077872,-0.00300945,2026-03-21,2026-08-06,139,5949,139,139,1.000000,0.929647,1.042547,0.723337,4,0.3829787234042553,0.7340425531914894,0.7367021276595744,E 常规,231,1
2026-05-05,5,114633468,4,1,4,0,19,48,残靴：截断／换荷官／开收台可疑,87.0,657551730.3606,593963365.8397,9662174.1874,6360122,291479,-0.01469417,-0.01704246,-0.01403301,-0.01544252,-9662174.1874,657551730.3606,OK,492083.5157,401023.8520,4.0126,95.9874,AG03-B-v1,9261150.3354,569398644.4829,9170090.6717,8769066.8197,-91059.6637,0.01394581,0.01333593,-0.00013848,103.3867,2037.7570,33.1488,69512.0445,1624.1678,4730587.9882,2096.9712,97.7110,105.1055,5.1096,14.2009,51.8914,172.2653,330.6843,1394.0646,12.6037,-2.1082,23.286112,98.167188,7.280278,1,88,447089,16,0.21969339,0.01469417,0.01704246,0.00082847,0.041384,0.903295,0.077872,-0.00300945,2026-03-21,2026-08-06,139,5949,139,139,1.000000,0.929647,1.042547,0.723337,4,0.3829787234042553,0.7340425531914894,0.7367021276595744,E 常规,232,1
2026-07-18,5,114714693,4,1,4,0,15,33,残靴：截断／换荷官／开收台可疑,87.0,657551730.3606,593963365.8397,9662174.1874,6360122,291479,-0.01469417,-0.01704246,-0.01403301,-0.01544252,-9662174.1874,657551730.3606,OK,492083.5157,401023.8520,4.0126,95.9874,AG03-B-v1,9261150.3354,569398644.4829,9170090.6717,8769066.8197,-91059.6637,0.01394581,0.01333593,-0.00013848,103.3867,2037.7570,33.1488,69512.0445,1624.1678,4730587.9882,2096.9712,97.7110,105.1055,5.1096,14.2009,51.8914,172.2653,330.6843,1394.0646,12.6037,-2.1082,23.286112,98.167188,7.280278,1,88,447089,16,0.21969339,0.01469417,0.01704246,0.00082847,0.041384,0.903295,0.077872,-0.00300945,2026-03-21,2026-08-06,139,5949,139,139,1.000000,0.929647,1.042547,0.723337,4,0.3829787234042553,0.7340425531914894,0.7367021276595744,E 常规,233,1
2026-03-27,7,114590920,2,1,2,0,4,9,残靴：截断／换荷官／开收台可疑,87.0,568829814.4105,514333488.8341,9729721.5184,5386493,291627,-0.01710480,-0.01338001,-0.01814946,-0.01782282,-9729721.5184,568829814.4105,OK,408428.6027,393103.5801,4.0122,95.9878,AG03-B-v1,9336617.9383,493088529.5349,9321292.9156,8928189.3356,-15325.0227,0.01638679,0.01569571,-0.00002694,105.6030,1763.6690,33.3636,69997.9965,1635.2473,4092300.8231,2098.0360,100.1996,107.2247,5.1431,14.9989,51.9558,175.8861,339.5531,1468.703,12.8578,-2.1082,22.638492,97.920525,7.040703,1,103,410321,16,0.21903068,0.01710480,0.01338001,0.00079409,0.041516,0.904196,0.079126,0.00476945,2026-03-21,2026-08-06,139,5950,139,139,1.000000,0.934482,1.049587,0.747004,4,0.3404255319148936,0.5212765957446809,0.6382978723404256,E 常规,234,1
2026-04-03,7,114598748,2,1,2,0,7,13,残靴：截断／换荷官／开收台可疑,87.0,568829814.4105,514333488.8341,9729721.5184,5386493,291627,-0.01710480,-0.01338001,-0.01814946,-0.01782282,-9729721.5184,568829814.4105,OK,408428.6027,393103.5801,4.0122,95.9878,AG03-B-v1,9336617.9383,493088529.5349,9321292.9156,8928189.3356,-15325.0227,0.01638679,0.01569571,-0.00002694,105.6030,1763.6690,33.3636,69997.9965,1635.2473,4092300.8231,2098.0360,100.1996,107.2247,5.1431,14.9989,51.9558,175.8861,339.5531,1468.703,12.8578,-2.1082,22.638492,97.920525,7.040703,1,103,410321,16,0.21903068,0.01710480,0.01338001,0.00079409,0.041516,0.904196,0.079126,0.00476945,2026-03-21,2026-08-06,139,5950,139,139,1.000000,0.934482,1.049587,0.747004,4,0.3404255319148936,0.5212765957446809,0.6382978723404256,E 常规,235,1
2026-04-06,7,114601976,1,1,1,0,1,1,残靴：截断／换荷官／开收台可疑,87.0,568829814.4105,514333488.8341,9729721.5184,5386493,291627,-0.01710480,-0.01338001,-0.01814946,-0.01782282,-9729721.5184,568829814.4105,OK,408428.6027,393103.5801,4.0122,95.9878,AG03-B-v1,9336617.9383,493088529.5349,9321292.9156,8928189.3356,-15325.0227,0.01638679,0.01569571,-0.00002694,105.6030,1763.6690,33.3636,69997.9965,1635.2473,4092300.8231,2098.0360,100.1996,107.2247,5.1431,14.9989,51.9558,175.8861,339.5531,1468.703,12.8578,-2.1082,22.638492,97.920525,7.040703,1,103,410321,16,0.21903068,0.01710480,0.01338001,0.00079409,0.041516,0.904196,0.079126,0.00476945,2026-03-21,2026-08-06,139,5950,139,139,1.000000,0.934482,1.049587,0.747004,4,0.3404255319148936,0.5212765957446809,0.6382978723404256,E 常规,236,1
2026-04-07,7,114603060,3,1,3,0,9,15,残靴：截断／换荷官／开收台可疑,87.0,568829814.4105,514333488.8341,9729721.5184,5386493,291627,-0.01710480,-0.01338001,-0.01814946,-0.01782282,-9729721.5184,568829814.4105,OK,408428.6027,393103.5801,4.0122,95.9878,AG03-B-v1,9336617.9383,493088529.5349,9321292.9156,8928189.3356,-15325.0227,0.01638679,0.01569571,-0.00002694,105.6030,1763.6690,33.3636,69997.9965,1635.2473,4092300.8231,2098.0360,100.1996,107.2247,5.1431,14.9989,51.9558,175.8861,339.5531,1468.703,12.8578,-2.1082,22.638492,97.920525,7.040703,1,103,410321,16,0.21903068,0.01710480,0.01338001,0.00079409,0.041516,0.904196,0.079126,0.00476945,2026-03-21,2026-08-06,139,5950,139,139,1.000000,0.934482,1.049587,0.747004,4,0.3404255319148936,0.5212765957446809,0.6382978723404256,E 常规,237,1
2026-04-25,7,114622319,2,2,1,1,3,3,残靴：截断／换荷官／开收台可疑,87.0,568829814.4105,514333488.8341,9729721.5184,5386493,291627,-0.01710480,-0.01338001,-0.01814946,-0.01782282,-9729721.5184,568829814.4105,OK,408428.6027,393103.5801,4.0122,95.9878,AG03-B-v1,9336617.9383,493088529.5349,9321292.9156,8928189.3356,-15325.0227,0.01638679,0.01569571,-0.00002694,105.6030,1763.6690,33.3636,69997.9965,1635.2473,4092300.8231,2098.0360,100.1996,107.2247,5.1431,14.9989,51.9558,175.8861,339.5531,1468.703,12.8578,-2.1082,22.638492,97.920525,7.040703,1,103,410321,16,0.21903068,0.01710480,0.01338001,0.00079409,0.041516,0.904196,0.079126,0.00476945,2026-03-21,2026-08-06,139,5950,139,139,1.000000,0.934482,1.049587,0.747004,4,0.3404255319148936,0.5212765957446809,0.6382978723404256,E 常规,238,1
2026-05-01,7,114628880,2,1,2,0,2,2,残靴：截断／换荷官／开收台可疑,87.0,568829814.4105,514333488.8341,9729721.5184,5386493,291627,-0.01710480,-0.01338001,-0.01814946,-0.01782282,-9729721.5184,568829814.4105,OK,408428.6027,393103.5801,4.0122,95.9878,AG03-B-v1,9336617.9383,493088529.5349,9321292.9156,8928189.3356,-15325.0227,0.01638679,0.01569571,-0.00002694,105.6030,1763.6690,33.3636,69997.9965,1635.2473,4092300.8231,2098.0360,100.1996,107.2247,5.1431,14.9989,51.9558,175.8861,339.5531,1468.703,12.8578,-2.1082,22.638492,97.920525,7.040703,1,103,410321,16,0.21903068,0.01710480,0.01338001,0.00079409,0.041516,0.904196,0.079126,0.00476945,2026-03-21,2026-08-06,139,5950,139,139,1.000000,0.934482,1.049587,0.747004,4,0.3404255319148936,0.5212765957446809,0.6382978723404256,E 常规,239,1
2026-05-13,7,114641868,4,1,4,0,8,20,残靴：截断／换荷官／开收台可疑,87.0,568829814.4105,514333488.8341,9729721.5184,5386493,291627,-0.01710480,-0.01338001,-0.01814946,-0.01782282,-9729721.5184,568829814.4105,OK,408428.6027,393103.5801,4.0122,95.9878,AG03-B-v1,9336617.9383,493088529.5349,9321292.9156,8928189.3356,-15325.0227,0.01638679,0.01569571,-0.00002694,105.6030,1763.6690,33.3636,69997.9965,1635.2473,4092300.8231,2098.0360,100.1996,107.2247,5.1431,14.9989,51.9558,175.8861,339.5531,1468.703,12.8578,-2.1082,22.638492,97.920525,7.040703,1,103,410321,16,0.21903068,0.01710480,0.01338001,0.00079409,0.041516,0.904196,0.079126,0.00476945,2026-03-21,2026-08-06,139,5950,139,139,1.000000,0.934482,1.049587,0.747004,4,0.3404255319148936,0.5212765957446809,0.6382978723404256,E 常规,240,1
2026-05-14,7,114642927,1,1,1,0,4,5,残靴：截断／换荷官／开收台可疑,87.0,568829814.4105,514333488.8341,9729721.5184,5386493,291627,-0.01710480,-0.01338001,-0.01814946,-0.01782282,-9729721.5184,568829814.4105,OK,408428.6027,393103.5801,4.0122,95.9878,AG03-B-v1,9336617.9383,493088529.5349,9321292.9156,8928189.3356,-15325.0227,0.01638679,0.01569571,-0.00002694,105.6030,1763.6690,33.3636,69997.9965,1635.2473,4092300.8231,2098.0360,100.1996,107.2247,5.1431,14.9989,51.9558,175.8861,339.5531,1468.703,12.8578,-2.1082,22.638492,97.920525,7.040703,1,103,410321,16,0.21903068,0.01710480,0.01338001,0.00079409,0.041516,0.904196,0.079126,0.00476945,2026-03-21,2026-08-06,139,5950,139,139,1.000000,0.934482,1.049587,0.747004,4,0.3404255319148936,0.5212765957446809,0.6382978723404256,E 常规,241,1
2026-05-24,7,114653459,2,1,2,0,2,3,残靴：截断／换荷官／开收台可疑,87.0,568829814.4105,514333488.8341,9729721.5184,5386493,291627,-0.01710480,-0.01338001,-0.01814946,-0.01782282,-9729721.5184,568829814.4105,OK,408428.6027,393103.5801,4.0122,95.9878,AG03-B-v1,9336617.9383,493088529.5349,9321292.9156,8928189.3356,-15325.0227,0.01638679,0.01569571,-0.00002694,105.6030,1763.6690,33.3636,69997.9965,1635.2473,4092300.8231,2098.0360,100.1996,107.2247,5.1431,14.9989,51.9558,175.8861,339.5531,1468.703,12.8578,-2.1082,22.638492,97.920525,7.040703,1,103,410321,16,0.21903068,0.01710480,0.01338001,0.00079409,0.041516,0.904196,0.079126,0.00476945,2026-03-21,2026-08-06,139,5950,139,139,1.000000,0.934482,1.049587,0.747004,4,0.3404255319148936,0.5212765957446809,0.6382978723404256,E 常规,242,1
2026-05-31,7,114661029,4,1,4,0,12,26,残靴：截断／换荷官／开收台可疑,87.0,568829814.4105,514333488.8341,9729721.5184,5386493,291627,-0.01710480,-0.01338001,-0.01814946,-0.01782282,-9729721.5184,568829814.4105,OK,408428.6027,393103.5801,4.0122,95.9878,AG03-B-v1,9336617.9383,493088529.5349,9321292.9156,8928189.3356,-15325.0227,0.01638679,0.01569571,-0.00002694,105.6030,1763.6690,33.3636,69997.9965,1635.2473,4092300.8231,2098.0360,100.1996,107.2247,5.1431,14.9989,51.9558,175.8861,339.5531,1468.703,12.8578,-2.1082,22.638492,97.920525,7.040703,1,103,410321,16,0.21903068,0.01710480,0.01338001,0.00079409,0.041516,0.904196,0.079126,0.00476945,2026-03-21,2026-08-06,139,5950,139,139,1.000000,0.934482,1.049587,0.747004,4,0.3404255319148936,0.5212765957446809,0.6382978723404256,E 常规,243,1
2026-06-15,7,114677799,5,2,4,1,5,7,残靴：截断／换荷官／开收台可疑,87.0,568829814.4105,514333488.8341,9729721.5184,5386493,291627,-0.01710480,-0.01338001,-0.01814946,-0.01782282,-9729721.5184,568829814.4105,OK,408428.6027,393103.5801,4.0122,95.9878,AG03-B-v1,9336617.9383,493088529.5349,9321292.9156,8928189.3356,-15325.0227,0.01638679,0.01569571,-0.00002694,105.6030,1763.6690,33.3636,69997.9965,1635.2473,4092300.8231,2098.0360,100.1996,107.2247,5.1431,14.9989,51.9558,175.8861,339.5531,1468.703,12.8578,-2.1082,22.638492,97.920525,7.040703,1,103,410321,16,0.21903068,0.01710480,0.01338001,0.00079409,0.041516,0.904196,0.079126,0.00476945,2026-03-21,2026-08-06,139,5950,139,139,1.000000,0.934482,1.049587,0.747004,4,0.3404255319148936,0.5212765957446809,0.6382978723404256,E 常规,244,1
2026-06-21,7,114684339,4,3,2,2,3,7,残靴：截断／换荷官／开收台可疑,87.0,568829814.4105,514333488.8341,9729721.5184,5386493,291627,-0.01710480,-0.01338001,-0.01814946,-0.01782282,-9729721.5184,568829814.4105,OK,408428.6027,393103.5801,4.0122,95.9878,AG03-B-v1,9336617.9383,493088529.5349,9321292.9156,8928189.3356,-15325.0227,0.01638679,0.01569571,-0.00002694,105.6030,1763.6690,33.3636,69997.9965,1635.2473,4092300.8231,2098.0360,100.1996,107.2247,5.1431,14.9989,51.9558,175.8861,339.5531,1468.703,12.8578,-2.1082,22.638492,97.920525,7.040703,1,103,410321,16,0.21903068,0.01710480,0.01338001,0.00079409,0.041516,0.904196,0.079126,0.00476945,2026-03-21,2026-08-06,139,5950,139,139,1.000000,0.934482,1.049587,0.747004,4,0.3404255319148936,0.5212765957446809,0.6382978723404256,E 常规,245,1
2026-06-28,7,114692130,2,1,2,0,7,9,残靴：截断／换荷官／开收台可疑,87.0,568829814.4105,514333488.8341,9729721.5184,5386493,291627,-0.01710480,-0.01338001,-0.01814946,-0.01782282,-9729721.5184,568829814.4105,OK,408428.6027,393103.5801,4.0122,95.9878,AG03-B-v1,9336617.9383,493088529.5349,9321292.9156,8928189.3356,-15325.0227,0.01638679,0.01569571,-0.00002694,105.6030,1763.6690,33.3636,69997.9965,1635.2473,4092300.8231,2098.0360,100.1996,107.2247,5.1431,14.9989,51.9558,175.8861,339.5531,1468.703,12.8578,-2.1082,22.638492,97.920525,7.040703,1,103,410321,16,0.21903068,0.01710480,0.01338001,0.00079409,0.041516,0.904196,0.079126,0.00476945,2026-03-21,2026-08-06,139,5950,139,139,1.000000,0.934482,1.049587,0.747004,4,0.3404255319148936,0.5212765957446809,0.6382978723404256,E 常规,246,1
2026-07-11,7,114706976,4,1,4,0,11,17,残靴：截断／换荷官／开收台可疑,87.0,568829814.4105,514333488.8341,9729721.5184,5386493,291627,-0.01710480,-0.01338001,-0.01814946,-0.01782282,-9729721.5184,568829814.4105,OK,408428.6027,393103.5801,4.0122,95.9878,AG03-B-v1,9336617.9383,493088529.5349,9321292.9156,8928189.3356,-15325.0227,0.01638679,0.01569571,-0.00002694,105.6030,1763.6690,33.3636,69997.9965,1635.2473,4092300.8231,2098.0360,100.1996,107.2247,5.1431,14.9989,51.9558,175.8861,339.5531,1468.703,12.8578,-2.1082,22.638492,97.920525,7.040703,1,103,410321,16,0.21903068,0.01710480,0.01338001,0.00079409,0.041516,0.904196,0.079126,0.00476945,2026-03-21,2026-08-06,139,5950,139,139,1.000000,0.934482,1.049587,0.747004,4,0.3404255319148936,0.5212765957446809,0.6382978723404256,E 常规,247,1
2026-07-20,7,114716852,3,1,3,0,3,4,残靴：截断／换荷官／开收台可疑,87.0,568829814.4105,514333488.8341,9729721.5184,5386493,291627,-0.01710480,-0.01338001,-0.01814946,-0.01782282,-9729721.5184,568829814.4105,OK,408428.6027,393103.5801,4.0122,95.9878,AG03-B-v1,9336617.9383,493088529.5349,9321292.9156,8928189.3356,-15325.0227,0.01638679,0.01569571,-0.00002694,105.6030,1763.6690,33.3636,69997.9965,1635.2473,4092300.8231,2098.0360,100.1996,107.2247,5.1431,14.9989,51.9558,175.8861,339.5531,1468.703,12.8578,-2.1082,22.638492,97.920525,7.040703,1,103,410321,16,0.21903068,0.01710480,0.01338001,0.00079409,0.041516,0.904196,0.079126,0.00476945,2026-03-21,2026-08-06,139,5950,139,139,1.000000,0.934482,1.049587,0.747004,4,0.3404255319148936,0.5212765957446809,0.6382978723404256,E 常规,248,1
2026-07-29,7,114726864,3,1,3,0,8,10,残靴：截断／换荷官／开收台可疑,87.0,568829814.4105,514333488.8341,9729721.5184,5386493,291627,-0.01710480,-0.01338001,-0.01814946,-0.01782282,-9729721.5184,568829814.4105,OK,408428.6027,393103.5801,4.0122,95.9878,AG03-B-v1,9336617.9383,493088529.5349,9321292.9156,8928189.3356,-15325.0227,0.01638679,0.01569571,-0.00002694,105.6030,1763.6690,33.3636,69997.9965,1635.2473,4092300.8231,2098.0360,100.1996,107.2247,5.1431,14.9989,51.9558,175.8861,339.5531,1468.703,12.8578,-2.1082,22.638492,97.920525,7.040703,1,103,410321,16,0.21903068,0.01710480,0.01338001,0.00079409,0.041516,0.904196,0.079126,0.00476945,2026-03-21,2026-08-06,139,5950,139,139,1.000000,0.934482,1.049587,0.747004,4,0.3404255319148936,0.5212765957446809,0.6382978723404256,E 常规,249,1
2026-03-25,37,114588672,4,1,4,0,15,28,残靴：截断／换荷官／开收台可疑,87.0,498681339.8279,450511965.4009,9587754.3230,3677603,131656,-0.01922621,-0.01744010,-0.01971959,-0.01971241,-9587754.3230,498681339.8279,OK,242455.0031,407246.9954,4.0249,95.9751,AG03-B-v1,9180507.3276,431842471.1179,9345299.3199,8938052.3245,164791.9923,0.01874002,0.01792337,0.00033046,135.5996,3421.8871,72.8243,68976.6498,3477.6040,3587635.5383,947.1655,134.6100,135.8755,5.1891,20.2037,70.5846,220.7666,500.0,1999.9332,14.7577,-2.6176,24.747999,98.988693,6.711636,1,123,287372,16,0.21644252,0.01922621,0.01744010,0.00053818,0.041981,0.903407,0.159069,0.00227949,2026-03-21,2026-08-06,139,2757,139,139,1.000000,0.990687,0.952757,0.666435,3,0.30851063829787234,0.2632978723404255,0.5851063829787234,E 常规,250,1
2026-03-26,37,114589795,5,1,5,0,29,65,残靴：截断／换荷官／开收台可疑,87.0,498681339.8279,450511965.4009,9587754.3230,3677603,131656,-0.01922621,-0.01744010,-0.01971959,-0.01971241,-9587754.3230,498681339.8279,OK,242455.0031,407246.9954,4.0249,95.9751,AG03-B-v1,9180507.3276,431842471.1179,9345299.3199,8938052.3245,164791.9923,0.01874002,0.01792337,0.00033046,135.5996,3421.8871,72.8243,68976.6498,3477.6040,3587635.5383,947.1655,134.6100,135.8755,5.1891,20.2037,70.5846,220.7666,500.0,1999.9332,14.7577,-2.6176,24.747999,98.988693,6.711636,1,123,287372,16,0.21644252,0.01922621,0.01744010,0.00053818,0.041981,0.903407,0.159069,0.00227949,2026-03-21,2026-08-06,139,2757,139,139,1.000000,0.990687,0.952757,0.666435,4,0.30851063829787234,0.2632978723404255,0.5851063829787234,E 常规,251,1
2026-03-31,37,114595178,3,1,3,0,17,27,残靴：截断／换荷官／开收台可疑,87.0,498681339.8279,450511965.4009,9587754.3230,3677603,131656,-0.01922621,-0.01744010,-0.01971959,-0.01971241,-9587754.3230,498681339.8279,OK,242455.0031,407246.9954,4.0249,95.9751,AG03-B-v1,9180507.3276,431842471.1179,9345299.3199,8938052.3245,164791.9923,0.01874002,0.01792337,0.00033046,135.5996,3421.8871,72.8243,68976.6498,3477.6040,3587635.5383,947.1655,134.6100,135.8755,5.1891,20.2037,70.5846,220.7666,500.0,1999.9332,14.7577,-2.6176,24.747999,98.988693,6.711636,1,123,287372,16,0.21644252,0.01922621,0.01744010,0.00053818,0.041981,0.903407,0.159069,0.00227949,2026-03-21,2026-08-06,139,2757,139,139,1.000000,0.990687,0.952757,0.666435,3,0.30851063829787234,0.2632978723404255,0.5851063829787234,E 常规,252,1
2026-04-16,37,114612616,5,1,5,0,27,83,残靴：截断／换荷官／开收台可疑,87.0,498681339.8279,450511965.4009,9587754.3230,3677603,131656,-0.01922621,-0.01744010,-0.01971959,-0.01971241,-9587754.3230,498681339.8279,OK,242455.0031,407246.9954,4.0249,95.9751,AG03-B-v1,9180507.3276,431842471.1179,9345299.3199,8938052.3245,164791.9923,0.01874002,0.01792337,0.00033046,135.5996,3421.8871,72.8243,68976.6498,3477.6040,3587635.5383,947.1655,134.6100,135.8755,5.1891,20.2037,70.5846,220.7666,500.0,1999.9332,14.7577,-2.6176,24.747999,98.988693,6.711636,1,123,287372,16,0.21644252,0.01922621,0.01744010,0.00053818,0.041981,0.903407,0.159069,0.00227949,2026-03-21,2026-08-06,139,2757,139,139,1.000000,0.990687,0.952757,0.666435,3,0.30851063829787234,0.2632978723404255,0.5851063829787234,E 常规,253,1
2026-04-21,37,114617919,2,1,2,0,12,26,残靴：截断／换荷官／开收台可疑,87.0,498681339.8279,450511965.4009,9587754.3230,3677603,131656,-0.01922621,-0.01744010,-0.01971959,-0.01971241,-9587754.3230,498681339.8279,OK,242455.0031,407246.9954,4.0249,95.9751,AG03-B-v1,9180507.3276,431842471.1179,9345299.3199,8938052.3245,164791.9923,0.01874002,0.01792337,0.00033046,135.5996,3421.8871,72.8243,68976.6498,3477.6040,3587635.5383,947.1655,134.6100,135.8755,5.1891,20.2037,70.5846,220.7666,500.0,1999.9332,14.7577,-2.6176,24.747999,98.988693,6.711636,1,123,287372,16,0.21644252,0.01922621,0.01744010,0.00053818,0.041981,0.903407,0.159069,0.00227949,2026-03-21,2026-08-06,139,2757,139,139,1.000000,0.990687,0.952757,0.666435,4,0.30851063829787234,0.2632978723404255,0.5851063829787234,E 常规,254,1
2026-04-28,37,114625478,5,1,5,0,27,79,残靴：截断／换荷官／开收台可疑,87.0,498681339.8279,450511965.4009,9587754.3230,3677603,131656,-0.01922621,-0.01744010,-0.01971959,-0.01971241,-9587754.3230,498681339.8279,OK,242455.0031,407246.9954,4.0249,95.9751,AG03-B-v1,9180507.3276,431842471.1179,9345299.3199,8938052.3245,164791.9923,0.01874002,0.01792337,0.00033046,135.5996,3421.8871,72.8243,68976.6498,3477.6040,3587635.5383,947.1655,134.6100,135.8755,5.1891,20.2037,70.5846,220.7666,500.0,1999.9332,14.7577,-2.6176,24.747999,98.988693,6.711636,1,123,287372,16,0.21644252,0.01922621,0.01744010,0.00053818,0.041981,0.903407,0.159069,0.00227949,2026-03-21,2026-08-06,139,2757,139,139,1.000000,0.990687,0.952757,0.666435,4,0.30851063829787234,0.2632978723404255,0.5851063829787234,E 常规,255,1
2026-05-07,37,114635658,5,1,5,0,16,49,残靴：截断／换荷官／开收台可疑,87.0,498681339.8279,450511965.4009,9587754.3230,3677603,131656,-0.01922621,-0.01744010,-0.01971959,-0.01971241,-9587754.3230,498681339.8279,OK,242455.0031,407246.9954,4.0249,95.9751,AG03-B-v1,9180507.3276,431842471.1179,9345299.3199,8938052.3245,164791.9923,0.01874002,0.01792337,0.00033046,135.5996,3421.8871,72.8243,68976.6498,3477.6040,3587635.5383,947.1655,134.6100,135.8755,5.1891,20.2037,70.5846,220.7666,500.0,1999.9332,14.7577,-2.6176,24.747999,98.988693,6.711636,1,123,287372,16,0.21644252,0.01922621,0.01744010,0.00053818,0.041981,0.903407,0.159069,0.00227949,2026-03-21,2026-08-06,139,2757,139,139,1.000000,0.990687,0.952757,0.666435,3,0.30851063829787234,0.2632978723404255,0.5851063829787234,E 常规,256,1
2026-05-08,37,114636771,1,1,1,0,4,8,残靴：截断／换荷官／开收台可疑,87.0,498681339.8279,450511965.4009,9587754.3230,3677603,131656,-0.01922621,-0.01744010,-0.01971959,-0.01971241,-9587754.3230,498681339.8279,OK,242455.0031,407246.9954,4.0249,95.9751,AG03-B-v1,9180507.3276,431842471.1179,9345299.3199,8938052.3245,164791.9923,0.01874002,0.01792337,0.00033046,135.5996,3421.8871,72.8243,68976.6498,3477.6040,3587635.5383,947.1655,134.6100,135.8755,5.1891,20.2037,70.5846,220.7666,500.0,1999.9332,14.7577,-2.6176,24.747999,98.988693,6.711636,1,123,287372,16,0.21644252,0.01922621,0.01744010,0.00053818,0.041981,0.903407,0.159069,0.00227949,2026-03-21,2026-08-06,139,2757,139,139,1.000000,0.990687,0.952757,0.666435,4,0.30851063829787234,0.2632978723404255,0.5851063829787234,E 常规,257,1
2026-05-29,37,114658963,2,1,2,0,21,34,残靴：截断／换荷官／开收台可疑,87.0,498681339.8279,450511965.4009,9587754.3230,3677603,131656,-0.01922621,-0.01744010,-0.01971959,-0.01971241,-9587754.3230,498681339.8279,OK,242455.0031,407246.9954,4.0249,95.9751,AG03-B-v1,9180507.3276,431842471.1179,9345299.3199,8938052.3245,164791.9923,0.01874002,0.01792337,0.00033046,135.5996,3421.8871,72.8243,68976.6498,3477.6040,3587635.5383,947.1655,134.6100,135.8755,5.1891,20.2037,70.5846,220.7666,500.0,1999.9332,14.7577,-2.6176,24.747999,98.988693,6.711636,1,123,287372,16,0.21644252,0.01922621,0.01744010,0.00053818,0.041981,0.903407,0.159069,0.00227949,2026-03-21,2026-08-06,139,2757,139,139,1.000000,0.990687,0.952757,0.666435,3,0.30851063829787234,0.2632978723404255,0.5851063829787234,E 常规,258,1
2026-06-13,37,114675312,3,1,3,0,15,30,残靴：截断／换荷官／开收台可疑,87.0,498681339.8279,450511965.4009,9587754.3230,3677603,131656,-0.01922621,-0.01744010,-0.01971959,-0.01971241,-9587754.3230,498681339.8279,OK,242455.0031,407246.9954,4.0249,95.9751,AG03-B-v1,9180507.3276,431842471.1179,9345299.3199,8938052.3245,164791.9923,0.01874002,0.01792337,0.00033046,135.5996,3421.8871,72.8243,68976.6498,3477.6040,3587635.5383,947.1655,134.6100,135.8755,5.1891,20.2037,70.5846,220.7666,500.0,1999.9332,14.7577,-2.6176,24.747999,98.988693,6.711636,1,123,287372,16,0.21644252,0.01922621,0.01744010,0.00053818,0.041981,0.903407,0.159069,0.00227949,2026-03-21,2026-08-06,139,2757,139,139,1.000000,0.990687,0.952757,0.666435,4,0.30851063829787234,0.2632978723404255,0.5851063829787234,E 常规,259,1
2026-06-27,37,114691122,4,1,4,0,24,63,残靴：截断／换荷官／开收台可疑,87.0,498681339.8279,450511965.4009,9587754.3230,3677603,131656,-0.01922621,-0.01744010,-0.01971959,-0.01971241,-9587754.3230,498681339.8279,OK,242455.0031,407246.9954,4.0249,95.9751,AG03-B-v1,9180507.3276,431842471.1179,9345299.3199,8938052.3245,164791.9923,0.01874002,0.01792337,0.00033046,135.5996,3421.8871,72.8243,68976.6498,3477.6040,3587635.5383,947.1655,134.6100,135.8755,5.1891,20.2037,70.5846,220.7666,500.0,1999.9332,14.7577,-2.6176,24.747999,98.988693,6.711636,1,123,287372,16,0.21644252,0.01922621,0.01744010,0.00053818,0.041981,0.903407,0.159069,0.00227949,2026-03-21,2026-08-06,139,2757,139,139,1.000000,0.990687,0.952757,0.666435,3,0.30851063829787234,0.2632978723404255,0.5851063829787234,E 常规,260,1
2026-07-03,37,114698030,1,1,1,0,6,6,残靴：截断／换荷官／开收台可疑,87.0,498681339.8279,450511965.4009,9587754.3230,3677603,131656,-0.01922621,-0.01744010,-0.01971959,-0.01971241,-9587754.3230,498681339.8279,OK,242455.0031,407246.9954,4.0249,95.9751,AG03-B-v1,9180507.3276,431842471.1179,9345299.3199,8938052.3245,164791.9923,0.01874002,0.01792337,0.00033046,135.5996,3421.8871,72.8243,68976.6498,3477.6040,3587635.5383,947.1655,134.6100,135.8755,5.1891,20.2037,70.5846,220.7666,500.0,1999.9332,14.7577,-2.6176,24.747999,98.988693,6.711636,1,123,287372,16,0.21644252,0.01922621,0.01744010,0.00053818,0.041981,0.903407,0.159069,0.00227949,2026-03-21,2026-08-06,139,2757,139,139,1.000000,0.990687,0.952757,0.666435,3,0.30851063829787234,0.2632978723404255,0.5851063829787234,E 常规,261,1
2026-04-12,3,114608365,3,1,3,0,8,14,残靴：截断／换荷官／开收台可疑,87.0,716675500.0294,647562356.6865,10171140.1999,6880912,289543,-0.01419211,-0.01140123,-0.01499967,-0.01492686,-10171140.1999,716675500.0294,OK,526577.5382,414698.7577,4.0104,95.9896,AG03-B-v1,9756441.4422,620788309.7181,9644562.6617,9229863.9040,-111878.7805,0.01345736,0.01287872,-0.00015611,104.1541,2236.4981,35.1283,73173.6705,1721.2964,5155938.8491,2083.0432,99.2404,105.6681,5.137,14.3435,51.8914,170.4537,330.4868,1410.3893,12.6494,-2.1082,23.040953,98.329833,7.261442,1,96,467693,16,0.22441788,0.01419211,0.01140123,0.00081317,0.041491,0.903564,0.079127,0.00359844,2026-03-21,2026-08-06,139,5909,139,139,1.000000,0.939171,1.032010,0.707963,4,0.26595744680851063,0.7473404255319149,0.75,E 常规,262,1
2026-04-17,3,114613702,3,1,3,0,10,17,残靴：截断／换荷官／开收台可疑,87.0,716675500.0294,647562356.6865,10171140.1999,6880912,289543,-0.01419211,-0.01140123,-0.01499967,-0.01492686,-10171140.1999,716675500.0294,OK,526577.5382,414698.7577,4.0104,95.9896,AG03-B-v1,9756441.4422,620788309.7181,9644562.6617,9229863.9040,-111878.7805,0.01345736,0.01287872,-0.00015611,104.1541,2236.4981,35.1283,73173.6705,1721.2964,5155938.8491,2083.0432,99.2404,105.6681,5.137,14.3435,51.8914,170.4537,330.4868,1410.3893,12.6494,-2.1082,23.040953,98.329833,7.261442,1,96,467693,16,0.22441788,0.01419211,0.01140123,0.00081317,0.041491,0.903564,0.079127,0.00359844,2026-03-21,2026-08-06,139,5909,139,139,1.000000,0.939171,1.032010,0.707963,4,0.26595744680851063,0.7473404255319149,0.75,E 常规,263,1
2026-04-26,3,114623281,5,1,5,0,8,12,残靴：截断／换荷官／开收台可疑,87.0,716675500.0294,647562356.6865,10171140.1999,6880912,289543,-0.01419211,-0.01140123,-0.01499967,-0.01492686,-10171140.1999,716675500.0294,OK,526577.5382,414698.7577,4.0104,95.9896,AG03-B-v1,9756441.4422,620788309.7181,9644562.6617,9229863.9040,-111878.7805,0.01345736,0.01287872,-0.00015611,104.1541,2236.4981,35.1283,73173.6705,1721.2964,5155938.8491,2083.0432,99.2404,105.6681,5.137,14.3435,51.8914,170.4537,330.4868,1410.3893,12.6494,-2.1082,23.040953,98.329833,7.261442,1,96,467693,16,0.22441788,0.01419211,0.01140123,0.00081317,0.041491,0.903564,0.079127,0.00359844,2026-03-21,2026-08-06,139,5909,139,139,1.000000,0.939171,1.032010,0.707963,4,0.26595744680851063,0.7473404255319149,0.75,E 常规,264,1
2026-04-29,3,114626578,2,2,1,1,3,7,残靴：截断／换荷官／开收台可疑,87.0,716675500.0294,647562356.6865,10171140.1999,6880912,289543,-0.01419211,-0.01140123,-0.01499967,-0.01492686,-10171140.1999,716675500.0294,OK,526577.5382,414698.7577,4.0104,95.9896,AG03-B-v1,9756441.4422,620788309.7181,9644562.6617,9229863.9040,-111878.7805,0.01345736,0.01287872,-0.00015611,104.1541,2236.4981,35.1283,73173.6705,1721.2964,5155938.8491,2083.0432,99.2404,105.6681,5.137,14.3435,51.8914,170.4537,330.4868,1410.3893,12.6494,-2.1082,23.040953,98.329833,7.261442,1,96,467693,16,0.22441788,0.01419211,0.01140123,0.00081317,0.041491,0.903564,0.079127,0.00359844,2026-03-21,2026-08-06,139,5909,139,139,1.000000,0.939171,1.032010,0.707963,4,0.26595744680851063,0.7473404255319149,0.75,E 常规,265,1
2026-05-19,3,114648132,4,1,4,0,15,25,残靴：截断／换荷官／开收台可疑,87.0,716675500.0294,647562356.6865,10171140.1999,6880912,289543,-0.01419211,-0.01140123,-0.01499967,-0.01492686,-10171140.1999,716675500.0294,OK,526577.5382,414698.7577,4.0104,95.9896,AG03-B-v1,9756441.4422,620788309.7181,9644562.6617,9229863.9040,-111878.7805,0.01345736,0.01287872,-0.00015611,104.1541,2236.4981,35.1283,73173.6705,1721.2964,5155938.8491,2083.0432,99.2404,105.6681,5.137,14.3435,51.8914,170.4537,330.4868,1410.3893,12.6494,-2.1082,23.040953,98.329833,7.261442,1,96,467693,16,0.22441788,0.01419211,0.01140123,0.00081317,0.041491,0.903564,0.079127,0.00359844,2026-03-21,2026-08-06,139,5909,139,139,1.000000,0.939171,1.032010,0.707963,4,0.26595744680851063,0.7473404255319149,0.75,E 常规,266,1
2026-05-20,3,114649202,1,1,1,0,2,2,残靴：截断／换荷官／开收台可疑,87.0,716675500.0294,647562356.6865,10171140.1999,6880912,289543,-0.01419211,-0.01140123,-0.01499967,-0.01492686,-10171140.1999,716675500.0294,OK,526577.5382,414698.7577,4.0104,95.9896,AG03-B-v1,9756441.4422,620788309.7181,9644562.6617,9229863.9040,-111878.7805,0.01345736,0.01287872,-0.00015611,104.1541,2236.4981,35.1283,73173.6705,1721.2964,5155938.8491,2083.0432,99.2404,105.6681,5.137,14.3435,51.8914,170.4537,330.4868,1410.3893,12.6494,-2.1082,23.040953,98.329833,7.261442,1,96,467693,16,0.22441788,0.01419211,0.01140123,0.00081317,0.041491,0.903564,0.079127,0.00359844,2026-03-21,2026-08-06,139,5909,139,139,1.000000,0.939171,1.032010,0.707963,4,0.26595744680851063,0.7473404255319149,0.75,E 常规,267,1
2026-05-22,3,114651388,4,1,4,0,4,15,残靴：截断／换荷官／开收台可疑,87.0,716675500.0294,647562356.6865,10171140.1999,6880912,289543,-0.01419211,-0.01140123,-0.01499967,-0.01492686,-10171140.1999,716675500.0294,OK,526577.5382,414698.7577,4.0104,95.9896,AG03-B-v1,9756441.4422,620788309.7181,9644562.6617,9229863.9040,-111878.7805,0.01345736,0.01287872,-0.00015611,104.1541,2236.4981,35.1283,73173.6705,1721.2964,5155938.8491,2083.0432,99.2404,105.6681,5.137,14.3435,51.8914,170.4537,330.4868,1410.3893,12.6494,-2.1082,23.040953,98.329833,7.261442,1,96,467693,16,0.22441788,0.01419211,0.01140123,0.00081317,0.041491,0.903564,0.079127,0.00359844,2026-03-21,2026-08-06,139,5909,139,139,1.000000,0.939171,1.032010,0.707963,4,0.26595744680851063,0.7473404255319149,0.75,E 常规,268,1
2026-05-26,3,114655612,5,1,5,0,13,25,残靴：截断／换荷官／开收台可疑,87.0,716675500.0294,647562356.6865,10171140.1999,6880912,289543,-0.01419211,-0.01140123,-0.01499967,-0.01492686,-10171140.1999,716675500.0294,OK,526577.5382,414698.7577,4.0104,95.9896,AG03-B-v1,9756441.4422,620788309.7181,9644562.6617,9229863.9040,-111878.7805,0.01345736,0.01287872,-0.00015611,104.1541,2236.4981,35.1283,73173.6705,1721.2964,5155938.8491,2083.0432,99.2404,105.6681,5.137,14.3435,51.8914,170.4537,330.4868,1410.3893,12.6494,-2.1082,23.040953,98.329833,7.261442,1,96,467693,16,0.22441788,0.01419211,0.01140123,0.00081317,0.041491,0.903564,0.079127,0.00359844,2026-03-21,2026-08-06,139,5909,139,139,1.000000,0.939171,1.032010,0.707963,4,0.26595744680851063,0.7473404255319149,0.75,E 常规,269,1
2026-06-11,3,114673564,5,1,5,0,15,29,残靴：截断／换荷官／开收台可疑,87.0,716675500.0294,647562356.6865,10171140.1999,6880912,289543,-0.01419211,-0.01140123,-0.01499967,-0.01492686,-10171140.1999,716675500.0294,OK,526577.5382,414698.7577,4.0104,95.9896,AG03-B-v1,9756441.4422,620788309.7181,9644562.6617,9229863.9040,-111878.7805,0.01345736,0.01287872,-0.00015611,104.1541,2236.4981,35.1283,73173.6705,1721.2964,5155938.8491,2083.0432,99.2404,105.6681,5.137,14.3435,51.8914,170.4537,330.4868,1410.3893,12.6494,-2.1082,23.040953,98.329833,7.261442,1,96,467693,16,0.22441788,0.01419211,0.01140123,0.00081317,0.041491,0.903564,0.079127,0.00359844,2026-03-21,2026-08-06,139,5909,139,139,1.000000,0.939171,1.032010,0.707963,4,0.26595744680851063,0.7473404255319149,0.75,E 常规,270,1
2026-06-13,3,114674991,4,2,3,1,14,26,残靴：截断／换荷官／开收台可疑,87.0,716675500.0294,647562356.6865,10171140.1999,6880912,289543,-0.01419211,-0.01140123,-0.01499967,-0.01492686,-10171140.1999,716675500.0294,OK,526577.5382,414698.7577,4.0104,95.9896,AG03-B-v1,9756441.4422,620788309.7181,9644562.6617,9229863.9040,-111878.7805,0.01345736,0.01287872,-0.00015611,104.1541,2236.4981,35.1283,73173.6705,1721.2964,5155938.8491,2083.0432,99.2404,105.6681,5.137,14.3435,51.8914,170.4537,330.4868,1410.3893,12.6494,-2.1082,23.040953,98.329833,7.261442,1,96,467693,16,0.22441788,0.01419211,0.01140123,0.00081317,0.041491,0.903564,0.079127,0.00359844,2026-03-21,2026-08-06,139,5909,139,139,1.000000,0.939171,1.032010,0.707963,4,0.26595744680851063,0.7473404255319149,0.75,E 常规,271,1
2026-06-13,3,114675754,4,1,4,0,22,39,残靴：截断／换荷官／开收台可疑,87.0,716675500.0294,647562356.6865,10171140.1999,6880912,289543,-0.01419211,-0.01140123,-0.01499967,-0.01492686,-10171140.1999,716675500.0294,OK,526577.5382,414698.7577,4.0104,95.9896,AG03-B-v1,9756441.4422,620788309.7181,9644562.6617,9229863.9040,-111878.7805,0.01345736,0.01287872,-0.00015611,104.1541,2236.4981,35.1283,73173.6705,1721.2964,5155938.8491,2083.0432,99.2404,105.6681,5.137,14.3435,51.8914,170.4537,330.4868,1410.3893,12.6494,-2.1082,23.040953,98.329833,7.261442,1,96,467693,16,0.22441788,0.01419211,0.01140123,0.00081317,0.041491,0.903564,0.079127,0.00359844,2026-03-21,2026-08-06,139,5909,139,139,1.000000,0.939171,1.032010,0.707963,4,0.26595744680851063,0.7473404255319149,0.75,E 常规,272,1
2026-06-20,3,114683359,1,1,1,0,3,4,残靴：截断／换荷官／开收台可疑,87.0,716675500.0294,647562356.6865,10171140.1999,6880912,289543,-0.01419211,-0.01140123,-0.01499967,-0.01492686,-10171140.1999,716675500.0294,OK,526577.5382,414698.7577,4.0104,95.9896,AG03-B-v1,9756441.4422,620788309.7181,9644562.6617,9229863.9040,-111878.7805,0.01345736,0.01287872,-0.00015611,104.1541,2236.4981,35.1283,73173.6705,1721.2964,5155938.8491,2083.0432,99.2404,105.6681,5.137,14.3435,51.8914,170.4537,330.4868,1410.3893,12.6494,-2.1082,23.040953,98.329833,7.261442,1,96,467693,16,0.22441788,0.01419211,0.01140123,0.00081317,0.041491,0.903564,0.079127,0.00359844,2026-03-21,2026-08-06,139,5909,139,139,1.000000,0.939171,1.032010,0.707963,4,0.26595744680851063,0.7473404255319149,0.75,E 常规,273,1
2026-06-25,3,114688852,3,1,3,0,7,9,残靴：截断／换荷官／开收台可疑,87.0,716675500.0294,647562356.6865,10171140.1999,6880912,289543,-0.01419211,-0.01140123,-0.01499967,-0.01492686,-10171140.1999,716675500.0294,OK,526577.5382,414698.7577,4.0104,95.9896,AG03-B-v1,9756441.4422,620788309.7181,9644562.6617,9229863.9040,-111878.7805,0.01345736,0.01287872,-0.00015611,104.1541,2236.4981,35.1283,73173.6705,1721.2964,5155938.8491,2083.0432,99.2404,105.6681,5.137,14.3435,51.8914,170.4537,330.4868,1410.3893,12.6494,-2.1082,23.040953,98.329833,7.261442,1,96,467693,16,0.22441788,0.01419211,0.01140123,0.00081317,0.041491,0.903564,0.079127,0.00359844,2026-03-21,2026-08-06,139,5909,139,139,1.000000,0.939171,1.032010,0.707963,4,0.26595744680851063,0.7473404255319149,0.75,E 常规,274,1
2026-06-28,3,114692129,4,1,4,0,8,17,残靴：截断／换荷官／开收台可疑,87.0,716675500.0294,647562356.6865,10171140.1999,6880912,289543,-0.01419211,-0.01140123,-0.01499967,-0.01492686,-10171140.1999,716675500.0294,OK,526577.5382,414698.7577,4.0104,95.9896,AG03-B-v1,9756441.4422,620788309.7181,9644562.6617,9229863.9040,-111878.7805,0.01345736,0.01287872,-0.00015611,104.1541,2236.4981,35.1283,73173.6705,1721.2964,5155938.8491,2083.0432,99.2404,105.6681,5.137,14.3435,51.8914,170.4537,330.4868,1410.3893,12.6494,-2.1082,23.040953,98.329833,7.261442,1,96,467693,16,0.22441788,0.01419211,0.01140123,0.00081317,0.041491,0.903564,0.079127,0.00359844,2026-03-21,2026-08-06,139,5909,139,139,1.000000,0.939171,1.032010,0.707963,4,0.26595744680851063,0.7473404255319149,0.75,E 常规,275,1
2026-06-30,3,114694401,2,1,2,0,8,11,残靴：截断／换荷官／开收台可疑,87.0,716675500.0294,647562356.6865,10171140.1999,6880912,289543,-0.01419211,-0.01140123,-0.01499967,-0.01492686,-10171140.1999,716675500.0294,OK,526577.5382,414698.7577,4.0104,95.9896,AG03-B-v1,9756441.4422,620788309.7181,9644562.6617,9229863.9040,-111878.7805,0.01345736,0.01287872,-0.00015611,104.1541,2236.4981,35.1283,73173.6705,1721.2964,5155938.8491,2083.0432,99.2404,105.6681,5.137,14.3435,51.8914,170.4537,330.4868,1410.3893,12.6494,-2.1082,23.040953,98.329833,7.261442,1,96,467693,16,0.22441788,0.01419211,0.01140123,0.00081317,0.041491,0.903564,0.079127,0.00359844,2026-03-21,2026-08-06,139,5909,139,139,1.000000,0.939171,1.032010,0.707963,4,0.26595744680851063,0.7473404255319149,0.75,E 常规,276,1
2026-08-05,3,114734678,4,1,4,0,23,39,残靴：截断／换荷官／开收台可疑,87.0,716675500.0294,647562356.6865,10171140.1999,6880912,289543,-0.01419211,-0.01140123,-0.01499967,-0.01492686,-10171140.1999,716675500.0294,OK,526577.5382,414698.7577,4.0104,95.9896,AG03-B-v1,9756441.4422,620788309.7181,9644562.6617,9229863.9040,-111878.7805,0.01345736,0.01287872,-0.00015611,104.1541,2236.4981,35.1283,73173.6705,1721.2964,5155938.8491,2083.0432,99.2404,105.6681,5.137,14.3435,51.8914,170.4537,330.4868,1410.3893,12.6494,-2.1082,23.040953,98.329833,7.261442,1,96,467693,16,0.22441788,0.01419211,0.01140123,0.00081317,0.041491,0.903564,0.079127,0.00359844,2026-03-21,2026-08-06,139,5909,139,139,1.000000,0.939171,1.032010,0.707963,4,0.26595744680851063,0.7473404255319149,0.75,E 常规,277,1
2026-05-03,6,114631148,4,1,4,0,9,19,残靴：截断／换荷官／开收台可疑,87.0,607691555.4431,549318438.3869,10606912.1264,5677413,283608,-0.01745443,-0.01135572,-0.01914507,-0.01820513,-10606912.1264,607691555.4431,OK,456192.7731,434202.7482,4.0164,95.9836,AG03-B-v1,10172709.3782,526565584.4967,10150719.3533,9716516.6051,-21990.0249,0.01670374,0.01598922,-0.00003619,107.0367,1936.8933,37.3999,76308.7203,1833.2029,4371881.6938,2040.3453,100.6720,108.9461,5.1431,14.7043,51.8914,175.6387,338.7839,1500.0164,12.8426,-2.1082,23.039725,102.011825,7.27926,1,101,424544,16,0.21704450,0.01745443,0.01135572,0.00083047,0.042536,0.903943,0.078859,0.00778935,2026-03-21,2026-08-06,139,5786,139,139,1.000000,0.924053,1.035625,0.720922,4,0.21010638297872342,0.42819148936170215,0.6808510638297872,E 常规,278,1
2026-05-14,6,114642926,2,1,2,0,3,4,残靴：截断／换荷官／开收台可疑,87.0,607691555.4431,549318438.3869,10606912.1264,5677413,283608,-0.01745443,-0.01135572,-0.01914507,-0.01820513,-10606912.1264,607691555.4431,OK,456192.7731,434202.7482,4.0164,95.9836,AG03-B-v1,10172709.3782,526565584.4967,10150719.3533,9716516.6051,-21990.0249,0.01670374,0.01598922,-0.00003619,107.0367,1936.8933,37.3999,76308.7203,1833.2029,4371881.6938,2040.3453,100.6720,108.9461,5.1431,14.7043,51.8914,175.6387,338.7839,1500.0164,12.8426,-2.1082,23.039725,102.011825,7.27926,1,101,424544,16,0.21704450,0.01745443,0.01135572,0.00083047,0.042536,0.903943,0.078859,0.00778935,2026-03-21,2026-08-06,139,5786,139,139,1.000000,0.924053,1.035625,0.720922,4,0.21010638297872342,0.42819148936170215,0.6808510638297872,E 常规,279,1
2026-05-16,6,114645028,4,1,4,0,10,17,残靴：截断／换荷官／开收台可疑,87.0,607691555.4431,549318438.3869,10606912.1264,5677413,283608,-0.01745443,-0.01135572,-0.01914507,-0.01820513,-10606912.1264,607691555.4431,OK,456192.7731,434202.7482,4.0164,95.9836,AG03-B-v1,10172709.3782,526565584.4967,10150719.3533,9716516.6051,-21990.0249,0.01670374,0.01598922,-0.00003619,107.0367,1936.8933,37.3999,76308.7203,1833.2029,4371881.6938,2040.3453,100.6720,108.9461,5.1431,14.7043,51.8914,175.6387,338.7839,1500.0164,12.8426,-2.1082,23.039725,102.011825,7.27926,1,101,424544,16,0.21704450,0.01745443,0.01135572,0.00083047,0.042536,0.903943,0.078859,0.00778935,2026-03-21,2026-08-06,139,5786,139,139,1.000000,0.924053,1.035625,0.720922,4,0.21010638297872342,0.42819148936170215,0.6808510638297872,E 常规,280,1
2026-05-17,6,114645970,2,2,1,1,6,6,残靴：截断／换荷官／开收台可疑,87.0,607691555.4431,549318438.3869,10606912.1264,5677413,283608,-0.01745443,-0.01135572,-0.01914507,-0.01820513,-10606912.1264,607691555.4431,OK,456192.7731,434202.7482,4.0164,95.9836,AG03-B-v1,10172709.3782,526565584.4967,10150719.3533,9716516.6051,-21990.0249,0.01670374,0.01598922,-0.00003619,107.0367,1936.8933,37.3999,76308.7203,1833.2029,4371881.6938,2040.3453,100.6720,108.9461,5.1431,14.7043,51.8914,175.6387,338.7839,1500.0164,12.8426,-2.1082,23.039725,102.011825,7.27926,1,101,424544,16,0.21704450,0.01745443,0.01135572,0.00083047,0.042536,0.903943,0.078859,0.00778935,2026-03-21,2026-08-06,139,5786,139,139,1.000000,0.924053,1.035625,0.720922,4,0.21010638297872342,0.42819148936170215,0.6808510638297872,E 常规,281,1
2026-05-24,6,114653461,2,1,2,0,7,7,残靴：截断／换荷官／开收台可疑,87.0,607691555.4431,549318438.3869,10606912.1264,5677413,283608,-0.01745443,-0.01135572,-0.01914507,-0.01820513,-10606912.1264,607691555.4431,OK,456192.7731,434202.7482,4.0164,95.9836,AG03-B-v1,10172709.3782,526565584.4967,10150719.3533,9716516.6051,-21990.0249,0.01670374,0.01598922,-0.00003619,107.0367,1936.8933,37.3999,76308.7203,1833.2029,4371881.6938,2040.3453,100.6720,108.9461,5.1431,14.7043,51.8914,175.6387,338.7839,1500.0164,12.8426,-2.1082,23.039725,102.011825,7.27926,1,101,424544,16,0.21704450,0.01745443,0.01135572,0.00083047,0.042536,0.903943,0.078859,0.00778935,2026-03-21,2026-08-06,139,5786,139,139,1.000000,0.924053,1.035625,0.720922,4,0.21010638297872342,0.42819148936170215,0.6808510638297872,E 常规,282,1
2026-05-29,6,114658971,1,1,1,0,2,2,残靴：截断／换荷官／开收台可疑,87.0,607691555.4431,549318438.3869,10606912.1264,5677413,283608,-0.01745443,-0.01135572,-0.01914507,-0.01820513,-10606912.1264,607691555.4431,OK,456192.7731,434202.7482,4.0164,95.9836,AG03-B-v1,10172709.3782,526565584.4967,10150719.3533,9716516.6051,-21990.0249,0.01670374,0.01598922,-0.00003619,107.0367,1936.8933,37.3999,76308.7203,1833.2029,4371881.6938,2040.3453,100.6720,108.9461,5.1431,14.7043,51.8914,175.6387,338.7839,1500.0164,12.8426,-2.1082,23.039725,102.011825,7.27926,1,101,424544,16,0.21704450,0.01745443,0.01135572,0.00083047,0.042536,0.903943,0.078859,0.00778935,2026-03-21,2026-08-06,139,5786,139,139,1.000000,0.924053,1.035625,0.720922,4,0.21010638297872342,0.42819148936170215,0.6808510638297872,E 常规,283,1
2026-05-30,6,114660064,5,2,4,1,12,29,残靴：截断／换荷官／开收台可疑,87.0,607691555.4431,549318438.3869,10606912.1264,5677413,283608,-0.01745443,-0.01135572,-0.01914507,-0.01820513,-10606912.1264,607691555.4431,OK,456192.7731,434202.7482,4.0164,95.9836,AG03-B-v1,10172709.3782,526565584.4967,10150719.3533,9716516.6051,-21990.0249,0.01670374,0.01598922,-0.00003619,107.0367,1936.8933,37.3999,76308.7203,1833.2029,4371881.6938,2040.3453,100.6720,108.9461,5.1431,14.7043,51.8914,175.6387,338.7839,1500.0164,12.8426,-2.1082,23.039725,102.011825,7.27926,1,101,424544,16,0.21704450,0.01745443,0.01135572,0.00083047,0.042536,0.903943,0.078859,0.00778935,2026-03-21,2026-08-06,139,5786,139,139,1.000000,0.924053,1.035625,0.720922,4,0.21010638297872342,0.42819148936170215,0.6808510638297872,E 常规,284,1
2026-06-11,6,114673574,1,1,1,0,2,2,残靴：截断／换荷官／开收台可疑,87.0,607691555.4431,549318438.3869,10606912.1264,5677413,283608,-0.01745443,-0.01135572,-0.01914507,-0.01820513,-10606912.1264,607691555.4431,OK,456192.7731,434202.7482,4.0164,95.9836,AG03-B-v1,10172709.3782,526565584.4967,10150719.3533,9716516.6051,-21990.0249,0.01670374,0.01598922,-0.00003619,107.0367,1936.8933,37.3999,76308.7203,1833.2029,4371881.6938,2040.3453,100.6720,108.9461,5.1431,14.7043,51.8914,175.6387,338.7839,1500.0164,12.8426,-2.1082,23.039725,102.011825,7.27926,1,101,424544,16,0.21704450,0.01745443,0.01135572,0.00083047,0.042536,0.903943,0.078859,0.00778935,2026-03-21,2026-08-06,139,5786,139,139,1.000000,0.924053,1.035625,0.720922,4,0.21010638297872342,0.42819148936170215,0.6808510638297872,E 常规,285,1
2026-06-16,6,114678907,4,1,4,0,14,32,残靴：截断／换荷官／开收台可疑,87.0,607691555.4431,549318438.3869,10606912.1264,5677413,283608,-0.01745443,-0.01135572,-0.01914507,-0.01820513,-10606912.1264,607691555.4431,OK,456192.7731,434202.7482,4.0164,95.9836,AG03-B-v1,10172709.3782,526565584.4967,10150719.3533,9716516.6051,-21990.0249,0.01670374,0.01598922,-0.00003619,107.0367,1936.8933,37.3999,76308.7203,1833.2029,4371881.6938,2040.3453,100.6720,108.9461,5.1431,14.7043,51.8914,175.6387,338.7839,1500.0164,12.8426,-2.1082,23.039725,102.011825,7.27926,1,101,424544,16,0.21704450,0.01745443,0.01135572,0.00083047,0.042536,0.903943,0.078859,0.00778935,2026-03-21,2026-08-06,139,5786,139,139,1.000000,0.924053,1.035625,0.720922,4,0.21010638297872342,0.42819148936170215,0.6808510638297872,E 常规,286,1
2026-06-19,6,114682255,3,1,3,0,9,16,残靴：截断／换荷官／开收台可疑,87.0,607691555.4431,549318438.3869,10606912.1264,5677413,283608,-0.01745443,-0.01135572,-0.01914507,-0.01820513,-10606912.1264,607691555.4431,OK,456192.7731,434202.7482,4.0164,95.9836,AG03-B-v1,10172709.3782,526565584.4967,10150719.3533,9716516.6051,-21990.0249,0.01670374,0.01598922,-0.00003619,107.0367,1936.8933,37.3999,76308.7203,1833.2029,4371881.6938,2040.3453,100.6720,108.9461,5.1431,14.7043,51.8914,175.6387,338.7839,1500.0164,12.8426,-2.1082,23.039725,102.011825,7.27926,1,101,424544,16,0.21704450,0.01745443,0.01135572,0.00083047,0.042536,0.903943,0.078859,0.00778935,2026-03-21,2026-08-06,139,5786,139,139,1.000000,0.924053,1.035625,0.720922,4,0.21010638297872342,0.42819148936170215,0.6808510638297872,E 常规,287,1
2026-06-20,6,114683358,1,1,1,0,1,1,残靴：截断／换荷官／开收台可疑,87.0,607691555.4431,549318438.3869,10606912.1264,5677413,283608,-0.01745443,-0.01135572,-0.01914507,-0.01820513,-10606912.1264,607691555.4431,OK,456192.7731,434202.7482,4.0164,95.9836,AG03-B-v1,10172709.3782,526565584.4967,10150719.3533,9716516.6051,-21990.0249,0.01670374,0.01598922,-0.00003619,107.0367,1936.8933,37.3999,76308.7203,1833.2029,4371881.6938,2040.3453,100.6720,108.9461,5.1431,14.7043,51.8914,175.6387,338.7839,1500.0164,12.8426,-2.1082,23.039725,102.011825,7.27926,1,101,424544,16,0.21704450,0.01745443,0.01135572,0.00083047,0.042536,0.903943,0.078859,0.00778935,2026-03-21,2026-08-06,139,5786,139,139,1.000000,0.924053,1.035625,0.720922,4,0.21010638297872342,0.42819148936170215,0.6808510638297872,E 常规,288,1
2026-06-27,6,114691131,2,2,1,1,1,1,残靴：截断／换荷官／开收台可疑,87.0,607691555.4431,549318438.3869,10606912.1264,5677413,283608,-0.01745443,-0.01135572,-0.01914507,-0.01820513,-10606912.1264,607691555.4431,OK,456192.7731,434202.7482,4.0164,95.9836,AG03-B-v1,10172709.3782,526565584.4967,10150719.3533,9716516.6051,-21990.0249,0.01670374,0.01598922,-0.00003619,107.0367,1936.8933,37.3999,76308.7203,1833.2029,4371881.6938,2040.3453,100.6720,108.9461,5.1431,14.7043,51.8914,175.6387,338.7839,1500.0164,12.8426,-2.1082,23.039725,102.011825,7.27926,1,101,424544,16,0.21704450,0.01745443,0.01135572,0.00083047,0.042536,0.903943,0.078859,0.00778935,2026-03-21,2026-08-06,139,5786,139,139,1.000000,0.924053,1.035625,0.720922,4,0.21010638297872342,0.42819148936170215,0.6808510638297872,E 常规,289,1
2026-06-30,6,114694399,3,1,3,0,10,18,残靴：截断／换荷官／开收台可疑,87.0,607691555.4431,549318438.3869,10606912.1264,5677413,283608,-0.01745443,-0.01135572,-0.01914507,-0.01820513,-10606912.1264,607691555.4431,OK,456192.7731,434202.7482,4.0164,95.9836,AG03-B-v1,10172709.3782,526565584.4967,10150719.3533,9716516.6051,-21990.0249,0.01670374,0.01598922,-0.00003619,107.0367,1936.8933,37.3999,76308.7203,1833.2029,4371881.6938,2040.3453,100.6720,108.9461,5.1431,14.7043,51.8914,175.6387,338.7839,1500.0164,12.8426,-2.1082,23.039725,102.011825,7.27926,1,101,424544,16,0.21704450,0.01745443,0.01135572,0.00083047,0.042536,0.903943,0.078859,0.00778935,2026-03-21,2026-08-06,139,5786,139,139,1.000000,0.924053,1.035625,0.720922,4,0.21010638297872342,0.42819148936170215,0.6808510638297872,E 常规,290,1
2026-07-08,6,114703655,2,2,1,1,2,2,残靴：截断／换荷官／开收台可疑,87.0,607691555.4431,549318438.3869,10606912.1264,5677413,283608,-0.01745443,-0.01135572,-0.01914507,-0.01820513,-10606912.1264,607691555.4431,OK,456192.7731,434202.7482,4.0164,95.9836,AG03-B-v1,10172709.3782,526565584.4967,10150719.3533,9716516.6051,-21990.0249,0.01670374,0.01598922,-0.00003619,107.0367,1936.8933,37.3999,76308.7203,1833.2029,4371881.6938,2040.3453,100.6720,108.9461,5.1431,14.7043,51.8914,175.6387,338.7839,1500.0164,12.8426,-2.1082,23.039725,102.011825,7.27926,1,101,424544,16,0.21704450,0.01745443,0.01135572,0.00083047,0.042536,0.903943,0.078859,0.00778935,2026-03-21,2026-08-06,139,5786,139,139,1.000000,0.924053,1.035625,0.720922,4,0.21010638297872342,0.42819148936170215,0.6808510638297872,E 常规,291,1
2026-07-13,6,114709043,3,1,3,0,9,13,残靴：截断／换荷官／开收台可疑,87.0,607691555.4431,549318438.3869,10606912.1264,5677413,283608,-0.01745443,-0.01135572,-0.01914507,-0.01820513,-10606912.1264,607691555.4431,OK,456192.7731,434202.7482,4.0164,95.9836,AG03-B-v1,10172709.3782,526565584.4967,10150719.3533,9716516.6051,-21990.0249,0.01670374,0.01598922,-0.00003619,107.0367,1936.8933,37.3999,76308.7203,1833.2029,4371881.6938,2040.3453,100.6720,108.9461,5.1431,14.7043,51.8914,175.6387,338.7839,1500.0164,12.8426,-2.1082,23.039725,102.011825,7.27926,1,101,424544,16,0.21704450,0.01745443,0.01135572,0.00083047,0.042536,0.903943,0.078859,0.00778935,2026-03-21,2026-08-06,139,5786,139,139,1.000000,0.924053,1.035625,0.720922,4,0.21010638297872342,0.42819148936170215,0.6808510638297872,E 常规,292,1
2026-07-15,6,114711268,3,3,1,2,3,3,残靴：截断／换荷官／开收台可疑,87.0,607691555.4431,549318438.3869,10606912.1264,5677413,283608,-0.01745443,-0.01135572,-0.01914507,-0.01820513,-10606912.1264,607691555.4431,OK,456192.7731,434202.7482,4.0164,95.9836,AG03-B-v1,10172709.3782,526565584.4967,10150719.3533,9716516.6051,-21990.0249,0.01670374,0.01598922,-0.00003619,107.0367,1936.8933,37.3999,76308.7203,1833.2029,4371881.6938,2040.3453,100.6720,108.9461,5.1431,14.7043,51.8914,175.6387,338.7839,1500.0164,12.8426,-2.1082,23.039725,102.011825,7.27926,1,101,424544,16,0.21704450,0.01745443,0.01135572,0.00083047,0.042536,0.903943,0.078859,0.00778935,2026-03-21,2026-08-06,139,5786,139,139,1.000000,0.924053,1.035625,0.720922,4,0.21010638297872342,0.42819148936170215,0.6808510638297872,E 常规,293,1
2026-07-20,6,114716851,3,1,2,1,2,2,残靴：截断／换荷官／开收台可疑,87.0,607691555.4431,549318438.3869,10606912.1264,5677413,283608,-0.01745443,-0.01135572,-0.01914507,-0.01820513,-10606912.1264,607691555.4431,OK,456192.7731,434202.7482,4.0164,95.9836,AG03-B-v1,10172709.3782,526565584.4967,10150719.3533,9716516.6051,-21990.0249,0.01670374,0.01598922,-0.00003619,107.0367,1936.8933,37.3999,76308.7203,1833.2029,4371881.6938,2040.3453,100.6720,108.9461,5.1431,14.7043,51.8914,175.6387,338.7839,1500.0164,12.8426,-2.1082,23.039725,102.011825,7.27926,1,101,424544,16,0.21704450,0.01745443,0.01135572,0.00083047,0.042536,0.903943,0.078859,0.00778935,2026-03-21,2026-08-06,139,5786,139,139,1.000000,0.924053,1.035625,0.720922,4,0.21010638297872342,0.42819148936170215,0.6808510638297872,E 常规,294,1
2026-07-21,6,114717977,2,2,1,1,3,3,残靴：截断／换荷官／开收台可疑,87.0,607691555.4431,549318438.3869,10606912.1264,5677413,283608,-0.01745443,-0.01135572,-0.01914507,-0.01820513,-10606912.1264,607691555.4431,OK,456192.7731,434202.7482,4.0164,95.9836,AG03-B-v1,10172709.3782,526565584.4967,10150719.3533,9716516.6051,-21990.0249,0.01670374,0.01598922,-0.00003619,107.0367,1936.8933,37.3999,76308.7203,1833.2029,4371881.6938,2040.3453,100.6720,108.9461,5.1431,14.7043,51.8914,175.6387,338.7839,1500.0164,12.8426,-2.1082,23.039725,102.011825,7.27926,1,101,424544,16,0.21704450,0.01745443,0.01135572,0.00083047,0.042536,0.903943,0.078859,0.00778935,2026-03-21,2026-08-06,139,5786,139,139,1.000000,0.924053,1.035625,0.720922,4,0.21010638297872342,0.42819148936170215,0.6808510638297872,E 常规,295,1
2026-08-01,6,114730280,3,1,3,0,7,10,残靴：截断／换荷官／开收台可疑,87.0,607691555.4431,549318438.3869,10606912.1264,5677413,283608,-0.01745443,-0.01135572,-0.01914507,-0.01820513,-10606912.1264,607691555.4431,OK,456192.7731,434202.7482,4.0164,95.9836,AG03-B-v1,10172709.3782,526565584.4967,10150719.3533,9716516.6051,-21990.0249,0.01670374,0.01598922,-0.00003619,107.0367,1936.8933,37.3999,76308.7203,1833.2029,4371881.6938,2040.3453,100.6720,108.9461,5.1431,14.7043,51.8914,175.6387,338.7839,1500.0164,12.8426,-2.1082,23.039725,102.011825,7.27926,1,101,424544,16,0.21704450,0.01745443,0.01135572,0.00083047,0.042536,0.903943,0.078859,0.00778935,2026-03-21,2026-08-06,139,5786,139,139,1.000000,0.924053,1.035625,0.720922,4,0.21010638297872342,0.42819148936170215,0.6808510638297872,E 常规,296,1
2026-08-04,6,114733530,2,2,1,1,1,1,残靴：截断／换荷官／开收台可疑,87.0,607691555.4431,549318438.3869,10606912.1264,5677413,283608,-0.01745443,-0.01135572,-0.01914507,-0.01820513,-10606912.1264,607691555.4431,OK,456192.7731,434202.7482,4.0164,95.9836,AG03-B-v1,10172709.3782,526565584.4967,10150719.3533,9716516.6051,-21990.0249,0.01670374,0.01598922,-0.00003619,107.0367,1936.8933,37.3999,76308.7203,1833.2029,4371881.6938,2040.3453,100.6720,108.9461,5.1431,14.7043,51.8914,175.6387,338.7839,1500.0164,12.8426,-2.1082,23.039725,102.011825,7.27926,1,101,424544,16,0.21704450,0.01745443,0.01135572,0.00083047,0.042536,0.903943,0.078859,0.00778935,2026-03-21,2026-08-06,139,5786,139,139,1.000000,0.924053,1.035625,0.720922,4,0.21010638297872342,0.42819148936170215,0.6808510638297872,E 常规,297,1
2026-08-05,6,114734681,3,1,3,0,10,14,残靴：截断／换荷官／开收台可疑,87.0,607691555.4431,549318438.3869,10606912.1264,5677413,283608,-0.01745443,-0.01135572,-0.01914507,-0.01820513,-10606912.1264,607691555.4431,OK,456192.7731,434202.7482,4.0164,95.9836,AG03-B-v1,10172709.3782,526565584.4967,10150719.3533,9716516.6051,-21990.0249,0.01670374,0.01598922,-0.00003619,107.0367,1936.8933,37.3999,76308.7203,1833.2029,4371881.6938,2040.3453,100.6720,108.9461,5.1431,14.7043,51.8914,175.6387,338.7839,1500.0164,12.8426,-2.1082,23.039725,102.011825,7.27926,1,101,424544,16,0.21704450,0.01745443,0.01135572,0.00083047,0.042536,0.903943,0.078859,0.00778935,2026-03-21,2026-08-06,139,5786,139,139,1.000000,0.924053,1.035625,0.720922,4,0.21010638297872342,0.42819148936170215,0.6808510638297872,E 常规,298,1
2026-04-06,113,114601975,2,1,2,0,13,19,残靴：截断／换荷官／开收台可疑,87.0,1046855010.3145,940999865.5300,13759026.6133,9882943,218431,-0.01314320,-0.01742808,-0.01192545,-0.01363682,-13759026.6133,1046855010.3145,OK,516751.7794,580778.6730,3.9786,96.0214,AG03-B-v1,13178247.9403,903099112.0946,13242274.8339,12661496.1609,64026.8935,0.01264958,0.01209479,0.00006116,105.9254,4307.9960,62.9903,98985.8030,3074.6428,7531331.0095,1571.4460,100.7598,107.4916,5.1431,15.4914,51.892,172.3843,336.7149,1428.171,12.8578,-2.5716,21.735541,92.190969,6.837674,1,51,594243,16,0.22130387,0.01314320,0.01742808,0.00054915,0.037094,0.898883,0.065509,-0.00550264,2026-03-21,2026-08-06,139,4475,139,139,1.000000,0.937374,1.086688,0.734794,5,0.17819148936170212,0.848404255319149,0.9228723404255319,E 常规,299,1
2026-04-16,113,114612618,4,1,4,0,27,70,残靴：截断／换荷官／开收台可疑,87.0,1046855010.3145,940999865.5300,13759026.6133,9882943,218431,-0.01314320,-0.01742808,-0.01192545,-0.01363682,-13759026.6133,1046855010.3145,OK,516751.7794,580778.6730,3.9786,96.0214,AG03-B-v1,13178247.9403,903099112.0946,13242274.8339,12661496.1609,64026.8935,0.01264958,0.01209479,0.00006116,105.9254,4307.9960,62.9903,98985.8030,3074.6428,7531331.0095,1571.4460,100.7598,107.4916,5.1431,15.4914,51.892,172.3843,336.7149,1428.171,12.8578,-2.5716,21.735541,92.190969,6.837674,1,51,594243,16,0.22130387,0.01314320,0.01742808,0.00054915,0.037094,0.898883,0.065509,-0.00550264,2026-03-21,2026-08-06,139,4475,139,139,1.000000,0.937374,1.086688,0.734794,5,0.17819148936170212,0.848404255319149,0.9228723404255319,E 常规,300,1
2026-04-22,113,114619025,5,1,5,0,32,71,残靴：截断／换荷官／开收台可疑,87.0,1046855010.3145,940999865.5300,13759026.6133,9882943,218431,-0.01314320,-0.01742808,-0.01192545,-0.01363682,-13759026.6133,1046855010.3145,OK,516751.7794,580778.6730,3.9786,96.0214,AG03-B-v1,13178247.9403,903099112.0946,13242274.8339,12661496.1609,64026.8935,0.01264958,0.01209479,0.00006116,105.9254,4307.9960,62.9903,98985.8030,3074.6428,7531331.0095,1571.4460,100.7598,107.4916,5.1431,15.4914,51.892,172.3843,336.7149,1428.171,12.8578,-2.5716,21.735541,92.190969,6.837674,1,51,594243,16,0.22130387,0.01314320,0.01742808,0.00054915,0.037094,0.898883,0.065509,-0.00550264,2026-03-21,2026-08-06,139,4475,139,139,1.000000,0.937374,1.086688,0.734794,5,0.17819148936170212,0.848404255319149,0.9228723404255319,E 常规,301,1
2026-05-08,113,114636769,2,1,2,0,16,29,残靴：截断／换荷官／开收台可疑,87.0,1046855010.3145,940999865.5300,13759026.6133,9882943,218431,-0.01314320,-0.01742808,-0.01192545,-0.01363682,-13759026.6133,1046855010.3145,OK,516751.7794,580778.6730,3.9786,96.0214,AG03-B-v1,13178247.9403,903099112.0946,13242274.8339,12661496.1609,64026.8935,0.01264958,0.01209479,0.00006116,105.9254,4307.9960,62.9903,98985.8030,3074.6428,7531331.0095,1571.4460,100.7598,107.4916,5.1431,15.4914,51.892,172.3843,336.7149,1428.171,12.8578,-2.5716,21.735541,92.190969,6.837674,1,51,594243,16,0.22130387,0.01314320,0.01742808,0.00054915,0.037094,0.898883,0.065509,-0.00550264,2026-03-21,2026-08-06,139,4475,139,139,1.000000,0.937374,1.086688,0.734794,5,0.17819148936170212,0.848404255319149,0.9228723404255319,E 常规,302,1
2026-05-09,113,114637858,1,1,1,0,7,12,残靴：截断／换荷官／开收台可疑,87.0,1046855010.3145,940999865.5300,13759026.6133,9882943,218431,-0.01314320,-0.01742808,-0.01192545,-0.01363682,-13759026.6133,1046855010.3145,OK,516751.7794,580778.6730,3.9786,96.0214,AG03-B-v1,13178247.9403,903099112.0946,13242274.8339,12661496.1609,64026.8935,0.01264958,0.01209479,0.00006116,105.9254,4307.9960,62.9903,98985.8030,3074.6428,7531331.0095,1571.4460,100.7598,107.4916,5.1431,15.4914,51.892,172.3843,336.7149,1428.171,12.8578,-2.5716,21.735541,92.190969,6.837674,1,51,594243,16,0.22130387,0.01314320,0.01742808,0.00054915,0.037094,0.898883,0.065509,-0.00550264,2026-03-21,2026-08-06,139,4475,139,139,1.000000,0.937374,1.086688,0.734794,5,0.17819148936170212,0.848404255319149,0.9228723404255319,E 常规,303,1
2026-05-12,113,114640821,5,1,5,0,44,78,残靴：截断／换荷官／开收台可疑,87.0,1046855010.3145,940999865.5300,13759026.6133,9882943,218431,-0.01314320,-0.01742808,-0.01192545,-0.01363682,-13759026.6133,1046855010.3145,OK,516751.7794,580778.6730,3.9786,96.0214,AG03-B-v1,13178247.9403,903099112.0946,13242274.8339,12661496.1609,64026.8935,0.01264958,0.01209479,0.00006116,105.9254,4307.9960,62.9903,98985.8030,3074.6428,7531331.0095,1571.4460,100.7598,107.4916,5.1431,15.4914,51.892,172.3843,336.7149,1428.171,12.8578,-2.5716,21.735541,92.190969,6.837674,1,51,594243,16,0.22130387,0.01314320,0.01742808,0.00054915,0.037094,0.898883,0.065509,-0.00550264,2026-03-21,2026-08-06,139,4475,139,139,1.000000,0.937374,1.086688,0.734794,5,0.17819148936170212,0.848404255319149,0.9228723404255319,E 常规,304,1
2026-05-13,113,114641869,2,1,2,0,17,21,残靴：截断／换荷官／开收台可疑,87.0,1046855010.3145,940999865.5300,13759026.6133,9882943,218431,-0.01314320,-0.01742808,-0.01192545,-0.01363682,-13759026.6133,1046855010.3145,OK,516751.7794,580778.6730,3.9786,96.0214,AG03-B-v1,13178247.9403,903099112.0946,13242274.8339,12661496.1609,64026.8935,0.01264958,0.01209479,0.00006116,105.9254,4307.9960,62.9903,98985.8030,3074.6428,7531331.0095,1571.4460,100.7598,107.4916,5.1431,15.4914,51.892,172.3843,336.7149,1428.171,12.8578,-2.5716,21.735541,92.190969,6.837674,1,51,594243,16,0.22130387,0.01314320,0.01742808,0.00054915,0.037094,0.898883,0.065509,-0.00550264,2026-03-21,2026-08-06,139,4475,139,139,1.000000,0.937374,1.086688,0.734794,5,0.17819148936170212,0.848404255319149,0.9228723404255319,E 常规,305,1
2026-05-24,113,114653460,4,1,4,0,17,39,残靴：截断／换荷官／开收台可疑,87.0,1046855010.3145,940999865.5300,13759026.6133,9882943,218431,-0.01314320,-0.01742808,-0.01192545,-0.01363682,-13759026.6133,1046855010.3145,OK,516751.7794,580778.6730,3.9786,96.0214,AG03-B-v1,13178247.9403,903099112.0946,13242274.8339,12661496.1609,64026.8935,0.01264958,0.01209479,0.00006116,105.9254,4307.9960,62.9903,98985.8030,3074.6428,7531331.0095,1571.4460,100.7598,107.4916,5.1431,15.4914,51.892,172.3843,336.7149,1428.171,12.8578,-2.5716,21.735541,92.190969,6.837674,1,51,594243,16,0.22130387,0.01314320,0.01742808,0.00054915,0.037094,0.898883,0.065509,-0.00550264,2026-03-21,2026-08-06,139,4475,139,139,1.000000,0.937374,1.086688,0.734794,5,0.17819148936170212,0.848404255319149,0.9228723404255319,E 常规,306,1
2026-06-04,113,114665970,4,1,4,0,18,38,残靴：截断／换荷官／开收台可疑,87.0,1046855010.3145,940999865.5300,13759026.6133,9882943,218431,-0.01314320,-0.01742808,-0.01192545,-0.01363682,-13759026.6133,1046855010.3145,OK,516751.7794,580778.6730,3.9786,96.0214,AG03-B-v1,13178247.9403,903099112.0946,13242274.8339,12661496.1609,64026.8935,0.01264958,0.01209479,0.00006116,105.9254,4307.9960,62.9903,98985.8030,3074.6428,7531331.0095,1571.4460,100.7598,107.4916,5.1431,15.4914,51.892,172.3843,336.7149,1428.171,12.8578,-2.5716,21.735541,92.190969,6.837674,1,51,594243,16,0.22130387,0.01314320,0.01742808,0.00054915,0.037094,0.898883,0.065509,-0.00550264,2026-03-21,2026-08-06,139,4475,139,139,1.000000,0.937374,1.086688,0.734794,5,0.17819148936170212,0.848404255319149,0.9228723404255319,E 常规,307,1
2026-06-17,113,114680016,4,1,4,0,21,39,残靴：截断／换荷官／开收台可疑,87.0,1046855010.3145,940999865.5300,13759026.6133,9882943,218431,-0.01314320,-0.01742808,-0.01192545,-0.01363682,-13759026.6133,1046855010.3145,OK,516751.7794,580778.6730,3.9786,96.0214,AG03-B-v1,13178247.9403,903099112.0946,13242274.8339,12661496.1609,64026.8935,0.01264958,0.01209479,0.00006116,105.9254,4307.9960,62.9903,98985.8030,3074.6428,7531331.0095,1571.4460,100.7598,107.4916,5.1431,15.4914,51.892,172.3843,336.7149,1428.171,12.8578,-2.5716,21.735541,92.190969,6.837674,1,51,594243,16,0.22130387,0.01314320,0.01742808,0.00054915,0.037094,0.898883,0.065509,-0.00550264,2026-03-21,2026-08-06,139,4475,139,139,1.000000,0.937374,1.086688,0.734794,5,0.17819148936170212,0.848404255319149,0.9228723404255319,E 常规,308,1
2026-06-20,113,114683360,1,1,1,0,6,6,残靴：截断／换荷官／开收台可疑,87.0,1046855010.3145,940999865.5300,13759026.6133,9882943,218431,-0.01314320,-0.01742808,-0.01192545,-0.01363682,-13759026.6133,1046855010.3145,OK,516751.7794,580778.6730,3.9786,96.0214,AG03-B-v1,13178247.9403,903099112.0946,13242274.8339,12661496.1609,64026.8935,0.01264958,0.01209479,0.00006116,105.9254,4307.9960,62.9903,98985.8030,3074.6428,7531331.0095,1571.4460,100.7598,107.4916,5.1431,15.4914,51.892,172.3843,336.7149,1428.171,12.8578,-2.5716,21.735541,92.190969,6.837674,1,51,594243,16,0.22130387,0.01314320,0.01742808,0.00054915,0.037094,0.898883,0.065509,-0.00550264,2026-03-21,2026-08-06,139,4475,139,139,1.000000,0.937374,1.086688,0.734794,5,0.17819148936170212,0.848404255319149,0.9228723404255319,E 常规,309,1
2026-06-27,113,114691132,1,1,1,0,4,4,残靴：截断／换荷官／开收台可疑,87.0,1046855010.3145,940999865.5300,13759026.6133,9882943,218431,-0.01314320,-0.01742808,-0.01192545,-0.01363682,-13759026.6133,1046855010.3145,OK,516751.7794,580778.6730,3.9786,96.0214,AG03-B-v1,13178247.9403,903099112.0946,13242274.8339,12661496.1609,64026.8935,0.01264958,0.01209479,0.00006116,105.9254,4307.9960,62.9903,98985.8030,3074.6428,7531331.0095,1571.4460,100.7598,107.4916,5.1431,15.4914,51.892,172.3843,336.7149,1428.171,12.8578,-2.5716,21.735541,92.190969,6.837674,1,51,594243,16,0.22130387,0.01314320,0.01742808,0.00054915,0.037094,0.898883,0.065509,-0.00550264,2026-03-21,2026-08-06,139,4475,139,139,1.000000,0.937374,1.086688,0.734794,5,0.17819148936170212,0.848404255319149,0.9228723404255319,E 常规,310,1
2026-04-07,1,114603058,4,1,4,0,21,42,残靴：截断／换荷官／开收台可疑,87.0,835029318.5861,754154490.4023,15876933.1872,8497872,288634,-0.01901362,-0.01948875,-0.01887664,-0.01968876,-15876933.1872,835029318.5861,OK,563760.3965,651418.0992,3.9970,96.0030,AG03-B-v1,15225515.0880,723280307.8468,15313172.7907,14661754.6915,87657.7027,0.01833849,0.01755837,0.00010498,98.2633,2612.8401,55.0071,114222.5409,2707.9879,6007405.1697,2076.5036,93.6746,99.6710,4.37,13.088,51.1162,157.3684,306.6468,1308.96,11.0062,-2.1006,23.429655,100.012395,7.507909,1,94,524164,23,0.22378355,0.01901362,0.01948875,0.00074754,0.036672,0.903147,0.077913,-0.00061211,2026-03-21,2026-08-06,139,5863,139,139,1.000000,0.939839,1.039036,0.717664,5,0.13829787234042554,0.29521276595744683,0.8271276595744681,D VIP 优质 · 加码留存，严禁误伤,311,1
2026-04-16,1,114612625,1,1,1,0,5,5,残靴：截断／换荷官／开收台可疑,87.0,835029318.5861,754154490.4023,15876933.1872,8497872,288634,-0.01901362,-0.01948875,-0.01887664,-0.01968876,-15876933.1872,835029318.5861,OK,563760.3965,651418.0992,3.9970,96.0030,AG03-B-v1,15225515.0880,723280307.8468,15313172.7907,14661754.6915,87657.7027,0.01833849,0.01755837,0.00010498,98.2633,2612.8401,55.0071,114222.5409,2707.9879,6007405.1697,2076.5036,93.6746,99.6710,4.37,13.088,51.1162,157.3684,306.6468,1308.96,11.0062,-2.1006,23.429655,100.012395,7.507909,1,94,524164,23,0.22378355,0.01901362,0.01948875,0.00074754,0.036672,0.903147,0.077913,-0.00061211,2026-03-21,2026-08-06,139,5863,139,139,1.000000,0.939839,1.039036,0.717664,5,0.13829787234042554,0.29521276595744683,0.8271276595744681,D VIP 优质 · 加码留存，严禁误伤,312,1
2026-04-22,1,114619030,3,1,3,0,14,19,残靴：截断／换荷官／开收台可疑,87.0,835029318.5861,754154490.4023,15876933.1872,8497872,288634,-0.01901362,-0.01948875,-0.01887664,-0.01968876,-15876933.1872,835029318.5861,OK,563760.3965,651418.0992,3.9970,96.0030,AG03-B-v1,15225515.0880,723280307.8468,15313172.7907,14661754.6915,87657.7027,0.01833849,0.01755837,0.00010498,98.2633,2612.8401,55.0071,114222.5409,2707.9879,6007405.1697,2076.5036,93.6746,99.6710,4.37,13.088,51.1162,157.3684,306.6468,1308.96,11.0062,-2.1006,23.429655,100.012395,7.507909,1,94,524164,23,0.22378355,0.01901362,0.01948875,0.00074754,0.036672,0.903147,0.077913,-0.00061211,2026-03-21,2026-08-06,139,5863,139,139,1.000000,0.939839,1.039036,0.717664,5,0.13829787234042554,0.29521276595744683,0.8271276595744681,D VIP 优质 · 加码留存，严禁误伤,313,1
2026-05-05,1,114633470,1,1,1,0,2,2,残靴：截断／换荷官／开收台可疑,87.0,835029318.5861,754154490.4023,15876933.1872,8497872,288634,-0.01901362,-0.01948875,-0.01887664,-0.01968876,-15876933.1872,835029318.5861,OK,563760.3965,651418.0992,3.9970,96.0030,AG03-B-v1,15225515.0880,723280307.8468,15313172.7907,14661754.6915,87657.7027,0.01833849,0.01755837,0.00010498,98.2633,2612.8401,55.0071,114222.5409,2707.9879,6007405.1697,2076.5036,93.6746,99.6710,4.37,13.088,51.1162,157.3684,306.6468,1308.96,11.0062,-2.1006,23.429655,100.012395,7.507909,1,94,524164,23,0.22378355,0.01901362,0.01948875,0.00074754,0.036672,0.903147,0.077913,-0.00061211,2026-03-21,2026-08-06,139,5863,139,139,1.000000,0.939839,1.039036,0.717664,5,0.13829787234042554,0.29521276595744683,0.8271276595744681,D VIP 优质 · 加码留存，严禁误伤,314,1
2026-05-09,1,114637856,3,1,3,0,13,23,残靴：截断／换荷官／开收台可疑,87.0,835029318.5861,754154490.4023,15876933.1872,8497872,288634,-0.01901362,-0.01948875,-0.01887664,-0.01968876,-15876933.1872,835029318.5861,OK,563760.3965,651418.0992,3.9970,96.0030,AG03-B-v1,15225515.0880,723280307.8468,15313172.7907,14661754.6915,87657.7027,0.01833849,0.01755837,0.00010498,98.2633,2612.8401,55.0071,114222.5409,2707.9879,6007405.1697,2076.5036,93.6746,99.6710,4.37,13.088,51.1162,157.3684,306.6468,1308.96,11.0062,-2.1006,23.429655,100.012395,7.507909,1,94,524164,23,0.22378355,0.01901362,0.01948875,0.00074754,0.036672,0.903147,0.077913,-0.00061211,2026-03-21,2026-08-06,139,5863,139,139,1.000000,0.939839,1.039036,0.717664,5,0.13829787234042554,0.29521276595744683,0.8271276595744681,D VIP 优质 · 加码留存，严禁误伤,315,1
2026-05-19,1,114648133,3,1,3,0,11,19,残靴：截断／换荷官／开收台可疑,87.0,835029318.5861,754154490.4023,15876933.1872,8497872,288634,-0.01901362,-0.01948875,-0.01887664,-0.01968876,-15876933.1872,835029318.5861,OK,563760.3965,651418.0992,3.9970,96.0030,AG03-B-v1,15225515.0880,723280307.8468,15313172.7907,14661754.6915,87657.7027,0.01833849,0.01755837,0.00010498,98.2633,2612.8401,55.0071,114222.5409,2707.9879,6007405.1697,2076.5036,93.6746,99.6710,4.37,13.088,51.1162,157.3684,306.6468,1308.96,11.0062,-2.1006,23.429655,100.012395,7.507909,1,94,524164,23,0.22378355,0.01901362,0.01948875,0.00074754,0.036672,0.903147,0.077913,-0.00061211,2026-03-21,2026-08-06,139,5863,139,139,1.000000,0.939839,1.039036,0.717664,5,0.13829787234042554,0.29521276595744683,0.8271276595744681,D VIP 优质 · 加码留存，严禁误伤,316,1
2026-05-23,1,114652502,1,1,1,0,4,5,残靴：截断／换荷官／开收台可疑,87.0,835029318.5861,754154490.4023,15876933.1872,8497872,288634,-0.01901362,-0.01948875,-0.01887664,-0.01968876,-15876933.1872,835029318.5861,OK,563760.3965,651418.0992,3.9970,96.0030,AG03-B-v1,15225515.0880,723280307.8468,15313172.7907,14661754.6915,87657.7027,0.01833849,0.01755837,0.00010498,98.2633,2612.8401,55.0071,114222.5409,2707.9879,6007405.1697,2076.5036,93.6746,99.6710,4.37,13.088,51.1162,157.3684,306.6468,1308.96,11.0062,-2.1006,23.429655,100.012395,7.507909,1,94,524164,23,0.22378355,0.01901362,0.01948875,0.00074754,0.036672,0.903147,0.077913,-0.00061211,2026-03-21,2026-08-06,139,5863,139,139,1.000000,0.939839,1.039036,0.717664,5,0.13829787234042554,0.29521276595744683,0.8271276595744681,D VIP 优质 · 加码留存，严禁误伤,317,1
2026-05-25,1,114653507,2,1,2,0,14,19,残靴：截断／换荷官／开收台可疑,87.0,835029318.5861,754154490.4023,15876933.1872,8497872,288634,-0.01901362,-0.01948875,-0.01887664,-0.01968876,-15876933.1872,835029318.5861,OK,563760.3965,651418.0992,3.9970,96.0030,AG03-B-v1,15225515.0880,723280307.8468,15313172.7907,14661754.6915,87657.7027,0.01833849,0.01755837,0.00010498,98.2633,2612.8401,55.0071,114222.5409,2707.9879,6007405.1697,2076.5036,93.6746,99.6710,4.37,13.088,51.1162,157.3684,306.6468,1308.96,11.0062,-2.1006,23.429655,100.012395,7.507909,1,94,524164,23,0.22378355,0.01901362,0.01948875,0.00074754,0.036672,0.903147,0.077913,-0.00061211,2026-03-21,2026-08-06,139,5863,139,139,1.000000,0.939839,1.039036,0.717664,5,0.13829787234042554,0.29521276595744683,0.8271276595744681,D VIP 优质 · 加码留存，严禁误伤,318,1
2026-06-01,1,114662304,5,1,5,0,15,24,残靴：截断／换荷官／开收台可疑,87.0,835029318.5861,754154490.4023,15876933.1872,8497872,288634,-0.01901362,-0.01948875,-0.01887664,-0.01968876,-15876933.1872,835029318.5861,OK,563760.3965,651418.0992,3.9970,96.0030,AG03-B-v1,15225515.0880,723280307.8468,15313172.7907,14661754.6915,87657.7027,0.01833849,0.01755837,0.00010498,98.2633,2612.8401,55.0071,114222.5409,2707.9879,6007405.1697,2076.5036,93.6746,99.6710,4.37,13.088,51.1162,157.3684,306.6468,1308.96,11.0062,-2.1006,23.429655,100.012395,7.507909,1,94,524164,23,0.22378355,0.01901362,0.01948875,0.00074754,0.036672,0.903147,0.077913,-0.00061211,2026-03-21,2026-08-06,139,5863,139,139,1.000000,0.939839,1.039036,0.717664,5,0.13829787234042554,0.29521276595744683,0.8271276595744681,D VIP 优质 · 加码留存，严禁误伤,319,1
2026-06-03,1,114664751,5,1,5,0,18,51,残靴：截断／换荷官／开收台可疑,87.0,835029318.5861,754154490.4023,15876933.1872,8497872,288634,-0.01901362,-0.01948875,-0.01887664,-0.01968876,-15876933.1872,835029318.5861,OK,563760.3965,651418.0992,3.9970,96.0030,AG03-B-v1,15225515.0880,723280307.8468,15313172.7907,14661754.6915,87657.7027,0.01833849,0.01755837,0.00010498,98.2633,2612.8401,55.0071,114222.5409,2707.9879,6007405.1697,2076.5036,93.6746,99.6710,4.37,13.088,51.1162,157.3684,306.6468,1308.96,11.0062,-2.1006,23.429655,100.012395,7.507909,1,94,524164,23,0.22378355,0.01901362,0.01948875,0.00074754,0.036672,0.903147,0.077913,-0.00061211,2026-03-21,2026-08-06,139,5863,139,139,1.000000,0.939839,1.039036,0.717664,5,0.13829787234042554,0.29521276595744683,0.8271276595744681,D VIP 优质 · 加码留存，严禁误伤,320,1
2026-06-04,1,114665972,4,1,4,0,18,30,残靴：截断／换荷官／开收台可疑,87.0,835029318.5861,754154490.4023,15876933.1872,8497872,288634,-0.01901362,-0.01948875,-0.01887664,-0.01968876,-15876933.1872,835029318.5861,OK,563760.3965,651418.0992,3.9970,96.0030,AG03-B-v1,15225515.0880,723280307.8468,15313172.7907,14661754.6915,87657.7027,0.01833849,0.01755837,0.00010498,98.2633,2612.8401,55.0071,114222.5409,2707.9879,6007405.1697,2076.5036,93.6746,99.6710,4.37,13.088,51.1162,157.3684,306.6468,1308.96,11.0062,-2.1006,23.429655,100.012395,7.507909,1,94,524164,23,0.22378355,0.01901362,0.01948875,0.00074754,0.036672,0.903147,0.077913,-0.00061211,2026-03-21,2026-08-06,139,5863,139,139,1.000000,0.939839,1.039036,0.717664,5,0.13829787234042554,0.29521276595744683,0.8271276595744681,D VIP 优质 · 加码留存，严禁误伤,321,1
2026-06-12,1,114674645,2,1,2,0,6,7,残靴：截断／换荷官／开收台可疑,87.0,835029318.5861,754154490.4023,15876933.1872,8497872,288634,-0.01901362,-0.01948875,-0.01887664,-0.01968876,-15876933.1872,835029318.5861,OK,563760.3965,651418.0992,3.9970,96.0030,AG03-B-v1,15225515.0880,723280307.8468,15313172.7907,14661754.6915,87657.7027,0.01833849,0.01755837,0.00010498,98.2633,2612.8401,55.0071,114222.5409,2707.9879,6007405.1697,2076.5036,93.6746,99.6710,4.37,13.088,51.1162,157.3684,306.6468,1308.96,11.0062,-2.1006,23.429655,100.012395,7.507909,1,94,524164,23,0.22378355,0.01901362,0.01948875,0.00074754,0.036672,0.903147,0.077913,-0.00061211,2026-03-21,2026-08-06,139,5863,139,139,1.000000,0.939839,1.039036,0.717664,5,0.13829787234042554,0.29521276595744683,0.8271276595744681,D VIP 优质 · 加码留存，严禁误伤,322,1
2026-06-17,1,114680022,1,1,1,0,2,2,残靴：截断／换荷官／开收台可疑,87.0,835029318.5861,754154490.4023,15876933.1872,8497872,288634,-0.01901362,-0.01948875,-0.01887664,-0.01968876,-15876933.1872,835029318.5861,OK,563760.3965,651418.0992,3.9970,96.0030,AG03-B-v1,15225515.0880,723280307.8468,15313172.7907,14661754.6915,87657.7027,0.01833849,0.01755837,0.00010498,98.2633,2612.8401,55.0071,114222.5409,2707.9879,6007405.1697,2076.5036,93.6746,99.6710,4.37,13.088,51.1162,157.3684,306.6468,1308.96,11.0062,-2.1006,23.429655,100.012395,7.507909,1,94,524164,23,0.22378355,0.01901362,0.01948875,0.00074754,0.036672,0.903147,0.077913,-0.00061211,2026-03-21,2026-08-06,139,5863,139,139,1.000000,0.939839,1.039036,0.717664,5,0.13829787234042554,0.29521276595744683,0.8271276595744681,D VIP 优质 · 加码留存，严禁误伤,323,1
2026-07-01,1,114695559,2,1,2,0,5,10,残靴：截断／换荷官／开收台可疑,87.0,835029318.5861,754154490.4023,15876933.1872,8497872,288634,-0.01901362,-0.01948875,-0.01887664,-0.01968876,-15876933.1872,835029318.5861,OK,563760.3965,651418.0992,3.9970,96.0030,AG03-B-v1,15225515.0880,723280307.8468,15313172.7907,14661754.6915,87657.7027,0.01833849,0.01755837,0.00010498,98.2633,2612.8401,55.0071,114222.5409,2707.9879,6007405.1697,2076.5036,93.6746,99.6710,4.37,13.088,51.1162,157.3684,306.6468,1308.96,11.0062,-2.1006,23.429655,100.012395,7.507909,1,94,524164,23,0.22378355,0.01901362,0.01948875,0.00074754,0.036672,0.903147,0.077913,-0.00061211,2026-03-21,2026-08-06,139,5863,139,139,1.000000,0.939839,1.039036,0.717664,5,0.13829787234042554,0.29521276595744683,0.8271276595744681,D VIP 优质 · 加码留存，严禁误伤,324,1
2026-07-17,1,114713532,3,1,3,0,13,24,残靴：截断／换荷官／开收台可疑,87.0,835029318.5861,754154490.4023,15876933.1872,8497872,288634,-0.01901362,-0.01948875,-0.01887664,-0.01968876,-15876933.1872,835029318.5861,OK,563760.3965,651418.0992,3.9970,96.0030,AG03-B-v1,15225515.0880,723280307.8468,15313172.7907,14661754.6915,87657.7027,0.01833849,0.01755837,0.00010498,98.2633,2612.8401,55.0071,114222.5409,2707.9879,6007405.1697,2076.5036,93.6746,99.6710,4.37,13.088,51.1162,157.3684,306.6468,1308.96,11.0062,-2.1006,23.429655,100.012395,7.507909,1,94,524164,23,0.22378355,0.01901362,0.01948875,0.00074754,0.036672,0.903147,0.077913,-0.00061211,2026-03-21,2026-08-06,139,5863,139,139,1.000000,0.939839,1.039036,0.717664,5,0.13829787234042554,0.29521276595744683,0.8271276595744681,D VIP 优质 · 加码留存，严禁误伤,325,1
2026-03-25,2,114588679,1,1,1,0,1,1,残靴：截断／换荷官／开收台可疑,87.0,776262521.2371,700311784.2039,16097651.5686,7729888,292008,-0.02073738,-0.02337019,-0.01997772,-0.02146344,-16097651.5686,776262521.2371,OK,563615.9336,640730.3799,4.0034,95.9966,AG03-B-v1,15456921.1887,671484098.0779,15534035.6350,14893305.2551,77114.4463,0.02001132,0.01918591,0.00009934,100.4235,2398.2623,55.1274,115810.4429,2711.8685,5584622.4549,2100.7770,96.5457,101.6010,5.0,13.5995,51.6356,166.3617,316.2227,1321.5364,12.2634,-2.1082,23.252461,97.175088,7.384332,1,69,492387,16,0.22392637,0.02073738,0.02337019,0.00080481,0.039447,0.902158,0.079917,-0.00339247,2026-03-21,2026-08-06,139,5936,139,139,1.000000,0.950244,1.039911,0.720528,5,0.10372340425531915,0.12234042553191489,0.7925531914893617,D VIP 优质 · 加码留存，严禁误伤,326,1
2026-03-30,2,114594054,4,1,4,0,12,28,残靴：截断／换荷官／开收台可疑,87.0,776262521.2371,700311784.2039,16097651.5686,7729888,292008,-0.02073738,-0.02337019,-0.01997772,-0.02146344,-16097651.5686,776262521.2371,OK,563615.9336,640730.3799,4.0034,95.9966,AG03-B-v1,15456921.1887,671484098.0779,15534035.6350,14893305.2551,77114.4463,0.02001132,0.01918591,0.00009934,100.4235,2398.2623,55.1274,115810.4429,2711.8685,5584622.4549,2100.7770,96.5457,101.6010,5.0,13.5995,51.6356,166.3617,316.2227,1321.5364,12.2634,-2.1082,23.252461,97.175088,7.384332,1,69,492387,16,0.22392637,0.02073738,0.02337019,0.00080481,0.039447,0.902158,0.079917,-0.00339247,2026-03-21,2026-08-06,139,5936,139,139,1.000000,0.950244,1.039911,0.720528,5,0.10372340425531915,0.12234042553191489,0.7925531914893617,D VIP 优质 · 加码留存，严禁误伤,327,1
2026-04-28,2,114625487,1,1,1,0,4,4,残靴：截断／换荷官／开收台可疑,87.0,776262521.2371,700311784.2039,16097651.5686,7729888,292008,-0.02073738,-0.02337019,-0.01997772,-0.02146344,-16097651.5686,776262521.2371,OK,563615.9336,640730.3799,4.0034,95.9966,AG03-B-v1,15456921.1887,671484098.0779,15534035.6350,14893305.2551,77114.4463,0.02001132,0.01918591,0.00009934,100.4235,2398.2623,55.1274,115810.4429,2711.8685,5584622.4549,2100.7770,96.5457,101.6010,5.0,13.5995,51.6356,166.3617,316.2227,1321.5364,12.2634,-2.1082,23.252461,97.175088,7.384332,1,69,492387,16,0.22392637,0.02073738,0.02337019,0.00080481,0.039447,0.902158,0.079917,-0.00339247,2026-03-21,2026-08-06,139,5936,139,139,1.000000,0.950244,1.039911,0.720528,5,0.10372340425531915,0.12234042553191489,0.7925531914893617,D VIP 优质 · 加码留存，严禁误伤,328,1
2026-04-29,2,114626577,3,1,3,0,17,27,残靴：截断／换荷官／开收台可疑,87.0,776262521.2371,700311784.2039,16097651.5686,7729888,292008,-0.02073738,-0.02337019,-0.01997772,-0.02146344,-16097651.5686,776262521.2371,OK,563615.9336,640730.3799,4.0034,95.9966,AG03-B-v1,15456921.1887,671484098.0779,15534035.6350,14893305.2551,77114.4463,0.02001132,0.01918591,0.00009934,100.4235,2398.2623,55.1274,115810.4429,2711.8685,5584622.4549,2100.7770,96.5457,101.6010,5.0,13.5995,51.6356,166.3617,316.2227,1321.5364,12.2634,-2.1082,23.252461,97.175088,7.384332,1,69,492387,16,0.22392637,0.02073738,0.02337019,0.00080481,0.039447,0.902158,0.079917,-0.00339247,2026-03-21,2026-08-06,139,5936,139,139,1.000000,0.950244,1.039911,0.720528,4,0.10372340425531915,0.12234042553191489,0.7925531914893617,D VIP 优质 · 加码留存，严禁误伤,329,1
2026-05-20,2,114649200,2,1,2,0,10,11,残靴：截断／换荷官／开收台可疑,87.0,776262521.2371,700311784.2039,16097651.5686,7729888,292008,-0.02073738,-0.02337019,-0.01997772,-0.02146344,-16097651.5686,776262521.2371,OK,563615.9336,640730.3799,4.0034,95.9966,AG03-B-v1,15456921.1887,671484098.0779,15534035.6350,14893305.2551,77114.4463,0.02001132,0.01918591,0.00009934,100.4235,2398.2623,55.1274,115810.4429,2711.8685,5584622.4549,2100.7770,96.5457,101.6010,5.0,13.5995,51.6356,166.3617,316.2227,1321.5364,12.2634,-2.1082,23.252461,97.175088,7.384332,1,69,492387,16,0.22392637,0.02073738,0.02337019,0.00080481,0.039447,0.902158,0.079917,-0.00339247,2026-03-21,2026-08-06,139,5936,139,139,1.000000,0.950244,1.039911,0.720528,4,0.10372340425531915,0.12234042553191489,0.7925531914893617,D VIP 优质 · 加码留存，严禁误伤,330,1
2026-05-25,2,114653503,3,1,3,0,29,46,残靴：截断／换荷官／开收台可疑,87.0,776262521.2371,700311784.2039,16097651.5686,7729888,292008,-0.02073738,-0.02337019,-0.01997772,-0.02146344,-16097651.5686,776262521.2371,OK,563615.9336,640730.3799,4.0034,95.9966,AG03-B-v1,15456921.1887,671484098.0779,15534035.6350,14893305.2551,77114.4463,0.02001132,0.01918591,0.00009934,100.4235,2398.2623,55.1274,115810.4429,2711.8685,5584622.4549,2100.7770,96.5457,101.6010,5.0,13.5995,51.6356,166.3617,316.2227,1321.5364,12.2634,-2.1082,23.252461,97.175088,7.384332,1,69,492387,16,0.22392637,0.02073738,0.02337019,0.00080481,0.039447,0.902158,0.079917,-0.00339247,2026-03-21,2026-08-06,139,5936,139,139,1.000000,0.950244,1.039911,0.720528,5,0.10372340425531915,0.12234042553191489,0.7925531914893617,D VIP 优质 · 加码留存，严禁误伤,331,1
2026-05-31,2,114661031,3,1,3,0,7,14,残靴：截断／换荷官／开收台可疑,87.0,776262521.2371,700311784.2039,16097651.5686,7729888,292008,-0.02073738,-0.02337019,-0.01997772,-0.02146344,-16097651.5686,776262521.2371,OK,563615.9336,640730.3799,4.0034,95.9966,AG03-B-v1,15456921.1887,671484098.0779,15534035.6350,14893305.2551,77114.4463,0.02001132,0.01918591,0.00009934,100.4235,2398.2623,55.1274,115810.4429,2711.8685,5584622.4549,2100.7770,96.5457,101.6010,5.0,13.5995,51.6356,166.3617,316.2227,1321.5364,12.2634,-2.1082,23.252461,97.175088,7.384332,1,69,492387,16,0.22392637,0.02073738,0.02337019,0.00080481,0.039447,0.902158,0.079917,-0.00339247,2026-03-21,2026-08-06,139,5936,139,139,1.000000,0.950244,1.039911,0.720528,5,0.10372340425531915,0.12234042553191489,0.7925531914893617,D VIP 优质 · 加码留存，严禁误伤,332,1
2026-06-10,2,114672464,1,1,1,0,3,3,残靴：截断／换荷官／开收台可疑,87.0,776262521.2371,700311784.2039,16097651.5686,7729888,292008,-0.02073738,-0.02337019,-0.01997772,-0.02146344,-16097651.5686,776262521.2371,OK,563615.9336,640730.3799,4.0034,95.9966,AG03-B-v1,15456921.1887,671484098.0779,15534035.6350,14893305.2551,77114.4463,0.02001132,0.01918591,0.00009934,100.4235,2398.2623,55.1274,115810.4429,2711.8685,5584622.4549,2100.7770,96.5457,101.6010,5.0,13.5995,51.6356,166.3617,316.2227,1321.5364,12.2634,-2.1082,23.252461,97.175088,7.384332,1,69,492387,16,0.22392637,0.02073738,0.02337019,0.00080481,0.039447,0.902158,0.079917,-0.00339247,2026-03-21,2026-08-06,139,5936,139,139,1.000000,0.950244,1.039911,0.720528,5,0.10372340425531915,0.12234042553191489,0.7925531914893617,D VIP 优质 · 加码留存，严禁误伤,333,1
2026-06-11,2,114673571,3,1,3,0,12,21,残靴：截断／换荷官／开收台可疑,87.0,776262521.2371,700311784.2039,16097651.5686,7729888,292008,-0.02073738,-0.02337019,-0.01997772,-0.02146344,-16097651.5686,776262521.2371,OK,563615.9336,640730.3799,4.0034,95.9966,AG03-B-v1,15456921.1887,671484098.0779,15534035.6350,14893305.2551,77114.4463,0.02001132,0.01918591,0.00009934,100.4235,2398.2623,55.1274,115810.4429,2711.8685,5584622.4549,2100.7770,96.5457,101.6010,5.0,13.5995,51.6356,166.3617,316.2227,1321.5364,12.2634,-2.1082,23.252461,97.175088,7.384332,1,69,492387,16,0.22392637,0.02073738,0.02337019,0.00080481,0.039447,0.902158,0.079917,-0.00339247,2026-03-21,2026-08-06,139,5936,139,139,1.000000,0.950244,1.039911,0.720528,5,0.10372340425531915,0.12234042553191489,0.7925531914893617,D VIP 优质 · 加码留存，严禁误伤,334,1
2026-06-26,2,114689986,2,1,2,0,3,6,残靴：截断／换荷官／开收台可疑,87.0,776262521.2371,700311784.2039,16097651.5686,7729888,292008,-0.02073738,-0.02337019,-0.01997772,-0.02146344,-16097651.5686,776262521.2371,OK,563615.9336,640730.3799,4.0034,95.9966,AG03-B-v1,15456921.1887,671484098.0779,15534035.6350,14893305.2551,77114.4463,0.02001132,0.01918591,0.00009934,100.4235,2398.2623,55.1274,115810.4429,2711.8685,5584622.4549,2100.7770,96.5457,101.6010,5.0,13.5995,51.6356,166.3617,316.2227,1321.5364,12.2634,-2.1082,23.252461,97.175088,7.384332,1,69,492387,16,0.22392637,0.02073738,0.02337019,0.00080481,0.039447,0.902158,0.079917,-0.00339247,2026-03-21,2026-08-06,139,5936,139,139,1.000000,0.950244,1.039911,0.720528,4,0.10372340425531915,0.12234042553191489,0.7925531914893617,D VIP 优质 · 加码留存，严禁误伤,335,1
2026-06-30,2,114694395,4,1,4,0,22,53,残靴：截断／换荷官／开收台可疑,87.0,776262521.2371,700311784.2039,16097651.5686,7729888,292008,-0.02073738,-0.02337019,-0.01997772,-0.02146344,-16097651.5686,776262521.2371,OK,563615.9336,640730.3799,4.0034,95.9966,AG03-B-v1,15456921.1887,671484098.0779,15534035.6350,14893305.2551,77114.4463,0.02001132,0.01918591,0.00009934,100.4235,2398.2623,55.1274,115810.4429,2711.8685,5584622.4549,2100.7770,96.5457,101.6010,5.0,13.5995,51.6356,166.3617,316.2227,1321.5364,12.2634,-2.1082,23.252461,97.175088,7.384332,1,69,492387,16,0.22392637,0.02073738,0.02337019,0.00080481,0.039447,0.902158,0.079917,-0.00339247,2026-03-21,2026-08-06,139,5936,139,139,1.000000,0.950244,1.039911,0.720528,4,0.10372340425531915,0.12234042553191489,0.7925531914893617,D VIP 优质 · 加码留存，严禁误伤,336,1
2026-07-08,2,114703654,3,1,3,0,8,17,残靴：截断／换荷官／开收台可疑,87.0,776262521.2371,700311784.2039,16097651.5686,7729888,292008,-0.02073738,-0.02337019,-0.01997772,-0.02146344,-16097651.5686,776262521.2371,OK,563615.9336,640730.3799,4.0034,95.9966,AG03-B-v1,15456921.1887,671484098.0779,15534035.6350,14893305.2551,77114.4463,0.02001132,0.01918591,0.00009934,100.4235,2398.2623,55.1274,115810.4429,2711.8685,5584622.4549,2100.7770,96.5457,101.6010,5.0,13.5995,51.6356,166.3617,316.2227,1321.5364,12.2634,-2.1082,23.252461,97.175088,7.384332,1,69,492387,16,0.22392637,0.02073738,0.02337019,0.00080481,0.039447,0.902158,0.079917,-0.00339247,2026-03-21,2026-08-06,139,5936,139,139,1.000000,0.950244,1.039911,0.720528,5,0.10372340425531915,0.12234042553191489,0.7925531914893617,D VIP 优质 · 加码留存，严禁误伤,337,1
2026-07-18,2,114714695,2,1,2,0,5,6,残靴：截断／换荷官／开收台可疑,87.0,776262521.2371,700311784.2039,16097651.5686,7729888,292008,-0.02073738,-0.02337019,-0.01997772,-0.02146344,-16097651.5686,776262521.2371,OK,563615.9336,640730.3799,4.0034,95.9966,AG03-B-v1,15456921.1887,671484098.0779,15534035.6350,14893305.2551,77114.4463,0.02001132,0.01918591,0.00009934,100.4235,2398.2623,55.1274,115810.4429,2711.8685,5584622.4549,2100.7770,96.5457,101.6010,5.0,13.5995,51.6356,166.3617,316.2227,1321.5364,12.2634,-2.1082,23.252461,97.175088,7.384332,1,69,492387,16,0.22392637,0.02073738,0.02337019,0.00080481,0.039447,0.902158,0.079917,-0.00339247,2026-03-21,2026-08-06,139,5936,139,139,1.000000,0.950244,1.039911,0.720528,5,0.10372340425531915,0.12234042553191489,0.7925531914893617,D VIP 优质 · 加码留存，严禁误伤,338,1
2026-04-13,115,114609364,1,1,1,0,9,9,残靴：截断／换荷官／开收台可疑,87.0,991255525.4243,892403213.5112,16412464.3730,9457325,216972,-0.01655725,-0.01899725,-0.01588350,-0.01707506,-16412464.3730,991255525.4243,OK,513278.8688,662216.8170,3.9861,96.0139,AG03-B-v1,15750247.5561,856341284.0264,15899185.5042,15236968.6873,148937.9482,0.01603944,0.01537138,0.00015025,104.8135,4112.9879,75.6432,118075.2833,3702.3380,7131334.7153,1560.9496,98.1685,106.8099,5.1431,15.4901,51.8914,170.4676,332.7233,1382.2052,12.8578,-2.5716,21.479752,89.231572,6.766488,1,47,575440,16,0.21637850,0.01655725,0.01899725,0.00057516,0.037761,0.900276,0.066329,-0.00311375,2026-03-21,2026-08-06,139,4433,139,139,1.000000,0.919095,1.071135,0.733004,5,0.07180851063829788,0.5638297872340425,0.8909574468085106,D VIP 优质 · 加码留存，严禁误伤,339,1
2026-04-18,115,114614769,4,1,4,0,27,51,残靴：截断／换荷官／开收台可疑,87.0,991255525.4243,892403213.5112,16412464.3730,9457325,216972,-0.01655725,-0.01899725,-0.01588350,-0.01707506,-16412464.3730,991255525.4243,OK,513278.8688,662216.8170,3.9861,96.0139,AG03-B-v1,15750247.5561,856341284.0264,15899185.5042,15236968.6873,148937.9482,0.01603944,0.01537138,0.00015025,104.8135,4112.9879,75.6432,118075.2833,3702.3380,7131334.7153,1560.9496,98.1685,106.8099,5.1431,15.4901,51.8914,170.4676,332.7233,1382.2052,12.8578,-2.5716,21.479752,89.231572,6.766488,1,47,575440,16,0.21637850,0.01655725,0.01899725,0.00057516,0.037761,0.900276,0.066329,-0.00311375,2026-03-21,2026-08-06,139,4433,139,139,1.000000,0.919095,1.071135,0.733004,5,0.07180851063829788,0.5638297872340425,0.8909574468085106,D VIP 优质 · 加码留存，严禁误伤,340,1
2026-04-26,115,114623282,2,1,2,0,11,14,残靴：截断／换荷官／开收台可疑,87.0,991255525.4243,892403213.5112,16412464.3730,9457325,216972,-0.01655725,-0.01899725,-0.01588350,-0.01707506,-16412464.3730,991255525.4243,OK,513278.8688,662216.8170,3.9861,96.0139,AG03-B-v1,15750247.5561,856341284.0264,15899185.5042,15236968.6873,148937.9482,0.01603944,0.01537138,0.00015025,104.8135,4112.9879,75.6432,118075.2833,3702.3380,7131334.7153,1560.9496,98.1685,106.8099,5.1431,15.4901,51.8914,170.4676,332.7233,1382.2052,12.8578,-2.5716,21.479752,89.231572,6.766488,1,47,575440,16,0.21637850,0.01655725,0.01899725,0.00057516,0.037761,0.900276,0.066329,-0.00311375,2026-03-21,2026-08-06,139,4433,139,139,1.000000,0.919095,1.071135,0.733004,5,0.07180851063829788,0.5638297872340425,0.8909574468085106,D VIP 优质 · 加码留存，严禁误伤,341,1
2026-05-16,115,114645031,1,1,1,0,5,5,残靴：截断／换荷官／开收台可疑,87.0,991255525.4243,892403213.5112,16412464.3730,9457325,216972,-0.01655725,-0.01899725,-0.01588350,-0.01707506,-16412464.3730,991255525.4243,OK,513278.8688,662216.8170,3.9861,96.0139,AG03-B-v1,15750247.5561,856341284.0264,15899185.5042,15236968.6873,148937.9482,0.01603944,0.01537138,0.00015025,104.8135,4112.9879,75.6432,118075.2833,3702.3380,7131334.7153,1560.9496,98.1685,106.8099,5.1431,15.4901,51.8914,170.4676,332.7233,1382.2052,12.8578,-2.5716,21.479752,89.231572,6.766488,1,47,575440,16,0.21637850,0.01655725,0.01899725,0.00057516,0.037761,0.900276,0.066329,-0.00311375,2026-03-21,2026-08-06,139,4433,139,139,1.000000,0.919095,1.071135,0.733004,5,0.07180851063829788,0.5638297872340425,0.8909574468085106,D VIP 优质 · 加码留存，严禁误伤,342,1
2026-06-15,115,114677806,2,1,2,0,12,25,残靴：截断／换荷官／开收台可疑,87.0,991255525.4243,892403213.5112,16412464.3730,9457325,216972,-0.01655725,-0.01899725,-0.01588350,-0.01707506,-16412464.3730,991255525.4243,OK,513278.8688,662216.8170,3.9861,96.0139,AG03-B-v1,15750247.5561,856341284.0264,15899185.5042,15236968.6873,148937.9482,0.01603944,0.01537138,0.00015025,104.8135,4112.9879,75.6432,118075.2833,3702.3380,7131334.7153,1560.9496,98.1685,106.8099,5.1431,15.4901,51.8914,170.4676,332.7233,1382.2052,12.8578,-2.5716,21.479752,89.231572,6.766488,1,47,575440,16,0.21637850,0.01655725,0.01899725,0.00057516,0.037761,0.900276,0.066329,-0.00311375,2026-03-21,2026-08-06,139,4433,139,139,1.000000,0.919095,1.071135,0.733004,5,0.07180851063829788,0.5638297872340425,0.8909574468085106,D VIP 优质 · 加码留存，严禁误伤,343,1
2026-06-17,115,114680014,5,1,5,0,27,56,残靴：截断／换荷官／开收台可疑,87.0,991255525.4243,892403213.5112,16412464.3730,9457325,216972,-0.01655725,-0.01899725,-0.01588350,-0.01707506,-16412464.3730,991255525.4243,OK,513278.8688,662216.8170,3.9861,96.0139,AG03-B-v1,15750247.5561,856341284.0264,15899185.5042,15236968.6873,148937.9482,0.01603944,0.01537138,0.00015025,104.8135,4112.9879,75.6432,118075.2833,3702.3380,7131334.7153,1560.9496,98.1685,106.8099,5.1431,15.4901,51.8914,170.4676,332.7233,1382.2052,12.8578,-2.5716,21.479752,89.231572,6.766488,1,47,575440,16,0.21637850,0.01655725,0.01899725,0.00057516,0.037761,0.900276,0.066329,-0.00311375,2026-03-21,2026-08-06,139,4433,139,139,1.000000,0.919095,1.071135,0.733004,5,0.07180851063829788,0.5638297872340425,0.8909574468085106,D VIP 优质 · 加码留存，严禁误伤,344,1
2026-06-23,115,114686606,1,1,1,0,4,4,残靴：截断／换荷官／开收台可疑,87.0,991255525.4243,892403213.5112,16412464.3730,9457325,216972,-0.01655725,-0.01899725,-0.01588350,-0.01707506,-16412464.3730,991255525.4243,OK,513278.8688,662216.8170,3.9861,96.0139,AG03-B-v1,15750247.5561,856341284.0264,15899185.5042,15236968.6873,148937.9482,0.01603944,0.01537138,0.00015025,104.8135,4112.9879,75.6432,118075.2833,3702.3380,7131334.7153,1560.9496,98.1685,106.8099,5.1431,15.4901,51.8914,170.4676,332.7233,1382.2052,12.8578,-2.5716,21.479752,89.231572,6.766488,1,47,575440,16,0.21637850,0.01655725,0.01899725,0.00057516,0.037761,0.900276,0.066329,-0.00311375,2026-03-21,2026-08-06,139,4433,139,139,1.000000,0.919095,1.071135,0.733004,5,0.07180851063829788,0.5638297872340425,0.8909574468085106,D VIP 优质 · 加码留存，严禁误伤,345,1
2026-06-27,115,114691125,4,1,4,0,29,67,残靴：截断／换荷官／开收台可疑,87.0,991255525.4243,892403213.5112,16412464.3730,9457325,216972,-0.01655725,-0.01899725,-0.01588350,-0.01707506,-16412464.3730,991255525.4243,OK,513278.8688,662216.8170,3.9861,96.0139,AG03-B-v1,15750247.5561,856341284.0264,15899185.5042,15236968.6873,148937.9482,0.01603944,0.01537138,0.00015025,104.8135,4112.9879,75.6432,118075.2833,3702.3380,7131334.7153,1560.9496,98.1685,106.8099,5.1431,15.4901,51.8914,170.4676,332.7233,1382.2052,12.8578,-2.5716,21.479752,89.231572,6.766488,1,47,575440,16,0.21637850,0.01655725,0.01899725,0.00057516,0.037761,0.900276,0.066329,-0.00311375,2026-03-21,2026-08-06,139,4433,139,139,1.000000,0.919095,1.071135,0.733004,5,0.07180851063829788,0.5638297872340425,0.8909574468085106,D VIP 优质 · 加码留存，严禁误伤,346,1
2026-06-30,115,114694390,5,1,5,0,35,55,残靴：截断／换荷官／开收台可疑,87.0,991255525.4243,892403213.5112,16412464.3730,9457325,216972,-0.01655725,-0.01899725,-0.01588350,-0.01707506,-16412464.3730,991255525.4243,OK,513278.8688,662216.8170,3.9861,96.0139,AG03-B-v1,15750247.5561,856341284.0264,15899185.5042,15236968.6873,148937.9482,0.01603944,0.01537138,0.00015025,104.8135,4112.9879,75.6432,118075.2833,3702.3380,7131334.7153,1560.9496,98.1685,106.8099,5.1431,15.4901,51.8914,170.4676,332.7233,1382.2052,12.8578,-2.5716,21.479752,89.231572,6.766488,1,47,575440,16,0.21637850,0.01655725,0.01899725,0.00057516,0.037761,0.900276,0.066329,-0.00311375,2026-03-21,2026-08-06,139,4433,139,139,1.000000,0.919095,1.071135,0.733004,5,0.07180851063829788,0.5638297872340425,0.8909574468085106,D VIP 优质 · 加码留存，严禁误伤,347,1
2026-07-01,115,114695556,3,1,3,0,18,28,残靴：截断／换荷官／开收台可疑,87.0,991255525.4243,892403213.5112,16412464.3730,9457325,216972,-0.01655725,-0.01899725,-0.01588350,-0.01707506,-16412464.3730,991255525.4243,OK,513278.8688,662216.8170,3.9861,96.0139,AG03-B-v1,15750247.5561,856341284.0264,15899185.5042,15236968.6873,148937.9482,0.01603944,0.01537138,0.00015025,104.8135,4112.9879,75.6432,118075.2833,3702.3380,7131334.7153,1560.9496,98.1685,106.8099,5.1431,15.4901,51.8914,170.4676,332.7233,1382.2052,12.8578,-2.5716,21.479752,89.231572,6.766488,1,47,575440,16,0.21637850,0.01655725,0.01899725,0.00057516,0.037761,0.900276,0.066329,-0.00311375,2026-03-21,2026-08-06,139,4433,139,139,1.000000,0.919095,1.071135,0.733004,5,0.07180851063829788,0.5638297872340425,0.8909574468085106,D VIP 优质 · 加码留存，严禁误伤,348,1
2026-07-04,115,114699258,4,1,4,0,27,50,残靴：截断／换荷官／开收台可疑,87.0,991255525.4243,892403213.5112,16412464.3730,9457325,216972,-0.01655725,-0.01899725,-0.01588350,-0.01707506,-16412464.3730,991255525.4243,OK,513278.8688,662216.8170,3.9861,96.0139,AG03-B-v1,15750247.5561,856341284.0264,15899185.5042,15236968.6873,148937.9482,0.01603944,0.01537138,0.00015025,104.8135,4112.9879,75.6432,118075.2833,3702.3380,7131334.7153,1560.9496,98.1685,106.8099,5.1431,15.4901,51.8914,170.4676,332.7233,1382.2052,12.8578,-2.5716,21.479752,89.231572,6.766488,1,47,575440,16,0.21637850,0.01655725,0.01899725,0.00057516,0.037761,0.900276,0.066329,-0.00311375,2026-03-21,2026-08-06,139,4433,139,139,1.000000,0.919095,1.071135,0.733004,5,0.07180851063829788,0.5638297872340425,0.8909574468085106,D VIP 优质 · 加码留存，严禁误伤,349,1
2026-07-06,115,114701381,3,1,3,0,14,26,残靴：截断／换荷官／开收台可疑,87.0,991255525.4243,892403213.5112,16412464.3730,9457325,216972,-0.01655725,-0.01899725,-0.01588350,-0.01707506,-16412464.3730,991255525.4243,OK,513278.8688,662216.8170,3.9861,96.0139,AG03-B-v1,15750247.5561,856341284.0264,15899185.5042,15236968.6873,148937.9482,0.01603944,0.01537138,0.00015025,104.8135,4112.9879,75.6432,118075.2833,3702.3380,7131334.7153,1560.9496,98.1685,106.8099,5.1431,15.4901,51.8914,170.4676,332.7233,1382.2052,12.8578,-2.5716,21.479752,89.231572,6.766488,1,47,575440,16,0.21637850,0.01655725,0.01899725,0.00057516,0.037761,0.900276,0.066329,-0.00311375,2026-03-21,2026-08-06,139,4433,139,139,1.000000,0.919095,1.071135,0.733004,5,0.07180851063829788,0.5638297872340425,0.8909574468085106,D VIP 优质 · 加码留存，严禁误伤,350,1
2026-05-06,116,114634561,1,1,1,0,5,5,残靴：截断／换荷官／开收台可疑,87.0,900525776.9495,808026104.8717,17398672.1763,8632441,218682,-0.01932057,-0.02050404,-0.01897974,-0.01986533,-17398672.1763,900525776.9495,OK,490568.7965,674333.0494,3.9925,96.0075,AG03-B-v1,16724339.1268,775219488.0511,16908103.3798,16233770.3303,183764.2529,0.01877581,0.01802699,0.00020406,104.3188,3694.9822,79.5615,125170.3034,3864.6540,6478602.7119,1573.2518,98.9572,105.9723,5.1431,15.4108,51.8914,170.4158,331.4281,1373.1447,12.8578,-2.5716,21.50627,89.102954,6.769216,1,50,552688,16,0.22359647,0.01932057,0.02050404,0.00060712,0.038402,0.897283,0.067232,-0.00152430,2026-03-21,2026-08-06,139,4502,139,139,1.000000,0.933802,1.065497,0.742755,5,0.047872340425531915,0.2393617021276596,0.8670212765957447,D VIP 优质 · 加码留存，严禁误伤,351,1
2026-05-15,116,114643965,3,1,3,0,22,36,残靴：截断／换荷官／开收台可疑,87.0,900525776.9495,808026104.8717,17398672.1763,8632441,218682,-0.01932057,-0.02050404,-0.01897974,-0.01986533,-17398672.1763,900525776.9495,OK,490568.7965,674333.0494,3.9925,96.0075,AG03-B-v1,16724339.1268,775219488.0511,16908103.3798,16233770.3303,183764.2529,0.01877581,0.01802699,0.00020406,104.3188,3694.9822,79.5615,125170.3034,3864.6540,6478602.7119,1573.2518,98.9572,105.9723,5.1431,15.4108,51.8914,170.4158,331.4281,1373.1447,12.8578,-2.5716,21.50627,89.102954,6.769216,1,50,552688,16,0.22359647,0.01932057,0.02050404,0.00060712,0.038402,0.897283,0.067232,-0.00152430,2026-03-21,2026-08-06,139,4502,139,139,1.000000,0.933802,1.065497,0.742755,5,0.047872340425531915,0.2393617021276596,0.8670212765957447,D VIP 优质 · 加码留存，严禁误伤,352,1
2026-05-19,116,114648125,5,1,5,0,30,68,残靴：截断／换荷官／开收台可疑,87.0,900525776.9495,808026104.8717,17398672.1763,8632441,218682,-0.01932057,-0.02050404,-0.01897974,-0.01986533,-17398672.1763,900525776.9495,OK,490568.7965,674333.0494,3.9925,96.0075,AG03-B-v1,16724339.1268,775219488.0511,16908103.3798,16233770.3303,183764.2529,0.01877581,0.01802699,0.00020406,104.3188,3694.9822,79.5615,125170.3034,3864.6540,6478602.7119,1573.2518,98.9572,105.9723,5.1431,15.4108,51.8914,170.4158,331.4281,1373.1447,12.8578,-2.5716,21.50627,89.102954,6.769216,1,50,552688,16,0.22359647,0.01932057,0.02050404,0.00060712,0.038402,0.897283,0.067232,-0.00152430,2026-03-21,2026-08-06,139,4502,139,139,1.000000,0.933802,1.065497,0.742755,5,0.047872340425531915,0.2393617021276596,0.8670212765957447,D VIP 优质 · 加码留存，严禁误伤,353,1
2026-06-09,116,114671361,1,1,1,0,4,4,残靴：截断／换荷官／开收台可疑,87.0,900525776.9495,808026104.8717,17398672.1763,8632441,218682,-0.01932057,-0.02050404,-0.01897974,-0.01986533,-17398672.1763,900525776.9495,OK,490568.7965,674333.0494,3.9925,96.0075,AG03-B-v1,16724339.1268,775219488.0511,16908103.3798,16233770.3303,183764.2529,0.01877581,0.01802699,0.00020406,104.3188,3694.9822,79.5615,125170.3034,3864.6540,6478602.7119,1573.2518,98.9572,105.9723,5.1431,15.4108,51.8914,170.4158,331.4281,1373.1447,12.8578,-2.5716,21.50627,89.102954,6.769216,1,50,552688,16,0.22359647,0.01932057,0.02050404,0.00060712,0.038402,0.897283,0.067232,-0.00152430,2026-03-21,2026-08-06,139,4502,139,139,1.000000,0.933802,1.065497,0.742755,5,0.047872340425531915,0.2393617021276596,0.8670212765957447,D VIP 优质 · 加码留存，严禁误伤,354,1
2026-06-10,116,114672454,4,1,4,0,36,52,残靴：截断／换荷官／开收台可疑,87.0,900525776.9495,808026104.8717,17398672.1763,8632441,218682,-0.01932057,-0.02050404,-0.01897974,-0.01986533,-17398672.1763,900525776.9495,OK,490568.7965,674333.0494,3.9925,96.0075,AG03-B-v1,16724339.1268,775219488.0511,16908103.3798,16233770.3303,183764.2529,0.01877581,0.01802699,0.00020406,104.3188,3694.9822,79.5615,125170.3034,3864.6540,6478602.7119,1573.2518,98.9572,105.9723,5.1431,15.4108,51.8914,170.4158,331.4281,1373.1447,12.8578,-2.5716,21.50627,89.102954,6.769216,1,50,552688,16,0.22359647,0.01932057,0.02050404,0.00060712,0.038402,0.897283,0.067232,-0.00152430,2026-03-21,2026-08-06,139,4502,139,139,1.000000,0.933802,1.065497,0.742755,5,0.047872340425531915,0.2393617021276596,0.8670212765957447,D VIP 优质 · 加码留存，严禁误伤,355,1
2026-06-26,116,114689979,5,1,5,0,43,86,残靴：截断／换荷官／开收台可疑,87.0,900525776.9495,808026104.8717,17398672.1763,8632441,218682,-0.01932057,-0.02050404,-0.01897974,-0.01986533,-17398672.1763,900525776.9495,OK,490568.7965,674333.0494,3.9925,96.0075,AG03-B-v1,16724339.1268,775219488.0511,16908103.3798,16233770.3303,183764.2529,0.01877581,0.01802699,0.00020406,104.3188,3694.9822,79.5615,125170.3034,3864.6540,6478602.7119,1573.2518,98.9572,105.9723,5.1431,15.4108,51.8914,170.4158,331.4281,1373.1447,12.8578,-2.5716,21.50627,89.102954,6.769216,1,50,552688,16,0.22359647,0.01932057,0.02050404,0.00060712,0.038402,0.897283,0.067232,-0.00152430,2026-03-21,2026-08-06,139,4502,139,139,1.000000,0.933802,1.065497,0.742755,5,0.047872340425531915,0.2393617021276596,0.8670212765957447,D VIP 优质 · 加码留存，严禁误伤,356,1
2026-07-16,116,114712391,4,1,4,0,17,36,残靴：截断／换荷官／开收台可疑,87.0,900525776.9495,808026104.8717,17398672.1763,8632441,218682,-0.01932057,-0.02050404,-0.01897974,-0.01986533,-17398672.1763,900525776.9495,OK,490568.7965,674333.0494,3.9925,96.0075,AG03-B-v1,16724339.1268,775219488.0511,16908103.3798,16233770.3303,183764.2529,0.01877581,0.01802699,0.00020406,104.3188,3694.9822,79.5615,125170.3034,3864.6540,6478602.7119,1573.2518,98.9572,105.9723,5.1431,15.4108,51.8914,170.4158,331.4281,1373.1447,12.8578,-2.5716,21.50627,89.102954,6.769216,1,50,552688,16,0.22359647,0.01932057,0.02050404,0.00060712,0.038402,0.897283,0.067232,-0.00152430,2026-03-21,2026-08-06,139,4502,139,139,1.000000,0.933802,1.065497,0.742755,5,0.047872340425531915,0.2393617021276596,0.8670212765957447,D VIP 优质 · 加码留存，严禁误伤,357,1
2026-07-27,116,114724603,3,1,3,0,17,35,残靴：截断／换荷官／开收台可疑,87.0,900525776.9495,808026104.8717,17398672.1763,8632441,218682,-0.01932057,-0.02050404,-0.01897974,-0.01986533,-17398672.1763,900525776.9495,OK,490568.7965,674333.0494,3.9925,96.0075,AG03-B-v1,16724339.1268,775219488.0511,16908103.3798,16233770.3303,183764.2529,0.01877581,0.01802699,0.00020406,104.3188,3694.9822,79.5615,125170.3034,3864.6540,6478602.7119,1573.2518,98.9572,105.9723,5.1431,15.4108,51.8914,170.4158,331.4281,1373.1447,12.8578,-2.5716,21.50627,89.102954,6.769216,1,50,552688,16,0.22359647,0.01932057,0.02050404,0.00060712,0.038402,0.897283,0.067232,-0.00152430,2026-03-21,2026-08-06,139,4502,139,139,1.000000,0.933802,1.065497,0.742755,5,0.047872340425531915,0.2393617021276596,0.8670212765957447,D VIP 优质 · 加码留存，严禁误伤,358,1
2026-07-29,116,114726861,3,1,3,0,20,33,残靴：截断／换荷官／开收台可疑,87.0,900525776.9495,808026104.8717,17398672.1763,8632441,218682,-0.01932057,-0.02050404,-0.01897974,-0.01986533,-17398672.1763,900525776.9495,OK,490568.7965,674333.0494,3.9925,96.0075,AG03-B-v1,16724339.1268,775219488.0511,16908103.3798,16233770.3303,183764.2529,0.01877581,0.01802699,0.00020406,104.3188,3694.9822,79.5615,125170.3034,3864.6540,6478602.7119,1573.2518,98.9572,105.9723,5.1431,15.4108,51.8914,170.4158,331.4281,1373.1447,12.8578,-2.5716,21.50627,89.102954,6.769216,1,50,552688,16,0.22359647,0.01932057,0.02050404,0.00060712,0.038402,0.897283,0.067232,-0.00152430,2026-03-21,2026-08-06,139,4502,139,139,1.000000,0.933802,1.065497,0.742755,5,0.047872340425531915,0.2393617021276596,0.8670212765957447,D VIP 优质 · 加码留存，严禁误伤,359,1
2026-04-05,112,114600396,5,1,5,0,38,104,残靴：截断／换荷官／开收台可疑,87.0,1080805377.6248,966609014.8193,19137916.4968,10078874,216283,-0.01770709,-0.02646443,-0.01519843,-0.01818892,-19137916.4968,1080805377.6248,OK,520765.9988,779562.5703,3.9708,96.0292,AG03-B-v1,18358353.9264,927769853.5273,18617150.4979,17837587.9276,258796.5715,0.01722526,0.01650398,0.00023945,107.2347,4469.1863,88.4855,137682.8525,4301.6220,7775578.2563,1555.9928,103.7567,108.2744,5.1431,15.4907,51.8914,172.3198,337.5108,1456.5642,12.8578,-2.5716,21.788007,94.0285,6.922538,1,46,608693,16,0.22267492,0.01770709,0.02646443,0.00053876,0.036039,0.894341,0.065407,-0.01126600,2026-03-21,2026-08-06,139,4449,139,139,1.000000,0.958275,1.127158,0.753448,5,0.0,0.35106382978723405,0.9547872340425532,D VIP 优质 · 加码留存，严禁误伤,360,1
2026-04-09,112,114605277,5,1,5,0,38,77,残靴：截断／换荷官／开收台可疑,87.0,1080805377.6248,966609014.8193,19137916.4968,10078874,216283,-0.01770709,-0.02646443,-0.01519843,-0.01818892,-19137916.4968,1080805377.6248,OK,520765.9988,779562.5703,3.9708,96.0292,AG03-B-v1,18358353.9264,927769853.5273,18617150.4979,17837587.9276,258796.5715,0.01722526,0.01650398,0.00023945,107.2347,4469.1863,88.4855,137682.8525,4301.6220,7775578.2563,1555.9928,103.7567,108.2744,5.1431,15.4907,51.8914,172.3198,337.5108,1456.5642,12.8578,-2.5716,21.788007,94.0285,6.922538,1,46,608693,16,0.22267492,0.01770709,0.02646443,0.00053876,0.036039,0.894341,0.065407,-0.01126600,2026-03-21,2026-08-06,139,4449,139,139,1.000000,0.958275,1.127158,0.753448,5,0.0,0.35106382978723405,0.9547872340425532,D VIP 优质 · 加码留存，严禁误伤,361,1
2026-04-15,112,114611397,5,1,5,0,30,62,残靴：截断／换荷官／开收台可疑,87.0,1080805377.6248,966609014.8193,19137916.4968,10078874,216283,-0.01770709,-0.02646443,-0.01519843,-0.01818892,-19137916.4968,1080805377.6248,OK,520765.9988,779562.5703,3.9708,96.0292,AG03-B-v1,18358353.9264,927769853.5273,18617150.4979,17837587.9276,258796.5715,0.01722526,0.01650398,0.00023945,107.2347,4469.1863,88.4855,137682.8525,4301.6220,7775578.2563,1555.9928,103.7567,108.2744,5.1431,15.4907,51.8914,172.3198,337.5108,1456.5642,12.8578,-2.5716,21.788007,94.0285,6.922538,1,46,608693,16,0.22267492,0.01770709,0.02646443,0.00053876,0.036039,0.894341,0.065407,-0.01126600,2026-03-21,2026-08-06,139,4449,139,139,1.000000,0.958275,1.127158,0.753448,5,0.0,0.35106382978723405,0.9547872340425532,D VIP 优质 · 加码留存，严禁误伤,362,1
2026-04-21,112,114617920,2,1,2,0,16,23,残靴：截断／换荷官／开收台可疑,87.0,1080805377.6248,966609014.8193,19137916.4968,10078874,216283,-0.01770709,-0.02646443,-0.01519843,-0.01818892,-19137916.4968,1080805377.6248,OK,520765.9988,779562.5703,3.9708,96.0292,AG03-B-v1,18358353.9264,927769853.5273,18617150.4979,17837587.9276,258796.5715,0.01722526,0.01650398,0.00023945,107.2347,4469.1863,88.4855,137682.8525,4301.6220,7775578.2563,1555.9928,103.7567,108.2744,5.1431,15.4907,51.8914,172.3198,337.5108,1456.5642,12.8578,-2.5716,21.788007,94.0285,6.922538,1,46,608693,16,0.22267492,0.01770709,0.02646443,0.00053876,0.036039,0.894341,0.065407,-0.01126600,2026-03-21,2026-08-06,139,4449,139,139,1.000000,0.958275,1.127158,0.753448,5,0.0,0.35106382978723405,0.9547872340425532,D VIP 优质 · 加码留存，严禁误伤,363,1
2026-04-26,112,114623283,1,1,1,0,4,4,残靴：截断／换荷官／开收台可疑,87.0,1080805377.6248,966609014.8193,19137916.4968,10078874,216283,-0.01770709,-0.02646443,-0.01519843,-0.01818892,-19137916.4968,1080805377.6248,OK,520765.9988,779562.5703,3.9708,96.0292,AG03-B-v1,18358353.9264,927769853.5273,18617150.4979,17837587.9276,258796.5715,0.01722526,0.01650398,0.00023945,107.2347,4469.1863,88.4855,137682.8525,4301.6220,7775578.2563,1555.9928,103.7567,108.2744,5.1431,15.4907,51.8914,172.3198,337.5108,1456.5642,12.8578,-2.5716,21.788007,94.0285,6.922538,1,46,608693,16,0.22267492,0.01770709,0.02646443,0.00053876,0.036039,0.894341,0.065407,-0.01126600,2026-03-21,2026-08-06,139,4449,139,139,1.000000,0.958275,1.127158,0.753448,5,0.0,0.35106382978723405,0.9547872340425532,D VIP 优质 · 加码留存，严禁误伤,364,1
2026-04-27,112,114624391,3,1,3,0,38,50,残靴：截断／换荷官／开收台可疑,87.0,1080805377.6248,966609014.8193,19137916.4968,10078874,216283,-0.01770709,-0.02646443,-0.01519843,-0.01818892,-19137916.4968,1080805377.6248,OK,520765.9988,779562.5703,3.9708,96.0292,AG03-B-v1,18358353.9264,927769853.5273,18617150.4979,17837587.9276,258796.5715,0.01722526,0.01650398,0.00023945,107.2347,4469.1863,88.4855,137682.8525,4301.6220,7775578.2563,1555.9928,103.7567,108.2744,5.1431,15.4907,51.8914,172.3198,337.5108,1456.5642,12.8578,-2.5716,21.788007,94.0285,6.922538,1,46,608693,16,0.22267492,0.01770709,0.02646443,0.00053876,0.036039,0.894341,0.065407,-0.01126600,2026-03-21,2026-08-06,139,4449,139,139,1.000000,0.958275,1.127158,0.753448,5,0.0,0.35106382978723405,0.9547872340425532,D VIP 优质 · 加码留存，严禁误伤,365,1
2026-05-07,112,114635670,1,1,1,0,2,2,残靴：截断／换荷官／开收台可疑,87.0,1080805377.6248,966609014.8193,19137916.4968,10078874,216283,-0.01770709,-0.02646443,-0.01519843,-0.01818892,-19137916.4968,1080805377.6248,OK,520765.9988,779562.5703,3.9708,96.0292,AG03-B-v1,18358353.9264,927769853.5273,18617150.4979,17837587.9276,258796.5715,0.01722526,0.01650398,0.00023945,107.2347,4469.1863,88.4855,137682.8525,4301.6220,7775578.2563,1555.9928,103.7567,108.2744,5.1431,15.4907,51.8914,172.3198,337.5108,1456.5642,12.8578,-2.5716,21.788007,94.0285,6.922538,1,46,608693,16,0.22267492,0.01770709,0.02646443,0.00053876,0.036039,0.894341,0.065407,-0.01126600,2026-03-21,2026-08-06,139,4449,139,139,1.000000,0.958275,1.127158,0.753448,5,0.0,0.35106382978723405,0.9547872340425532,D VIP 优质 · 加码留存，严禁误伤,366,1
2026-05-14,112,114642921,3,1,3,0,24,60,残靴：截断／换荷官／开收台可疑,87.0,1080805377.6248,966609014.8193,19137916.4968,10078874,216283,-0.01770709,-0.02646443,-0.01519843,-0.01818892,-19137916.4968,1080805377.6248,OK,520765.9988,779562.5703,3.9708,96.0292,AG03-B-v1,18358353.9264,927769853.5273,18617150.4979,17837587.9276,258796.5715,0.01722526,0.01650398,0.00023945,107.2347,4469.1863,88.4855,137682.8525,4301.6220,7775578.2563,1555.9928,103.7567,108.2744,5.1431,15.4907,51.8914,172.3198,337.5108,1456.5642,12.8578,-2.5716,21.788007,94.0285,6.922538,1,46,608693,16,0.22267492,0.01770709,0.02646443,0.00053876,0.036039,0.894341,0.065407,-0.01126600,2026-03-21,2026-08-06,139,4449,139,139,1.000000,0.958275,1.127158,0.753448,5,0.0,0.35106382978723405,0.9547872340425532,D VIP 优质 · 加码留存，严禁误伤,367,1
2026-05-25,112,114653546,2,1,2,0,15,26,残靴：截断／换荷官／开收台可疑,87.0,1080805377.6248,966609014.8193,19137916.4968,10078874,216283,-0.01770709,-0.02646443,-0.01519843,-0.01818892,-19137916.4968,1080805377.6248,OK,520765.9988,779562.5703,3.9708,96.0292,AG03-B-v1,18358353.9264,927769853.5273,18617150.4979,17837587.9276,258796.5715,0.01722526,0.01650398,0.00023945,107.2347,4469.1863,88.4855,137682.8525,4301.6220,7775578.2563,1555.9928,103.7567,108.2744,5.1431,15.4907,51.8914,172.3198,337.5108,1456.5642,12.8578,-2.5716,21.788007,94.0285,6.922538,1,46,608693,16,0.22267492,0.01770709,0.02646443,0.00053876,0.036039,0.894341,0.065407,-0.01126600,2026-03-21,2026-08-06,139,4449,139,139,1.000000,0.958275,1.127158,0.753448,5,0.0,0.35106382978723405,0.9547872340425532,D VIP 优质 · 加码留存，严禁误伤,368,1
2026-05-25,112,114654530,2,1,2,0,21,34,残靴：截断／换荷官／开收台可疑,87.0,1080805377.6248,966609014.8193,19137916.4968,10078874,216283,-0.01770709,-0.02646443,-0.01519843,-0.01818892,-19137916.4968,1080805377.6248,OK,520765.9988,779562.5703,3.9708,96.0292,AG03-B-v1,18358353.9264,927769853.5273,18617150.4979,17837587.9276,258796.5715,0.01722526,0.01650398,0.00023945,107.2347,4469.1863,88.4855,137682.8525,4301.6220,7775578.2563,1555.9928,103.7567,108.2744,5.1431,15.4907,51.8914,172.3198,337.5108,1456.5642,12.8578,-2.5716,21.788007,94.0285,6.922538,1,46,608693,16,0.22267492,0.01770709,0.02646443,0.00053876,0.036039,0.894341,0.065407,-0.01126600,2026-03-21,2026-08-06,139,4449,139,139,1.000000,0.958275,1.127158,0.753448,5,0.0,0.35106382978723405,0.9547872340425532,D VIP 优质 · 加码留存，严禁误伤,369,1
2026-06-06,112,114668190,2,1,2,0,11,19,残靴：截断／换荷官／开收台可疑,87.0,1080805377.6248,966609014.8193,19137916.4968,10078874,216283,-0.01770709,-0.02646443,-0.01519843,-0.01818892,-19137916.4968,1080805377.6248,OK,520765.9988,779562.5703,3.9708,96.0292,AG03-B-v1,18358353.9264,927769853.5273,18617150.4979,17837587.9276,258796.5715,0.01722526,0.01650398,0.00023945,107.2347,4469.1863,88.4855,137682.8525,4301.6220,7775578.2563,1555.9928,103.7567,108.2744,5.1431,15.4907,51.8914,172.3198,337.5108,1456.5642,12.8578,-2.5716,21.788007,94.0285,6.922538,1,46,608693,16,0.22267492,0.01770709,0.02646443,0.00053876,0.036039,0.894341,0.065407,-0.01126600,2026-03-21,2026-08-06,139,4449,139,139,1.000000,0.958275,1.127158,0.753448,5,0.0,0.35106382978723405,0.9547872340425532,D VIP 优质 · 加码留存，严禁误伤,370,1
2026-06-13,112,114675758,1,1,1,0,4,7,残靴：截断／换荷官／开收台可疑,87.0,1080805377.6248,966609014.8193,19137916.4968,10078874,216283,-0.01770709,-0.02646443,-0.01519843,-0.01818892,-19137916.4968,1080805377.6248,OK,520765.9988,779562.5703,3.9708,96.0292,AG03-B-v1,18358353.9264,927769853.5273,18617150.4979,17837587.9276,258796.5715,0.01722526,0.01650398,0.00023945,107.2347,4469.1863,88.4855,137682.8525,4301.6220,7775578.2563,1555.9928,103.7567,108.2744,5.1431,15.4907,51.8914,172.3198,337.5108,1456.5642,12.8578,-2.5716,21.788007,94.0285,6.922538,1,46,608693,16,0.22267492,0.01770709,0.02646443,0.00053876,0.036039,0.894341,0.065407,-0.01126600,2026-03-21,2026-08-06,139,4449,139,139,1.000000,0.958275,1.127158,0.753448,5,0.0,0.35106382978723405,0.9547872340425532,D VIP 优质 · 加码留存，严禁误伤,371,1
2026-07-02,112,114696754,2,1,2,0,14,17,残靴：截断／换荷官／开收台可疑,87.0,1080805377.6248,966609014.8193,19137916.4968,10078874,216283,-0.01770709,-0.02646443,-0.01519843,-0.01818892,-19137916.4968,1080805377.6248,OK,520765.9988,779562.5703,3.9708,96.0292,AG03-B-v1,18358353.9264,927769853.5273,18617150.4979,17837587.9276,258796.5715,0.01722526,0.01650398,0.00023945,107.2347,4469.1863,88.4855,137682.8525,4301.6220,7775578.2563,1555.9928,103.7567,108.2744,5.1431,15.4907,51.8914,172.3198,337.5108,1456.5642,12.8578,-2.5716,21.788007,94.0285,6.922538,1,46,608693,16,0.22267492,0.01770709,0.02646443,0.00053876,0.036039,0.894341,0.065407,-0.01126600,2026-03-21,2026-08-06,139,4449,139,139,1.000000,0.958275,1.127158,0.753448,5,0.0,0.35106382978723405,0.9547872340425532,D VIP 优质 · 加码留存，严禁误伤,372,1
2026-07-08,112,114703659,1,1,1,0,3,3,残靴：截断／换荷官／开收台可疑,87.0,1080805377.6248,966609014.8193,19137916.4968,10078874,216283,-0.01770709,-0.02646443,-0.01519843,-0.01818892,-19137916.4968,1080805377.6248,OK,520765.9988,779562.5703,3.9708,96.0292,AG03-B-v1,18358353.9264,927769853.5273,18617150.4979,17837587.9276,258796.5715,0.01722526,0.01650398,0.00023945,107.2347,4469.1863,88.4855,137682.8525,4301.6220,7775578.2563,1555.9928,103.7567,108.2744,5.1431,15.4907,51.8914,172.3198,337.5108,1456.5642,12.8578,-2.5716,21.788007,94.0285,6.922538,1,46,608693,16,0.22267492,0.01770709,0.02646443,0.00053876,0.036039,0.894341,0.065407,-0.01126600,2026-03-21,2026-08-06,139,4449,139,139,1.000000,0.958275,1.127158,0.753448,5,0.0,0.35106382978723405,0.9547872340425532,D VIP 优质 · 加码留存，严禁误伤,373,1
2026-07-11,112,114706975,5,1,5,0,51,97,残靴：截断／换荷官／开收台可疑,87.0,1080805377.6248,966609014.8193,19137916.4968,10078874,216283,-0.01770709,-0.02646443,-0.01519843,-0.01818892,-19137916.4968,1080805377.6248,OK,520765.9988,779562.5703,3.9708,96.0292,AG03-B-v1,18358353.9264,927769853.5273,18617150.4979,17837587.9276,258796.5715,0.01722526,0.01650398,0.00023945,107.2347,4469.1863,88.4855,137682.8525,4301.6220,7775578.2563,1555.9928,103.7567,108.2744,5.1431,15.4907,51.8914,172.3198,337.5108,1456.5642,12.8578,-2.5716,21.788007,94.0285,6.922538,1,46,608693,16,0.22267492,0.01770709,0.02646443,0.00053876,0.036039,0.894341,0.065407,-0.01126600,2026-03-21,2026-08-06,139,4449,139,139,1.000000,0.958275,1.127158,0.753448,5,0.0,0.35106382978723405,0.9547872340425532,D VIP 优质 · 加码留存，严禁误伤,374,1
2026-07-23,112,114720209,1,1,1,0,4,4,残靴：截断／换荷官／开收台可疑,87.0,1080805377.6248,966609014.8193,19137916.4968,10078874,216283,-0.01770709,-0.02646443,-0.01519843,-0.01818892,-19137916.4968,1080805377.6248,OK,520765.9988,779562.5703,3.9708,96.0292,AG03-B-v1,18358353.9264,927769853.5273,18617150.4979,17837587.9276,258796.5715,0.01722526,0.01650398,0.00023945,107.2347,4469.1863,88.4855,137682.8525,4301.6220,7775578.2563,1555.9928,103.7567,108.2744,5.1431,15.4907,51.8914,172.3198,337.5108,1456.5642,12.8578,-2.5716,21.788007,94.0285,6.922538,1,46,608693,16,0.22267492,0.01770709,0.02646443,0.00053876,0.036039,0.894341,0.065407,-0.01126600,2026-03-21,2026-08-06,139,4449,139,139,1.000000,0.958275,1.127158,0.753448,5,0.0,0.35106382978723405,0.9547872340425532,D VIP 优质 · 加码留存，严禁误伤,375,1
2026-07-30,112,114727991,1,1,1,0,1,1,残靴：截断／换荷官／开收台可疑,87.0,1080805377.6248,966609014.8193,19137916.4968,10078874,216283,-0.01770709,-0.02646443,-0.01519843,-0.01818892,-19137916.4968,1080805377.6248,OK,520765.9988,779562.5703,3.9708,96.0292,AG03-B-v1,18358353.9264,927769853.5273,18617150.4979,17837587.9276,258796.5715,0.01722526,0.01650398,0.00023945,107.2347,4469.1863,88.4855,137682.8525,4301.6220,7775578.2563,1555.9928,103.7567,108.2744,5.1431,15.4907,51.8914,172.3198,337.5108,1456.5642,12.8578,-2.5716,21.788007,94.0285,6.922538,1,46,608693,16,0.22267492,0.01770709,0.02646443,0.00053876,0.036039,0.894341,0.065407,-0.01126600,2026-03-21,2026-08-06,139,4449,139,139,1.000000,0.958275,1.127158,0.753448,5,0.0,0.35106382978723405,0.9547872340425532,D VIP 优质 · 加码留存，严禁误伤,376,1
2026-08-05,112,114734683,1,1,1,0,11,11,残靴：截断／换荷官／开收台可疑,87.0,1080805377.6248,966609014.8193,19137916.4968,10078874,216283,-0.01770709,-0.02646443,-0.01519843,-0.01818892,-19137916.4968,1080805377.6248,OK,520765.9988,779562.5703,3.9708,96.0292,AG03-B-v1,18358353.9264,927769853.5273,18617150.4979,17837587.9276,258796.5715,0.01722526,0.01650398,0.00023945,107.2347,4469.1863,88.4855,137682.8525,4301.6220,7775578.2563,1555.9928,103.7567,108.2744,5.1431,15.4907,51.8914,172.3198,337.5108,1456.5642,12.8578,-2.5716,21.788007,94.0285,6.922538,1,46,608693,16,0.22267492,0.01770709,0.02646443,0.00053876,0.036039,0.894341,0.065407,-0.01126600,2026-03-21,2026-08-06,139,4449,139,139,1.000000,0.958275,1.127158,0.753448,5,0.0,0.35106382978723405,0.9547872340425532,D VIP 优质 · 加码留存，严禁误伤,377,1
