member_id,action_date,action_time,operator_id,operator_lv,grp_before,grp_after,max_hi_before,max_hi_after,n_grp_before,n_grp_after,direction,has_zero_group,is_baccarat_member,filter_rule_version,stake,valid_bet,profit,n_bets,n_rounds,roi,roi_post,roi_non_post,roi_ex_rebate,roi_numerator,roi_denominator,roi_denominator_status,rebate_cost,cost_complement_b,pct_complement,pct_top_bet23,agent_formula_version,agent_level_scope,agent_cost_lv1,agent_cost_lv2,agent_cost_lv3,agent_cost_lv4,agent_cost_lv5,agent_pct_lv1,agent_pct_lv2,agent_pct_lv3,agent_pct_lv4,agent_pct_lv5,retain_pct_lv1,retain_pct_lv2,retain_pct_lv3,retain_pct_lv4,retain_pct_lv5,chain_depth_avg,agent_cost_chain_additive,agent_cost_chain_nested,residual_chain_additive,residual_chain_nested,decision_status,admit_to_risk_decision,deliverable_class,agent_cost_a_legacy,agent_cost_valid_base_legacy,ngr,residual_b,residual_a,ngr_rate,residual_b_rate,agent_cost_bet23_formal_canonical,net_margin_bet23_formal_canonical,net_margin_bet23_formal_rate_canonical,agent_cost_lv1_bet23_canonical,agent_cost_lv2_bet24_canonical,agent_cost_lv3_bet25_canonical,agent_cost_lv4_bet26_canonical,agent_cost_lv5_bet27_canonical,net_margin_lv1_bet23_canonical,net_margin_lv1_bet23_rate_canonical,agent_cost_chain_additive_canonical,agent_cost_chain_nested_canonical,net_margin_chain_additive_canonical,net_margin_chain_nested_canonical,net_margin_chain_additive_rate_canonical,net_margin_chain_nested_rate_canonical,residual_a_rate,avg_stake_per_bet,avg_valid_bet_per_round,avg_profit_per_round,avg_profit_per_day,avg_profit_per_shoe,avg_stake_per_active_day,avg_rounds_per_active_day,avg_stake_post,avg_stake_non_post,p25_stake,p50_stake,p75_stake,p90_stake,p95_stake,p99_stake,p50_valid_bet,p50_profit,p95_over_p50,p99_over_p50,avg_over_p50,common_table_count,common_dealer_count,common_ip_count,common_product_count,share_post,hold_rate,hold_rate_post,rebate_rate_actual,rebate_pct_config,turnover_multiple,free_comm_rate,roi_delta_post,first_seen,last_seen,active_days,active_shoes,active_sessions,span_days,persistence,ramp_post,ramp_recent,stake_ramp,vip_tier,economic_value,roi_pr_global,risk_value,pr_stake,pr_global,pr_qualified,pr_qualified_population,pr_global_population_n,pr_qualified_population_n,pr_calculation_method,pr_calculation_version,evidence_flag,evidence_rate,hold_ci_halfwidth_approx,action_priority,audit_rn,batch_id,run_id,snapshot_sync_time
105757691,2026-06-06,2026-06-06 23:04:38,234,0,"1,2,3,4,21,22,30",3,50000.00,5000.00,7,1,TIGHTEN,0,0,v2026-08-11,,,,,,,,,,,,NULL_DENOM,,,,,AG03-UNRESOLVED,ALL5_LEVELS_bet23_to_bet27,,,,,,,,,,,,,,,,,,,,,PENDING_AG03,FALSE,NOT_FOR_ENFORCEMENT,,,,,,,,,,,,,,,,,,,,,,,,,,,,,,,,,,,,,,,,,,,,,,,,,,,,,,,,,,,,,,,,,,,1,0.0,0.0,0.0,0.0,0.0,,n_rounds>=30,568,185,PERCENT_RANK_OVER_ORDER_BY_e_stake,HF9f,THIN_ROUNDS,,,Z 证据不足 · 不动作,1,1,A168_HF9F_20260827_0900,2026-08-27 09:00:00
118380967,2026-04-26,2026-04-26 07:58:36,40210,4,2,1,3000.00,1000.00,1,1,TIGHTEN,0,0,v2026-08-11,,,,,,,,,,,,NULL_DENOM,,,,,AG03-UNRESOLVED,ALL5_LEVELS_bet23_to_bet27,,,,,,,,,,,,,,,,,,,,,PENDING_AG03,FALSE,NOT_FOR_ENFORCEMENT,,,,,,,,,,,,,,,,,,,,,,,,,,,,,,,,,,,,,,,,,,,,,,,,,,,,,,,,,,,,,,,,,,,3,0.0,0.0,0.0,0.0,0.0,,n_rounds>=30,568,185,PERCENT_RANK_OVER_ORDER_BY_e_stake,HF9f,THIN_ROUNDS,,,Z 证据不足 · 不动作,2,1,A168_HF9F_20260827_0900,2026-08-27 09:00:00
118381230,2026-04-26,2026-04-26 07:58:18,40210,4,2,1,3000.00,1000.00,1,1,TIGHTEN,0,0,v2026-08-11,,,,,,,,,,,,NULL_DENOM,,,,,AG03-UNRESOLVED,ALL5_LEVELS_bet23_to_bet27,,,,,,,,,,,,,,,,,,,,,PENDING_AG03,FALSE,NOT_FOR_ENFORCEMENT,,,,,,,,,,,,,,,,,,,,,,,,,,,,,,,,,,,,,,,,,,,,,,,,,,,,,,,,,,,,,,,,,,,2,0.0,0.0,0.0,0.0,0.0,,n_rounds>=30,568,185,PERCENT_RANK_OVER_ORDER_BY_e_stake,HF9f,THIN_ROUNDS,,,Z 证据不足 · 不动作,3,1,A168_HF9F_20260827_0900,2026-08-27 09:00:00
118389389,2026-04-26,2026-04-26 07:57:47,40210,4,2,1,3000.00,1000.00,1,1,TIGHTEN,0,0,v2026-08-11,,,,,,,,,,,,NULL_DENOM,,,,,AG03-UNRESOLVED,ALL5_LEVELS_bet23_to_bet27,,,,,,,,,,,,,,,,,,,,,PENDING_AG03,FALSE,NOT_FOR_ENFORCEMENT,,,,,,,,,,,,,,,,,,,,,,,,,,,,,,,,,,,,,,,,,,,,,,,,,,,,,,,,,,,,,,,,,,,1,0.0,0.0,0.0,0.0,0.0,,n_rounds>=30,568,185,PERCENT_RANK_OVER_ORDER_BY_e_stake,HF9f,THIN_ROUNDS,,,Z 证据不足 · 不动作,4,1,A168_HF9F_20260827_0900,2026-08-27 09:00:00
118561295,2026-04-26,2026-04-26 07:56:06,40210,4,2,1,3000.00,1000.00,1,1,TIGHTEN,0,0,v2026-08-11,,,,,,,,,,,,NULL_DENOM,,,,,AG03-UNRESOLVED,ALL5_LEVELS_bet23_to_bet27,,,,,,,,,,,,,,,,,,,,,PENDING_AG03,FALSE,NOT_FOR_ENFORCEMENT,,,,,,,,,,,,,,,,,,,,,,,,,,,,,,,,,,,,,,,,,,,,,,,,,,,,,,,,,,,,,,,,,,,1,0.0,0.0,0.0,0.0,0.0,,n_rounds>=30,568,185,PERCENT_RANK_OVER_ORDER_BY_e_stake,HF9f,THIN_ROUNDS,,,Z 证据不足 · 不动作,5,1,A168_HF9F_20260827_0900,2026-08-27 09:00:00
120834666,2026-06-12,2026-06-12 18:12:08,46984,3,2,3,3000.00,5000.00,1,1,RELEASE,0,0,v2026-08-11,,,,,,,,,,,,NULL_DENOM,,,,,AG03-UNRESOLVED,ALL5_LEVELS_bet23_to_bet27,,,,,,,,,,,,,,,,,,,,,PENDING_AG03,FALSE,NOT_FOR_ENFORCEMENT,,,,,,,,,,,,,,,,,,,,,,,,,,,,,,,,,,,,,,,,,,,,,,,,,,,,,,,,,,,,,,,,,,,2,0.0,0.0,0.0,0.0,0.0,,n_rounds>=30,568,185,PERCENT_RANK_OVER_ORDER_BY_e_stake,HF9f,THIN_ROUNDS,,,Z 证据不足 · 不动作,6,1,A168_HF9F_20260827_0900,2026-08-27 09:00:00
121724634,2026-07-22,2026-07-22 11:19:03,36500,5,"1,4",1,10000.00,1000.00,2,1,TIGHTEN,0,0,v2026-08-11,,,,,,,,,,,,NULL_DENOM,,,,,AG03-UNRESOLVED,ALL5_LEVELS_bet23_to_bet27,,,,,,,,,,,,,,,,,,,,,PENDING_AG03,FALSE,NOT_FOR_ENFORCEMENT,,,,,,,,,,,,,,,,,,,,,,,,,,,,,,,,,,,,,,,,,,,,,,,,,,,,,,,,,,,,,,,,,,,1,0.0,0.0,0.0,0.0,0.0,,n_rounds>=30,568,185,PERCENT_RANK_OVER_ORDER_BY_e_stake,HF9f,THIN_ROUNDS,,,Z 证据不足 · 不动作,7,1,A168_HF9F_20260827_0900,2026-08-27 09:00:00
123335296,2026-05-06,2026-05-06 22:46:04,46984,3,3,"2,3",5000.00,5000.00,1,2,FLAT,0,0,v2026-08-11,,,,,,,,,,,,NULL_DENOM,,,,,AG03-UNRESOLVED,ALL5_LEVELS_bet23_to_bet27,,,,,,,,,,,,,,,,,,,,,PENDING_AG03,FALSE,NOT_FOR_ENFORCEMENT,,,,,,,,,,,,,,,,,,,,,,,,,,,,,,,,,,,,,,,,,,,,,,,,,,,,,,,,,,,,,,,,,,,2,0.0,0.0,0.0,0.0,0.0,,n_rounds>=30,568,185,PERCENT_RANK_OVER_ORDER_BY_e_stake,HF9f,THIN_ROUNDS,,,Z 证据不足 · 不动作,8,1,A168_HF9F_20260827_0900,2026-08-27 09:00:00
125612215,2026-04-06,2026-04-06 13:24:12,52928,2,3,4,5000.00,10000.00,1,1,RELEASE,0,0,v2026-08-11,,,,,,,,,,,,NULL_DENOM,,,,,AG03-UNRESOLVED,ALL5_LEVELS_bet23_to_bet27,,,,,,,,,,,,,,,,,,,,,PENDING_AG03,FALSE,NOT_FOR_ENFORCEMENT,,,,,,,,,,,,,,,,,,,,,,,,,,,,,,,,,,,,,,,,,,,,,,,,,,,,,,,,,,,,,,,,,,,2,0.0,0.0,0.0,0.0,0.0,,n_rounds>=30,568,185,PERCENT_RANK_OVER_ORDER_BY_e_stake,HF9f,THIN_ROUNDS,,,Z 证据不足 · 不动作,9,1,A168_HF9F_20260827_0900,2026-08-27 09:00:00
127611947,2026-06-01,2026-06-01 09:58:20,36500,5,"1,4,21,22",1,30000.00,1000.00,4,1,TIGHTEN,0,0,v2026-08-11,,,,,,,,,,,,NULL_DENOM,,,,,AG03-UNRESOLVED,ALL5_LEVELS_bet23_to_bet27,,,,,,,,,,,,,,,,,,,,,PENDING_AG03,FALSE,NOT_FOR_ENFORCEMENT,,,,,,,,,,,,,,,,,,,,,,,,,,,,,,,,,,,,,,,,,,,,,,,,,,,,,,,,,,,,,,,,,,,1,0.0,0.0,0.0,0.0,0.0,,n_rounds>=30,568,185,PERCENT_RANK_OVER_ORDER_BY_e_stake,HF9f,THIN_ROUNDS,,,Z 证据不足 · 不动作,10,1,A168_HF9F_20260827_0900,2026-08-27 09:00:00
132320202,2026-06-06,2026-06-06 23:07:20,234,0,"1,2,3,4,21,22,30",3,50000.00,5000.00,7,1,TIGHTEN,0,0,v2026-08-11,,,,,,,,,,,,NULL_DENOM,,,,,AG03-UNRESOLVED,ALL5_LEVELS_bet23_to_bet27,,,,,,,,,,,,,,,,,,,,,PENDING_AG03,FALSE,NOT_FOR_ENFORCEMENT,,,,,,,,,,,,,,,,,,,,,,,,,,,,,,,,,,,,,,,,,,,,,,,,,,,,,,,,,,,,,,,,,,,2,0.0,0.0,0.0,0.0,0.0,,n_rounds>=30,568,185,PERCENT_RANK_OVER_ORDER_BY_e_stake,HF9f,THIN_ROUNDS,,,Z 证据不足 · 不动作,11,1,A168_HF9F_20260827_0900,2026-08-27 09:00:00
132750117,2026-05-29,2026-05-29 11:45:04,29041,5,"4,21",22,20000.00,30000.00,2,1,RELEASE,0,0,v2026-08-11,,,,,,,,,,,,NULL_DENOM,,,,,AG03-UNRESOLVED,ALL5_LEVELS_bet23_to_bet27,,,,,,,,,,,,,,,,,,,,,PENDING_AG03,FALSE,NOT_FOR_ENFORCEMENT,,,,,,,,,,,,,,,,,,,,,,,,,,,,,,,,,,,,,,,,,,,,,,,,,,,,,,,,,,,,,,,,,,,2,0.0,0.0,0.0,0.0,0.0,,n_rounds>=30,568,185,PERCENT_RANK_OVER_ORDER_BY_e_stake,HF9f,THIN_ROUNDS,,,Z 证据不足 · 不动作,12,1,A168_HF9F_20260827_0900,2026-08-27 09:00:00
132750117,2026-07-14,2026-07-14 18:18:50,275,0,22,21,30000.00,20000.00,1,1,TIGHTEN,0,0,v2026-08-11,,,,,,,,,,,,NULL_DENOM,,,,,AG03-UNRESOLVED,ALL5_LEVELS_bet23_to_bet27,,,,,,,,,,,,,,,,,,,,,PENDING_AG03,FALSE,NOT_FOR_ENFORCEMENT,,,,,,,,,,,,,,,,,,,,,,,,,,,,,,,,,,,,,,,,,,,,,,,,,,,,,,,,,,,,,,,,,,,2,0.0,0.0,0.0,0.0,0.0,,n_rounds>=30,568,185,PERCENT_RANK_OVER_ORDER_BY_e_stake,HF9f,THIN_ROUNDS,,,Z 证据不足 · 不动作,13,1,A168_HF9F_20260827_0900,2026-08-27 09:00:00
132750117,2026-07-24,2026-07-24 19:20:22,321,0,21,4,20000.00,10000.00,1,1,TIGHTEN,0,0,v2026-08-11,,,,,,,,,,,,NULL_DENOM,,,,,AG03-UNRESOLVED,ALL5_LEVELS_bet23_to_bet27,,,,,,,,,,,,,,,,,,,,,PENDING_AG03,FALSE,NOT_FOR_ENFORCEMENT,,,,,,,,,,,,,,,,,,,,,,,,,,,,,,,,,,,,,,,,,,,,,,,,,,,,,,,,,,,,,,,,,,,2,0.0,0.0,0.0,0.0,0.0,,n_rounds>=30,568,185,PERCENT_RANK_OVER_ORDER_BY_e_stake,HF9f,THIN_ROUNDS,,,Z 证据不足 · 不动作,14,1,A168_HF9F_20260827_0900,2026-08-27 09:00:00
135847568,2026-03-29,2026-03-29 12:15:41,54378,4,21,4,20000.00,10000.00,1,1,TIGHTEN,0,0,v2026-08-11,,,,,,,,,,,,NULL_DENOM,,,,,AG03-UNRESOLVED,ALL5_LEVELS_bet23_to_bet27,,,,,,,,,,,,,,,,,,,,,PENDING_AG03,FALSE,NOT_FOR_ENFORCEMENT,,,,,,,,,,,,,,,,,,,,,,,,,,,,,,,,,,,,,,,,,,,,,,,,,,,,,,,,,,,,,,,,,,,3,0.0,0.0,0.0,0.0,0.0,,n_rounds>=30,568,185,PERCENT_RANK_OVER_ORDER_BY_e_stake,HF9f,THIN_ROUNDS,,,Z 证据不足 · 不动作,15,1,A168_HF9F_20260827_0900,2026-08-27 09:00:00
135847568,2026-05-28,2026-05-28 13:42:01,54378,4,4,21,10000.00,20000.00,1,1,RELEASE,0,0,v2026-08-11,,,,,,,,,,,,NULL_DENOM,,,,,AG03-UNRESOLVED,ALL5_LEVELS_bet23_to_bet27,,,,,,,,,,,,,,,,,,,,,PENDING_AG03,FALSE,NOT_FOR_ENFORCEMENT,,,,,,,,,,,,,,,,,,,,,,,,,,,,,,,,,,,,,,,,,,,,,,,,,,,,,,,,,,,,,,,,,,,3,0.0,0.0,0.0,0.0,0.0,,n_rounds>=30,568,185,PERCENT_RANK_OVER_ORDER_BY_e_stake,HF9f,THIN_ROUNDS,,,Z 证据不足 · 不动作,16,1,A168_HF9F_20260827_0900,2026-08-27 09:00:00
135855987,2026-05-12,2026-05-12 16:10:29,54378,4,4,3,10000.00,5000.00,1,1,TIGHTEN,0,0,v2026-08-11,,,,,,,,,,,,NULL_DENOM,,,,,AG03-UNRESOLVED,ALL5_LEVELS_bet23_to_bet27,,,,,,,,,,,,,,,,,,,,,PENDING_AG03,FALSE,NOT_FOR_ENFORCEMENT,,,,,,,,,,,,,,,,,,,,,,,,,,,,,,,,,,,,,,,,,,,,,,,,,,,,,,,,,,,,,,,,,,,2,0.0,0.0,0.0,0.0,0.0,,n_rounds>=30,568,185,PERCENT_RANK_OVER_ORDER_BY_e_stake,HF9f,THIN_ROUNDS,,,Z 证据不足 · 不动作,17,1,A168_HF9F_20260827_0900,2026-08-27 09:00:00
137244524,2026-07-13,2026-07-13 22:10:32,54378,4,21,4,20000.00,10000.00,1,1,TIGHTEN,0,0,v2026-08-11,,,,,,,,,,,,NULL_DENOM,,,,,AG03-UNRESOLVED,ALL5_LEVELS_bet23_to_bet27,,,,,,,,,,,,,,,,,,,,,PENDING_AG03,FALSE,NOT_FOR_ENFORCEMENT,,,,,,,,,,,,,,,,,,,,,,,,,,,,,,,,,,,,,,,,,,,,,,,,,,,,,,,,,,,,,,,,,,,1,0.0,0.0,0.0,0.0,0.0,,n_rounds>=30,568,185,PERCENT_RANK_OVER_ORDER_BY_e_stake,HF9f,THIN_ROUNDS,,,Z 证据不足 · 不动作,18,1,A168_HF9F_20260827_0900,2026-08-27 09:00:00
137252221,2026-07-13,2026-07-13 22:11:10,54378,4,21,4,20000.00,10000.00,1,1,TIGHTEN,0,0,v2026-08-11,,,,,,,,,,,,NULL_DENOM,,,,,AG03-UNRESOLVED,ALL5_LEVELS_bet23_to_bet27,,,,,,,,,,,,,,,,,,,,,PENDING_AG03,FALSE,NOT_FOR_ENFORCEMENT,,,,,,,,,,,,,,,,,,,,,,,,,,,,,,,,,,,,,,,,,,,,,,,,,,,,,,,,,,,,,,,,,,,1,0.0,0.0,0.0,0.0,0.0,,n_rounds>=30,568,185,PERCENT_RANK_OVER_ORDER_BY_e_stake,HF9f,THIN_ROUNDS,,,Z 证据不足 · 不动作,19,1,A168_HF9F_20260827_0900,2026-08-27 09:00:00
140575010,2026-04-02,2026-04-02 16:40:25,54378,4,21,3,20000.00,5000.00,1,1,TIGHTEN,0,0,v2026-08-11,,,,,,,,,,,,NULL_DENOM,,,,,AG03-UNRESOLVED,ALL5_LEVELS_bet23_to_bet27,,,,,,,,,,,,,,,,,,,,,PENDING_AG03,FALSE,NOT_FOR_ENFORCEMENT,,,,,,,,,,,,,,,,,,,,,,,,,,,,,,,,,,,,,,,,,,,,,,,,,,,,,,,,,,,,,,,,,,,2,0.0,0.0,0.0,0.0,0.0,,n_rounds>=30,568,185,PERCENT_RANK_OVER_ORDER_BY_e_stake,HF9f,THIN_ROUNDS,,,Z 证据不足 · 不动作,20,1,A168_HF9F_20260827_0900,2026-08-27 09:00:00
140577226,2026-04-02,2026-04-02 16:41:45,54378,4,21,3,20000.00,5000.00,1,1,TIGHTEN,0,0,v2026-08-11,,,,,,,,,,,,NULL_DENOM,,,,,AG03-UNRESOLVED,ALL5_LEVELS_bet23_to_bet27,,,,,,,,,,,,,,,,,,,,,PENDING_AG03,FALSE,NOT_FOR_ENFORCEMENT,,,,,,,,,,,,,,,,,,,,,,,,,,,,,,,,,,,,,,,,,,,,,,,,,,,,,,,,,,,,,,,,,,,1,0.0,0.0,0.0,0.0,0.0,,n_rounds>=30,568,185,PERCENT_RANK_OVER_ORDER_BY_e_stake,HF9f,THIN_ROUNDS,,,Z 证据不足 · 不动作,21,1,A168_HF9F_20260827_0900,2026-08-27 09:00:00
141576440,2026-04-02,2026-04-02 16:39:21,54378,4,21,3,20000.00,5000.00,1,1,TIGHTEN,0,0,v2026-08-11,,,,,,,,,,,,NULL_DENOM,,,,,AG03-UNRESOLVED,ALL5_LEVELS_bet23_to_bet27,,,,,,,,,,,,,,,,,,,,,PENDING_AG03,FALSE,NOT_FOR_ENFORCEMENT,,,,,,,,,,,,,,,,,,,,,,,,,,,,,,,,,,,,,,,,,,,,,,,,,,,,,,,,,,,,,,,,,,,2,0.0,0.0,0.0,0.0,0.0,,n_rounds>=30,568,185,PERCENT_RANK_OVER_ORDER_BY_e_stake,HF9f,THIN_ROUNDS,,,Z 证据不足 · 不动作,22,1,A168_HF9F_20260827_0900,2026-08-27 09:00:00
141577158,2026-04-02,2026-04-02 16:39:00,54378,4,21,3,20000.00,5000.00,1,1,TIGHTEN,0,0,v2026-08-11,,,,,,,,,,,,NULL_DENOM,,,,,AG03-UNRESOLVED,ALL5_LEVELS_bet23_to_bet27,,,,,,,,,,,,,,,,,,,,,PENDING_AG03,FALSE,NOT_FOR_ENFORCEMENT,,,,,,,,,,,,,,,,,,,,,,,,,,,,,,,,,,,,,,,,,,,,,,,,,,,,,,,,,,,,,,,,,,,1,0.0,0.0,0.0,0.0,0.0,,n_rounds>=30,568,185,PERCENT_RANK_OVER_ORDER_BY_e_stake,HF9f,THIN_ROUNDS,,,Z 证据不足 · 不动作,23,1,A168_HF9F_20260827_0900,2026-08-27 09:00:00
141815981,2026-06-04,2026-06-04 16:10:05,290,0,404,"402,404",50000.00,50000.00,1,2,FLAT,0,0,v2026-08-11,,,,,,,,,,,,NULL_DENOM,,,,,AG03-UNRESOLVED,ALL5_LEVELS_bet23_to_bet27,,,,,,,,,,,,,,,,,,,,,PENDING_AG03,FALSE,NOT_FOR_ENFORCEMENT,,,,,,,,,,,,,,,,,,,,,,,,,,,,,,,,,,,,,,,,,,,,,,,,,,,,,,,,,,,,,,,,,,,2,0.0,0.0,0.0,0.0,0.0,,n_rounds>=30,568,185,PERCENT_RANK_OVER_ORDER_BY_e_stake,HF9f,THIN_ROUNDS,,,Z 证据不足 · 不动作,24,1,A168_HF9F_20260827_0900,2026-08-27 09:00:00
141927133,2026-04-07,2026-04-07 14:03:19,50555,5,"1,2,4,30,31,36","1,2,4,30,36",200000.00,200000.00,6,5,FLAT,0,0,v2026-08-11,,,,,,,,,,,,NULL_DENOM,,,,,AG03-UNRESOLVED,ALL5_LEVELS_bet23_to_bet27,,,,,,,,,,,,,,,,,,,,,PENDING_AG03,FALSE,NOT_FOR_ENFORCEMENT,,,,,,,,,,,,,,,,,,,,,,,,,,,,,,,,,,,,,,,,,,,,,,,,,,,,,,,,,,,,,,,,,,,2,0.0,0.0,0.0,0.0,0.0,,n_rounds>=30,568,185,PERCENT_RANK_OVER_ORDER_BY_e_stake,HF9f,THIN_ROUNDS,,,Z 证据不足 · 不动作,25,1,A168_HF9F_20260827_0900,2026-08-27 09:00:00
141927133,2026-04-07,2026-04-07 14:04:02,50555,5,"1,2,4,30,36",31,200000.00,100000.00,5,1,TIGHTEN,0,0,v2026-08-11,,,,,,,,,,,,NULL_DENOM,,,,,AG03-UNRESOLVED,ALL5_LEVELS_bet23_to_bet27,,,,,,,,,,,,,,,,,,,,,PENDING_AG03,FALSE,NOT_FOR_ENFORCEMENT,,,,,,,,,,,,,,,,,,,,,,,,,,,,,,,,,,,,,,,,,,,,,,,,,,,,,,,,,,,,,,,,,,,2,0.0,0.0,0.0,0.0,0.0,,n_rounds>=30,568,185,PERCENT_RANK_OVER_ORDER_BY_e_stake,HF9f,THIN_ROUNDS,,,Z 证据不足 · 不动作,26,1,A168_HF9F_20260827_0900,2026-08-27 09:00:00
141927133,2026-04-07,2026-04-07 14:04:41,50555,5,31,"1,2,4,30,31",100000.00,100000.00,1,5,FLAT,0,0,v2026-08-11,,,,,,,,,,,,NULL_DENOM,,,,,AG03-UNRESOLVED,ALL5_LEVELS_bet23_to_bet27,,,,,,,,,,,,,,,,,,,,,PENDING_AG03,FALSE,NOT_FOR_ENFORCEMENT,,,,,,,,,,,,,,,,,,,,,,,,,,,,,,,,,,,,,,,,,,,,,,,,,,,,,,,,,,,,,,,,,,,2,0.0,0.0,0.0,0.0,0.0,,n_rounds>=30,568,185,PERCENT_RANK_OVER_ORDER_BY_e_stake,HF9f,THIN_ROUNDS,,,Z 证据不足 · 不动作,27,1,A168_HF9F_20260827_0900,2026-08-27 09:00:00
142275107,2026-04-02,2026-04-02 16:41:05,54378,4,21,3,20000.00,5000.00,1,1,TIGHTEN,0,0,v2026-08-11,,,,,,,,,,,,NULL_DENOM,,,,,AG03-UNRESOLVED,ALL5_LEVELS_bet23_to_bet27,,,,,,,,,,,,,,,,,,,,,PENDING_AG03,FALSE,NOT_FOR_ENFORCEMENT,,,,,,,,,,,,,,,,,,,,,,,,,,,,,,,,,,,,,,,,,,,,,,,,,,,,,,,,,,,,,,,,,,,2,0.0,0.0,0.0,0.0,0.0,,n_rounds>=30,568,185,PERCENT_RANK_OVER_ORDER_BY_e_stake,HF9f,THIN_ROUNDS,,,Z 证据不足 · 不动作,28,1,A168_HF9F_20260827_0900,2026-08-27 09:00:00
143508737,2026-07-20,2026-07-20 00:44:34,186,0,4,"1,3,4",10000.00,10000.00,1,3,FLAT,0,0,v2026-08-11,,,,,,,,,,,,NULL_DENOM,,,,,AG03-UNRESOLVED,ALL5_LEVELS_bet23_to_bet27,,,,,,,,,,,,,,,,,,,,,PENDING_AG03,FALSE,NOT_FOR_ENFORCEMENT,,,,,,,,,,,,,,,,,,,,,,,,,,,,,,,,,,,,,,,,,,,,,,,,,,,,,,,,,,,,,,,,,,,2,0.0,0.0,0.0,0.0,0.0,,n_rounds>=30,568,185,PERCENT_RANK_OVER_ORDER_BY_e_stake,HF9f,THIN_ROUNDS,,,Z 证据不足 · 不动作,29,1,A168_HF9F_20260827_0900,2026-08-27 09:00:00
143828221,2026-06-10,2026-06-10 10:59:44,54378,4,4,3,10000.00,5000.00,1,1,TIGHTEN,0,0,v2026-08-11,,,,,,,,,,,,NULL_DENOM,,,,,AG03-UNRESOLVED,ALL5_LEVELS_bet23_to_bet27,,,,,,,,,,,,,,,,,,,,,PENDING_AG03,FALSE,NOT_FOR_ENFORCEMENT,,,,,,,,,,,,,,,,,,,,,,,,,,,,,,,,,,,,,,,,,,,,,,,,,,,,,,,,,,,,,,,,,,,1,0.0,0.0,0.0,0.0,0.0,,n_rounds>=30,568,185,PERCENT_RANK_OVER_ORDER_BY_e_stake,HF9f,THIN_ROUNDS,,,Z 证据不足 · 不动作,30,1,A168_HF9F_20260827_0900,2026-08-27 09:00:00
143828230,2026-06-10,2026-06-10 10:55:31,54378,4,4,3,10000.00,5000.00,1,1,TIGHTEN,0,0,v2026-08-11,,,,,,,,,,,,NULL_DENOM,,,,,AG03-UNRESOLVED,ALL5_LEVELS_bet23_to_bet27,,,,,,,,,,,,,,,,,,,,,PENDING_AG03,FALSE,NOT_FOR_ENFORCEMENT,,,,,,,,,,,,,,,,,,,,,,,,,,,,,,,,,,,,,,,,,,,,,,,,,,,,,,,,,,,,,,,,,,,1,0.0,0.0,0.0,0.0,0.0,,n_rounds>=30,568,185,PERCENT_RANK_OVER_ORDER_BY_e_stake,HF9f,THIN_ROUNDS,,,Z 证据不足 · 不动作,31,1,A168_HF9F_20260827_0900,2026-08-27 09:00:00
144199494,2026-04-05,2026-04-05 20:08:18,54378,4,21,4,20000.00,10000.00,1,1,TIGHTEN,0,0,v2026-08-11,,,,,,,,,,,,NULL_DENOM,,,,,AG03-UNRESOLVED,ALL5_LEVELS_bet23_to_bet27,,,,,,,,,,,,,,,,,,,,,PENDING_AG03,FALSE,NOT_FOR_ENFORCEMENT,,,,,,,,,,,,,,,,,,,,,,,,,,,,,,,,,,,,,,,,,,,,,,,,,,,,,,,,,,,,,,,,,,,2,0.0,0.0,0.0,0.0,0.0,,n_rounds>=30,568,185,PERCENT_RANK_OVER_ORDER_BY_e_stake,HF9f,THIN_ROUNDS,,,Z 证据不足 · 不动作,32,1,A168_HF9F_20260827_0900,2026-08-27 09:00:00
144403363,2026-03-28,2026-03-28 16:28:17,54378,4,21,4,20000.00,10000.00,1,1,TIGHTEN,0,0,v2026-08-11,,,,,,,,,,,,NULL_DENOM,,,,,AG03-UNRESOLVED,ALL5_LEVELS_bet23_to_bet27,,,,,,,,,,,,,,,,,,,,,PENDING_AG03,FALSE,NOT_FOR_ENFORCEMENT,,,,,,,,,,,,,,,,,,,,,,,,,,,,,,,,,,,,,,,,,,,,,,,,,,,,,,,,,,,,,,,,,,,1,0.0,0.0,0.0,0.0,0.0,,n_rounds>=30,568,185,PERCENT_RANK_OVER_ORDER_BY_e_stake,HF9f,THIN_ROUNDS,,,Z 证据不足 · 不动作,33,1,A168_HF9F_20260827_0900,2026-08-27 09:00:00
144458115,2026-03-28,2026-03-28 16:30:53,54378,4,21,4,20000.00,10000.00,1,1,TIGHTEN,0,0,v2026-08-11,,,,,,,,,,,,NULL_DENOM,,,,,AG03-UNRESOLVED,ALL5_LEVELS_bet23_to_bet27,,,,,,,,,,,,,,,,,,,,,PENDING_AG03,FALSE,NOT_FOR_ENFORCEMENT,,,,,,,,,,,,,,,,,,,,,,,,,,,,,,,,,,,,,,,,,,,,,,,,,,,,,,,,,,,,,,,,,,,3,0.0,0.0,0.0,0.0,0.0,,n_rounds>=30,568,185,PERCENT_RANK_OVER_ORDER_BY_e_stake,HF9f,THIN_ROUNDS,,,Z 证据不足 · 不动作,34,1,A168_HF9F_20260827_0900,2026-08-27 09:00:00
144567104,2026-03-28,2026-03-28 16:29:34,54378,4,21,4,20000.00,10000.00,1,1,TIGHTEN,0,0,v2026-08-11,,,,,,,,,,,,NULL_DENOM,,,,,AG03-UNRESOLVED,ALL5_LEVELS_bet23_to_bet27,,,,,,,,,,,,,,,,,,,,,PENDING_AG03,FALSE,NOT_FOR_ENFORCEMENT,,,,,,,,,,,,,,,,,,,,,,,,,,,,,,,,,,,,,,,,,,,,,,,,,,,,,,,,,,,,,,,,,,,2,0.0,0.0,0.0,0.0,0.0,,n_rounds>=30,568,185,PERCENT_RANK_OVER_ORDER_BY_e_stake,HF9f,THIN_ROUNDS,,,Z 证据不足 · 不动作,35,1,A168_HF9F_20260827_0900,2026-08-27 09:00:00
144661084,2026-06-04,2026-06-04 21:40:23,320,0,404,402,50000.00,20000.00,1,1,TIGHTEN,0,0,v2026-08-11,,,,,,,,,,,,NULL_DENOM,,,,,AG03-UNRESOLVED,ALL5_LEVELS_bet23_to_bet27,,,,,,,,,,,,,,,,,,,,,PENDING_AG03,FALSE,NOT_FOR_ENFORCEMENT,,,,,,,,,,,,,,,,,,,,,,,,,,,,,,,,,,,,,,,,,,,,,,,,,,,,,,,,,,,,,,,,,,,3,0.0,0.0,0.0,0.0,0.0,,n_rounds>=30,568,185,PERCENT_RANK_OVER_ORDER_BY_e_stake,HF9f,THIN_ROUNDS,,,Z 证据不足 · 不动作,36,1,A168_HF9F_20260827_0900,2026-08-27 09:00:00
144742815,2026-04-11,2026-04-11 02:17:27,50555,5,"1,2,4,30,31,36",4,200000.00,10000.00,6,1,TIGHTEN,0,0,v2026-08-11,,,,,,,,,,,,NULL_DENOM,,,,,AG03-UNRESOLVED,ALL5_LEVELS_bet23_to_bet27,,,,,,,,,,,,,,,,,,,,,PENDING_AG03,FALSE,NOT_FOR_ENFORCEMENT,,,,,,,,,,,,,,,,,,,,,,,,,,,,,,,,,,,,,,,,,,,,,,,,,,,,,,,,,,,,,,,,,,,2,0.0,0.0,0.0,0.0,0.0,,n_rounds>=30,568,185,PERCENT_RANK_OVER_ORDER_BY_e_stake,HF9f,THIN_ROUNDS,,,Z 证据不足 · 不动作,37,1,A168_HF9F_20260827_0900,2026-08-27 09:00:00
144767612,2026-07-23,2026-07-23 09:31:12,55551,4,4,30,10000.00,50000.00,1,1,RELEASE,0,0,v2026-08-11,,,,,,,,,,,,NULL_DENOM,,,,,AG03-UNRESOLVED,ALL5_LEVELS_bet23_to_bet27,,,,,,,,,,,,,,,,,,,,,PENDING_AG03,FALSE,NOT_FOR_ENFORCEMENT,,,,,,,,,,,,,,,,,,,,,,,,,,,,,,,,,,,,,,,,,,,,,,,,,,,,,,,,,,,,,,,,,,,2,0.0,0.0,0.0,0.0,0.0,,n_rounds>=30,568,185,PERCENT_RANK_OVER_ORDER_BY_e_stake,HF9f,THIN_ROUNDS,,,Z 证据不足 · 不动作,38,1,A168_HF9F_20260827_0900,2026-08-27 09:00:00
144807110,2026-05-17,2026-05-17 16:05:40,54378,4,21,4,20000.00,10000.00,1,1,TIGHTEN,0,0,v2026-08-11,,,,,,,,,,,,NULL_DENOM,,,,,AG03-UNRESOLVED,ALL5_LEVELS_bet23_to_bet27,,,,,,,,,,,,,,,,,,,,,PENDING_AG03,FALSE,NOT_FOR_ENFORCEMENT,,,,,,,,,,,,,,,,,,,,,,,,,,,,,,,,,,,,,,,,,,,,,,,,,,,,,,,,,,,,,,,,,,,1,0.0,0.0,0.0,0.0,0.0,,n_rounds>=30,568,185,PERCENT_RANK_OVER_ORDER_BY_e_stake,HF9f,THIN_ROUNDS,,,Z 证据不足 · 不动作,39,1,A168_HF9F_20260827_0900,2026-08-27 09:00:00
145378297,2026-05-30,2026-05-30 01:10:19,54378,4,21,3,20000.00,5000.00,1,1,TIGHTEN,0,0,v2026-08-11,,,,,,,,,,,,NULL_DENOM,,,,,AG03-UNRESOLVED,ALL5_LEVELS_bet23_to_bet27,,,,,,,,,,,,,,,,,,,,,PENDING_AG03,FALSE,NOT_FOR_ENFORCEMENT,,,,,,,,,,,,,,,,,,,,,,,,,,,,,,,,,,,,,,,,,,,,,,,,,,,,,,,,,,,,,,,,,,,2,0.0,0.0,0.0,0.0,0.0,,n_rounds>=30,568,185,PERCENT_RANK_OVER_ORDER_BY_e_stake,HF9f,THIN_ROUNDS,,,Z 证据不足 · 不动作,40,1,A168_HF9F_20260827_0900,2026-08-27 09:00:00
145456393,2026-06-16,2026-06-16 13:46:42,54378,4,21,3,20000.00,5000.00,1,1,TIGHTEN,0,0,v2026-08-11,,,,,,,,,,,,NULL_DENOM,,,,,AG03-UNRESOLVED,ALL5_LEVELS_bet23_to_bet27,,,,,,,,,,,,,,,,,,,,,PENDING_AG03,FALSE,NOT_FOR_ENFORCEMENT,,,,,,,,,,,,,,,,,,,,,,,,,,,,,,,,,,,,,,,,,,,,,,,,,,,,,,,,,,,,,,,,,,,2,0.0,0.0,0.0,0.0,0.0,,n_rounds>=30,568,185,PERCENT_RANK_OVER_ORDER_BY_e_stake,HF9f,THIN_ROUNDS,,,Z 证据不足 · 不动作,41,1,A168_HF9F_20260827_0900,2026-08-27 09:00:00
145594316,2026-06-14,2026-06-14 19:59:00,234,0,1,"124,1",1000.00,1000.00,1,2,FLAT,0,0,v2026-08-11,,,,,,,,,,,,NULL_DENOM,,,,,AG03-UNRESOLVED,ALL5_LEVELS_bet23_to_bet27,,,,,,,,,,,,,,,,,,,,,PENDING_AG03,FALSE,NOT_FOR_ENFORCEMENT,,,,,,,,,,,,,,,,,,,,,,,,,,,,,,,,,,,,,,,,,,,,,,,,,,,,,,,,,,,,,,,,,,,2,0.0,0.0,0.0,0.0,0.0,,n_rounds>=30,568,185,PERCENT_RANK_OVER_ORDER_BY_e_stake,HF9f,THIN_ROUNDS,,,Z 证据不足 · 不动作,42,1,A168_HF9F_20260827_0900,2026-08-27 09:00:00
145629046,2026-05-28,2026-05-28 08:02:37,40210,4,1,2,1000.00,3000.00,1,1,RELEASE,0,0,v2026-08-11,,,,,,,,,,,,NULL_DENOM,,,,,AG03-UNRESOLVED,ALL5_LEVELS_bet23_to_bet27,,,,,,,,,,,,,,,,,,,,,PENDING_AG03,FALSE,NOT_FOR_ENFORCEMENT,,,,,,,,,,,,,,,,,,,,,,,,,,,,,,,,,,,,,,,,,,,,,,,,,,,,,,,,,,,,,,,,,,,1,0.0,0.0,0.0,0.0,0.0,,n_rounds>=30,568,185,PERCENT_RANK_OVER_ORDER_BY_e_stake,HF9f,THIN_ROUNDS,,,Z 证据不足 · 不动作,43,1,A168_HF9F_20260827_0900,2026-08-27 09:00:00
145732085,2026-05-28,2026-05-28 22:54:07,54378,4,21,3,20000.00,5000.00,1,1,TIGHTEN,0,0,v2026-08-11,,,,,,,,,,,,NULL_DENOM,,,,,AG03-UNRESOLVED,ALL5_LEVELS_bet23_to_bet27,,,,,,,,,,,,,,,,,,,,,PENDING_AG03,FALSE,NOT_FOR_ENFORCEMENT,,,,,,,,,,,,,,,,,,,,,,,,,,,,,,,,,,,,,,,,,,,,,,,,,,,,,,,,,,,,,,,,,,,1,0.0,0.0,0.0,0.0,0.0,,n_rounds>=30,568,185,PERCENT_RANK_OVER_ORDER_BY_e_stake,HF9f,THIN_ROUNDS,,,Z 证据不足 · 不动作,44,1,A168_HF9F_20260827_0900,2026-08-27 09:00:00
146715916,2026-04-02,2026-04-02 16:39:43,54378,4,21,3,20000.00,5000.00,1,1,TIGHTEN,0,0,v2026-08-11,,,,,,,,,,,,NULL_DENOM,,,,,AG03-UNRESOLVED,ALL5_LEVELS_bet23_to_bet27,,,,,,,,,,,,,,,,,,,,,PENDING_AG03,FALSE,NOT_FOR_ENFORCEMENT,,,,,,,,,,,,,,,,,,,,,,,,,,,,,,,,,,,,,,,,,,,,,,,,,,,,,,,,,,,,,,,,,,,1,0.0,0.0,0.0,0.0,0.0,,n_rounds>=30,568,185,PERCENT_RANK_OVER_ORDER_BY_e_stake,HF9f,THIN_ROUNDS,,,Z 证据不足 · 不动作,45,1,A168_HF9F_20260827_0900,2026-08-27 09:00:00
146818686,2026-04-02,2026-04-02 16:40:46,54378,4,21,3,20000.00,5000.00,1,1,TIGHTEN,0,0,v2026-08-11,,,,,,,,,,,,NULL_DENOM,,,,,AG03-UNRESOLVED,ALL5_LEVELS_bet23_to_bet27,,,,,,,,,,,,,,,,,,,,,PENDING_AG03,FALSE,NOT_FOR_ENFORCEMENT,,,,,,,,,,,,,,,,,,,,,,,,,,,,,,,,,,,,,,,,,,,,,,,,,,,,,,,,,,,,,,,,,,,2,0.0,0.0,0.0,0.0,0.0,,n_rounds>=30,568,185,PERCENT_RANK_OVER_ORDER_BY_e_stake,HF9f,THIN_ROUNDS,,,Z 证据不足 · 不动作,46,1,A168_HF9F_20260827_0900,2026-08-27 09:00:00
147271385,2026-07-31,2026-07-31 14:44:26,51807,5,350,22,50000.00,30000.00,1,1,TIGHTEN,0,0,v2026-08-11,,,,,,,,,,,,NULL_DENOM,,,,,AG03-UNRESOLVED,ALL5_LEVELS_bet23_to_bet27,,,,,,,,,,,,,,,,,,,,,PENDING_AG03,FALSE,NOT_FOR_ENFORCEMENT,,,,,,,,,,,,,,,,,,,,,,,,,,,,,,,,,,,,,,,,,,,,,,,,,,,,,,,,,,,,,,,,,,,2,0.0,0.0,0.0,0.0,0.0,,n_rounds>=30,568,185,PERCENT_RANK_OVER_ORDER_BY_e_stake,HF9f,THIN_ROUNDS,,,Z 证据不足 · 不动作,47,1,A168_HF9F_20260827_0900,2026-08-27 09:00:00
147525607,2026-03-30,2026-03-30 14:40:02,40210,4,"124,59,1,2,3",1,5000.00,1000.00,5,1,TIGHTEN,0,0,v2026-08-11,,,,,,,,,,,,NULL_DENOM,,,,,AG03-UNRESOLVED,ALL5_LEVELS_bet23_to_bet27,,,,,,,,,,,,,,,,,,,,,PENDING_AG03,FALSE,NOT_FOR_ENFORCEMENT,,,,,,,,,,,,,,,,,,,,,,,,,,,,,,,,,,,,,,,,,,,,,,,,,,,,,,,,,,,,,,,,,,,1,0.0,0.0,0.0,0.0,0.0,,n_rounds>=30,568,185,PERCENT_RANK_OVER_ORDER_BY_e_stake,HF9f,THIN_ROUNDS,,,Z 证据不足 · 不动作,48,1,A168_HF9F_20260827_0900,2026-08-27 09:00:00
147536803,2026-03-30,2026-03-30 14:39:12,40210,4,"124,59,1,2,3",1,5000.00,1000.00,5,1,TIGHTEN,0,0,v2026-08-11,,,,,,,,,,,,NULL_DENOM,,,,,AG03-UNRESOLVED,ALL5_LEVELS_bet23_to_bet27,,,,,,,,,,,,,,,,,,,,,PENDING_AG03,FALSE,NOT_FOR_ENFORCEMENT,,,,,,,,,,,,,,,,,,,,,,,,,,,,,,,,,,,,,,,,,,,,,,,,,,,,,,,,,,,,,,,,,,,2,0.0,0.0,0.0,0.0,0.0,,n_rounds>=30,568,185,PERCENT_RANK_OVER_ORDER_BY_e_stake,HF9f,THIN_ROUNDS,,,Z 证据不足 · 不动作,49,1,A168_HF9F_20260827_0900,2026-08-27 09:00:00
147538831,2026-03-30,2026-03-30 14:40:48,40210,4,"124,59,1,2,3",1,5000.00,1000.00,5,1,TIGHTEN,0,0,v2026-08-11,,,,,,,,,,,,NULL_DENOM,,,,,AG03-UNRESOLVED,ALL5_LEVELS_bet23_to_bet27,,,,,,,,,,,,,,,,,,,,,PENDING_AG03,FALSE,NOT_FOR_ENFORCEMENT,,,,,,,,,,,,,,,,,,,,,,,,,,,,,,,,,,,,,,,,,,,,,,,,,,,,,,,,,,,,,,,,,,,2,0.0,0.0,0.0,0.0,0.0,,n_rounds>=30,568,185,PERCENT_RANK_OVER_ORDER_BY_e_stake,HF9f,THIN_ROUNDS,,,Z 证据不足 · 不动作,50,1,A168_HF9F_20260827_0900,2026-08-27 09:00:00
147590676,2026-03-30,2026-03-30 14:41:32,40210,4,"124,59,1,2,3",1,5000.00,1000.00,5,1,TIGHTEN,0,0,v2026-08-11,,,,,,,,,,,,NULL_DENOM,,,,,AG03-UNRESOLVED,ALL5_LEVELS_bet23_to_bet27,,,,,,,,,,,,,,,,,,,,,PENDING_AG03,FALSE,NOT_FOR_ENFORCEMENT,,,,,,,,,,,,,,,,,,,,,,,,,,,,,,,,,,,,,,,,,,,,,,,,,,,,,,,,,,,,,,,,,,,3,0.0,0.0,0.0,0.0,0.0,,n_rounds>=30,568,185,PERCENT_RANK_OVER_ORDER_BY_e_stake,HF9f,THIN_ROUNDS,,,Z 证据不足 · 不动作,51,1,A168_HF9F_20260827_0900,2026-08-27 09:00:00
147619069,2026-04-02,2026-04-02 16:41:26,54378,4,21,3,20000.00,5000.00,1,1,TIGHTEN,0,0,v2026-08-11,,,,,,,,,,,,NULL_DENOM,,,,,AG03-UNRESOLVED,ALL5_LEVELS_bet23_to_bet27,,,,,,,,,,,,,,,,,,,,,PENDING_AG03,FALSE,NOT_FOR_ENFORCEMENT,,,,,,,,,,,,,,,,,,,,,,,,,,,,,,,,,,,,,,,,,,,,,,,,,,,,,,,,,,,,,,,,,,,1,0.0,0.0,0.0,0.0,0.0,,n_rounds>=30,568,185,PERCENT_RANK_OVER_ORDER_BY_e_stake,HF9f,THIN_ROUNDS,,,Z 证据不足 · 不动作,52,1,A168_HF9F_20260827_0900,2026-08-27 09:00:00
147690245,2026-04-07,2026-04-07 19:41:21,289,0,"124,4,21,404","4,21,22",50000.00,30000.00,4,3,TIGHTEN,0,0,v2026-08-11,,,,,,,,,,,,NULL_DENOM,,,,,AG03-UNRESOLVED,ALL5_LEVELS_bet23_to_bet27,,,,,,,,,,,,,,,,,,,,,PENDING_AG03,FALSE,NOT_FOR_ENFORCEMENT,,,,,,,,,,,,,,,,,,,,,,,,,,,,,,,,,,,,,,,,,,,,,,,,,,,,,,,,,,,,,,,,,,,2,0.0,0.0,0.0,0.0,0.0,,n_rounds>=30,568,185,PERCENT_RANK_OVER_ORDER_BY_e_stake,HF9f,THIN_ROUNDS,,,Z 证据不足 · 不动作,53,1,A168_HF9F_20260827_0900,2026-08-27 09:00:00
147744283,2026-08-02,2026-08-02 01:20:49,239,0,"4,21,22,30,31","4,21",100000.00,20000.00,5,2,TIGHTEN,0,0,v2026-08-11,,,,,,,,,,,,NULL_DENOM,,,,,AG03-UNRESOLVED,ALL5_LEVELS_bet23_to_bet27,,,,,,,,,,,,,,,,,,,,,PENDING_AG03,FALSE,NOT_FOR_ENFORCEMENT,,,,,,,,,,,,,,,,,,,,,,,,,,,,,,,,,,,,,,,,,,,,,,,,,,,,,,,,,,,,,,,,,,,1,0.0,0.0,0.0,0.0,0.0,,n_rounds>=30,568,185,PERCENT_RANK_OVER_ORDER_BY_e_stake,HF9f,THIN_ROUNDS,,,Z 证据不足 · 不动作,54,1,A168_HF9F_20260827_0900,2026-08-27 09:00:00
147906773,2026-03-30,2026-03-30 14:42:26,40210,4,"124,59,1,2,3",1,5000.00,1000.00,5,1,TIGHTEN,0,0,v2026-08-11,,,,,,,,,,,,NULL_DENOM,,,,,AG03-UNRESOLVED,ALL5_LEVELS_bet23_to_bet27,,,,,,,,,,,,,,,,,,,,,PENDING_AG03,FALSE,NOT_FOR_ENFORCEMENT,,,,,,,,,,,,,,,,,,,,,,,,,,,,,,,,,,,,,,,,,,,,,,,,,,,,,,,,,,,,,,,,,,,2,0.0,0.0,0.0,0.0,0.0,,n_rounds>=30,568,185,PERCENT_RANK_OVER_ORDER_BY_e_stake,HF9f,THIN_ROUNDS,,,Z 证据不足 · 不动作,55,1,A168_HF9F_20260827_0900,2026-08-27 09:00:00
147931943,2026-06-04,2026-06-04 21:39:49,320,0,404,402,50000.00,20000.00,1,1,TIGHTEN,0,0,v2026-08-11,,,,,,,,,,,,NULL_DENOM,,,,,AG03-UNRESOLVED,ALL5_LEVELS_bet23_to_bet27,,,,,,,,,,,,,,,,,,,,,PENDING_AG03,FALSE,NOT_FOR_ENFORCEMENT,,,,,,,,,,,,,,,,,,,,,,,,,,,,,,,,,,,,,,,,,,,,,,,,,,,,,,,,,,,,,,,,,,,1,0.0,0.0,0.0,0.0,0.0,,n_rounds>=30,568,185,PERCENT_RANK_OVER_ORDER_BY_e_stake,HF9f,THIN_ROUNDS,,,Z 证据不足 · 不动作,56,1,A168_HF9F_20260827_0900,2026-08-27 09:00:00
147938850,2026-08-06,2026-08-06 13:52:54,54378,4,21,4,20000.00,10000.00,1,1,TIGHTEN,0,0,v2026-08-11,,,,,,,,,,,,NULL_DENOM,,,,,AG03-UNRESOLVED,ALL5_LEVELS_bet23_to_bet27,,,,,,,,,,,,,,,,,,,,,PENDING_AG03,FALSE,NOT_FOR_ENFORCEMENT,,,,,,,,,,,,,,,,,,,,,,,,,,,,,,,,,,,,,,,,,,,,,,,,,,,,,,,,,,,,,,,,,,,3,0.0,0.0,0.0,0.0,0.0,,n_rounds>=30,568,185,PERCENT_RANK_OVER_ORDER_BY_e_stake,HF9f,THIN_ROUNDS,,,Z 证据不足 · 不动作,57,1,A168_HF9F_20260827_0900,2026-08-27 09:00:00
148009206,2026-04-05,2026-04-05 22:45:18,40210,4,"124,59,1,2,3",1,5000.00,1000.00,5,1,TIGHTEN,0,0,v2026-08-11,,,,,,,,,,,,NULL_DENOM,,,,,AG03-UNRESOLVED,ALL5_LEVELS_bet23_to_bet27,,,,,,,,,,,,,,,,,,,,,PENDING_AG03,FALSE,NOT_FOR_ENFORCEMENT,,,,,,,,,,,,,,,,,,,,,,,,,,,,,,,,,,,,,,,,,,,,,,,,,,,,,,,,,,,,,,,,,,,2,0.0,0.0,0.0,0.0,0.0,,n_rounds>=30,568,185,PERCENT_RANK_OVER_ORDER_BY_e_stake,HF9f,THIN_ROUNDS,,,Z 证据不足 · 不动作,58,1,A168_HF9F_20260827_0900,2026-08-27 09:00:00
148218499,2026-06-10,2026-06-10 21:04:16,54378,4,21,3,20000.00,5000.00,1,1,TIGHTEN,0,0,v2026-08-11,,,,,,,,,,,,NULL_DENOM,,,,,AG03-UNRESOLVED,ALL5_LEVELS_bet23_to_bet27,,,,,,,,,,,,,,,,,,,,,PENDING_AG03,FALSE,NOT_FOR_ENFORCEMENT,,,,,,,,,,,,,,,,,,,,,,,,,,,,,,,,,,,,,,,,,,,,,,,,,,,,,,,,,,,,,,,,,,,1,0.0,0.0,0.0,0.0,0.0,,n_rounds>=30,568,185,PERCENT_RANK_OVER_ORDER_BY_e_stake,HF9f,THIN_ROUNDS,,,Z 证据不足 · 不动作,59,1,A168_HF9F_20260827_0900,2026-08-27 09:00:00
148282431,2026-05-18,2026-05-18 13:45:50,321,0,4,21,10000.00,20000.00,1,1,RELEASE,0,0,v2026-08-11,,,,,,,,,,,,NULL_DENOM,,,,,AG03-UNRESOLVED,ALL5_LEVELS_bet23_to_bet27,,,,,,,,,,,,,,,,,,,,,PENDING_AG03,FALSE,NOT_FOR_ENFORCEMENT,,,,,,,,,,,,,,,,,,,,,,,,,,,,,,,,,,,,,,,,,,,,,,,,,,,,,,,,,,,,,,,,,,,1,0.0,0.0,0.0,0.0,0.0,,n_rounds>=30,568,185,PERCENT_RANK_OVER_ORDER_BY_e_stake,HF9f,THIN_ROUNDS,,,Z 证据不足 · 不动作,60,1,A168_HF9F_20260827_0900,2026-08-27 09:00:00
148282431,2026-05-18,2026-05-18 13:48:46,321,0,21,"4,21",20000.00,20000.00,1,2,FLAT,0,0,v2026-08-11,,,,,,,,,,,,NULL_DENOM,,,,,AG03-UNRESOLVED,ALL5_LEVELS_bet23_to_bet27,,,,,,,,,,,,,,,,,,,,,PENDING_AG03,FALSE,NOT_FOR_ENFORCEMENT,,,,,,,,,,,,,,,,,,,,,,,,,,,,,,,,,,,,,,,,,,,,,,,,,,,,,,,,,,,,,,,,,,,1,0.0,0.0,0.0,0.0,0.0,,n_rounds>=30,568,185,PERCENT_RANK_OVER_ORDER_BY_e_stake,HF9f,THIN_ROUNDS,,,Z 证据不足 · 不动作,61,1,A168_HF9F_20260827_0900,2026-08-27 09:00:00
148282431,2026-05-18,2026-05-18 13:53:29,321,0,"4,21",21,20000.00,20000.00,2,1,FLAT,0,0,v2026-08-11,,,,,,,,,,,,NULL_DENOM,,,,,AG03-UNRESOLVED,ALL5_LEVELS_bet23_to_bet27,,,,,,,,,,,,,,,,,,,,,PENDING_AG03,FALSE,NOT_FOR_ENFORCEMENT,,,,,,,,,,,,,,,,,,,,,,,,,,,,,,,,,,,,,,,,,,,,,,,,,,,,,,,,,,,,,,,,,,,1,0.0,0.0,0.0,0.0,0.0,,n_rounds>=30,568,185,PERCENT_RANK_OVER_ORDER_BY_e_stake,HF9f,THIN_ROUNDS,,,Z 证据不足 · 不动作,62,1,A168_HF9F_20260827_0900,2026-08-27 09:00:00
148329702,2026-04-09,2026-04-09 13:21:14,54378,4,21,4,20000.00,10000.00,1,1,TIGHTEN,0,0,v2026-08-11,,,,,,,,,,,,NULL_DENOM,,,,,AG03-UNRESOLVED,ALL5_LEVELS_bet23_to_bet27,,,,,,,,,,,,,,,,,,,,,PENDING_AG03,FALSE,NOT_FOR_ENFORCEMENT,,,,,,,,,,,,,,,,,,,,,,,,,,,,,,,,,,,,,,,,,,,,,,,,,,,,,,,,,,,,,,,,,,,2,0.0,0.0,0.0,0.0,0.0,,n_rounds>=30,568,185,PERCENT_RANK_OVER_ORDER_BY_e_stake,HF9f,THIN_ROUNDS,,,Z 证据不足 · 不动作,63,1,A168_HF9F_20260827_0900,2026-08-27 09:00:00
148347094,2026-04-10,2026-04-10 00:55:35,40210,4,"124,59,1,2,3",1,5000.00,1000.00,5,1,TIGHTEN,0,0,v2026-08-11,,,,,,,,,,,,NULL_DENOM,,,,,AG03-UNRESOLVED,ALL5_LEVELS_bet23_to_bet27,,,,,,,,,,,,,,,,,,,,,PENDING_AG03,FALSE,NOT_FOR_ENFORCEMENT,,,,,,,,,,,,,,,,,,,,,,,,,,,,,,,,,,,,,,,,,,,,,,,,,,,,,,,,,,,,,,,,,,,2,0.0,0.0,0.0,0.0,0.0,,n_rounds>=30,568,185,PERCENT_RANK_OVER_ORDER_BY_e_stake,HF9f,THIN_ROUNDS,,,Z 证据不足 · 不动作,64,1,A168_HF9F_20260827_0900,2026-08-27 09:00:00
148435504,2026-04-13,2026-04-13 21:47:37,40210,4,"124,59,1,2,3",1,5000.00,1000.00,5,1,TIGHTEN,0,0,v2026-08-11,,,,,,,,,,,,NULL_DENOM,,,,,AG03-UNRESOLVED,ALL5_LEVELS_bet23_to_bet27,,,,,,,,,,,,,,,,,,,,,PENDING_AG03,FALSE,NOT_FOR_ENFORCEMENT,,,,,,,,,,,,,,,,,,,,,,,,,,,,,,,,,,,,,,,,,,,,,,,,,,,,,,,,,,,,,,,,,,,3,0.0,0.0,0.0,0.0,0.0,,n_rounds>=30,568,185,PERCENT_RANK_OVER_ORDER_BY_e_stake,HF9f,THIN_ROUNDS,,,Z 证据不足 · 不动作,65,1,A168_HF9F_20260827_0900,2026-08-27 09:00:00
148489797,2026-04-16,2026-04-16 13:58:05,40210,4,"124,59,1,2,3",1,5000.00,1000.00,5,1,TIGHTEN,0,0,v2026-08-11,,,,,,,,,,,,NULL_DENOM,,,,,AG03-UNRESOLVED,ALL5_LEVELS_bet23_to_bet27,,,,,,,,,,,,,,,,,,,,,PENDING_AG03,FALSE,NOT_FOR_ENFORCEMENT,,,,,,,,,,,,,,,,,,,,,,,,,,,,,,,,,,,,,,,,,,,,,,,,,,,,,,,,,,,,,,,,,,,2,0.0,0.0,0.0,0.0,0.0,,n_rounds>=30,568,185,PERCENT_RANK_OVER_ORDER_BY_e_stake,HF9f,THIN_ROUNDS,,,Z 证据不足 · 不动作,66,1,A168_HF9F_20260827_0900,2026-08-27 09:00:00
148543440,2026-04-13,2026-04-13 21:48:21,40210,4,"124,59,1,2,3",1,5000.00,1000.00,5,1,TIGHTEN,0,0,v2026-08-11,,,,,,,,,,,,NULL_DENOM,,,,,AG03-UNRESOLVED,ALL5_LEVELS_bet23_to_bet27,,,,,,,,,,,,,,,,,,,,,PENDING_AG03,FALSE,NOT_FOR_ENFORCEMENT,,,,,,,,,,,,,,,,,,,,,,,,,,,,,,,,,,,,,,,,,,,,,,,,,,,,,,,,,,,,,,,,,,,3,0.0,0.0,0.0,0.0,0.0,,n_rounds>=30,568,185,PERCENT_RANK_OVER_ORDER_BY_e_stake,HF9f,THIN_ROUNDS,,,Z 证据不足 · 不动作,67,1,A168_HF9F_20260827_0900,2026-08-27 09:00:00
148601146,2026-04-13,2026-04-13 19:28:10,54378,4,21,3,20000.00,5000.00,1,1,TIGHTEN,0,0,v2026-08-11,,,,,,,,,,,,NULL_DENOM,,,,,AG03-UNRESOLVED,ALL5_LEVELS_bet23_to_bet27,,,,,,,,,,,,,,,,,,,,,PENDING_AG03,FALSE,NOT_FOR_ENFORCEMENT,,,,,,,,,,,,,,,,,,,,,,,,,,,,,,,,,,,,,,,,,,,,,,,,,,,,,,,,,,,,,,,,,,,2,0.0,0.0,0.0,0.0,0.0,,n_rounds>=30,568,185,PERCENT_RANK_OVER_ORDER_BY_e_stake,HF9f,THIN_ROUNDS,,,Z 证据不足 · 不动作,68,1,A168_HF9F_20260827_0900,2026-08-27 09:00:00
148631861,2026-04-16,2026-04-16 13:56:58,40210,4,"124,59,1,2,3",1,5000.00,1000.00,5,1,TIGHTEN,0,0,v2026-08-11,,,,,,,,,,,,NULL_DENOM,,,,,AG03-UNRESOLVED,ALL5_LEVELS_bet23_to_bet27,,,,,,,,,,,,,,,,,,,,,PENDING_AG03,FALSE,NOT_FOR_ENFORCEMENT,,,,,,,,,,,,,,,,,,,,,,,,,,,,,,,,,,,,,,,,,,,,,,,,,,,,,,,,,,,,,,,,,,,1,0.0,0.0,0.0,0.0,0.0,,n_rounds>=30,568,185,PERCENT_RANK_OVER_ORDER_BY_e_stake,HF9f,THIN_ROUNDS,,,Z 证据不足 · 不动作,69,1,A168_HF9F_20260827_0900,2026-08-27 09:00:00
148682436,2026-04-15,2026-04-15 12:37:24,55797,5,21,4,20000.00,10000.00,1,1,TIGHTEN,0,0,v2026-08-11,,,,,,,,,,,,NULL_DENOM,,,,,AG03-UNRESOLVED,ALL5_LEVELS_bet23_to_bet27,,,,,,,,,,,,,,,,,,,,,PENDING_AG03,FALSE,NOT_FOR_ENFORCEMENT,,,,,,,,,,,,,,,,,,,,,,,,,,,,,,,,,,,,,,,,,,,,,,,,,,,,,,,,,,,,,,,,,,,2,0.0,0.0,0.0,0.0,0.0,,n_rounds>=30,568,185,PERCENT_RANK_OVER_ORDER_BY_e_stake,HF9f,THIN_ROUNDS,,,Z 证据不足 · 不动作,70,1,A168_HF9F_20260827_0900,2026-08-27 09:00:00
148682672,2026-04-15,2026-04-15 12:37:04,55797,5,21,4,20000.00,10000.00,1,1,TIGHTEN,0,0,v2026-08-11,,,,,,,,,,,,NULL_DENOM,,,,,AG03-UNRESOLVED,ALL5_LEVELS_bet23_to_bet27,,,,,,,,,,,,,,,,,,,,,PENDING_AG03,FALSE,NOT_FOR_ENFORCEMENT,,,,,,,,,,,,,,,,,,,,,,,,,,,,,,,,,,,,,,,,,,,,,,,,,,,,,,,,,,,,,,,,,,,1,0.0,0.0,0.0,0.0,0.0,,n_rounds>=30,568,185,PERCENT_RANK_OVER_ORDER_BY_e_stake,HF9f,THIN_ROUNDS,,,Z 证据不足 · 不动作,71,1,A168_HF9F_20260827_0900,2026-08-27 09:00:00
148744154,2026-04-16,2026-04-16 22:34:50,51807,5,350,31,50000.00,100000.00,1,1,RELEASE,0,0,v2026-08-11,,,,,,,,,,,,NULL_DENOM,,,,,AG03-UNRESOLVED,ALL5_LEVELS_bet23_to_bet27,,,,,,,,,,,,,,,,,,,,,PENDING_AG03,FALSE,NOT_FOR_ENFORCEMENT,,,,,,,,,,,,,,,,,,,,,,,,,,,,,,,,,,,,,,,,,,,,,,,,,,,,,,,,,,,,,,,,,,,1,0.0,0.0,0.0,0.0,0.0,,n_rounds>=30,568,185,PERCENT_RANK_OVER_ORDER_BY_e_stake,HF9f,THIN_ROUNDS,,,Z 证据不足 · 不动作,72,1,A168_HF9F_20260827_0900,2026-08-27 09:00:00
148755847,2026-04-17,2026-04-17 12:44:07,40210,4,"124,59,1,2,3",1,5000.00,1000.00,5,1,TIGHTEN,0,0,v2026-08-11,,,,,,,,,,,,NULL_DENOM,,,,,AG03-UNRESOLVED,ALL5_LEVELS_bet23_to_bet27,,,,,,,,,,,,,,,,,,,,,PENDING_AG03,FALSE,NOT_FOR_ENFORCEMENT,,,,,,,,,,,,,,,,,,,,,,,,,,,,,,,,,,,,,,,,,,,,,,,,,,,,,,,,,,,,,,,,,,,1,0.0,0.0,0.0,0.0,0.0,,n_rounds>=30,568,185,PERCENT_RANK_OVER_ORDER_BY_e_stake,HF9f,THIN_ROUNDS,,,Z 证据不足 · 不动作,73,1,A168_HF9F_20260827_0900,2026-08-27 09:00:00
148773050,2026-04-17,2026-04-17 12:44:54,40210,4,"124,59,1,2,3",124,5000.00,100.00,5,1,TIGHTEN,0,0,v2026-08-11,,,,,,,,,,,,NULL_DENOM,,,,,AG03-UNRESOLVED,ALL5_LEVELS_bet23_to_bet27,,,,,,,,,,,,,,,,,,,,,PENDING_AG03,FALSE,NOT_FOR_ENFORCEMENT,,,,,,,,,,,,,,,,,,,,,,,,,,,,,,,,,,,,,,,,,,,,,,,,,,,,,,,,,,,,,,,,,,,2,0.0,0.0,0.0,0.0,0.0,,n_rounds>=30,568,185,PERCENT_RANK_OVER_ORDER_BY_e_stake,HF9f,THIN_ROUNDS,,,Z 证据不足 · 不动作,74,1,A168_HF9F_20260827_0900,2026-08-27 09:00:00
148847712,2026-04-19,2026-04-19 00:57:43,40210,4,"124,59,1,2,3",1,5000.00,1000.00,5,1,TIGHTEN,0,0,v2026-08-11,,,,,,,,,,,,NULL_DENOM,,,,,AG03-UNRESOLVED,ALL5_LEVELS_bet23_to_bet27,,,,,,,,,,,,,,,,,,,,,PENDING_AG03,FALSE,NOT_FOR_ENFORCEMENT,,,,,,,,,,,,,,,,,,,,,,,,,,,,,,,,,,,,,,,,,,,,,,,,,,,,,,,,,,,,,,,,,,,1,0.0,0.0,0.0,0.0,0.0,,n_rounds>=30,568,185,PERCENT_RANK_OVER_ORDER_BY_e_stake,HF9f,THIN_ROUNDS,,,Z 证据不足 · 不动作,75,1,A168_HF9F_20260827_0900,2026-08-27 09:00:00
148904862,2026-04-20,2026-04-20 16:08:40,289,0,,"1,2,3,4,21,22,30",,50000.00,0,7,UNKNOWN_NO_DICT,0,0,v2026-08-11,,,,,,,,,,,,NULL_DENOM,,,,,AG03-UNRESOLVED,ALL5_LEVELS_bet23_to_bet27,,,,,,,,,,,,,,,,,,,,,PENDING_AG03,FALSE,NOT_FOR_ENFORCEMENT,,,,,,,,,,,,,,,,,,,,,,,,,,,,,,,,,,,,,,,,,,,,,,,,,,,,,,,,,,,,,,,,,,,1,0.0,0.0,0.0,0.0,0.0,,n_rounds>=30,568,185,PERCENT_RANK_OVER_ORDER_BY_e_stake,HF9f,THIN_ROUNDS,,,Z 证据不足 · 不动作,76,1,A168_HF9F_20260827_0900,2026-08-27 09:00:00
148927275,2026-04-26,2026-04-26 07:53:19,40210,4,"124,59,1,2,3",1,5000.00,1000.00,5,1,TIGHTEN,0,0,v2026-08-11,,,,,,,,,,,,NULL_DENOM,,,,,AG03-UNRESOLVED,ALL5_LEVELS_bet23_to_bet27,,,,,,,,,,,,,,,,,,,,,PENDING_AG03,FALSE,NOT_FOR_ENFORCEMENT,,,,,,,,,,,,,,,,,,,,,,,,,,,,,,,,,,,,,,,,,,,,,,,,,,,,,,,,,,,,,,,,,,,1,0.0,0.0,0.0,0.0,0.0,,n_rounds>=30,568,185,PERCENT_RANK_OVER_ORDER_BY_e_stake,HF9f,THIN_ROUNDS,,,Z 证据不足 · 不动作,77,1,A168_HF9F_20260827_0900,2026-08-27 09:00:00
148958759,2026-04-21,2026-04-21 19:05:18,54378,4,21,4,20000.00,10000.00,1,1,TIGHTEN,0,0,v2026-08-11,,,,,,,,,,,,NULL_DENOM,,,,,AG03-UNRESOLVED,ALL5_LEVELS_bet23_to_bet27,,,,,,,,,,,,,,,,,,,,,PENDING_AG03,FALSE,NOT_FOR_ENFORCEMENT,,,,,,,,,,,,,,,,,,,,,,,,,,,,,,,,,,,,,,,,,,,,,,,,,,,,,,,,,,,,,,,,,,,1,0.0,0.0,0.0,0.0,0.0,,n_rounds>=30,568,185,PERCENT_RANK_OVER_ORDER_BY_e_stake,HF9f,THIN_ROUNDS,,,Z 证据不足 · 不动作,78,1,A168_HF9F_20260827_0900,2026-08-27 09:00:00
148961138,2026-04-21,2026-04-21 20:04:43,54378,4,21,4,20000.00,10000.00,1,1,TIGHTEN,0,0,v2026-08-11,,,,,,,,,,,,NULL_DENOM,,,,,AG03-UNRESOLVED,ALL5_LEVELS_bet23_to_bet27,,,,,,,,,,,,,,,,,,,,,PENDING_AG03,FALSE,NOT_FOR_ENFORCEMENT,,,,,,,,,,,,,,,,,,,,,,,,,,,,,,,,,,,,,,,,,,,,,,,,,,,,,,,,,,,,,,,,,,,2,0.0,0.0,0.0,0.0,0.0,,n_rounds>=30,568,185,PERCENT_RANK_OVER_ORDER_BY_e_stake,HF9f,THIN_ROUNDS,,,Z 证据不足 · 不动作,79,1,A168_HF9F_20260827_0900,2026-08-27 09:00:00
148998320,2026-04-22,2026-04-22 15:57:51,55797,5,21,4,20000.00,10000.00,1,1,TIGHTEN,0,0,v2026-08-11,,,,,,,,,,,,NULL_DENOM,,,,,AG03-UNRESOLVED,ALL5_LEVELS_bet23_to_bet27,,,,,,,,,,,,,,,,,,,,,PENDING_AG03,FALSE,NOT_FOR_ENFORCEMENT,,,,,,,,,,,,,,,,,,,,,,,,,,,,,,,,,,,,,,,,,,,,,,,,,,,,,,,,,,,,,,,,,,,2,0.0,0.0,0.0,0.0,0.0,,n_rounds>=30,568,185,PERCENT_RANK_OVER_ORDER_BY_e_stake,HF9f,THIN_ROUNDS,,,Z 证据不足 · 不动作,80,1,A168_HF9F_20260827_0900,2026-08-27 09:00:00
149003390,2026-05-15,2026-05-15 18:45:17,294,0,"1,2,3,4,21,22,30","1,2,3,4,22,30",50000.00,50000.00,7,6,FLAT,0,0,v2026-08-11,,,,,,,,,,,,NULL_DENOM,,,,,AG03-UNRESOLVED,ALL5_LEVELS_bet23_to_bet27,,,,,,,,,,,,,,,,,,,,,PENDING_AG03,FALSE,NOT_FOR_ENFORCEMENT,,,,,,,,,,,,,,,,,,,,,,,,,,,,,,,,,,,,,,,,,,,,,,,,,,,,,,,,,,,,,,,,,,,3,0.0,0.0,0.0,0.0,0.0,,n_rounds>=30,568,185,PERCENT_RANK_OVER_ORDER_BY_e_stake,HF9f,THIN_ROUNDS,,,Z 证据不足 · 不动作,81,1,A168_HF9F_20260827_0900,2026-08-27 09:00:00
149006980,2026-04-22,2026-04-22 19:47:26,54378,4,21,3,20000.00,5000.00,1,1,TIGHTEN,0,0,v2026-08-11,,,,,,,,,,,,NULL_DENOM,,,,,AG03-UNRESOLVED,ALL5_LEVELS_bet23_to_bet27,,,,,,,,,,,,,,,,,,,,,PENDING_AG03,FALSE,NOT_FOR_ENFORCEMENT,,,,,,,,,,,,,,,,,,,,,,,,,,,,,,,,,,,,,,,,,,,,,,,,,,,,,,,,,,,,,,,,,,,2,0.0,0.0,0.0,0.0,0.0,,n_rounds>=30,568,185,PERCENT_RANK_OVER_ORDER_BY_e_stake,HF9f,THIN_ROUNDS,,,Z 证据不足 · 不动作,82,1,A168_HF9F_20260827_0900,2026-08-27 09:00:00
149007345,2026-04-22,2026-04-22 19:47:07,54378,4,21,3,20000.00,5000.00,1,1,TIGHTEN,0,0,v2026-08-11,,,,,,,,,,,,NULL_DENOM,,,,,AG03-UNRESOLVED,ALL5_LEVELS_bet23_to_bet27,,,,,,,,,,,,,,,,,,,,,PENDING_AG03,FALSE,NOT_FOR_ENFORCEMENT,,,,,,,,,,,,,,,,,,,,,,,,,,,,,,,,,,,,,,,,,,,,,,,,,,,,,,,,,,,,,,,,,,,2,0.0,0.0,0.0,0.0,0.0,,n_rounds>=30,568,185,PERCENT_RANK_OVER_ORDER_BY_e_stake,HF9f,THIN_ROUNDS,,,Z 证据不足 · 不动作,83,1,A168_HF9F_20260827_0900,2026-08-27 09:00:00
149085297,2026-04-24,2026-04-24 16:10:29,54378,4,21,4,20000.00,10000.00,1,1,TIGHTEN,0,0,v2026-08-11,,,,,,,,,,,,NULL_DENOM,,,,,AG03-UNRESOLVED,ALL5_LEVELS_bet23_to_bet27,,,,,,,,,,,,,,,,,,,,,PENDING_AG03,FALSE,NOT_FOR_ENFORCEMENT,,,,,,,,,,,,,,,,,,,,,,,,,,,,,,,,,,,,,,,,,,,,,,,,,,,,,,,,,,,,,,,,,,,2,0.0,0.0,0.0,0.0,0.0,,n_rounds>=30,568,185,PERCENT_RANK_OVER_ORDER_BY_e_stake,HF9f,THIN_ROUNDS,,,Z 证据不足 · 不动作,84,1,A168_HF9F_20260827_0900,2026-08-27 09:00:00
149234876,2026-05-01,2026-05-01 15:28:27,51807,5,350,"350,176",50000.00,2000000.00,1,2,RELEASE,0,0,v2026-08-11,,,,,,,,,,,,NULL_DENOM,,,,,AG03-UNRESOLVED,ALL5_LEVELS_bet23_to_bet27,,,,,,,,,,,,,,,,,,,,,PENDING_AG03,FALSE,NOT_FOR_ENFORCEMENT,,,,,,,,,,,,,,,,,,,,,,,,,,,,,,,,,,,,,,,,,,,,,,,,,,,,,,,,,,,,,,,,,,,1,0.0,0.0,0.0,0.0,0.0,,n_rounds>=30,568,185,PERCENT_RANK_OVER_ORDER_BY_e_stake,HF9f,THIN_ROUNDS,,,Z 证据不足 · 不动作,85,1,A168_HF9F_20260827_0900,2026-08-27 09:00:00
149257450,2026-04-28,2026-04-28 14:35:10,54378,4,21,4,20000.00,10000.00,1,1,TIGHTEN,0,0,v2026-08-11,,,,,,,,,,,,NULL_DENOM,,,,,AG03-UNRESOLVED,ALL5_LEVELS_bet23_to_bet27,,,,,,,,,,,,,,,,,,,,,PENDING_AG03,FALSE,NOT_FOR_ENFORCEMENT,,,,,,,,,,,,,,,,,,,,,,,,,,,,,,,,,,,,,,,,,,,,,,,,,,,,,,,,,,,,,,,,,,,3,0.0,0.0,0.0,0.0,0.0,,n_rounds>=30,568,185,PERCENT_RANK_OVER_ORDER_BY_e_stake,HF9f,THIN_ROUNDS,,,Z 证据不足 · 不动作,86,1,A168_HF9F_20260827_0900,2026-08-27 09:00:00
149257512,2026-04-28,2026-04-28 14:34:50,54378,4,21,4,20000.00,10000.00,1,1,TIGHTEN,0,0,v2026-08-11,,,,,,,,,,,,NULL_DENOM,,,,,AG03-UNRESOLVED,ALL5_LEVELS_bet23_to_bet27,,,,,,,,,,,,,,,,,,,,,PENDING_AG03,FALSE,NOT_FOR_ENFORCEMENT,,,,,,,,,,,,,,,,,,,,,,,,,,,,,,,,,,,,,,,,,,,,,,,,,,,,,,,,,,,,,,,,,,,1,0.0,0.0,0.0,0.0,0.0,,n_rounds>=30,568,185,PERCENT_RANK_OVER_ORDER_BY_e_stake,HF9f,THIN_ROUNDS,,,Z 证据不足 · 不动作,87,1,A168_HF9F_20260827_0900,2026-08-27 09:00:00
149257550,2026-04-28,2026-04-28 14:34:30,54378,4,21,4,20000.00,10000.00,1,1,TIGHTEN,0,0,v2026-08-11,,,,,,,,,,,,NULL_DENOM,,,,,AG03-UNRESOLVED,ALL5_LEVELS_bet23_to_bet27,,,,,,,,,,,,,,,,,,,,,PENDING_AG03,FALSE,NOT_FOR_ENFORCEMENT,,,,,,,,,,,,,,,,,,,,,,,,,,,,,,,,,,,,,,,,,,,,,,,,,,,,,,,,,,,,,,,,,,,2,0.0,0.0,0.0,0.0,0.0,,n_rounds>=30,568,185,PERCENT_RANK_OVER_ORDER_BY_e_stake,HF9f,THIN_ROUNDS,,,Z 证据不足 · 不动作,88,1,A168_HF9F_20260827_0900,2026-08-27 09:00:00
149257564,2026-04-28,2026-04-28 14:34:11,54378,4,21,4,20000.00,10000.00,1,1,TIGHTEN,0,0,v2026-08-11,,,,,,,,,,,,NULL_DENOM,,,,,AG03-UNRESOLVED,ALL5_LEVELS_bet23_to_bet27,,,,,,,,,,,,,,,,,,,,,PENDING_AG03,FALSE,NOT_FOR_ENFORCEMENT,,,,,,,,,,,,,,,,,,,,,,,,,,,,,,,,,,,,,,,,,,,,,,,,,,,,,,,,,,,,,,,,,,,1,0.0,0.0,0.0,0.0,0.0,,n_rounds>=30,568,185,PERCENT_RANK_OVER_ORDER_BY_e_stake,HF9f,THIN_ROUNDS,,,Z 证据不足 · 不动作,89,1,A168_HF9F_20260827_0900,2026-08-27 09:00:00
149261011,2026-04-29,2026-04-29 00:49:18,241,0,"3,4,30,31","1,3,4,30,31",100000.00,100000.00,4,5,FLAT,0,0,v2026-08-11,,,,,,,,,,,,NULL_DENOM,,,,,AG03-UNRESOLVED,ALL5_LEVELS_bet23_to_bet27,,,,,,,,,,,,,,,,,,,,,PENDING_AG03,FALSE,NOT_FOR_ENFORCEMENT,,,,,,,,,,,,,,,,,,,,,,,,,,,,,,,,,,,,,,,,,,,,,,,,,,,,,,,,,,,,,,,,,,,2,0.0,0.0,0.0,0.0,0.0,,n_rounds>=30,568,185,PERCENT_RANK_OVER_ORDER_BY_e_stake,HF9f,THIN_ROUNDS,,,Z 证据不足 · 不动作,90,1,A168_HF9F_20260827_0900,2026-08-27 09:00:00
149340450,2026-04-30,2026-04-30 23:48:46,40210,4,"124,59,1,2,3",1,5000.00,1000.00,5,1,TIGHTEN,0,0,v2026-08-11,,,,,,,,,,,,NULL_DENOM,,,,,AG03-UNRESOLVED,ALL5_LEVELS_bet23_to_bet27,,,,,,,,,,,,,,,,,,,,,PENDING_AG03,FALSE,NOT_FOR_ENFORCEMENT,,,,,,,,,,,,,,,,,,,,,,,,,,,,,,,,,,,,,,,,,,,,,,,,,,,,,,,,,,,,,,,,,,,1,0.0,0.0,0.0,0.0,0.0,,n_rounds>=30,568,185,PERCENT_RANK_OVER_ORDER_BY_e_stake,HF9f,THIN_ROUNDS,,,Z 证据不足 · 不动作,91,1,A168_HF9F_20260827_0900,2026-08-27 09:00:00
149340821,2026-04-30,2026-04-30 23:49:37,40210,4,"124,59,1,2,3",1,5000.00,1000.00,5,1,TIGHTEN,0,0,v2026-08-11,,,,,,,,,,,,NULL_DENOM,,,,,AG03-UNRESOLVED,ALL5_LEVELS_bet23_to_bet27,,,,,,,,,,,,,,,,,,,,,PENDING_AG03,FALSE,NOT_FOR_ENFORCEMENT,,,,,,,,,,,,,,,,,,,,,,,,,,,,,,,,,,,,,,,,,,,,,,,,,,,,,,,,,,,,,,,,,,,1,0.0,0.0,0.0,0.0,0.0,,n_rounds>=30,568,185,PERCENT_RANK_OVER_ORDER_BY_e_stake,HF9f,THIN_ROUNDS,,,Z 证据不足 · 不动作,92,1,A168_HF9F_20260827_0900,2026-08-27 09:00:00
149364961,2026-04-30,2026-04-30 23:39:09,54378,4,21,3,20000.00,5000.00,1,1,TIGHTEN,0,0,v2026-08-11,,,,,,,,,,,,NULL_DENOM,,,,,AG03-UNRESOLVED,ALL5_LEVELS_bet23_to_bet27,,,,,,,,,,,,,,,,,,,,,PENDING_AG03,FALSE,NOT_FOR_ENFORCEMENT,,,,,,,,,,,,,,,,,,,,,,,,,,,,,,,,,,,,,,,,,,,,,,,,,,,,,,,,,,,,,,,,,,,1,0.0,0.0,0.0,0.0,0.0,,n_rounds>=30,568,185,PERCENT_RANK_OVER_ORDER_BY_e_stake,HF9f,THIN_ROUNDS,,,Z 证据不足 · 不动作,93,1,A168_HF9F_20260827_0900,2026-08-27 09:00:00
149422192,2026-05-04,2026-05-04 15:53:46,40210,4,"124,59,1,2,3",1,5000.00,1000.00,5,1,TIGHTEN,0,0,v2026-08-11,,,,,,,,,,,,NULL_DENOM,,,,,AG03-UNRESOLVED,ALL5_LEVELS_bet23_to_bet27,,,,,,,,,,,,,,,,,,,,,PENDING_AG03,FALSE,NOT_FOR_ENFORCEMENT,,,,,,,,,,,,,,,,,,,,,,,,,,,,,,,,,,,,,,,,,,,,,,,,,,,,,,,,,,,,,,,,,,,1,0.0,0.0,0.0,0.0,0.0,,n_rounds>=30,568,185,PERCENT_RANK_OVER_ORDER_BY_e_stake,HF9f,THIN_ROUNDS,,,Z 证据不足 · 不动作,94,1,A168_HF9F_20260827_0900,2026-08-27 09:00:00
149489074,2026-05-14,2026-05-14 02:02:47,12432,5,"124,152,153,154,158","124,152,153,154,158,30",5000.00,50000.00,5,6,RELEASE,0,0,v2026-08-11,,,,,,,,,,,,NULL_DENOM,,,,,AG03-UNRESOLVED,ALL5_LEVELS_bet23_to_bet27,,,,,,,,,,,,,,,,,,,,,PENDING_AG03,FALSE,NOT_FOR_ENFORCEMENT,,,,,,,,,,,,,,,,,,,,,,,,,,,,,,,,,,,,,,,,,,,,,,,,,,,,,,,,,,,,,,,,,,,2,0.0,0.0,0.0,0.0,0.0,,n_rounds>=30,568,185,PERCENT_RANK_OVER_ORDER_BY_e_stake,HF9f,THIN_ROUNDS,,,Z 证据不足 · 不动作,95,1,A168_HF9F_20260827_0900,2026-08-27 09:00:00
149545066,2026-05-06,2026-05-06 20:33:32,40210,4,"124,59,1,2,3",1,5000.00,1000.00,5,1,TIGHTEN,0,0,v2026-08-11,,,,,,,,,,,,NULL_DENOM,,,,,AG03-UNRESOLVED,ALL5_LEVELS_bet23_to_bet27,,,,,,,,,,,,,,,,,,,,,PENDING_AG03,FALSE,NOT_FOR_ENFORCEMENT,,,,,,,,,,,,,,,,,,,,,,,,,,,,,,,,,,,,,,,,,,,,,,,,,,,,,,,,,,,,,,,,,,,2,0.0,0.0,0.0,0.0,0.0,,n_rounds>=30,568,185,PERCENT_RANK_OVER_ORDER_BY_e_stake,HF9f,THIN_ROUNDS,,,Z 证据不足 · 不动作,96,1,A168_HF9F_20260827_0900,2026-08-27 09:00:00
149717595,2026-05-08,2026-05-08 12:24:09,55797,5,21,4,20000.00,10000.00,1,1,TIGHTEN,0,0,v2026-08-11,,,,,,,,,,,,NULL_DENOM,,,,,AG03-UNRESOLVED,ALL5_LEVELS_bet23_to_bet27,,,,,,,,,,,,,,,,,,,,,PENDING_AG03,FALSE,NOT_FOR_ENFORCEMENT,,,,,,,,,,,,,,,,,,,,,,,,,,,,,,,,,,,,,,,,,,,,,,,,,,,,,,,,,,,,,,,,,,,2,0.0,0.0,0.0,0.0,0.0,,n_rounds>=30,568,185,PERCENT_RANK_OVER_ORDER_BY_e_stake,HF9f,THIN_ROUNDS,,,Z 证据不足 · 不动作,97,1,A168_HF9F_20260827_0900,2026-08-27 09:00:00
149717597,2026-05-08,2026-05-08 12:23:30,55797,5,21,4,20000.00,10000.00,1,1,TIGHTEN,0,0,v2026-08-11,,,,,,,,,,,,NULL_DENOM,,,,,AG03-UNRESOLVED,ALL5_LEVELS_bet23_to_bet27,,,,,,,,,,,,,,,,,,,,,PENDING_AG03,FALSE,NOT_FOR_ENFORCEMENT,,,,,,,,,,,,,,,,,,,,,,,,,,,,,,,,,,,,,,,,,,,,,,,,,,,,,,,,,,,,,,,,,,,2,0.0,0.0,0.0,0.0,0.0,,n_rounds>=30,568,185,PERCENT_RANK_OVER_ORDER_BY_e_stake,HF9f,THIN_ROUNDS,,,Z 证据不足 · 不动作,98,1,A168_HF9F_20260827_0900,2026-08-27 09:00:00
149717635,2026-05-08,2026-05-08 12:23:49,55797,5,21,4,20000.00,10000.00,1,1,TIGHTEN,0,0,v2026-08-11,,,,,,,,,,,,NULL_DENOM,,,,,AG03-UNRESOLVED,ALL5_LEVELS_bet23_to_bet27,,,,,,,,,,,,,,,,,,,,,PENDING_AG03,FALSE,NOT_FOR_ENFORCEMENT,,,,,,,,,,,,,,,,,,,,,,,,,,,,,,,,,,,,,,,,,,,,,,,,,,,,,,,,,,,,,,,,,,,2,0.0,0.0,0.0,0.0,0.0,,n_rounds>=30,568,185,PERCENT_RANK_OVER_ORDER_BY_e_stake,HF9f,THIN_ROUNDS,,,Z 证据不足 · 不动作,99,1,A168_HF9F_20260827_0900,2026-08-27 09:00:00
149722822,2026-05-17,2026-05-17 04:04:04,54378,4,21,4,20000.00,10000.00,1,1,TIGHTEN,0,0,v2026-08-11,,,,,,,,,,,,NULL_DENOM,,,,,AG03-UNRESOLVED,ALL5_LEVELS_bet23_to_bet27,,,,,,,,,,,,,,,,,,,,,PENDING_AG03,FALSE,NOT_FOR_ENFORCEMENT,,,,,,,,,,,,,,,,,,,,,,,,,,,,,,,,,,,,,,,,,,,,,,,,,,,,,,,,,,,,,,,,,,,1,0.0,0.0,0.0,0.0,0.0,,n_rounds>=30,568,185,PERCENT_RANK_OVER_ORDER_BY_e_stake,HF9f,THIN_ROUNDS,,,Z 证据不足 · 不动作,100,1,A168_HF9F_20260827_0900,2026-08-27 09:00:00
149722825,2026-05-17,2026-05-17 04:04:40,54378,4,21,4,20000.00,10000.00,1,1,TIGHTEN,0,0,v2026-08-11,,,,,,,,,,,,NULL_DENOM,,,,,AG03-UNRESOLVED,ALL5_LEVELS_bet23_to_bet27,,,,,,,,,,,,,,,,,,,,,PENDING_AG03,FALSE,NOT_FOR_ENFORCEMENT,,,,,,,,,,,,,,,,,,,,,,,,,,,,,,,,,,,,,,,,,,,,,,,,,,,,,,,,,,,,,,,,,,,2,0.0,0.0,0.0,0.0,0.0,,n_rounds>=30,568,185,PERCENT_RANK_OVER_ORDER_BY_e_stake,HF9f,THIN_ROUNDS,,,Z 证据不足 · 不动作,101,1,A168_HF9F_20260827_0900,2026-08-27 09:00:00
149728361,2026-05-08,2026-05-08 16:36:28,54378,4,21,4,20000.00,10000.00,1,1,TIGHTEN,0,0,v2026-08-11,,,,,,,,,,,,NULL_DENOM,,,,,AG03-UNRESOLVED,ALL5_LEVELS_bet23_to_bet27,,,,,,,,,,,,,,,,,,,,,PENDING_AG03,FALSE,NOT_FOR_ENFORCEMENT,,,,,,,,,,,,,,,,,,,,,,,,,,,,,,,,,,,,,,,,,,,,,,,,,,,,,,,,,,,,,,,,,,,1,0.0,0.0,0.0,0.0,0.0,,n_rounds>=30,568,185,PERCENT_RANK_OVER_ORDER_BY_e_stake,HF9f,THIN_ROUNDS,,,Z 证据不足 · 不动作,102,1,A168_HF9F_20260827_0900,2026-08-27 09:00:00
149728441,2026-05-08,2026-05-08 16:35:06,54378,4,21,4,20000.00,10000.00,1,1,TIGHTEN,0,0,v2026-08-11,,,,,,,,,,,,NULL_DENOM,,,,,AG03-UNRESOLVED,ALL5_LEVELS_bet23_to_bet27,,,,,,,,,,,,,,,,,,,,,PENDING_AG03,FALSE,NOT_FOR_ENFORCEMENT,,,,,,,,,,,,,,,,,,,,,,,,,,,,,,,,,,,,,,,,,,,,,,,,,,,,,,,,,,,,,,,,,,,2,0.0,0.0,0.0,0.0,0.0,,n_rounds>=30,568,185,PERCENT_RANK_OVER_ORDER_BY_e_stake,HF9f,THIN_ROUNDS,,,Z 证据不足 · 不动作,103,1,A168_HF9F_20260827_0900,2026-08-27 09:00:00
149728578,2026-05-08,2026-05-08 16:34:23,54378,4,21,4,20000.00,10000.00,1,1,TIGHTEN,0,0,v2026-08-11,,,,,,,,,,,,NULL_DENOM,,,,,AG03-UNRESOLVED,ALL5_LEVELS_bet23_to_bet27,,,,,,,,,,,,,,,,,,,,,PENDING_AG03,FALSE,NOT_FOR_ENFORCEMENT,,,,,,,,,,,,,,,,,,,,,,,,,,,,,,,,,,,,,,,,,,,,,,,,,,,,,,,,,,,,,,,,,,,2,0.0,0.0,0.0,0.0,0.0,,n_rounds>=30,568,185,PERCENT_RANK_OVER_ORDER_BY_e_stake,HF9f,THIN_ROUNDS,,,Z 证据不足 · 不动作,104,1,A168_HF9F_20260827_0900,2026-08-27 09:00:00
149761775,2026-05-11,2026-05-11 00:19:13,40210,4,"124,59,1,2,3",1,5000.00,1000.00,5,1,TIGHTEN,0,0,v2026-08-11,,,,,,,,,,,,NULL_DENOM,,,,,AG03-UNRESOLVED,ALL5_LEVELS_bet23_to_bet27,,,,,,,,,,,,,,,,,,,,,PENDING_AG03,FALSE,NOT_FOR_ENFORCEMENT,,,,,,,,,,,,,,,,,,,,,,,,,,,,,,,,,,,,,,,,,,,,,,,,,,,,,,,,,,,,,,,,,,,1,0.0,0.0,0.0,0.0,0.0,,n_rounds>=30,568,185,PERCENT_RANK_OVER_ORDER_BY_e_stake,HF9f,THIN_ROUNDS,,,Z 证据不足 · 不动作,105,1,A168_HF9F_20260827_0900,2026-08-27 09:00:00
149826523,2026-06-16,2026-06-16 13:46:19,54378,4,21,3,20000.00,5000.00,1,1,TIGHTEN,0,0,v2026-08-11,,,,,,,,,,,,NULL_DENOM,,,,,AG03-UNRESOLVED,ALL5_LEVELS_bet23_to_bet27,,,,,,,,,,,,,,,,,,,,,PENDING_AG03,FALSE,NOT_FOR_ENFORCEMENT,,,,,,,,,,,,,,,,,,,,,,,,,,,,,,,,,,,,,,,,,,,,,,,,,,,,,,,,,,,,,,,,,,,3,0.0,0.0,0.0,0.0,0.0,,n_rounds>=30,568,185,PERCENT_RANK_OVER_ORDER_BY_e_stake,HF9f,THIN_ROUNDS,,,Z 证据不足 · 不动作,106,1,A168_HF9F_20260827_0900,2026-08-27 09:00:00
149920727,2026-05-12,2026-05-12 17:11:33,54378,4,21,4,20000.00,10000.00,1,1,TIGHTEN,0,0,v2026-08-11,,,,,,,,,,,,NULL_DENOM,,,,,AG03-UNRESOLVED,ALL5_LEVELS_bet23_to_bet27,,,,,,,,,,,,,,,,,,,,,PENDING_AG03,FALSE,NOT_FOR_ENFORCEMENT,,,,,,,,,,,,,,,,,,,,,,,,,,,,,,,,,,,,,,,,,,,,,,,,,,,,,,,,,,,,,,,,,,,1,0.0,0.0,0.0,0.0,0.0,,n_rounds>=30,568,185,PERCENT_RANK_OVER_ORDER_BY_e_stake,HF9f,THIN_ROUNDS,,,Z 证据不足 · 不动作,107,1,A168_HF9F_20260827_0900,2026-08-27 09:00:00
149921302,2026-05-12,2026-05-12 17:42:00,54378,4,21,4,20000.00,10000.00,1,1,TIGHTEN,0,0,v2026-08-11,,,,,,,,,,,,NULL_DENOM,,,,,AG03-UNRESOLVED,ALL5_LEVELS_bet23_to_bet27,,,,,,,,,,,,,,,,,,,,,PENDING_AG03,FALSE,NOT_FOR_ENFORCEMENT,,,,,,,,,,,,,,,,,,,,,,,,,,,,,,,,,,,,,,,,,,,,,,,,,,,,,,,,,,,,,,,,,,,2,0.0,0.0,0.0,0.0,0.0,,n_rounds>=30,568,185,PERCENT_RANK_OVER_ORDER_BY_e_stake,HF9f,THIN_ROUNDS,,,Z 证据不足 · 不动作,108,1,A168_HF9F_20260827_0900,2026-08-27 09:00:00
149943156,2026-05-13,2026-05-13 02:18:13,54378,4,21,3,20000.00,5000.00,1,1,TIGHTEN,0,0,v2026-08-11,,,,,,,,,,,,NULL_DENOM,,,,,AG03-UNRESOLVED,ALL5_LEVELS_bet23_to_bet27,,,,,,,,,,,,,,,,,,,,,PENDING_AG03,FALSE,NOT_FOR_ENFORCEMENT,,,,,,,,,,,,,,,,,,,,,,,,,,,,,,,,,,,,,,,,,,,,,,,,,,,,,,,,,,,,,,,,,,,1,0.0,0.0,0.0,0.0,0.0,,n_rounds>=30,568,185,PERCENT_RANK_OVER_ORDER_BY_e_stake,HF9f,THIN_ROUNDS,,,Z 证据不足 · 不动作,109,1,A168_HF9F_20260827_0900,2026-08-27 09:00:00
149943170,2026-05-13,2026-05-13 02:07:46,54378,4,21,3,20000.00,5000.00,1,1,TIGHTEN,0,0,v2026-08-11,,,,,,,,,,,,NULL_DENOM,,,,,AG03-UNRESOLVED,ALL5_LEVELS_bet23_to_bet27,,,,,,,,,,,,,,,,,,,,,PENDING_AG03,FALSE,NOT_FOR_ENFORCEMENT,,,,,,,,,,,,,,,,,,,,,,,,,,,,,,,,,,,,,,,,,,,,,,,,,,,,,,,,,,,,,,,,,,,3,0.0,0.0,0.0,0.0,0.0,,n_rounds>=30,568,185,PERCENT_RANK_OVER_ORDER_BY_e_stake,HF9f,THIN_ROUNDS,,,Z 证据不足 · 不动作,110,1,A168_HF9F_20260827_0900,2026-08-27 09:00:00
149943247,2026-05-13,2026-05-13 02:17:30,54378,4,21,3,20000.00,5000.00,1,1,TIGHTEN,0,0,v2026-08-11,,,,,,,,,,,,NULL_DENOM,,,,,AG03-UNRESOLVED,ALL5_LEVELS_bet23_to_bet27,,,,,,,,,,,,,,,,,,,,,PENDING_AG03,FALSE,NOT_FOR_ENFORCEMENT,,,,,,,,,,,,,,,,,,,,,,,,,,,,,,,,,,,,,,,,,,,,,,,,,,,,,,,,,,,,,,,,,,,1,0.0,0.0,0.0,0.0,0.0,,n_rounds>=30,568,185,PERCENT_RANK_OVER_ORDER_BY_e_stake,HF9f,THIN_ROUNDS,,,Z 证据不足 · 不动作,111,1,A168_HF9F_20260827_0900,2026-08-27 09:00:00
149943285,2026-05-13,2026-05-13 02:09:01,54378,4,21,3,20000.00,5000.00,1,1,TIGHTEN,0,0,v2026-08-11,,,,,,,,,,,,NULL_DENOM,,,,,AG03-UNRESOLVED,ALL5_LEVELS_bet23_to_bet27,,,,,,,,,,,,,,,,,,,,,PENDING_AG03,FALSE,NOT_FOR_ENFORCEMENT,,,,,,,,,,,,,,,,,,,,,,,,,,,,,,,,,,,,,,,,,,,,,,,,,,,,,,,,,,,,,,,,,,,1,0.0,0.0,0.0,0.0,0.0,,n_rounds>=30,568,185,PERCENT_RANK_OVER_ORDER_BY_e_stake,HF9f,THIN_ROUNDS,,,Z 证据不足 · 不动作,112,1,A168_HF9F_20260827_0900,2026-08-27 09:00:00
149958698,2026-05-15,2026-05-15 04:17:27,40210,4,"124,59,1,2,3",1,5000.00,1000.00,5,1,TIGHTEN,0,0,v2026-08-11,,,,,,,,,,,,NULL_DENOM,,,,,AG03-UNRESOLVED,ALL5_LEVELS_bet23_to_bet27,,,,,,,,,,,,,,,,,,,,,PENDING_AG03,FALSE,NOT_FOR_ENFORCEMENT,,,,,,,,,,,,,,,,,,,,,,,,,,,,,,,,,,,,,,,,,,,,,,,,,,,,,,,,,,,,,,,,,,,2,0.0,0.0,0.0,0.0,0.0,,n_rounds>=30,568,185,PERCENT_RANK_OVER_ORDER_BY_e_stake,HF9f,THIN_ROUNDS,,,Z 证据不足 · 不动作,113,1,A168_HF9F_20260827_0900,2026-08-27 09:00:00
149965032,2026-05-13,2026-05-13 14:10:54,55797,5,21,4,20000.00,10000.00,1,1,TIGHTEN,0,0,v2026-08-11,,,,,,,,,,,,NULL_DENOM,,,,,AG03-UNRESOLVED,ALL5_LEVELS_bet23_to_bet27,,,,,,,,,,,,,,,,,,,,,PENDING_AG03,FALSE,NOT_FOR_ENFORCEMENT,,,,,,,,,,,,,,,,,,,,,,,,,,,,,,,,,,,,,,,,,,,,,,,,,,,,,,,,,,,,,,,,,,,1,0.0,0.0,0.0,0.0,0.0,,n_rounds>=30,568,185,PERCENT_RANK_OVER_ORDER_BY_e_stake,HF9f,THIN_ROUNDS,,,Z 证据不足 · 不动作,114,1,A168_HF9F_20260827_0900,2026-08-27 09:00:00
149965039,2026-05-13,2026-05-13 14:11:13,55797,5,21,4,20000.00,10000.00,1,1,TIGHTEN,0,0,v2026-08-11,,,,,,,,,,,,NULL_DENOM,,,,,AG03-UNRESOLVED,ALL5_LEVELS_bet23_to_bet27,,,,,,,,,,,,,,,,,,,,,PENDING_AG03,FALSE,NOT_FOR_ENFORCEMENT,,,,,,,,,,,,,,,,,,,,,,,,,,,,,,,,,,,,,,,,,,,,,,,,,,,,,,,,,,,,,,,,,,,1,0.0,0.0,0.0,0.0,0.0,,n_rounds>=30,568,185,PERCENT_RANK_OVER_ORDER_BY_e_stake,HF9f,THIN_ROUNDS,,,Z 证据不足 · 不动作,115,1,A168_HF9F_20260827_0900,2026-08-27 09:00:00
149972983,2026-05-15,2026-05-15 04:18:34,40210,4,"124,59,1,2,3",2,5000.00,3000.00,5,1,TIGHTEN,0,0,v2026-08-11,,,,,,,,,,,,NULL_DENOM,,,,,AG03-UNRESOLVED,ALL5_LEVELS_bet23_to_bet27,,,,,,,,,,,,,,,,,,,,,PENDING_AG03,FALSE,NOT_FOR_ENFORCEMENT,,,,,,,,,,,,,,,,,,,,,,,,,,,,,,,,,,,,,,,,,,,,,,,,,,,,,,,,,,,,,,,,,,,2,0.0,0.0,0.0,0.0,0.0,,n_rounds>=30,568,185,PERCENT_RANK_OVER_ORDER_BY_e_stake,HF9f,THIN_ROUNDS,,,Z 证据不足 · 不动作,116,1,A168_HF9F_20260827_0900,2026-08-27 09:00:00
150020314,2026-05-15,2026-05-15 13:09:26,54378,4,21,3,20000.00,5000.00,1,1,TIGHTEN,0,0,v2026-08-11,,,,,,,,,,,,NULL_DENOM,,,,,AG03-UNRESOLVED,ALL5_LEVELS_bet23_to_bet27,,,,,,,,,,,,,,,,,,,,,PENDING_AG03,FALSE,NOT_FOR_ENFORCEMENT,,,,,,,,,,,,,,,,,,,,,,,,,,,,,,,,,,,,,,,,,,,,,,,,,,,,,,,,,,,,,,,,,,,2,0.0,0.0,0.0,0.0,0.0,,n_rounds>=30,568,185,PERCENT_RANK_OVER_ORDER_BY_e_stake,HF9f,THIN_ROUNDS,,,Z 证据不足 · 不动作,117,1,A168_HF9F_20260827_0900,2026-08-27 09:00:00
150054441,2026-05-15,2026-05-15 13:08:50,54378,4,21,3,20000.00,5000.00,1,1,TIGHTEN,0,0,v2026-08-11,,,,,,,,,,,,NULL_DENOM,,,,,AG03-UNRESOLVED,ALL5_LEVELS_bet23_to_bet27,,,,,,,,,,,,,,,,,,,,,PENDING_AG03,FALSE,NOT_FOR_ENFORCEMENT,,,,,,,,,,,,,,,,,,,,,,,,,,,,,,,,,,,,,,,,,,,,,,,,,,,,,,,,,,,,,,,,,,,1,0.0,0.0,0.0,0.0,0.0,,n_rounds>=30,568,185,PERCENT_RANK_OVER_ORDER_BY_e_stake,HF9f,THIN_ROUNDS,,,Z 证据不足 · 不动作,118,1,A168_HF9F_20260827_0900,2026-08-27 09:00:00
150054443,2026-05-15,2026-05-15 13:08:13,54378,4,21,3,20000.00,5000.00,1,1,TIGHTEN,0,0,v2026-08-11,,,,,,,,,,,,NULL_DENOM,,,,,AG03-UNRESOLVED,ALL5_LEVELS_bet23_to_bet27,,,,,,,,,,,,,,,,,,,,,PENDING_AG03,FALSE,NOT_FOR_ENFORCEMENT,,,,,,,,,,,,,,,,,,,,,,,,,,,,,,,,,,,,,,,,,,,,,,,,,,,,,,,,,,,,,,,,,,,1,0.0,0.0,0.0,0.0,0.0,,n_rounds>=30,568,185,PERCENT_RANK_OVER_ORDER_BY_e_stake,HF9f,THIN_ROUNDS,,,Z 证据不足 · 不动作,119,1,A168_HF9F_20260827_0900,2026-08-27 09:00:00
150197289,2026-05-18,2026-05-18 21:54:43,40210,4,"124,59,1,2,3",1,5000.00,1000.00,5,1,TIGHTEN,0,0,v2026-08-11,,,,,,,,,,,,NULL_DENOM,,,,,AG03-UNRESOLVED,ALL5_LEVELS_bet23_to_bet27,,,,,,,,,,,,,,,,,,,,,PENDING_AG03,FALSE,NOT_FOR_ENFORCEMENT,,,,,,,,,,,,,,,,,,,,,,,,,,,,,,,,,,,,,,,,,,,,,,,,,,,,,,,,,,,,,,,,,,,1,0.0,0.0,0.0,0.0,0.0,,n_rounds>=30,568,185,PERCENT_RANK_OVER_ORDER_BY_e_stake,HF9f,THIN_ROUNDS,,,Z 证据不足 · 不动作,120,1,A168_HF9F_20260827_0900,2026-08-27 09:00:00
150257872,2026-05-19,2026-05-19 17:05:54,54378,4,21,3,20000.00,5000.00,1,1,TIGHTEN,0,0,v2026-08-11,,,,,,,,,,,,NULL_DENOM,,,,,AG03-UNRESOLVED,ALL5_LEVELS_bet23_to_bet27,,,,,,,,,,,,,,,,,,,,,PENDING_AG03,FALSE,NOT_FOR_ENFORCEMENT,,,,,,,,,,,,,,,,,,,,,,,,,,,,,,,,,,,,,,,,,,,,,,,,,,,,,,,,,,,,,,,,,,,2,0.0,0.0,0.0,0.0,0.0,,n_rounds>=30,568,185,PERCENT_RANK_OVER_ORDER_BY_e_stake,HF9f,THIN_ROUNDS,,,Z 证据不足 · 不动作,121,1,A168_HF9F_20260827_0900,2026-08-27 09:00:00
150393810,2026-05-22,2026-05-22 13:50:54,54378,4,21,4,20000.00,10000.00,1,1,TIGHTEN,0,0,v2026-08-11,,,,,,,,,,,,NULL_DENOM,,,,,AG03-UNRESOLVED,ALL5_LEVELS_bet23_to_bet27,,,,,,,,,,,,,,,,,,,,,PENDING_AG03,FALSE,NOT_FOR_ENFORCEMENT,,,,,,,,,,,,,,,,,,,,,,,,,,,,,,,,,,,,,,,,,,,,,,,,,,,,,,,,,,,,,,,,,,,2,0.0,0.0,0.0,0.0,0.0,,n_rounds>=30,568,185,PERCENT_RANK_OVER_ORDER_BY_e_stake,HF9f,THIN_ROUNDS,,,Z 证据不足 · 不动作,122,1,A168_HF9F_20260827_0900,2026-08-27 09:00:00
150394749,2026-05-23,2026-05-23 02:29:11,40210,4,"124,59,1,2,3",1,5000.00,1000.00,5,1,TIGHTEN,0,0,v2026-08-11,,,,,,,,,,,,NULL_DENOM,,,,,AG03-UNRESOLVED,ALL5_LEVELS_bet23_to_bet27,,,,,,,,,,,,,,,,,,,,,PENDING_AG03,FALSE,NOT_FOR_ENFORCEMENT,,,,,,,,,,,,,,,,,,,,,,,,,,,,,,,,,,,,,,,,,,,,,,,,,,,,,,,,,,,,,,,,,,,1,0.0,0.0,0.0,0.0,0.0,,n_rounds>=30,568,185,PERCENT_RANK_OVER_ORDER_BY_e_stake,HF9f,THIN_ROUNDS,,,Z 证据不足 · 不动作,123,1,A168_HF9F_20260827_0900,2026-08-27 09:00:00
150590301,2026-05-26,2026-05-26 21:11:05,54378,4,21,4,20000.00,10000.00,1,1,TIGHTEN,0,0,v2026-08-11,,,,,,,,,,,,NULL_DENOM,,,,,AG03-UNRESOLVED,ALL5_LEVELS_bet23_to_bet27,,,,,,,,,,,,,,,,,,,,,PENDING_AG03,FALSE,NOT_FOR_ENFORCEMENT,,,,,,,,,,,,,,,,,,,,,,,,,,,,,,,,,,,,,,,,,,,,,,,,,,,,,,,,,,,,,,,,,,,1,0.0,0.0,0.0,0.0,0.0,,n_rounds>=30,568,185,PERCENT_RANK_OVER_ORDER_BY_e_stake,HF9f,THIN_ROUNDS,,,Z 证据不足 · 不动作,124,1,A168_HF9F_20260827_0900,2026-08-27 09:00:00
150590546,2026-05-26,2026-05-26 21:10:45,54378,4,21,4,20000.00,10000.00,1,1,TIGHTEN,0,0,v2026-08-11,,,,,,,,,,,,NULL_DENOM,,,,,AG03-UNRESOLVED,ALL5_LEVELS_bet23_to_bet27,,,,,,,,,,,,,,,,,,,,,PENDING_AG03,FALSE,NOT_FOR_ENFORCEMENT,,,,,,,,,,,,,,,,,,,,,,,,,,,,,,,,,,,,,,,,,,,,,,,,,,,,,,,,,,,,,,,,,,,1,0.0,0.0,0.0,0.0,0.0,,n_rounds>=30,568,185,PERCENT_RANK_OVER_ORDER_BY_e_stake,HF9f,THIN_ROUNDS,,,Z 证据不足 · 不动作,125,1,A168_HF9F_20260827_0900,2026-08-27 09:00:00
150671574,2026-05-29,2026-05-29 01:37:53,40210,4,"124,59,1,2,3",1,5000.00,1000.00,5,1,TIGHTEN,0,0,v2026-08-11,,,,,,,,,,,,NULL_DENOM,,,,,AG03-UNRESOLVED,ALL5_LEVELS_bet23_to_bet27,,,,,,,,,,,,,,,,,,,,,PENDING_AG03,FALSE,NOT_FOR_ENFORCEMENT,,,,,,,,,,,,,,,,,,,,,,,,,,,,,,,,,,,,,,,,,,,,,,,,,,,,,,,,,,,,,,,,,,,3,0.0,0.0,0.0,0.0,0.0,,n_rounds>=30,568,185,PERCENT_RANK_OVER_ORDER_BY_e_stake,HF9f,THIN_ROUNDS,,,Z 证据不足 · 不动作,126,1,A168_HF9F_20260827_0900,2026-08-27 09:00:00
150704273,2026-05-29,2026-05-29 11:38:22,54378,4,21,3,20000.00,5000.00,1,1,TIGHTEN,0,0,v2026-08-11,,,,,,,,,,,,NULL_DENOM,,,,,AG03-UNRESOLVED,ALL5_LEVELS_bet23_to_bet27,,,,,,,,,,,,,,,,,,,,,PENDING_AG03,FALSE,NOT_FOR_ENFORCEMENT,,,,,,,,,,,,,,,,,,,,,,,,,,,,,,,,,,,,,,,,,,,,,,,,,,,,,,,,,,,,,,,,,,,2,0.0,0.0,0.0,0.0,0.0,,n_rounds>=30,568,185,PERCENT_RANK_OVER_ORDER_BY_e_stake,HF9f,THIN_ROUNDS,,,Z 证据不足 · 不动作,127,1,A168_HF9F_20260827_0900,2026-08-27 09:00:00
150704651,2026-06-08,2026-06-08 16:11:28,55844,5,"4,21",21,20000.00,20000.00,2,1,FLAT,0,0,v2026-08-11,,,,,,,,,,,,NULL_DENOM,,,,,AG03-UNRESOLVED,ALL5_LEVELS_bet23_to_bet27,,,,,,,,,,,,,,,,,,,,,PENDING_AG03,FALSE,NOT_FOR_ENFORCEMENT,,,,,,,,,,,,,,,,,,,,,,,,,,,,,,,,,,,,,,,,,,,,,,,,,,,,,,,,,,,,,,,,,,,3,0.0,0.0,0.0,0.0,0.0,,n_rounds>=30,568,185,PERCENT_RANK_OVER_ORDER_BY_e_stake,HF9f,THIN_ROUNDS,,,Z 证据不足 · 不动作,128,1,A168_HF9F_20260827_0900,2026-08-27 09:00:00
150704651,2026-07-24,2026-07-24 21:28:33,55844,5,21,4,20000.00,10000.00,1,1,TIGHTEN,0,0,v2026-08-11,,,,,,,,,,,,NULL_DENOM,,,,,AG03-UNRESOLVED,ALL5_LEVELS_bet23_to_bet27,,,,,,,,,,,,,,,,,,,,,PENDING_AG03,FALSE,NOT_FOR_ENFORCEMENT,,,,,,,,,,,,,,,,,,,,,,,,,,,,,,,,,,,,,,,,,,,,,,,,,,,,,,,,,,,,,,,,,,,3,0.0,0.0,0.0,0.0,0.0,,n_rounds>=30,568,185,PERCENT_RANK_OVER_ORDER_BY_e_stake,HF9f,THIN_ROUNDS,,,Z 证据不足 · 不动作,129,1,A168_HF9F_20260827_0900,2026-08-27 09:00:00
150704845,2026-06-08,2026-06-08 16:11:00,55844,5,"4,21",21,20000.00,20000.00,2,1,FLAT,0,0,v2026-08-11,,,,,,,,,,,,NULL_DENOM,,,,,AG03-UNRESOLVED,ALL5_LEVELS_bet23_to_bet27,,,,,,,,,,,,,,,,,,,,,PENDING_AG03,FALSE,NOT_FOR_ENFORCEMENT,,,,,,,,,,,,,,,,,,,,,,,,,,,,,,,,,,,,,,,,,,,,,,,,,,,,,,,,,,,,,,,,,,,1,0.0,0.0,0.0,0.0,0.0,,n_rounds>=30,568,185,PERCENT_RANK_OVER_ORDER_BY_e_stake,HF9f,THIN_ROUNDS,,,Z 证据不足 · 不动作,130,1,A168_HF9F_20260827_0900,2026-08-27 09:00:00
150704845,2026-07-24,2026-07-24 21:28:03,55844,5,21,4,20000.00,10000.00,1,1,TIGHTEN,0,0,v2026-08-11,,,,,,,,,,,,NULL_DENOM,,,,,AG03-UNRESOLVED,ALL5_LEVELS_bet23_to_bet27,,,,,,,,,,,,,,,,,,,,,PENDING_AG03,FALSE,NOT_FOR_ENFORCEMENT,,,,,,,,,,,,,,,,,,,,,,,,,,,,,,,,,,,,,,,,,,,,,,,,,,,,,,,,,,,,,,,,,,,1,0.0,0.0,0.0,0.0,0.0,,n_rounds>=30,568,185,PERCENT_RANK_OVER_ORDER_BY_e_stake,HF9f,THIN_ROUNDS,,,Z 证据不足 · 不动作,131,1,A168_HF9F_20260827_0900,2026-08-27 09:00:00
150711265,2026-05-31,2026-05-31 14:22:59,40210,4,"124,59,1,2,3",1,5000.00,1000.00,5,1,TIGHTEN,0,0,v2026-08-11,,,,,,,,,,,,NULL_DENOM,,,,,AG03-UNRESOLVED,ALL5_LEVELS_bet23_to_bet27,,,,,,,,,,,,,,,,,,,,,PENDING_AG03,FALSE,NOT_FOR_ENFORCEMENT,,,,,,,,,,,,,,,,,,,,,,,,,,,,,,,,,,,,,,,,,,,,,,,,,,,,,,,,,,,,,,,,,,,2,0.0,0.0,0.0,0.0,0.0,,n_rounds>=30,568,185,PERCENT_RANK_OVER_ORDER_BY_e_stake,HF9f,THIN_ROUNDS,,,Z 证据不足 · 不动作,132,1,A168_HF9F_20260827_0900,2026-08-27 09:00:00
150808197,2026-05-31,2026-05-31 21:28:30,52762,4,"124,59,1,2,3,4,21,22",3,30000.00,5000.00,8,1,TIGHTEN,0,0,v2026-08-11,,,,,,,,,,,,NULL_DENOM,,,,,AG03-UNRESOLVED,ALL5_LEVELS_bet23_to_bet27,,,,,,,,,,,,,,,,,,,,,PENDING_AG03,FALSE,NOT_FOR_ENFORCEMENT,,,,,,,,,,,,,,,,,,,,,,,,,,,,,,,,,,,,,,,,,,,,,,,,,,,,,,,,,,,,,,,,,,,2,0.0,0.0,0.0,0.0,0.0,,n_rounds>=30,568,185,PERCENT_RANK_OVER_ORDER_BY_e_stake,HF9f,THIN_ROUNDS,,,Z 证据不足 · 不动作,133,1,A168_HF9F_20260827_0900,2026-08-27 09:00:00
150867975,2026-06-08,2026-06-08 00:15:11,55879,5,4,"2,3",10000.00,5000.00,1,2,TIGHTEN,0,0,v2026-08-11,,,,,,,,,,,,NULL_DENOM,,,,,AG03-UNRESOLVED,ALL5_LEVELS_bet23_to_bet27,,,,,,,,,,,,,,,,,,,,,PENDING_AG03,FALSE,NOT_FOR_ENFORCEMENT,,,,,,,,,,,,,,,,,,,,,,,,,,,,,,,,,,,,,,,,,,,,,,,,,,,,,,,,,,,,,,,,,,,1,0.0,0.0,0.0,0.0,0.0,,n_rounds>=30,568,185,PERCENT_RANK_OVER_ORDER_BY_e_stake,HF9f,THIN_ROUNDS,,,Z 证据不足 · 不动作,134,1,A168_HF9F_20260827_0900,2026-08-27 09:00:00
151047047,2026-06-08,2026-06-08 01:30:20,40210,4,"124,59,1,2,3",1,5000.00,1000.00,5,1,TIGHTEN,0,0,v2026-08-11,,,,,,,,,,,,NULL_DENOM,,,,,AG03-UNRESOLVED,ALL5_LEVELS_bet23_to_bet27,,,,,,,,,,,,,,,,,,,,,PENDING_AG03,FALSE,NOT_FOR_ENFORCEMENT,,,,,,,,,,,,,,,,,,,,,,,,,,,,,,,,,,,,,,,,,,,,,,,,,,,,,,,,,,,,,,,,,,,1,0.0,0.0,0.0,0.0,0.0,,n_rounds>=30,568,185,PERCENT_RANK_OVER_ORDER_BY_e_stake,HF9f,THIN_ROUNDS,,,Z 证据不足 · 不动作,135,1,A168_HF9F_20260827_0900,2026-08-27 09:00:00
151061426,2026-06-06,2026-06-06 12:55:07,54378,4,21,4,20000.00,10000.00,1,1,TIGHTEN,0,0,v2026-08-11,,,,,,,,,,,,NULL_DENOM,,,,,AG03-UNRESOLVED,ALL5_LEVELS_bet23_to_bet27,,,,,,,,,,,,,,,,,,,,,PENDING_AG03,FALSE,NOT_FOR_ENFORCEMENT,,,,,,,,,,,,,,,,,,,,,,,,,,,,,,,,,,,,,,,,,,,,,,,,,,,,,,,,,,,,,,,,,,,1,0.0,0.0,0.0,0.0,0.0,,n_rounds>=30,568,185,PERCENT_RANK_OVER_ORDER_BY_e_stake,HF9f,THIN_ROUNDS,,,Z 证据不足 · 不动作,136,1,A168_HF9F_20260827_0900,2026-08-27 09:00:00
151061435,2026-06-06,2026-06-06 12:54:48,54378,4,21,4,20000.00,10000.00,1,1,TIGHTEN,0,0,v2026-08-11,,,,,,,,,,,,NULL_DENOM,,,,,AG03-UNRESOLVED,ALL5_LEVELS_bet23_to_bet27,,,,,,,,,,,,,,,,,,,,,PENDING_AG03,FALSE,NOT_FOR_ENFORCEMENT,,,,,,,,,,,,,,,,,,,,,,,,,,,,,,,,,,,,,,,,,,,,,,,,,,,,,,,,,,,,,,,,,,,3,0.0,0.0,0.0,0.0,0.0,,n_rounds>=30,568,185,PERCENT_RANK_OVER_ORDER_BY_e_stake,HF9f,THIN_ROUNDS,,,Z 证据不足 · 不动作,137,1,A168_HF9F_20260827_0900,2026-08-27 09:00:00
151070450,2026-06-08,2026-06-08 16:07:53,55844,5,"4,21",21,20000.00,20000.00,2,1,FLAT,0,0,v2026-08-11,,,,,,,,,,,,NULL_DENOM,,,,,AG03-UNRESOLVED,ALL5_LEVELS_bet23_to_bet27,,,,,,,,,,,,,,,,,,,,,PENDING_AG03,FALSE,NOT_FOR_ENFORCEMENT,,,,,,,,,,,,,,,,,,,,,,,,,,,,,,,,,,,,,,,,,,,,,,,,,,,,,,,,,,,,,,,,,,,1,0.0,0.0,0.0,0.0,0.0,,n_rounds>=30,568,185,PERCENT_RANK_OVER_ORDER_BY_e_stake,HF9f,THIN_ROUNDS,,,Z 证据不足 · 不动作,138,1,A168_HF9F_20260827_0900,2026-08-27 09:00:00
151146884,2026-07-24,2026-07-24 21:51:08,54378,4,21,4,20000.00,10000.00,1,1,TIGHTEN,0,0,v2026-08-11,,,,,,,,,,,,NULL_DENOM,,,,,AG03-UNRESOLVED,ALL5_LEVELS_bet23_to_bet27,,,,,,,,,,,,,,,,,,,,,PENDING_AG03,FALSE,NOT_FOR_ENFORCEMENT,,,,,,,,,,,,,,,,,,,,,,,,,,,,,,,,,,,,,,,,,,,,,,,,,,,,,,,,,,,,,,,,,,,1,0.0,0.0,0.0,0.0,0.0,,n_rounds>=30,568,185,PERCENT_RANK_OVER_ORDER_BY_e_stake,HF9f,THIN_ROUNDS,,,Z 证据不足 · 不动作,139,1,A168_HF9F_20260827_0900,2026-08-27 09:00:00
151158161,2026-08-04,2026-08-04 19:21:20,54378,4,21,4,20000.00,10000.00,1,1,TIGHTEN,0,0,v2026-08-11,,,,,,,,,,,,NULL_DENOM,,,,,AG03-UNRESOLVED,ALL5_LEVELS_bet23_to_bet27,,,,,,,,,,,,,,,,,,,,,PENDING_AG03,FALSE,NOT_FOR_ENFORCEMENT,,,,,,,,,,,,,,,,,,,,,,,,,,,,,,,,,,,,,,,,,,,,,,,,,,,,,,,,,,,,,,,,,,,1,0.0,0.0,0.0,0.0,0.0,,n_rounds>=30,568,185,PERCENT_RANK_OVER_ORDER_BY_e_stake,HF9f,THIN_ROUNDS,,,Z 证据不足 · 不动作,140,1,A168_HF9F_20260827_0900,2026-08-27 09:00:00
151158307,2026-08-04,2026-08-04 19:24:26,54378,4,21,4,20000.00,10000.00,1,1,TIGHTEN,0,0,v2026-08-11,,,,,,,,,,,,NULL_DENOM,,,,,AG03-UNRESOLVED,ALL5_LEVELS_bet23_to_bet27,,,,,,,,,,,,,,,,,,,,,PENDING_AG03,FALSE,NOT_FOR_ENFORCEMENT,,,,,,,,,,,,,,,,,,,,,,,,,,,,,,,,,,,,,,,,,,,,,,,,,,,,,,,,,,,,,,,,,,,2,0.0,0.0,0.0,0.0,0.0,,n_rounds>=30,568,185,PERCENT_RANK_OVER_ORDER_BY_e_stake,HF9f,THIN_ROUNDS,,,Z 证据不足 · 不动作,141,1,A168_HF9F_20260827_0900,2026-08-27 09:00:00
151158445,2026-08-04,2026-08-04 19:20:20,54378,4,21,4,20000.00,10000.00,1,1,TIGHTEN,0,0,v2026-08-11,,,,,,,,,,,,NULL_DENOM,,,,,AG03-UNRESOLVED,ALL5_LEVELS_bet23_to_bet27,,,,,,,,,,,,,,,,,,,,,PENDING_AG03,FALSE,NOT_FOR_ENFORCEMENT,,,,,,,,,,,,,,,,,,,,,,,,,,,,,,,,,,,,,,,,,,,,,,,,,,,,,,,,,,,,,,,,,,,1,0.0,0.0,0.0,0.0,0.0,,n_rounds>=30,568,185,PERCENT_RANK_OVER_ORDER_BY_e_stake,HF9f,THIN_ROUNDS,,,Z 证据不足 · 不动作,142,1,A168_HF9F_20260827_0900,2026-08-27 09:00:00
151192161,2026-08-04,2026-08-04 19:21:00,54378,4,21,4,20000.00,10000.00,1,1,TIGHTEN,0,0,v2026-08-11,,,,,,,,,,,,NULL_DENOM,,,,,AG03-UNRESOLVED,ALL5_LEVELS_bet23_to_bet27,,,,,,,,,,,,,,,,,,,,,PENDING_AG03,FALSE,NOT_FOR_ENFORCEMENT,,,,,,,,,,,,,,,,,,,,,,,,,,,,,,,,,,,,,,,,,,,,,,,,,,,,,,,,,,,,,,,,,,,1,0.0,0.0,0.0,0.0,0.0,,n_rounds>=30,568,185,PERCENT_RANK_OVER_ORDER_BY_e_stake,HF9f,THIN_ROUNDS,,,Z 证据不足 · 不动作,143,1,A168_HF9F_20260827_0900,2026-08-27 09:00:00
151302910,2026-06-12,2026-06-12 08:51:41,40210,4,"124,59,1,2,3",1,5000.00,1000.00,5,1,TIGHTEN,0,0,v2026-08-11,,,,,,,,,,,,NULL_DENOM,,,,,AG03-UNRESOLVED,ALL5_LEVELS_bet23_to_bet27,,,,,,,,,,,,,,,,,,,,,PENDING_AG03,FALSE,NOT_FOR_ENFORCEMENT,,,,,,,,,,,,,,,,,,,,,,,,,,,,,,,,,,,,,,,,,,,,,,,,,,,,,,,,,,,,,,,,,,,1,0.0,0.0,0.0,0.0,0.0,,n_rounds>=30,568,185,PERCENT_RANK_OVER_ORDER_BY_e_stake,HF9f,THIN_ROUNDS,,,Z 证据不足 · 不动作,144,1,A168_HF9F_20260827_0900,2026-08-27 09:00:00
151325549,2026-06-12,2026-06-12 08:50:42,40210,4,"124,59,1,2,3",1,5000.00,1000.00,5,1,TIGHTEN,0,0,v2026-08-11,,,,,,,,,,,,NULL_DENOM,,,,,AG03-UNRESOLVED,ALL5_LEVELS_bet23_to_bet27,,,,,,,,,,,,,,,,,,,,,PENDING_AG03,FALSE,NOT_FOR_ENFORCEMENT,,,,,,,,,,,,,,,,,,,,,,,,,,,,,,,,,,,,,,,,,,,,,,,,,,,,,,,,,,,,,,,,,,,1,0.0,0.0,0.0,0.0,0.0,,n_rounds>=30,568,185,PERCENT_RANK_OVER_ORDER_BY_e_stake,HF9f,THIN_ROUNDS,,,Z 证据不足 · 不动作,145,1,A168_HF9F_20260827_0900,2026-08-27 09:00:00
151363937,2026-06-18,2026-06-18 10:05:30,55916,5,"1,2,3,4,21,22,30,31","1,3,4,22,31",100000.00,100000.00,8,5,FLAT,0,0,v2026-08-11,,,,,,,,,,,,NULL_DENOM,,,,,AG03-UNRESOLVED,ALL5_LEVELS_bet23_to_bet27,,,,,,,,,,,,,,,,,,,,,PENDING_AG03,FALSE,NOT_FOR_ENFORCEMENT,,,,,,,,,,,,,,,,,,,,,,,,,,,,,,,,,,,,,,,,,,,,,,,,,,,,,,,,,,,,,,,,,,,2,0.0,0.0,0.0,0.0,0.0,,n_rounds>=30,568,185,PERCENT_RANK_OVER_ORDER_BY_e_stake,HF9f,THIN_ROUNDS,,,Z 证据不足 · 不动作,146,1,A168_HF9F_20260827_0900,2026-08-27 09:00:00
151401145,2026-06-15,2026-06-15 03:10:15,40210,4,"124,59,1,2,3",1,5000.00,1000.00,5,1,TIGHTEN,0,0,v2026-08-11,,,,,,,,,,,,NULL_DENOM,,,,,AG03-UNRESOLVED,ALL5_LEVELS_bet23_to_bet27,,,,,,,,,,,,,,,,,,,,,PENDING_AG03,FALSE,NOT_FOR_ENFORCEMENT,,,,,,,,,,,,,,,,,,,,,,,,,,,,,,,,,,,,,,,,,,,,,,,,,,,,,,,,,,,,,,,,,,,2,0.0,0.0,0.0,0.0,0.0,,n_rounds>=30,568,185,PERCENT_RANK_OVER_ORDER_BY_e_stake,HF9f,THIN_ROUNDS,,,Z 证据不足 · 不动作,147,1,A168_HF9F_20260827_0900,2026-08-27 09:00:00
151401145,2026-07-09,2026-07-09 13:51:21,40210,4,1,2,1000.00,3000.00,1,1,RELEASE,0,0,v2026-08-11,,,,,,,,,,,,NULL_DENOM,,,,,AG03-UNRESOLVED,ALL5_LEVELS_bet23_to_bet27,,,,,,,,,,,,,,,,,,,,,PENDING_AG03,FALSE,NOT_FOR_ENFORCEMENT,,,,,,,,,,,,,,,,,,,,,,,,,,,,,,,,,,,,,,,,,,,,,,,,,,,,,,,,,,,,,,,,,,,2,0.0,0.0,0.0,0.0,0.0,,n_rounds>=30,568,185,PERCENT_RANK_OVER_ORDER_BY_e_stake,HF9f,THIN_ROUNDS,,,Z 证据不足 · 不动作,148,1,A168_HF9F_20260827_0900,2026-08-27 09:00:00
151430463,2026-06-13,2026-06-13 21:39:35,186,0,124,"124,1",100.00,1000.00,1,2,RELEASE,0,0,v2026-08-11,,,,,,,,,,,,NULL_DENOM,,,,,AG03-UNRESOLVED,ALL5_LEVELS_bet23_to_bet27,,,,,,,,,,,,,,,,,,,,,PENDING_AG03,FALSE,NOT_FOR_ENFORCEMENT,,,,,,,,,,,,,,,,,,,,,,,,,,,,,,,,,,,,,,,,,,,,,,,,,,,,,,,,,,,,,,,,,,,2,0.0,0.0,0.0,0.0,0.0,,n_rounds>=30,568,185,PERCENT_RANK_OVER_ORDER_BY_e_stake,HF9f,THIN_ROUNDS,,,Z 证据不足 · 不动作,149,1,A168_HF9F_20260827_0900,2026-08-27 09:00:00
151513762,2026-06-16,2026-06-16 23:46:42,40210,4,"124,59,1,2,3",1,5000.00,1000.00,5,1,TIGHTEN,0,0,v2026-08-11,,,,,,,,,,,,NULL_DENOM,,,,,AG03-UNRESOLVED,ALL5_LEVELS_bet23_to_bet27,,,,,,,,,,,,,,,,,,,,,PENDING_AG03,FALSE,NOT_FOR_ENFORCEMENT,,,,,,,,,,,,,,,,,,,,,,,,,,,,,,,,,,,,,,,,,,,,,,,,,,,,,,,,,,,,,,,,,,,1,0.0,0.0,0.0,0.0,0.0,,n_rounds>=30,568,185,PERCENT_RANK_OVER_ORDER_BY_e_stake,HF9f,THIN_ROUNDS,,,Z 证据不足 · 不动作,150,1,A168_HF9F_20260827_0900,2026-08-27 09:00:00
151513885,2026-06-16,2026-06-16 23:46:00,40210,4,"124,59,1,2,3",1,5000.00,1000.00,5,1,TIGHTEN,0,0,v2026-08-11,,,,,,,,,,,,NULL_DENOM,,,,,AG03-UNRESOLVED,ALL5_LEVELS_bet23_to_bet27,,,,,,,,,,,,,,,,,,,,,PENDING_AG03,FALSE,NOT_FOR_ENFORCEMENT,,,,,,,,,,,,,,,,,,,,,,,,,,,,,,,,,,,,,,,,,,,,,,,,,,,,,,,,,,,,,,,,,,,1,0.0,0.0,0.0,0.0,0.0,,n_rounds>=30,568,185,PERCENT_RANK_OVER_ORDER_BY_e_stake,HF9f,THIN_ROUNDS,,,Z 证据不足 · 不动作,151,1,A168_HF9F_20260827_0900,2026-08-27 09:00:00
151547196,2026-06-16,2026-06-16 00:20:11,54378,4,21,3,20000.00,5000.00,1,1,TIGHTEN,0,0,v2026-08-11,,,,,,,,,,,,NULL_DENOM,,,,,AG03-UNRESOLVED,ALL5_LEVELS_bet23_to_bet27,,,,,,,,,,,,,,,,,,,,,PENDING_AG03,FALSE,NOT_FOR_ENFORCEMENT,,,,,,,,,,,,,,,,,,,,,,,,,,,,,,,,,,,,,,,,,,,,,,,,,,,,,,,,,,,,,,,,,,,1,0.0,0.0,0.0,0.0,0.0,,n_rounds>=30,568,185,PERCENT_RANK_OVER_ORDER_BY_e_stake,HF9f,THIN_ROUNDS,,,Z 证据不足 · 不动作,152,1,A168_HF9F_20260827_0900,2026-08-27 09:00:00
151547246,2026-06-16,2026-06-16 00:19:53,54378,4,21,3,20000.00,5000.00,1,1,TIGHTEN,0,0,v2026-08-11,,,,,,,,,,,,NULL_DENOM,,,,,AG03-UNRESOLVED,ALL5_LEVELS_bet23_to_bet27,,,,,,,,,,,,,,,,,,,,,PENDING_AG03,FALSE,NOT_FOR_ENFORCEMENT,,,,,,,,,,,,,,,,,,,,,,,,,,,,,,,,,,,,,,,,,,,,,,,,,,,,,,,,,,,,,,,,,,,1,0.0,0.0,0.0,0.0,0.0,,n_rounds>=30,568,185,PERCENT_RANK_OVER_ORDER_BY_e_stake,HF9f,THIN_ROUNDS,,,Z 证据不足 · 不动作,153,1,A168_HF9F_20260827_0900,2026-08-27 09:00:00
151547273,2026-06-16,2026-06-16 00:20:30,54378,4,21,3,20000.00,5000.00,1,1,TIGHTEN,0,0,v2026-08-11,,,,,,,,,,,,NULL_DENOM,,,,,AG03-UNRESOLVED,ALL5_LEVELS_bet23_to_bet27,,,,,,,,,,,,,,,,,,,,,PENDING_AG03,FALSE,NOT_FOR_ENFORCEMENT,,,,,,,,,,,,,,,,,,,,,,,,,,,,,,,,,,,,,,,,,,,,,,,,,,,,,,,,,,,,,,,,,,,1,0.0,0.0,0.0,0.0,0.0,,n_rounds>=30,568,185,PERCENT_RANK_OVER_ORDER_BY_e_stake,HF9f,THIN_ROUNDS,,,Z 证据不足 · 不动作,154,1,A168_HF9F_20260827_0900,2026-08-27 09:00:00
151547282,2026-06-16,2026-06-16 00:20:48,54378,4,21,3,20000.00,5000.00,1,1,TIGHTEN,0,0,v2026-08-11,,,,,,,,,,,,NULL_DENOM,,,,,AG03-UNRESOLVED,ALL5_LEVELS_bet23_to_bet27,,,,,,,,,,,,,,,,,,,,,PENDING_AG03,FALSE,NOT_FOR_ENFORCEMENT,,,,,,,,,,,,,,,,,,,,,,,,,,,,,,,,,,,,,,,,,,,,,,,,,,,,,,,,,,,,,,,,,,,2,0.0,0.0,0.0,0.0,0.0,,n_rounds>=30,568,185,PERCENT_RANK_OVER_ORDER_BY_e_stake,HF9f,THIN_ROUNDS,,,Z 证据不足 · 不动作,155,1,A168_HF9F_20260827_0900,2026-08-27 09:00:00
151555636,2026-07-24,2026-07-24 21:18:00,54378,4,21,4,20000.00,10000.00,1,1,TIGHTEN,0,0,v2026-08-11,,,,,,,,,,,,NULL_DENOM,,,,,AG03-UNRESOLVED,ALL5_LEVELS_bet23_to_bet27,,,,,,,,,,,,,,,,,,,,,PENDING_AG03,FALSE,NOT_FOR_ENFORCEMENT,,,,,,,,,,,,,,,,,,,,,,,,,,,,,,,,,,,,,,,,,,,,,,,,,,,,,,,,,,,,,,,,,,,3,0.0,0.0,0.0,0.0,0.0,,n_rounds>=30,568,185,PERCENT_RANK_OVER_ORDER_BY_e_stake,HF9f,THIN_ROUNDS,,,Z 证据不足 · 不动作,156,1,A168_HF9F_20260827_0900,2026-08-27 09:00:00
151559710,2026-06-16,2026-06-16 15:52:14,54378,4,21,4,20000.00,10000.00,1,1,TIGHTEN,0,0,v2026-08-11,,,,,,,,,,,,NULL_DENOM,,,,,AG03-UNRESOLVED,ALL5_LEVELS_bet23_to_bet27,,,,,,,,,,,,,,,,,,,,,PENDING_AG03,FALSE,NOT_FOR_ENFORCEMENT,,,,,,,,,,,,,,,,,,,,,,,,,,,,,,,,,,,,,,,,,,,,,,,,,,,,,,,,,,,,,,,,,,,2,0.0,0.0,0.0,0.0,0.0,,n_rounds>=30,568,185,PERCENT_RANK_OVER_ORDER_BY_e_stake,HF9f,THIN_ROUNDS,,,Z 证据不足 · 不动作,157,1,A168_HF9F_20260827_0900,2026-08-27 09:00:00
151576959,2026-06-16,2026-06-16 15:51:54,54378,4,21,4,20000.00,10000.00,1,1,TIGHTEN,0,0,v2026-08-11,,,,,,,,,,,,NULL_DENOM,,,,,AG03-UNRESOLVED,ALL5_LEVELS_bet23_to_bet27,,,,,,,,,,,,,,,,,,,,,PENDING_AG03,FALSE,NOT_FOR_ENFORCEMENT,,,,,,,,,,,,,,,,,,,,,,,,,,,,,,,,,,,,,,,,,,,,,,,,,,,,,,,,,,,,,,,,,,,2,0.0,0.0,0.0,0.0,0.0,,n_rounds>=30,568,185,PERCENT_RANK_OVER_ORDER_BY_e_stake,HF9f,THIN_ROUNDS,,,Z 证据不足 · 不动作,158,1,A168_HF9F_20260827_0900,2026-08-27 09:00:00
151600911,2026-07-24,2026-07-24 21:17:20,54378,4,21,4,20000.00,10000.00,1,1,TIGHTEN,0,0,v2026-08-11,,,,,,,,,,,,NULL_DENOM,,,,,AG03-UNRESOLVED,ALL5_LEVELS_bet23_to_bet27,,,,,,,,,,,,,,,,,,,,,PENDING_AG03,FALSE,NOT_FOR_ENFORCEMENT,,,,,,,,,,,,,,,,,,,,,,,,,,,,,,,,,,,,,,,,,,,,,,,,,,,,,,,,,,,,,,,,,,,1,0.0,0.0,0.0,0.0,0.0,,n_rounds>=30,568,185,PERCENT_RANK_OVER_ORDER_BY_e_stake,HF9f,THIN_ROUNDS,,,Z 证据不足 · 不动作,159,1,A168_HF9F_20260827_0900,2026-08-27 09:00:00
151601079,2026-06-17,2026-06-17 09:44:53,40210,4,"124,59,1,2,3",1,5000.00,1000.00,5,1,TIGHTEN,0,0,v2026-08-11,,,,,,,,,,,,NULL_DENOM,,,,,AG03-UNRESOLVED,ALL5_LEVELS_bet23_to_bet27,,,,,,,,,,,,,,,,,,,,,PENDING_AG03,FALSE,NOT_FOR_ENFORCEMENT,,,,,,,,,,,,,,,,,,,,,,,,,,,,,,,,,,,,,,,,,,,,,,,,,,,,,,,,,,,,,,,,,,,1,0.0,0.0,0.0,0.0,0.0,,n_rounds>=30,568,185,PERCENT_RANK_OVER_ORDER_BY_e_stake,HF9f,THIN_ROUNDS,,,Z 证据不足 · 不动作,160,1,A168_HF9F_20260827_0900,2026-08-27 09:00:00
151607238,2026-06-17,2026-06-17 09:44:02,40210,4,"124,59,1,2,3",1,5000.00,1000.00,5,1,TIGHTEN,0,0,v2026-08-11,,,,,,,,,,,,NULL_DENOM,,,,,AG03-UNRESOLVED,ALL5_LEVELS_bet23_to_bet27,,,,,,,,,,,,,,,,,,,,,PENDING_AG03,FALSE,NOT_FOR_ENFORCEMENT,,,,,,,,,,,,,,,,,,,,,,,,,,,,,,,,,,,,,,,,,,,,,,,,,,,,,,,,,,,,,,,,,,,1,0.0,0.0,0.0,0.0,0.0,,n_rounds>=30,568,185,PERCENT_RANK_OVER_ORDER_BY_e_stake,HF9f,THIN_ROUNDS,,,Z 证据不足 · 不动作,161,1,A168_HF9F_20260827_0900,2026-08-27 09:00:00
151607238,2026-07-09,2026-07-09 13:52:06,40210,4,1,2,1000.00,3000.00,1,1,RELEASE,0,0,v2026-08-11,,,,,,,,,,,,NULL_DENOM,,,,,AG03-UNRESOLVED,ALL5_LEVELS_bet23_to_bet27,,,,,,,,,,,,,,,,,,,,,PENDING_AG03,FALSE,NOT_FOR_ENFORCEMENT,,,,,,,,,,,,,,,,,,,,,,,,,,,,,,,,,,,,,,,,,,,,,,,,,,,,,,,,,,,,,,,,,,,1,0.0,0.0,0.0,0.0,0.0,,n_rounds>=30,568,185,PERCENT_RANK_OVER_ORDER_BY_e_stake,HF9f,THIN_ROUNDS,,,Z 证据不足 · 不动作,162,1,A168_HF9F_20260827_0900,2026-08-27 09:00:00
151676576,2026-06-20,2026-06-20 14:13:17,40210,4,"124,59,1,2,3",1,5000.00,1000.00,5,1,TIGHTEN,0,0,v2026-08-11,,,,,,,,,,,,NULL_DENOM,,,,,AG03-UNRESOLVED,ALL5_LEVELS_bet23_to_bet27,,,,,,,,,,,,,,,,,,,,,PENDING_AG03,FALSE,NOT_FOR_ENFORCEMENT,,,,,,,,,,,,,,,,,,,,,,,,,,,,,,,,,,,,,,,,,,,,,,,,,,,,,,,,,,,,,,,,,,,3,0.0,0.0,0.0,0.0,0.0,,n_rounds>=30,568,185,PERCENT_RANK_OVER_ORDER_BY_e_stake,HF9f,THIN_ROUNDS,,,Z 证据不足 · 不动作,163,1,A168_HF9F_20260827_0900,2026-08-27 09:00:00
151763155,2026-06-25,2026-06-25 21:18:29,54378,4,21,4,20000.00,10000.00,1,1,TIGHTEN,0,0,v2026-08-11,,,,,,,,,,,,NULL_DENOM,,,,,AG03-UNRESOLVED,ALL5_LEVELS_bet23_to_bet27,,,,,,,,,,,,,,,,,,,,,PENDING_AG03,FALSE,NOT_FOR_ENFORCEMENT,,,,,,,,,,,,,,,,,,,,,,,,,,,,,,,,,,,,,,,,,,,,,,,,,,,,,,,,,,,,,,,,,,,2,0.0,0.0,0.0,0.0,0.0,,n_rounds>=30,568,185,PERCENT_RANK_OVER_ORDER_BY_e_stake,HF9f,THIN_ROUNDS,,,Z 证据不足 · 不动作,164,1,A168_HF9F_20260827_0900,2026-08-27 09:00:00
151881271,2026-06-25,2026-06-25 09:45:52,40210,4,"124,59,1,2,3",1,5000.00,1000.00,5,1,TIGHTEN,0,0,v2026-08-11,,,,,,,,,,,,NULL_DENOM,,,,,AG03-UNRESOLVED,ALL5_LEVELS_bet23_to_bet27,,,,,,,,,,,,,,,,,,,,,PENDING_AG03,FALSE,NOT_FOR_ENFORCEMENT,,,,,,,,,,,,,,,,,,,,,,,,,,,,,,,,,,,,,,,,,,,,,,,,,,,,,,,,,,,,,,,,,,,2,0.0,0.0,0.0,0.0,0.0,,n_rounds>=30,568,185,PERCENT_RANK_OVER_ORDER_BY_e_stake,HF9f,THIN_ROUNDS,,,Z 证据不足 · 不动作,165,1,A168_HF9F_20260827_0900,2026-08-27 09:00:00
151910096,2026-06-25,2026-06-25 09:46:39,40210,4,"124,59,1,2,3",1,5000.00,1000.00,5,1,TIGHTEN,0,0,v2026-08-11,,,,,,,,,,,,NULL_DENOM,,,,,AG03-UNRESOLVED,ALL5_LEVELS_bet23_to_bet27,,,,,,,,,,,,,,,,,,,,,PENDING_AG03,FALSE,NOT_FOR_ENFORCEMENT,,,,,,,,,,,,,,,,,,,,,,,,,,,,,,,,,,,,,,,,,,,,,,,,,,,,,,,,,,,,,,,,,,,1,0.0,0.0,0.0,0.0,0.0,,n_rounds>=30,568,185,PERCENT_RANK_OVER_ORDER_BY_e_stake,HF9f,THIN_ROUNDS,,,Z 证据不足 · 不动作,166,1,A168_HF9F_20260827_0900,2026-08-27 09:00:00
151932259,2026-06-23,2026-06-23 13:50:02,54378,4,21,3,20000.00,5000.00,1,1,TIGHTEN,0,0,v2026-08-11,,,,,,,,,,,,NULL_DENOM,,,,,AG03-UNRESOLVED,ALL5_LEVELS_bet23_to_bet27,,,,,,,,,,,,,,,,,,,,,PENDING_AG03,FALSE,NOT_FOR_ENFORCEMENT,,,,,,,,,,,,,,,,,,,,,,,,,,,,,,,,,,,,,,,,,,,,,,,,,,,,,,,,,,,,,,,,,,,1,0.0,0.0,0.0,0.0,0.0,,n_rounds>=30,568,185,PERCENT_RANK_OVER_ORDER_BY_e_stake,HF9f,THIN_ROUNDS,,,Z 证据不足 · 不动作,167,1,A168_HF9F_20260827_0900,2026-08-27 09:00:00
151932269,2026-06-23,2026-06-23 13:49:03,54378,4,21,3,20000.00,5000.00,1,1,TIGHTEN,0,0,v2026-08-11,,,,,,,,,,,,NULL_DENOM,,,,,AG03-UNRESOLVED,ALL5_LEVELS_bet23_to_bet27,,,,,,,,,,,,,,,,,,,,,PENDING_AG03,FALSE,NOT_FOR_ENFORCEMENT,,,,,,,,,,,,,,,,,,,,,,,,,,,,,,,,,,,,,,,,,,,,,,,,,,,,,,,,,,,,,,,,,,,1,0.0,0.0,0.0,0.0,0.0,,n_rounds>=30,568,185,PERCENT_RANK_OVER_ORDER_BY_e_stake,HF9f,THIN_ROUNDS,,,Z 证据不足 · 不动作,168,1,A168_HF9F_20260827_0900,2026-08-27 09:00:00
151934865,2026-06-25,2026-06-25 09:45:13,40210,4,"124,59,1,2,3",1,5000.00,1000.00,5,1,TIGHTEN,0,0,v2026-08-11,,,,,,,,,,,,NULL_DENOM,,,,,AG03-UNRESOLVED,ALL5_LEVELS_bet23_to_bet27,,,,,,,,,,,,,,,,,,,,,PENDING_AG03,FALSE,NOT_FOR_ENFORCEMENT,,,,,,,,,,,,,,,,,,,,,,,,,,,,,,,,,,,,,,,,,,,,,,,,,,,,,,,,,,,,,,,,,,,2,0.0,0.0,0.0,0.0,0.0,,n_rounds>=30,568,185,PERCENT_RANK_OVER_ORDER_BY_e_stake,HF9f,THIN_ROUNDS,,,Z 证据不足 · 不动作,169,1,A168_HF9F_20260827_0900,2026-08-27 09:00:00
151953869,2026-06-25,2026-06-25 09:43:01,40210,4,"124,59,1,2,3",1,5000.00,1000.00,5,1,TIGHTEN,0,0,v2026-08-11,,,,,,,,,,,,NULL_DENOM,,,,,AG03-UNRESOLVED,ALL5_LEVELS_bet23_to_bet27,,,,,,,,,,,,,,,,,,,,,PENDING_AG03,FALSE,NOT_FOR_ENFORCEMENT,,,,,,,,,,,,,,,,,,,,,,,,,,,,,,,,,,,,,,,,,,,,,,,,,,,,,,,,,,,,,,,,,,,2,0.0,0.0,0.0,0.0,0.0,,n_rounds>=30,568,185,PERCENT_RANK_OVER_ORDER_BY_e_stake,HF9f,THIN_ROUNDS,,,Z 证据不足 · 不动作,170,1,A168_HF9F_20260827_0900,2026-08-27 09:00:00
151953869,2026-07-09,2026-07-09 13:53:25,40210,4,1,2,1000.00,3000.00,1,1,RELEASE,0,0,v2026-08-11,,,,,,,,,,,,NULL_DENOM,,,,,AG03-UNRESOLVED,ALL5_LEVELS_bet23_to_bet27,,,,,,,,,,,,,,,,,,,,,PENDING_AG03,FALSE,NOT_FOR_ENFORCEMENT,,,,,,,,,,,,,,,,,,,,,,,,,,,,,,,,,,,,,,,,,,,,,,,,,,,,,,,,,,,,,,,,,,,2,0.0,0.0,0.0,0.0,0.0,,n_rounds>=30,568,185,PERCENT_RANK_OVER_ORDER_BY_e_stake,HF9f,THIN_ROUNDS,,,Z 证据不足 · 不动作,171,1,A168_HF9F_20260827_0900,2026-08-27 09:00:00
151954064,2026-06-25,2026-06-25 09:47:27,40210,4,"124,59,1,2,3",1,5000.00,1000.00,5,1,TIGHTEN,0,0,v2026-08-11,,,,,,,,,,,,NULL_DENOM,,,,,AG03-UNRESOLVED,ALL5_LEVELS_bet23_to_bet27,,,,,,,,,,,,,,,,,,,,,PENDING_AG03,FALSE,NOT_FOR_ENFORCEMENT,,,,,,,,,,,,,,,,,,,,,,,,,,,,,,,,,,,,,,,,,,,,,,,,,,,,,,,,,,,,,,,,,,,2,0.0,0.0,0.0,0.0,0.0,,n_rounds>=30,568,185,PERCENT_RANK_OVER_ORDER_BY_e_stake,HF9f,THIN_ROUNDS,,,Z 证据不足 · 不动作,172,1,A168_HF9F_20260827_0900,2026-08-27 09:00:00
151960187,2026-06-25,2026-06-25 09:43:45,40210,4,"124,59,1,2,3",1,5000.00,1000.00,5,1,TIGHTEN,0,0,v2026-08-11,,,,,,,,,,,,NULL_DENOM,,,,,AG03-UNRESOLVED,ALL5_LEVELS_bet23_to_bet27,,,,,,,,,,,,,,,,,,,,,PENDING_AG03,FALSE,NOT_FOR_ENFORCEMENT,,,,,,,,,,,,,,,,,,,,,,,,,,,,,,,,,,,,,,,,,,,,,,,,,,,,,,,,,,,,,,,,,,,3,0.0,0.0,0.0,0.0,0.0,,n_rounds>=30,568,185,PERCENT_RANK_OVER_ORDER_BY_e_stake,HF9f,THIN_ROUNDS,,,Z 证据不足 · 不动作,173,1,A168_HF9F_20260827_0900,2026-08-27 09:00:00
151960187,2026-07-09,2026-07-09 13:53:53,40210,4,1,2,1000.00,3000.00,1,1,RELEASE,0,0,v2026-08-11,,,,,,,,,,,,NULL_DENOM,,,,,AG03-UNRESOLVED,ALL5_LEVELS_bet23_to_bet27,,,,,,,,,,,,,,,,,,,,,PENDING_AG03,FALSE,NOT_FOR_ENFORCEMENT,,,,,,,,,,,,,,,,,,,,,,,,,,,,,,,,,,,,,,,,,,,,,,,,,,,,,,,,,,,,,,,,,,,3,0.0,0.0,0.0,0.0,0.0,,n_rounds>=30,568,185,PERCENT_RANK_OVER_ORDER_BY_e_stake,HF9f,THIN_ROUNDS,,,Z 证据不足 · 不动作,174,1,A168_HF9F_20260827_0900,2026-08-27 09:00:00
151967299,2026-06-25,2026-06-25 21:19:27,54378,4,21,4,20000.00,10000.00,1,1,TIGHTEN,0,0,v2026-08-11,,,,,,,,,,,,NULL_DENOM,,,,,AG03-UNRESOLVED,ALL5_LEVELS_bet23_to_bet27,,,,,,,,,,,,,,,,,,,,,PENDING_AG03,FALSE,NOT_FOR_ENFORCEMENT,,,,,,,,,,,,,,,,,,,,,,,,,,,,,,,,,,,,,,,,,,,,,,,,,,,,,,,,,,,,,,,,,,,2,0.0,0.0,0.0,0.0,0.0,,n_rounds>=30,568,185,PERCENT_RANK_OVER_ORDER_BY_e_stake,HF9f,THIN_ROUNDS,,,Z 证据不足 · 不动作,175,1,A168_HF9F_20260827_0900,2026-08-27 09:00:00
152036880,2026-06-25,2026-06-25 21:18:49,54378,4,21,4,20000.00,10000.00,1,1,TIGHTEN,0,0,v2026-08-11,,,,,,,,,,,,NULL_DENOM,,,,,AG03-UNRESOLVED,ALL5_LEVELS_bet23_to_bet27,,,,,,,,,,,,,,,,,,,,,PENDING_AG03,FALSE,NOT_FOR_ENFORCEMENT,,,,,,,,,,,,,,,,,,,,,,,,,,,,,,,,,,,,,,,,,,,,,,,,,,,,,,,,,,,,,,,,,,,1,0.0,0.0,0.0,0.0,0.0,,n_rounds>=30,568,185,PERCENT_RANK_OVER_ORDER_BY_e_stake,HF9f,THIN_ROUNDS,,,Z 证据不足 · 不动作,176,1,A168_HF9F_20260827_0900,2026-08-27 09:00:00
152039668,2026-06-25,2026-06-25 21:19:08,54378,4,21,4,20000.00,10000.00,1,1,TIGHTEN,0,0,v2026-08-11,,,,,,,,,,,,NULL_DENOM,,,,,AG03-UNRESOLVED,ALL5_LEVELS_bet23_to_bet27,,,,,,,,,,,,,,,,,,,,,PENDING_AG03,FALSE,NOT_FOR_ENFORCEMENT,,,,,,,,,,,,,,,,,,,,,,,,,,,,,,,,,,,,,,,,,,,,,,,,,,,,,,,,,,,,,,,,,,,2,0.0,0.0,0.0,0.0,0.0,,n_rounds>=30,568,185,PERCENT_RANK_OVER_ORDER_BY_e_stake,HF9f,THIN_ROUNDS,,,Z 证据不足 · 不动作,177,1,A168_HF9F_20260827_0900,2026-08-27 09:00:00
152064763,2026-06-26,2026-06-26 19:13:51,40210,4,"124,59,1,2,3",1,5000.00,1000.00,5,1,TIGHTEN,0,0,v2026-08-11,,,,,,,,,,,,NULL_DENOM,,,,,AG03-UNRESOLVED,ALL5_LEVELS_bet23_to_bet27,,,,,,,,,,,,,,,,,,,,,PENDING_AG03,FALSE,NOT_FOR_ENFORCEMENT,,,,,,,,,,,,,,,,,,,,,,,,,,,,,,,,,,,,,,,,,,,,,,,,,,,,,,,,,,,,,,,,,,,1,0.0,0.0,0.0,0.0,0.0,,n_rounds>=30,568,185,PERCENT_RANK_OVER_ORDER_BY_e_stake,HF9f,THIN_ROUNDS,,,Z 证据不足 · 不动作,178,1,A168_HF9F_20260827_0900,2026-08-27 09:00:00
152212995,2026-06-30,2026-06-30 01:15:40,40210,4,"124,59,1,2,3",1,5000.00,1000.00,5,1,TIGHTEN,0,0,v2026-08-11,,,,,,,,,,,,NULL_DENOM,,,,,AG03-UNRESOLVED,ALL5_LEVELS_bet23_to_bet27,,,,,,,,,,,,,,,,,,,,,PENDING_AG03,FALSE,NOT_FOR_ENFORCEMENT,,,,,,,,,,,,,,,,,,,,,,,,,,,,,,,,,,,,,,,,,,,,,,,,,,,,,,,,,,,,,,,,,,,2,0.0,0.0,0.0,0.0,0.0,,n_rounds>=30,568,185,PERCENT_RANK_OVER_ORDER_BY_e_stake,HF9f,THIN_ROUNDS,,,Z 证据不足 · 不动作,179,1,A168_HF9F_20260827_0900,2026-08-27 09:00:00
152212995,2026-07-09,2026-07-09 13:55:06,40210,4,1,2,1000.00,3000.00,1,1,RELEASE,0,0,v2026-08-11,,,,,,,,,,,,NULL_DENOM,,,,,AG03-UNRESOLVED,ALL5_LEVELS_bet23_to_bet27,,,,,,,,,,,,,,,,,,,,,PENDING_AG03,FALSE,NOT_FOR_ENFORCEMENT,,,,,,,,,,,,,,,,,,,,,,,,,,,,,,,,,,,,,,,,,,,,,,,,,,,,,,,,,,,,,,,,,,,2,0.0,0.0,0.0,0.0,0.0,,n_rounds>=30,568,185,PERCENT_RANK_OVER_ORDER_BY_e_stake,HF9f,THIN_ROUNDS,,,Z 证据不足 · 不动作,180,1,A168_HF9F_20260827_0900,2026-08-27 09:00:00
152255498,2026-06-30,2026-06-30 13:30:41,40210,4,"124,59,1,2,3",1,5000.00,1000.00,5,1,TIGHTEN,0,0,v2026-08-11,,,,,,,,,,,,NULL_DENOM,,,,,AG03-UNRESOLVED,ALL5_LEVELS_bet23_to_bet27,,,,,,,,,,,,,,,,,,,,,PENDING_AG03,FALSE,NOT_FOR_ENFORCEMENT,,,,,,,,,,,,,,,,,,,,,,,,,,,,,,,,,,,,,,,,,,,,,,,,,,,,,,,,,,,,,,,,,,,1,0.0,0.0,0.0,0.0,0.0,,n_rounds>=30,568,185,PERCENT_RANK_OVER_ORDER_BY_e_stake,HF9f,THIN_ROUNDS,,,Z 证据不足 · 不动作,181,1,A168_HF9F_20260827_0900,2026-08-27 09:00:00
152256455,2026-06-30,2026-06-30 13:31:27,40210,4,"124,59,1,2,3",1,5000.00,1000.00,5,1,TIGHTEN,0,0,v2026-08-11,,,,,,,,,,,,NULL_DENOM,,,,,AG03-UNRESOLVED,ALL5_LEVELS_bet23_to_bet27,,,,,,,,,,,,,,,,,,,,,PENDING_AG03,FALSE,NOT_FOR_ENFORCEMENT,,,,,,,,,,,,,,,,,,,,,,,,,,,,,,,,,,,,,,,,,,,,,,,,,,,,,,,,,,,,,,,,,,,1,0.0,0.0,0.0,0.0,0.0,,n_rounds>=30,568,185,PERCENT_RANK_OVER_ORDER_BY_e_stake,HF9f,THIN_ROUNDS,,,Z 证据不足 · 不动作,182,1,A168_HF9F_20260827_0900,2026-08-27 09:00:00
152258541,2026-06-30,2026-06-30 13:27:56,40210,4,"124,59,1,2,3",1,5000.00,1000.00,5,1,TIGHTEN,0,0,v2026-08-11,,,,,,,,,,,,NULL_DENOM,,,,,AG03-UNRESOLVED,ALL5_LEVELS_bet23_to_bet27,,,,,,,,,,,,,,,,,,,,,PENDING_AG03,FALSE,NOT_FOR_ENFORCEMENT,,,,,,,,,,,,,,,,,,,,,,,,,,,,,,,,,,,,,,,,,,,,,,,,,,,,,,,,,,,,,,,,,,,2,0.0,0.0,0.0,0.0,0.0,,n_rounds>=30,568,185,PERCENT_RANK_OVER_ORDER_BY_e_stake,HF9f,THIN_ROUNDS,,,Z 证据不足 · 不动作,183,1,A168_HF9F_20260827_0900,2026-08-27 09:00:00
152258541,2026-07-09,2026-07-09 13:55:21,40210,4,1,2,1000.00,3000.00,1,1,RELEASE,0,0,v2026-08-11,,,,,,,,,,,,NULL_DENOM,,,,,AG03-UNRESOLVED,ALL5_LEVELS_bet23_to_bet27,,,,,,,,,,,,,,,,,,,,,PENDING_AG03,FALSE,NOT_FOR_ENFORCEMENT,,,,,,,,,,,,,,,,,,,,,,,,,,,,,,,,,,,,,,,,,,,,,,,,,,,,,,,,,,,,,,,,,,,2,0.0,0.0,0.0,0.0,0.0,,n_rounds>=30,568,185,PERCENT_RANK_OVER_ORDER_BY_e_stake,HF9f,THIN_ROUNDS,,,Z 证据不足 · 不动作,184,1,A168_HF9F_20260827_0900,2026-08-27 09:00:00
152258554,2026-06-30,2026-06-30 13:32:09,40210,4,"124,59,1,2,3",1,5000.00,1000.00,5,1,TIGHTEN,0,0,v2026-08-11,,,,,,,,,,,,NULL_DENOM,,,,,AG03-UNRESOLVED,ALL5_LEVELS_bet23_to_bet27,,,,,,,,,,,,,,,,,,,,,PENDING_AG03,FALSE,NOT_FOR_ENFORCEMENT,,,,,,,,,,,,,,,,,,,,,,,,,,,,,,,,,,,,,,,,,,,,,,,,,,,,,,,,,,,,,,,,,,,2,0.0,0.0,0.0,0.0,0.0,,n_rounds>=30,568,185,PERCENT_RANK_OVER_ORDER_BY_e_stake,HF9f,THIN_ROUNDS,,,Z 证据不足 · 不动作,185,1,A168_HF9F_20260827_0900,2026-08-27 09:00:00
152296945,2026-07-01,2026-07-01 06:08:10,40210,4,"124,59,1,2,3",1,5000.00,1000.00,5,1,TIGHTEN,0,0,v2026-08-11,,,,,,,,,,,,NULL_DENOM,,,,,AG03-UNRESOLVED,ALL5_LEVELS_bet23_to_bet27,,,,,,,,,,,,,,,,,,,,,PENDING_AG03,FALSE,NOT_FOR_ENFORCEMENT,,,,,,,,,,,,,,,,,,,,,,,,,,,,,,,,,,,,,,,,,,,,,,,,,,,,,,,,,,,,,,,,,,,1,0.0,0.0,0.0,0.0,0.0,,n_rounds>=30,568,185,PERCENT_RANK_OVER_ORDER_BY_e_stake,HF9f,THIN_ROUNDS,,,Z 证据不足 · 不动作,186,1,A168_HF9F_20260827_0900,2026-08-27 09:00:00
152312411,2026-07-01,2026-07-01 12:05:57,54378,4,21,3,20000.00,5000.00,1,1,TIGHTEN,0,0,v2026-08-11,,,,,,,,,,,,NULL_DENOM,,,,,AG03-UNRESOLVED,ALL5_LEVELS_bet23_to_bet27,,,,,,,,,,,,,,,,,,,,,PENDING_AG03,FALSE,NOT_FOR_ENFORCEMENT,,,,,,,,,,,,,,,,,,,,,,,,,,,,,,,,,,,,,,,,,,,,,,,,,,,,,,,,,,,,,,,,,,,1,0.0,0.0,0.0,0.0,0.0,,n_rounds>=30,568,185,PERCENT_RANK_OVER_ORDER_BY_e_stake,HF9f,THIN_ROUNDS,,,Z 证据不足 · 不动作,187,1,A168_HF9F_20260827_0900,2026-08-27 09:00:00
152312985,2026-07-01,2026-07-01 12:06:17,54378,4,21,3,20000.00,5000.00,1,1,TIGHTEN,0,0,v2026-08-11,,,,,,,,,,,,NULL_DENOM,,,,,AG03-UNRESOLVED,ALL5_LEVELS_bet23_to_bet27,,,,,,,,,,,,,,,,,,,,,PENDING_AG03,FALSE,NOT_FOR_ENFORCEMENT,,,,,,,,,,,,,,,,,,,,,,,,,,,,,,,,,,,,,,,,,,,,,,,,,,,,,,,,,,,,,,,,,,,2,0.0,0.0,0.0,0.0,0.0,,n_rounds>=30,568,185,PERCENT_RANK_OVER_ORDER_BY_e_stake,HF9f,THIN_ROUNDS,,,Z 证据不足 · 不动作,188,1,A168_HF9F_20260827_0900,2026-08-27 09:00:00
152316497,2026-07-01,2026-07-01 20:22:21,40210,4,"124,59,1,2,3",1,5000.00,1000.00,5,1,TIGHTEN,0,0,v2026-08-11,,,,,,,,,,,,NULL_DENOM,,,,,AG03-UNRESOLVED,ALL5_LEVELS_bet23_to_bet27,,,,,,,,,,,,,,,,,,,,,PENDING_AG03,FALSE,NOT_FOR_ENFORCEMENT,,,,,,,,,,,,,,,,,,,,,,,,,,,,,,,,,,,,,,,,,,,,,,,,,,,,,,,,,,,,,,,,,,,2,0.0,0.0,0.0,0.0,0.0,,n_rounds>=30,568,185,PERCENT_RANK_OVER_ORDER_BY_e_stake,HF9f,THIN_ROUNDS,,,Z 证据不足 · 不动作,189,1,A168_HF9F_20260827_0900,2026-08-27 09:00:00
152333350,2026-07-06,2026-07-06 18:00:35,43958,4,3,1,5000.00,1000.00,1,1,TIGHTEN,0,0,v2026-08-11,,,,,,,,,,,,NULL_DENOM,,,,,AG03-UNRESOLVED,ALL5_LEVELS_bet23_to_bet27,,,,,,,,,,,,,,,,,,,,,PENDING_AG03,FALSE,NOT_FOR_ENFORCEMENT,,,,,,,,,,,,,,,,,,,,,,,,,,,,,,,,,,,,,,,,,,,,,,,,,,,,,,,,,,,,,,,,,,,1,0.0,0.0,0.0,0.0,0.0,,n_rounds>=30,568,185,PERCENT_RANK_OVER_ORDER_BY_e_stake,HF9f,THIN_ROUNDS,,,Z 证据不足 · 不动作,190,1,A168_HF9F_20260827_0900,2026-08-27 09:00:00
152351411,2026-07-02,2026-07-02 05:24:09,40210,4,"124,59,1,2,3",1,5000.00,1000.00,5,1,TIGHTEN,0,0,v2026-08-11,,,,,,,,,,,,NULL_DENOM,,,,,AG03-UNRESOLVED,ALL5_LEVELS_bet23_to_bet27,,,,,,,,,,,,,,,,,,,,,PENDING_AG03,FALSE,NOT_FOR_ENFORCEMENT,,,,,,,,,,,,,,,,,,,,,,,,,,,,,,,,,,,,,,,,,,,,,,,,,,,,,,,,,,,,,,,,,,,2,0.0,0.0,0.0,0.0,0.0,,n_rounds>=30,568,185,PERCENT_RANK_OVER_ORDER_BY_e_stake,HF9f,THIN_ROUNDS,,,Z 证据不足 · 不动作,191,1,A168_HF9F_20260827_0900,2026-08-27 09:00:00
152480856,2026-07-03,2026-07-03 23:35:43,40210,4,"124,59,1,2,3",1,5000.00,1000.00,5,1,TIGHTEN,0,0,v2026-08-11,,,,,,,,,,,,NULL_DENOM,,,,,AG03-UNRESOLVED,ALL5_LEVELS_bet23_to_bet27,,,,,,,,,,,,,,,,,,,,,PENDING_AG03,FALSE,NOT_FOR_ENFORCEMENT,,,,,,,,,,,,,,,,,,,,,,,,,,,,,,,,,,,,,,,,,,,,,,,,,,,,,,,,,,,,,,,,,,,1,0.0,0.0,0.0,0.0,0.0,,n_rounds>=30,568,185,PERCENT_RANK_OVER_ORDER_BY_e_stake,HF9f,THIN_ROUNDS,,,Z 证据不足 · 不动作,192,1,A168_HF9F_20260827_0900,2026-08-27 09:00:00
152538656,2026-07-05,2026-07-05 03:12:17,40210,4,"124,59,1,2,3",1,5000.00,1000.00,5,1,TIGHTEN,0,0,v2026-08-11,,,,,,,,,,,,NULL_DENOM,,,,,AG03-UNRESOLVED,ALL5_LEVELS_bet23_to_bet27,,,,,,,,,,,,,,,,,,,,,PENDING_AG03,FALSE,NOT_FOR_ENFORCEMENT,,,,,,,,,,,,,,,,,,,,,,,,,,,,,,,,,,,,,,,,,,,,,,,,,,,,,,,,,,,,,,,,,,,1,0.0,0.0,0.0,0.0,0.0,,n_rounds>=30,568,185,PERCENT_RANK_OVER_ORDER_BY_e_stake,HF9f,THIN_ROUNDS,,,Z 证据不足 · 不动作,193,1,A168_HF9F_20260827_0900,2026-08-27 09:00:00
152639358,2026-07-07,2026-07-07 03:34:43,40210,4,"124,59,1,2,3",1,5000.00,1000.00,5,1,TIGHTEN,0,0,v2026-08-11,,,,,,,,,,,,NULL_DENOM,,,,,AG03-UNRESOLVED,ALL5_LEVELS_bet23_to_bet27,,,,,,,,,,,,,,,,,,,,,PENDING_AG03,FALSE,NOT_FOR_ENFORCEMENT,,,,,,,,,,,,,,,,,,,,,,,,,,,,,,,,,,,,,,,,,,,,,,,,,,,,,,,,,,,,,,,,,,,1,0.0,0.0,0.0,0.0,0.0,,n_rounds>=30,568,185,PERCENT_RANK_OVER_ORDER_BY_e_stake,HF9f,THIN_ROUNDS,,,Z 证据不足 · 不动作,194,1,A168_HF9F_20260827_0900,2026-08-27 09:00:00
152663282,2026-07-08,2026-07-08 04:26:38,40210,4,"124,59,1,2,3",1,5000.00,1000.00,5,1,TIGHTEN,0,0,v2026-08-11,,,,,,,,,,,,NULL_DENOM,,,,,AG03-UNRESOLVED,ALL5_LEVELS_bet23_to_bet27,,,,,,,,,,,,,,,,,,,,,PENDING_AG03,FALSE,NOT_FOR_ENFORCEMENT,,,,,,,,,,,,,,,,,,,,,,,,,,,,,,,,,,,,,,,,,,,,,,,,,,,,,,,,,,,,,,,,,,,2,0.0,0.0,0.0,0.0,0.0,,n_rounds>=30,568,185,PERCENT_RANK_OVER_ORDER_BY_e_stake,HF9f,THIN_ROUNDS,,,Z 证据不足 · 不动作,195,1,A168_HF9F_20260827_0900,2026-08-27 09:00:00
152701480,2026-07-08,2026-07-08 04:25:51,40210,4,"124,59,1,2,3",1,5000.00,1000.00,5,1,TIGHTEN,0,0,v2026-08-11,,,,,,,,,,,,NULL_DENOM,,,,,AG03-UNRESOLVED,ALL5_LEVELS_bet23_to_bet27,,,,,,,,,,,,,,,,,,,,,PENDING_AG03,FALSE,NOT_FOR_ENFORCEMENT,,,,,,,,,,,,,,,,,,,,,,,,,,,,,,,,,,,,,,,,,,,,,,,,,,,,,,,,,,,,,,,,,,,2,0.0,0.0,0.0,0.0,0.0,,n_rounds>=30,568,185,PERCENT_RANK_OVER_ORDER_BY_e_stake,HF9f,THIN_ROUNDS,,,Z 证据不足 · 不动作,196,1,A168_HF9F_20260827_0900,2026-08-27 09:00:00
152800638,2026-07-10,2026-07-10 20:51:47,40210,4,"124,59,1,2,3",2,5000.00,3000.00,5,1,TIGHTEN,0,0,v2026-08-11,,,,,,,,,,,,NULL_DENOM,,,,,AG03-UNRESOLVED,ALL5_LEVELS_bet23_to_bet27,,,,,,,,,,,,,,,,,,,,,PENDING_AG03,FALSE,NOT_FOR_ENFORCEMENT,,,,,,,,,,,,,,,,,,,,,,,,,,,,,,,,,,,,,,,,,,,,,,,,,,,,,,,,,,,,,,,,,,,1,0.0,0.0,0.0,0.0,0.0,,n_rounds>=30,568,185,PERCENT_RANK_OVER_ORDER_BY_e_stake,HF9f,THIN_ROUNDS,,,Z 证据不足 · 不动作,197,1,A168_HF9F_20260827_0900,2026-08-27 09:00:00
152820184,2026-07-11,2026-07-11 23:54:51,40210,4,"124,59,1,2,3",1,5000.00,1000.00,5,1,TIGHTEN,0,0,v2026-08-11,,,,,,,,,,,,NULL_DENOM,,,,,AG03-UNRESOLVED,ALL5_LEVELS_bet23_to_bet27,,,,,,,,,,,,,,,,,,,,,PENDING_AG03,FALSE,NOT_FOR_ENFORCEMENT,,,,,,,,,,,,,,,,,,,,,,,,,,,,,,,,,,,,,,,,,,,,,,,,,,,,,,,,,,,,,,,,,,,2,0.0,0.0,0.0,0.0,0.0,,n_rounds>=30,568,185,PERCENT_RANK_OVER_ORDER_BY_e_stake,HF9f,THIN_ROUNDS,,,Z 证据不足 · 不动作,198,1,A168_HF9F_20260827_0900,2026-08-27 09:00:00
152856152,2026-07-11,2026-07-11 23:54:03,40210,4,"124,59,1,2,3",1,5000.00,1000.00,5,1,TIGHTEN,0,0,v2026-08-11,,,,,,,,,,,,NULL_DENOM,,,,,AG03-UNRESOLVED,ALL5_LEVELS_bet23_to_bet27,,,,,,,,,,,,,,,,,,,,,PENDING_AG03,FALSE,NOT_FOR_ENFORCEMENT,,,,,,,,,,,,,,,,,,,,,,,,,,,,,,,,,,,,,,,,,,,,,,,,,,,,,,,,,,,,,,,,,,,1,0.0,0.0,0.0,0.0,0.0,,n_rounds>=30,568,185,PERCENT_RANK_OVER_ORDER_BY_e_stake,HF9f,THIN_ROUNDS,,,Z 证据不足 · 不动作,199,1,A168_HF9F_20260827_0900,2026-08-27 09:00:00
152922568,2026-07-13,2026-07-13 19:37:45,40210,4,"124,59,1,2,3",1,5000.00,1000.00,5,1,TIGHTEN,0,0,v2026-08-11,,,,,,,,,,,,NULL_DENOM,,,,,AG03-UNRESOLVED,ALL5_LEVELS_bet23_to_bet27,,,,,,,,,,,,,,,,,,,,,PENDING_AG03,FALSE,NOT_FOR_ENFORCEMENT,,,,,,,,,,,,,,,,,,,,,,,,,,,,,,,,,,,,,,,,,,,,,,,,,,,,,,,,,,,,,,,,,,,1,0.0,0.0,0.0,0.0,0.0,,n_rounds>=30,568,185,PERCENT_RANK_OVER_ORDER_BY_e_stake,HF9f,THIN_ROUNDS,,,Z 证据不足 · 不动作,200,1,A168_HF9F_20260827_0900,2026-08-27 09:00:00
153000082,2026-07-16,2026-07-16 20:20:09,40210,4,"124,59,1,2,3",1,5000.00,1000.00,5,1,TIGHTEN,0,0,v2026-08-11,,,,,,,,,,,,NULL_DENOM,,,,,AG03-UNRESOLVED,ALL5_LEVELS_bet23_to_bet27,,,,,,,,,,,,,,,,,,,,,PENDING_AG03,FALSE,NOT_FOR_ENFORCEMENT,,,,,,,,,,,,,,,,,,,,,,,,,,,,,,,,,,,,,,,,,,,,,,,,,,,,,,,,,,,,,,,,,,,1,0.0,0.0,0.0,0.0,0.0,,n_rounds>=30,568,185,PERCENT_RANK_OVER_ORDER_BY_e_stake,HF9f,THIN_ROUNDS,,,Z 证据不足 · 不动作,201,1,A168_HF9F_20260827_0900,2026-08-27 09:00:00
153057984,2026-07-16,2026-07-16 20:20:53,40210,4,"124,59,1,2,3",1,5000.00,1000.00,5,1,TIGHTEN,0,0,v2026-08-11,,,,,,,,,,,,NULL_DENOM,,,,,AG03-UNRESOLVED,ALL5_LEVELS_bet23_to_bet27,,,,,,,,,,,,,,,,,,,,,PENDING_AG03,FALSE,NOT_FOR_ENFORCEMENT,,,,,,,,,,,,,,,,,,,,,,,,,,,,,,,,,,,,,,,,,,,,,,,,,,,,,,,,,,,,,,,,,,,2,0.0,0.0,0.0,0.0,0.0,,n_rounds>=30,568,185,PERCENT_RANK_OVER_ORDER_BY_e_stake,HF9f,THIN_ROUNDS,,,Z 证据不足 · 不动作,202,1,A168_HF9F_20260827_0900,2026-08-27 09:00:00
153061544,2026-07-16,2026-07-16 20:21:42,40210,4,"124,59,1,2,3",2,5000.00,3000.00,5,1,TIGHTEN,0,0,v2026-08-11,,,,,,,,,,,,NULL_DENOM,,,,,AG03-UNRESOLVED,ALL5_LEVELS_bet23_to_bet27,,,,,,,,,,,,,,,,,,,,,PENDING_AG03,FALSE,NOT_FOR_ENFORCEMENT,,,,,,,,,,,,,,,,,,,,,,,,,,,,,,,,,,,,,,,,,,,,,,,,,,,,,,,,,,,,,,,,,,,2,0.0,0.0,0.0,0.0,0.0,,n_rounds>=30,568,185,PERCENT_RANK_OVER_ORDER_BY_e_stake,HF9f,THIN_ROUNDS,,,Z 证据不足 · 不动作,203,1,A168_HF9F_20260827_0900,2026-08-27 09:00:00
153183854,2026-07-20,2026-07-20 04:19:13,40210,4,"124,59,1,2,3",1,5000.00,1000.00,5,1,TIGHTEN,0,0,v2026-08-11,,,,,,,,,,,,NULL_DENOM,,,,,AG03-UNRESOLVED,ALL5_LEVELS_bet23_to_bet27,,,,,,,,,,,,,,,,,,,,,PENDING_AG03,FALSE,NOT_FOR_ENFORCEMENT,,,,,,,,,,,,,,,,,,,,,,,,,,,,,,,,,,,,,,,,,,,,,,,,,,,,,,,,,,,,,,,,,,,2,0.0,0.0,0.0,0.0,0.0,,n_rounds>=30,568,185,PERCENT_RANK_OVER_ORDER_BY_e_stake,HF9f,THIN_ROUNDS,,,Z 证据不足 · 不动作,204,1,A168_HF9F_20260827_0900,2026-08-27 09:00:00
153189333,2026-07-20,2026-07-20 04:18:12,40210,4,"124,59,1,2,3",1,5000.00,1000.00,5,1,TIGHTEN,0,0,v2026-08-11,,,,,,,,,,,,NULL_DENOM,,,,,AG03-UNRESOLVED,ALL5_LEVELS_bet23_to_bet27,,,,,,,,,,,,,,,,,,,,,PENDING_AG03,FALSE,NOT_FOR_ENFORCEMENT,,,,,,,,,,,,,,,,,,,,,,,,,,,,,,,,,,,,,,,,,,,,,,,,,,,,,,,,,,,,,,,,,,,2,0.0,0.0,0.0,0.0,0.0,,n_rounds>=30,568,185,PERCENT_RANK_OVER_ORDER_BY_e_stake,HF9f,THIN_ROUNDS,,,Z 证据不足 · 不动作,205,1,A168_HF9F_20260827_0900,2026-08-27 09:00:00
153236846,2026-07-20,2026-07-20 14:37:43,55797,5,21,4,20000.00,10000.00,1,1,TIGHTEN,0,0,v2026-08-11,,,,,,,,,,,,NULL_DENOM,,,,,AG03-UNRESOLVED,ALL5_LEVELS_bet23_to_bet27,,,,,,,,,,,,,,,,,,,,,PENDING_AG03,FALSE,NOT_FOR_ENFORCEMENT,,,,,,,,,,,,,,,,,,,,,,,,,,,,,,,,,,,,,,,,,,,,,,,,,,,,,,,,,,,,,,,,,,,3,0.0,0.0,0.0,0.0,0.0,,n_rounds>=30,568,185,PERCENT_RANK_OVER_ORDER_BY_e_stake,HF9f,THIN_ROUNDS,,,Z 证据不足 · 不动作,206,1,A168_HF9F_20260827_0900,2026-08-27 09:00:00
153236856,2026-07-20,2026-07-20 14:36:49,55797,5,21,4,20000.00,10000.00,1,1,TIGHTEN,0,0,v2026-08-11,,,,,,,,,,,,NULL_DENOM,,,,,AG03-UNRESOLVED,ALL5_LEVELS_bet23_to_bet27,,,,,,,,,,,,,,,,,,,,,PENDING_AG03,FALSE,NOT_FOR_ENFORCEMENT,,,,,,,,,,,,,,,,,,,,,,,,,,,,,,,,,,,,,,,,,,,,,,,,,,,,,,,,,,,,,,,,,,,2,0.0,0.0,0.0,0.0,0.0,,n_rounds>=30,568,185,PERCENT_RANK_OVER_ORDER_BY_e_stake,HF9f,THIN_ROUNDS,,,Z 证据不足 · 不动作,207,1,A168_HF9F_20260827_0900,2026-08-27 09:00:00
153236860,2026-07-20,2026-07-20 14:36:29,55797,5,21,4,20000.00,10000.00,1,1,TIGHTEN,0,0,v2026-08-11,,,,,,,,,,,,NULL_DENOM,,,,,AG03-UNRESOLVED,ALL5_LEVELS_bet23_to_bet27,,,,,,,,,,,,,,,,,,,,,PENDING_AG03,FALSE,NOT_FOR_ENFORCEMENT,,,,,,,,,,,,,,,,,,,,,,,,,,,,,,,,,,,,,,,,,,,,,,,,,,,,,,,,,,,,,,,,,,,1,0.0,0.0,0.0,0.0,0.0,,n_rounds>=30,568,185,PERCENT_RANK_OVER_ORDER_BY_e_stake,HF9f,THIN_ROUNDS,,,Z 证据不足 · 不动作,208,1,A168_HF9F_20260827_0900,2026-08-27 09:00:00
153269585,2026-07-24,2026-07-24 11:57:32,40210,4,"124,59,1,2,3",1,5000.00,1000.00,5,1,TIGHTEN,0,0,v2026-08-11,,,,,,,,,,,,NULL_DENOM,,,,,AG03-UNRESOLVED,ALL5_LEVELS_bet23_to_bet27,,,,,,,,,,,,,,,,,,,,,PENDING_AG03,FALSE,NOT_FOR_ENFORCEMENT,,,,,,,,,,,,,,,,,,,,,,,,,,,,,,,,,,,,,,,,,,,,,,,,,,,,,,,,,,,,,,,,,,,3,0.0,0.0,0.0,0.0,0.0,,n_rounds>=30,568,185,PERCENT_RANK_OVER_ORDER_BY_e_stake,HF9f,THIN_ROUNDS,,,Z 证据不足 · 不动作,209,1,A168_HF9F_20260827_0900,2026-08-27 09:00:00
153287039,2026-07-29,2026-07-29 13:44:59,55844,5,"3,4,21",21,20000.00,20000.00,3,1,FLAT,0,0,v2026-08-11,,,,,,,,,,,,NULL_DENOM,,,,,AG03-UNRESOLVED,ALL5_LEVELS_bet23_to_bet27,,,,,,,,,,,,,,,,,,,,,PENDING_AG03,FALSE,NOT_FOR_ENFORCEMENT,,,,,,,,,,,,,,,,,,,,,,,,,,,,,,,,,,,,,,,,,,,,,,,,,,,,,,,,,,,,,,,,,,,3,0.0,0.0,0.0,0.0,0.0,,n_rounds>=30,568,185,PERCENT_RANK_OVER_ORDER_BY_e_stake,HF9f,THIN_ROUNDS,,,Z 证据不足 · 不动作,210,1,A168_HF9F_20260827_0900,2026-08-27 09:00:00
153291118,2026-07-24,2026-07-24 11:58:14,40210,4,"124,59,1,2,3",1,5000.00,1000.00,5,1,TIGHTEN,0,0,v2026-08-11,,,,,,,,,,,,NULL_DENOM,,,,,AG03-UNRESOLVED,ALL5_LEVELS_bet23_to_bet27,,,,,,,,,,,,,,,,,,,,,PENDING_AG03,FALSE,NOT_FOR_ENFORCEMENT,,,,,,,,,,,,,,,,,,,,,,,,,,,,,,,,,,,,,,,,,,,,,,,,,,,,,,,,,,,,,,,,,,,1,0.0,0.0,0.0,0.0,0.0,,n_rounds>=30,568,185,PERCENT_RANK_OVER_ORDER_BY_e_stake,HF9f,THIN_ROUNDS,,,Z 证据不足 · 不动作,211,1,A168_HF9F_20260827_0900,2026-08-27 09:00:00
153302113,2026-07-24,2026-07-24 12:00:42,40210,4,"124,59,1,2,3",1,5000.00,1000.00,5,1,TIGHTEN,0,0,v2026-08-11,,,,,,,,,,,,NULL_DENOM,,,,,AG03-UNRESOLVED,ALL5_LEVELS_bet23_to_bet27,,,,,,,,,,,,,,,,,,,,,PENDING_AG03,FALSE,NOT_FOR_ENFORCEMENT,,,,,,,,,,,,,,,,,,,,,,,,,,,,,,,,,,,,,,,,,,,,,,,,,,,,,,,,,,,,,,,,,,,1,0.0,0.0,0.0,0.0,0.0,,n_rounds>=30,568,185,PERCENT_RANK_OVER_ORDER_BY_e_stake,HF9f,THIN_ROUNDS,,,Z 证据不足 · 不动作,212,1,A168_HF9F_20260827_0900,2026-08-27 09:00:00
153507892,2026-07-27,2026-07-27 14:58:21,54378,4,21,4,20000.00,10000.00,1,1,TIGHTEN,0,0,v2026-08-11,,,,,,,,,,,,NULL_DENOM,,,,,AG03-UNRESOLVED,ALL5_LEVELS_bet23_to_bet27,,,,,,,,,,,,,,,,,,,,,PENDING_AG03,FALSE,NOT_FOR_ENFORCEMENT,,,,,,,,,,,,,,,,,,,,,,,,,,,,,,,,,,,,,,,,,,,,,,,,,,,,,,,,,,,,,,,,,,,2,0.0,0.0,0.0,0.0,0.0,,n_rounds>=30,568,185,PERCENT_RANK_OVER_ORDER_BY_e_stake,HF9f,THIN_ROUNDS,,,Z 证据不足 · 不动作,213,1,A168_HF9F_20260827_0900,2026-08-27 09:00:00
153507903,2026-07-27,2026-07-27 14:57:28,54378,4,21,4,20000.00,10000.00,1,1,TIGHTEN,0,0,v2026-08-11,,,,,,,,,,,,NULL_DENOM,,,,,AG03-UNRESOLVED,ALL5_LEVELS_bet23_to_bet27,,,,,,,,,,,,,,,,,,,,,PENDING_AG03,FALSE,NOT_FOR_ENFORCEMENT,,,,,,,,,,,,,,,,,,,,,,,,,,,,,,,,,,,,,,,,,,,,,,,,,,,,,,,,,,,,,,,,,,,2,0.0,0.0,0.0,0.0,0.0,,n_rounds>=30,568,185,PERCENT_RANK_OVER_ORDER_BY_e_stake,HF9f,THIN_ROUNDS,,,Z 证据不足 · 不动作,214,1,A168_HF9F_20260827_0900,2026-08-27 09:00:00
153508019,2026-07-27,2026-07-27 14:56:27,54378,4,21,4,20000.00,10000.00,1,1,TIGHTEN,0,0,v2026-08-11,,,,,,,,,,,,NULL_DENOM,,,,,AG03-UNRESOLVED,ALL5_LEVELS_bet23_to_bet27,,,,,,,,,,,,,,,,,,,,,PENDING_AG03,FALSE,NOT_FOR_ENFORCEMENT,,,,,,,,,,,,,,,,,,,,,,,,,,,,,,,,,,,,,,,,,,,,,,,,,,,,,,,,,,,,,,,,,,,2,0.0,0.0,0.0,0.0,0.0,,n_rounds>=30,568,185,PERCENT_RANK_OVER_ORDER_BY_e_stake,HF9f,THIN_ROUNDS,,,Z 证据不足 · 不动作,215,1,A168_HF9F_20260827_0900,2026-08-27 09:00:00
153517693,2026-07-29,2026-07-29 13:45:29,55844,5,"3,4,21",21,20000.00,20000.00,3,1,FLAT,0,0,v2026-08-11,,,,,,,,,,,,NULL_DENOM,,,,,AG03-UNRESOLVED,ALL5_LEVELS_bet23_to_bet27,,,,,,,,,,,,,,,,,,,,,PENDING_AG03,FALSE,NOT_FOR_ENFORCEMENT,,,,,,,,,,,,,,,,,,,,,,,,,,,,,,,,,,,,,,,,,,,,,,,,,,,,,,,,,,,,,,,,,,,1,0.0,0.0,0.0,0.0,0.0,,n_rounds>=30,568,185,PERCENT_RANK_OVER_ORDER_BY_e_stake,HF9f,THIN_ROUNDS,,,Z 证据不足 · 不动作,216,1,A168_HF9F_20260827_0900,2026-08-27 09:00:00
153519616,2026-07-29,2026-07-29 13:46:04,55844,5,"3,4,21",21,20000.00,20000.00,3,1,FLAT,0,0,v2026-08-11,,,,,,,,,,,,NULL_DENOM,,,,,AG03-UNRESOLVED,ALL5_LEVELS_bet23_to_bet27,,,,,,,,,,,,,,,,,,,,,PENDING_AG03,FALSE,NOT_FOR_ENFORCEMENT,,,,,,,,,,,,,,,,,,,,,,,,,,,,,,,,,,,,,,,,,,,,,,,,,,,,,,,,,,,,,,,,,,,1,0.0,0.0,0.0,0.0,0.0,,n_rounds>=30,568,185,PERCENT_RANK_OVER_ORDER_BY_e_stake,HF9f,THIN_ROUNDS,,,Z 证据不足 · 不动作,217,1,A168_HF9F_20260827_0900,2026-08-27 09:00:00
153693947,2026-08-01,2026-08-01 15:33:02,40210,4,"124,59,1,2,3",1,5000.00,1000.00,5,1,TIGHTEN,0,0,v2026-08-11,,,,,,,,,,,,NULL_DENOM,,,,,AG03-UNRESOLVED,ALL5_LEVELS_bet23_to_bet27,,,,,,,,,,,,,,,,,,,,,PENDING_AG03,FALSE,NOT_FOR_ENFORCEMENT,,,,,,,,,,,,,,,,,,,,,,,,,,,,,,,,,,,,,,,,,,,,,,,,,,,,,,,,,,,,,,,,,,,3,0.0,0.0,0.0,0.0,0.0,,n_rounds>=30,568,185,PERCENT_RANK_OVER_ORDER_BY_e_stake,HF9f,THIN_ROUNDS,,,Z 证据不足 · 不动作,218,1,A168_HF9F_20260827_0900,2026-08-27 09:00:00
153746431,2026-08-02,2026-08-02 16:15:07,54378,4,21,3,20000.00,5000.00,1,1,TIGHTEN,0,0,v2026-08-11,,,,,,,,,,,,NULL_DENOM,,,,,AG03-UNRESOLVED,ALL5_LEVELS_bet23_to_bet27,,,,,,,,,,,,,,,,,,,,,PENDING_AG03,FALSE,NOT_FOR_ENFORCEMENT,,,,,,,,,,,,,,,,,,,,,,,,,,,,,,,,,,,,,,,,,,,,,,,,,,,,,,,,,,,,,,,,,,,2,0.0,0.0,0.0,0.0,0.0,,n_rounds>=30,568,185,PERCENT_RANK_OVER_ORDER_BY_e_stake,HF9f,THIN_ROUNDS,,,Z 证据不足 · 不动作,219,1,A168_HF9F_20260827_0900,2026-08-27 09:00:00
153746790,2026-08-02,2026-08-02 16:14:07,54378,4,21,3,20000.00,5000.00,1,1,TIGHTEN,0,0,v2026-08-11,,,,,,,,,,,,NULL_DENOM,,,,,AG03-UNRESOLVED,ALL5_LEVELS_bet23_to_bet27,,,,,,,,,,,,,,,,,,,,,PENDING_AG03,FALSE,NOT_FOR_ENFORCEMENT,,,,,,,,,,,,,,,,,,,,,,,,,,,,,,,,,,,,,,,,,,,,,,,,,,,,,,,,,,,,,,,,,,,2,0.0,0.0,0.0,0.0,0.0,,n_rounds>=30,568,185,PERCENT_RANK_OVER_ORDER_BY_e_stake,HF9f,THIN_ROUNDS,,,Z 证据不足 · 不动作,220,1,A168_HF9F_20260827_0900,2026-08-27 09:00:00
153756080,2026-08-04,2026-08-04 13:28:31,54378,4,21,3,20000.00,5000.00,1,1,TIGHTEN,0,0,v2026-08-11,,,,,,,,,,,,NULL_DENOM,,,,,AG03-UNRESOLVED,ALL5_LEVELS_bet23_to_bet27,,,,,,,,,,,,,,,,,,,,,PENDING_AG03,FALSE,NOT_FOR_ENFORCEMENT,,,,,,,,,,,,,,,,,,,,,,,,,,,,,,,,,,,,,,,,,,,,,,,,,,,,,,,,,,,,,,,,,,,3,0.0,0.0,0.0,0.0,0.0,,n_rounds>=30,568,185,PERCENT_RANK_OVER_ORDER_BY_e_stake,HF9f,THIN_ROUNDS,,,Z 证据不足 · 不动作,221,1,A168_HF9F_20260827_0900,2026-08-27 09:00:00
153775990,2026-08-06,2026-08-06 17:46:09,55844,5,"3,4,21",4,20000.00,10000.00,3,1,TIGHTEN,0,0,v2026-08-11,,,,,,,,,,,,NULL_DENOM,,,,,AG03-UNRESOLVED,ALL5_LEVELS_bet23_to_bet27,,,,,,,,,,,,,,,,,,,,,PENDING_AG03,FALSE,NOT_FOR_ENFORCEMENT,,,,,,,,,,,,,,,,,,,,,,,,,,,,,,,,,,,,,,,,,,,,,,,,,,,,,,,,,,,,,,,,,,,1,0.0,0.0,0.0,0.0,0.0,,n_rounds>=30,568,185,PERCENT_RANK_OVER_ORDER_BY_e_stake,HF9f,THIN_ROUNDS,,,Z 证据不足 · 不动作,222,1,A168_HF9F_20260827_0900,2026-08-27 09:00:00
153776069,2026-08-06,2026-08-06 17:45:43,55844,5,"3,4,21",4,20000.00,10000.00,3,1,TIGHTEN,0,0,v2026-08-11,,,,,,,,,,,,NULL_DENOM,,,,,AG03-UNRESOLVED,ALL5_LEVELS_bet23_to_bet27,,,,,,,,,,,,,,,,,,,,,PENDING_AG03,FALSE,NOT_FOR_ENFORCEMENT,,,,,,,,,,,,,,,,,,,,,,,,,,,,,,,,,,,,,,,,,,,,,,,,,,,,,,,,,,,,,,,,,,,3,0.0,0.0,0.0,0.0,0.0,,n_rounds>=30,568,185,PERCENT_RANK_OVER_ORDER_BY_e_stake,HF9f,THIN_ROUNDS,,,Z 证据不足 · 不动作,223,1,A168_HF9F_20260827_0900,2026-08-27 09:00:00
153776199,2026-08-06,2026-08-06 17:44:59,55844,5,"3,4,21",4,20000.00,10000.00,3,1,TIGHTEN,0,0,v2026-08-11,,,,,,,,,,,,NULL_DENOM,,,,,AG03-UNRESOLVED,ALL5_LEVELS_bet23_to_bet27,,,,,,,,,,,,,,,,,,,,,PENDING_AG03,FALSE,NOT_FOR_ENFORCEMENT,,,,,,,,,,,,,,,,,,,,,,,,,,,,,,,,,,,,,,,,,,,,,,,,,,,,,,,,,,,,,,,,,,,2,0.0,0.0,0.0,0.0,0.0,,n_rounds>=30,568,185,PERCENT_RANK_OVER_ORDER_BY_e_stake,HF9f,THIN_ROUNDS,,,Z 证据不足 · 不动作,224,1,A168_HF9F_20260827_0900,2026-08-27 09:00:00
153780566,2026-08-03,2026-08-03 15:48:20,54378,4,21,4,20000.00,10000.00,1,1,TIGHTEN,0,0,v2026-08-11,,,,,,,,,,,,NULL_DENOM,,,,,AG03-UNRESOLVED,ALL5_LEVELS_bet23_to_bet27,,,,,,,,,,,,,,,,,,,,,PENDING_AG03,FALSE,NOT_FOR_ENFORCEMENT,,,,,,,,,,,,,,,,,,,,,,,,,,,,,,,,,,,,,,,,,,,,,,,,,,,,,,,,,,,,,,,,,,,2,0.0,0.0,0.0,0.0,0.0,,n_rounds>=30,568,185,PERCENT_RANK_OVER_ORDER_BY_e_stake,HF9f,THIN_ROUNDS,,,Z 证据不足 · 不动作,225,1,A168_HF9F_20260827_0900,2026-08-27 09:00:00
153780571,2026-08-03,2026-08-03 15:48:00,54378,4,21,4,20000.00,10000.00,1,1,TIGHTEN,0,0,v2026-08-11,,,,,,,,,,,,NULL_DENOM,,,,,AG03-UNRESOLVED,ALL5_LEVELS_bet23_to_bet27,,,,,,,,,,,,,,,,,,,,,PENDING_AG03,FALSE,NOT_FOR_ENFORCEMENT,,,,,,,,,,,,,,,,,,,,,,,,,,,,,,,,,,,,,,,,,,,,,,,,,,,,,,,,,,,,,,,,,,,1,0.0,0.0,0.0,0.0,0.0,,n_rounds>=30,568,185,PERCENT_RANK_OVER_ORDER_BY_e_stake,HF9f,THIN_ROUNDS,,,Z 证据不足 · 不动作,226,1,A168_HF9F_20260827_0900,2026-08-27 09:00:00
153780578,2026-08-03,2026-08-03 15:47:40,54378,4,21,4,20000.00,10000.00,1,1,TIGHTEN,0,0,v2026-08-11,,,,,,,,,,,,NULL_DENOM,,,,,AG03-UNRESOLVED,ALL5_LEVELS_bet23_to_bet27,,,,,,,,,,,,,,,,,,,,,PENDING_AG03,FALSE,NOT_FOR_ENFORCEMENT,,,,,,,,,,,,,,,,,,,,,,,,,,,,,,,,,,,,,,,,,,,,,,,,,,,,,,,,,,,,,,,,,,,1,0.0,0.0,0.0,0.0,0.0,,n_rounds>=30,568,185,PERCENT_RANK_OVER_ORDER_BY_e_stake,HF9f,THIN_ROUNDS,,,Z 证据不足 · 不动作,227,1,A168_HF9F_20260827_0900,2026-08-27 09:00:00
153780676,2026-08-03,2026-08-03 15:47:21,54378,4,21,4,20000.00,10000.00,1,1,TIGHTEN,0,0,v2026-08-11,,,,,,,,,,,,NULL_DENOM,,,,,AG03-UNRESOLVED,ALL5_LEVELS_bet23_to_bet27,,,,,,,,,,,,,,,,,,,,,PENDING_AG03,FALSE,NOT_FOR_ENFORCEMENT,,,,,,,,,,,,,,,,,,,,,,,,,,,,,,,,,,,,,,,,,,,,,,,,,,,,,,,,,,,,,,,,,,,1,0.0,0.0,0.0,0.0,0.0,,n_rounds>=30,568,185,PERCENT_RANK_OVER_ORDER_BY_e_stake,HF9f,THIN_ROUNDS,,,Z 证据不足 · 不动作,228,1,A168_HF9F_20260827_0900,2026-08-27 09:00:00
153780677,2026-08-03,2026-08-03 15:47:01,54378,4,21,4,20000.00,10000.00,1,1,TIGHTEN,0,0,v2026-08-11,,,,,,,,,,,,NULL_DENOM,,,,,AG03-UNRESOLVED,ALL5_LEVELS_bet23_to_bet27,,,,,,,,,,,,,,,,,,,,,PENDING_AG03,FALSE,NOT_FOR_ENFORCEMENT,,,,,,,,,,,,,,,,,,,,,,,,,,,,,,,,,,,,,,,,,,,,,,,,,,,,,,,,,,,,,,,,,,,1,0.0,0.0,0.0,0.0,0.0,,n_rounds>=30,568,185,PERCENT_RANK_OVER_ORDER_BY_e_stake,HF9f,THIN_ROUNDS,,,Z 证据不足 · 不动作,229,1,A168_HF9F_20260827_0900,2026-08-27 09:00:00
153780685,2026-08-03,2026-08-03 15:46:20,54378,4,21,4,20000.00,10000.00,1,1,TIGHTEN,0,0,v2026-08-11,,,,,,,,,,,,NULL_DENOM,,,,,AG03-UNRESOLVED,ALL5_LEVELS_bet23_to_bet27,,,,,,,,,,,,,,,,,,,,,PENDING_AG03,FALSE,NOT_FOR_ENFORCEMENT,,,,,,,,,,,,,,,,,,,,,,,,,,,,,,,,,,,,,,,,,,,,,,,,,,,,,,,,,,,,,,,,,,,1,0.0,0.0,0.0,0.0,0.0,,n_rounds>=30,568,185,PERCENT_RANK_OVER_ORDER_BY_e_stake,HF9f,THIN_ROUNDS,,,Z 证据不足 · 不动作,230,1,A168_HF9F_20260827_0900,2026-08-27 09:00:00
153780686,2026-08-03,2026-08-03 15:46:41,54378,4,21,4,20000.00,10000.00,1,1,TIGHTEN,0,0,v2026-08-11,,,,,,,,,,,,NULL_DENOM,,,,,AG03-UNRESOLVED,ALL5_LEVELS_bet23_to_bet27,,,,,,,,,,,,,,,,,,,,,PENDING_AG03,FALSE,NOT_FOR_ENFORCEMENT,,,,,,,,,,,,,,,,,,,,,,,,,,,,,,,,,,,,,,,,,,,,,,,,,,,,,,,,,,,,,,,,,,,1,0.0,0.0,0.0,0.0,0.0,,n_rounds>=30,568,185,PERCENT_RANK_OVER_ORDER_BY_e_stake,HF9f,THIN_ROUNDS,,,Z 证据不足 · 不动作,231,1,A168_HF9F_20260827_0900,2026-08-27 09:00:00
153804369,2026-08-04,2026-08-04 13:28:10,54378,4,21,3,20000.00,5000.00,1,1,TIGHTEN,0,0,v2026-08-11,,,,,,,,,,,,NULL_DENOM,,,,,AG03-UNRESOLVED,ALL5_LEVELS_bet23_to_bet27,,,,,,,,,,,,,,,,,,,,,PENDING_AG03,FALSE,NOT_FOR_ENFORCEMENT,,,,,,,,,,,,,,,,,,,,,,,,,,,,,,,,,,,,,,,,,,,,,,,,,,,,,,,,,,,,,,,,,,,3,0.0,0.0,0.0,0.0,0.0,,n_rounds>=30,568,185,PERCENT_RANK_OVER_ORDER_BY_e_stake,HF9f,THIN_ROUNDS,,,Z 证据不足 · 不动作,232,1,A168_HF9F_20260827_0900,2026-08-27 09:00:00
153804375,2026-08-04,2026-08-04 13:28:50,54378,4,21,3,20000.00,5000.00,1,1,TIGHTEN,0,0,v2026-08-11,,,,,,,,,,,,NULL_DENOM,,,,,AG03-UNRESOLVED,ALL5_LEVELS_bet23_to_bet27,,,,,,,,,,,,,,,,,,,,,PENDING_AG03,FALSE,NOT_FOR_ENFORCEMENT,,,,,,,,,,,,,,,,,,,,,,,,,,,,,,,,,,,,,,,,,,,,,,,,,,,,,,,,,,,,,,,,,,,2,0.0,0.0,0.0,0.0,0.0,,n_rounds>=30,568,185,PERCENT_RANK_OVER_ORDER_BY_e_stake,HF9f,THIN_ROUNDS,,,Z 证据不足 · 不动作,233,1,A168_HF9F_20260827_0900,2026-08-27 09:00:00
153817872,2026-08-04,2026-08-04 19:20:40,54378,4,21,4,20000.00,10000.00,1,1,TIGHTEN,0,0,v2026-08-11,,,,,,,,,,,,NULL_DENOM,,,,,AG03-UNRESOLVED,ALL5_LEVELS_bet23_to_bet27,,,,,,,,,,,,,,,,,,,,,PENDING_AG03,FALSE,NOT_FOR_ENFORCEMENT,,,,,,,,,,,,,,,,,,,,,,,,,,,,,,,,,,,,,,,,,,,,,,,,,,,,,,,,,,,,,,,,,,,1,0.0,0.0,0.0,0.0,0.0,,n_rounds>=30,568,185,PERCENT_RANK_OVER_ORDER_BY_e_stake,HF9f,THIN_ROUNDS,,,Z 证据不足 · 不动作,234,1,A168_HF9F_20260827_0900,2026-08-27 09:00:00
153817914,2026-08-04,2026-08-04 19:24:02,54378,4,21,4,20000.00,10000.00,1,1,TIGHTEN,0,0,v2026-08-11,,,,,,,,,,,,NULL_DENOM,,,,,AG03-UNRESOLVED,ALL5_LEVELS_bet23_to_bet27,,,,,,,,,,,,,,,,,,,,,PENDING_AG03,FALSE,NOT_FOR_ENFORCEMENT,,,,,,,,,,,,,,,,,,,,,,,,,,,,,,,,,,,,,,,,,,,,,,,,,,,,,,,,,,,,,,,,,,,2,0.0,0.0,0.0,0.0,0.0,,n_rounds>=30,568,185,PERCENT_RANK_OVER_ORDER_BY_e_stake,HF9f,THIN_ROUNDS,,,Z 证据不足 · 不动作,235,1,A168_HF9F_20260827_0900,2026-08-27 09:00:00
153817931,2026-08-04,2026-08-04 19:23:42,54378,4,21,4,20000.00,10000.00,1,1,TIGHTEN,0,0,v2026-08-11,,,,,,,,,,,,NULL_DENOM,,,,,AG03-UNRESOLVED,ALL5_LEVELS_bet23_to_bet27,,,,,,,,,,,,,,,,,,,,,PENDING_AG03,FALSE,NOT_FOR_ENFORCEMENT,,,,,,,,,,,,,,,,,,,,,,,,,,,,,,,,,,,,,,,,,,,,,,,,,,,,,,,,,,,,,,,,,,,1,0.0,0.0,0.0,0.0,0.0,,n_rounds>=30,568,185,PERCENT_RANK_OVER_ORDER_BY_e_stake,HF9f,THIN_ROUNDS,,,Z 证据不足 · 不动作,236,1,A168_HF9F_20260827_0900,2026-08-27 09:00:00
153835162,2026-08-04,2026-08-04 23:51:47,6549,4,"1,192,3,4,21","1,3,4,21",100000.00,20000.00,5,4,TIGHTEN,0,0,v2026-08-11,,,,,,,,,,,,NULL_DENOM,,,,,AG03-UNRESOLVED,ALL5_LEVELS_bet23_to_bet27,,,,,,,,,,,,,,,,,,,,,PENDING_AG03,FALSE,NOT_FOR_ENFORCEMENT,,,,,,,,,,,,,,,,,,,,,,,,,,,,,,,,,,,,,,,,,,,,,,,,,,,,,,,,,,,,,,,,,,,2,0.0,0.0,0.0,0.0,0.0,,n_rounds>=30,568,185,PERCENT_RANK_OVER_ORDER_BY_e_stake,HF9f,THIN_ROUNDS,,,Z 证据不足 · 不动作,237,1,A168_HF9F_20260827_0900,2026-08-27 09:00:00
153853115,2026-08-06,2026-08-06 17:07:19,55844,5,"3,4,21",4,20000.00,10000.00,3,1,TIGHTEN,0,0,v2026-08-11,,,,,,,,,,,,NULL_DENOM,,,,,AG03-UNRESOLVED,ALL5_LEVELS_bet23_to_bet27,,,,,,,,,,,,,,,,,,,,,PENDING_AG03,FALSE,NOT_FOR_ENFORCEMENT,,,,,,,,,,,,,,,,,,,,,,,,,,,,,,,,,,,,,,,,,,,,,,,,,,,,,,,,,,,,,,,,,,,1,0.0,0.0,0.0,0.0,0.0,,n_rounds>=30,568,185,PERCENT_RANK_OVER_ORDER_BY_e_stake,HF9f,THIN_ROUNDS,,,Z 证据不足 · 不动作,238,1,A168_HF9F_20260827_0900,2026-08-27 09:00:00
153853231,2026-08-06,2026-08-06 17:08:08,55844,5,"3,4,21",4,20000.00,10000.00,3,1,TIGHTEN,0,0,v2026-08-11,,,,,,,,,,,,NULL_DENOM,,,,,AG03-UNRESOLVED,ALL5_LEVELS_bet23_to_bet27,,,,,,,,,,,,,,,,,,,,,PENDING_AG03,FALSE,NOT_FOR_ENFORCEMENT,,,,,,,,,,,,,,,,,,,,,,,,,,,,,,,,,,,,,,,,,,,,,,,,,,,,,,,,,,,,,,,,,,,2,0.0,0.0,0.0,0.0,0.0,,n_rounds>=30,568,185,PERCENT_RANK_OVER_ORDER_BY_e_stake,HF9f,THIN_ROUNDS,,,Z 证据不足 · 不动作,239,1,A168_HF9F_20260827_0900,2026-08-27 09:00:00
16715482,2026-06-07,2026-06-07 22:19:15,186,0,"59,1,2,3,266,4,21,22,265,31,262,60,267,37","1,4",500000.00,10000.00,14,2,TIGHTEN,0,0,v2026-08-11,,,,,,,,,,,,NULL_DENOM,,,,,AG03-UNRESOLVED,ALL5_LEVELS_bet23_to_bet27,,,,,,,,,,,,,,,,,,,,,PENDING_AG03,FALSE,NOT_FOR_ENFORCEMENT,,,,,,,,,,,,,,,,,,,,,,,,,,,,,,,,,,,,,,,,,,,,,,,,,,,,,,,,,,,,,,,,,,,1,0.0,0.0,0.0,0.0,0.0,,n_rounds>=30,568,185,PERCENT_RANK_OVER_ORDER_BY_e_stake,HF9f,THIN_ROUNDS,,,Z 证据不足 · 不动作,240,1,A168_HF9F_20260827_0900,2026-08-27 09:00:00
27840636,2026-06-11,2026-06-11 16:47:49,30958,2,"1,2,3,4,21,22","22,30,31",30000.00,100000.00,6,3,RELEASE,0,0,v2026-08-11,,,,,,,,,,,,NULL_DENOM,,,,,AG03-UNRESOLVED,ALL5_LEVELS_bet23_to_bet27,,,,,,,,,,,,,,,,,,,,,PENDING_AG03,FALSE,NOT_FOR_ENFORCEMENT,,,,,,,,,,,,,,,,,,,,,,,,,,,,,,,,,,,,,,,,,,,,,,,,,,,,,,,,,,,,,,,,,,,3,0.0,0.0,0.0,0.0,0.0,,n_rounds>=30,568,185,PERCENT_RANK_OVER_ORDER_BY_e_stake,HF9f,THIN_ROUNDS,,,Z 证据不足 · 不动作,241,1,A168_HF9F_20260827_0900,2026-08-27 09:00:00
30817191,2026-06-10,2026-06-10 19:16:34,29041,5,"4,21,22",4,30000.00,10000.00,3,1,TIGHTEN,0,0,v2026-08-11,,,,,,,,,,,,NULL_DENOM,,,,,AG03-UNRESOLVED,ALL5_LEVELS_bet23_to_bet27,,,,,,,,,,,,,,,,,,,,,PENDING_AG03,FALSE,NOT_FOR_ENFORCEMENT,,,,,,,,,,,,,,,,,,,,,,,,,,,,,,,,,,,,,,,,,,,,,,,,,,,,,,,,,,,,,,,,,,,1,0.0,0.0,0.0,0.0,0.0,,n_rounds>=30,568,185,PERCENT_RANK_OVER_ORDER_BY_e_stake,HF9f,THIN_ROUNDS,,,Z 证据不足 · 不动作,242,1,A168_HF9F_20260827_0900,2026-08-27 09:00:00
34079818,2026-07-20,2026-07-20 00:40:58,186,0,1,"1,4",1000.00,10000.00,1,2,RELEASE,0,0,v2026-08-11,,,,,,,,,,,,NULL_DENOM,,,,,AG03-UNRESOLVED,ALL5_LEVELS_bet23_to_bet27,,,,,,,,,,,,,,,,,,,,,PENDING_AG03,FALSE,NOT_FOR_ENFORCEMENT,,,,,,,,,,,,,,,,,,,,,,,,,,,,,,,,,,,,,,,,,,,,,,,,,,,,,,,,,,,,,,,,,,,1,0.0,0.0,0.0,0.0,0.0,,n_rounds>=30,568,185,PERCENT_RANK_OVER_ORDER_BY_e_stake,HF9f,THIN_ROUNDS,,,Z 证据不足 · 不动作,243,1,A168_HF9F_20260827_0900,2026-08-27 09:00:00
36913948,2026-04-06,2026-04-06 12:47:06,35104,3,"124,59,1","124,59,1,2",1000.00,3000.00,3,4,RELEASE,0,0,v2026-08-11,,,,,,,,,,,,NULL_DENOM,,,,,AG03-UNRESOLVED,ALL5_LEVELS_bet23_to_bet27,,,,,,,,,,,,,,,,,,,,,PENDING_AG03,FALSE,NOT_FOR_ENFORCEMENT,,,,,,,,,,,,,,,,,,,,,,,,,,,,,,,,,,,,,,,,,,,,,,,,,,,,,,,,,,,,,,,,,,,2,0.0,0.0,0.0,0.0,0.0,,n_rounds>=30,568,185,PERCENT_RANK_OVER_ORDER_BY_e_stake,HF9f,THIN_ROUNDS,,,Z 证据不足 · 不动作,244,1,A168_HF9F_20260827_0900,2026-08-27 09:00:00
38585007,2026-05-08,2026-05-08 21:23:20,186,0,"124,484,1,200,51,350,2,3,4,30","124,1,2,3,4",50000.00,10000.00,10,5,TIGHTEN,0,0,v2026-08-11,,,,,,,,,,,,NULL_DENOM,,,,,AG03-UNRESOLVED,ALL5_LEVELS_bet23_to_bet27,,,,,,,,,,,,,,,,,,,,,PENDING_AG03,FALSE,NOT_FOR_ENFORCEMENT,,,,,,,,,,,,,,,,,,,,,,,,,,,,,,,,,,,,,,,,,,,,,,,,,,,,,,,,,,,,,,,,,,,1,0.0,0.0,0.0,0.0,0.0,,n_rounds>=30,568,185,PERCENT_RANK_OVER_ORDER_BY_e_stake,HF9f,THIN_ROUNDS,,,Z 证据不足 · 不动作,245,1,A168_HF9F_20260827_0900,2026-08-27 09:00:00
39225940,2026-04-22,2026-04-22 00:09:12,35104,3,"124,59,1","124,59,1,2",1000.00,3000.00,3,4,RELEASE,0,0,v2026-08-11,,,,,,,,,,,,NULL_DENOM,,,,,AG03-UNRESOLVED,ALL5_LEVELS_bet23_to_bet27,,,,,,,,,,,,,,,,,,,,,PENDING_AG03,FALSE,NOT_FOR_ENFORCEMENT,,,,,,,,,,,,,,,,,,,,,,,,,,,,,,,,,,,,,,,,,,,,,,,,,,,,,,,,,,,,,,,,,,,2,0.0,0.0,0.0,0.0,0.0,,n_rounds>=30,568,185,PERCENT_RANK_OVER_ORDER_BY_e_stake,HF9f,THIN_ROUNDS,,,Z 证据不足 · 不动作,246,1,A168_HF9F_20260827_0900,2026-08-27 09:00:00
3988411,2026-05-08,2026-05-08 21:28:29,186,0,"59,1,2,3,266,4,21,22,265,31,262,60,267,37","59,1,2,3,266,4,21",500000.00,20000.00,14,7,TIGHTEN,0,0,v2026-08-11,,,,,,,,,,,,NULL_DENOM,,,,,AG03-UNRESOLVED,ALL5_LEVELS_bet23_to_bet27,,,,,,,,,,,,,,,,,,,,,PENDING_AG03,FALSE,NOT_FOR_ENFORCEMENT,,,,,,,,,,,,,,,,,,,,,,,,,,,,,,,,,,,,,,,,,,,,,,,,,,,,,,,,,,,,,,,,,,,3,0.0,0.0,0.0,0.0,0.0,,n_rounds>=30,568,185,PERCENT_RANK_OVER_ORDER_BY_e_stake,HF9f,THIN_ROUNDS,,,Z 证据不足 · 不动作,247,1,A168_HF9F_20260827_0900,2026-08-27 09:00:00
45860313,2026-04-29,2026-04-29 23:40:22,186,0,"124,484,1,200,51,350,2,3,4,30","124,1,200,2,3,4,30",50000.00,50000.00,10,7,FLAT,0,0,v2026-08-11,,,,,,,,,,,,NULL_DENOM,,,,,AG03-UNRESOLVED,ALL5_LEVELS_bet23_to_bet27,,,,,,,,,,,,,,,,,,,,,PENDING_AG03,FALSE,NOT_FOR_ENFORCEMENT,,,,,,,,,,,,,,,,,,,,,,,,,,,,,,,,,,,,,,,,,,,,,,,,,,,,,,,,,,,,,,,,,,,2,0.0,0.0,0.0,0.0,0.0,,n_rounds>=30,568,185,PERCENT_RANK_OVER_ORDER_BY_e_stake,HF9f,THIN_ROUNDS,,,Z 证据不足 · 不动作,248,1,A168_HF9F_20260827_0900,2026-08-27 09:00:00
51576110,2026-05-28,2026-05-28 07:49:33,40210,4,"124,59,1,2",2,3000.00,3000.00,4,1,FLAT,0,0,v2026-08-11,,,,,,,,,,,,NULL_DENOM,,,,,AG03-UNRESOLVED,ALL5_LEVELS_bet23_to_bet27,,,,,,,,,,,,,,,,,,,,,PENDING_AG03,FALSE,NOT_FOR_ENFORCEMENT,,,,,,,,,,,,,,,,,,,,,,,,,,,,,,,,,,,,,,,,,,,,,,,,,,,,,,,,,,,,,,,,,,,2,0.0,0.0,0.0,0.0,0.0,,n_rounds>=30,568,185,PERCENT_RANK_OVER_ORDER_BY_e_stake,HF9f,THIN_ROUNDS,,,Z 证据不足 · 不动作,249,1,A168_HF9F_20260827_0900,2026-08-27 09:00:00
51576132,2026-05-28,2026-05-28 07:50:39,40210,4,"124,59,1,2",2,3000.00,3000.00,4,1,FLAT,0,0,v2026-08-11,,,,,,,,,,,,NULL_DENOM,,,,,AG03-UNRESOLVED,ALL5_LEVELS_bet23_to_bet27,,,,,,,,,,,,,,,,,,,,,PENDING_AG03,FALSE,NOT_FOR_ENFORCEMENT,,,,,,,,,,,,,,,,,,,,,,,,,,,,,,,,,,,,,,,,,,,,,,,,,,,,,,,,,,,,,,,,,,,2,0.0,0.0,0.0,0.0,0.0,,n_rounds>=30,568,185,PERCENT_RANK_OVER_ORDER_BY_e_stake,HF9f,THIN_ROUNDS,,,Z 证据不足 · 不动作,250,1,A168_HF9F_20260827_0900,2026-08-27 09:00:00
51576260,2026-05-28,2026-05-28 07:53:25,40210,4,"124,59,1,2",2,3000.00,3000.00,4,1,FLAT,0,0,v2026-08-11,,,,,,,,,,,,NULL_DENOM,,,,,AG03-UNRESOLVED,ALL5_LEVELS_bet23_to_bet27,,,,,,,,,,,,,,,,,,,,,PENDING_AG03,FALSE,NOT_FOR_ENFORCEMENT,,,,,,,,,,,,,,,,,,,,,,,,,,,,,,,,,,,,,,,,,,,,,,,,,,,,,,,,,,,,,,,,,,,1,0.0,0.0,0.0,0.0,0.0,,n_rounds>=30,568,185,PERCENT_RANK_OVER_ORDER_BY_e_stake,HF9f,THIN_ROUNDS,,,Z 证据不足 · 不动作,251,1,A168_HF9F_20260827_0900,2026-08-27 09:00:00
51576310,2026-05-28,2026-05-28 07:57:21,40210,4,"124,59,1,2",2,3000.00,3000.00,4,1,FLAT,0,0,v2026-08-11,,,,,,,,,,,,NULL_DENOM,,,,,AG03-UNRESOLVED,ALL5_LEVELS_bet23_to_bet27,,,,,,,,,,,,,,,,,,,,,PENDING_AG03,FALSE,NOT_FOR_ENFORCEMENT,,,,,,,,,,,,,,,,,,,,,,,,,,,,,,,,,,,,,,,,,,,,,,,,,,,,,,,,,,,,,,,,,,,2,0.0,0.0,0.0,0.0,0.0,,n_rounds>=30,568,185,PERCENT_RANK_OVER_ORDER_BY_e_stake,HF9f,THIN_ROUNDS,,,Z 证据不足 · 不动作,252,1,A168_HF9F_20260827_0900,2026-08-27 09:00:00
51576330,2026-05-28,2026-05-28 07:58:28,40210,4,"124,59,1,2",2,3000.00,3000.00,4,1,FLAT,0,0,v2026-08-11,,,,,,,,,,,,NULL_DENOM,,,,,AG03-UNRESOLVED,ALL5_LEVELS_bet23_to_bet27,,,,,,,,,,,,,,,,,,,,,PENDING_AG03,FALSE,NOT_FOR_ENFORCEMENT,,,,,,,,,,,,,,,,,,,,,,,,,,,,,,,,,,,,,,,,,,,,,,,,,,,,,,,,,,,,,,,,,,,1,0.0,0.0,0.0,0.0,0.0,,n_rounds>=30,568,185,PERCENT_RANK_OVER_ORDER_BY_e_stake,HF9f,THIN_ROUNDS,,,Z 证据不足 · 不动作,253,1,A168_HF9F_20260827_0900,2026-08-27 09:00:00
51576500,2026-05-28,2026-05-28 07:59:27,40210,4,"124,59,1,2",2,3000.00,3000.00,4,1,FLAT,0,0,v2026-08-11,,,,,,,,,,,,NULL_DENOM,,,,,AG03-UNRESOLVED,ALL5_LEVELS_bet23_to_bet27,,,,,,,,,,,,,,,,,,,,,PENDING_AG03,FALSE,NOT_FOR_ENFORCEMENT,,,,,,,,,,,,,,,,,,,,,,,,,,,,,,,,,,,,,,,,,,,,,,,,,,,,,,,,,,,,,,,,,,,2,0.0,0.0,0.0,0.0,0.0,,n_rounds>=30,568,185,PERCENT_RANK_OVER_ORDER_BY_e_stake,HF9f,THIN_ROUNDS,,,Z 证据不足 · 不动作,254,1,A168_HF9F_20260827_0900,2026-08-27 09:00:00
51576532,2026-05-28,2026-05-28 08:00:30,40210,4,"124,59,1,2",2,3000.00,3000.00,4,1,FLAT,0,0,v2026-08-11,,,,,,,,,,,,NULL_DENOM,,,,,AG03-UNRESOLVED,ALL5_LEVELS_bet23_to_bet27,,,,,,,,,,,,,,,,,,,,,PENDING_AG03,FALSE,NOT_FOR_ENFORCEMENT,,,,,,,,,,,,,,,,,,,,,,,,,,,,,,,,,,,,,,,,,,,,,,,,,,,,,,,,,,,,,,,,,,,2,0.0,0.0,0.0,0.0,0.0,,n_rounds>=30,568,185,PERCENT_RANK_OVER_ORDER_BY_e_stake,HF9f,THIN_ROUNDS,,,Z 证据不足 · 不动作,255,1,A168_HF9F_20260827_0900,2026-08-27 09:00:00
51576541,2026-05-28,2026-05-28 08:02:07,40210,4,"124,59,1,2",2,3000.00,3000.00,4,1,FLAT,0,0,v2026-08-11,,,,,,,,,,,,NULL_DENOM,,,,,AG03-UNRESOLVED,ALL5_LEVELS_bet23_to_bet27,,,,,,,,,,,,,,,,,,,,,PENDING_AG03,FALSE,NOT_FOR_ENFORCEMENT,,,,,,,,,,,,,,,,,,,,,,,,,,,,,,,,,,,,,,,,,,,,,,,,,,,,,,,,,,,,,,,,,,,1,0.0,0.0,0.0,0.0,0.0,,n_rounds>=30,568,185,PERCENT_RANK_OVER_ORDER_BY_e_stake,HF9f,THIN_ROUNDS,,,Z 证据不足 · 不动作,256,1,A168_HF9F_20260827_0900,2026-08-27 09:00:00
53044559,2026-06-06,2026-06-06 23:05:32,234,0,"1,2,3,4,21,22,30",3,50000.00,5000.00,7,1,TIGHTEN,0,0,v2026-08-11,,,,,,,,,,,,NULL_DENOM,,,,,AG03-UNRESOLVED,ALL5_LEVELS_bet23_to_bet27,,,,,,,,,,,,,,,,,,,,,PENDING_AG03,FALSE,NOT_FOR_ENFORCEMENT,,,,,,,,,,,,,,,,,,,,,,,,,,,,,,,,,,,,,,,,,,,,,,,,,,,,,,,,,,,,,,,,,,,2,0.0,0.0,0.0,0.0,0.0,,n_rounds>=30,568,185,PERCENT_RANK_OVER_ORDER_BY_e_stake,HF9f,THIN_ROUNDS,,,Z 证据不足 · 不动作,257,1,A168_HF9F_20260827_0900,2026-08-27 09:00:00
54208306,2026-06-06,2026-06-06 23:03:38,234,0,"1,2,3,4,21,22,30",3,50000.00,5000.00,7,1,TIGHTEN,0,0,v2026-08-11,,,,,,,,,,,,NULL_DENOM,,,,,AG03-UNRESOLVED,ALL5_LEVELS_bet23_to_bet27,,,,,,,,,,,,,,,,,,,,,PENDING_AG03,FALSE,NOT_FOR_ENFORCEMENT,,,,,,,,,,,,,,,,,,,,,,,,,,,,,,,,,,,,,,,,,,,,,,,,,,,,,,,,,,,,,,,,,,,2,0.0,0.0,0.0,0.0,0.0,,n_rounds>=30,568,185,PERCENT_RANK_OVER_ORDER_BY_e_stake,HF9f,THIN_ROUNDS,,,Z 证据不足 · 不动作,258,1,A168_HF9F_20260827_0900,2026-08-27 09:00:00
51576515,2026-05-28,2026-05-28 07:40:08,40210,4,"124,59,1,2",2,3000.00,3000.00,4,1,FLAT,0,1,v2026-08-11,44310393.3643,40071398.1157,-845962.2664,4841,4841,0.01909173,-0.09240317,0.02608662,0.01909173,845962.2664,44310393.3643,OK,0.0000,-33838.4907,4.0000,96.0000,AG03-UNRESOLVED,ALL5_LEVELS_bet23_to_bet27,-33838.4907,-33838.4907,-33838.4907,-33838.4907,-33838.4907,4.000000,4.000000,4.000000,4.000000,4.000000,96.000000,96.000000,96.000000,96.000000,96.000000,5.0,-169192.4533,-156187.7312,-676769.8131,-689774.5352,PENDING_AG03,FALSE,NOT_FOR_ENFORCEMENT,-812123.7758,38468542.1911,-845962.2664,-812123.7758,-33838.4907,-0.01909173,-0.01832807,-33838.4907,-812123.7758,-0.01832807,-33838.4907,-33838.4907,-33838.4907,-33838.4907,-33838.4907,-812123.7758,-0.01832807,-169192.4533,-156187.7312,-676769.8131,-689774.5352,-0.01527339,-0.01556688,-0.00076367,9153.1488,8277.5043,-174.7495,-12817.6101,-864.1085,671369.5964,73.3485,9724.1778,9119.5515,3396.739,6765.8999,13531.7998,20297.6992,20519.8359,20689.6543,6765.8999,0.0,3.032832,3.057931,1.352835,29,175,51,2,0.05903364,-0.01909173,0.09240317,0E-8,0.000000,0.904334,0.000207,-0.11848979,2026-03-30,2026-08-05,66,979,614,129,0.511628,1.066300,1.062386,0.196779,5,0.455026455026455,0.8835978835978836,0.8835978835978836,1.0,1.0,1.0,n_rounds>=30,568,185,PERCENT_RANK_OVER_ORDER_BY_e_stake,HF9f,OK,L4_CI_3P0,0.0267616,E 常规,259,1,A168_HF9F_20260827_0900,2026-08-27 09:00:00
133654305,2026-04-12,2026-04-12 19:34:54,240,0,"200,3,4,30",1,50000.00,1000.00,4,1,TIGHTEN,0,1,v2026-08-11,16415245.0000,14793240.0000,-600082.0000,6208,6208,0.03655638,-0.01660522,0.03999944,0.03655638,600082.0000,16415245.0000,OK,0.0000,-24003.2800,4.0000,96.0000,AG03-UNRESOLVED,ALL5_LEVELS_bet23_to_bet27,-24003.2800,-24003.2800,-27003.6900,-27003.6900,-27003.6900,4.000000,4.000000,4.500000,4.500000,4.500000,96.000000,96.000000,95.500000,95.500000,95.500000,5.0,-129017.6300,-118396.9352,-471064.3700,-481685.0648,PENDING_AG03,FALSE,NOT_FOR_ENFORCEMENT,-576078.7200,14201510.4000,-600082.0000,-576078.7200,-24003.2800,-0.03655638,-0.03509413,-24003.2800,-576078.7200,-0.03509413,-24003.2800,-24003.2800,-27003.6900,-27003.6900,-27003.6900,-576078.7200,-0.03509413,-129017.6300,-118396.9352,-471064.3700,-481685.0648,-0.02869676,-0.02934376,-0.00146226,2644.2083,2382.9317,-96.6627,-6316.6526,-330.9884,172792.0526,65.3474,853.4026,3060.0961,500.0,1000.0,3000.0,10000.0,12000.0,15000.0,1000.0,0.0,12.0,15.0,2.644208,30,202,91,1,0.06082645,-0.03655638,0.01660522,0E-8,0.000000,0.901189,0.000000,-0.05660467,2026-03-22,2026-08-04,95,1813,1170,136,0.698529,0.278881,0.322744,0.202755,5,0.4567901234567901,0.908289241622575,0.908289241622575,0.9858906525573192,0.9858906525573192,0.9565217391304348,n_rounds>=30,568,185,PERCENT_RANK_OVER_ORDER_BY_e_stake,HF9f,OK,L4_CI_3P0,0.02363218,E 常规,260,1,A168_HF9F_20260827_0900,2026-08-27 09:00:00
147961484,2026-04-06,2026-04-06 13:19:37,52928,2,3,4,5000.00,10000.00,1,1,RELEASE,0,1,v2026-08-11,11512370.5794,10612805.3445,-355703.1133,1621,1614,0.03089747,0.10531516,0.01589794,0.02352258,355703.1133,11512370.5794,OK,84902.4428,-21342.1868,6.0000,94.0000,AG03-UNRESOLVED,ALL5_LEVELS_bet23_to_bet27,-21342.1868,-35570.3113,0.0000,0.0000,0.0000,6.000000,10.000000,0.000000,0.000000,0.000000,94.000000,90.000000,100.000000,100.000000,100.000000,2.0,-56912.4981,-54778.2794,-383693.0579,-385827.2766,PENDING_AG03,FALSE,NOT_FOR_ENFORCEMENT,-334360.9265,9976037.0238,-440605.5561,-419263.3693,-106244.6296,-0.03827236,-0.03641851,-21342.1868,-419263.3693,-0.03641851,-21342.1868,-35570.3113,0.0000,0.0000,0.0000,-419263.3693,-0.03641851,-56912.4981,-54778.2794,-383693.0579,-385827.2766,-0.03332876,-0.03351415,-0.00922874,7102.0176,6575.4680,-220.3861,-6351.8413,-474.2708,205578.0461,28.8214,3124.8750,9552.5402,881.2125,6654.4668,8812.125,17027.0723,17027.0723,17041.582,4256.7681,0.0,2.558743,2.560924,1.067256,29,160,68,3,0.16774762,-0.03089747,-0.10531516,0.00800000,0.800000,0.921861,0.016040,0.08941722,2026-03-30,2026-08-06,56,750,534,130,0.430769,0.327125,0.439998,0.559159,5,0.4585537918871252,0.892416225749559,0.892416225749559,0.9788359788359788,0.9788359788359788,0.9347826086956522,n_rounds>=30,568,185,PERCENT_RANK_OVER_ORDER_BY_e_stake,HF9f,OK,L5_INSUFFICIENT,0.04634767,E 常规,261,1,A168_HF9F_20260827_0900,2026-08-27 09:00:00
147959427,2026-04-06,2026-04-06 13:20:49,52928,2,3,4,5000.00,10000.00,1,1,RELEASE,0,1,v2026-08-11,6211271.8104,5882411.1030,-185038.3819,626,625,0.02979074,0.26078169,-0.00259936,0.02221431,185038.3819,6211271.8104,OK,47059.2888,-11102.3029,6.0000,94.0000,AG03-UNRESOLVED,ALL5_LEVELS_bet23_to_bet27,-11102.3029,-18503.8382,0.0000,0.0000,0.0000,6.000000,10.000000,0.000000,0.000000,0.000000,94.000000,90.000000,100.000000,100.000000,100.000000,2.0,-29606.1411,-28495.9108,-202491.5297,-203601.7599,PENDING_AG03,FALSE,NOT_FOR_ENFORCEMENT,-173936.0790,5529466.4369,-232097.6708,-220995.3678,-58161.5917,-0.03736717,-0.03557973,-11102.3029,-220995.3678,-0.03557973,-11102.3029,-18503.8382,0.0000,0.0000,0.0000,-220995.3678,-0.03557973,-29606.1411,-28495.9108,-202491.5297,-203601.7599,-0.03260066,-0.0327794,-0.00936388,9922.1594,9411.8578,-296.0614,-6853.2734,-801.0320,230047.1041,23.1481,2728.0370,15743.9927,330.6878,16636.168,17027.0723,17041.582,17041.582,17041.582,16636.168,0.0,1.024369,1.024369,0.596421,29,106,41,3,0.12297809,-0.02979074,-0.26078169,0.00800000,0.800000,0.947054,0.000000,0.26338105,2026-04-14,2026-08-06,27,231,178,115,0.234783,0.173275,0.274944,0.409927,5,0.4603174603174603,0.890652557319224,0.890652557319224,0.9611992945326279,0.9611992945326279,0.8804347826086957,n_rounds>=30,568,185,PERCENT_RANK_OVER_ORDER_BY_e_stake,HF9f,OK,L5_INSUFFICIENT,0.07448,E 常规,262,1,A168_HF9F_20260827_0900,2026-08-27 09:00:00
88880754,2026-05-04,2026-05-04 20:04:43,46984,3,3,4,5000.00,10000.00,1,1,RELEASE,0,1,v2026-08-11,1814790.7831,1608204.4499,-152935.8599,1871,1458,0.08427190,0.11623340,0.07921422,0.07629641,152935.8599,1814790.7831,OK,14473.8400,-9176.1516,6.0000,94.0000,AG03-UNRESOLVED,ALL5_LEVELS_bet23_to_bet27,-9176.1516,-15293.5860,-15293.5860,0.0000,0.0000,6.000000,10.000000,10.000000,0.000000,0.000000,94.000000,90.000000,90.000000,100.000000,100.000000,3.0,-39763.3236,-36490.4962,-127646.3763,-130919.2037,PENDING_AG03,FALSE,NOT_FOR_ENFORCEMENT,-143759.7083,1511712.1829,-167409.6999,-158233.5483,-23649.9916,-0.09224738,-0.08719107,-9176.1516,-158233.5483,-0.08719107,-9176.1516,-15293.5860,-15293.5860,0.0000,0.0000,-158233.5483,-0.08719107,-39763.3236,-36490.4962,-127646.3763,-130919.2037,-0.07033669,-0.07214011,-0.01303180,969.9577,1103.0209,-104.8943,-10195.7240,-817.8388,120986.0522,97.2000,2361.3569,887.2301,87.2905,433.163,1003.8408,2590.2263,3465.3037,8657.1338,349.162,-43.2524,8.0,19.985859,2.239244,26,97,14,8,0.13662317,-0.08427190,-0.11623340,0.00900000,0.900000,0.886165,0.000000,0.03701919,2026-05-04,2026-07-08,15,187,131,66,0.227273,2.661493,2.434495,0.455411,5,0.4620811287477954,0.927689594356261,0.927689594356261,0.8871252204585538,0.8871252204585538,0.6521739130434783,n_rounds>=30,568,185,PERCENT_RANK_OVER_ORDER_BY_e_stake,HF9f,OK,L5_INSUFFICIENT,0.04876418,E 常规,263,1,A168_HF9F_20260827_0900,2026-08-27 09:00:00
88880754,2026-05-04,2026-05-04 20:56:42,46984,3,4,3,10000.00,5000.00,1,1,TIGHTEN,0,1,v2026-08-11,1814790.7831,1608204.4499,-152935.8599,1871,1458,0.08427190,0.11623340,0.07921422,0.07629641,152935.8599,1814790.7831,OK,14473.8400,-9176.1516,6.0000,94.0000,AG03-UNRESOLVED,ALL5_LEVELS_bet23_to_bet27,-9176.1516,-15293.5860,-15293.5860,0.0000,0.0000,6.000000,10.000000,10.000000,0.000000,0.000000,94.000000,90.000000,90.000000,100.000000,100.000000,3.0,-39763.3236,-36490.4962,-127646.3763,-130919.2037,PENDING_AG03,FALSE,NOT_FOR_ENFORCEMENT,-143759.7083,1511712.1829,-167409.6999,-158233.5483,-23649.9916,-0.09224738,-0.08719107,-9176.1516,-158233.5483,-0.08719107,-9176.1516,-15293.5860,-15293.5860,0.0000,0.0000,-158233.5483,-0.08719107,-39763.3236,-36490.4962,-127646.3763,-130919.2037,-0.07033669,-0.07214011,-0.01303180,969.9577,1103.0209,-104.8943,-10195.7240,-817.8388,120986.0522,97.2000,2361.3569,887.2301,87.2905,433.163,1003.8408,2590.2263,3465.3037,8657.1338,349.162,-43.2524,8.0,19.985859,2.239244,26,97,14,8,0.13662317,-0.08427190,-0.11623340,0.00900000,0.900000,0.886165,0.000000,0.03701919,2026-05-04,2026-07-08,15,187,131,66,0.227273,2.661493,2.434495,0.455411,5,0.4620811287477954,0.927689594356261,0.927689594356261,0.8871252204585538,0.8871252204585538,0.6521739130434783,n_rounds>=30,568,185,PERCENT_RANK_OVER_ORDER_BY_e_stake,HF9f,OK,L5_INSUFFICIENT,0.04876418,E 常规,264,1,A168_HF9F_20260827_0900,2026-08-27 09:00:00
88880754,2026-06-29,2026-06-29 12:55:01,46984,3,3,21,5000.00,20000.00,1,1,RELEASE,0,1,v2026-08-11,1814790.7831,1608204.4499,-152935.8599,1871,1458,0.08427190,0.11623340,0.07921422,0.07629641,152935.8599,1814790.7831,OK,14473.8400,-9176.1516,6.0000,94.0000,AG03-UNRESOLVED,ALL5_LEVELS_bet23_to_bet27,-9176.1516,-15293.5860,-15293.5860,0.0000,0.0000,6.000000,10.000000,10.000000,0.000000,0.000000,94.000000,90.000000,90.000000,100.000000,100.000000,3.0,-39763.3236,-36490.4962,-127646.3763,-130919.2037,PENDING_AG03,FALSE,NOT_FOR_ENFORCEMENT,-143759.7083,1511712.1829,-167409.6999,-158233.5483,-23649.9916,-0.09224738,-0.08719107,-9176.1516,-158233.5483,-0.08719107,-9176.1516,-15293.5860,-15293.5860,0.0000,0.0000,-158233.5483,-0.08719107,-39763.3236,-36490.4962,-127646.3763,-130919.2037,-0.07033669,-0.07214011,-0.01303180,969.9577,1103.0209,-104.8943,-10195.7240,-817.8388,120986.0522,97.2000,2361.3569,887.2301,87.2905,433.163,1003.8408,2590.2263,3465.3037,8657.1338,349.162,-43.2524,8.0,19.985859,2.239244,26,97,14,8,0.13662317,-0.08427190,-0.11623340,0.00900000,0.900000,0.886165,0.000000,0.03701919,2026-05-04,2026-07-08,15,187,131,66,0.227273,2.661493,2.434495,0.455411,5,0.4620811287477954,0.927689594356261,0.927689594356261,0.8871252204585538,0.8871252204585538,0.6521739130434783,n_rounds>=30,568,185,PERCENT_RANK_OVER_ORDER_BY_e_stake,HF9f,OK,L5_INSUFFICIENT,0.04876418,E 常规,265,1,A168_HF9F_20260827_0900,2026-08-27 09:00:00
151970005,2026-06-27,2026-06-27 09:56:42,50065,5,350,649,50000.00,500000.00,1,1,RELEASE,0,1,v2026-08-11,816340.0000,718990.0000,-155162.5000,252,252,0.19007093,1.00000000,0.18887860,0.19007093,155162.5000,816340.0000,OK,0.0000,-4654.8750,3.0000,97.0000,AG03-UNRESOLVED,ALL5_LEVELS_bet23_to_bet27,-4654.8750,-4654.8750,-4654.8750,-4654.8750,-4654.8750,3.000000,3.000000,3.000000,3.000000,3.000000,97.000000,97.000000,97.000000,97.000000,97.000000,5.0,-23274.3750,-21919.1817,-131888.1250,-133243.3183,PENDING_AG03,FALSE,NOT_FOR_ENFORCEMENT,-150507.6250,697420.3000,-155162.5000,-150507.6250,-4654.8750,-0.19007093,-0.18436880,-4654.8750,-150507.6250,-0.18436880,-4654.8750,-4654.8750,-4654.8750,-4654.8750,-4654.8750,-150507.6250,-0.18436880,-23274.3750,-21919.1817,-131888.1250,-133243.3183,-0.16156029,-0.16322037,-0.00570213,3239.4444,2853.1349,-615.7242,-11083.0357,-1847.1726,58310.0000,18.0000,600.0000,3260.5600,500.0,1000.0,2750.0,6000.0,14090.0,34899.9805,1000.0,0.0,14.09,34.89998,3.239444,18,59,1,2,0.00146998,-0.19007093,-1.00000000,0E-8,0.000000,0.880748,0.000000,0.81112140,2026-06-23,2026-07-09,14,84,63,17,0.823529,0.184017,0.185217,0.004900,5,0.4673721340388007,0.9488536155202821,0.9488536155202821,0.8395061728395061,0.8395061728395061,0.5054347826086957,n_rounds>=30,568,185,PERCENT_RANK_OVER_ORDER_BY_e_stake,HF9f,OK,L5_INSUFFICIENT,0.11729497,E 常规,266,1,A168_HF9F_20260827_0900,2026-08-27 09:00:00
152019521,2026-06-25,2026-06-25 09:48:58,40210,4,"124,59,1,2,3",1,5000.00,1000.00,5,1,TIGHTEN,0,1,v2026-08-11,4012304.6530,3565514.4566,-141194.3330,1140,1040,0.03519033,1.00000000,0.03437285,0.03519033,141194.3330,4012304.6530,OK,0.0000,-5647.7733,4.0000,96.0000,AG03-UNRESOLVED,ALL5_LEVELS_bet23_to_bet27,-5647.7733,-5647.7733,-5647.7733,-5647.7733,-5647.7733,4.000000,4.000000,4.000000,4.000000,4.000000,96.000000,96.000000,96.000000,96.000000,96.000000,5.0,-28238.8666,-26068.3288,-112955.4664,-115126.0042,PENDING_AG03,FALSE,NOT_FOR_ENFORCEMENT,-135546.5597,3422893.8783,-141194.3330,-135546.5597,-5647.7733,-0.03519033,-0.03378272,-5647.7733,-135546.5597,-0.03378272,-5647.7733,-5647.7733,-5647.7733,-5647.7733,-5647.7733,-135546.5597,-0.03378272,-28238.8666,-26068.3288,-112955.4664,-115126.0042,-0.02815227,-0.02869324,-0.00140761,3519.5655,3428.3793,-135.7638,-17649.2916,-536.8606,501538.0816,130.0000,3396.7391,3519.6733,1358.6957,3396.739,6793.478,6793.478,6793.478,6793.478,3382.95,0.0,2.0,2.0,1.03616,29,103,2,6,0.00084658,-0.03519033,-1.00000000,0E-8,0.000000,0.888645,0.914912,0.96562715,2026-06-24,2026-07-11,8,263,114,18,0.444444,0.965072,0.965102,0.002822,5,0.4691358024691358,0.9065255731922398,0.9065255731922398,0.9347442680776014,0.9347442680776014,0.7989130434782609,n_rounds>=30,568,185,PERCENT_RANK_OVER_ORDER_BY_e_stake,HF9f,OK,L5_INSUFFICIENT,0.05773817,E 常规,267,1,A168_HF9F_20260827_0900,2026-08-27 09:00:00
146068101,2026-04-29,2026-04-29 13:49:35,54744,3,4,21,10000.00,20000.00,1,1,RELEASE,0,1,v2026-08-11,2349026.4845,2111145.4520,-99084.8038,2534,2059,0.04218122,,0.04218122,0.03409263,99084.8038,2349026.4845,OK,19000.3091,-5945.0882,6.0000,94.0000,AG03-UNRESOLVED,ALL5_LEVELS_bet23_to_bet27,-5945.0882,-9908.4804,-9908.4804,0.0000,0.0000,6.000000,10.000000,10.000000,0.000000,0.000000,94.000000,90.000000,90.000000,100.000000,100.000000,3.0,-25762.0490,-23641.6342,-92323.0639,-94443.4787,PENDING_AG03,FALSE,NOT_FOR_ENFORCEMENT,-93139.7156,1984476.7249,-118085.1129,-112140.0246,-24945.3973,-0.05026981,-0.04773894,-5945.0882,-112140.0246,-0.04773894,-5945.0882,-9908.4804,-9908.4804,0.0000,0.0000,-112140.0246,-0.04773894,-25762.0490,-23641.6342,-92323.0639,-94443.4787,-0.03930269,-0.04020537,-0.01061946,927.0033,1025.3256,-48.1228,-5504.7113,-319.6284,130501.4714,114.3889,,927.0033,175.3309,351.7721,879.4301,2198.5754,3517.7205,8354.5859,350.6619,-86.8765,9.999999,23.749998,2.635239,30,123,18,8,0E-8,-0.04218122,,0.00900000,0.900000,0.898732,0.000000,,2026-03-21,2026-04-30,18,310,194,41,0.439024,,,0.000000,5,0.4708994708994709,0.9153439153439153,0.9153439153439153,0.91005291005291,0.91005291005291,0.7228260869565217,n_rounds>=30,568,185,PERCENT_RANK_OVER_ORDER_BY_e_stake,HF9f,OK,L5_INSUFFICIENT,0.04103472,E 常规,268,1,A168_HF9F_20260827_0900,2026-08-27 09:00:00
90763365,2026-06-29,2026-06-29 12:50:50,46984,3,"4,21",4,20000.00,10000.00,2,1,TIGHTEN,0,1,v2026-08-11,2506003.2376,2326642.2759,-85645.2327,4148,3027,0.03417603,0.05331429,0.00055597,0.02582018,85645.2327,2506003.2376,OK,20939.7805,-5138.7140,6.0000,94.0000,AG03-UNRESOLVED,ALL5_LEVELS_bet23_to_bet27,-5138.7140,-8564.5233,-8564.5233,0.0000,0.0000,6.000000,10.000000,10.000000,0.000000,0.000000,94.000000,90.000000,90.000000,100.000000,100.000000,3.0,-22267.7605,-20434.9525,-84317.2527,-86150.0607,PENDING_AG03,FALSE,NOT_FOR_ENFORCEMENT,-80506.5188,2187043.7393,-106585.0132,-101446.2993,-26078.4944,-0.04253187,-0.04048131,-5138.7140,-101446.2993,-0.04048131,-5138.7140,-8564.5233,-8564.5233,0.0000,0.0000,-101446.2993,-0.04048131,-22267.7605,-20434.9525,-84317.2527,-86150.0607,-0.03364611,-0.03437747,-0.01040641,604.1474,768.6298,-28.2938,-3723.7058,-220.1677,108956.6625,131.6087,617.2949,582.3583,86.6326,346.5304,693.0607,1386.1215,2252.4473,5028.1592,259.0226,-85.8529,6.5,14.51001,1.743418,29,129,21,8,0.63724653,-0.03417603,-0.05331429,0.00900000,0.900000,0.928427,0.000000,0.05275833,2026-06-29,2026-07-26,23,389,252,28,0.821429,1.059991,1.021762,2.124155,5,0.47266313932980597,0.9012345679012346,0.9012345679012346,0.9171075837742504,0.9171075837742504,0.7445652173913043,n_rounds>=30,568,185,PERCENT_RANK_OVER_ORDER_BY_e_stake,HF9f,OK,L5_INSUFFICIENT,0.03384336,E 常规,269,1,A168_HF9F_20260827_0900,2026-08-27 09:00:00
153423686,2026-07-25,2026-07-25 18:04:57,40210,4,"124,59,1,2,3",2,5000.00,3000.00,5,1,TIGHTEN,0,1,v2026-08-11,323061.1046,305493.5370,-84075.7197,56,56,0.26024711,0.26024711,,0.26024711,84075.7197,323061.1046,OK,0.0000,-3363.0288,4.0000,96.0000,AG03-UNRESOLVED,ALL5_LEVELS_bet23_to_bet27,-3363.0288,-3363.0288,-3363.0288,-3363.0288,-3363.0288,4.000000,4.000000,4.000000,4.000000,4.000000,96.000000,96.000000,96.000000,96.000000,96.000000,5.0,-16815.1439,-15522.6733,-67260.5758,-68553.0464,PENDING_AG03,FALSE,NOT_FOR_ENFORCEMENT,-80712.6910,293273.7955,-84075.7197,-80712.6910,-3363.0288,-0.26024711,-0.24983723,-3363.0288,-80712.6910,-0.24983723,-3363.0288,-3363.0288,-3363.0288,-3363.0288,-3363.0288,-80712.6910,-0.24983723,-16815.1439,-15522.6733,-67260.5758,-68553.0464,-0.20819769,-0.21219839,-0.01040988,5768.9483,5455.2417,-1501.3521,-16815.1439,-9341.7466,64612.2209,11.2000,5768.9483,,3378.3784,6756.7568,6756.7568,9800.9609,10173.6934,13314.125,6756.7568,3209.4595,1.505707,1.97049,0.853804,8,9,3,2,1.00000000,-0.26024711,-0.26024711,0E-8,0.000000,0.945622,0.000000,,2026-07-24,2026-08-04,5,9,9,12,0.416667,,1.000000,3.333333,4,0.47442680776014107,0.9647266313932981,0.9647266313932981,0.7971781305114638,0.7971781305114638,0.3804347826086957,n_rounds>=30,568,185,PERCENT_RANK_OVER_ORDER_BY_e_stake,HF9f,OK,L5_INSUFFICIENT,0.24882022,E 常规,270,1,A168_HF9F_20260827_0900,2026-08-27 09:00:00
153424038,2026-07-25,2026-07-25 18:05:38,40210,4,"124,59,1,2,3",2,5000.00,3000.00,5,1,TIGHTEN,0,1,v2026-08-11,979384.5476,918518.6545,-74575.8666,161,160,0.07614564,0.07614564,,0.07614564,74575.8666,979384.5476,OK,0.0000,-2983.0347,4.0000,96.0000,AG03-UNRESOLVED,ALL5_LEVELS_bet23_to_bet27,-2983.0347,-2983.0347,-2983.0347,-2983.0347,-2983.0347,4.000000,4.000000,4.000000,4.000000,4.000000,96.000000,96.000000,96.000000,96.000000,96.000000,5.0,-14915.1733,-13768.7411,-59660.6933,-60807.1255,PENDING_AG03,FALSE,NOT_FOR_ENFORCEMENT,-71592.8320,881777.9083,-74575.8666,-71592.8320,-2983.0347,-0.07614564,-0.07309982,-2983.0347,-71592.8320,-0.07309982,-2983.0347,-2983.0347,-2983.0347,-2983.0347,-2983.0347,-71592.8320,-0.07309982,-14915.1733,-13768.7411,-59660.6933,-60807.1255,-0.06091651,-0.06208708,-0.00304583,6083.1338,5740.7416,-466.0992,-18643.9667,-3551.2317,244846.1369,40.0000,6083.1338,,3378.3784,6756.7568,6756.7568,10135.1348,10135.1348,13513.5137,6756.7568,0.0,1.5,2.0,0.900304,12,25,3,3,1.00000000,-0.07614564,-0.07614564,0E-8,0.000000,0.937853,0.000000,,2026-07-24,2026-08-05,4,21,20,13,0.307692,,1.000000,3.333333,5,0.47619047619047616,0.9259259259259259,0.9259259259259259,0.8465608465608465,0.8465608465608465,0.5271739130434783,n_rounds>=30,568,185,PERCENT_RANK_OVER_ORDER_BY_e_stake,HF9f,OK,L5_INSUFFICIENT,0.14720403,E 常规,271,1,A168_HF9F_20260827_0900,2026-08-27 09:00:00
148459429,2026-04-10,2026-04-10 23:06:05,53369,5,350,647,50000.00,100000.00,1,1,RELEASE,0,1,v2026-08-11,321844.0000,290344.0000,-63659.0000,119,119,0.19779458,,0.19779458,0.19779458,63659.0000,321844.0000,OK,0.0000,-1909.7700,3.0000,97.0000,AG03-UNRESOLVED,ALL5_LEVELS_bet23_to_bet27,-1909.7700,-1909.7700,-1909.7700,-1909.7700,-1909.7700,3.000000,3.000000,3.000000,3.000000,3.000000,97.000000,97.000000,97.000000,97.000000,97.000000,5.0,-9548.8500,-8992.8507,-54110.1500,-54666.1493,PENDING_AG03,FALSE,NOT_FOR_ENFORCEMENT,-61749.2300,281633.6800,-63659.0000,-61749.2300,-1909.7700,-0.19779458,-0.19186075,-1909.7700,-61749.2300,-0.19186075,-1909.7700,-1909.7700,-1909.7700,-1909.7700,-1909.7700,-61749.2300,-0.19186075,-9548.8500,-8992.8507,-54110.1500,-54666.1493,-0.16812540,-0.16985294,-0.00593384,2704.5714,2439.8655,-534.9496,-9094.1429,-1201.1132,45977.7143,17.0000,,2704.5714,1000.0,1000.0,3000.0,6432.0,13649.9863,17522.2012,1000.0,475.0,13.649986,17.522201,2.704571,20,37,10,2,0E-8,-0.19779458,,0E-8,0.000000,0.902126,0.000000,,2026-04-10,2026-06-09,7,53,44,61,0.114754,,,0.000000,4,0.47795414462081126,0.9523809523809523,0.9523809523809523,0.7954144620811288,0.7954144620811288,0.375,n_rounds>=30,568,185,PERCENT_RANK_OVER_ORDER_BY_e_stake,HF9f,OK,L5_INSUFFICIENT,0.17068926,E 常规,272,1,A168_HF9F_20260827_0900,2026-08-27 09:00:00
148637914,2026-04-16,2026-04-16 13:55:57,40210,4,"124,59,1,2,3",1,5000.00,1000.00,5,1,TIGHTEN,0,1,v2026-08-11,2313875.7160,2129468.6697,-63534.4347,1980,1979,0.02745802,0.04081553,0.00831088,0.02745802,63534.4347,2313875.7160,OK,0.0000,-2541.3774,4.0000,96.0000,AG03-UNRESOLVED,ALL5_LEVELS_bet23_to_bet27,-2541.3774,-2541.3774,-2541.3774,-2541.3774,-2541.3774,4.000000,4.000000,4.000000,4.000000,4.000000,96.000000,96.000000,96.000000,96.000000,96.000000,5.0,-12706.8869,-11730.1913,-50827.5478,-51804.2435,PENDING_AG03,FALSE,NOT_FOR_ENFORCEMENT,-60993.0574,2044289.9229,-63534.4347,-60993.0574,-2541.3774,-0.02745802,-0.02635969,-2541.3774,-60993.0574,-0.02635969,-2541.3774,-2541.3774,-2541.3774,-2541.3774,-2541.3774,-60993.0574,-0.02635969,-12706.8869,-11730.1913,-50827.5478,-51804.2435,-0.02196641,-0.02238852,-0.00109832,1168.6241,1076.0327,-32.1043,-1764.8454,-49.0993,64274.3254,54.9722,1180.0934,1152.5671,135.8696,341.9973,1025.9918,3419.9727,6779.689,6839.9453,339.6739,0.0,19.823811,20.000001,3.417057,29,187,97,2,0.58905837,-0.02745802,-0.04081553,0E-8,0.000000,0.920304,0.000000,0.03250465,2026-04-14,2026-08-05,36,1294,596,114,0.315790,1.023883,1.009814,1.963528,5,0.47971781305114636,0.8888888888888888,0.8888888888888888,0.908289241622575,0.908289241622575,0.717391304347826,n_rounds>=30,568,185,PERCENT_RANK_OVER_ORDER_BY_e_stake,HF9f,OK,L5_INSUFFICIENT,0.04185591,E 常规,273,1,A168_HF9F_20260827_0900,2026-08-27 09:00:00
153388711,2026-07-24,2026-07-24 11:59:42,40210,4,"124,59,1,2,3",2,5000.00,3000.00,5,1,TIGHTEN,0,1,v2026-08-11,2013394.1686,1816126.2485,-63395.5457,362,362,0.03148690,0.03148690,,0.03148690,63395.5457,2013394.1686,OK,0.0000,-2535.8218,4.0000,96.0000,AG03-UNRESOLVED,ALL5_LEVELS_bet23_to_bet27,-2535.8218,-2535.8218,-2535.8218,-2535.8218,-2535.8218,4.000000,4.000000,4.000000,4.000000,4.000000,96.000000,96.000000,96.000000,96.000000,96.000000,5.0,-12679.1091,-11704.5486,-50716.4365,-51690.9971,PENDING_AG03,FALSE,NOT_FOR_ENFORCEMENT,-60859.7239,1743481.1986,-63395.5457,-60859.7239,-2535.8218,-0.03148690,-0.03022743,-2535.8218,-60859.7239,-0.03022743,-2535.8218,-2535.8218,-2535.8218,-2535.8218,-2535.8218,-60859.7239,-0.03022743,-12679.1091,-11704.5486,-50716.4365,-51690.9971,-0.02518952,-0.02567356,-0.00125948,5561.8623,5016.9233,-175.1258,-12679.1091,-1219.1451,402678.8337,72.4000,5561.8623,,3396.739,3396.739,6793.478,10151.6592,10190.2178,13586.9561,3396.739,0.0,3.0,4.0,1.637412,21,44,5,2,1.00000000,-0.03148690,-0.03148690,0E-8,0.000000,0.902022,0.000000,,2026-07-23,2026-08-01,5,52,41,10,0.500000,,1.000000,3.333333,5,0.48148148148148145,0.8959435626102292,0.8959435626102292,0.8977072310405644,0.8977072310405644,0.6847826086956522,n_rounds>=30,568,185,PERCENT_RANK_OVER_ORDER_BY_e_stake,HF9f,OK,L5_INSUFFICIENT,0.09786455,E 常规,274,1,A168_HF9F_20260827_0900,2026-08-27 09:00:00
152455676,2026-07-03,2026-07-03 09:37:24,40210,4,"124,59,1,2,3",1,5000.00,1000.00,5,1,TIGHTEN,0,1,v2026-08-11,293478.2609,255434.7826,-52649.4565,51,51,0.17939815,0.08357143,0.58841463,0.17939815,52649.4565,293478.2609,OK,0.0000,-2105.9783,4.0000,96.0000,AG03-UNRESOLVED,ALL5_LEVELS_bet23_to_bet27,-2105.9783,-2105.9783,-2105.9783,-2105.9783,-2105.9783,4.000000,4.000000,4.000000,4.000000,4.000000,96.000000,96.000000,96.000000,96.000000,96.000000,5.0,-10529.8913,-9720.5271,-42119.5652,-42928.9294,PENDING_AG03,FALSE,NOT_FOR_ENFORCEMENT,-50543.4783,245217.3913,-52649.4565,-50543.4783,-2105.9783,-0.17939815,-0.17222222,-2105.9783,-50543.4783,-0.17222222,-2105.9783,-2105.9783,-2105.9783,-2105.9783,-2105.9783,-50543.4783,-0.17222222,-10529.8913,-9720.5271,-42119.5652,-42928.9294,-0.14351852,-0.14627635,-0.00717593,5754.4757,5008.5251,-1032.3423,-17549.8188,-5264.9457,97826.0870,17.0000,6096.7113,4642.2101,3396.739,6793.478,6793.478,8152.166,10190.2178,10190.2178,6793.478,3226.9021,1.5,1.5,0.847059,10,8,4,2,0.81018519,-0.17939815,-0.08357143,0E-8,0.000000,0.870370,0.000000,-0.50484321,2026-07-02,2026-07-16,3,10,10,15,0.200000,1.313321,1.059473,2.700617,4,0.48324514991181655,0.9417989417989417,0.9417989417989417,0.7883597883597884,0.7883597883597884,0.3532608695652174,n_rounds>=30,568,185,PERCENT_RANK_OVER_ORDER_BY_e_stake,HF9f,OK,L5_INSUFFICIENT,0.26073215,E 常规,275,1,A168_HF9F_20260827_0900,2026-08-27 09:00:00
152455676,2026-07-09,2026-07-09 13:56:52,40210,4,1,2,1000.00,3000.00,1,1,RELEASE,0,1,v2026-08-11,293478.2609,255434.7826,-52649.4565,51,51,0.17939815,0.08357143,0.58841463,0.17939815,52649.4565,293478.2609,OK,0.0000,-2105.9783,4.0000,96.0000,AG03-UNRESOLVED,ALL5_LEVELS_bet23_to_bet27,-2105.9783,-2105.9783,-2105.9783,-2105.9783,-2105.9783,4.000000,4.000000,4.000000,4.000000,4.000000,96.000000,96.000000,96.000000,96.000000,96.000000,5.0,-10529.8913,-9720.5271,-42119.5652,-42928.9294,PENDING_AG03,FALSE,NOT_FOR_ENFORCEMENT,-50543.4783,245217.3913,-52649.4565,-50543.4783,-2105.9783,-0.17939815,-0.17222222,-2105.9783,-50543.4783,-0.17222222,-2105.9783,-2105.9783,-2105.9783,-2105.9783,-2105.9783,-50543.4783,-0.17222222,-10529.8913,-9720.5271,-42119.5652,-42928.9294,-0.14351852,-0.14627635,-0.00717593,5754.4757,5008.5251,-1032.3423,-17549.8188,-5264.9457,97826.0870,17.0000,6096.7113,4642.2101,3396.739,6793.478,6793.478,8152.166,10190.2178,10190.2178,6793.478,3226.9021,1.5,1.5,0.847059,10,8,4,2,0.81018519,-0.17939815,-0.08357143,0E-8,0.000000,0.870370,0.000000,-0.50484321,2026-07-02,2026-07-16,3,10,10,15,0.200000,1.313321,1.059473,2.700617,4,0.48324514991181655,0.9417989417989417,0.9417989417989417,0.7883597883597884,0.7883597883597884,0.3532608695652174,n_rounds>=30,568,185,PERCENT_RANK_OVER_ORDER_BY_e_stake,HF9f,OK,L5_INSUFFICIENT,0.26073215,E 常规,276,1,A168_HF9F_20260827_0900,2026-08-27 09:00:00
137215692,2026-05-28,2026-05-28 16:03:07,26505,2,2,3,3000.00,5000.00,1,1,RELEASE,0,1,v2026-08-11,1126370.9478,981469.5158,-44247.7193,2486,2478,0.03928343,,0.03928343,0.03144124,44247.7193,1126370.9478,OK,8833.2256,-2654.8632,6.0000,94.0000,AG03-UNRESOLVED,ALL5_LEVELS_bet23_to_bet27,-2654.8632,-4424.7719,-4424.7719,0.0000,0.0000,6.000000,10.000000,10.000000,0.000000,0.000000,94.000000,90.000000,90.000000,100.000000,100.000000,3.0,-11504.4070,-10557.5058,-41576.5380,-42523.4391,PENDING_AG03,FALSE,NOT_FOR_ENFORCEMENT,-41592.8562,922581.3448,-53080.9450,-50426.0818,-11488.0888,-0.04712563,-0.04476863,-2654.8632,-50426.0818,-0.04476863,-2654.8632,-4424.7719,-4424.7719,0.0000,0.0000,-50426.0818,-0.04476863,-11504.4070,-10557.5058,-41576.5380,-42523.4391,-0.03691194,-0.03775261,-0.01019921,453.0857,396.0733,-17.8562,-4022.5199,-30.9208,102397.3589,225.2727,,453.0857,43.6453,87.2905,261.8715,1295.1132,2618.7151,4364.5249,86.3409,0.0,29.999999,49.999996,5.190549,29,151,40,5,0E-8,-0.03928343,,0.00900000,0.900000,0.871355,0.689863,,2026-05-25,2026-06-04,11,1431,299,11,1.000000,,,0.000000,5,0.48677248677248675,0.9118165784832452,0.9118165784832452,0.8518518518518519,0.8518518518518519,0.5434782608695652,n_rounds>=30,568,185,PERCENT_RANK_OVER_ORDER_BY_e_stake,HF9f,OK,L5_INSUFFICIENT,0.03740495,E 常规,277,1,A168_HF9F_20260827_0900,2026-08-27 09:00:00
152018778,2026-06-25,2026-06-25 09:37:30,40210,4,"124,59,1,2,3",1,5000.00,1000.00,5,1,TIGHTEN,0,1,v2026-08-11,40899816.3279,36517414.2863,-29831.4362,2277,2231,0.00072938,,0.00072938,0.00072938,29831.4362,40899816.3279,OK,0.0000,-1193.2574,4.0000,96.0000,AG03-UNRESOLVED,ALL5_LEVELS_bet23_to_bet27,-1193.2574,-1193.2574,-1193.2574,-1193.2574,-1193.2574,4.000000,4.000000,4.000000,4.000000,4.000000,96.000000,96.000000,96.000000,96.000000,96.000000,5.0,-5966.2872,-5507.6976,-23865.1490,-24323.7386,PENDING_AG03,FALSE,NOT_FOR_ENFORCEMENT,-28638.1788,35056717.7149,-29831.4362,-28638.1788,-1193.2574,-0.00072938,-0.00070020,-1193.2574,-28638.1788,-0.00070020,-1193.2574,-1193.2574,-1193.2574,-1193.2574,-1193.2574,-28638.1788,-0.00070020,-5966.2872,-5507.6976,-23865.1490,-24323.7386,-0.00058350,-0.00059472,-0.00002918,17962.1503,16368.1821,-13.3713,-2983.1436,-101.1235,4089981.6328,223.1000,,17962.1503,6765.8999,13586.9561,33829.5,33967.3906,33967.3906,33967.3906,10148.8496,0.0,2.5,2.5,1.322014,29,124,17,8,0E-8,-0.00072938,,0E-8,0.000000,0.892850,0.017567,,2026-06-24,2026-07-07,10,295,153,14,0.714286,,,0.000000,5,0.48853615520282184,0.8536155202821869,0.8536155202821869,0.9929453262786596,0.9929453262786596,0.9782608695652174,n_rounds>=30,568,185,PERCENT_RANK_OVER_ORDER_BY_e_stake,HF9f,OK,L5_INSUFFICIENT,0.0394212,E 常规,278,1,A168_HF9F_20260827_0900,2026-08-27 09:00:00
152018778,2026-06-27,2026-06-27 04:41:34,40210,4,1,3,1000.00,5000.00,1,1,RELEASE,0,1,v2026-08-11,40899816.3279,36517414.2863,-29831.4362,2277,2231,0.00072938,,0.00072938,0.00072938,29831.4362,40899816.3279,OK,0.0000,-1193.2574,4.0000,96.0000,AG03-UNRESOLVED,ALL5_LEVELS_bet23_to_bet27,-1193.2574,-1193.2574,-1193.2574,-1193.2574,-1193.2574,4.000000,4.000000,4.000000,4.000000,4.000000,96.000000,96.000000,96.000000,96.000000,96.000000,5.0,-5966.2872,-5507.6976,-23865.1490,-24323.7386,PENDING_AG03,FALSE,NOT_FOR_ENFORCEMENT,-28638.1788,35056717.7149,-29831.4362,-28638.1788,-1193.2574,-0.00072938,-0.00070020,-1193.2574,-28638.1788,-0.00070020,-1193.2574,-1193.2574,-1193.2574,-1193.2574,-1193.2574,-28638.1788,-0.00070020,-5966.2872,-5507.6976,-23865.1490,-24323.7386,-0.00058350,-0.00059472,-0.00002918,17962.1503,16368.1821,-13.3713,-2983.1436,-101.1235,4089981.6328,223.1000,,17962.1503,6765.8999,13586.9561,33829.5,33967.3906,33967.3906,33967.3906,10148.8496,0.0,2.5,2.5,1.322014,29,124,17,8,0E-8,-0.00072938,,0E-8,0.000000,0.892850,0.017567,,2026-06-24,2026-07-07,10,295,153,14,0.714286,,,0.000000,5,0.48853615520282184,0.8536155202821869,0.8536155202821869,0.9929453262786596,0.9929453262786596,0.9782608695652174,n_rounds>=30,568,185,PERCENT_RANK_OVER_ORDER_BY_e_stake,HF9f,OK,L5_INSUFFICIENT,0.0394212,E 常规,279,1,A168_HF9F_20260827_0900,2026-08-27 09:00:00
152923152,2026-07-13,2026-07-13 19:36:53,40210,4,"124,59,1,2,3",2,5000.00,3000.00,5,1,TIGHTEN,0,1,v2026-08-11,406250.0000,343070.6522,-25101.9022,118,110,0.06178930,0.06178930,,0.06178930,25101.9022,406250.0000,OK,0.0000,-1004.0761,4.0000,96.0000,AG03-UNRESOLVED,ALL5_LEVELS_bet23_to_bet27,-1004.0761,-1004.0761,-1004.0761,-1004.0761,-1004.0761,4.000000,4.000000,4.000000,4.000000,4.000000,96.000000,96.000000,96.000000,96.000000,96.000000,5.0,-5020.3804,-4634.4965,-20081.5217,-20467.4057,PENDING_AG03,FALSE,NOT_FOR_ENFORCEMENT,-24097.8261,329347.8261,-25101.9022,-24097.8261,-1004.0761,-0.06178930,-0.05931773,-1004.0761,-24097.8261,-0.05931773,-1004.0761,-1004.0761,-1004.0761,-1004.0761,-1004.0761,-24097.8261,-0.05931773,-5020.3804,-4634.4965,-20081.5217,-20467.4057,-0.04943144,-0.05038131,-0.00247157,3442.7966,3118.8241,-228.1991,-12550.9511,-1195.3287,203125.0000,55.0000,3442.7966,,3396.739,3396.739,3396.739,6793.478,6793.478,6793.478,3396.739,0.0,2.0,2.0,1.013559,16,20,3,4,1.00000000,-0.06178930,-0.06178930,0E-8,0.000000,0.844482,0.000000,,2026-07-12,2026-07-14,2,21,19,3,0.666667,,1.000000,3.333333,5,0.49206349206349204,0.9223985890652557,0.9223985890652557,0.8112874779541446,0.8112874779541446,0.42391304347826086,n_rounds>=30,568,185,PERCENT_RANK_OVER_ORDER_BY_e_stake,HF9f,OK,L5_INSUFFICIENT,0.17753473,E 常规,280,1,A168_HF9F_20260827_0900,2026-08-27 09:00:00
82774584,2026-06-10,2026-06-10 18:21:23,45491,3,"124,152,1,200,3,266,4,162,21,22,30,31","124,152,1,200,3,266,4,162,21,22",100000.00,30000.00,12,10,TIGHTEN,0,1,v2026-08-11,3005491.7661,2751506.2551,-23740.5302,588,470,0.00789905,-0.02738993,0.07097614,0.00789905,23740.5302,3005491.7661,OK,0.0000,-1424.4318,6.0000,94.0000,AG03-UNRESOLVED,ALL5_LEVELS_bet23_to_bet27,-1424.4318,-1424.4318,-1899.2424,0.0000,0.0000,6.000000,6.000000,8.000000,0.000000,0.000000,94.000000,94.000000,92.000000,100.000000,100.000000,3.0,-4748.1060,-4441.5683,-18992.4242,-19298.9619,PENDING_AG03,FALSE,NOT_FOR_ENFORCEMENT,-22316.0984,2586415.8798,-23740.5302,-22316.0984,-1424.4318,-0.00789905,-0.00742511,-1424.4318,-22316.0984,-0.00742511,-1424.4318,-1424.4318,-1899.2424,0.0000,0.0000,-22316.0984,-0.00742511,-4748.1060,-4441.5683,-18992.4242,-19298.9619,-0.00631924,-0.00642123,-0.00047394,5111.3806,5854.2686,-50.5118,-4748.1060,-255.2745,601098.3532,94.0000,5586.2810,4437.1392,475.0239,3453.635,5197.9556,17229.4961,18952.4473,25989.7773,2590.2263,-0.8615,5.487681,7.52534,1.48,28,60,5,8,0.64124845,-0.00789905,0.02738993,0E-8,0.000000,0.915493,0.001701,-0.09836607,2026-06-10,2026-08-04,5,93,62,56,0.089286,1.258983,1.092910,2.137495,5,0.49382716049382713,0.8677248677248677,0.8677248677248677,0.9188712522045855,0.9188712522045855,0.75,n_rounds>=30,568,185,PERCENT_RANK_OVER_ORDER_BY_e_stake,HF9f,OK,L5_INSUFFICIENT,0.08588766,E 常规,281,1,A168_HF9F_20260827_0900,2026-08-27 09:00:00
148267872,2026-07-31,2026-07-31 17:00:09,46984,3,4,21,10000.00,20000.00,1,1,RELEASE,0,1,v2026-08-11,95192.9704,71933.1496,-20612.0779,47,47,0.21652941,0.21652941,,0.20972851,20612.0779,95192.9704,OK,647.3983,-1236.7247,6.0000,94.0000,AG03-UNRESOLVED,ALL5_LEVELS_bet23_to_bet27,-1236.7247,-2061.2078,-2061.2078,0.0000,0.0000,6.000000,10.000000,10.000000,0.000000,0.000000,94.000000,90.000000,90.000000,100.000000,100.000000,3.0,-5359.1402,-4918.0418,-15900.3360,-16341.4344,PENDING_AG03,FALSE,NOT_FOR_ENFORCEMENT,-19375.3532,67617.1606,-21259.4762,-20022.7516,-1884.1230,-0.22333032,-0.21033855,-1236.7247,-20022.7516,-0.21033855,-1236.7247,-2061.2078,-2061.2078,0.0000,0.0000,-20022.7516,-0.21033855,-5359.1402,-4918.0418,-15900.3360,-16341.4344,-0.16703267,-0.1716664,-0.01979267,2025.3823,1530.4925,-438.5548,-20612.0779,-4122.4156,95192.9704,47.0000,2025.3823,,430.7374,861.4749,2046.0027,7150.2407,8196.9326,12922.123,430.7374,0.0,9.514999,15.0,2.351064,5,7,1,2,1.00000000,-0.21652941,-0.21652941,0.00900000,0.900000,0.755656,0.000000,,2026-07-31,2026-07-31,1,5,5,1,1.000000,,1.000000,3.333333,4,0.49559082892416223,0.9576719576719577,0.9576719576719577,0.7619047619047619,0.7619047619047619,0.2717391304347826,n_rounds>=30,568,185,PERCENT_RANK_OVER_ORDER_BY_e_stake,HF9f,OK,L5_INSUFFICIENT,0.27160061,E 常规,282,1,A168_HF9F_20260827_0900,2026-08-27 09:00:00
148848782,2026-04-19,2026-04-19 00:56:53,40210,4,"124,59,1,2,3",1,5000.00,1000.00,5,1,TIGHTEN,0,1,v2026-08-11,1487310.3448,1355448.2759,-17403.4483,627,338,0.01170129,,0.01170129,0.01170129,17403.4483,1487310.3448,OK,0.0000,-696.1379,4.0000,96.0000,AG03-UNRESOLVED,ALL5_LEVELS_bet23_to_bet27,-696.1379,-696.1379,-696.1379,-696.1379,-696.1379,4.000000,4.000000,4.000000,4.000000,4.000000,96.000000,96.000000,96.000000,96.000000,96.000000,5.0,-3480.6897,-3213.1517,-13922.7586,-14190.2966,PENDING_AG03,FALSE,NOT_FOR_ENFORCEMENT,-16707.3103,1301230.3448,-17403.4483,-16707.3103,-696.1379,-0.01170129,-0.01123324,-696.1379,-16707.3103,-0.01123324,-696.1379,-696.1379,-696.1379,-696.1379,-696.1379,-16707.3103,-0.01123324,-3480.6897,-3213.1517,-13922.7586,-14190.2966,-0.00936103,-0.00954091,-0.00046805,2372.1058,4010.2020,-51.4895,-4350.8621,-220.2968,371827.5862,84.5000,,2372.1058,344.8276,1034.4828,3448.2759,6896.5518,6896.5518,6896.5518,689.6552,-344.8276,6.666667,6.666667,2.293036,20,51,5,8,0E-8,-0.01170129,,0E-8,0.000000,0.911342,0.000000,,2026-04-18,2026-04-23,4,79,48,6,0.666667,,,0.000000,5,0.4973544973544973,0.873015873015873,0.873015873015873,0.8677248677248677,0.8677248677248677,0.592391304347826,n_rounds>=30,568,185,PERCENT_RANK_OVER_ORDER_BY_e_stake,HF9f,OK,L5_INSUFFICIENT,0.10127945,E 常规,283,1,A168_HF9F_20260827_0900,2026-08-27 09:00:00
147471174,2026-03-23,2026-03-23 19:13:11,51558,5,"124,59,1,200,2,3,4,162,21,22,184","124,59,1",30000.00,1000.00,11,3,TIGHTEN,0,1,v2026-08-11,1127947.8482,1009030.3308,-14923.5193,2289,986,0.01323068,,0.01323068,0.01323068,14923.5193,1127947.8482,OK,0.0000,-596.9408,4.0000,96.0000,AG03-UNRESOLVED,ALL5_LEVELS_bet23_to_bet27,-596.9408,-596.9408,-596.9408,-746.1760,0.0000,4.000000,4.000000,4.000000,5.000000,0.000000,96.000000,96.000000,96.000000,95.000000,100.000000,5.0,-2536.9983,-2380.3133,-12386.5211,-12543.2061,PENDING_AG03,FALSE,NOT_FOR_ENFORCEMENT,-14326.5786,968669.1176,-14923.5193,-14326.5786,-596.9408,-0.01323068,-0.01270145,-596.9408,-14326.5786,-0.01270145,-596.9408,-596.9408,-596.9408,-746.1760,0.0000,-14326.5786,-0.01270145,-2536.9983,-2380.3133,-12386.5211,-12543.2061,-0.01098147,-0.01112038,-0.00052923,492.7688,1023.3573,-15.1354,-1865.4399,-48.6108,140993.4810,123.2500,,492.7688,48.0261,176.2425,881.2125,1762.425,1762.425,1762.425,170.2707,-35.2485,10.0,10.0,2.79597,30,110,7,9,0E-8,-0.01323068,,0E-8,0.000000,0.894572,0.798602,,2026-03-23,2026-04-06,8,307,154,15,0.533333,,,0.000000,5,0.4991181657848324,0.8747795414462081,0.8747795414462081,0.8536155202821869,0.8536155202821869,0.5489130434782609,n_rounds>=30,568,185,PERCENT_RANK_OVER_ORDER_BY_e_stake,HF9f,OK,L5_INSUFFICIENT,0.05929816,E 常规,284,1,A168_HF9F_20260827_0900,2026-08-27 09:00:00
88880392,2026-07-06,2026-07-06 17:17:52,46984,3,3,4,5000.00,10000.00,1,1,RELEASE,0,1,v2026-08-11,324880.8802,295217.8810,-11882.4656,532,378,0.03657484,0.31513861,0.02646778,0.02839658,11882.4656,324880.8802,OK,2656.9609,-712.9479,6.0000,94.0000,AG03-UNRESOLVED,ALL5_LEVELS_bet23_to_bet27,-712.9479,-1188.2466,-1188.2466,0.0000,0.0000,6.000000,10.000000,10.000000,0.000000,0.000000,94.000000,90.000000,90.000000,100.000000,100.000000,3.0,-3089.4410,-2835.1563,-11449.9854,-11704.2702,PENDING_AG03,FALSE,NOT_FOR_ENFORCEMENT,-11169.5176,277504.8081,-14539.4265,-13826.4786,-3369.9089,-0.04475310,-0.04255861,-712.9479,-13826.4786,-0.04255861,-712.9479,-1188.2466,-1188.2466,0.0000,0.0000,-13826.4786,-0.04255861,-3089.4410,-2835.1563,-11449.9854,-11704.2702,-0.03524364,-0.03602634,-0.01037275,610.6783,780.9997,-31.4351,-3960.8219,-264.0548,108293.6267,126.0000,406.2450,622.0358,86.6326,346.5304,693.0607,1299.4889,2181.4084,5712.2036,259.8978,-85.8529,6.294999,16.483992,1.762265,21,39,3,8,0.03501240,-0.03657484,-0.31513861,0.00900000,0.900000,0.908696,0.000000,0.28867083,2026-07-06,2026-07-08,3,45,29,3,1.000000,0.653089,0.665236,0.116708,4,0.5008818342151675,0.91005291005291,0.91005291005291,0.798941798941799,0.798941798941799,0.3858695652173913,n_rounds>=30,568,185,PERCENT_RANK_OVER_ORDER_BY_e_stake,HF9f,OK,L5_INSUFFICIENT,0.09577095,E 常规,285,1,A168_HF9F_20260827_0900,2026-08-27 09:00:00
151134111,2026-06-09,2026-06-09 21:30:30,51807,5,350,31,50000.00,100000.00,1,1,RELEASE,0,1,v2026-08-11,58150.0000,55810.0000,-13019.0000,105,105,0.22388650,,0.22388650,0.22388650,13019.0000,58150.0000,OK,0.0000,-390.5700,3.0000,97.0000,AG03-UNRESOLVED,ALL5_LEVELS_bet23_to_bet27,-390.5700,-390.5700,-390.5700,-390.5700,-390.5700,3.000000,3.000000,3.000000,3.000000,3.000000,97.000000,97.000000,97.000000,97.000000,97.000000,5.0,-1952.8500,-1839.1417,-11066.1500,-11179.8583,PENDING_AG03,FALSE,NOT_FOR_ENFORCEMENT,-12628.4300,54135.7000,-13019.0000,-12628.4300,-390.5700,-0.22388650,-0.21716991,-390.5700,-12628.4300,-0.21716991,-390.5700,-390.5700,-390.5700,-390.5700,-390.5700,-12628.4300,-0.21716991,-1952.8500,-1839.1417,-11066.1500,-11179.8583,-0.19030353,-0.19225896,-0.00671660,553.8095,531.5238,-123.9905,-13019.0000,-591.7727,58150.0000,105.0000,,553.8095,200.0,300.0,600.0,1200.0,1800.0,3780.002,300.0,0.0,6.0,12.600007,1.846032,10,20,1,2,0E-8,-0.22388650,,0E-8,0.000000,0.959759,0.314286,,2026-06-09,2026-06-09,1,22,10,1,1.000000,,,0.000000,4,0.5026455026455027,0.9611992945326279,0.9611992945326279,0.7477954144620811,0.7477954144620811,0.23369565217391305,n_rounds>=30,568,185,PERCENT_RANK_OVER_ORDER_BY_e_stake,HF9f,OK,L5_INSUFFICIENT,0.18171259,E 常规,286,1,A168_HF9F_20260827_0900,2026-08-27 09:00:00
149514662,2026-05-04,2026-05-04 02:33:52,56366,4,"124,59,3,266","3,266,4,21,22",7000.00,30000.00,4,5,RELEASE,0,1,v2026-08-11,498935.0559,461574.7207,-12744.4134,381,375,0.02554323,,0.02554323,0.02554323,12744.4134,498935.0559,OK,0.0000,-764.6648,6.0000,94.0000,AG03-UNRESOLVED,ALL5_LEVELS_bet23_to_bet27,-764.6648,-764.6648,-764.6648,-764.6648,0.0000,6.000000,6.000000,6.000000,6.000000,0.000000,94.000000,94.000000,94.000000,94.000000,100.000000,4.0,-3058.6592,-2794.2259,-9685.7542,-9950.1875,PENDING_AG03,FALSE,NOT_FOR_ENFORCEMENT,-11979.7486,433880.2374,-12744.4134,-11979.7486,-764.6648,-0.02554323,-0.02401064,-764.6648,-11979.7486,-0.02401064,-764.6648,-764.6648,-764.6648,-764.6648,0.0000,-11979.7486,-0.02401064,-3058.6592,-2794.2259,-9685.7542,-9950.1875,-0.01941286,-0.01994285,-0.00153259,1309.5408,1230.8659,-33.9851,-12744.4134,-138.5262,498935.0559,375.0000,,1309.5408,523.743,872.905,1745.8101,2618.7151,3055.1675,4229.2256,872.905,0.0,3.5,4.845001,1.50021,29,36,1,3,0E-8,-0.02554323,,0E-8,0.000000,0.925120,0.000000,,2026-05-03,2026-05-03,1,92,29,1,1.000000,,,0.000000,5,0.5044091710758377,0.8871252204585538,0.8871252204585538,0.8218694885361552,0.8218694885361552,0.45108695652173914,n_rounds>=30,568,185,PERCENT_RANK_OVER_ORDER_BY_e_stake,HF9f,OK,L5_INSUFFICIENT,0.09615327,E 常规,287,1,A168_HF9F_20260827_0900,2026-08-27 09:00:00
145813307,2026-05-28,2026-05-28 23:00:50,54378,4,21,3,20000.00,5000.00,1,1,TIGHTEN,0,1,v2026-08-11,39820.8131,37181.1492,-10330.3473,25,25,0.25942080,,0.25942080,0.25942080,10330.3473,39820.8131,THIN_EXPOSURE,0.0000,-413.2139,4.0000,96.0000,AG03-UNRESOLVED,ALL5_LEVELS_bet23_to_bet27,-413.2139,-413.2139,-516.5174,-568.1691,-568.1691,4.000000,4.000000,5.000000,5.500000,5.500000,96.000000,96.000000,95.000000,94.500000,94.500000,5.0,-2479.2833,-2253.4491,-7851.0639,-8076.8982,PENDING_AG03,FALSE,NOT_FOR_ENFORCEMENT,-9917.1334,35693.9032,-10330.3473,-9917.1334,-413.2139,-0.25942080,-0.24904397,-413.2139,-9917.1334,-0.24904397,-413.2139,-413.2139,-516.5174,-568.1691,-568.1691,-9917.1334,-0.24904397,-2479.2833,-2253.4491,-7851.0639,-8076.8982,-0.19715981,-0.20283107,-0.01037683,1592.8325,1487.2460,-413.2139,-2582.5868,-449.1455,9955.2033,6.2500,,1592.8325,727.1356,1723.5807,2162.7234,2585.3711,4325.4468,4325.4468,1723.5807,53.8619,2.50957,2.50957,0.924142,16,16,3,2,0E-8,-0.25942080,,0E-8,0.000000,0.933711,0.960000,,2026-03-26,2026-05-19,4,23,20,55,0.072727,,,0.000000,4,0.5061728395061729,0.9629629629629629,0.9629629629629629,0.7336860670194003,0.7336860670194003,,n_rounds>=30,568,185,PERCENT_RANK_OVER_ORDER_BY_e_stake,HF9f,THIN_ROUNDS,L5_INSUFFICIENT,0.3724,Z 证据不足 · 不动作,288,1,A168_HF9F_20260827_0900,2026-08-27 09:00:00
145937934,2026-05-28,2026-05-28 22:56:38,54378,4,21,3,20000.00,5000.00,1,1,TIGHTEN,0,1,v2026-08-11,12280.5128,10341.4844,-10126.0368,4,4,0.82456140,,0.82456140,0.82456140,10126.0368,12280.5128,THIN_EXPOSURE,0.0000,-405.0415,4.0000,96.0000,AG03-UNRESOLVED,ALL5_LEVELS_bet23_to_bet27,-405.0415,-405.0415,-506.3018,-556.9320,-556.9320,4.000000,4.000000,5.000000,5.500000,5.500000,96.000000,96.000000,95.000000,94.500000,94.500000,5.0,-2430.2488,-2208.881,-7695.7880,-7917.1558,PENDING_AG03,FALSE,NOT_FOR_ENFORCEMENT,-9720.9954,9927.8251,-10126.0368,-9720.9954,-405.0415,-0.82456140,-0.79157895,-405.0415,-9720.9954,-0.79157895,-405.0415,-405.0415,-506.3018,-556.9320,-556.9320,-9720.9954,-0.79157895,-2430.2488,-2208.881,-7695.7880,-7917.1558,-0.62666667,-0.64469261,-0.03298246,3070.1282,2585.3711,-2531.5092,-10126.0368,-2531.5092,12280.5128,4.0000,,3070.1282,1831.3044,3123.99,4308.9517,4308.9517,4308.9517,4308.9517,3016.2661,2908.5425,1.37931,1.37931,0.982759,4,4,1,1,0E-8,-0.82456140,,0E-8,0.000000,0.842105,0.750000,,2026-04-21,2026-04-21,1,4,4,1,1.000000,,,0.000000,4,0.5079365079365079,0.9894179894179894,0.9894179894179894,0.6843033509700176,0.6843033509700176,,n_rounds>=30,568,185,PERCENT_RANK_OVER_ORDER_BY_e_stake,HF9f,THIN_ROUNDS,L5_INSUFFICIENT,0.931,Z 证据不足 · 不动作,289,1,A168_HF9F_20260827_0900,2026-08-27 09:00:00
146783170,2026-05-10,2026-05-10 22:26:44,55879,5,4,"2,3",10000.00,5000.00,1,2,TIGHTEN,0,1,v2026-08-11,2196140.0772,1995746.6471,-9711.4193,2570,2198,0.00442204,0.03842453,0.00257604,0.00442204,9711.4193,2196140.0772,OK,0.0000,-582.6852,6.0000,94.0000,AG03-UNRESOLVED,ALL5_LEVELS_bet23_to_bet27,-582.6852,-582.6852,-582.6852,-971.1419,-2913.4258,6.000000,6.000000,6.000000,10.000000,30.000000,94.000000,94.000000,94.000000,90.000000,70.000000,5.0,-5632.6232,-4629.7451,-4078.7961,-5081.6742,PENDING_AG03,FALSE,NOT_FOR_ENFORCEMENT,-9128.7342,1876001.8483,-9711.4193,-9128.7342,-582.6852,-0.00442204,-0.00415672,-582.6852,-9128.7342,-0.00415672,-582.6852,-582.6852,-582.6852,-971.1419,-2913.4258,-9128.7342,-0.00415672,-5632.6232,-4629.7451,-4078.7961,-5081.6742,-0.00185726,-0.00231391,-0.00026532,854.5292,907.9830,-4.4183,-373.5161,-24.8374,84466.9260,84.5385,1056.9095,845.7372,262.9964,864.8673,879.4301,1758.8602,2598.9778,3673.6797,439.7151,-87.6655,3.00506,4.24768,0.988047,29,147,30,8,0.05149458,-0.00442204,-0.03842453,0E-8,0.000000,0.908752,0.000000,0.03584850,2026-03-21,2026-07-09,26,391,270,111,0.234234,1.249690,1.236833,0.171649,5,0.5097001763668431,0.8659611992945326,0.8659611992945326,0.9029982363315696,0.9029982363315696,0.7010869565217391,n_rounds>=30,568,185,PERCENT_RANK_OVER_ORDER_BY_e_stake,HF9f,OK,L5_INSUFFICIENT,0.03971603,E 常规,290,1,A168_HF9F_20260827_0900,2026-08-27 09:00:00
149362863,2026-04-30,2026-04-30 21:24:11,54378,4,21,3,20000.00,5000.00,1,1,TIGHTEN,0,1,v2026-08-11,13158.0086,13158.0086,-8535.1875,20,12,0.64866864,,0.64866864,0.64866864,8535.1875,13158.0086,THIN_EXPOSURE,0.0000,-341.4075,4.0000,96.0000,AG03-UNRESOLVED,ALL5_LEVELS_bet23_to_bet27,-341.4075,-341.4075,-426.7594,-469.4353,-469.4353,4.000000,4.000000,5.000000,5.500000,5.500000,96.000000,96.000000,95.000000,94.500000,94.500000,5.0,-2048.4450,-1861.8552,-6486.7425,-6673.3324,PENDING_AG03,FALSE,NOT_FOR_ENFORCEMENT,-8193.7800,12631.6882,-8535.1875,-8193.7800,-341.4075,-0.64866864,-0.62272189,-341.4075,-8193.7800,-0.62272189,-341.4075,-341.4075,-426.7594,-469.4353,-469.4353,-8193.7800,-0.62272189,-2048.4450,-1861.8552,-6486.7425,-6673.3324,-0.49298817,-0.50716887,-0.02594675,657.9004,1096.5007,-711.2656,-8535.1875,-2845.0625,13158.0086,12.0000,,657.9004,108.1362,1027.2936,1081.3617,1081.3617,1081.3617,1081.3617,1027.2936,864.5486,1.052632,1.052632,0.640421,3,4,1,4,0E-8,-0.64866864,,0E-8,0.000000,1.000000,0.100000,,2026-05-07,2026-05-07,1,3,3,1,1.000000,,,0.000000,4,0.5114638447971781,0.9858906525573192,0.9858906525573192,0.6860670194003528,0.6860670194003528,,n_rounds>=30,568,185,PERCENT_RANK_OVER_ORDER_BY_e_stake,HF9f,THIN_ROUNDS,L5_INSUFFICIENT,0.5375131,Z 证据不足 · 不动作,291,1,A168_HF9F_20260827_0900,2026-08-27 09:00:00
145868075,2026-04-09,2026-04-09 22:03:20,55797,5,21,4,20000.00,10000.00,1,1,TIGHTEN,0,1,v2026-08-11,39527.8069,36855.6505,-7293.2694,72,61,0.18450984,,0.18450984,0.18450984,7293.2694,39527.8069,OK,0.0000,-291.7308,4.0000,96.0000,AG03-UNRESOLVED,ALL5_LEVELS_bet23_to_bet27,-291.7308,-291.7308,-364.6635,-401.1298,-401.1298,4.000000,4.000000,5.000000,5.500000,5.500000,96.000000,96.000000,95.000000,94.500000,94.500000,5.0,-1750.3847,-1590.9447,-5542.8848,-5702.3247,PENDING_AG03,FALSE,NOT_FOR_ENFORCEMENT,-7001.5387,35381.4245,-7293.2694,-7001.5387,-291.7308,-0.18450984,-0.17712945,-291.7308,-7001.5387,-0.17712945,-291.7308,-291.7308,-364.6635,-401.1298,-401.1298,-7001.5387,-0.17712945,-1750.3847,-1590.9447,-5542.8848,-5702.3247,-0.14022748,-0.1442611,-0.00738039,548.9973,604.1910,-119.5618,-607.7725,-280.5104,3293.9839,5.0833,,548.9973,43.6958,215.4476,883.0433,1528.6006,2074.7605,3114.1687,161.5857,0.0,9.630001,14.454414,2.548171,16,25,1,6,0E-8,-0.18450984,,0E-8,0.000000,0.932398,0.000000,,2026-03-30,2026-07-01,12,26,25,94,0.127660,,,0.000000,4,0.5132275132275133,0.9453262786596119,0.9453262786596119,0.7319223985890653,0.7319223985890653,0.1956521739130435,n_rounds>=30,568,185,PERCENT_RANK_OVER_ORDER_BY_e_stake,HF9f,OK,L5_INSUFFICIENT,0.23840467,E 常规,292,1,A168_HF9F_20260827_0900,2026-08-27 09:00:00
152499827,2026-07-04,2026-07-04 14:45:12,56878,4,59,"59,1,2",500.00,3000.00,1,3,RELEASE,0,1,v2026-08-11,26829.2472,25010.8291,-4602.1831,231,173,0.17153605,,0.17153605,0.17153605,4602.1831,26829.2472,OK,0.0000,-276.1310,6.0000,94.0000,AG03-UNRESOLVED,ALL5_LEVELS_bet23_to_bet27,-276.1310,-276.1310,-460.2183,-2761.3099,0.0000,6.000000,6.000000,10.000000,60.000000,0.000000,94.000000,94.000000,90.000000,40.000000,100.000000,4.0,-3773.7902,-3138.2471,-828.3930,-1463.936,PENDING_AG03,FALSE,NOT_FOR_ENFORCEMENT,-4326.0522,23510.1793,-4602.1831,-4326.0522,-276.1310,-0.17153605,-0.16124389,-276.1310,-4326.0522,-0.16124389,-276.1310,-276.1310,-460.2183,-2761.3099,0.0000,-4326.0522,-0.16124389,-3773.7902,-3138.2471,-828.3930,-1463.936,-0.03087649,-0.05456493,-0.01029216,116.1439,144.5713,-26.6022,-2301.0916,-82.1818,13414.6236,86.5000,,116.1439,34.653,51.9796,155.9387,346.5304,433.163,433.163,51.9796,0.0,8.333334,8.333334,2.234416,27,39,4,8,0E-8,-0.17153605,,0E-8,0.000000,0.932223,0.000000,,2026-07-03,2026-07-04,2,56,29,2,1.000000,,,0.000000,4,0.5149911816578483,0.9400352733686067,0.9400352733686067,0.7142857142857143,0.7142857142857143,0.14673913043478262,n_rounds>=30,568,185,PERCENT_RANK_OVER_ORDER_BY_e_stake,HF9f,OK,L5_INSUFFICIENT,0.14156524,E 常规,293,1,A168_HF9F_20260827_0900,2026-08-27 09:00:00
153435395,2026-07-25,2026-07-25 18:04:03,40210,4,"124,59,1,2,3",2,5000.00,3000.00,5,1,TIGHTEN,0,1,v2026-08-11,1716556.8082,1516259.3640,-4349.9835,312,312,0.00253413,0.00253413,,0.00253413,4349.9835,1716556.8082,OK,0.0000,-173.9993,4.0000,96.0000,AG03-UNRESOLVED,ALL5_LEVELS_bet23_to_bet27,-173.9993,-173.9993,-173.9993,-173.9993,-173.9993,4.000000,4.000000,4.000000,4.000000,4.000000,96.000000,96.000000,96.000000,96.000000,96.000000,5.0,-869.9967,-803.1257,-3479.9868,-3546.8578,PENDING_AG03,FALSE,NOT_FOR_ENFORCEMENT,-4175.9841,1455608.9894,-4349.9835,-4175.9841,-173.9993,-0.00253413,-0.00243277,-173.9993,-4175.9841,-0.00243277,-173.9993,-173.9993,-173.9993,-173.9993,-173.9993,-4175.9841,-0.00243277,-869.9967,-803.1257,-3479.9868,-3546.8578,-0.00202731,-0.00206626,-0.00010137,5501.7846,4859.8057,-13.9423,-1087.4959,-76.3155,429139.2020,78.0000,5501.7846,,3396.739,6756.7568,6793.478,10135.1348,10190.2178,11453.0859,3396.739,0.0,1.508152,1.695057,0.814264,24,44,3,2,1.00000000,-0.00253413,-0.00253413,0E-8,0.000000,0.883314,0.000000,,2026-07-25,2026-08-06,4,57,41,13,0.307692,,1.000000,3.333333,5,0.5167548500881834,0.8589065255731922,0.8589065255731922,0.8835978835978836,0.8835978835978836,0.6413043478260869,n_rounds>=30,568,185,PERCENT_RANK_OVER_ORDER_BY_e_stake,HF9f,OK,L5_INSUFFICIENT,0.10541499,E 常规,294,1,A168_HF9F_20260827_0900,2026-08-27 09:00:00
149978417,2026-05-30,2026-05-30 01:06:49,54378,4,21,3,20000.00,5000.00,1,1,TIGHTEN,0,1,v2026-08-11,4270.5842,4270.5842,-4270.5842,4,4,1.00000000,,1.00000000,1.00000000,4270.5842,4270.5842,THIN_EXPOSURE,0.0000,-170.8234,4.0000,96.0000,AG03-UNRESOLVED,ALL5_LEVELS_bet23_to_bet27,-170.8234,-170.8234,-213.5292,-234.8821,-234.8821,4.000000,4.000000,5.000000,5.500000,5.500000,96.000000,96.000000,95.000000,94.500000,94.500000,5.0,-1024.9402,-931.5799,-3245.6440,-3339.0043,PENDING_AG03,FALSE,NOT_FOR_ENFORCEMENT,-4099.7608,4099.7608,-4270.5842,-4099.7608,-170.8234,-1.00000000,-0.96000000,-170.8234,-4099.7608,-0.96000000,-170.8234,-170.8234,-213.5292,-234.8821,-234.8821,-4099.7608,-0.96000000,-1024.9402,-931.5799,-3245.6440,-3339.0043,-0.76000000,-0.78186125,-0.04000000,1067.6461,1067.6461,-1067.6461,-4270.5842,-4270.5842,4270.5842,4.0000,,1067.6461,1067.646,1067.646,1067.646,1067.646,1067.646,1067.646,1067.646,1067.646,1.0,1.0,1.0,1,1,1,1,0E-8,-1.00000000,,0E-8,0.000000,1.000000,1.000000,,2026-07-07,2026-07-07,1,1,1,1,1.000000,,,0.000000,4,0.5185185185185185,0.9929453262786596,0.9929453262786596,0.6190476190476191,0.6190476190476191,,n_rounds>=30,568,185,PERCENT_RANK_OVER_ORDER_BY_e_stake,HF9f,THIN_ROUNDS,L5_INSUFFICIENT,0.931,Z 证据不足 · 不动作,295,1,A168_HF9F_20260827_0900,2026-08-27 09:00:00
150931948,2026-06-09,2026-06-09 02:38:08,51807,5,350,22,50000.00,30000.00,1,1,TIGHTEN,0,1,v2026-08-11,38141.0000,33681.0000,-3869.0000,133,133,0.10143940,,0.10143940,0.10143940,3869.0000,38141.0000,OK,0.0000,-116.0700,3.0000,97.0000,AG03-UNRESOLVED,ALL5_LEVELS_bet23_to_bet27,-116.0700,-116.0700,-116.0700,-116.0700,-116.0700,3.000000,3.000000,3.000000,3.000000,3.000000,97.000000,97.000000,97.000000,97.000000,97.000000,5.0,-580.3500,-546.5581,-3288.6500,-3322.4419,PENDING_AG03,FALSE,NOT_FOR_ENFORCEMENT,-3752.9300,32670.5700,-3869.0000,-3752.9300,-116.0700,-0.10143940,-0.09839621,-116.0700,-3752.9300,-0.09839621,-116.0700,-116.0700,-116.0700,-116.0700,-116.0700,-3752.9300,-0.09839621,-580.3500,-546.5581,-3288.6500,-3322.4419,-0.08622349,-0.08710946,-0.00304318,286.7744,253.2406,-29.0902,-773.8000,-82.3191,7628.2000,26.6000,,286.7744,300.0,300.0,300.0,500.0,500.0,814.4498,300.0,0.0,1.666667,2.714833,0.955915,18,32,8,2,0E-8,-0.10143940,,0E-8,0.000000,0.883065,0.015038,,2026-06-04,2026-06-14,5,47,32,11,0.454546,,,0.000000,4,0.5202821869488536,0.9347442680776014,0.9347442680776014,0.7283950617283951,0.7283950617283951,0.18478260869565216,n_rounds>=30,568,185,PERCENT_RANK_OVER_ORDER_BY_e_stake,HF9f,OK,L5_INSUFFICIENT,0.16145588,E 常规,296,1,A168_HF9F_20260827_0900,2026-08-27 09:00:00
150668217,2026-06-08,2026-06-08 16:09:28,55844,5,"4,21",21,20000.00,20000.00,2,1,FLAT,0,1,v2026-08-11,101482.3158,90641.2999,-3514.6355,214,166,0.03463298,0.03463298,,0.03463298,3514.6355,101482.3158,OK,0.0000,-140.5854,4.0000,96.0000,AG03-UNRESOLVED,ALL5_LEVELS_bet23_to_bet27,-140.5854,-140.5854,-140.5854,-140.5854,-140.5854,4.000000,4.000000,4.000000,4.000000,4.000000,96.000000,96.000000,96.000000,96.000000,96.000000,5.0,-702.9271,-648.8977,-2811.7084,-2865.7378,PENDING_AG03,FALSE,NOT_FOR_ENFORCEMENT,-3374.0500,87015.6479,-3514.6355,-3374.0500,-140.5854,-0.03463298,-0.03324767,-140.5854,-3374.0500,-0.03324767,-140.5854,-140.5854,-140.5854,-140.5854,-140.5854,-3374.0500,-0.03324767,-702.9271,-648.8977,-2811.7084,-2865.7378,-0.02770639,-0.02823879,-0.00138532,474.2164,546.0319,-21.1725,-1757.3177,-83.6818,50741.1579,83.0000,474.2164,,42.7058,251.9645,1046.441,1046.441,1046.441,2092.8821,160.1469,-21.3529,4.153129,8.306259,1.882077,26,29,2,8,1.00000000,-0.03463298,-0.03463298,0E-8,0.000000,0.893173,0.327103,,2026-07-28,2026-08-06,2,42,31,10,0.200000,,1.000000,3.333333,4,0.5220458553791887,0.9029982363315696,0.9029982363315696,0.763668430335097,0.763668430335097,0.27717391304347827,n_rounds>=30,568,185,PERCENT_RANK_OVER_ORDER_BY_e_stake,HF9f,OK,L5_INSUFFICIENT,0.14451923,E 常规,297,1,A168_HF9F_20260827_0900,2026-08-27 09:00:00
150668217,2026-07-24,2026-07-24 21:26:20,55844,5,21,4,20000.00,10000.00,1,1,TIGHTEN,0,1,v2026-08-11,101482.3158,90641.2999,-3514.6355,214,166,0.03463298,0.03463298,,0.03463298,3514.6355,101482.3158,OK,0.0000,-140.5854,4.0000,96.0000,AG03-UNRESOLVED,ALL5_LEVELS_bet23_to_bet27,-140.5854,-140.5854,-140.5854,-140.5854,-140.5854,4.000000,4.000000,4.000000,4.000000,4.000000,96.000000,96.000000,96.000000,96.000000,96.000000,5.0,-702.9271,-648.8977,-2811.7084,-2865.7378,PENDING_AG03,FALSE,NOT_FOR_ENFORCEMENT,-3374.0500,87015.6479,-3514.6355,-3374.0500,-140.5854,-0.03463298,-0.03324767,-140.5854,-3374.0500,-0.03324767,-140.5854,-140.5854,-140.5854,-140.5854,-140.5854,-3374.0500,-0.03324767,-702.9271,-648.8977,-2811.7084,-2865.7378,-0.02770639,-0.02823879,-0.00138532,474.2164,546.0319,-21.1725,-1757.3177,-83.6818,50741.1579,83.0000,474.2164,,42.7058,251.9645,1046.441,1046.441,1046.441,2092.8821,160.1469,-21.3529,4.153129,8.306259,1.882077,26,29,2,8,1.00000000,-0.03463298,-0.03463298,0E-8,0.000000,0.893173,0.327103,,2026-07-28,2026-08-06,2,42,31,10,0.200000,,1.000000,3.333333,4,0.5220458553791887,0.9029982363315696,0.9029982363315696,0.763668430335097,0.763668430335097,0.27717391304347827,n_rounds>=30,568,185,PERCENT_RANK_OVER_ORDER_BY_e_stake,HF9f,OK,L5_INSUFFICIENT,0.14451923,E 常规,298,1,A168_HF9F_20260827_0900,2026-08-27 09:00:00
149364954,2026-04-30,2026-04-30 23:38:11,54378,4,21,3,20000.00,5000.00,1,1,TIGHTEN,0,1,v2026-08-11,10356.1667,7687.0516,-3416.4674,10,10,0.32989691,0.32989691,,0.32989691,3416.4674,10356.1667,THIN_EXPOSURE,0.0000,-136.6587,4.0000,96.0000,AG03-UNRESOLVED,ALL5_LEVELS_bet23_to_bet27,-136.6587,-136.6587,-170.8234,-187.9057,-187.9057,4.000000,4.000000,5.000000,5.500000,5.500000,96.000000,96.000000,95.000000,94.500000,94.500000,5.0,-819.9522,-745.2639,-2596.5152,-2671.2034,PENDING_AG03,FALSE,NOT_FOR_ENFORCEMENT,-3279.8087,7379.5695,-3416.4674,-3279.8087,-136.6587,-0.32989691,-0.31670103,-136.6587,-3279.8087,-0.31670103,-136.6587,-136.6587,-170.8234,-187.9057,-187.9057,-3279.8087,-0.31670103,-819.9522,-745.2639,-2596.5152,-2671.2034,-0.25072165,-0.25793361,-0.01319588,1035.6167,768.7052,-341.6467,-3416.4674,-1138.8225,10356.1667,10.0000,1035.6167,,1067.646,1067.646,1067.646,1067.646,1067.646,1067.646,1067.646,640.5876,1.0,1.0,0.97,3,3,1,2,1.00000000,-0.32989691,-0.32989691,0E-8,0.000000,0.742268,0.900000,,2026-07-11,2026-07-11,1,3,3,1,1.000000,,1.000000,3.333333,4,0.5255731922398589,0.9682539682539683,0.9682539682539683,0.6613756613756614,0.6613756613756614,,n_rounds>=30,568,185,PERCENT_RANK_OVER_ORDER_BY_e_stake,HF9f,THIN_ROUNDS,L5_INSUFFICIENT,0.5888161,Z 证据不足 · 不动作,299,1,A168_HF9F_20260827_0900,2026-08-27 09:00:00
147715636,2026-04-30,2026-04-30 17:46:21,54378,4,21,3,20000.00,5000.00,1,1,TIGHTEN,0,1,v2026-08-11,337306.5894,290755.3889,-3175.7505,1141,528,0.00941503,,0.00941503,0.00941503,3175.7505,337306.5894,OK,0.0000,-127.0300,4.0000,96.0000,AG03-UNRESOLVED,ALL5_LEVELS_bet23_to_bet27,-127.0300,-127.0300,-158.7875,-174.6663,-174.6663,4.000000,4.000000,5.000000,5.500000,5.500000,96.000000,96.000000,95.000000,94.500000,94.500000,5.0,-762.1801,-692.7543,-2413.5704,-2482.9963,PENDING_AG03,FALSE,NOT_FOR_ENFORCEMENT,-3048.7205,279125.1733,-3175.7505,-3048.7205,-127.0300,-0.00941503,-0.00903843,-127.0300,-3048.7205,-0.00903843,-127.0300,-127.0300,-158.7875,-174.6663,-174.6663,-3048.7205,-0.00903843,-762.1801,-692.7543,-2413.5704,-2482.9963,-0.00715542,-0.00736124,-0.00037660,295.6237,550.6731,-6.0147,-635.1501,-29.1353,67461.3179,105.6000,,295.6237,43.6958,65.5437,524.568,764.6763,1026.8511,1422.1377,43.6958,-43.6958,15.666667,21.697554,4.51033,30,42,2,8,0E-8,-0.00941503,,0E-8,0.000000,0.861991,0.333041,,2026-03-24,2026-06-09,5,109,34,78,0.064103,,,0.000000,5,0.527336860670194,0.8694885361552028,0.8694885361552028,0.8042328042328042,0.8042328042328042,0.40217391304347827,n_rounds>=30,568,185,PERCENT_RANK_OVER_ORDER_BY_e_stake,HF9f,OK,L5_INSUFFICIENT,0.08103315,E 常规,300,1,A168_HF9F_20260827_0900,2026-08-27 09:00:00
150706810,2026-05-29,2026-05-29 12:57:17,54378,4,21,3,20000.00,5000.00,1,1,TIGHTEN,0,1,v2026-08-11,6149.6413,5423.6420,-3106.8500,8,8,0.50520833,0.50520833,,0.50520833,3106.8500,6149.6413,THIN_EXPOSURE,0.0000,-124.2740,4.0000,96.0000,AG03-UNRESOLVED,ALL5_LEVELS_bet23_to_bet27,-124.2740,-124.2740,-155.3425,-170.8768,-170.8768,4.000000,4.000000,5.000000,5.500000,5.500000,96.000000,96.000000,95.000000,94.500000,94.500000,5.0,-745.6440,-677.7244,-2361.2060,-2429.1256,PENDING_AG03,FALSE,NOT_FOR_ENFORCEMENT,-2982.5760,5206.6963,-3106.8500,-2982.5760,-124.2740,-0.50520833,-0.48500000,-124.2740,-2982.5760,-0.48500000,-124.2740,-124.2740,-155.3425,-170.8768,-170.8768,-2982.5760,-0.48500000,-745.6440,-677.7244,-2361.2060,-2429.1256,-0.38395833,-0.39500282,-0.02020833,768.7052,677.9552,-388.3563,-1553.4250,-621.3700,3074.8206,4.0000,768.7052,,544.4995,896.8226,1067.646,1067.646,1067.646,1067.646,896.8226,544.4995,1.190476,1.190476,0.857143,4,5,1,2,1.00000000,-0.50520833,-0.50520833,0E-8,0.000000,0.881944,0.625000,,2026-07-26,2026-07-27,2,5,4,2,1.000000,,1.000000,3.333333,4,0.5291005291005291,0.9805996472663139,0.9805996472663139,0.6472663139329806,0.6472663139329806,,n_rounds>=30,568,185,PERCENT_RANK_OVER_ORDER_BY_e_stake,HF9f,THIN_ROUNDS,L5_INSUFFICIENT,0.65831641,Z 证据不足 · 不动作,301,1,A168_HF9F_20260827_0900,2026-08-27 09:00:00
143364727,2026-07-31,2026-07-31 15:40:08,46984,3,"1,2,3","1,3",5000.00,5000.00,3,2,FLAT,0,1,v2026-08-11,27479.7012,23627.4533,-2793.8842,308,304,0.10167084,0.10167084,,0.09393250,2793.8842,27479.7012,OK,212.6471,-167.6331,6.0000,94.0000,AG03-UNRESOLVED,ALL5_LEVELS_bet23_to_bet27,-167.6331,-279.3884,-279.3884,0.0000,0.0000,6.000000,10.000000,10.000000,0.000000,0.000000,94.000000,90.000000,90.000000,100.000000,100.000000,3.0,-726.4099,-666.6208,-2280.1214,-2339.9105,PENDING_AG03,FALSE,NOT_FOR_ENFORCEMENT,-2626.2512,22209.8061,-3006.5313,-2838.8982,-380.2801,-0.10940917,-0.10330892,-167.6331,-2838.8982,-0.10330892,-167.6331,-279.3884,-279.3884,0.0000,0.0000,-2838.8982,-0.10330892,-726.4099,-666.6208,-2280.1214,-2339.9105,-0.08297475,-0.08515051,-0.01383858,89.2198,77.7219,-9.1904,-399.1263,-99.7816,3925.6716,43.4286,89.2198,,43.0737,43.3163,86.1475,212.7841,259.8978,553.068,43.0737,0.0,6.0,12.768128,2.059729,9,31,7,2,1.00000000,-0.10167084,-0.10167084,0.00900000,0.900000,0.859815,0.000000,,2026-07-31,2026-08-06,7,28,21,7,1.000000,,1.000000,3.333333,4,0.5308641975308642,0.9365079365079365,0.9365079365079365,0.7160493827160493,0.7160493827160493,0.15217391304347827,n_rounds>=30,568,185,PERCENT_RANK_OVER_ORDER_BY_e_stake,HF9f,OK,L5_INSUFFICIENT,0.10679302,E 常规,302,1,A168_HF9F_20260827_0900,2026-08-27 09:00:00
142784566,2026-05-26,2026-05-26 11:42:06,54378,4,21,4,20000.00,10000.00,1,1,TIGHTEN,0,1,v2026-08-11,76162.5042,66652.5597,-2518.8006,431,407,0.03307140,,0.03307140,0.03307140,2518.8006,76162.5042,OK,0.0000,-100.7520,4.0000,96.0000,AG03-UNRESOLVED,ALL5_LEVELS_bet23_to_bet27,-100.7520,-100.7520,-125.9400,-138.5340,-138.5340,4.000000,4.000000,5.000000,5.500000,5.500000,96.000000,96.000000,95.000000,94.500000,94.500000,5.0,-604.5121,-549.448,-1914.2885,-1969.3526,PENDING_AG03,FALSE,NOT_FOR_ENFORCEMENT,-2418.0486,63986.4573,-2518.8006,-2418.0486,-100.7520,-0.03307140,-0.03174854,-100.7520,-2418.0486,-0.03174854,-100.7520,-100.7520,-125.9400,-138.5340,-138.5340,-2418.0486,-0.03174854,-604.5121,-549.448,-1914.2885,-1969.3526,-0.02513426,-0.02585725,-0.00132286,176.7111,163.7655,-6.1887,-629.7001,-68.0757,19040.6261,101.7500,,176.7111,107.6519,107.6519,215.3038,375.4279,430.6076,863.6283,107.6519,0.0,4.0,8.022416,1.641505,18,23,3,8,0E-8,-0.03307140,,0E-8,0.000000,0.875136,0.937355,,2026-03-30,2026-06-13,4,37,28,76,0.052632,,,0.000000,4,0.5326278659611993,0.8994708994708994,0.8994708994708994,0.7566137566137566,0.7566137566137566,0.2554347826086957,n_rounds>=30,568,185,PERCENT_RANK_OVER_ORDER_BY_e_stake,HF9f,OK,L5_INSUFFICIENT,0.09229591,E 常规,303,1,A168_HF9F_20260827_0900,2026-08-27 09:00:00
123467418,2026-05-06,2026-05-06 22:56:59,46984,3,"1,3,4","3,4",10000.00,10000.00,3,2,FLAT,0,1,v2026-08-11,206420.2169,187740.7668,-641.8507,1516,1506,0.00310944,,0.00310944,-0.00507613,641.8507,206420.2169,OK,1689.6669,-38.5110,6.0000,94.0000,AG03-UNRESOLVED,ALL5_LEVELS_bet23_to_bet27,-38.5110,-64.1851,-64.1851,0.0000,0.0000,6.000000,10.000000,10.000000,0.000000,0.000000,94.000000,90.000000,90.000000,100.000000,100.000000,3.0,-166.8812,-153.1456,-2164.6364,-2178.372,PENDING_AG03,FALSE,NOT_FOR_ENFORCEMENT,-603.3396,176476.3208,-2331.5176,-2293.0065,-1728.1779,-0.01129501,-0.01110844,-38.5110,-2293.0065,-0.01110844,-38.5110,-64.1851,-64.1851,0.0000,0.0000,-2293.0065,-0.01110844,-166.8812,-153.1456,-2164.6364,-2178.372,-0.01048655,-0.01055309,-0.00837214,136.1611,124.6619,-0.4262,-21.3950,-6.9766,6880.6739,50.2000,,136.1611,43.6453,61.1034,87.2905,182.4374,349.162,1562.3105,60.771,0.0,5.714286,25.568328,2.228374,11,80,7,3,0E-8,-0.00310944,,0.00900000,0.900000,0.909508,0.000660,,2026-05-04,2026-06-07,30,92,75,35,0.857143,,,0.000000,4,0.5343915343915344,0.8624338624338624,0.8624338624338624,0.781305114638448,0.781305114638448,0.33152173913043476,n_rounds>=30,568,185,PERCENT_RANK_OVER_ORDER_BY_e_stake,HF9f,OK,L5_INSUFFICIENT,0.04798077,E 常规,304,1,A168_HF9F_20260827_0900,2026-08-27 09:00:00
123467418,2026-05-07,2026-05-07 19:10:08,46984,3,"3,4","1,3,4",10000.00,10000.00,2,3,FLAT,0,1,v2026-08-11,206420.2169,187740.7668,-641.8507,1516,1506,0.00310944,,0.00310944,-0.00507613,641.8507,206420.2169,OK,1689.6669,-38.5110,6.0000,94.0000,AG03-UNRESOLVED,ALL5_LEVELS_bet23_to_bet27,-38.5110,-64.1851,-64.1851,0.0000,0.0000,6.000000,10.000000,10.000000,0.000000,0.000000,94.000000,90.000000,90.000000,100.000000,100.000000,3.0,-166.8812,-153.1456,-2164.6364,-2178.372,PENDING_AG03,FALSE,NOT_FOR_ENFORCEMENT,-603.3396,176476.3208,-2331.5176,-2293.0065,-1728.1779,-0.01129501,-0.01110844,-38.5110,-2293.0065,-0.01110844,-38.5110,-64.1851,-64.1851,0.0000,0.0000,-2293.0065,-0.01110844,-166.8812,-153.1456,-2164.6364,-2178.372,-0.01048655,-0.01055309,-0.00837214,136.1611,124.6619,-0.4262,-21.3950,-6.9766,6880.6739,50.2000,,136.1611,43.6453,61.1034,87.2905,182.4374,349.162,1562.3105,60.771,0.0,5.714286,25.568328,2.228374,11,80,7,3,0E-8,-0.00310944,,0.00900000,0.900000,0.909508,0.000660,,2026-05-04,2026-06-07,30,92,75,35,0.857143,,,0.000000,4,0.5343915343915344,0.8624338624338624,0.8624338624338624,0.781305114638448,0.781305114638448,0.33152173913043476,n_rounds>=30,568,185,PERCENT_RANK_OVER_ORDER_BY_e_stake,HF9f,OK,L5_INSUFFICIENT,0.04798077,E 常规,305,1,A168_HF9F_20260827_0900,2026-08-27 09:00:00
141965247,2026-05-26,2026-05-26 11:41:43,54378,4,21,4,20000.00,10000.00,1,1,TIGHTEN,0,1,v2026-08-11,41601.8688,35681.0144,-2274.4570,118,117,0.05467199,,0.05467199,0.05467199,2274.4570,41601.8688,OK,0.0000,-90.9783,4.0000,96.0000,AG03-UNRESOLVED,ALL5_LEVELS_bet23_to_bet27,-90.9783,-90.9783,-113.7229,-125.0951,-125.0951,4.000000,4.000000,5.000000,5.500000,5.500000,96.000000,96.000000,95.000000,94.500000,94.500000,5.0,-545.8697,-496.1472,-1728.5873,-1778.3098,PENDING_AG03,FALSE,NOT_FOR_ENFORCEMENT,-2183.4787,34253.7739,-2274.4570,-2183.4787,-90.9783,-0.05467199,-0.05248511,-90.9783,-2183.4787,-0.05248511,-90.9783,-90.9783,-113.7229,-125.0951,-125.0951,-2183.4787,-0.05248511,-545.8697,-496.1472,-1728.5873,-1778.3098,-0.04155071,-0.04274591,-0.00218688,352.5582,304.9659,-19.4398,-379.0762,-142.1536,6933.6448,19.5000,,352.5582,215.3038,322.9557,430.6076,645.9114,861.2151,1147.2756,215.3038,0.0,2.666667,3.552424,1.091661,9,17,6,3,0E-8,-0.05467199,,0E-8,0.000000,0.857678,0.889831,,2026-05-08,2026-06-13,6,16,14,37,0.162162,,,0.000000,4,0.5379188712522046,0.9171075837742504,0.9171075837742504,0.7354497354497355,0.7354497354497355,0.20108695652173914,n_rounds>=30,568,185,PERCENT_RANK_OVER_ORDER_BY_e_stake,HF9f,OK,L5_INSUFFICIENT,0.17214196,E 常规,306,1,A168_HF9F_20260827_0900,2026-08-27 09:00:00
140702365,2026-05-26,2026-05-26 11:42:28,54378,4,21,4,20000.00,10000.00,1,1,TIGHTEN,0,1,v2026-08-11,36002.0246,30887.1954,-2245.9054,295,295,0.06238275,,0.06238275,0.06238275,2245.9054,36002.0246,OK,0.0000,-89.8362,4.0000,96.0000,AG03-UNRESOLVED,ALL5_LEVELS_bet23_to_bet27,-89.8362,-89.8362,-112.2953,-123.5248,-123.5248,4.000000,4.000000,5.000000,5.500000,5.500000,96.000000,96.000000,95.000000,94.500000,94.500000,5.0,-539.0173,-489.919,-1706.8881,-1755.9864,PENDING_AG03,FALSE,NOT_FOR_ENFORCEMENT,-2156.0692,29651.7076,-2245.9054,-2156.0692,-89.8362,-0.06238275,-0.05988744,-89.8362,-2156.0692,-0.05988744,-89.8362,-89.8362,-112.2953,-123.5248,-123.5248,-2156.0692,-0.05988744,-539.0173,-489.919,-1706.8881,-1755.9864,-0.04741089,-0.04877466,-0.00249531,122.0408,104.7024,-7.6132,-561.4763,-118.2055,9000.5062,73.7500,,122.0408,107.6519,107.6519,107.6519,215.3038,215.3038,322.9557,107.6519,0.0,2.0,3.0,1.133661,12,21,3,2,0E-8,-0.06238275,,0E-8,0.000000,0.857929,1.000000,,2026-04-23,2026-06-13,4,19,18,52,0.076923,,,0.000000,4,0.5396825396825397,0.9241622574955908,0.9241622574955908,0.7266313932980599,0.7266313932980599,0.1793478260869565,n_rounds>=30,568,185,PERCENT_RANK_OVER_ORDER_BY_e_stake,HF9f,OK,L5_INSUFFICIENT,0.10840983,E 常规,307,1,A168_HF9F_20260827_0900,2026-08-27 09:00:00
149769611,2026-08-04,2026-08-04 00:39:38,51807,5,350,21,50000.00,20000.00,1,1,TIGHTEN,0,1,v2026-08-11,10130.0000,9360.0000,-1944.9000,50,50,0.19199408,-1.00000000,0.23946828,0.19199408,1944.9000,10130.0000,OK,0.0000,-58.3470,3.0000,97.0000,AG03-UNRESOLVED,ALL5_LEVELS_bet23_to_bet27,-58.3470,-58.3470,-58.3470,-58.3470,-58.3470,3.000000,3.000000,3.000000,3.000000,3.000000,97.000000,97.000000,97.000000,97.000000,97.000000,5.0,-291.7350,-274.7482,-1653.1650,-1670.1518,PENDING_AG03,FALSE,NOT_FOR_ENFORCEMENT,-1886.5530,9079.2000,-1944.9000,-1886.5530,-58.3470,-0.19199408,-0.18623425,-58.3470,-1886.5530,-0.18623425,-58.3470,-58.3470,-58.3470,-58.3470,-58.3470,-1886.5530,-0.18623425,-291.7350,-274.7482,-1653.1650,-1670.1518,-0.16319497,-0.16487185,-0.00575982,202.6000,187.2000,-38.8980,-324.1500,-81.0375,1688.3333,8.3333,388.0000,198.8163,100.0,200.0,290.0,300.0,388.0,800.0,197.5,80.0,1.94,4.0,1.013,16,19,7,2,0.03830207,-0.19199408,1.00000000,0E-8,0.000000,0.923988,0.000000,-1.23946828,2026-05-09,2026-07-11,6,24,20,64,0.093750,1.951550,1.915104,0.127674,4,0.5414462081128748,0.9506172839506173,0.9506172839506173,0.6596119929453262,0.6596119929453262,0.059782608695652176,n_rounds>=30,568,185,PERCENT_RANK_OVER_ORDER_BY_e_stake,HF9f,OK,L5_INSUFFICIENT,0.26332657,E 常规,308,1,A168_HF9F_20260827_0900,2026-08-27 09:00:00
113817549,2026-04-19,2026-04-19 19:34:07,47020,5,3,30,5000.00,50000.00,1,1,RELEASE,0,1,v2026-08-11,13573.1983,13573.1983,-1906.7112,13,13,0.14047619,,0.14047619,0.14047619,1906.7112,13573.1983,THIN_EXPOSURE,0.0000,-76.2684,4.0000,96.0000,AG03-UNRESOLVED,ALL5_LEVELS_bet23_to_bet27,-76.2684,-76.2684,-76.2684,-76.2684,0.0000,4.000000,4.000000,4.000000,4.000000,0.000000,96.000000,96.000000,96.000000,96.000000,100.000000,5.0,-305.0738,-287.2526,-1601.6374,-1619.4586,PENDING_AG03,FALSE,NOT_FOR_ENFORCEMENT,-1830.4427,13030.2704,-1906.7112,-1830.4427,-76.2684,-0.14047619,-0.13485714,-76.2684,-1830.4427,-0.13485714,-76.2684,-76.2684,-76.2684,-76.2684,0.0000,-1830.4427,-0.13485714,-305.0738,-287.2526,-1601.6374,-1619.4586,-0.11800000,-0.11931297,-0.00561905,1044.0922,1044.0922,-146.6701,-1906.7112,-1906.7112,13573.1983,13.0000,,1044.0922,215.4476,646.3428,861.7904,3102.4448,4782.9351,5170.7422,646.3428,-215.4476,7.399998,8.0,1.615385,1,2,1,2,0E-8,-0.14047619,,0E-8,0.000000,1.000000,0.000000,,2026-04-27,2026-04-27,1,1,1,1,1.000000,,,0.000000,4,0.5432098765432098,0.9382716049382716,0.9382716049382716,0.6878306878306878,0.6878306878306878,,n_rounds>=30,568,185,PERCENT_RANK_OVER_ORDER_BY_e_stake,HF9f,THIN_ROUNDS,L5_INSUFFICIENT,0.51642588,Z 证据不足 · 不动作,309,1,A168_HF9F_20260827_0900,2026-08-27 09:00:00
151145410,2026-06-10,2026-06-10 01:58:53,40210,4,"124,59,1,2,3",1,5000.00,1000.00,5,1,TIGHTEN,0,1,v2026-08-11,2368.0650,2368.0650,-1657.6455,3,3,0.70000000,,0.70000000,0.70000000,1657.6455,2368.0650,THIN_EXPOSURE,0.0000,-66.3058,4.0000,96.0000,AG03-UNRESOLVED,ALL5_LEVELS_bet23_to_bet27,-66.3058,-66.3058,-66.3058,-66.3058,-66.3058,4.000000,4.000000,4.000000,4.000000,4.000000,96.000000,96.000000,96.000000,96.000000,96.000000,5.0,-331.5291,-306.0466,-1326.1164,-1351.5989,PENDING_AG03,FALSE,NOT_FOR_ENFORCEMENT,-1591.3396,2273.3424,-1657.6455,-1591.3396,-66.3058,-0.70000000,-0.67200000,-66.3058,-1591.3396,-0.67200000,-66.3058,-66.3058,-66.3058,-66.3058,-66.3058,-1591.3396,-0.67200000,-331.5291,-306.0466,-1326.1164,-1351.5989,-0.56000000,-0.57076089,-0.02800000,789.3550,789.3550,-552.5485,-1657.6455,-1657.6455,2368.0650,3.0000,,789.3550,422.8687,676.59,1184.0325,1353.1799,1353.1799,1353.1799,676.59,642.7605,2.0,2.0,1.166667,1,1,1,2,0E-8,-0.70000000,,0E-8,0.000000,1.000000,0.000000,,2026-06-12,2026-06-12,1,1,1,1,1.000000,,,0.000000,3,0.544973544973545,0.9876543209876543,0.9876543209876543,0.5837742504409171,0.5837742504409171,,n_rounds>=30,568,185,PERCENT_RANK_OVER_ORDER_BY_e_stake,HF9f,THIN_ROUNDS,L5_INSUFFICIENT,1.0750262,Z 证据不足 · 不动作,310,1,A168_HF9F_20260827_0900,2026-08-27 09:00:00
152010278,2026-06-25,2026-06-25 09:40:07,40210,4,"124,59,1,2,3",1,5000.00,1000.00,5,1,TIGHTEN,0,1,v2026-08-11,6183953.1700,5286618.2543,-1463.2132,2726,2147,0.00023661,-0.08363457,0.01732682,0.00023661,1463.2132,6183953.1700,OK,0.0000,-58.5285,4.0000,96.0000,AG03-UNRESOLVED,ALL5_LEVELS_bet23_to_bet27,-58.5285,-58.5285,-58.5285,-58.5285,-58.5285,4.000000,4.000000,4.000000,4.000000,4.000000,96.000000,96.000000,96.000000,96.000000,96.000000,5.0,-292.6426,-270.1491,-1170.5705,-1193.0641,PENDING_AG03,FALSE,NOT_FOR_ENFORCEMENT,-1404.6847,5075153.5242,-1463.2132,-1404.6847,-58.5285,-0.00023661,-0.00022715,-58.5285,-1404.6847,-0.00022715,-58.5285,-58.5285,-58.5285,-58.5285,-58.5285,-1404.6847,-0.00022715,-292.6426,-270.1491,-1170.5705,-1193.0641,-0.00018929,-0.00019293,-0.00000946,2268.5081,2462.3280,-0.6815,-91.4508,-3.5173,386497.0731,134.1875,2140.6681,2296.4535,679.3478,2038.0435,3396.739,3736.4131,4755.4346,6793.478,1358.6957,-339.6739,2.333333,3.333333,1.113081,29,144,24,8,0.16927468,-0.00023661,0.08363457,0E-8,0.000000,0.854893,0.001101,-0.10096139,2026-06-24,2026-07-09,16,416,253,16,1.000000,0.932163,0.943646,0.564249,5,0.54673721340388,0.8500881834215167,0.8500881834215167,0.9576719576719577,0.9576719576719577,0.8695652173913043,n_rounds>=30,568,185,PERCENT_RANK_OVER_ORDER_BY_e_stake,HF9f,OK,L5_INSUFFICIENT,0.04018497,E 常规,311,1,A168_HF9F_20260827_0900,2026-08-27 09:00:00
152010278,2026-07-09,2026-07-09 13:54:17,40210,4,1,2,1000.00,3000.00,1,1,RELEASE,0,1,v2026-08-11,6183953.1700,5286618.2543,-1463.2132,2726,2147,0.00023661,-0.08363457,0.01732682,0.00023661,1463.2132,6183953.1700,OK,0.0000,-58.5285,4.0000,96.0000,AG03-UNRESOLVED,ALL5_LEVELS_bet23_to_bet27,-58.5285,-58.5285,-58.5285,-58.5285,-58.5285,4.000000,4.000000,4.000000,4.000000,4.000000,96.000000,96.000000,96.000000,96.000000,96.000000,5.0,-292.6426,-270.1491,-1170.5705,-1193.0641,PENDING_AG03,FALSE,NOT_FOR_ENFORCEMENT,-1404.6847,5075153.5242,-1463.2132,-1404.6847,-58.5285,-0.00023661,-0.00022715,-58.5285,-1404.6847,-0.00022715,-58.5285,-58.5285,-58.5285,-58.5285,-58.5285,-1404.6847,-0.00022715,-292.6426,-270.1491,-1170.5705,-1193.0641,-0.00018929,-0.00019293,-0.00000946,2268.5081,2462.3280,-0.6815,-91.4508,-3.5173,386497.0731,134.1875,2140.6681,2296.4535,679.3478,2038.0435,3396.739,3736.4131,4755.4346,6793.478,1358.6957,-339.6739,2.333333,3.333333,1.113081,29,144,24,8,0.16927468,-0.00023661,0.08363457,0E-8,0.000000,0.854893,0.001101,-0.10096139,2026-06-24,2026-07-09,16,416,253,16,1.000000,0.932163,0.943646,0.564249,5,0.54673721340388,0.8500881834215167,0.8500881834215167,0.9576719576719577,0.9576719576719577,0.8695652173913043,n_rounds>=30,568,185,PERCENT_RANK_OVER_ORDER_BY_e_stake,HF9f,OK,L5_INSUFFICIENT,0.04018497,E 常规,312,1,A168_HF9F_20260827_0900,2026-08-27 09:00:00
150932474,2026-06-03,2026-06-03 14:26:23,54378,4,21,3,20000.00,5000.00,1,1,TIGHTEN,0,1,v2026-08-11,7263.2168,6233.5888,-1341.3823,35,27,0.18468157,0.25000000,0.00101695,0.18468157,1341.3823,7263.2168,OK,0.0000,-53.6553,4.0000,96.0000,AG03-UNRESOLVED,ALL5_LEVELS_bet23_to_bet27,-53.6553,-53.6553,-67.0691,-73.7760,-73.7760,4.000000,4.000000,5.000000,5.500000,5.500000,96.000000,96.000000,95.000000,94.500000,94.500000,5.0,-321.9317,-292.6075,-1019.4505,-1048.7748,PENDING_AG03,FALSE,NOT_FOR_ENFORCEMENT,-1287.7270,5984.2452,-1341.3823,-1287.7270,-53.6553,-0.18468157,-0.17729431,-53.6553,-1287.7270,-0.17729431,-53.6553,-53.6553,-67.0691,-73.7760,-73.7760,-1287.7270,-0.17729431,-321.9317,-292.6075,-1019.4505,-1048.7748,-0.14035799,-0.14439536,-0.00738726,207.5205,230.8737,-49.6808,-447.1274,-167.6728,2421.0723,9.0000,382.6984,90.7352,62.4381,107.6519,107.6519,732.5087,941.7969,941.7969,104.6441,0.0,8.74854,8.74854,1.927699,8,8,2,5,0.73765913,-0.18468157,-0.25000000,0E-8,0.000000,0.858241,0.000000,0.24898305,2026-06-10,2026-08-04,3,8,8,56,0.053571,4.217752,1.844148,2.458864,4,0.5502645502645502,0.9470899470899471,0.9470899470899471,0.6525573192239859,0.6525573192239859,,n_rounds>=30,568,185,PERCENT_RANK_OVER_ORDER_BY_e_stake,HF9f,THIN_ROUNDS,L5_INSUFFICIENT,0.35834207,Z 证据不足 · 不动作,313,1,A168_HF9F_20260827_0900,2026-08-27 09:00:00
145893301,2026-04-09,2026-04-09 23:09:24,54378,4,21,4,20000.00,10000.00,1,1,TIGHTEN,0,1,v2026-08-11,39215.5561,34632.4669,-1236.4747,84,84,0.03153021,0.06336290,0.00748957,0.03153021,1236.4747,39215.5561,OK,0.0000,-49.4590,4.0000,96.0000,AG03-UNRESOLVED,ALL5_LEVELS_bet23_to_bet27,-49.4590,-49.4590,-61.8237,-68.0061,-68.0061,4.000000,4.000000,5.000000,5.500000,5.500000,96.000000,96.000000,95.000000,94.500000,94.500000,5.0,-296.7539,-269.7231,-939.7208,-966.7517,PENDING_AG03,FALSE,NOT_FOR_ENFORCEMENT,-1187.0158,33247.1682,-1236.4747,-1187.0158,-49.4590,-0.03153021,-0.03026900,-49.4590,-1187.0158,-0.03026900,-49.4590,-49.4590,-61.8237,-68.0061,-68.0061,-1187.0158,-0.03026900,-296.7539,-269.7231,-939.7208,-966.7517,-0.02396296,-0.02465225,-0.00126121,466.8519,412.2913,-14.7199,-154.5593,-32.5388,4901.9445,10.5000,1687.3292,301.9225,215.4476,323.1714,430.8952,882.7452,2135.292,2135.292,253.1509,20.4675,6.607305,6.607305,1.444595,22,29,1,2,0.43027037,-0.03153021,-0.06336290,0E-8,0.000000,0.883131,0.130952,0.05587333,2026-04-01,2026-07-28,8,38,36,119,0.067227,5.588617,3.614271,1.434235,4,0.5520282186948854,0.8977072310405644,0.8977072310405644,0.7301587301587301,0.7301587301587301,0.19021739130434784,n_rounds>=30,568,185,PERCENT_RANK_OVER_ORDER_BY_e_stake,HF9f,OK,L5_INSUFFICIENT,0.20316086,E 常规,314,1,A168_HF9F_20260827_0900,2026-08-27 09:00:00
152375367,2026-07-02,2026-07-02 22:20:24,40210,4,"124,59,1,2,3",1,5000.00,1000.00,5,1,TIGHTEN,0,1,v2026-08-11,2989.1304,2581.5217,-1127.7174,12,6,0.37727273,0.20882353,0.95000000,0.37727273,1127.7174,2989.1304,THIN_EXPOSURE,0.0000,-45.1087,4.0000,96.0000,AG03-UNRESOLVED,ALL5_LEVELS_bet23_to_bet27,-45.1087,-45.1087,-45.1087,-45.1087,-45.1087,4.000000,4.000000,4.000000,4.000000,4.000000,96.000000,96.000000,96.000000,96.000000,96.000000,5.0,-225.5435,-208.2074,-902.1739,-919.51,PENDING_AG03,FALSE,NOT_FOR_ENFORCEMENT,-1082.6087,2478.2609,-1127.7174,-1082.6087,-45.1087,-0.37727273,-0.36218182,-45.1087,-1082.6087,-0.36218182,-45.1087,-45.1087,-45.1087,-45.1087,-45.1087,-1082.6087,-0.36218182,-225.5435,-208.2074,-902.1739,-919.51,-0.30181818,-0.30761788,-0.01509091,249.0942,430.2536,-187.9529,-563.8587,-563.8587,1494.5652,3.0000,209.9802,679.3478,67.9348,169.837,407.6087,536.6846,658.9673,679.3478,67.9348,-67.9348,3.879999,4.0,1.466667,2,2,2,5,0.77272727,-0.37727273,-0.20882353,0E-8,0.000000,0.863636,0.000000,-0.74117647,2026-07-02,2026-07-20,2,2,2,19,0.105263,0.309091,0.842975,2.575758,4,0.5537918871252204,0.9753086419753086,0.9753086419753086,0.6067019400352733,0.6067019400352733,,n_rounds>=30,568,185,PERCENT_RANK_OVER_ORDER_BY_e_stake,HF9f,THIN_ROUNDS,L5_INSUFFICIENT,0.76015832,Z 证据不足 · 不动作,315,1,A168_HF9F_20260827_0900,2026-08-27 09:00:00
143542897,2026-07-25,2026-07-25 11:33:25,54378,4,21,4,20000.00,10000.00,1,1,TIGHTEN,0,1,v2026-08-11,21288.6373,19035.3488,-886.6521,180,101,0.04164908,,0.04164908,0.04164908,886.6521,21288.6373,OK,0.0000,-35.4661,4.0000,96.0000,AG03-UNRESOLVED,ALL5_LEVELS_bet23_to_bet27,-35.4661,-35.4661,-44.3326,-48.7659,-48.7659,4.000000,4.000000,5.000000,5.500000,5.500000,96.000000,96.000000,95.000000,94.500000,94.500000,5.0,-212.7965,-193.4132,-673.8556,-693.2389,PENDING_AG03,FALSE,NOT_FOR_ENFORCEMENT,-851.1861,18273.9348,-886.6521,-851.1861,-35.4661,-0.04164908,-0.03998312,-35.4661,-851.1861,-0.03998312,-35.4661,-35.4661,-44.3326,-48.7659,-48.7659,-851.1861,-0.03998312,-212.7965,-193.4132,-673.8556,-693.2389,-0.03165330,-0.0325638,-0.00166596,118.2702,188.4688,-8.7787,-295.5507,-88.6652,7096.2124,33.6667,,118.2702,43.0608,64.9898,138.955,323.6821,405.8477,690.0482,48.7694,-43.0608,6.244786,10.617786,1.819826,8,13,3,8,0E-8,-0.04164908,,0E-8,0.000000,0.894155,0.005556,,2026-05-21,2026-06-22,3,10,10,33,0.090909,,,0.000000,4,0.5555555555555556,0.9135802469135802,0.9135802469135802,0.7107583774250441,0.7107583774250441,0.1358695652173913,n_rounds>=30,568,185,PERCENT_RANK_OVER_ORDER_BY_e_stake,HF9f,OK,L5_INSUFFICIENT,0.18527592,E 常规,316,1,A168_HF9F_20260827_0900,2026-08-27 09:00:00
44571982,2026-05-05,2026-05-05 05:23:17,38068,3,4,21,10000.00,20000.00,1,1,RELEASE,0,1,v2026-08-11,4331.6296,866.3259,-866.3259,3,3,0.20000000,,0.20000000,0.20000000,866.3259,4331.6296,THIN_EXPOSURE,0.0000,-51.9796,6.0000,94.0000,AG03-UNRESOLVED,ALL5_LEVELS_bet23_to_bet27,-51.9796,-51.9796,0.0000,0.0000,0.0000,6.000000,6.000000,0.000000,0.000000,0.000000,94.000000,94.000000,100.000000,100.000000,100.000000,3.0,-103.9591,-100.8403,-762.3668,-765.4856,PENDING_AG03,FALSE,NOT_FOR_ENFORCEMENT,-814.3464,814.3464,-866.3259,-814.3464,-51.9796,-0.20000000,-0.18800000,-51.9796,-814.3464,-0.18800000,-51.9796,-51.9796,0.0000,0.0000,0.0000,-814.3464,-0.18800000,-103.9591,-100.8403,-762.3668,-765.4856,-0.17600000,-0.17672,-0.01200000,1443.8765,288.7753,-288.7753,-866.3259,-866.3259,4331.6296,3.0000,,1443.8765,1082.9075,1732.6519,1732.6519,1732.6519,1732.6519,1732.6519,0.0,0.0,1.0,1.0,0.833333,1,1,1,1,0E-8,-0.20000000,,0E-8,0.000000,0.200000,0.000000,,2026-07-02,2026-07-02,1,1,1,1,1.000000,,,0.000000,4,0.5573192239858906,0.9541446208112875,0.9541446208112875,0.6278659611992945,0.6278659611992945,,n_rounds>=30,568,185,PERCENT_RANK_OVER_ORDER_BY_e_stake,HF9f,THIN_ROUNDS,L5_INSUFFICIENT,1.0750262,Z 证据不足 · 不动作,317,1,A168_HF9F_20260827_0900,2026-08-27 09:00:00
148009182,2026-03-31,2026-03-31 15:58:25,54378,4,21,3,20000.00,5000.00,1,1,TIGHTEN,0,1,v2026-08-11,2141.5491,2098.4595,-710.9771,20,20,0.33199195,,0.33199195,0.33199195,710.9771,2141.5491,THIN_EXPOSURE,0.0000,-28.4391,4.0000,96.0000,AG03-UNRESOLVED,ALL5_LEVELS_bet23_to_bet27,-28.4391,-28.4391,-35.5489,-39.1037,-39.1037,4.000000,4.000000,5.000000,5.500000,5.500000,96.000000,96.000000,95.000000,94.500000,94.500000,5.0,-170.6345,-155.0916,-540.3426,-555.8854,PENDING_AG03,FALSE,NOT_FOR_ENFORCEMENT,-682.5380,2014.5212,-710.9771,-682.5380,-28.4391,-0.33199195,-0.31871227,-28.4391,-682.5380,-0.31871227,-28.4391,-28.4391,-35.5489,-39.1037,-39.1037,-682.5380,-0.31871227,-170.6345,-155.0916,-540.3426,-555.8854,-0.25231388,-0.25957164,-0.01327968,107.0775,104.9230,-35.5489,-710.9771,-236.9924,2141.5491,20.0000,,107.0775,43.0895,59.2481,215.4476,215.4476,224.0655,232.6834,59.2481,42.0123,3.781818,3.927273,1.807273,2,4,1,3,0E-8,-0.33199195,,0E-8,0.000000,0.979879,0.850000,,2026-04-12,2026-04-12,1,3,2,1,1.000000,,,0.000000,3,0.5590828924162258,0.9700176366843033,0.9700176366843033,0.5767195767195767,0.5767195767195767,,n_rounds>=30,568,185,PERCENT_RANK_OVER_ORDER_BY_e_stake,HF9f,THIN_ROUNDS,L5_INSUFFICIENT,0.41635586,Z 证据不足 · 不动作,318,1,A168_HF9F_20260827_0900,2026-08-27 09:00:00
148978023,2026-04-26,2026-04-26 07:52:22,40210,4,"124,59,1,2,3",1,5000.00,1000.00,5,1,TIGHTEN,0,1,v2026-08-11,689.6552,689.6552,-689.6552,1,1,1.00000000,,1.00000000,1.00000000,689.6552,689.6552,THIN_EXPOSURE,0.0000,-27.5862,4.0000,96.0000,AG03-UNRESOLVED,ALL5_LEVELS_bet23_to_bet27,-27.5862,-27.5862,-27.5862,-27.5862,-27.5862,4.000000,4.000000,4.000000,4.000000,4.000000,96.000000,96.000000,96.000000,96.000000,96.000000,5.0,-137.9310,-127.3292,-551.7241,-562.326,PENDING_AG03,FALSE,NOT_FOR_ENFORCEMENT,-662.0690,662.0690,-689.6552,-662.0690,-27.5862,-1.00000000,-0.96000000,-27.5862,-662.0690,-0.96000000,-27.5862,-27.5862,-27.5862,-27.5862,-27.5862,-662.0690,-0.96000000,-137.9310,-127.3292,-551.7241,-562.326,-0.80000000,-0.8153727,-0.04000000,689.6552,689.6552,-689.6552,-689.6552,-689.6552,689.6552,1.0000,,689.6552,689.6552,689.6552,689.6552,689.6552,689.6552,689.6552,689.6552,689.6552,1.0,1.0,1.0,1,1,1,1,0E-8,-1.00000000,,0E-8,0.000000,1.000000,1.000000,,2026-04-21,2026-04-21,1,1,1,1,1.000000,,,0.000000,3,0.5608465608465608,0.9929453262786596,0.9929453262786596,0.5343915343915344,0.5343915343915344,,n_rounds>=30,568,185,PERCENT_RANK_OVER_ORDER_BY_e_stake,HF9f,THIN_ROUNDS,L5_INSUFFICIENT,1.862,Z 证据不足 · 不动作,319,1,A168_HF9F_20260827_0900,2026-08-27 09:00:00
146207362,2026-04-07,2026-04-07 15:08:03,54378,4,21,4,20000.00,10000.00,1,1,TIGHTEN,0,1,v2026-08-11,215.4476,215.4476,-680.8144,3,2,3.16000000,,3.16000000,3.16000000,680.8144,215.4476,THIN_EXPOSURE,0.0000,-27.2326,4.0000,96.0000,AG03-UNRESOLVED,ALL5_LEVELS_bet23_to_bet27,-27.2326,-27.2326,-34.0407,-37.4448,-37.4448,4.000000,4.000000,5.000000,5.500000,5.500000,96.000000,96.000000,95.000000,94.500000,94.500000,5.0,-163.3955,-148.512,-517.4189,-532.3024,PENDING_AG03,FALSE,NOT_FOR_ENFORCEMENT,-653.5818,206.8297,-680.8144,-653.5818,-27.2326,-3.16000000,-3.03360000,-27.2326,-653.5818,-3.03360000,-27.2326,-27.2326,-34.0407,-37.4448,-37.4448,-653.5818,-3.03360000,-163.3955,-148.512,-517.4189,-532.3024,-2.40160000,-2.47068154,-0.12640000,71.8159,107.7238,-340.4072,-680.8144,-680.8144,215.4476,2.0000,,71.8159,53.8619,86.179,86.179,86.179,86.179,86.179,86.179,81.8701,1.0,1.0,0.833333,1,1,1,2,0E-8,-3.16000000,,0E-8,0.000000,1.000000,0.000000,,2026-04-04,2026-04-04,1,1,1,1,1.000000,,,0.000000,3,0.562610229276896,1.0,1.0,0.5097001763668431,0.5097001763668431,,n_rounds>=30,568,185,PERCENT_RANK_OVER_ORDER_BY_e_stake,HF9f,THIN_ROUNDS,L5_INSUFFICIENT,1.31663283,Z 证据不足 · 不动作,320,1,A168_HF9F_20260827_0900,2026-08-27 09:00:00
149364951,2026-04-30,2026-04-30 23:38:31,54378,4,21,3,20000.00,5000.00,1,1,TIGHTEN,0,1,v2026-08-11,1191.1875,1105.7758,-676.3045,12,7,0.56775656,0.55146949,1.00000000,0.56775656,676.3045,1191.1875,THIN_EXPOSURE,0.0000,-27.0522,4.0000,96.0000,AG03-UNRESOLVED,ALL5_LEVELS_bet23_to_bet27,-27.0522,-27.0522,-33.8152,-37.1967,-37.1967,4.000000,4.000000,5.000000,5.500000,5.500000,96.000000,96.000000,95.000000,94.500000,94.500000,5.0,-162.3131,-147.5282,-513.9914,-528.7763,PENDING_AG03,FALSE,NOT_FOR_ENFORCEMENT,-649.2523,1061.5448,-676.3045,-649.2523,-27.0522,-0.56775656,-0.54504630,-27.0522,-649.2523,-0.54504630,-27.0522,-27.0522,-33.8152,-37.1967,-37.1967,-649.2523,-0.54504630,-162.3131,-147.5282,-513.9914,-528.7763,-0.43149498,-0.44390685,-0.02271026,99.2656,157.9680,-96.6149,-225.4348,-169.0761,397.0625,2.3333,104.3575,43.2545,10.6765,42.9802,181.4998,277.5878,405.7054,427.0584,42.9802,42.9802,9.439366,9.936176,2.309569,3,4,3,7,0.96368795,-0.56775656,-0.55146949,0E-8,0.000000,0.928297,0.250000,-0.44853051,2026-05-23,2026-07-22,3,4,4,61,0.049180,2.412642,1.051296,3.212293,3,0.564373897707231,0.982363315696649,0.982363315696649,0.5555555555555556,0.5555555555555556,,n_rounds>=30,568,185,PERCENT_RANK_OVER_ORDER_BY_e_stake,HF9f,THIN_ROUNDS,L5_INSUFFICIENT,0.70376985,Z 证据不足 · 不动作,321,1,A168_HF9F_20260827_0900,2026-08-27 09:00:00
150846615,2026-06-01,2026-06-01 19:37:41,56608,4,"124,59,1,2,3,266,4,21,22,30",3,50000.00,5000.00,10,1,TIGHTEN,0,1,v2026-08-11,31763.9441,27398.5495,-547.1853,420,416,0.01722662,,0.01722662,0.01722662,547.1853,31763.9441,OK,0.0000,-32.8311,6.0000,94.0000,AG03-UNRESOLVED,ALL5_LEVELS_bet23_to_bet27,-32.8311,-32.8311,-32.8311,-32.8311,0.0000,6.000000,6.000000,6.000000,6.000000,0.000000,94.000000,94.000000,94.000000,94.000000,100.000000,4.0,-131.3245,-119.9709,-415.8608,-427.2143,PENDING_AG03,FALSE,NOT_FOR_ENFORCEMENT,-514.3542,25754.6365,-547.1853,-514.3542,-32.8311,-0.01722662,-0.01619302,-32.8311,-514.3542,-0.01619302,-32.8311,-32.8311,-32.8311,-32.8311,0.0000,-514.3542,-0.01619302,-131.3245,-119.9709,-415.8608,-427.2143,-0.01309223,-0.01344966,-0.00103360,75.6284,65.8619,-1.3153,-91.1975,-6.8398,5293.9907,69.3333,,75.6284,43.1704,60.4386,86.3409,129.5113,172.6817,259.0226,60.4386,0.0,2.857143,4.285714,1.251327,26,51,5,4,0E-8,-0.01722662,,0E-8,0.000000,0.862568,0.000000,,2026-06-01,2026-06-29,6,80,56,29,0.206897,,,0.000000,4,0.5661375661375662,0.8783068783068783,0.8783068783068783,0.7213403880070547,0.7213403880070547,0.16304347826086957,n_rounds>=30,568,185,PERCENT_RANK_OVER_ORDER_BY_e_stake,HF9f,OK,L5_INSUFFICIENT,0.09129206,E 常规,322,1,A168_HF9F_20260827_0900,2026-08-27 09:00:00
150846615,2026-06-01,2026-06-01 19:47:03,56608,4,3,2,5000.00,3000.00,1,1,TIGHTEN,0,1,v2026-08-11,31763.9441,27398.5495,-547.1853,420,416,0.01722662,,0.01722662,0.01722662,547.1853,31763.9441,OK,0.0000,-32.8311,6.0000,94.0000,AG03-UNRESOLVED,ALL5_LEVELS_bet23_to_bet27,-32.8311,-32.8311,-32.8311,-32.8311,0.0000,6.000000,6.000000,6.000000,6.000000,0.000000,94.000000,94.000000,94.000000,94.000000,100.000000,4.0,-131.3245,-119.9709,-415.8608,-427.2143,PENDING_AG03,FALSE,NOT_FOR_ENFORCEMENT,-514.3542,25754.6365,-547.1853,-514.3542,-32.8311,-0.01722662,-0.01619302,-32.8311,-514.3542,-0.01619302,-32.8311,-32.8311,-32.8311,-32.8311,0.0000,-514.3542,-0.01619302,-131.3245,-119.9709,-415.8608,-427.2143,-0.01309223,-0.01344966,-0.00103360,75.6284,65.8619,-1.3153,-91.1975,-6.8398,5293.9907,69.3333,,75.6284,43.1704,60.4386,86.3409,129.5113,172.6817,259.0226,60.4386,0.0,2.857143,4.285714,1.251327,26,51,5,4,0E-8,-0.01722662,,0E-8,0.000000,0.862568,0.000000,,2026-06-01,2026-06-29,6,80,56,29,0.206897,,,0.000000,4,0.5661375661375662,0.8783068783068783,0.8783068783068783,0.7213403880070547,0.7213403880070547,0.16304347826086957,n_rounds>=30,568,185,PERCENT_RANK_OVER_ORDER_BY_e_stake,HF9f,OK,L5_INSUFFICIENT,0.09129206,E 常规,323,1,A168_HF9F_20260827_0900,2026-08-27 09:00:00
150846615,2026-06-28,2026-06-28 03:56:29,56608,4,2,"124,59,1,2,3,266,4,21,22,30",3000.00,50000.00,1,10,RELEASE,0,1,v2026-08-11,31763.9441,27398.5495,-547.1853,420,416,0.01722662,,0.01722662,0.01722662,547.1853,31763.9441,OK,0.0000,-32.8311,6.0000,94.0000,AG03-UNRESOLVED,ALL5_LEVELS_bet23_to_bet27,-32.8311,-32.8311,-32.8311,-32.8311,0.0000,6.000000,6.000000,6.000000,6.000000,0.000000,94.000000,94.000000,94.000000,94.000000,100.000000,4.0,-131.3245,-119.9709,-415.8608,-427.2143,PENDING_AG03,FALSE,NOT_FOR_ENFORCEMENT,-514.3542,25754.6365,-547.1853,-514.3542,-32.8311,-0.01722662,-0.01619302,-32.8311,-514.3542,-0.01619302,-32.8311,-32.8311,-32.8311,-32.8311,0.0000,-514.3542,-0.01619302,-131.3245,-119.9709,-415.8608,-427.2143,-0.01309223,-0.01344966,-0.00103360,75.6284,65.8619,-1.3153,-91.1975,-6.8398,5293.9907,69.3333,,75.6284,43.1704,60.4386,86.3409,129.5113,172.6817,259.0226,60.4386,0.0,2.857143,4.285714,1.251327,26,51,5,4,0E-8,-0.01722662,,0E-8,0.000000,0.862568,0.000000,,2026-06-01,2026-06-29,6,80,56,29,0.206897,,,0.000000,4,0.5661375661375662,0.8783068783068783,0.8783068783068783,0.7213403880070547,0.7213403880070547,0.16304347826086957,n_rounds>=30,568,185,PERCENT_RANK_OVER_ORDER_BY_e_stake,HF9f,OK,L5_INSUFFICIENT,0.09129206,E 常规,324,1,A168_HF9F_20260827_0900,2026-08-27 09:00:00
148998321,2026-04-22,2026-04-22 15:58:10,55797,5,21,4,20000.00,10000.00,1,1,TIGHTEN,0,1,v2026-08-11,1307.4394,1307.4394,-465.2802,16,15,0.35587130,0.35587130,,0.35587130,465.2802,1307.4394,THIN_EXPOSURE,0.0000,-18.6112,4.0000,96.0000,AG03-UNRESOLVED,ALL5_LEVELS_bet23_to_bet27,-18.6112,-18.6112,-23.2640,-25.5904,-25.5904,4.000000,4.000000,5.000000,5.500000,5.500000,96.000000,96.000000,95.000000,94.500000,94.500000,5.0,-111.6672,-101.4956,-353.6129,-363.7845,PENDING_AG03,FALSE,NOT_FOR_ENFORCEMENT,-446.6689,1255.1418,-465.2802,-446.6689,-18.6112,-0.35587130,-0.34163645,-18.6112,-446.6689,-0.34163645,-18.6112,-18.6112,-23.2640,-25.5904,-25.5904,-446.6689,-0.34163645,-111.6672,-101.4956,-353.6129,-363.7845,-0.27046219,-0.27824198,-0.01423485,81.7150,87.1626,-31.0187,-155.0934,-116.3200,435.8131,5.0000,81.7150,,32.0294,67.4752,98.864,176.5459,233.9426,256.235,67.4752,31.4956,3.467088,3.797468,1.211036,3,4,3,4,1.00000000,-0.35587130,-0.35587130,0E-8,0.000000,1.000000,0.000000,,2026-07-15,2026-07-31,3,4,4,17,0.176471,,1.000000,3.333333,3,0.5714285714285714,0.9735449735449735,0.9735449735449735,0.5608465608465608,0.5608465608465608,,n_rounds>=30,568,185,PERCENT_RANK_OVER_ORDER_BY_e_stake,HF9f,THIN_ROUNDS,L5_INSUFFICIENT,0.48076633,Z 证据不足 · 不动作,325,1,A168_HF9F_20260827_0900,2026-08-27 09:00:00
152036830,2026-06-25,2026-06-25 21:19:46,54378,4,21,4,20000.00,10000.00,1,1,TIGHTEN,0,1,v2026-08-11,1281.1753,1281.1753,-427.0584,6,6,0.33333333,0.33333333,,0.33333333,427.0584,1281.1753,THIN_EXPOSURE,0.0000,-17.0823,4.0000,96.0000,AG03-UNRESOLVED,ALL5_LEVELS_bet23_to_bet27,-17.0823,-17.0823,-21.3529,-23.4882,-23.4882,4.000000,4.000000,5.000000,5.500000,5.500000,96.000000,96.000000,95.000000,94.500000,94.500000,5.0,-102.4940,-93.158,-324.5644,-333.9004,PENDING_AG03,FALSE,NOT_FOR_ENFORCEMENT,-409.9761,1229.9283,-427.0584,-409.9761,-17.0823,-0.33333333,-0.32000000,-17.0823,-409.9761,-0.32000000,-17.0823,-17.0823,-21.3529,-23.4882,-23.4882,-409.9761,-0.32000000,-102.4940,-93.158,-324.5644,-333.9004,-0.25333333,-0.26062042,-0.01333333,213.5292,213.5292,-71.1764,-427.0584,-427.0584,1281.1753,6.0000,213.5292,,106.7646,160.1469,213.5292,501.7935,533.823,533.823,160.1469,0.0,3.333333,3.333333,1.333333,1,2,1,2,1.00000000,-0.33333333,-0.33333333,0E-8,0.000000,1.000000,1.000000,,2026-07-11,2026-07-11,1,1,1,1,1.000000,,1.000000,3.333333,3,0.5731922398589065,0.9717813051146384,0.9717813051146384,0.5573192239858906,0.5573192239858906,,n_rounds>=30,568,185,PERCENT_RANK_OVER_ORDER_BY_e_stake,HF9f,THIN_ROUNDS,L5_INSUFFICIENT,0.76015832,Z 证据不足 · 不动作,326,1,A168_HF9F_20260827_0900,2026-08-27 09:00:00
150861798,2026-06-02,2026-06-02 07:38:55,56611,4,"124,59,1,2,3,266,4,21,22,30","124,4",50000.00,10000.00,10,2,TIGHTEN,0,1,v2026-08-11,4212.5712,3754.9646,-421.6888,127,127,0.10010248,,0.10010248,0.10010248,421.6888,4212.5712,OK,0.0000,-25.3013,6.0000,94.0000,AG03-UNRESOLVED,ALL5_LEVELS_bet23_to_bet27,-25.3013,-25.3013,-25.3013,-25.3013,0.0000,6.000000,6.000000,6.000000,6.000000,0.000000,94.000000,94.000000,94.000000,94.000000,100.000000,4.0,-101.2053,-92.4557,-320.4835,-329.2331,PENDING_AG03,FALSE,NOT_FOR_ENFORCEMENT,-396.3875,3529.6667,-421.6888,-396.3875,-25.3013,-0.10010248,-0.09409633,-25.3013,-396.3875,-0.09409633,-25.3013,-25.3013,-25.3013,-25.3013,0.0000,-396.3875,-0.09409633,-101.2053,-92.4557,-320.4835,-329.2331,-0.07607788,-0.07815491,-0.00600615,33.1699,29.5667,-3.3204,-210.8444,-5.5485,2106.2856,63.5000,,33.1699,17.2682,25.9023,43.1704,86.3409,86.3409,86.3409,17.2682,0.0,3.333333,3.333333,1.280577,23,45,2,2,0E-8,-0.10010248,,0E-8,0.000000,0.891371,0.000000,,2026-06-01,2026-06-03,2,76,33,3,0.666667,,,0.000000,4,0.5749559082892416,0.9329805996472663,0.9329805996472663,0.6155202821869489,0.6155202821869489,0.021739130434782608,n_rounds>=30,568,185,PERCENT_RANK_OVER_ORDER_BY_e_stake,HF9f,OK,L5_INSUFFICIENT,0.16522578,E 常规,327,1,A168_HF9F_20260827_0900,2026-08-27 09:00:00
148998319,2026-04-22,2026-04-22 15:57:32,55797,5,21,4,20000.00,10000.00,1,1,TIGHTEN,0,1,v2026-08-11,955.9488,852.6030,-404.7711,11,8,0.42342342,,0.42342342,0.42342342,404.7711,955.9488,THIN_EXPOSURE,0.0000,-16.1908,4.0000,96.0000,AG03-UNRESOLVED,ALL5_LEVELS_bet23_to_bet27,-16.1908,-16.1908,-20.2386,-22.2624,-22.2624,4.000000,4.000000,5.000000,5.500000,5.500000,96.000000,96.000000,95.000000,94.500000,94.500000,5.0,-97.1451,-88.2963,-307.6261,-316.4749,PENDING_AG03,FALSE,NOT_FOR_ENFORCEMENT,-388.5803,818.4989,-404.7711,-388.5803,-16.1908,-0.42342342,-0.40648649,-16.1908,-388.5803,-0.40648649,-16.1908,-16.1908,-20.2386,-22.2624,-22.2624,-388.5803,-0.40648649,-97.1451,-88.2963,-307.6261,-316.4749,-0.32180180,-0.33105837,-0.01693694,86.9044,106.5754,-50.5964,-202.3856,-134.9237,477.9744,4.0000,,86.9044,25.8365,101.1928,115.1875,157.1717,210.4594,215.3038,86.1215,0.0,2.079787,2.12766,0.858801,3,4,2,4,0E-8,-0.42342342,,0E-8,0.000000,0.891892,0.363636,,2026-06-03,2026-06-22,2,3,3,20,0.100000,,,0.000000,3,0.5767195767195767,0.9788359788359788,0.9788359788359788,0.54673721340388,0.54673721340388,,n_rounds>=30,568,185,PERCENT_RANK_OVER_ORDER_BY_e_stake,HF9f,THIN_ROUNDS,L5_INSUFFICIENT,0.65831641,Z 证据不足 · 不动作,328,1,A168_HF9F_20260827_0900,2026-08-27 09:00:00
148316320,2026-04-07,2026-04-07 15:08:26,54378,4,21,4,20000.00,10000.00,1,1,TIGHTEN,0,1,v2026-08-11,428.8330,428.8330,-385.7722,4,4,0.89958618,1.00000000,0.80000000,0.89958618,385.7722,428.8330,THIN_EXPOSURE,0.0000,-15.4309,4.0000,96.0000,AG03-UNRESOLVED,ALL5_LEVELS_bet23_to_bet27,-15.4309,-15.4309,-19.2886,-21.2175,-21.2175,4.000000,4.000000,5.000000,5.500000,5.500000,96.000000,96.000000,95.000000,94.500000,94.500000,5.0,-92.5853,-84.1519,-293.1869,-301.6204,PENDING_AG03,FALSE,NOT_FOR_ENFORCEMENT,-370.3414,411.6797,-385.7722,-370.3414,-15.4309,-0.89958618,-0.86360274,-15.4309,-370.3414,-0.86360274,-15.4309,-15.4309,-19.2886,-21.2175,-21.2175,-370.3414,-0.86360274,-92.5853,-84.1519,-293.1869,-301.6204,-0.68368550,-0.70335158,-0.03598345,107.2083,107.2083,-96.4431,-192.8861,-128.5907,214.4165,2.0000,213.5292,71.7679,53.826,96.8867,160.5905,213.5292,213.5292,213.5292,96.8867,96.8867,2.203906,2.203906,1.106532,2,3,2,2,0.49793092,-0.89958618,-1.00000000,0E-8,0.000000,1.000000,0.000000,0.20000000,2026-06-05,2026-07-24,2,3,3,50,0.040000,2.975273,1.991724,1.659770,3,0.5784832451499118,0.9911816578483245,0.9911816578483245,0.5202821869488536,0.5202821869488536,,n_rounds>=30,568,185,PERCENT_RANK_OVER_ORDER_BY_e_stake,HF9f,THIN_ROUNDS,L5_INSUFFICIENT,0.931,Z 证据不足 · 不动作,329,1,A168_HF9F_20260827_0900,2026-08-27 09:00:00
145878881,2026-04-09,2026-04-09 23:10:26,54378,4,21,4,20000.00,10000.00,1,1,TIGHTEN,0,1,v2026-08-11,31713.2393,28998.5996,-367.6721,71,71,0.01159365,,0.01159365,0.01159365,367.6721,31713.2393,OK,0.0000,-14.7069,4.0000,96.0000,AG03-UNRESOLVED,ALL5_LEVELS_bet23_to_bet27,-14.7069,-14.7069,-18.3836,-20.2220,-20.2220,4.000000,4.000000,5.000000,5.500000,5.500000,96.000000,96.000000,95.000000,94.500000,94.500000,5.0,-88.2413,-80.2035,-279.4308,-287.4686,PENDING_AG03,FALSE,NOT_FOR_ENFORCEMENT,-352.9652,27838.6556,-367.6721,-352.9652,-14.7069,-0.01159365,-0.01112990,-14.7069,-352.9652,-0.01112990,-14.7069,-14.7069,-18.3836,-20.2220,-20.2220,-352.9652,-0.01112990,-88.2413,-80.2035,-279.4308,-287.4686,-0.00881117,-0.00906462,-0.00046375,446.6653,408.4310,-5.1785,-367.6721,-12.2557,31713.2393,71.0000,,446.6653,323.1714,366.2609,430.8952,646.3428,1061.7247,1976.0343,330.7121,-301.6266,2.898821,5.395155,1.219528,25,24,1,2,0E-8,-0.01159365,,0E-8,0.000000,0.914400,0.000000,,2026-04-03,2026-04-03,1,30,25,1,1.000000,,,0.000000,4,0.5802469135802469,0.8712522045855379,0.8712522045855379,0.7195767195767195,0.7195767195767195,0.15760869565217392,n_rounds>=30,568,185,PERCENT_RANK_OVER_ORDER_BY_e_stake,HF9f,OK,L5_INSUFFICIENT,0.22097874,E 常规,330,1,A168_HF9F_20260827_0900,2026-08-27 09:00:00
52528756,2026-04-21,2026-04-21 20:08:08,31648,5,3,1,5000.00,1000.00,1,1,TIGHTEN,0,1,v2026-08-11,192283.6285,172378.5811,-297.4582,5509,4261,0.00154698,-0.04444519,0.01421378,0.00154698,297.4582,192283.6285,OK,0.0000,-17.8475,6.0000,94.0000,AG03-UNRESOLVED,ALL5_LEVELS_bet23_to_bet27,-17.8475,-17.8475,-295.6734,-295.6734,0.0000,6.000000,6.000000,99.400000,99.400000,0.000000,94.000000,94.000000,0.600000,0.600000,100.000000,5.0,-627.0418,-297.4487,329.5837,-0.0095,PENDING_AG03,FALSE,NOT_FOR_ENFORCEMENT,-279.6107,162035.8662,-297.4582,-279.6107,-17.8475,-0.00154698,-0.00145416,-17.8475,-279.6107,-0.00145416,-17.8475,-17.8475,-295.6734,-295.6734,0.0000,-279.6107,-0.00145416,-627.0418,-297.4487,329.5837,-0.0095,0.00171405,-5e-08,-0.00009282,34.9035,40.4550,-0.0698,-4.5069,-0.8801,2913.3883,64.5606,23.3925,40.3755,4.3254,10.8136,32.3171,107.6519,215.3038,216.2723,10.8136,-2.153,19.910433,19.999999,3.22774,27,148,60,7,0.21593973,-0.00154698,0.04444519,0E-8,0.000000,0.896481,0.000000,-0.05865897,2026-04-21,2026-08-06,66,338,293,108,0.611111,0.579374,0.670204,0.719799,4,0.582010582010582,0.8571428571428571,0.8571428571428571,0.7795414462081128,0.7795414462081128,0.32608695652173914,n_rounds>=30,568,185,PERCENT_RANK_OVER_ORDER_BY_e_stake,HF9f,OK,L4_CI_3P0,0.02852489,E 常规,331,1,A168_HF9F_20260827_0900,2026-08-27 09:00:00
151462078,2026-07-24,2026-07-24 21:17:40,54378,4,21,4,20000.00,10000.00,1,1,TIGHTEN,0,1,v2026-08-11,1301.9420,1218.8348,-290.5525,21,17,0.22316851,,0.22316851,0.22316851,290.5525,1301.9420,THIN_EXPOSURE,0.0000,-11.6221,4.0000,96.0000,AG03-UNRESOLVED,ALL5_LEVELS_bet23_to_bet27,-11.6221,-11.6221,-14.5276,-15.9804,-15.9804,4.000000,4.000000,5.000000,5.500000,5.500000,96.000000,96.000000,95.000000,94.500000,94.500000,5.0,-69.7326,-63.3808,-220.8199,-227.1717,PENDING_AG03,FALSE,NOT_FOR_ENFORCEMENT,-278.9304,1170.0814,-290.5525,-278.9304,-11.6221,-0.22316851,-0.21424177,-11.6221,-278.9304,-0.21424177,-11.6221,-11.6221,-14.5276,-15.9804,-15.9804,-278.9304,-0.21424177,-69.7326,-63.3808,-220.8199,-227.1717,-0.16960807,-0.17448681,-0.00892674,61.9972,71.6962,-17.0913,-145.2762,-96.8508,650.9710,8.5000,,61.9972,43.0608,57.0555,64.5911,88.619,121.1083,150.7127,53.8259,0.0,2.12264,2.64151,1.086613,3,4,2,6,0E-8,-0.22316851,,0E-8,0.000000,0.936167,0.000000,,2026-06-13,2026-06-27,2,3,3,15,0.133333,,,0.000000,3,0.5837742504409171,0.9594356261022927,0.9594356261022927,0.5590828924162258,0.5590828924162258,,n_rounds>=30,568,185,PERCENT_RANK_OVER_ORDER_BY_e_stake,HF9f,THIN_ROUNDS,L5_INSUFFICIENT,0.45160133,Z 证据不足 · 不动作,332,1,A168_HF9F_20260827_0900,2026-08-27 09:00:00
151959919,2026-06-25,2026-06-25 21:17:51,54378,4,21,4,20000.00,10000.00,1,1,TIGHTEN,0,1,v2026-08-11,567.1102,545.5798,-217.0800,25,25,0.38278284,,0.38278284,0.38278284,217.0800,567.1102,THIN_EXPOSURE,0.0000,-8.6832,4.0000,96.0000,AG03-UNRESOLVED,ALL5_LEVELS_bet23_to_bet27,-8.6832,-8.6832,-10.8540,-11.9394,-11.9394,4.000000,4.000000,5.000000,5.500000,5.500000,96.000000,96.000000,95.000000,94.500000,94.500000,5.0,-52.0992,-47.3536,-164.9808,-169.7265,PENDING_AG03,FALSE,NOT_FOR_ENFORCEMENT,-208.3968,523.7566,-217.0800,-208.3968,-8.6832,-0.38278284,-0.36747153,-8.6832,-208.3968,-0.36747153,-8.6832,-8.6832,-10.8540,-11.9394,-11.9394,-208.3968,-0.36747153,-52.0992,-47.3536,-164.9808,-169.7265,-0.29091496,-0.29928307,-0.01531131,22.6844,21.8232,-8.6832,-217.0800,-108.5400,567.1102,25.0000,,22.6844,21.5304,21.5304,23.6834,24.7599,26.3747,27.9895,21.5304,20.4539,1.225,1.3,1.0536,1,2,1,2,0E-8,-0.38278284,,0E-8,0.000000,0.962035,0.000000,,2026-06-27,2026-06-27,1,2,1,1,1.000000,,,0.000000,3,0.5855379188712522,0.9770723104056437,0.9770723104056437,0.5238095238095238,0.5238095238095238,,n_rounds>=30,568,185,PERCENT_RANK_OVER_ORDER_BY_e_stake,HF9f,THIN_ROUNDS,L5_INSUFFICIENT,0.3724,Z 证据不足 · 不动作,333,1,A168_HF9F_20260827_0900,2026-08-27 09:00:00
150668338,2026-06-08,2026-06-08 16:09:55,55844,5,"4,21",21,20000.00,20000.00,2,1,FLAT,0,1,v2026-08-11,3614.3048,3206.5194,-199.9096,58,57,0.05531066,,0.05531066,0.05531066,199.9096,3614.3048,OK,0.0000,-7.9964,4.0000,96.0000,AG03-UNRESOLVED,ALL5_LEVELS_bet23_to_bet27,-7.9964,-7.9964,-7.9964,-7.9964,-7.9964,4.000000,4.000000,4.000000,4.000000,4.000000,96.000000,96.000000,96.000000,96.000000,96.000000,5.0,-39.9819,-36.9088,-159.9277,-163.0008,PENDING_AG03,FALSE,NOT_FOR_ENFORCEMENT,-191.9132,3078.2586,-199.9096,-191.9132,-7.9964,-0.05531066,-0.05309823,-7.9964,-191.9132,-0.05309823,-7.9964,-7.9964,-7.9964,-7.9964,-7.9964,-191.9132,-0.05309823,-39.9819,-36.9088,-159.9277,-163.0008,-0.04424853,-0.0450988,-0.00221243,62.3156,56.2547,-3.5072,-199.9096,-49.9774,3614.3048,57.0000,,62.3156,45.2138,53.8259,68.036,103.7764,120.2256,132.4549,50.5964,0.0,2.2336,2.460801,1.157724,3,5,1,2,0E-8,-0.05531066,,0E-8,0.000000,0.887175,0.000000,,2026-06-16,2026-06-16,1,4,3,1,1.000000,,,0.000000,4,0.5873015873015873,0.9188712522045855,0.9188712522045855,0.6102292768959435,0.6102292768959435,0.010869565217391304,n_rounds>=30,568,185,PERCENT_RANK_OVER_ORDER_BY_e_stake,HF9f,OK,L5_INSUFFICIENT,0.24662792,E 常规,334,1,A168_HF9F_20260827_0900,2026-08-27 09:00:00
150668338,2026-07-24,2026-07-24 21:26:51,55844,5,21,4,20000.00,10000.00,1,1,TIGHTEN,0,1,v2026-08-11,3614.3048,3206.5194,-199.9096,58,57,0.05531066,,0.05531066,0.05531066,199.9096,3614.3048,OK,0.0000,-7.9964,4.0000,96.0000,AG03-UNRESOLVED,ALL5_LEVELS_bet23_to_bet27,-7.9964,-7.9964,-7.9964,-7.9964,-7.9964,4.000000,4.000000,4.000000,4.000000,4.000000,96.000000,96.000000,96.000000,96.000000,96.000000,5.0,-39.9819,-36.9088,-159.9277,-163.0008,PENDING_AG03,FALSE,NOT_FOR_ENFORCEMENT,-191.9132,3078.2586,-199.9096,-191.9132,-7.9964,-0.05531066,-0.05309823,-7.9964,-191.9132,-0.05309823,-7.9964,-7.9964,-7.9964,-7.9964,-7.9964,-191.9132,-0.05309823,-39.9819,-36.9088,-159.9277,-163.0008,-0.04424853,-0.0450988,-0.00221243,62.3156,56.2547,-3.5072,-199.9096,-49.9774,3614.3048,57.0000,,62.3156,45.2138,53.8259,68.036,103.7764,120.2256,132.4549,50.5964,0.0,2.2336,2.460801,1.157724,3,5,1,2,0E-8,-0.05531066,,0E-8,0.000000,0.887175,0.000000,,2026-06-16,2026-06-16,1,4,3,1,1.000000,,,0.000000,4,0.5873015873015873,0.9188712522045855,0.9188712522045855,0.6102292768959435,0.6102292768959435,0.010869565217391304,n_rounds>=30,568,185,PERCENT_RANK_OVER_ORDER_BY_e_stake,HF9f,OK,L5_INSUFFICIENT,0.24662792,E 常规,335,1,A168_HF9F_20260827_0900,2026-08-27 09:00:00
135857456,2026-05-12,2026-05-12 16:22:22,54378,4,4,3,10000.00,5000.00,1,1,TIGHTEN,0,1,v2026-08-11,974.8956,867.2437,-199.5005,9,9,0.20463781,,0.20463781,0.20463781,199.5005,974.8956,THIN_EXPOSURE,0.0000,-7.9800,4.0000,96.0000,AG03-UNRESOLVED,ALL5_LEVELS_bet23_to_bet27,-7.9800,-7.9800,-9.9750,-10.9725,-10.9725,4.000000,4.000000,5.000000,5.500000,5.500000,96.000000,96.000000,95.000000,94.500000,94.500000,5.0,-47.8801,-43.5188,-151.6204,-155.9817,PENDING_AG03,FALSE,NOT_FOR_ENFORCEMENT,-191.5205,832.5539,-199.5005,-191.5205,-7.9800,-0.20463781,-0.19645230,-7.9800,-191.5205,-0.19645230,-7.9800,-7.9800,-9.9750,-10.9725,-10.9725,-191.5205,-0.19645230,-47.8801,-43.5188,-151.6204,-155.9817,-0.15552473,-0.15999837,-0.00818551,108.3217,96.3604,-22.1667,-99.7502,-66.5002,487.4478,4.5000,,108.3217,96.9405,107.6519,112.3348,179.7355,215.3038,215.3038,107.6519,61.5661,2.0,2.0,1.006222,3,3,1,2,0E-8,-0.20463781,,0E-8,0.000000,0.889576,0.000000,,2026-06-09,2026-06-10,2,3,3,2,1.000000,,,0.000000,3,0.5908289241622575,0.9559082892416225,0.9559082892416225,0.5485008818342152,0.5485008818342152,,n_rounds>=30,568,185,PERCENT_RANK_OVER_ORDER_BY_e_stake,HF9f,THIN_ROUNDS,L5_INSUFFICIENT,0.62066667,Z 证据不足 · 不动作,336,1,A168_HF9F_20260827_0900,2026-08-27 09:00:00
150042238,2026-05-15,2026-05-15 04:16:32,40210,4,"124,59,1,2,3",1,5000.00,1000.00,5,1,TIGHTEN,0,1,v2026-08-11,136.7989,136.7989,-136.7989,1,1,1.00000000,,1.00000000,1.00000000,136.7989,136.7989,THIN_EXPOSURE,0.0000,-5.4720,4.0000,96.0000,AG03-UNRESOLVED,ALL5_LEVELS_bet23_to_bet27,-5.4720,-5.4720,-5.4720,-5.4720,-5.4720,4.000000,4.000000,4.000000,4.000000,4.000000,96.000000,96.000000,96.000000,96.000000,96.000000,5.0,-27.3598,-25.2568,-109.4391,-111.5421,PENDING_AG03,FALSE,NOT_FOR_ENFORCEMENT,-131.3269,131.3269,-136.7989,-131.3269,-5.4720,-1.00000000,-0.96000000,-5.4720,-131.3269,-0.96000000,-5.4720,-5.4720,-5.4720,-5.4720,-5.4720,-131.3269,-0.96000000,-27.3598,-25.2568,-109.4391,-111.5421,-0.80000000,-0.8153727,-0.04000000,136.7989,136.7989,-136.7989,-136.7989,-136.7989,136.7989,1.0000,,136.7989,136.7989,136.7989,136.7989,136.7989,136.7989,136.7989,136.7989,136.7989,1.0,1.0,1.0,1,1,1,1,0E-8,-1.00000000,,0E-8,0.000000,1.000000,0.000000,,2026-05-14,2026-05-14,1,1,1,1,1.000000,,,0.000000,3,0.5925925925925926,0.9929453262786596,0.9929453262786596,0.47619047619047616,0.47619047619047616,,n_rounds>=30,568,185,PERCENT_RANK_OVER_ORDER_BY_e_stake,HF9f,THIN_ROUNDS,L5_INSUFFICIENT,1.862,Z 证据不足 · 不动作,337,1,A168_HF9F_20260827_0900,2026-08-27 09:00:00
147750436,2026-03-25,2026-03-25 12:04:00,54378,4,21,4,20000.00,10000.00,1,1,TIGHTEN,0,1,v2026-08-11,9046.6457,7962.5433,-128.6286,147,146,0.01421837,,0.01421837,0.01421837,128.6286,9046.6457,OK,0.0000,-5.1451,4.0000,96.0000,AG03-UNRESOLVED,ALL5_LEVELS_bet23_to_bet27,-5.1451,-5.1451,-6.4314,-7.0746,-7.0746,4.000000,4.000000,5.000000,5.500000,5.500000,96.000000,96.000000,95.000000,94.500000,94.500000,5.0,-30.8709,-28.0589,-97.7577,-100.5697,PENDING_AG03,FALSE,NOT_FOR_ENFORCEMENT,-123.4834,7644.0416,-128.6286,-123.4834,-5.1451,-0.01421837,-0.01364964,-5.1451,-123.4834,-0.01364964,-5.1451,-5.1451,-6.4314,-7.0746,-7.0746,-123.4834,-0.01364964,-30.8709,-28.0589,-97.7577,-100.5697,-0.01080596,-0.01111679,-0.00056873,61.5418,54.5380,-0.8810,-12.8629,-4.2876,904.6646,14.6000,,61.5418,42.7058,64.6343,73.0378,108.1362,129.7634,195.3069,43.2545,0.0,2.007656,3.021723,0.952154,16,21,6,3,0E-8,-0.01421837,,0E-8,0.000000,0.880165,0.163265,,2026-04-22,2026-07-01,10,30,28,71,0.140845,,,0.000000,4,0.5943562610229277,0.8765432098765432,0.8765432098765432,0.656084656084656,0.656084656084656,0.05434782608695652,n_rounds>=30,568,185,PERCENT_RANK_OVER_ORDER_BY_e_stake,HF9f,OK,L5_INSUFFICIENT,0.15410022,E 常规,338,1,A168_HF9F_20260827_0900,2026-08-27 09:00:00
122632117,2026-05-25,2026-05-25 22:15:13,52164,2,"124,59,1,2,3,266,4,21,22,30,265,31,264,262,60,32,1114,267,36,37,218",1,500000.00,1000.00,21,1,TIGHTEN,0,1,v2026-08-11,139.6648,139.6648,-88.5475,2,2,0.63400000,,0.63400000,0.62500000,88.5475,139.6648,THIN_EXPOSURE,1.2570,-5.3128,6.0000,94.0000,AG03-UNRESOLVED,ALL5_LEVELS_bet23_to_bet27,-5.3128,-5.3128,0.0000,0.0000,0.0000,6.000000,6.000000,0.000000,0.000000,0.000000,94.000000,94.000000,100.000000,100.000000,100.000000,2.0,-10.6257,-10.3069,-79.1788,-79.4975,PENDING_AG03,FALSE,NOT_FOR_ENFORCEMENT,-83.2346,131.2849,-89.8045,-84.4916,-6.5698,-0.64300000,-0.60496000,-5.3128,-84.4916,-0.60496000,-5.3128,-5.3128,0.0000,0.0000,0.0000,-84.4916,-0.60496000,-10.6257,-10.3069,-79.1788,-79.4975,-0.56692000,-0.5692024,-0.04704000,69.8324,69.8324,-44.2737,-88.5475,-44.2737,139.6648,2.0000,,69.8324,26.1872,69.8324,113.4777,113.4777,113.4777,113.4777,69.8324,44.2737,1.625,1.625,1.0,2,2,1,1,0E-8,-0.63400000,,0.00900000,0.900000,1.000000,0.000000,,2026-05-25,2026-05-25,1,2,2,1,1.000000,,,0.000000,3,0.5961199294532628,0.9841269841269841,0.9841269841269841,0.47795414462081126,0.47795414462081126,,n_rounds>=30,568,185,PERCENT_RANK_OVER_ORDER_BY_e_stake,HF9f,THIN_ROUNDS,L5_INSUFFICIENT,1.31663283,Z 证据不足 · 不动作,339,1,A168_HF9F_20260827_0900,2026-08-27 09:00:00
148449986,2026-08-06,2026-08-06 13:50:26,54378,4,21,4,20000.00,10000.00,1,1,TIGHTEN,0,1,v2026-08-11,1712.1885,1480.7369,-53.4103,13,13,0.03119416,-1.00000000,0.27336957,0.03119416,53.4103,1712.1885,THIN_EXPOSURE,0.0000,-2.1364,4.0000,96.0000,AG03-UNRESOLVED,ALL5_LEVELS_bet23_to_bet27,-2.1364,-2.1364,-2.6705,-2.9376,-2.9376,4.000000,4.000000,5.000000,5.500000,5.500000,96.000000,96.000000,95.000000,94.500000,94.500000,5.0,-12.8185,-11.6509,-40.5918,-41.7594,PENDING_AG03,FALSE,NOT_FOR_ENFORCEMENT,-51.2739,1421.5074,-53.4103,-51.2739,-2.1364,-0.03119416,-0.02994639,-2.1364,-51.2739,-0.02994639,-2.1364,-2.1364,-2.6705,-2.9376,-2.9376,-51.2739,-0.02994639,-12.8185,-11.6509,-40.5918,-41.7594,-0.02370756,-0.02438951,-0.00124777,131.7068,113.9028,-4.1085,-17.8034,-8.9017,570.7295,4.3333,162.8160,126.0506,101.0656,107.6519,215.3038,221.3843,229.564,231.4516,107.6519,0.0,2.132466,2.15,1.223451,5,6,1,2,0.19018470,-0.03119416,1.00000000,0E-8,0.000000,0.864821,0.000000,-1.27336957,2026-06-19,2026-07-21,3,6,6,33,0.090909,1.291672,1.236201,0.633949,3,0.5978835978835979,0.8941798941798942,0.8941798941798942,0.5696649029982364,0.5696649029982364,,n_rounds>=30,568,185,PERCENT_RANK_OVER_ORDER_BY_e_stake,HF9f,THIN_ROUNDS,L5_INSUFFICIENT,0.51642588,Z 证据不足 · 不动作,340,1,A168_HF9F_20260827_0900,2026-08-27 09:00:00
148682608,2026-04-15,2026-04-15 12:37:43,55797,5,21,4,20000.00,10000.00,1,1,TIGHTEN,0,1,v2026-08-11,2032.9599,1989.7054,-43.2545,24,24,0.02127660,,0.02127660,0.02127660,43.2545,2032.9599,THIN_EXPOSURE,0.0000,-1.7302,4.0000,96.0000,AG03-UNRESOLVED,ALL5_LEVELS_bet23_to_bet27,-1.7302,-1.7302,-2.1627,-2.3790,-2.3790,4.000000,4.000000,5.000000,5.500000,5.500000,96.000000,96.000000,95.000000,94.500000,94.500000,5.0,-10.3811,-9.4355,-32.8734,-33.819,PENDING_AG03,FALSE,NOT_FOR_ENFORCEMENT,-41.5243,1910.1172,-43.2545,-41.5243,-1.7302,-0.02127660,-0.02042553,-1.7302,-41.5243,-0.02042553,-1.7302,-1.7302,-2.1627,-2.3790,-2.3790,-41.5243,-0.02042553,-10.3811,-9.4355,-32.8734,-33.819,-0.01617021,-0.01663535,-0.00085106,84.7067,82.9044,-1.8023,-43.2545,-21.6272,2032.9599,24.0000,,84.7067,43.2545,108.1362,108.1362,108.1362,114.6243,129.7634,108.1362,43.2545,1.06,1.2,0.783333,2,3,1,2,0E-8,-0.02127660,,0E-8,0.000000,0.978723,0.708333,,2026-05-12,2026-05-12,1,2,2,1,1.000000,,,0.000000,3,0.599647266313933,0.8853615520282186,0.8853615520282186,0.5731922398589065,0.5731922398589065,,n_rounds>=30,568,185,PERCENT_RANK_OVER_ORDER_BY_e_stake,HF9f,THIN_ROUNDS,L5_INSUFFICIENT,0.38007916,Z 证据不足 · 不动作,341,1,A168_HF9F_20260827_0900,2026-08-27 09:00:00
149728553,2026-05-08,2026-05-08 16:36:05,54378,4,21,4,20000.00,10000.00,1,1,TIGHTEN,0,1,v2026-08-11,129.1823,129.1823,-38.7547,3,1,0.30000000,,0.30000000,0.30000000,38.7547,129.1823,THIN_EXPOSURE,0.0000,-1.5502,4.0000,96.0000,AG03-UNRESOLVED,ALL5_LEVELS_bet23_to_bet27,-1.5502,-1.5502,-1.9377,-2.1315,-2.1315,4.000000,4.000000,5.000000,5.500000,5.500000,96.000000,96.000000,95.000000,94.500000,94.500000,5.0,-9.3011,-8.4539,-29.4536,-30.3008,PENDING_AG03,FALSE,NOT_FOR_ENFORCEMENT,-37.2045,124.0150,-38.7547,-37.2045,-1.5502,-0.30000000,-0.28800000,-1.5502,-37.2045,-0.28800000,-1.5502,-1.5502,-1.9377,-2.1315,-2.1315,-37.2045,-0.28800000,-9.3011,-8.4539,-29.4536,-30.3008,-0.22800000,-0.23455837,-0.01200000,43.0608,129.1823,-38.7547,-38.7547,-38.7547,129.1823,1.0000,,43.0608,21.5304,21.5304,69.9737,86.1215,86.1215,86.1215,21.5304,-21.5304,4.0,4.0,2.0,1,1,1,3,0E-8,-0.30000000,,0E-8,0.000000,1.000000,0.000000,,2026-06-09,2026-06-09,1,1,1,1,1.000000,,,0.000000,3,0.6014109347442681,0.9664902998236331,0.9664902998236331,0.47442680776014107,0.47442680776014107,,n_rounds>=30,568,185,PERCENT_RANK_OVER_ORDER_BY_e_stake,HF9f,THIN_ROUNDS,L5_INSUFFICIENT,1.862,Z 证据不足 · 不动作,342,1,A168_HF9F_20260827_0900,2026-08-27 09:00:00
152067918,2026-06-26,2026-06-26 19:13:07,40210,4,"124,59,1,2,3",1,5000.00,1000.00,5,1,TIGHTEN,0,1,v2026-08-11,10419.4858,10419.4858,-27.0636,13,13,0.00259740,,0.00259740,0.00259740,27.0636,10419.4858,THIN_EXPOSURE,0.0000,-1.0825,4.0000,96.0000,AG03-UNRESOLVED,ALL5_LEVELS_bet23_to_bet27,-1.0825,-1.0825,-1.0825,-1.0825,-1.0825,4.000000,4.000000,4.000000,4.000000,4.000000,96.000000,96.000000,96.000000,96.000000,96.000000,5.0,-5.4127,-4.9967,-21.6509,-22.0669,PENDING_AG03,FALSE,NOT_FOR_ENFORCEMENT,-25.9811,10002.7064,-27.0636,-25.9811,-1.0825,-0.00259740,-0.00249351,-1.0825,-25.9811,-0.00249351,-1.0825,-1.0825,-1.0825,-1.0825,-1.0825,-25.9811,-0.00249351,-5.4127,-4.9967,-21.6509,-22.0669,-0.00207792,-0.00211785,-0.00010390,801.4989,801.4989,-2.0818,-27.0636,-13.5318,10419.4858,13.0000,,801.4989,338.295,338.295,845.7374,2300.4058,3179.9722,3382.95,338.295,128.5521,9.399998,10.0,2.369231,2,2,1,2,0E-8,-0.00259740,,0E-8,0.000000,1.000000,0.000000,,2026-06-26,2026-06-26,1,2,2,1,1.000000,,,0.000000,4,0.6031746031746031,0.8606701940035273,0.8606701940035273,0.6666666666666666,0.6666666666666666,,n_rounds>=30,568,185,PERCENT_RANK_OVER_ORDER_BY_e_stake,HF9f,THIN_ROUNDS,L5_INSUFFICIENT,0.51642588,Z 证据不足 · 不动作,343,1,A168_HF9F_20260827_0900,2026-08-27 09:00:00
152036895,2026-06-25,2026-06-25 21:18:10,54378,4,21,4,20000.00,10000.00,1,1,TIGHTEN,0,1,v2026-08-11,21.3529,21.3529,-21.3529,1,1,1.00000000,1.00000000,,1.00000000,21.3529,21.3529,THIN_EXPOSURE,0.0000,-0.8541,4.0000,96.0000,AG03-UNRESOLVED,ALL5_LEVELS_bet23_to_bet27,-0.8541,-0.8541,-1.0676,-1.1744,-1.1744,4.000000,4.000000,5.000000,5.500000,5.500000,96.000000,96.000000,95.000000,94.500000,94.500000,5.0,-5.1247,-4.6579,-16.2282,-16.695,PENDING_AG03,FALSE,NOT_FOR_ENFORCEMENT,-20.4988,20.4988,-21.3529,-20.4988,-0.8541,-1.00000000,-0.96000000,-0.8541,-20.4988,-0.96000000,-0.8541,-0.8541,-1.0676,-1.1744,-1.1744,-20.4988,-0.96000000,-5.1247,-4.6579,-16.2282,-16.695,-0.76000000,-0.78186125,-0.04000000,21.3529,21.3529,-21.3529,-21.3529,-21.3529,21.3529,1.0000,21.3529,,21.3529,21.3529,21.3529,21.3529,21.3529,21.3529,21.3529,21.3529,1.0,1.0,1.0,1,1,1,1,1.00000000,-1.00000000,-1.00000000,0E-8,0.000000,1.000000,0.000000,,2026-07-10,2026-07-10,1,1,1,1,1.000000,,1.000000,3.333333,3,0.6049382716049383,0.9929453262786596,0.9929453262786596,0.4567901234567901,0.4567901234567901,,n_rounds>=30,568,185,PERCENT_RANK_OVER_ORDER_BY_e_stake,HF9f,THIN_ROUNDS,L5_INSUFFICIENT,1.862,Z 证据不足 · 不动作,344,1,A168_HF9F_20260827_0900,2026-08-27 09:00:00
51576198,2026-05-28,2026-05-28 07:51:38,40210,4,"124,59,1,2",2,3000.00,3000.00,4,1,FLAT,0,1,v2026-08-11,273.5978,273.5978,0.0000,2,2,0E-8,,0E-8,0E-8,0.0000,273.5978,THIN_EXPOSURE,0.0000,0.0000,4.0000,96.0000,AG03-UNRESOLVED,ALL5_LEVELS_bet23_to_bet27,0.0000,0.0000,0.0000,0.0000,0.0000,4.000000,4.000000,4.000000,4.000000,4.000000,96.000000,96.000000,96.000000,96.000000,96.000000,5.0,0.0000,0.0,0.0000,0.0,PENDING_AG03,FALSE,NOT_FOR_ENFORCEMENT,0.0000,262.6539,0.0000,0.0000,0.0000,0E-8,0E-8,0.0000,0.0000,0E-8,0.0000,0.0000,0.0000,0.0000,0.0000,0.0000,0E-8,0.0000,0.0,0.0000,0.0,0E-8,0.0,0E-8,136.7989,136.7989,0.0000,0.0000,0.0000,273.5978,2.0000,,136.7989,136.7989,136.7989,136.7989,136.7989,136.7989,136.7989,136.7989,0.0,1.0,1.0,1.0,1,1,1,1,0E-8,0E-8,,0E-8,0.000000,1.000000,0.000000,,2026-05-21,2026-05-21,1,1,1,1,1.000000,,,0.000000,3,0.6067019400352733,0.8483245149911817,0.8483245149911817,0.5132275132275133,0.5132275132275133,,n_rounds>=30,568,185,PERCENT_RANK_OVER_ORDER_BY_e_stake,HF9f,THIN_ROUNDS,L5_INSUFFICIENT,1.31663283,Z 证据不足 · 不动作,345,1,A168_HF9F_20260827_0900,2026-08-27 09:00:00
144294691,2026-05-07,2026-05-07 20:47:26,50065,5,350,1,50000.00,1000.00,1,1,TIGHTEN,0,1,v2026-08-11,100.0000,80.0000,1.0000,5,5,-0.01000000,,-0.01000000,-0.01000000,-1.0000,100.0000,THIN_EXPOSURE,0.0000,0.0300,3.0000,97.0000,AG03-UNRESOLVED,ALL5_LEVELS_bet23_to_bet27,0.0300,0.0300,0.0300,0.0300,0.0300,3.000000,3.000000,3.000000,3.000000,3.000000,97.000000,97.000000,97.000000,97.000000,97.000000,5.0,0.1500,0.1413,0.8500,0.8587,PENDING_AG03,FALSE,NOT_FOR_ENFORCEMENT,0.9700,77.6000,1.0000,0.9700,0.0300,0.01000000,0.00970000,0.0300,0.9700,0.00970000,0.0300,0.0300,0.0300,0.0300,0.0300,0.9700,0.00970000,0.1500,0.1413,0.8500,0.8587,0.00850000,0.00858734,0.00030000,20.0000,16.0000,0.2000,1.0000,1.0000,100.0000,5.0000,,20.0000,20.0,20.0,20.0,20.0,20.0,20.0,20.0,0.0,1.0,1.0,1.0,1,1,1,2,0E-8,0.01000000,,0E-8,0.000000,0.800000,0.000000,,2026-04-18,2026-04-18,1,1,1,1,1.000000,,,0.000000,3,0.6084656084656085,0.8306878306878307,0.8306878306878307,0.4708994708994709,0.4708994708994709,,n_rounds>=30,568,185,PERCENT_RANK_OVER_ORDER_BY_e_stake,HF9f,THIN_ROUNDS,L5_INSUFFICIENT,0.83271171,Z 证据不足 · 不动作,346,1,A168_HF9F_20260827_0900,2026-08-27 09:00:00
146014090,2026-05-14,2026-05-14 19:05:40,54378,4,21,4,20000.00,10000.00,1,1,TIGHTEN,0,1,v2026-08-11,20.9288,20.9288,20.9288,1,1,-1.00000000,-1.00000000,,-1.00000000,-20.9288,20.9288,THIN_EXPOSURE,0.0000,0.8372,4.0000,96.0000,AG03-UNRESOLVED,ALL5_LEVELS_bet23_to_bet27,0.8372,0.8372,1.0464,1.1511,1.1511,4.000000,4.000000,5.000000,5.500000,5.500000,96.000000,96.000000,95.000000,94.500000,94.500000,5.0,5.0229,4.5654,15.9059,16.3634,PENDING_AG03,FALSE,NOT_FOR_ENFORCEMENT,20.0917,20.0917,20.9288,20.0917,0.8372,1.00000000,0.96000000,0.8372,20.0917,0.96000000,0.8372,0.8372,1.0464,1.1511,1.1511,20.0917,0.96000000,5.0229,4.5654,15.9059,16.3634,0.76000000,0.78186125,0.04000000,20.9288,20.9288,20.9288,20.9288,20.9288,20.9288,1.0000,20.9288,,20.9288,20.9288,20.9288,20.9288,20.9288,20.9288,20.9288,-20.9288,1.0,1.0,1.0,1,1,1,1,1.00000000,1.00000000,1.00000000,0E-8,0.000000,1.000000,0.000000,,2026-08-04,2026-08-04,1,1,1,1,1.000000,,1.000000,3.333333,3,0.6102292768959435,0.455026455026455,0.455026455026455,0.455026455026455,0.455026455026455,,n_rounds>=30,568,185,PERCENT_RANK_OVER_ORDER_BY_e_stake,HF9f,THIN_ROUNDS,L5_INSUFFICIENT,1.862,Z 证据不足 · 不动作,347,1,A168_HF9F_20260827_0900,2026-08-27 09:00:00
143828218,2026-06-10,2026-06-10 10:42:22,54378,4,4,3,10000.00,5000.00,1,1,TIGHTEN,0,1,v2026-08-11,21.3529,21.3529,21.3529,1,1,-1.00000000,-1.00000000,,-1.00000000,-21.3529,21.3529,THIN_EXPOSURE,0.0000,0.8541,4.0000,96.0000,AG03-UNRESOLVED,ALL5_LEVELS_bet23_to_bet27,0.8541,0.8541,1.0676,1.1744,1.1744,4.000000,4.000000,5.000000,5.500000,5.500000,96.000000,96.000000,95.000000,94.500000,94.500000,5.0,5.1247,4.6579,16.2282,16.695,PENDING_AG03,FALSE,NOT_FOR_ENFORCEMENT,20.4988,20.4988,21.3529,20.4988,0.8541,1.00000000,0.96000000,0.8541,20.4988,0.96000000,0.8541,0.8541,1.0676,1.1744,1.1744,20.4988,0.96000000,5.1247,4.6579,16.2282,16.695,0.76000000,0.78186125,0.04000000,21.3529,21.3529,21.3529,21.3529,21.3529,21.3529,1.0000,21.3529,,21.3529,21.3529,21.3529,21.3529,21.3529,21.3529,21.3529,-21.3529,1.0,1.0,1.0,1,1,1,1,1.00000000,1.00000000,1.00000000,0E-8,0.000000,1.000000,0.000000,,2026-07-09,2026-07-09,1,1,1,1,1.000000,,1.000000,3.333333,3,0.6119929453262787,0.455026455026455,0.455026455026455,0.4567901234567901,0.4567901234567901,,n_rounds>=30,568,185,PERCENT_RANK_OVER_ORDER_BY_e_stake,HF9f,THIN_ROUNDS,L5_INSUFFICIENT,1.862,Z 证据不足 · 不动作,348,1,A168_HF9F_20260827_0900,2026-08-27 09:00:00
150054435,2026-05-15,2026-05-15 13:10:44,54378,4,21,3,20000.00,5000.00,1,1,TIGHTEN,0,1,v2026-08-11,84.3440,84.3440,42.7058,3,2,-0.50632911,,-0.50632911,-0.50632911,-42.7058,84.3440,THIN_EXPOSURE,0.0000,1.7082,4.0000,96.0000,AG03-UNRESOLVED,ALL5_LEVELS_bet23_to_bet27,1.7082,1.7082,2.1353,2.3488,2.3488,4.000000,4.000000,5.000000,5.500000,5.500000,96.000000,96.000000,95.000000,94.500000,94.500000,5.0,10.2494,9.3158,32.4564,33.39,PENDING_AG03,FALSE,NOT_FOR_ENFORCEMENT,40.9976,80.9703,42.7058,40.9976,1.7082,0.50632911,0.48607595,1.7082,40.9976,0.48607595,1.7082,1.7082,2.1353,2.3488,2.3488,40.9976,0.48607595,10.2494,9.3158,32.4564,33.39,0.38481013,0.39587911,0.02025316,28.1147,42.1720,21.3529,42.7058,42.7058,84.3440,2.0000,,28.1147,21.3529,21.3529,36.5669,41.6382,41.6382,41.6382,21.3529,-21.3529,1.95,1.95,1.316667,1,1,1,2,0E-8,0.50632911,,0E-8,0.000000,1.000000,0.000000,,2026-07-07,2026-07-07,1,1,1,1,1.000000,,,0.000000,3,0.6137566137566137,0.5432098765432098,0.5432098765432098,0.4673721340388007,0.4673721340388007,,n_rounds>=30,568,185,PERCENT_RANK_OVER_ORDER_BY_e_stake,HF9f,THIN_ROUNDS,L5_INSUFFICIENT,1.31663283,Z 证据不足 · 不动作,349,1,A168_HF9F_20260827_0900,2026-08-27 09:00:00
148282018,2026-05-18,2026-05-18 13:45:14,321,0,4,21,10000.00,20000.00,1,1,RELEASE,0,1,v2026-08-11,42.7058,42.7058,42.7058,1,1,-1.00000000,-1.00000000,,-1.00000000,-42.7058,42.7058,THIN_EXPOSURE,0.0000,1.7082,4.0000,96.0000,AG03-UNRESOLVED,ALL5_LEVELS_bet23_to_bet27,1.7082,1.7082,1.7082,1.7082,1.7082,4.000000,4.000000,4.000000,4.000000,4.000000,96.000000,96.000000,96.000000,96.000000,96.000000,5.0,8.5412,7.8847,34.1647,34.8212,PENDING_AG03,FALSE,NOT_FOR_ENFORCEMENT,40.9976,40.9976,42.7058,40.9976,1.7082,1.00000000,0.96000000,1.7082,40.9976,0.96000000,1.7082,1.7082,1.7082,1.7082,1.7082,40.9976,0.96000000,8.5412,7.8847,34.1647,34.8212,0.80000000,0.8153727,0.04000000,42.7058,42.7058,42.7058,42.7058,42.7058,42.7058,1.0000,42.7058,,42.7058,42.7058,42.7058,42.7058,42.7058,42.7058,42.7058,-42.7058,1.0,1.0,1.0,1,1,1,1,1.00000000,1.00000000,1.00000000,0E-8,0.000000,1.000000,0.000000,,2026-07-25,2026-07-25,1,1,1,1,1.000000,,1.000000,3.333333,3,0.6137566137566137,0.455026455026455,0.455026455026455,0.4603174603174603,0.4603174603174603,,n_rounds>=30,568,185,PERCENT_RANK_OVER_ORDER_BY_e_stake,HF9f,THIN_ROUNDS,L5_INSUFFICIENT,1.862,Z 证据不足 · 不动作,350,1,A168_HF9F_20260827_0900,2026-08-27 09:00:00
148450046,2026-08-06,2026-08-06 13:50:06,54378,4,21,4,20000.00,10000.00,1,1,TIGHTEN,0,1,v2026-08-11,43.0608,43.0608,43.0608,1,1,-1.00000000,,-1.00000000,-1.00000000,-43.0608,43.0608,THIN_EXPOSURE,0.0000,1.7224,4.0000,96.0000,AG03-UNRESOLVED,ALL5_LEVELS_bet23_to_bet27,1.7224,1.7224,2.1530,2.3683,2.3683,4.000000,4.000000,5.000000,5.500000,5.500000,96.000000,96.000000,95.000000,94.500000,94.500000,5.0,10.3346,9.3932,32.7262,33.6675,PENDING_AG03,FALSE,NOT_FOR_ENFORCEMENT,41.3383,41.3383,43.0608,41.3383,1.7224,1.00000000,0.96000000,1.7224,41.3383,0.96000000,1.7224,1.7224,2.1530,2.3683,2.3683,41.3383,0.96000000,10.3346,9.3932,32.7262,33.6675,0.76000000,0.78186125,0.04000000,43.0608,43.0608,43.0608,43.0608,43.0608,43.0608,1.0000,,43.0608,43.0608,43.0608,43.0608,43.0608,43.0608,43.0608,43.0608,-43.0608,1.0,1.0,1.0,1,1,1,1,0E-8,1.00000000,,0E-8,0.000000,1.000000,0.000000,,2026-06-20,2026-06-20,1,1,1,1,1.000000,,,0.000000,3,0.6172839506172839,0.455026455026455,0.455026455026455,0.4620811287477954,0.4620811287477954,,n_rounds>=30,568,185,PERCENT_RANK_OVER_ORDER_BY_e_stake,HF9f,THIN_ROUNDS,L5_INSUFFICIENT,1.862,Z 证据不足 · 不动作,351,1,A168_HF9F_20260827_0900,2026-08-27 09:00:00
151157614,2026-08-04,2026-08-04 19:23:22,54378,4,21,4,20000.00,10000.00,1,1,TIGHTEN,0,1,v2026-08-11,43.0608,43.0608,43.0608,1,1,-1.00000000,,-1.00000000,-1.00000000,-43.0608,43.0608,THIN_EXPOSURE,0.0000,1.7224,4.0000,96.0000,AG03-UNRESOLVED,ALL5_LEVELS_bet23_to_bet27,1.7224,1.7224,2.1530,2.3683,2.3683,4.000000,4.000000,5.000000,5.500000,5.500000,96.000000,96.000000,95.000000,94.500000,94.500000,5.0,10.3346,9.3932,32.7262,33.6675,PENDING_AG03,FALSE,NOT_FOR_ENFORCEMENT,41.3383,41.3383,43.0608,41.3383,1.7224,1.00000000,0.96000000,1.7224,41.3383,0.96000000,1.7224,1.7224,2.1530,2.3683,2.3683,41.3383,0.96000000,10.3346,9.3932,32.7262,33.6675,0.76000000,0.78186125,0.04000000,43.0608,43.0608,43.0608,43.0608,43.0608,43.0608,1.0000,,43.0608,43.0608,43.0608,43.0608,43.0608,43.0608,43.0608,43.0608,-43.0608,1.0,1.0,1.0,1,1,1,1,0E-8,1.00000000,,0E-8,0.000000,1.000000,0.000000,,2026-06-19,2026-06-19,1,1,1,1,1.000000,,,0.000000,3,0.6172839506172839,0.455026455026455,0.455026455026455,0.4620811287477954,0.4620811287477954,,n_rounds>=30,568,185,PERCENT_RANK_OVER_ORDER_BY_e_stake,HF9f,THIN_ROUNDS,L5_INSUFFICIENT,1.862,Z 证据不足 · 不动作,352,1,A168_HF9F_20260827_0900,2026-08-27 09:00:00
150706570,2026-05-29,2026-05-29 13:09:48,54378,4,21,3,20000.00,5000.00,1,1,TIGHTEN,0,1,v2026-08-11,4270.5842,4270.5842,53.3823,4,4,-0.01250000,-0.01250000,,-0.01250000,-53.3823,4270.5842,THIN_EXPOSURE,0.0000,2.1353,4.0000,96.0000,AG03-UNRESOLVED,ALL5_LEVELS_bet23_to_bet27,2.1353,2.1353,2.6691,2.9360,2.9360,4.000000,4.000000,5.000000,5.500000,5.500000,96.000000,96.000000,95.000000,94.500000,94.500000,5.0,12.8118,11.6447,40.5706,41.7376,PENDING_AG03,FALSE,NOT_FOR_ENFORCEMENT,51.2470,4099.7608,53.3823,51.2470,2.1353,0.01250000,0.01200000,2.1353,51.2470,0.01200000,2.1353,2.1353,2.6691,2.9360,2.9360,51.2470,0.01200000,12.8118,11.6447,40.5706,41.7376,0.00950000,0.00977327,0.00050000,1067.6461,1067.6461,13.3456,26.6912,13.3456,2135.2921,2.0000,1067.6461,,1067.646,1067.646,1067.646,1067.646,1067.646,1067.646,1067.646,-26.6911,1.0,1.0,1.0,3,4,1,1,1.00000000,0.01250000,0.01250000,0E-8,0.000000,1.000000,0.250000,,2026-07-15,2026-07-27,2,4,4,13,0.153846,,1.000000,3.333333,4,0.6208112874779541,0.8236331569664903,0.8236331569664903,0.6190476190476191,0.6190476190476191,,n_rounds>=30,568,185,PERCENT_RANK_OVER_ORDER_BY_e_stake,HF9f,THIN_ROUNDS,L5_INSUFFICIENT,0.931,Z 证据不足 · 不动作,353,1,A168_HF9F_20260827_0900,2026-08-27 09:00:00
149621004,2026-05-06,2026-05-06 13:56:31,54378,4,21,4,20000.00,10000.00,1,1,TIGHTEN,0,1,v2026-08-11,2995.9068,2565.2992,63.2093,18,18,-0.02109855,-0.01500000,-0.02447521,-0.02109855,-63.2093,2995.9068,THIN_EXPOSURE,0.0000,2.5284,4.0000,96.0000,AG03-UNRESOLVED,ALL5_LEVELS_bet23_to_bet27,2.5284,2.5284,3.1605,3.4765,3.4765,4.000000,4.000000,5.000000,5.500000,5.500000,96.000000,96.000000,95.000000,94.500000,94.500000,5.0,15.1702,13.7884,48.0391,49.4209,PENDING_AG03,FALSE,NOT_FOR_ENFORCEMENT,60.6809,2462.6873,63.2093,60.6809,2.5284,0.02109855,0.02025461,2.5284,60.6809,0.02025461,2.5284,2.5284,3.1605,3.4765,3.4765,60.6809,0.02025461,15.1702,13.7884,48.0391,49.4209,0.01603490,0.01649614,0.00084394,166.4393,142.5166,3.5116,21.0698,15.8023,998.6356,6.0000,266.9115,137.7329,107.6519,156.0952,213.5292,320.2938,322.4077,323.8169,134.5649,-21.5304,2.065455,2.074483,1.066267,4,4,2,2,0.35636824,0.02109855,0.01500000,0E-8,0.000000,0.856268,0.000000,0.00947521,2026-06-09,2026-07-12,3,4,4,34,0.088235,1.937892,1.603657,1.187894,4,0.6225749559082893,0.7883597883597884,0.7883597883597884,0.6084656084656085,0.6084656084656085,,n_rounds>=30,568,185,PERCENT_RANK_OVER_ORDER_BY_e_stake,HF9f,THIN_ROUNDS,L5_INSUFFICIENT,0.43887761,Z 证据不足 · 不动作,354,1,A168_HF9F_20260827_0900,2026-08-27 09:00:00
146306560,2026-08-06,2026-08-06 13:55:42,54378,4,21,4,20000.00,10000.00,1,1,TIGHTEN,0,1,v2026-08-11,64.5911,64.5911,64.5911,1,1,-1.00000000,,-1.00000000,-1.00000000,-64.5911,64.5911,THIN_EXPOSURE,0.0000,2.5836,4.0000,96.0000,AG03-UNRESOLVED,ALL5_LEVELS_bet23_to_bet27,2.5836,2.5836,3.2296,3.5525,3.5525,4.000000,4.000000,5.000000,5.500000,5.500000,96.000000,96.000000,95.000000,94.500000,94.500000,5.0,15.5019,14.0898,49.0893,50.5013,PENDING_AG03,FALSE,NOT_FOR_ENFORCEMENT,62.0075,62.0075,64.5911,62.0075,2.5836,1.00000000,0.96000000,2.5836,62.0075,0.96000000,2.5836,2.5836,3.2296,3.5525,3.5525,62.0075,0.96000000,15.5019,14.0898,49.0893,50.5013,0.76000000,0.78186125,0.04000000,64.5911,64.5911,64.5911,64.5911,64.5911,64.5911,1.0000,,64.5911,64.5911,64.5911,64.5911,64.5911,64.5911,64.5911,64.5911,-64.5911,1.0,1.0,1.0,1,1,1,1,0E-8,1.00000000,,0E-8,0.000000,1.000000,0.000000,,2026-06-29,2026-06-29,1,1,1,1,1.000000,,,0.000000,3,0.6243386243386243,0.455026455026455,0.455026455026455,0.4656084656084656,0.4656084656084656,,n_rounds>=30,568,185,PERCENT_RANK_OVER_ORDER_BY_e_stake,HF9f,THIN_ROUNDS,L5_INSUFFICIENT,1.862,Z 证据不足 · 不动作,355,1,A168_HF9F_20260827_0900,2026-08-27 09:00:00
151972537,2026-06-25,2026-06-25 09:48:15,40210,4,"124,59,1,2,3",1,5000.00,1000.00,5,1,TIGHTEN,0,1,v2026-08-11,14918.8092,14918.8092,67.6590,12,12,-0.00453515,,-0.00453515,-0.00453515,-67.6590,14918.8092,THIN_EXPOSURE,0.0000,2.7064,4.0000,96.0000,AG03-UNRESOLVED,ALL5_LEVELS_bet23_to_bet27,2.7064,2.7064,2.7064,2.7064,2.7064,4.000000,4.000000,4.000000,4.000000,4.000000,96.000000,96.000000,96.000000,96.000000,96.000000,5.0,13.5318,12.4917,54.1272,55.1673,PENDING_AG03,FALSE,NOT_FOR_ENFORCEMENT,64.9526,14322.0568,67.6590,64.9526,2.7064,0.00453515,0.00435374,2.7064,64.9526,0.00435374,2.7064,2.7064,2.7064,2.7064,2.7064,64.9526,0.00435374,13.5318,12.4917,54.1272,55.1673,0.00362812,0.00369784,0.00018141,1243.2341,1243.2341,5.6382,67.6590,22.5530,14918.8092,12.0000,,1243.2341,676.59,676.59,1353.1799,3393.0989,3413.3967,3416.7795,676.59,-16.9147,5.045001,5.05,1.8375,3,3,1,2,0E-8,0.00453515,,0E-8,0.000000,1.000000,0.000000,,2026-06-23,2026-06-23,1,3,3,1,1.000000,,,0.000000,4,0.6261022927689595,0.8412698412698413,0.8412698412698413,0.689594356261023,0.689594356261023,,n_rounds>=30,568,185,PERCENT_RANK_OVER_ORDER_BY_e_stake,HF9f,THIN_ROUNDS,L5_INSUFFICIENT,0.5375131,Z 证据不足 · 不动作,356,1,A168_HF9F_20260827_0900,2026-08-27 09:00:00
150393808,2026-05-22,2026-05-22 13:50:00,54378,4,21,4,20000.00,10000.00,1,1,TIGHTEN,0,1,v2026-08-11,926.5107,455.0370,70.0722,10,10,-0.07563025,,-0.07563025,-0.07563025,-70.0722,926.5107,THIN_EXPOSURE,0.0000,2.8029,4.0000,96.0000,AG03-UNRESOLVED,ALL5_LEVELS_bet23_to_bet27,2.8029,2.8029,3.5036,3.8540,3.8540,4.000000,4.000000,5.000000,5.500000,5.500000,96.000000,96.000000,95.000000,94.500000,94.500000,5.0,16.8173,15.2855,53.2549,54.7868,PENDING_AG03,FALSE,NOT_FOR_ENFORCEMENT,67.2693,436.8355,70.0722,67.2693,2.8029,0.07563025,0.07260504,2.8029,67.2693,0.07260504,2.8029,2.8029,3.5036,3.8540,3.8540,67.2693,0.07260504,16.8173,15.2855,53.2549,54.7868,0.05747899,0.05913236,0.00302521,92.6511,45.5037,7.0072,70.0722,23.3574,926.5107,10.0000,,92.6511,43.2545,86.5089,108.1362,203.296,298.4558,298.4558,32.4408,-10.8136,3.45,3.45,1.071,3,4,1,2,0E-8,0.07563025,,0E-8,0.000000,0.491130,0.000000,,2026-05-22,2026-05-22,1,3,3,1,1.000000,,,0.000000,3,0.6278659611992945,0.6860670194003528,0.6860670194003528,0.544973544973545,0.544973544973545,,n_rounds>=30,568,185,PERCENT_RANK_OVER_ORDER_BY_e_stake,HF9f,THIN_ROUNDS,L5_INSUFFICIENT,0.5888161,Z 证据不足 · 不动作,357,1,A168_HF9F_20260827_0900,2026-08-27 09:00:00
151162192,2026-06-08,2026-06-08 20:48:22,54378,4,21,4,20000.00,10000.00,1,1,TIGHTEN,0,1,v2026-08-11,86.1215,86.1215,86.1215,2,1,-1.00000000,,-1.00000000,-1.00000000,-86.1215,86.1215,THIN_EXPOSURE,0.0000,3.4449,4.0000,96.0000,AG03-UNRESOLVED,ALL5_LEVELS_bet23_to_bet27,3.4449,3.4449,4.3061,4.7367,4.7367,4.000000,4.000000,5.000000,5.500000,5.500000,96.000000,96.000000,95.000000,94.500000,94.500000,5.0,20.6692,18.7864,65.4524,67.3351,PENDING_AG03,FALSE,NOT_FOR_ENFORCEMENT,82.6767,82.6767,86.1215,82.6767,3.4449,1.00000000,0.96000000,3.4449,82.6767,0.96000000,3.4449,3.4449,4.3061,4.7367,4.7367,82.6767,0.96000000,20.6692,18.7864,65.4524,67.3351,0.76000000,0.78186125,0.04000000,43.0608,86.1215,86.1215,86.1215,86.1215,86.1215,1.0000,,43.0608,21.5304,43.0608,64.5911,64.5911,64.5911,64.5911,43.0608,-43.0608,1.5,1.5,1.0,1,1,1,2,0E-8,1.00000000,,0E-8,0.000000,1.000000,0.000000,,2026-06-13,2026-06-13,1,1,1,1,1.000000,,,0.000000,3,0.6296296296296297,0.455026455026455,0.455026455026455,0.4691358024691358,0.4691358024691358,,n_rounds>=30,568,185,PERCENT_RANK_OVER_ORDER_BY_e_stake,HF9f,THIN_ROUNDS,L5_INSUFFICIENT,1.862,Z 证据不足 · 不动作,358,1,A168_HF9F_20260827_0900,2026-08-27 09:00:00
151297559,2026-06-11,2026-06-11 15:05:35,54378,4,21,4,20000.00,10000.00,1,1,TIGHTEN,0,1,v2026-08-11,111.7427,111.7427,111.7427,1,1,-1.00000000,,-1.00000000,-1.00000000,-111.7427,111.7427,THIN_EXPOSURE,0.0000,4.4697,4.0000,96.0000,AG03-UNRESOLVED,ALL5_LEVELS_bet23_to_bet27,4.4697,4.4697,5.5871,6.1458,6.1458,4.000000,4.000000,5.000000,5.500000,5.500000,96.000000,96.000000,95.000000,94.500000,94.500000,5.0,26.8182,24.3754,84.9244,87.3673,PENDING_AG03,FALSE,NOT_FOR_ENFORCEMENT,107.2730,107.2730,111.7427,107.2730,4.4697,1.00000000,0.96000000,4.4697,107.2730,0.96000000,4.4697,4.4697,5.5871,6.1458,6.1458,107.2730,0.96000000,26.8182,24.3754,84.9244,87.3673,0.76000000,0.78186125,0.04000000,111.7427,111.7427,111.7427,111.7427,111.7427,111.7427,1.0000,,111.7427,111.7427,111.7427,111.7427,111.7427,111.7427,111.7427,111.7427,-111.7427,1.0,1.0,1.0,1,1,1,1,0E-8,1.00000000,,0E-8,0.000000,1.000000,0.000000,,2026-06-18,2026-06-18,1,1,1,1,1.000000,,,0.000000,3,0.6313932980599647,0.455026455026455,0.455026455026455,0.47266313932980597,0.47266313932980597,,n_rounds>=30,568,185,PERCENT_RANK_OVER_ORDER_BY_e_stake,HF9f,THIN_ROUNDS,L5_INSUFFICIENT,1.862,Z 证据不足 · 不动作,359,1,A168_HF9F_20260827_0900,2026-08-27 09:00:00
148281394,2026-05-18,2026-05-18 13:44:34,321,0,4,21,10000.00,20000.00,1,1,RELEASE,0,1,v2026-08-11,586.0070,586.0070,137.0838,8,4,-0.23392857,-0.23392857,,-0.23392857,-137.0838,586.0070,THIN_EXPOSURE,0.0000,5.4834,4.0000,96.0000,AG03-UNRESOLVED,ALL5_LEVELS_bet23_to_bet27,5.4834,5.4834,5.4834,5.4834,5.4834,4.000000,4.000000,4.000000,4.000000,4.000000,96.000000,96.000000,96.000000,96.000000,96.000000,5.0,27.4168,25.3094,109.6670,111.7744,PENDING_AG03,FALSE,NOT_FOR_ENFORCEMENT,131.6004,562.5667,137.0838,131.6004,5.4834,0.23392857,0.22457143,5.4834,131.6004,0.22457143,5.4834,5.4834,5.4834,5.4834,5.4834,131.6004,0.22457143,27.4168,25.3094,109.6670,111.7744,0.18714286,0.19073897,0.00935714,73.2509,146.5017,34.2709,137.0838,137.0838,586.0070,4.0000,73.2509,,41.8576,41.8576,115.1085,146.5018,146.5018,146.5018,41.8576,-41.8576,3.5,3.5,1.75,1,1,1,3,1.00000000,0.23392857,0.23392857,0E-8,0.000000,1.000000,0.000000,,2026-08-04,2026-08-04,1,1,1,1,1.000000,,1.000000,3.333333,3,0.6331569664902998,0.6102292768959435,0.6102292768959435,0.5255731922398589,0.5255731922398589,,n_rounds>=30,568,185,PERCENT_RANK_OVER_ORDER_BY_e_stake,HF9f,THIN_ROUNDS,L5_INSUFFICIENT,0.931,Z 证据不足 · 不动作,360,1,A168_HF9F_20260827_0900,2026-08-27 09:00:00
138003788,2026-04-02,2026-04-02 16:40:05,54378,4,21,3,20000.00,5000.00,1,1,TIGHTEN,0,1,v2026-08-11,140.0409,140.0409,140.0409,1,1,-1.00000000,,-1.00000000,-1.00000000,-140.0409,140.0409,THIN_EXPOSURE,0.0000,5.6016,4.0000,96.0000,AG03-UNRESOLVED,ALL5_LEVELS_bet23_to_bet27,5.6016,5.6016,7.0020,7.7023,7.7023,4.000000,4.000000,5.000000,5.500000,5.500000,96.000000,96.000000,95.000000,94.500000,94.500000,5.0,33.6098,30.5484,106.4311,109.4926,PENDING_AG03,FALSE,NOT_FOR_ENFORCEMENT,134.4393,134.4393,140.0409,134.4393,5.6016,1.00000000,0.96000000,5.6016,134.4393,0.96000000,5.6016,5.6016,7.0020,7.7023,7.7023,134.4393,0.96000000,33.6098,30.5484,106.4311,109.4926,0.76000000,0.78186125,0.04000000,140.0409,140.0409,140.0409,140.0409,140.0409,140.0409,1.0000,,140.0409,140.0409,140.0409,140.0409,140.0409,140.0409,140.0409,140.0409,-140.0409,1.0,1.0,1.0,1,1,1,1,0E-8,1.00000000,,0E-8,0.000000,1.000000,0.000000,,2026-04-02,2026-04-02,1,1,1,1,1.000000,,,0.000000,3,0.6349206349206349,0.455026455026455,0.455026455026455,0.47971781305114636,0.47971781305114636,,n_rounds>=30,568,185,PERCENT_RANK_OVER_ORDER_BY_e_stake,HF9f,THIN_ROUNDS,L5_INSUFFICIENT,1.862,Z 证据不足 · 不动作,361,1,A168_HF9F_20260827_0900,2026-08-27 09:00:00
138003788,2026-04-09,2026-04-09 13:07:42,54378,4,3,21,5000.00,20000.00,1,1,RELEASE,0,1,v2026-08-11,140.0409,140.0409,140.0409,1,1,-1.00000000,,-1.00000000,-1.00000000,-140.0409,140.0409,THIN_EXPOSURE,0.0000,5.6016,4.0000,96.0000,AG03-UNRESOLVED,ALL5_LEVELS_bet23_to_bet27,5.6016,5.6016,7.0020,7.7023,7.7023,4.000000,4.000000,5.000000,5.500000,5.500000,96.000000,96.000000,95.000000,94.500000,94.500000,5.0,33.6098,30.5484,106.4311,109.4926,PENDING_AG03,FALSE,NOT_FOR_ENFORCEMENT,134.4393,134.4393,140.0409,134.4393,5.6016,1.00000000,0.96000000,5.6016,134.4393,0.96000000,5.6016,5.6016,7.0020,7.7023,7.7023,134.4393,0.96000000,33.6098,30.5484,106.4311,109.4926,0.76000000,0.78186125,0.04000000,140.0409,140.0409,140.0409,140.0409,140.0409,140.0409,1.0000,,140.0409,140.0409,140.0409,140.0409,140.0409,140.0409,140.0409,140.0409,-140.0409,1.0,1.0,1.0,1,1,1,1,0E-8,1.00000000,,0E-8,0.000000,1.000000,0.000000,,2026-04-02,2026-04-02,1,1,1,1,1.000000,,,0.000000,3,0.6349206349206349,0.455026455026455,0.455026455026455,0.47971781305114636,0.47971781305114636,,n_rounds>=30,568,185,PERCENT_RANK_OVER_ORDER_BY_e_stake,HF9f,THIN_ROUNDS,L5_INSUFFICIENT,1.862,Z 证据不足 · 不动作,362,1,A168_HF9F_20260827_0900,2026-08-27 09:00:00
138003788,2026-04-10,2026-04-10 17:51:53,54378,4,21,4,20000.00,10000.00,1,1,TIGHTEN,0,1,v2026-08-11,140.0409,140.0409,140.0409,1,1,-1.00000000,,-1.00000000,-1.00000000,-140.0409,140.0409,THIN_EXPOSURE,0.0000,5.6016,4.0000,96.0000,AG03-UNRESOLVED,ALL5_LEVELS_bet23_to_bet27,5.6016,5.6016,7.0020,7.7023,7.7023,4.000000,4.000000,5.000000,5.500000,5.500000,96.000000,96.000000,95.000000,94.500000,94.500000,5.0,33.6098,30.5484,106.4311,109.4926,PENDING_AG03,FALSE,NOT_FOR_ENFORCEMENT,134.4393,134.4393,140.0409,134.4393,5.6016,1.00000000,0.96000000,5.6016,134.4393,0.96000000,5.6016,5.6016,7.0020,7.7023,7.7023,134.4393,0.96000000,33.6098,30.5484,106.4311,109.4926,0.76000000,0.78186125,0.04000000,140.0409,140.0409,140.0409,140.0409,140.0409,140.0409,1.0000,,140.0409,140.0409,140.0409,140.0409,140.0409,140.0409,140.0409,140.0409,-140.0409,1.0,1.0,1.0,1,1,1,1,0E-8,1.00000000,,0E-8,0.000000,1.000000,0.000000,,2026-04-02,2026-04-02,1,1,1,1,1.000000,,,0.000000,3,0.6349206349206349,0.455026455026455,0.455026455026455,0.47971781305114636,0.47971781305114636,,n_rounds>=30,568,185,PERCENT_RANK_OVER_ORDER_BY_e_stake,HF9f,THIN_ROUNDS,L5_INSUFFICIENT,1.862,Z 证据不足 · 不动作,363,1,A168_HF9F_20260827_0900,2026-08-27 09:00:00
138003788,2026-04-10,2026-04-10 17:57:50,54378,4,4,32,10000.00,200000.00,1,1,RELEASE,0,1,v2026-08-11,140.0409,140.0409,140.0409,1,1,-1.00000000,,-1.00000000,-1.00000000,-140.0409,140.0409,THIN_EXPOSURE,0.0000,5.6016,4.0000,96.0000,AG03-UNRESOLVED,ALL5_LEVELS_bet23_to_bet27,5.6016,5.6016,7.0020,7.7023,7.7023,4.000000,4.000000,5.000000,5.500000,5.500000,96.000000,96.000000,95.000000,94.500000,94.500000,5.0,33.6098,30.5484,106.4311,109.4926,PENDING_AG03,FALSE,NOT_FOR_ENFORCEMENT,134.4393,134.4393,140.0409,134.4393,5.6016,1.00000000,0.96000000,5.6016,134.4393,0.96000000,5.6016,5.6016,7.0020,7.7023,7.7023,134.4393,0.96000000,33.6098,30.5484,106.4311,109.4926,0.76000000,0.78186125,0.04000000,140.0409,140.0409,140.0409,140.0409,140.0409,140.0409,1.0000,,140.0409,140.0409,140.0409,140.0409,140.0409,140.0409,140.0409,140.0409,-140.0409,1.0,1.0,1.0,1,1,1,1,0E-8,1.00000000,,0E-8,0.000000,1.000000,0.000000,,2026-04-02,2026-04-02,1,1,1,1,1.000000,,,0.000000,3,0.6349206349206349,0.455026455026455,0.455026455026455,0.47971781305114636,0.47971781305114636,,n_rounds>=30,568,185,PERCENT_RANK_OVER_ORDER_BY_e_stake,HF9f,THIN_ROUNDS,L5_INSUFFICIENT,1.862,Z 证据不足 · 不动作,364,1,A168_HF9F_20260827_0900,2026-08-27 09:00:00
138003788,2026-05-03,2026-05-03 16:36:38,54378,4,32,31,200000.00,100000.00,1,1,TIGHTEN,0,1,v2026-08-11,140.0409,140.0409,140.0409,1,1,-1.00000000,,-1.00000000,-1.00000000,-140.0409,140.0409,THIN_EXPOSURE,0.0000,5.6016,4.0000,96.0000,AG03-UNRESOLVED,ALL5_LEVELS_bet23_to_bet27,5.6016,5.6016,7.0020,7.7023,7.7023,4.000000,4.000000,5.000000,5.500000,5.500000,96.000000,96.000000,95.000000,94.500000,94.500000,5.0,33.6098,30.5484,106.4311,109.4926,PENDING_AG03,FALSE,NOT_FOR_ENFORCEMENT,134.4393,134.4393,140.0409,134.4393,5.6016,1.00000000,0.96000000,5.6016,134.4393,0.96000000,5.6016,5.6016,7.0020,7.7023,7.7023,134.4393,0.96000000,33.6098,30.5484,106.4311,109.4926,0.76000000,0.78186125,0.04000000,140.0409,140.0409,140.0409,140.0409,140.0409,140.0409,1.0000,,140.0409,140.0409,140.0409,140.0409,140.0409,140.0409,140.0409,140.0409,-140.0409,1.0,1.0,1.0,1,1,1,1,0E-8,1.00000000,,0E-8,0.000000,1.000000,0.000000,,2026-04-02,2026-04-02,1,1,1,1,1.000000,,,0.000000,3,0.6349206349206349,0.455026455026455,0.455026455026455,0.47971781305114636,0.47971781305114636,,n_rounds>=30,568,185,PERCENT_RANK_OVER_ORDER_BY_e_stake,HF9f,THIN_ROUNDS,L5_INSUFFICIENT,1.862,Z 证据不足 · 不动作,365,1,A168_HF9F_20260827_0900,2026-08-27 09:00:00
138003788,2026-05-04,2026-05-04 20:14:30,54378,4,31,32,100000.00,200000.00,1,1,RELEASE,0,1,v2026-08-11,140.0409,140.0409,140.0409,1,1,-1.00000000,,-1.00000000,-1.00000000,-140.0409,140.0409,THIN_EXPOSURE,0.0000,5.6016,4.0000,96.0000,AG03-UNRESOLVED,ALL5_LEVELS_bet23_to_bet27,5.6016,5.6016,7.0020,7.7023,7.7023,4.000000,4.000000,5.000000,5.500000,5.500000,96.000000,96.000000,95.000000,94.500000,94.500000,5.0,33.6098,30.5484,106.4311,109.4926,PENDING_AG03,FALSE,NOT_FOR_ENFORCEMENT,134.4393,134.4393,140.0409,134.4393,5.6016,1.00000000,0.96000000,5.6016,134.4393,0.96000000,5.6016,5.6016,7.0020,7.7023,7.7023,134.4393,0.96000000,33.6098,30.5484,106.4311,109.4926,0.76000000,0.78186125,0.04000000,140.0409,140.0409,140.0409,140.0409,140.0409,140.0409,1.0000,,140.0409,140.0409,140.0409,140.0409,140.0409,140.0409,140.0409,140.0409,-140.0409,1.0,1.0,1.0,1,1,1,1,0E-8,1.00000000,,0E-8,0.000000,1.000000,0.000000,,2026-04-02,2026-04-02,1,1,1,1,1.000000,,,0.000000,3,0.6349206349206349,0.455026455026455,0.455026455026455,0.47971781305114636,0.47971781305114636,,n_rounds>=30,568,185,PERCENT_RANK_OVER_ORDER_BY_e_stake,HF9f,THIN_ROUNDS,L5_INSUFFICIENT,1.862,Z 证据不足 · 不动作,366,1,A168_HF9F_20260827_0900,2026-08-27 09:00:00
138003788,2026-05-04,2026-05-04 20:33:30,54378,4,32,31,200000.00,100000.00,1,1,TIGHTEN,0,1,v2026-08-11,140.0409,140.0409,140.0409,1,1,-1.00000000,,-1.00000000,-1.00000000,-140.0409,140.0409,THIN_EXPOSURE,0.0000,5.6016,4.0000,96.0000,AG03-UNRESOLVED,ALL5_LEVELS_bet23_to_bet27,5.6016,5.6016,7.0020,7.7023,7.7023,4.000000,4.000000,5.000000,5.500000,5.500000,96.000000,96.000000,95.000000,94.500000,94.500000,5.0,33.6098,30.5484,106.4311,109.4926,PENDING_AG03,FALSE,NOT_FOR_ENFORCEMENT,134.4393,134.4393,140.0409,134.4393,5.6016,1.00000000,0.96000000,5.6016,134.4393,0.96000000,5.6016,5.6016,7.0020,7.7023,7.7023,134.4393,0.96000000,33.6098,30.5484,106.4311,109.4926,0.76000000,0.78186125,0.04000000,140.0409,140.0409,140.0409,140.0409,140.0409,140.0409,1.0000,,140.0409,140.0409,140.0409,140.0409,140.0409,140.0409,140.0409,140.0409,-140.0409,1.0,1.0,1.0,1,1,1,1,0E-8,1.00000000,,0E-8,0.000000,1.000000,0.000000,,2026-04-02,2026-04-02,1,1,1,1,1.000000,,,0.000000,3,0.6349206349206349,0.455026455026455,0.455026455026455,0.47971781305114636,0.47971781305114636,,n_rounds>=30,568,185,PERCENT_RANK_OVER_ORDER_BY_e_stake,HF9f,THIN_ROUNDS,L5_INSUFFICIENT,1.862,Z 证据不足 · 不动作,367,1,A168_HF9F_20260827_0900,2026-08-27 09:00:00
138003788,2026-05-04,2026-05-04 21:48:16,54378,4,31,32,100000.00,200000.00,1,1,RELEASE,0,1,v2026-08-11,140.0409,140.0409,140.0409,1,1,-1.00000000,,-1.00000000,-1.00000000,-140.0409,140.0409,THIN_EXPOSURE,0.0000,5.6016,4.0000,96.0000,AG03-UNRESOLVED,ALL5_LEVELS_bet23_to_bet27,5.6016,5.6016,7.0020,7.7023,7.7023,4.000000,4.000000,5.000000,5.500000,5.500000,96.000000,96.000000,95.000000,94.500000,94.500000,5.0,33.6098,30.5484,106.4311,109.4926,PENDING_AG03,FALSE,NOT_FOR_ENFORCEMENT,134.4393,134.4393,140.0409,134.4393,5.6016,1.00000000,0.96000000,5.6016,134.4393,0.96000000,5.6016,5.6016,7.0020,7.7023,7.7023,134.4393,0.96000000,33.6098,30.5484,106.4311,109.4926,0.76000000,0.78186125,0.04000000,140.0409,140.0409,140.0409,140.0409,140.0409,140.0409,1.0000,,140.0409,140.0409,140.0409,140.0409,140.0409,140.0409,140.0409,140.0409,-140.0409,1.0,1.0,1.0,1,1,1,1,0E-8,1.00000000,,0E-8,0.000000,1.000000,0.000000,,2026-04-02,2026-04-02,1,1,1,1,1.000000,,,0.000000,3,0.6349206349206349,0.455026455026455,0.455026455026455,0.47971781305114636,0.47971781305114636,,n_rounds>=30,568,185,PERCENT_RANK_OVER_ORDER_BY_e_stake,HF9f,THIN_ROUNDS,L5_INSUFFICIENT,1.862,Z 证据不足 · 不动作,368,1,A168_HF9F_20260827_0900,2026-08-27 09:00:00
138003788,2026-05-04,2026-05-04 22:24:41,54378,4,32,31,200000.00,100000.00,1,1,TIGHTEN,0,1,v2026-08-11,140.0409,140.0409,140.0409,1,1,-1.00000000,,-1.00000000,-1.00000000,-140.0409,140.0409,THIN_EXPOSURE,0.0000,5.6016,4.0000,96.0000,AG03-UNRESOLVED,ALL5_LEVELS_bet23_to_bet27,5.6016,5.6016,7.0020,7.7023,7.7023,4.000000,4.000000,5.000000,5.500000,5.500000,96.000000,96.000000,95.000000,94.500000,94.500000,5.0,33.6098,30.5484,106.4311,109.4926,PENDING_AG03,FALSE,NOT_FOR_ENFORCEMENT,134.4393,134.4393,140.0409,134.4393,5.6016,1.00000000,0.96000000,5.6016,134.4393,0.96000000,5.6016,5.6016,7.0020,7.7023,7.7023,134.4393,0.96000000,33.6098,30.5484,106.4311,109.4926,0.76000000,0.78186125,0.04000000,140.0409,140.0409,140.0409,140.0409,140.0409,140.0409,1.0000,,140.0409,140.0409,140.0409,140.0409,140.0409,140.0409,140.0409,140.0409,-140.0409,1.0,1.0,1.0,1,1,1,1,0E-8,1.00000000,,0E-8,0.000000,1.000000,0.000000,,2026-04-02,2026-04-02,1,1,1,1,1.000000,,,0.000000,3,0.6349206349206349,0.455026455026455,0.455026455026455,0.47971781305114636,0.47971781305114636,,n_rounds>=30,568,185,PERCENT_RANK_OVER_ORDER_BY_e_stake,HF9f,THIN_ROUNDS,L5_INSUFFICIENT,1.862,Z 证据不足 · 不动作,369,1,A168_HF9F_20260827_0900,2026-08-27 09:00:00
138003788,2026-05-05,2026-05-05 16:13:45,54378,4,31,32,100000.00,200000.00,1,1,RELEASE,0,1,v2026-08-11,140.0409,140.0409,140.0409,1,1,-1.00000000,,-1.00000000,-1.00000000,-140.0409,140.0409,THIN_EXPOSURE,0.0000,5.6016,4.0000,96.0000,AG03-UNRESOLVED,ALL5_LEVELS_bet23_to_bet27,5.6016,5.6016,7.0020,7.7023,7.7023,4.000000,4.000000,5.000000,5.500000,5.500000,96.000000,96.000000,95.000000,94.500000,94.500000,5.0,33.6098,30.5484,106.4311,109.4926,PENDING_AG03,FALSE,NOT_FOR_ENFORCEMENT,134.4393,134.4393,140.0409,134.4393,5.6016,1.00000000,0.96000000,5.6016,134.4393,0.96000000,5.6016,5.6016,7.0020,7.7023,7.7023,134.4393,0.96000000,33.6098,30.5484,106.4311,109.4926,0.76000000,0.78186125,0.04000000,140.0409,140.0409,140.0409,140.0409,140.0409,140.0409,1.0000,,140.0409,140.0409,140.0409,140.0409,140.0409,140.0409,140.0409,140.0409,-140.0409,1.0,1.0,1.0,1,1,1,1,0E-8,1.00000000,,0E-8,0.000000,1.000000,0.000000,,2026-04-02,2026-04-02,1,1,1,1,1.000000,,,0.000000,3,0.6349206349206349,0.455026455026455,0.455026455026455,0.47971781305114636,0.47971781305114636,,n_rounds>=30,568,185,PERCENT_RANK_OVER_ORDER_BY_e_stake,HF9f,THIN_ROUNDS,L5_INSUFFICIENT,1.862,Z 证据不足 · 不动作,370,1,A168_HF9F_20260827_0900,2026-08-27 09:00:00
138003788,2026-05-06,2026-05-06 17:43:39,54378,4,32,4,200000.00,10000.00,1,1,TIGHTEN,0,1,v2026-08-11,140.0409,140.0409,140.0409,1,1,-1.00000000,,-1.00000000,-1.00000000,-140.0409,140.0409,THIN_EXPOSURE,0.0000,5.6016,4.0000,96.0000,AG03-UNRESOLVED,ALL5_LEVELS_bet23_to_bet27,5.6016,5.6016,7.0020,7.7023,7.7023,4.000000,4.000000,5.000000,5.500000,5.500000,96.000000,96.000000,95.000000,94.500000,94.500000,5.0,33.6098,30.5484,106.4311,109.4926,PENDING_AG03,FALSE,NOT_FOR_ENFORCEMENT,134.4393,134.4393,140.0409,134.4393,5.6016,1.00000000,0.96000000,5.6016,134.4393,0.96000000,5.6016,5.6016,7.0020,7.7023,7.7023,134.4393,0.96000000,33.6098,30.5484,106.4311,109.4926,0.76000000,0.78186125,0.04000000,140.0409,140.0409,140.0409,140.0409,140.0409,140.0409,1.0000,,140.0409,140.0409,140.0409,140.0409,140.0409,140.0409,140.0409,140.0409,-140.0409,1.0,1.0,1.0,1,1,1,1,0E-8,1.00000000,,0E-8,0.000000,1.000000,0.000000,,2026-04-02,2026-04-02,1,1,1,1,1.000000,,,0.000000,3,0.6349206349206349,0.455026455026455,0.455026455026455,0.47971781305114636,0.47971781305114636,,n_rounds>=30,568,185,PERCENT_RANK_OVER_ORDER_BY_e_stake,HF9f,THIN_ROUNDS,L5_INSUFFICIENT,1.862,Z 证据不足 · 不动作,371,1,A168_HF9F_20260827_0900,2026-08-27 09:00:00
138003788,2026-05-14,2026-05-14 14:56:20,54378,4,4,3,10000.00,5000.00,1,1,TIGHTEN,0,1,v2026-08-11,140.0409,140.0409,140.0409,1,1,-1.00000000,,-1.00000000,-1.00000000,-140.0409,140.0409,THIN_EXPOSURE,0.0000,5.6016,4.0000,96.0000,AG03-UNRESOLVED,ALL5_LEVELS_bet23_to_bet27,5.6016,5.6016,7.0020,7.7023,7.7023,4.000000,4.000000,5.000000,5.500000,5.500000,96.000000,96.000000,95.000000,94.500000,94.500000,5.0,33.6098,30.5484,106.4311,109.4926,PENDING_AG03,FALSE,NOT_FOR_ENFORCEMENT,134.4393,134.4393,140.0409,134.4393,5.6016,1.00000000,0.96000000,5.6016,134.4393,0.96000000,5.6016,5.6016,7.0020,7.7023,7.7023,134.4393,0.96000000,33.6098,30.5484,106.4311,109.4926,0.76000000,0.78186125,0.04000000,140.0409,140.0409,140.0409,140.0409,140.0409,140.0409,1.0000,,140.0409,140.0409,140.0409,140.0409,140.0409,140.0409,140.0409,140.0409,-140.0409,1.0,1.0,1.0,1,1,1,1,0E-8,1.00000000,,0E-8,0.000000,1.000000,0.000000,,2026-04-02,2026-04-02,1,1,1,1,1.000000,,,0.000000,3,0.6349206349206349,0.455026455026455,0.455026455026455,0.47971781305114636,0.47971781305114636,,n_rounds>=30,568,185,PERCENT_RANK_OVER_ORDER_BY_e_stake,HF9f,THIN_ROUNDS,L5_INSUFFICIENT,1.862,Z 证据不足 · 不动作,372,1,A168_HF9F_20260827_0900,2026-08-27 09:00:00
143407215,2026-04-20,2026-04-20 19:06:05,54378,4,21,4,20000.00,10000.00,1,1,TIGHTEN,0,1,v2026-08-11,1145.9528,1124.4224,174.2881,6,6,-0.15209011,,-0.15209011,-0.15209011,-174.2881,1145.9528,THIN_EXPOSURE,0.0000,6.9715,4.0000,96.0000,AG03-UNRESOLVED,ALL5_LEVELS_bet23_to_bet27,6.9715,6.9715,8.7144,9.5858,9.5858,4.000000,4.000000,5.000000,5.500000,5.500000,96.000000,96.000000,95.000000,94.500000,94.500000,5.0,41.8291,38.019,132.4589,136.2691,PENDING_AG03,FALSE,NOT_FOR_ENFORCEMENT,167.3166,1079.4455,174.2881,167.3166,6.9715,0.15209011,0.14600651,6.9715,167.3166,0.14600651,6.9715,6.9715,8.7144,9.5858,9.5858,167.3166,0.14600651,41.8291,38.019,132.4589,136.2691,0.11558849,0.11891337,0.00608360,190.9921,187.4037,29.0480,87.1440,87.1440,572.9764,3.0000,,190.9921,21.5304,118.9014,432.5446,432.5446,432.5446,432.5446,118.9014,10.2269,3.637845,3.637845,1.606307,2,2,1,2,0E-8,0.15209011,,0E-8,0.000000,0.981212,0.166667,,2026-05-07,2026-06-29,2,2,2,54,0.037037,,,0.000000,3,0.656084656084656,0.6296296296296297,0.6296296296296297,0.5537918871252204,0.5537918871252204,,n_rounds>=30,568,185,PERCENT_RANK_OVER_ORDER_BY_e_stake,HF9f,THIN_ROUNDS,L5_INSUFFICIENT,0.76015832,Z 证据不足 · 不动作,373,1,A168_HF9F_20260827_0900,2026-08-27 09:00:00
147308824,2026-03-21,2026-03-21 13:13:49,51807,5,350,21,50000.00,20000.00,1,1,TIGHTEN,0,1,v2026-08-11,190.0000,190.0000,190.0000,1,1,-1.00000000,,-1.00000000,-1.00000000,-190.0000,190.0000,THIN_EXPOSURE,0.0000,5.7000,3.0000,97.0000,AG03-UNRESOLVED,ALL5_LEVELS_bet23_to_bet27,5.7000,5.7000,5.7000,5.7000,5.7000,3.000000,3.000000,3.000000,3.000000,3.000000,97.000000,97.000000,97.000000,97.000000,97.000000,5.0,28.5000,26.8405,161.5000,163.1595,PENDING_AG03,FALSE,NOT_FOR_ENFORCEMENT,184.3000,184.3000,190.0000,184.3000,5.7000,1.00000000,0.97000000,5.7000,184.3000,0.97000000,5.7000,5.7000,5.7000,5.7000,5.7000,184.3000,0.97000000,28.5000,26.8405,161.5000,163.1595,0.85000000,0.85873403,0.03000000,190.0000,190.0000,190.0000,190.0000,190.0000,190.0000,1.0000,,190.0000,190.0,190.0,190.0,190.0,190.0,190.0,190.0,-190.0,1.0,1.0,1.0,1,1,1,1,0E-8,1.00000000,,0E-8,0.000000,1.000000,0.000000,,2026-04-05,2026-04-05,1,1,1,1,1.000000,,,0.000000,3,0.6578483245149912,0.455026455026455,0.455026455026455,0.5008818342151675,0.5008818342151675,,n_rounds>=30,568,185,PERCENT_RANK_OVER_ORDER_BY_e_stake,HF9f,THIN_ROUNDS,L5_INSUFFICIENT,1.862,Z 证据不足 · 不动作,374,1,A168_HF9F_20260827_0900,2026-08-27 09:00:00
145418979,2026-04-14,2026-04-14 15:40:37,54378,4,21,3,20000.00,5000.00,1,1,TIGHTEN,0,1,v2026-08-11,193.7734,193.7734,193.7734,1,1,-1.00000000,,-1.00000000,-1.00000000,-193.7734,193.7734,THIN_EXPOSURE,0.0000,7.7509,4.0000,96.0000,AG03-UNRESOLVED,ALL5_LEVELS_bet23_to_bet27,7.7509,7.7509,9.6887,10.6575,10.6575,4.000000,4.000000,5.000000,5.500000,5.500000,96.000000,96.000000,95.000000,94.500000,94.500000,5.0,46.5056,42.2695,147.2678,151.5039,PENDING_AG03,FALSE,NOT_FOR_ENFORCEMENT,186.0225,186.0225,193.7734,186.0225,7.7509,1.00000000,0.96000000,7.7509,186.0225,0.96000000,7.7509,7.7509,9.6887,10.6575,10.6575,186.0225,0.96000000,46.5056,42.2695,147.2678,151.5039,0.76000000,0.78186125,0.04000000,193.7734,193.7734,193.7734,193.7734,193.7734,193.7734,1.0000,,193.7734,193.7734,193.7734,193.7734,193.7734,193.7734,193.7734,193.7734,-193.7734,1.0,1.0,1.0,1,1,1,1,0E-8,1.00000000,,0E-8,0.000000,1.000000,0.000000,,2026-06-05,2026-06-05,1,1,1,1,1.000000,,,0.000000,3,0.6596119929453262,0.455026455026455,0.455026455026455,0.5026455026455027,0.5026455026455027,,n_rounds>=30,568,185,PERCENT_RANK_OVER_ORDER_BY_e_stake,HF9f,THIN_ROUNDS,L5_INSUFFICIENT,1.862,Z 证据不足 · 不动作,375,1,A168_HF9F_20260827_0900,2026-08-27 09:00:00
149621012,2026-05-06,2026-05-06 13:55:08,54378,4,21,4,20000.00,10000.00,1,1,TIGHTEN,0,1,v2026-08-11,813.1192,813.1192,195.2084,4,4,-0.24007353,-0.24007353,,-0.24007353,-195.2084,813.1192,THIN_EXPOSURE,0.0000,7.8083,4.0000,96.0000,AG03-UNRESOLVED,ALL5_LEVELS_bet23_to_bet27,7.8083,7.8083,9.7604,10.7365,10.7365,4.000000,4.000000,5.000000,5.500000,5.500000,96.000000,96.000000,95.000000,94.500000,94.500000,5.0,46.8500,42.5825,148.3584,152.6259,PENDING_AG03,FALSE,NOT_FOR_ENFORCEMENT,187.4001,780.5945,195.2084,187.4001,7.8083,0.24007353,0.23047059,7.8083,187.4001,0.23047059,7.8083,7.8083,9.7604,10.7365,10.7365,187.4001,0.23047059,46.8500,42.5825,148.3584,152.6259,0.18245588,0.18770419,0.00960294,203.2798,203.2798,48.8021,65.0695,65.0695,271.0397,1.3333,203.2798,,88.2943,158.4387,318.2653,427.0584,427.0584,427.0584,158.4387,16.4257,2.695418,2.695418,1.283019,3,3,3,2,1.00000000,0.24007353,0.24007353,0E-8,0.000000,1.000000,0.000000,,2026-07-11,2026-07-24,3,3,3,14,0.214286,,1.000000,3.333333,3,0.6613756613756614,0.6049382716049383,0.6049382716049383,0.5414462081128748,0.5414462081128748,,n_rounds>=30,568,185,PERCENT_RANK_OVER_ORDER_BY_e_stake,HF9f,THIN_ROUNDS,L5_INSUFFICIENT,0.931,Z 证据不足 · 不动作,376,1,A168_HF9F_20260827_0900,2026-08-27 09:00:00
145725224,2026-03-21,2026-03-21 18:58:14,54378,4,"3,21","3,4",20000.00,10000.00,2,2,TIGHTEN,0,1,v2026-08-11,2568.4366,2359.1483,207.3698,39,33,-0.08073777,-0.25000000,0.00110807,-0.08073777,-207.3698,2568.4366,OK,0.0000,8.2948,4.0000,96.0000,AG03-UNRESOLVED,ALL5_LEVELS_bet23_to_bet27,8.2948,8.2948,10.3685,11.4053,11.4053,4.000000,4.000000,5.000000,5.500000,5.500000,96.000000,96.000000,95.000000,94.500000,94.500000,5.0,49.7688,45.2354,157.6011,162.1344,PENDING_AG03,FALSE,NOT_FOR_ENFORCEMENT,199.0750,2264.7824,207.3698,199.0750,8.2948,0.08073777,0.07750826,8.2948,199.0750,0.07750826,8.2948,8.2948,10.3685,11.4053,11.4053,199.0750,0.07750826,49.7688,45.2354,157.6011,162.1344,0.06136070,0.06312573,0.00322951,65.8573,71.4893,6.2839,51.8425,25.9212,642.1091,8.2500,209.2882,49.4652,10.7724,21.5448,107.484,203.134,209.2882,209.2882,21.5448,-10.7724,9.714112,9.714112,3.056769,7,5,4,6,0.32593869,0.08073777,0.25000000,0E-8,0.000000,0.918515,0.820513,-0.25110807,2026-04-03,2026-07-31,4,8,8,120,0.033333,4.231015,3.177902,1.086462,3,0.6631393298059964,0.6754850088183422,0.6754850088183422,0.5978835978835979,0.5978835978835979,0.0,n_rounds>=30,568,185,PERCENT_RANK_OVER_ORDER_BY_e_stake,HF9f,OK,L5_INSUFFICIENT,0.3241326,E 常规,377,1,A168_HF9F_20260827_0900,2026-08-27 09:00:00
145725224,2026-03-21,2026-03-21 18:59:53,54378,4,"3,4",3,10000.00,5000.00,2,1,TIGHTEN,0,1,v2026-08-11,2568.4366,2359.1483,207.3698,39,33,-0.08073777,-0.25000000,0.00110807,-0.08073777,-207.3698,2568.4366,OK,0.0000,8.2948,4.0000,96.0000,AG03-UNRESOLVED,ALL5_LEVELS_bet23_to_bet27,8.2948,8.2948,10.3685,11.4053,11.4053,4.000000,4.000000,5.000000,5.500000,5.500000,96.000000,96.000000,95.000000,94.500000,94.500000,5.0,49.7688,45.2354,157.6011,162.1344,PENDING_AG03,FALSE,NOT_FOR_ENFORCEMENT,199.0750,2264.7824,207.3698,199.0750,8.2948,0.08073777,0.07750826,8.2948,199.0750,0.07750826,8.2948,8.2948,10.3685,11.4053,11.4053,199.0750,0.07750826,49.7688,45.2354,157.6011,162.1344,0.06136070,0.06312573,0.00322951,65.8573,71.4893,6.2839,51.8425,25.9212,642.1091,8.2500,209.2882,49.4652,10.7724,21.5448,107.484,203.134,209.2882,209.2882,21.5448,-10.7724,9.714112,9.714112,3.056769,7,5,4,6,0.32593869,0.08073777,0.25000000,0E-8,0.000000,0.918515,0.820513,-0.25110807,2026-04-03,2026-07-31,4,8,8,120,0.033333,4.231015,3.177902,1.086462,3,0.6631393298059964,0.6754850088183422,0.6754850088183422,0.5978835978835979,0.5978835978835979,0.0,n_rounds>=30,568,185,PERCENT_RANK_OVER_ORDER_BY_e_stake,HF9f,OK,L5_INSUFFICIENT,0.3241326,E 常规,378,1,A168_HF9F_20260827_0900,2026-08-27 09:00:00
151637812,2026-06-29,2026-06-29 15:52:39,56681,4,4,32,10000.00,200000.00,1,1,RELEASE,0,1,v2026-08-11,215.3038,215.3038,213.1508,2,2,-0.99000000,,-0.99000000,-1.00000000,-213.1508,215.3038,THIN_EXPOSURE,2.1530,10.6575,5.0000,95.0000,AG03-UNRESOLVED,ALL5_LEVELS_bet23_to_bet27,10.6575,10.6575,10.6575,10.6575,10.6575,5.000000,5.000000,5.000000,5.000000,5.000000,95.000000,95.000000,95.000000,95.000000,95.000000,5.0,53.2877,48.2188,157.7100,162.779,PENDING_AG03,FALSE,NOT_FOR_ENFORCEMENT,202.4932,204.5386,210.9977,200.3402,8.5045,0.98000000,0.93050000,10.6575,200.3402,0.93050000,10.6575,10.6575,10.6575,10.6575,10.6575,200.3402,0.93050000,53.2877,48.2188,157.7100,162.779,0.73250000,0.75604313,0.03950000,107.6519,107.6519,106.5754,213.1508,213.1508,215.3038,2.0000,,107.6519,107.6519,107.6519,107.6519,107.6519,107.6519,107.6519,107.6519,-106.5754,1.0,1.0,1.0,1,1,1,1,0E-8,0.99000000,,0.01000000,1.000000,1.000000,0.000000,,2026-06-17,2026-06-17,1,1,1,1,1.000000,,,0.000000,3,0.6666666666666666,0.5202821869488536,0.5202821869488536,0.5061728395061729,0.5061728395061729,,n_rounds>=30,568,185,PERCENT_RANK_OVER_ORDER_BY_e_stake,HF9f,THIN_ROUNDS,L5_INSUFFICIENT,1.31663283,Z 证据不足 · 不动作,379,1,A168_HF9F_20260827_0900,2026-08-27 09:00:00
151637812,2026-06-29,2026-06-29 15:54:06,56681,4,32,3,200000.00,5000.00,1,1,TIGHTEN,0,1,v2026-08-11,215.3038,215.3038,213.1508,2,2,-0.99000000,,-0.99000000,-1.00000000,-213.1508,215.3038,THIN_EXPOSURE,2.1530,10.6575,5.0000,95.0000,AG03-UNRESOLVED,ALL5_LEVELS_bet23_to_bet27,10.6575,10.6575,10.6575,10.6575,10.6575,5.000000,5.000000,5.000000,5.000000,5.000000,95.000000,95.000000,95.000000,95.000000,95.000000,5.0,53.2877,48.2188,157.7100,162.779,PENDING_AG03,FALSE,NOT_FOR_ENFORCEMENT,202.4932,204.5386,210.9977,200.3402,8.5045,0.98000000,0.93050000,10.6575,200.3402,0.93050000,10.6575,10.6575,10.6575,10.6575,10.6575,200.3402,0.93050000,53.2877,48.2188,157.7100,162.779,0.73250000,0.75604313,0.03950000,107.6519,107.6519,106.5754,213.1508,213.1508,215.3038,2.0000,,107.6519,107.6519,107.6519,107.6519,107.6519,107.6519,107.6519,107.6519,-106.5754,1.0,1.0,1.0,1,1,1,1,0E-8,0.99000000,,0.01000000,1.000000,1.000000,0.000000,,2026-06-17,2026-06-17,1,1,1,1,1.000000,,,0.000000,3,0.6666666666666666,0.5202821869488536,0.5202821869488536,0.5061728395061729,0.5061728395061729,,n_rounds>=30,568,185,PERCENT_RANK_OVER_ORDER_BY_e_stake,HF9f,THIN_ROUNDS,L5_INSUFFICIENT,1.31663283,Z 证据不足 · 不动作,380,1,A168_HF9F_20260827_0900,2026-08-27 09:00:00
152813228,2026-07-13,2026-07-13 22:10:51,54378,4,21,4,20000.00,10000.00,1,1,TIGHTEN,0,1,v2026-08-11,213.5292,213.5292,213.5292,2,2,-1.00000000,-1.00000000,,-1.00000000,-213.5292,213.5292,THIN_EXPOSURE,0.0000,8.5412,4.0000,96.0000,AG03-UNRESOLVED,ALL5_LEVELS_bet23_to_bet27,8.5412,8.5412,10.6765,11.7441,11.7441,4.000000,4.000000,5.000000,5.500000,5.500000,96.000000,96.000000,95.000000,94.500000,94.500000,5.0,51.2470,46.579,162.2822,166.9502,PENDING_AG03,FALSE,NOT_FOR_ENFORCEMENT,204.9880,204.9880,213.5292,204.9880,8.5412,1.00000000,0.96000000,8.5412,204.9880,0.96000000,8.5412,8.5412,10.6765,11.7441,11.7441,204.9880,0.96000000,51.2470,46.579,162.2822,166.9502,0.76000000,0.78186125,0.04000000,106.7646,106.7646,106.7646,213.5292,213.5292,213.5292,2.0000,106.7646,,106.7646,106.7646,106.7646,106.7646,106.7646,106.7646,106.7646,-106.7646,1.0,1.0,1.0,1,1,1,1,1.00000000,1.00000000,1.00000000,0E-8,0.000000,1.000000,0.000000,,2026-07-10,2026-07-10,1,1,1,1,1.000000,,1.000000,3.333333,3,0.6701940035273368,0.455026455026455,0.455026455026455,0.5044091710758377,0.5044091710758377,,n_rounds>=30,568,185,PERCENT_RANK_OVER_ORDER_BY_e_stake,HF9f,THIN_ROUNDS,L5_INSUFFICIENT,1.31663283,Z 证据不足 · 不动作,381,1,A168_HF9F_20260827_0900,2026-08-27 09:00:00
147286517,2026-03-25,2026-03-25 12:03:40,54378,4,21,4,20000.00,10000.00,1,1,TIGHTEN,0,1,v2026-08-11,15902.8808,14759.5835,213.6325,284,284,-0.01343357,,-0.01343357,-0.01343357,-213.6325,15902.8808,OK,0.0000,8.5453,4.0000,96.0000,AG03-UNRESOLVED,ALL5_LEVELS_bet23_to_bet27,8.5453,8.5453,10.6816,11.7498,11.7498,4.000000,4.000000,5.000000,5.500000,5.500000,96.000000,96.000000,95.000000,94.500000,94.500000,5.0,51.2718,46.6015,162.3607,167.031,PENDING_AG03,FALSE,NOT_FOR_ENFORCEMENT,205.0872,14169.2001,213.6325,205.0872,8.5453,0.01343357,0.01289623,8.5453,205.0872,0.01289623,8.5453,8.5453,10.6816,11.7498,11.7498,205.0872,0.01289623,51.2718,46.6015,162.3607,167.031,0.01020952,0.01050319,0.00053734,55.9961,51.9704,0.7522,21.3633,3.6833,1590.2881,28.4000,,55.9961,32.4408,43.2545,64.8817,106.7646,107.7238,213.5292,43.2545,0.0,2.490466,4.936582,1.294573,20,43,7,2,0E-8,0.01343357,,0E-8,0.000000,0.928108,0.084507,,2026-04-22,2026-07-01,10,58,42,71,0.140845,,,0.000000,4,0.671957671957672,0.8201058201058201,0.8201058201058201,0.7037037037037037,0.7037037037037037,0.11956521739130435,n_rounds>=30,568,185,PERCENT_RANK_OVER_ORDER_BY_e_stake,HF9f,OK,L5_INSUFFICIENT,0.11048937,E 常规,382,1,A168_HF9F_20260827_0900,2026-08-27 09:00:00
148601162,2026-04-13,2026-04-13 19:19:02,54378,4,21,3,20000.00,5000.00,1,1,TIGHTEN,0,1,v2026-08-11,216.4886,216.4886,216.4886,4,4,-1.00000000,,-1.00000000,-1.00000000,-216.4886,216.4886,THIN_EXPOSURE,0.0000,8.6595,4.0000,96.0000,AG03-UNRESOLVED,ALL5_LEVELS_bet23_to_bet27,8.6595,8.6595,10.8244,11.9069,11.9069,4.000000,4.000000,5.000000,5.500000,5.500000,96.000000,96.000000,95.000000,94.500000,94.500000,5.0,51.9573,47.2246,164.5313,169.264,PENDING_AG03,FALSE,NOT_FOR_ENFORCEMENT,207.8291,207.8291,216.4886,207.8291,8.6595,1.00000000,0.96000000,8.6595,207.8291,0.96000000,8.6595,8.6595,10.8244,11.9069,11.9069,207.8291,0.96000000,51.9573,47.2246,164.5313,169.264,0.76000000,0.78186125,0.04000000,54.1222,54.1222,54.1222,216.4886,216.4886,216.4886,4.0000,,54.1222,32.4408,54.0681,75.8035,86.7252,86.7252,86.7252,54.0681,-54.0681,1.604,1.604,1.001,1,1,1,2,0E-8,1.00000000,,0E-8,0.000000,1.000000,0.000000,,2026-05-01,2026-05-01,1,1,1,1,1.000000,,,0.000000,3,0.673721340388007,0.455026455026455,0.455026455026455,0.5114638447971781,0.5114638447971781,,n_rounds>=30,568,185,PERCENT_RANK_OVER_ORDER_BY_e_stake,HF9f,THIN_ROUNDS,L5_INSUFFICIENT,0.931,Z 证据不足 · 不动作,383,1,A168_HF9F_20260827_0900,2026-08-27 09:00:00
149722839,2026-05-17,2026-05-17 04:05:17,54378,4,21,4,20000.00,10000.00,1,1,TIGHTEN,0,1,v2026-08-11,312.9643,302.1507,217.2638,7,7,-0.69421274,-1.00000000,-0.57785123,-0.69421274,-217.2638,312.9643,THIN_EXPOSURE,0.0000,8.6906,4.0000,96.0000,AG03-UNRESOLVED,ALL5_LEVELS_bet23_to_bet27,8.6906,8.6906,10.8632,11.9495,11.9495,4.000000,4.000000,5.000000,5.500000,5.500000,96.000000,96.000000,95.000000,94.500000,94.500000,5.0,52.1433,47.3937,165.1205,169.8702,PENDING_AG03,FALSE,NOT_FOR_ENFORCEMENT,208.5733,290.0647,217.2638,208.5733,8.6906,0.69421274,0.66644423,8.6906,208.5733,0.66644423,8.6906,8.6906,10.8632,11.9495,11.9495,208.5733,0.66644423,52.1433,47.3937,165.1205,169.8702,0.52760168,0.54277804,0.02776851,44.7092,43.1644,31.0377,72.4213,43.4528,104.3214,2.3333,86.2658,37.7831,21.6272,32.4408,75.4048,86.2369,86.2658,86.2658,32.4408,-21.6272,2.659172,2.659172,1.378176,4,5,1,2,0.27564100,0.69421274,1.00000000,0E-8,0.000000,0.965448,0.428571,-0.42214877,2026-05-22,2026-07-22,3,5,5,62,0.048387,2.283186,1.929487,0.918803,3,0.6754850088183422,0.5326278659611993,0.5326278659611993,0.5167548500881834,0.5167548500881834,,n_rounds>=30,568,185,PERCENT_RANK_OVER_ORDER_BY_e_stake,HF9f,THIN_ROUNDS,L5_INSUFFICIENT,0.70376985,Z 证据不足 · 不动作,384,1,A168_HF9F_20260827_0900,2026-08-27 09:00:00
146143933,2026-08-06,2026-08-06 13:54:50,54378,4,21,4,20000.00,10000.00,1,1,TIGHTEN,0,1,v2026-08-11,5670.9427,5163.3912,224.8898,51,51,-0.03965652,,-0.03965652,-0.03965652,-224.8898,5670.9427,OK,0.0000,8.9956,4.0000,96.0000,AG03-UNRESOLVED,ALL5_LEVELS_bet23_to_bet27,8.9956,8.9956,11.2445,12.3689,12.3689,4.000000,4.000000,5.000000,5.500000,5.500000,96.000000,96.000000,95.000000,94.500000,94.500000,5.0,53.9736,49.0572,170.9163,175.8326,PENDING_AG03,FALSE,NOT_FOR_ENFORCEMENT,215.8942,4956.8556,224.8898,215.8942,8.9956,0.03965652,0.03807025,8.9956,215.8942,0.03807025,8.9956,8.9956,11.2445,12.3689,12.3689,215.8942,0.03807025,53.9736,49.0572,170.9163,175.8326,0.03013895,0.03100589,0.00158626,111.1950,101.2430,4.4096,44.9780,28.1112,1134.1885,10.2000,,111.1950,89.7654,107.6519,109.2395,162.3298,215.3038,542.889,107.6519,0.0,2.0,5.043004,1.032912,8,8,1,2,0E-8,0.03965652,,0E-8,0.000000,0.910500,0.000000,,2026-03-27,2026-06-22,5,8,8,88,0.056818,,,0.000000,4,0.6772486772486772,0.7354497354497355,0.7354497354497355,0.6455026455026455,0.6455026455026455,0.043478260869565216,n_rounds>=30,568,185,PERCENT_RANK_OVER_ORDER_BY_e_stake,HF9f,OK,L5_INSUFFICIENT,0.26073215,E 常规,385,1,A168_HF9F_20260827_0900,2026-08-27 09:00:00
147727116,2026-04-30,2026-04-30 17:46:41,54378,4,21,3,20000.00,5000.00,1,1,TIGHTEN,0,1,v2026-08-11,1869.5846,1825.8888,226.0218,17,12,-0.12089415,,-0.12089415,-0.12089415,-226.0218,1869.5846,THIN_EXPOSURE,0.0000,9.0409,4.0000,96.0000,AG03-UNRESOLVED,ALL5_LEVELS_bet23_to_bet27,9.0409,9.0409,11.3011,12.4312,12.4312,4.000000,4.000000,5.000000,5.500000,5.500000,96.000000,96.000000,95.000000,94.500000,94.500000,5.0,54.2452,49.3041,171.7766,176.7177,PENDING_AG03,FALSE,NOT_FOR_ENFORCEMENT,216.9810,1752.8532,226.0218,216.9810,9.0409,0.12089415,0.11605838,9.0409,216.9810,0.11605838,9.0409,9.0409,11.3011,12.4312,12.4312,216.9810,0.11605838,54.2452,49.3041,171.7766,176.7177,0.09187955,0.09452245,0.00483577,109.9756,152.1574,18.8352,75.3406,22.6022,623.1949,4.0000,,109.9756,43.6958,66.1991,93.8367,203.6049,495.818,646.3428,66.1991,-43.6958,7.489797,9.763616,1.661284,9,8,2,4,0E-8,0.12089415,,0E-8,0.000000,0.976628,0.058824,,2026-03-25,2026-05-28,3,10,10,65,0.046154,,,0.000000,3,0.6790123456790124,0.6419753086419753,0.6419753086419753,0.5714285714285714,0.5714285714285714,,n_rounds>=30,568,185,PERCENT_RANK_OVER_ORDER_BY_e_stake,HF9f,THIN_ROUNDS,L5_INSUFFICIENT,0.5375131,Z 证据不足 · 不动作,386,1,A168_HF9F_20260827_0900,2026-08-27 09:00:00
150439140,2026-08-04,2026-08-04 00:39:12,51807,5,350,21,50000.00,20000.00,1,1,TIGHTEN,0,1,v2026-08-11,10580.0000,8280.0000,252.5000,19,19,-0.02386578,,-0.02386578,-0.02386578,-252.5000,10580.0000,THIN_EXPOSURE,0.0000,7.5750,3.0000,97.0000,AG03-UNRESOLVED,ALL5_LEVELS_bet23_to_bet27,7.5750,7.5750,7.5750,7.5750,7.5750,3.000000,3.000000,3.000000,3.000000,3.000000,97.000000,97.000000,97.000000,97.000000,97.000000,5.0,37.8750,35.6697,214.6250,216.8303,PENDING_AG03,FALSE,NOT_FOR_ENFORCEMENT,244.9250,8031.6000,252.5000,244.9250,7.5750,0.02386578,0.02314981,7.5750,244.9250,0.02314981,7.5750,7.5750,7.5750,7.5750,7.5750,244.9250,0.02314981,37.8750,35.6697,214.6250,216.8303,0.02028592,0.02049436,0.00071597,556.8421,435.7895,13.2895,126.2500,22.9545,5290.0000,9.5000,,556.8421,100.0,400.0,950.0,1500.0,1774.9998,2000.0,200.0,0.0,4.437499,5.0,1.392105,9,10,2,2,0E-8,0.02386578,,0E-8,0.000000,0.782609,0.000000,,2026-06-04,2026-06-06,2,11,9,3,0.666667,,,0.000000,4,0.6807760141093474,0.781305114638448,0.781305114638448,0.6701940035273368,0.6701940035273368,,n_rounds>=30,568,185,PERCENT_RANK_OVER_ORDER_BY_e_stake,HF9f,THIN_ROUNDS,L5_INSUFFICIENT,0.4271721,Z 证据不足 · 不动作,387,1,A168_HF9F_20260827_0900,2026-08-27 09:00:00
145948246,2026-04-09,2026-04-09 21:58:56,55797,5,21,4,20000.00,10000.00,1,1,TIGHTEN,0,1,v2026-08-11,301.4253,301.4253,301.4253,1,1,-1.00000000,,-1.00000000,-1.00000000,-301.4253,301.4253,THIN_EXPOSURE,0.0000,12.0570,4.0000,96.0000,AG03-UNRESOLVED,ALL5_LEVELS_bet23_to_bet27,12.0570,12.0570,15.0713,16.5784,16.5784,4.000000,4.000000,5.000000,5.500000,5.500000,96.000000,96.000000,95.000000,94.500000,94.500000,5.0,72.3421,65.7525,229.0832,235.6728,PENDING_AG03,FALSE,NOT_FOR_ENFORCEMENT,289.3683,289.3683,301.4253,289.3683,12.0570,1.00000000,0.96000000,12.0570,289.3683,0.96000000,12.0570,12.0570,15.0713,16.5784,16.5784,289.3683,0.96000000,72.3421,65.7525,229.0832,235.6728,0.76000000,0.78186125,0.04000000,301.4253,301.4253,301.4253,301.4253,301.4253,301.4253,1.0000,,301.4253,301.4253,301.4253,301.4253,301.4253,301.4253,301.4253,301.4253,-301.4253,1.0,1.0,1.0,1,1,1,1,0E-8,1.00000000,,0E-8,0.000000,1.000000,0.000000,,2026-06-27,2026-06-27,1,1,1,1,1.000000,,,0.000000,3,0.6825396825396826,0.455026455026455,0.455026455026455,0.5149911816578483,0.5149911816578483,,n_rounds>=30,568,185,PERCENT_RANK_OVER_ORDER_BY_e_stake,HF9f,THIN_ROUNDS,L5_INSUFFICIENT,1.862,Z 证据不足 · 不动作,388,1,A168_HF9F_20260827_0900,2026-08-27 09:00:00
149364950,2026-04-30,2026-04-30 23:38:50,54378,4,21,3,20000.00,5000.00,1,1,TIGHTEN,0,1,v2026-08-11,710.3489,591.5363,320.8880,12,11,-0.45173295,0.01346154,-0.75012494,-0.45173295,-320.8880,710.3489,THIN_EXPOSURE,0.0000,12.8355,4.0000,96.0000,AG03-UNRESOLVED,ALL5_LEVELS_bet23_to_bet27,12.8355,12.8355,16.0444,17.6488,17.6488,4.000000,4.000000,5.000000,5.500000,5.500000,96.000000,96.000000,95.000000,94.500000,94.500000,5.0,77.0131,69.9981,243.8749,250.8899,PENDING_AG03,FALSE,NOT_FOR_ENFORCEMENT,308.0525,567.8748,320.8880,308.0525,12.8355,0.45173295,0.43366363,12.8355,308.0525,0.43366363,12.8355,12.8355,16.0444,17.6488,17.6488,308.0525,0.43366363,77.0131,69.9981,243.8749,250.8899,0.34331704,0.35319249,0.01806932,59.1957,53.7760,29.1716,106.9627,80.2220,236.7830,3.6667,39.6554,86.5522,10.6765,54.1762,107.4504,108.1362,108.1362,108.1362,32.3037,-10.6765,1.996008,1.996008,1.092652,4,4,3,3,0.39077694,0.45173295,-0.01346154,0E-8,0.000000,0.832740,0.416667,0.76358648,2026-04-30,2026-07-25,3,4,4,87,0.034483,0.458168,0.669903,1.302590,3,0.6843033509700176,0.5590828924162258,0.5590828924162258,0.5379188712522046,0.5379188712522046,,n_rounds>=30,568,185,PERCENT_RANK_OVER_ORDER_BY_e_stake,HF9f,THIN_ROUNDS,L5_INSUFFICIENT,0.56141412,Z 证据不足 · 不动作,389,1,A168_HF9F_20260827_0900,2026-08-27 09:00:00
149364966,2026-04-30,2026-04-30 23:37:52,54378,4,21,3,20000.00,5000.00,1,1,TIGHTEN,0,1,v2026-08-11,324.4085,324.4085,324.4085,1,1,-1.00000000,,-1.00000000,-1.00000000,-324.4085,324.4085,THIN_EXPOSURE,0.0000,12.9763,4.0000,96.0000,AG03-UNRESOLVED,ALL5_LEVELS_bet23_to_bet27,12.9763,12.9763,16.2204,17.8425,17.8425,4.000000,4.000000,5.000000,5.500000,5.500000,96.000000,96.000000,95.000000,94.500000,94.500000,5.0,77.8580,70.7661,246.5505,253.6424,PENDING_AG03,FALSE,NOT_FOR_ENFORCEMENT,311.4322,311.4322,324.4085,311.4322,12.9763,1.00000000,0.96000000,12.9763,311.4322,0.96000000,12.9763,12.9763,16.2204,17.8425,17.8425,311.4322,0.96000000,77.8580,70.7661,246.5505,253.6424,0.76000000,0.78186125,0.04000000,324.4085,324.4085,324.4085,324.4085,324.4085,324.4085,1.0000,,324.4085,324.4085,324.4085,324.4085,324.4085,324.4085,324.4085,324.4085,-324.4085,1.0,1.0,1.0,1,1,1,1,0E-8,1.00000000,,0E-8,0.000000,1.000000,0.000000,,2026-05-23,2026-05-23,1,1,1,1,1.000000,,,0.000000,3,0.6860670194003528,0.455026455026455,0.455026455026455,0.5185185185185185,0.5185185185185185,,n_rounds>=30,568,185,PERCENT_RANK_OVER_ORDER_BY_e_stake,HF9f,THIN_ROUNDS,L5_INSUFFICIENT,1.862,Z 证据不足 · 不动作,390,1,A168_HF9F_20260827_0900,2026-08-27 09:00:00
151778470,2026-06-20,2026-06-20 14:12:23,40210,4,"124,59,1,2,3",1,5000.00,1000.00,5,1,TIGHTEN,0,1,v2026-08-11,2368.0650,1691.4750,338.2950,4,4,-0.14285714,,-0.14285714,-0.14285714,-338.2950,2368.0650,THIN_EXPOSURE,0.0000,13.5318,4.0000,96.0000,AG03-UNRESOLVED,ALL5_LEVELS_bet23_to_bet27,13.5318,13.5318,13.5318,13.5318,13.5318,4.000000,4.000000,4.000000,4.000000,4.000000,96.000000,96.000000,96.000000,96.000000,96.000000,5.0,67.6590,62.4585,270.6360,275.8365,PENDING_AG03,FALSE,NOT_FOR_ENFORCEMENT,324.7632,1623.8160,338.2950,324.7632,13.5318,0.14285714,0.13714286,13.5318,324.7632,0.13714286,13.5318,13.5318,13.5318,13.5318,13.5318,324.7632,0.13714286,67.6590,62.4585,270.6360,275.8365,0.11428571,0.11648181,0.00571429,592.0162,422.8687,84.5737,169.1475,169.1475,1184.0325,2.0000,,592.0162,507.4425,676.59,676.59,676.59,676.59,676.59,507.4425,-169.1475,1.0,1.0,0.875,2,2,1,1,0E-8,0.14285714,,0E-8,0.000000,0.714286,0.000000,,2026-06-19,2026-06-21,2,2,2,3,0.666667,,,0.000000,3,0.6878306878306878,0.6313932980599647,0.6313932980599647,0.5837742504409171,0.5837742504409171,,n_rounds>=30,568,185,PERCENT_RANK_OVER_ORDER_BY_e_stake,HF9f,THIN_ROUNDS,L5_INSUFFICIENT,0.931,Z 证据不足 · 不动作,391,1,A168_HF9F_20260827_0900,2026-08-27 09:00:00
151778470,2026-07-09,2026-07-09 13:52:25,40210,4,1,2,1000.00,3000.00,1,1,RELEASE,0,1,v2026-08-11,2368.0650,1691.4750,338.2950,4,4,-0.14285714,,-0.14285714,-0.14285714,-338.2950,2368.0650,THIN_EXPOSURE,0.0000,13.5318,4.0000,96.0000,AG03-UNRESOLVED,ALL5_LEVELS_bet23_to_bet27,13.5318,13.5318,13.5318,13.5318,13.5318,4.000000,4.000000,4.000000,4.000000,4.000000,96.000000,96.000000,96.000000,96.000000,96.000000,5.0,67.6590,62.4585,270.6360,275.8365,PENDING_AG03,FALSE,NOT_FOR_ENFORCEMENT,324.7632,1623.8160,338.2950,324.7632,13.5318,0.14285714,0.13714286,13.5318,324.7632,0.13714286,13.5318,13.5318,13.5318,13.5318,13.5318,324.7632,0.13714286,67.6590,62.4585,270.6360,275.8365,0.11428571,0.11648181,0.00571429,592.0162,422.8687,84.5737,169.1475,169.1475,1184.0325,2.0000,,592.0162,507.4425,676.59,676.59,676.59,676.59,676.59,507.4425,-169.1475,1.0,1.0,0.875,2,2,1,1,0E-8,0.14285714,,0E-8,0.000000,0.714286,0.000000,,2026-06-19,2026-06-21,2,2,2,3,0.666667,,,0.000000,3,0.6878306878306878,0.6313932980599647,0.6313932980599647,0.5837742504409171,0.5837742504409171,,n_rounds>=30,568,185,PERCENT_RANK_OVER_ORDER_BY_e_stake,HF9f,THIN_ROUNDS,L5_INSUFFICIENT,0.931,Z 证据不足 · 不动作,392,1,A168_HF9F_20260827_0900,2026-08-27 09:00:00
149661907,2026-05-11,2026-05-11 00:18:26,40210,4,"124,59,1,2,3",1,5000.00,1000.00,5,1,TIGHTEN,0,1,v2026-08-11,683.9945,341.9973,341.9973,2,2,-0.50000000,,-0.50000000,-0.50000000,-341.9973,683.9945,THIN_EXPOSURE,0.0000,13.6799,4.0000,96.0000,AG03-UNRESOLVED,ALL5_LEVELS_bet23_to_bet27,13.6799,13.6799,13.6799,13.6799,13.6799,4.000000,4.000000,4.000000,4.000000,4.000000,96.000000,96.000000,96.000000,96.000000,96.000000,5.0,68.3995,63.142,273.5978,278.8552,PENDING_AG03,FALSE,NOT_FOR_ENFORCEMENT,328.3174,328.3174,341.9973,328.3174,13.6799,0.50000000,0.48000000,13.6799,328.3174,0.48000000,13.6799,13.6799,13.6799,13.6799,13.6799,328.3174,0.48000000,68.3995,63.142,273.5978,278.8552,0.40000000,0.40768635,0.02000000,341.9973,170.9986,170.9986,341.9973,341.9973,683.9945,2.0000,,341.9973,341.9973,341.9973,341.9973,341.9973,341.9973,341.9973,170.9986,-170.9986,1.0,1.0,1.0,1,1,1,1,0E-8,0.50000000,,0E-8,0.000000,0.500000,0.000000,,2026-05-08,2026-05-08,1,1,1,1,1.000000,,,0.000000,3,0.691358024691358,0.5485008818342152,0.5485008818342152,0.5326278659611993,0.5326278659611993,,n_rounds>=30,568,185,PERCENT_RANK_OVER_ORDER_BY_e_stake,HF9f,THIN_ROUNDS,L5_INSUFFICIENT,1.31663283,Z 证据不足 · 不动作,393,1,A168_HF9F_20260827_0900,2026-08-27 09:00:00
147031525,2026-07-18,2026-07-18 19:09:33,52302,5,350,647,50000.00,100000.00,1,1,RELEASE,0,1,v2026-08-11,1492.0000,1492.0000,376.0000,9,9,-0.25201072,,-0.25201072,-0.25201072,-376.0000,1492.0000,THIN_EXPOSURE,0.0000,11.2800,3.0000,97.0000,AG03-UNRESOLVED,ALL5_LEVELS_bet23_to_bet27,11.2800,11.2800,11.2800,11.2800,11.2800,3.000000,3.000000,3.000000,3.000000,3.000000,97.000000,97.000000,97.000000,97.000000,97.000000,5.0,56.4000,53.116,319.6000,322.884,PENDING_AG03,FALSE,NOT_FOR_ENFORCEMENT,364.7200,1447.2400,376.0000,364.7200,11.2800,0.25201072,0.24445040,11.2800,364.7200,0.24445040,11.2800,11.2800,11.2800,11.2800,11.2800,364.7200,0.24445040,56.4000,53.116,319.6000,322.884,0.21420912,0.21641018,0.00756032,165.7778,165.7778,41.7778,188.0000,62.6667,746.0000,4.5000,,165.7778,100.0,130.0,202.0,332.7999,416.0,416.0,130.0,50.0,3.2,3.2,1.275214,6,5,2,2,0E-8,0.25201072,,0E-8,0.000000,1.000000,0.000000,,2026-06-20,2026-07-05,2,6,6,16,0.125000,,,0.000000,3,0.6931216931216931,0.599647266313933,0.599647266313933,0.5661375661375662,0.5661375661375662,,n_rounds>=30,568,185,PERCENT_RANK_OVER_ORDER_BY_e_stake,HF9f,THIN_ROUNDS,L5_INSUFFICIENT,0.62066667,Z 证据不足 · 不动作,394,1,A168_HF9F_20260827_0900,2026-08-27 09:00:00
147031525,2026-07-18,2026-07-18 19:18:39,52302,5,647,350,100000.00,50000.00,1,1,TIGHTEN,0,1,v2026-08-11,1492.0000,1492.0000,376.0000,9,9,-0.25201072,,-0.25201072,-0.25201072,-376.0000,1492.0000,THIN_EXPOSURE,0.0000,11.2800,3.0000,97.0000,AG03-UNRESOLVED,ALL5_LEVELS_bet23_to_bet27,11.2800,11.2800,11.2800,11.2800,11.2800,3.000000,3.000000,3.000000,3.000000,3.000000,97.000000,97.000000,97.000000,97.000000,97.000000,5.0,56.4000,53.116,319.6000,322.884,PENDING_AG03,FALSE,NOT_FOR_ENFORCEMENT,364.7200,1447.2400,376.0000,364.7200,11.2800,0.25201072,0.24445040,11.2800,364.7200,0.24445040,11.2800,11.2800,11.2800,11.2800,11.2800,364.7200,0.24445040,56.4000,53.116,319.6000,322.884,0.21420912,0.21641018,0.00756032,165.7778,165.7778,41.7778,188.0000,62.6667,746.0000,4.5000,,165.7778,100.0,130.0,202.0,332.7999,416.0,416.0,130.0,50.0,3.2,3.2,1.275214,6,5,2,2,0E-8,0.25201072,,0E-8,0.000000,1.000000,0.000000,,2026-06-20,2026-07-05,2,6,6,16,0.125000,,,0.000000,3,0.6931216931216931,0.599647266313933,0.599647266313933,0.5661375661375662,0.5661375661375662,,n_rounds>=30,568,185,PERCENT_RANK_OVER_ORDER_BY_e_stake,HF9f,THIN_ROUNDS,L5_INSUFFICIENT,0.62066667,Z 证据不足 · 不动作,395,1,A168_HF9F_20260827_0900,2026-08-27 09:00:00
146673107,2026-04-30,2026-04-30 18:02:25,54378,4,21,3,20000.00,5000.00,1,1,TIGHTEN,0,1,v2026-08-11,11989.1595,10905.8588,473.9966,123,58,-0.03953543,0.95000000,-0.08705668,-0.03953543,-473.9966,11989.1595,OK,0.0000,18.9599,4.0000,96.0000,AG03-UNRESOLVED,ALL5_LEVELS_bet23_to_bet27,18.9599,18.9599,23.6998,26.0698,26.0698,4.000000,4.000000,5.000000,5.500000,5.500000,96.000000,96.000000,95.000000,94.500000,94.500000,5.0,113.7592,103.397,360.2374,370.5996,PENDING_AG03,FALSE,NOT_FOR_ENFORCEMENT,455.0368,10469.6245,473.9966,455.0368,18.9599,0.03953543,0.03795402,18.9599,455.0368,0.03795402,18.9599,18.9599,23.6998,26.0698,26.0698,455.0368,0.03795402,113.7592,103.397,360.2374,370.5996,0.03004693,0.03091122,0.00158142,97.4728,188.0320,8.1724,78.9994,52.6663,1998.1933,9.6667,549.3816,93.7687,43.6958,43.6958,87.3916,218.4789,323.1714,578.0169,43.6958,-43.6958,7.395939,13.228206,2.230715,6,10,2,8,0.04582319,0.03953543,-0.95000000,0E-8,0.000000,0.909643,0.089431,1.03705668,2026-03-24,2026-08-05,6,9,8,135,0.044444,5.858903,5.636253,0.152744,4,0.6966490299823633,0.7372134038800705,0.7372134038800705,0.6825396825396826,0.6825396825396826,0.08152173913043478,n_rounds>=30,568,185,PERCENT_RANK_OVER_ORDER_BY_e_stake,HF9f,OK,L5_INSUFFICIENT,0.24449258,E 常规,396,1,A168_HF9F_20260827_0900,2026-08-27 09:00:00
135867488,2026-03-29,2026-03-29 12:15:22,54378,4,21,4,20000.00,10000.00,1,1,TIGHTEN,0,1,v2026-08-11,679.0229,617.0994,533.8230,6,6,-0.78616352,-0.42372881,-1.00000000,-0.78616352,-533.8230,679.0229,THIN_EXPOSURE,0.0000,21.3529,4.0000,96.0000,AG03-UNRESOLVED,ALL5_LEVELS_bet23_to_bet27,21.3529,21.3529,26.6912,29.3603,29.3603,4.000000,4.000000,5.000000,5.500000,5.500000,96.000000,96.000000,95.000000,94.500000,94.500000,5.0,128.1175,116.4475,405.7055,417.3755,PENDING_AG03,FALSE,NOT_FOR_ENFORCEMENT,512.4701,592.4154,533.8230,512.4701,21.3529,0.78616352,0.75471698,21.3529,512.4701,0.75471698,21.3529,21.3529,26.6912,29.3603,29.3603,512.4701,0.75471698,128.1175,116.4475,405.7055,417.3755,0.59748428,0.61467079,0.03144654,113.1705,102.8499,88.9705,266.9115,106.7646,339.5114,3.0000,62.9911,213.5292,61.9235,73.6676,213.5292,213.5292,213.5292,213.5292,73.6676,-73.6676,2.898551,2.898551,1.536232,5,5,2,2,0.37106918,0.78616352,0.42372881,0E-8,0.000000,0.908805,0.166667,0.57627119,2026-07-01,2026-07-14,2,5,5,14,0.142857,0.295000,0.556604,1.236897,3,0.6984126984126984,0.527336860670194,0.527336860670194,0.527336860670194,0.527336860670194,,n_rounds>=30,568,185,PERCENT_RANK_OVER_ORDER_BY_e_stake,HF9f,THIN_ROUNDS,L5_INSUFFICIENT,0.76015832,Z 证据不足 · 不动作,397,1,A168_HF9F_20260827_0900,2026-08-27 09:00:00
135867488,2026-05-28,2026-05-28 13:35:22,54378,4,4,21,10000.00,20000.00,1,1,RELEASE,0,1,v2026-08-11,679.0229,617.0994,533.8230,6,6,-0.78616352,-0.42372881,-1.00000000,-0.78616352,-533.8230,679.0229,THIN_EXPOSURE,0.0000,21.3529,4.0000,96.0000,AG03-UNRESOLVED,ALL5_LEVELS_bet23_to_bet27,21.3529,21.3529,26.6912,29.3603,29.3603,4.000000,4.000000,5.000000,5.500000,5.500000,96.000000,96.000000,95.000000,94.500000,94.500000,5.0,128.1175,116.4475,405.7055,417.3755,PENDING_AG03,FALSE,NOT_FOR_ENFORCEMENT,512.4701,592.4154,533.8230,512.4701,21.3529,0.78616352,0.75471698,21.3529,512.4701,0.75471698,21.3529,21.3529,26.6912,29.3603,29.3603,512.4701,0.75471698,128.1175,116.4475,405.7055,417.3755,0.59748428,0.61467079,0.03144654,113.1705,102.8499,88.9705,266.9115,106.7646,339.5114,3.0000,62.9911,213.5292,61.9235,73.6676,213.5292,213.5292,213.5292,213.5292,73.6676,-73.6676,2.898551,2.898551,1.536232,5,5,2,2,0.37106918,0.78616352,0.42372881,0E-8,0.000000,0.908805,0.166667,0.57627119,2026-07-01,2026-07-14,2,5,5,14,0.142857,0.295000,0.556604,1.236897,3,0.6984126984126984,0.527336860670194,0.527336860670194,0.527336860670194,0.527336860670194,,n_rounds>=30,568,185,PERCENT_RANK_OVER_ORDER_BY_e_stake,HF9f,THIN_ROUNDS,L5_INSUFFICIENT,0.76015832,Z 证据不足 · 不动作,398,1,A168_HF9F_20260827_0900,2026-08-27 09:00:00
135855662,2026-05-12,2026-05-12 16:18:11,54378,4,4,3,10000.00,5000.00,1,1,TIGHTEN,0,1,v2026-08-11,538.2595,538.2595,538.2595,1,1,-1.00000000,,-1.00000000,-1.00000000,-538.2595,538.2595,THIN_EXPOSURE,0.0000,21.5304,4.0000,96.0000,AG03-UNRESOLVED,ALL5_LEVELS_bet23_to_bet27,21.5304,21.5304,26.9130,29.6043,29.6043,4.000000,4.000000,5.000000,5.500000,5.500000,96.000000,96.000000,95.000000,94.500000,94.500000,5.0,129.1823,117.4153,409.0772,420.8442,PENDING_AG03,FALSE,NOT_FOR_ENFORCEMENT,516.7291,516.7291,538.2595,516.7291,21.5304,1.00000000,0.96000000,21.5304,516.7291,0.96000000,21.5304,21.5304,26.9130,29.6043,29.6043,516.7291,0.96000000,129.1823,117.4153,409.0772,420.8442,0.76000000,0.78186125,0.04000000,538.2595,538.2595,538.2595,538.2595,538.2595,538.2595,1.0000,,538.2595,538.2595,538.2595,538.2595,538.2595,538.2595,538.2595,538.2595,-538.2595,1.0,1.0,1.0,1,1,1,1,0E-8,1.00000000,,0E-8,0.000000,1.000000,0.000000,,2026-06-10,2026-06-10,1,1,1,1,1.000000,,,0.000000,3,0.7019400352733686,0.455026455026455,0.455026455026455,0.5220458553791887,0.5220458553791887,,n_rounds>=30,568,185,PERCENT_RANK_OVER_ORDER_BY_e_stake,HF9f,THIN_ROUNDS,L5_INSUFFICIENT,1.862,Z 证据不足 · 不动作,399,1,A168_HF9F_20260827_0900,2026-08-27 09:00:00
145870923,2026-04-09,2026-04-09 22:51:32,55797,5,21,4,20000.00,10000.00,1,1,TIGHTEN,0,1,v2026-08-11,20143.3568,19874.1432,553.5080,63,59,-0.02747844,-0.43486410,0.50280898,-0.02747844,-553.5080,20143.3568,OK,0.0000,22.1403,4.0000,96.0000,AG03-UNRESOLVED,ALL5_LEVELS_bet23_to_bet27,22.1403,22.1403,27.6754,30.4429,30.4429,4.000000,4.000000,5.000000,5.500000,5.500000,96.000000,96.000000,95.000000,94.500000,94.500000,5.0,132.8419,120.7415,420.6661,432.7665,PENDING_AG03,FALSE,NOT_FOR_ENFORCEMENT,531.3677,19079.1775,553.5080,531.3677,22.1403,0.02747844,0.02637930,22.1403,531.3677,0.02637930,22.1403,22.1403,27.6754,30.4429,30.4429,531.3677,0.02637930,132.8419,120.7415,420.6661,432.7665,0.02088361,0.02148433,0.00109914,319.7358,336.8499,9.3815,69.1885,29.1320,2517.9196,7.3750,711.9865,186.2037,43.0895,86.179,202.8528,768.7032,1857.7034,3932.6543,86.179,-21.3529,21.556325,45.633536,3.710134,14,12,1,6,0.56553550,0.02747844,0.43486410,0E-8,0.000000,0.986635,0.714286,-0.93767308,2026-04-04,2026-07-27,8,19,18,115,0.069565,3.823697,2.226796,1.885118,4,0.7037037037037037,0.7601410934744268,0.7601410934744268,0.7054673721340388,0.7054673721340388,0.125,n_rounds>=30,568,185,PERCENT_RANK_OVER_ORDER_BY_e_stake,HF9f,OK,L5_INSUFFICIENT,0.24241175,E 常规,400,1,A168_HF9F_20260827_0900,2026-08-27 09:00:00
150932472,2026-06-03,2026-06-03 14:26:43,54378,4,21,3,20000.00,5000.00,1,1,TIGHTEN,0,1,v2026-08-11,1001.1626,1001.1626,570.5551,9,9,-0.56989247,,-0.56989247,-0.56989247,-570.5551,1001.1626,THIN_EXPOSURE,0.0000,22.8222,4.0000,96.0000,AG03-UNRESOLVED,ALL5_LEVELS_bet23_to_bet27,22.8222,22.8222,28.5278,31.3805,31.3805,4.000000,4.000000,5.000000,5.500000,5.500000,96.000000,96.000000,95.000000,94.500000,94.500000,5.0,136.9332,124.4602,433.6218,446.0949,PENDING_AG03,FALSE,NOT_FOR_ENFORCEMENT,547.7329,961.1161,570.5551,547.7329,22.8222,0.56989247,0.54709677,22.8222,547.7329,0.54709677,22.8222,22.8222,28.5278,31.3805,31.3805,547.7329,0.54709677,136.9332,124.4602,433.6218,446.0949,0.43311828,0.44557684,0.02279570,111.2403,111.2403,63.3950,190.1850,81.5079,333.7209,3.0000,,111.2403,107.6519,107.6519,111.958,179.1327,215.3038,215.3038,107.6519,-107.6519,2.0,2.0,1.033333,6,6,2,2,0E-8,0.56989247,,0E-8,0.000000,1.000000,0.000000,,2026-06-12,2026-06-18,3,7,7,7,0.428571,,,0.000000,3,0.7054673721340388,0.5361552028218695,0.5361552028218695,0.5502645502645502,0.5502645502645502,,n_rounds>=30,568,185,PERCENT_RANK_OVER_ORDER_BY_e_stake,HF9f,THIN_ROUNDS,L5_INSUFFICIENT,0.62066667,Z 证据不足 · 不动作,401,1,A168_HF9F_20260827_0900,2026-08-27 09:00:00
153625052,2026-08-01,2026-08-01 15:32:22,40210,4,"124,59,1,2,3",1,5000.00,1000.00,5,1,TIGHTEN,0,1,v2026-08-11,679.3478,679.3478,679.3478,1,1,-1.00000000,-1.00000000,,-1.00000000,-679.3478,679.3478,THIN_EXPOSURE,0.0000,27.1739,4.0000,96.0000,AG03-UNRESOLVED,ALL5_LEVELS_bet23_to_bet27,27.1739,27.1739,27.1739,27.1739,27.1739,4.000000,4.000000,4.000000,4.000000,4.000000,96.000000,96.000000,96.000000,96.000000,96.000000,5.0,135.8696,125.4262,543.4783,553.9217,PENDING_AG03,FALSE,NOT_FOR_ENFORCEMENT,652.1739,652.1739,679.3478,652.1739,27.1739,1.00000000,0.96000000,27.1739,652.1739,0.96000000,27.1739,27.1739,27.1739,27.1739,27.1739,652.1739,0.96000000,135.8696,125.4262,543.4783,553.9217,0.80000000,0.8153727,0.04000000,679.3478,679.3478,679.3478,679.3478,679.3478,679.3478,1.0000,679.3478,,679.3478,679.3478,679.3478,679.3478,679.3478,679.3478,679.3478,-679.3478,1.0,1.0,1.0,1,1,1,1,1.00000000,1.00000000,1.00000000,0E-8,0.000000,1.000000,0.000000,,2026-07-30,2026-07-30,1,1,1,1,1.000000,,1.000000,3.333333,3,0.7072310405643739,0.455026455026455,0.455026455026455,0.5308641975308642,0.5308641975308642,,n_rounds>=30,568,185,PERCENT_RANK_OVER_ORDER_BY_e_stake,HF9f,THIN_ROUNDS,L5_INSUFFICIENT,1.862,Z 证据不足 · 不动作,402,1,A168_HF9F_20260827_0900,2026-08-27 09:00:00
148628893,2026-04-16,2026-04-16 13:59:05,40210,4,"124,59,1,2,3",1,5000.00,1000.00,5,1,TIGHTEN,0,1,v2026-08-11,689.6552,689.6552,689.6552,1,1,-1.00000000,,-1.00000000,-1.00000000,-689.6552,689.6552,THIN_EXPOSURE,0.0000,27.5862,4.0000,96.0000,AG03-UNRESOLVED,ALL5_LEVELS_bet23_to_bet27,27.5862,27.5862,27.5862,27.5862,27.5862,4.000000,4.000000,4.000000,4.000000,4.000000,96.000000,96.000000,96.000000,96.000000,96.000000,5.0,137.9310,127.3292,551.7241,562.326,PENDING_AG03,FALSE,NOT_FOR_ENFORCEMENT,662.0690,662.0690,689.6552,662.0690,27.5862,1.00000000,0.96000000,27.5862,662.0690,0.96000000,27.5862,27.5862,27.5862,27.5862,27.5862,662.0690,0.96000000,137.9310,127.3292,551.7241,562.326,0.80000000,0.8153727,0.04000000,689.6552,689.6552,689.6552,689.6552,689.6552,689.6552,1.0000,,689.6552,689.6552,689.6552,689.6552,689.6552,689.6552,689.6552,689.6552,-689.6552,1.0,1.0,1.0,1,1,1,1,0E-8,1.00000000,,0E-8,0.000000,1.000000,0.000000,,2026-04-19,2026-04-19,1,1,1,1,1.000000,,,0.000000,3,0.708994708994709,0.455026455026455,0.455026455026455,0.5343915343915344,0.5343915343915344,,n_rounds>=30,568,185,PERCENT_RANK_OVER_ORDER_BY_e_stake,HF9f,THIN_ROUNDS,L5_INSUFFICIENT,1.862,Z 证据不足 · 不动作,403,1,A168_HF9F_20260827_0900,2026-08-27 09:00:00
150258161,2026-05-19,2026-05-19 16:48:33,54378,4,21,3,20000.00,5000.00,1,1,TIGHTEN,0,1,v2026-08-11,798.1577,798.1577,712.7302,10,8,-0.89296906,,-0.89296906,-0.89296906,-712.7302,798.1577,THIN_EXPOSURE,0.0000,28.5092,4.0000,96.0000,AG03-UNRESOLVED,ALL5_LEVELS_bet23_to_bet27,28.5092,28.5092,35.6365,39.2002,39.2002,4.000000,4.000000,5.000000,5.500000,5.500000,96.000000,96.000000,95.000000,94.500000,94.500000,5.0,171.0552,155.4741,541.6749,557.2561,PENDING_AG03,FALSE,NOT_FOR_ENFORCEMENT,684.2209,766.2314,712.7302,684.2209,28.5092,0.89296906,0.85725030,28.5092,684.2209,0.85725030,28.5092,28.5092,35.6365,39.2002,39.2002,684.2209,0.85725030,171.0552,155.4741,541.6749,557.2561,0.67865649,0.6981779,0.03571876,79.8158,99.7697,89.0913,237.5767,237.5767,266.0526,2.6667,,79.8158,21.6272,32.4408,151.3906,215.7881,216.2723,216.2723,32.4408,-32.4408,6.666667,6.666667,2.460348,2,3,3,4,0E-8,0.89296906,,0E-8,0.000000,1.000000,0.600000,,2026-05-24,2026-06-17,3,3,3,25,0.120000,,,0.000000,3,0.7107583774250441,0.5238095238095238,0.5238095238095238,0.5396825396825397,0.5396825396825397,,n_rounds>=30,568,185,PERCENT_RANK_OVER_ORDER_BY_e_stake,HF9f,THIN_ROUNDS,L5_INSUFFICIENT,0.65831641,Z 证据不足 · 不动作,404,1,A168_HF9F_20260827_0900,2026-08-27 09:00:00
30380904,2026-07-30,2026-07-30 22:55:36,240,0,"4,21,22",4,30000.00,10000.00,3,1,TIGHTEN,0,1,v2026-08-11,6604.7522,5351.8349,772.4823,110,108,-0.11695856,,-0.11695856,-0.11695856,-772.4823,6604.7522,OK,0.0000,38.6241,5.0000,95.0000,AG03-UNRESOLVED,ALL5_LEVELS_bet23_to_bet27,38.6241,38.6241,38.6241,46.3489,61.7986,5.000000,5.000000,5.000000,6.000000,8.000000,95.000000,95.000000,95.000000,94.000000,92.000000,5.0,224.0199,199.7192,548.4625,572.7631,PENDING_AG03,FALSE,NOT_FOR_ENFORCEMENT,733.8582,5084.2432,772.4823,733.8582,38.6241,0.11695856,0.11111063,38.6241,733.8582,0.11111063,38.6241,38.6241,38.6241,46.3489,61.7986,733.8582,0.11111063,224.0199,199.7192,548.4625,572.7631,0.08304058,0.08671985,0.00584793,60.0432,49.5540,7.1526,154.4965,35.1128,1320.9504,21.6000,,60.0432,43.0895,43.0895,64.6343,107.7238,107.7238,151.6654,43.0895,0.0,2.5,3.519774,1.393453,9,17,5,2,0E-8,0.11695856,,0E-8,0.000000,0.810301,0.000000,,2026-03-31,2026-05-31,5,22,14,62,0.080645,,,0.000000,4,0.7125220458553791,0.656084656084656,0.656084656084656,0.6490299823633157,0.6490299823633157,0.04891304347826087,n_rounds>=30,568,185,PERCENT_RANK_OVER_ORDER_BY_e_stake,HF9f,OK,L5_INSUFFICIENT,0.17917103,E 常规,405,1,A168_HF9F_20260827_0900,2026-08-27 09:00:00
149797200,2026-05-30,2026-05-30 01:07:43,54378,4,21,3,20000.00,5000.00,1,1,TIGHTEN,0,1,v2026-08-11,2531.9726,2531.9726,860.1387,7,5,-0.33971088,,-0.33971088,-0.33971088,-860.1387,2531.9726,THIN_EXPOSURE,0.0000,34.4055,4.0000,96.0000,AG03-UNRESOLVED,ALL5_LEVELS_bet23_to_bet27,34.4055,34.4055,43.0069,47.3076,47.3076,4.000000,4.000000,5.000000,5.500000,5.500000,96.000000,96.000000,95.000000,94.500000,94.500000,5.0,206.4333,187.6296,653.7054,672.5091,PENDING_AG03,FALSE,NOT_FOR_ENFORCEMENT,825.7331,2430.6937,860.1387,825.7331,34.4055,0.33971088,0.32612245,34.4055,825.7331,0.32612245,34.4055,34.4055,43.0069,47.3076,47.3076,825.7331,0.32612245,206.4333,187.6296,653.7054,672.5091,0.25818027,0.26560678,0.01358844,361.7104,506.3945,172.0277,860.1387,430.0693,2531.9726,5.0000,,361.7104,116.264,322.9557,519.9586,710.5024,757.8693,757.8693,322.9557,-47.3668,2.346667,2.346667,1.12,2,2,1,4,0E-8,0.33971088,,0E-8,0.000000,1.000000,0.857143,,2026-06-21,2026-06-21,1,2,2,1,1.000000,,,0.000000,3,0.7142857142857143,0.5837742504409171,0.5837742504409171,0.5961199294532628,0.5961199294532628,,n_rounds>=30,568,185,PERCENT_RANK_OVER_ORDER_BY_e_stake,HF9f,THIN_ROUNDS,L5_INSUFFICIENT,0.83271171,Z 证据不足 · 不动作,406,1,A168_HF9F_20260827_0900,2026-08-27 09:00:00
148958756,2026-04-21,2026-04-21 19:04:59,54378,4,21,4,20000.00,10000.00,1,1,TIGHTEN,0,1,v2026-08-11,865.0893,865.0893,865.0893,2,2,-1.00000000,,-1.00000000,-1.00000000,-865.0893,865.0893,THIN_EXPOSURE,0.0000,34.6036,4.0000,96.0000,AG03-UNRESOLVED,ALL5_LEVELS_bet23_to_bet27,34.6036,34.6036,43.2545,47.5799,47.5799,4.000000,4.000000,5.000000,5.500000,5.500000,96.000000,96.000000,95.000000,94.500000,94.500000,5.0,207.6214,188.7095,657.4679,676.3798,PENDING_AG03,FALSE,NOT_FOR_ENFORCEMENT,830.4857,830.4857,865.0893,830.4857,34.6036,1.00000000,0.96000000,34.6036,830.4857,0.96000000,34.6036,34.6036,43.2545,47.5799,47.5799,830.4857,0.96000000,207.6214,188.7095,657.4679,676.3798,0.76000000,0.78186125,0.04000000,432.5447,432.5447,432.5447,865.0893,865.0893,865.0893,2.0000,,432.5447,302.7813,432.5446,562.308,562.308,562.308,562.308,432.5446,-432.5446,1.3,1.3,1.0,1,1,1,1,0E-8,1.00000000,,0E-8,0.000000,1.000000,0.000000,,2026-05-02,2026-05-02,1,1,1,1,1.000000,,,0.000000,3,0.7160493827160493,0.455026455026455,0.455026455026455,0.5432098765432098,0.5432098765432098,,n_rounds>=30,568,185,PERCENT_RANK_OVER_ORDER_BY_e_stake,HF9f,THIN_ROUNDS,L5_INSUFFICIENT,1.31663283,Z 证据不足 · 不动作,407,1,A168_HF9F_20260827_0900,2026-08-27 09:00:00
147717922,2026-05-09,2026-05-09 15:00:02,53369,5,350,"350,61",50000.00,1000000.00,1,2,RELEASE,0,1,v2026-08-11,2209.0000,1901.0000,887.0000,9,9,-0.40153916,,-0.40153916,-0.40153916,-887.0000,2209.0000,THIN_EXPOSURE,0.0000,26.6100,3.0000,97.0000,AG03-UNRESOLVED,ALL5_LEVELS_bet23_to_bet27,26.6100,26.6100,26.6100,26.6100,26.6100,3.000000,3.000000,3.000000,3.000000,3.000000,97.000000,97.000000,97.000000,97.000000,97.000000,5.0,133.0500,125.3029,753.9500,761.6971,PENDING_AG03,FALSE,NOT_FOR_ENFORCEMENT,860.3900,1843.9700,887.0000,860.3900,26.6100,0.40153916,0.38949298,26.6100,860.3900,0.38949298,26.6100,26.6100,26.6100,26.6100,26.6100,860.3900,0.38949298,133.0500,125.3029,753.9500,761.6971,0.34130828,0.34481534,0.01204617,245.4444,211.2222,98.5556,221.7500,110.8750,552.2500,2.2500,,245.4444,120.0,188.0,310.0,559.0,585.0,585.0,188.0,-120.0,3.111702,3.111702,1.305556,7,8,4,4,0E-8,0.40153916,,0E-8,0.000000,0.860570,0.000000,,2026-04-25,2026-05-16,4,8,8,22,0.181818,,,0.000000,3,0.7178130511463845,0.5679012345679012,0.5679012345679012,0.5784832451499118,0.5784832451499118,,n_rounds>=30,568,185,PERCENT_RANK_OVER_ORDER_BY_e_stake,HF9f,THIN_ROUNDS,L5_INSUFFICIENT,0.62066667,Z 证据不足 · 不动作,408,1,A168_HF9F_20260827_0900,2026-08-27 09:00:00
147717922,2026-05-09,2026-05-09 15:12:25,53369,5,"350,61",647,1000000.00,100000.00,2,1,TIGHTEN,0,1,v2026-08-11,2209.0000,1901.0000,887.0000,9,9,-0.40153916,,-0.40153916,-0.40153916,-887.0000,2209.0000,THIN_EXPOSURE,0.0000,26.6100,3.0000,97.0000,AG03-UNRESOLVED,ALL5_LEVELS_bet23_to_bet27,26.6100,26.6100,26.6100,26.6100,26.6100,3.000000,3.000000,3.000000,3.000000,3.000000,97.000000,97.000000,97.000000,97.000000,97.000000,5.0,133.0500,125.3029,753.9500,761.6971,PENDING_AG03,FALSE,NOT_FOR_ENFORCEMENT,860.3900,1843.9700,887.0000,860.3900,26.6100,0.40153916,0.38949298,26.6100,860.3900,0.38949298,26.6100,26.6100,26.6100,26.6100,26.6100,860.3900,0.38949298,133.0500,125.3029,753.9500,761.6971,0.34130828,0.34481534,0.01204617,245.4444,211.2222,98.5556,221.7500,110.8750,552.2500,2.2500,,245.4444,120.0,188.0,310.0,559.0,585.0,585.0,188.0,-120.0,3.111702,3.111702,1.305556,7,8,4,4,0E-8,0.40153916,,0E-8,0.000000,0.860570,0.000000,,2026-04-25,2026-05-16,4,8,8,22,0.181818,,,0.000000,3,0.7178130511463845,0.5679012345679012,0.5679012345679012,0.5784832451499118,0.5784832451499118,,n_rounds>=30,568,185,PERCENT_RANK_OVER_ORDER_BY_e_stake,HF9f,THIN_ROUNDS,L5_INSUFFICIENT,0.62066667,Z 证据不足 · 不动作,409,1,A168_HF9F_20260827_0900,2026-08-27 09:00:00
149621207,2026-05-06,2026-05-06 13:57:10,54378,4,21,4,20000.00,10000.00,1,1,TIGHTEN,0,1,v2026-08-11,2076.7436,2076.7436,904.7067,10,10,-0.43563714,-0.52689876,-0.39735099,-0.43563714,-904.7067,2076.7436,THIN_EXPOSURE,0.0000,36.1883,4.0000,96.0000,AG03-UNRESOLVED,ALL5_LEVELS_bet23_to_bet27,36.1883,36.1883,45.2353,49.7589,49.7589,4.000000,4.000000,5.000000,5.500000,5.500000,96.000000,96.000000,95.000000,94.500000,94.500000,5.0,217.1296,197.3516,687.5771,707.3551,PENDING_AG03,FALSE,NOT_FOR_ENFORCEMENT,868.5184,1993.6739,904.7067,868.5184,36.1883,0.43563714,0.41821165,36.1883,868.5184,0.41821165,36.1883,36.1883,45.2353,49.7589,49.7589,868.5184,0.41821165,217.1296,197.3516,687.5771,707.3551,0.33108422,0.3406078,0.01742549,207.6744,207.6744,90.4707,301.5689,226.1767,692.2479,3.3333,102.2924,365.7473,74.2973,118.614,431.6841,451.0615,452.138,452.138,118.614,-90.531,3.811842,3.811842,1.750841,4,4,3,2,0.29553689,0.43563714,0.52689876,0E-8,0.000000,1.000000,0.000000,-0.12954777,2026-06-17,2026-08-04,3,4,4,49,0.061225,0.279680,0.492561,0.985123,3,0.7213403880070547,0.564373897707231,0.564373897707231,0.5749559082892416,0.5749559082892416,,n_rounds>=30,568,185,PERCENT_RANK_OVER_ORDER_BY_e_stake,HF9f,THIN_ROUNDS,L5_INSUFFICIENT,0.5888161,Z 证据不足 · 不动作,410,1,A168_HF9F_20260827_0900,2026-08-27 09:00:00
145908909,2026-05-30,2026-05-30 01:09:41,54378,4,21,3,20000.00,5000.00,1,1,TIGHTEN,0,1,v2026-08-11,3736.8191,3736.8191,924.4760,21,21,-0.24739652,,-0.24739652,-0.24739652,-924.4760,3736.8191,THIN_EXPOSURE,0.0000,36.9790,4.0000,96.0000,AG03-UNRESOLVED,ALL5_LEVELS_bet23_to_bet27,36.9790,36.9790,46.2238,50.8462,50.8462,4.000000,4.000000,5.000000,5.500000,5.500000,96.000000,96.000000,95.000000,94.500000,94.500000,5.0,221.8742,201.664,702.6018,722.812,PENDING_AG03,FALSE,NOT_FOR_ENFORCEMENT,887.4970,3587.3464,924.4760,887.4970,36.9790,0.24739652,0.23750066,36.9790,887.4970,0.23750066,36.9790,36.9790,46.2238,50.8462,50.8462,887.4970,0.23750066,221.8742,201.664,702.6018,722.812,0.18802135,0.19342975,0.00989586,177.9438,177.9438,44.0227,462.2380,102.7196,1868.4096,10.5000,,177.9438,86.1215,150.7127,273.6511,322.9557,332.6443,344.4861,150.7127,-86.1215,2.207143,2.285714,1.180682,9,9,1,2,0E-8,0.24739652,,0E-8,0.000000,1.000000,0.857143,,2026-06-29,2026-07-05,2,9,9,7,0.285714,,,0.000000,4,0.7231040564373897,0.6031746031746031,0.6031746031746031,0.6137566137566137,0.6137566137566137,,n_rounds>=30,568,185,PERCENT_RANK_OVER_ORDER_BY_e_stake,HF9f,THIN_ROUNDS,L5_INSUFFICIENT,0.40632171,Z 证据不足 · 不动作,411,1,A168_HF9F_20260827_0900,2026-08-27 09:00:00
150527161,2026-05-29,2026-05-29 01:36:29,40210,4,"124,59,1,2,3",1,5000.00,1000.00,5,1,TIGHTEN,0,1,v2026-08-11,2872.7770,2872.7770,971.2722,5,5,-0.33809524,,-0.33809524,-0.33809524,-971.2722,2872.7770,THIN_EXPOSURE,0.0000,38.8509,4.0000,96.0000,AG03-UNRESOLVED,ALL5_LEVELS_bet23_to_bet27,38.8509,38.8509,38.8509,38.8509,38.8509,4.000000,4.000000,4.000000,4.000000,4.000000,96.000000,96.000000,96.000000,96.000000,96.000000,5.0,194.2544,179.3234,777.0178,791.9489,PENDING_AG03,FALSE,NOT_FOR_ENFORCEMENT,932.4213,2757.8659,971.2722,932.4213,38.8509,0.33809524,0.32457143,38.8509,932.4213,0.32457143,38.8509,38.8509,38.8509,38.8509,38.8509,932.4213,0.32457143,194.2544,179.3234,777.0178,791.9489,0.27047619,0.27567363,0.01352381,574.5554,574.5554,194.2544,971.2722,485.6361,2872.7770,5.0000,,574.5554,478.7962,683.9945,683.9945,683.9945,683.9945,683.9945,683.9945,-547.1956,1.0,1.0,0.84,2,3,1,2,0E-8,0.33809524,,0E-8,0.000000,1.000000,0.000000,,2026-05-25,2026-05-25,1,2,2,1,1.000000,,,0.000000,4,0.7248677248677249,0.5855379188712522,0.5855379188712522,0.6049382716049383,0.6049382716049383,,n_rounds>=30,568,185,PERCENT_RANK_OVER_ORDER_BY_e_stake,HF9f,THIN_ROUNDS,L5_INSUFFICIENT,0.83271171,Z 证据不足 · 不动作,412,1,A168_HF9F_20260827_0900,2026-08-27 09:00:00
145776875,2026-05-28,2026-05-28 22:58:13,54378,4,21,3,20000.00,5000.00,1,1,TIGHTEN,0,1,v2026-08-11,2326.0754,2079.1725,1043.7314,6,6,-0.44870917,-1.00000000,0.01900360,-0.44870917,-1043.7314,2326.0754,THIN_EXPOSURE,0.0000,41.7493,4.0000,96.0000,AG03-UNRESOLVED,ALL5_LEVELS_bet23_to_bet27,41.7493,41.7493,52.1866,57.4052,57.4052,4.000000,4.000000,5.000000,5.500000,5.500000,96.000000,96.000000,95.000000,94.500000,94.500000,5.0,250.4955,227.6783,793.2358,816.0531,PENDING_AG03,FALSE,NOT_FOR_ENFORCEMENT,1001.9821,1996.0056,1043.7314,1001.9821,41.7493,0.44870917,0.43076080,41.7493,1001.9821,0.43076080,41.7493,41.7493,52.1866,57.4052,57.4052,1001.9821,0.43076080,250.4955,227.6783,793.2358,816.0531,0.34101897,0.35082831,0.01794837,387.6792,346.5288,173.9552,521.8657,260.9328,1163.0377,3.0000,1067.6461,251.6859,147.3661,246.9029,493.8059,1010.2618,1067.646,1067.646,197.1346,61.7257,4.324153,4.324153,1.570169,4,4,2,2,0.45899030,0.44870917,1.00000000,0E-8,0.000000,0.893854,0.833333,-1.01900360,2026-04-27,2026-07-08,2,4,4,73,0.027397,4.241978,2.753942,1.529968,3,0.7266313932980599,0.5608465608465608,0.5608465608465608,0.582010582010582,0.582010582010582,,n_rounds>=30,568,185,PERCENT_RANK_OVER_ORDER_BY_e_stake,HF9f,THIN_ROUNDS,L5_INSUFFICIENT,0.76015832,Z 证据不足 · 不动作,413,1,A168_HF9F_20260827_0900,2026-08-27 09:00:00
152312773,2026-07-01,2026-07-01 12:07:19,54378,4,21,3,20000.00,5000.00,1,1,TIGHTEN,0,1,v2026-08-11,1067.6461,1067.6461,1067.6461,1,1,-1.00000000,-1.00000000,,-1.00000000,-1067.6461,1067.6461,THIN_EXPOSURE,0.0000,42.7058,4.0000,96.0000,AG03-UNRESOLVED,ALL5_LEVELS_bet23_to_bet27,42.7058,42.7058,53.3823,58.7205,58.7205,4.000000,4.000000,5.000000,5.500000,5.500000,96.000000,96.000000,95.000000,94.500000,94.500000,5.0,256.2351,232.895,811.4110,834.7511,PENDING_AG03,FALSE,NOT_FOR_ENFORCEMENT,1024.9402,1024.9402,1067.6461,1024.9402,42.7058,1.00000000,0.96000000,42.7058,1024.9402,0.96000000,42.7058,42.7058,53.3823,58.7205,58.7205,1024.9402,0.96000000,256.2351,232.895,811.4110,834.7511,0.76000000,0.78186125,0.04000000,1067.6461,1067.6461,1067.6461,1067.6461,1067.6461,1067.6461,1.0000,1067.6461,,1067.646,1067.646,1067.646,1067.646,1067.646,1067.646,1067.646,-1067.646,1.0,1.0,1.0,1,1,1,1,1.00000000,1.00000000,1.00000000,0E-8,0.000000,1.000000,0.000000,,2026-07-21,2026-07-21,1,1,1,1,1.000000,,1.000000,3.333333,3,0.7283950617283951,0.455026455026455,0.455026455026455,0.5520282186948854,0.5520282186948854,,n_rounds>=30,568,185,PERCENT_RANK_OVER_ORDER_BY_e_stake,HF9f,THIN_ROUNDS,L5_INSUFFICIENT,1.862,Z 证据不足 · 不动作,414,1,A168_HF9F_20260827_0900,2026-08-27 09:00:00
139682208,2026-06-20,2026-06-20 13:19:47,43958,4,3,1,5000.00,1000.00,1,1,TIGHTEN,0,1,v2026-08-11,5350.0359,5134.5883,1078.7874,30,30,-0.20164115,,-0.20164115,-0.20164115,-1078.7874,5350.0359,OK,0.0000,43.1515,4.0000,96.0000,AG03-UNRESOLVED,ALL5_LEVELS_bet23_to_bet27,43.1515,43.1515,43.1515,43.1515,43.1515,4.000000,4.000000,4.000000,4.000000,4.000000,96.000000,96.000000,96.000000,96.000000,96.000000,5.0,215.7575,199.1736,863.0299,879.6138,PENDING_AG03,FALSE,NOT_FOR_ENFORCEMENT,1035.6359,4929.2048,1078.7874,1035.6359,43.1515,0.20164115,0.19357550,43.1515,1035.6359,0.19357550,43.1515,43.1515,43.1515,43.1515,43.1515,1035.6359,0.19357550,215.7575,199.1736,863.0299,879.6138,0.16131292,0.16441269,0.00806565,178.3345,171.1529,35.9596,359.5958,269.6968,1783.3453,10.0000,,178.3345,118.4962,215.4476,215.4476,215.4476,215.4476,215.4476,215.4476,-107.7238,1.0,1.0,0.82774,3,7,2,2,0E-8,0.20164115,,0E-8,0.000000,0.959730,0.000000,,2026-04-06,2026-07-01,3,4,4,87,0.034483,,,0.000000,4,0.7301587301587301,0.6119929453262787,0.6119929453262787,0.6419753086419753,0.6419753086419753,0.03260869565217391,n_rounds>=30,568,185,PERCENT_RANK_OVER_ORDER_BY_e_stake,HF9f,OK,L5_INSUFFICIENT,0.33995313,E 常规,415,1,A168_HF9F_20260827_0900,2026-08-27 09:00:00
139682208,2026-06-21,2026-06-21 15:55:04,43958,4,3,1,5000.00,1000.00,1,1,TIGHTEN,0,1,v2026-08-11,5350.0359,5134.5883,1078.7874,30,30,-0.20164115,,-0.20164115,-0.20164115,-1078.7874,5350.0359,OK,0.0000,43.1515,4.0000,96.0000,AG03-UNRESOLVED,ALL5_LEVELS_bet23_to_bet27,43.1515,43.1515,43.1515,43.1515,43.1515,4.000000,4.000000,4.000000,4.000000,4.000000,96.000000,96.000000,96.000000,96.000000,96.000000,5.0,215.7575,199.1736,863.0299,879.6138,PENDING_AG03,FALSE,NOT_FOR_ENFORCEMENT,1035.6359,4929.2048,1078.7874,1035.6359,43.1515,0.20164115,0.19357550,43.1515,1035.6359,0.19357550,43.1515,43.1515,43.1515,43.1515,43.1515,1035.6359,0.19357550,215.7575,199.1736,863.0299,879.6138,0.16131292,0.16441269,0.00806565,178.3345,171.1529,35.9596,359.5958,269.6968,1783.3453,10.0000,,178.3345,118.4962,215.4476,215.4476,215.4476,215.4476,215.4476,215.4476,-107.7238,1.0,1.0,0.82774,3,7,2,2,0E-8,0.20164115,,0E-8,0.000000,0.959730,0.000000,,2026-04-06,2026-07-01,3,4,4,87,0.034483,,,0.000000,4,0.7301587301587301,0.6119929453262787,0.6119929453262787,0.6419753086419753,0.6419753086419753,0.03260869565217391,n_rounds>=30,568,185,PERCENT_RANK_OVER_ORDER_BY_e_stake,HF9f,OK,L5_INSUFFICIENT,0.33995313,E 常规,416,1,A168_HF9F_20260827_0900,2026-08-27 09:00:00
136235273,2026-05-12,2026-05-12 16:28:49,54378,4,4,3,10000.00,5000.00,1,1,TIGHTEN,0,1,v2026-08-11,4541.7189,4109.1743,1081.3617,19,19,-0.23809524,,-0.23809524,-0.23809524,-1081.3617,4541.7189,THIN_EXPOSURE,0.0000,43.2545,4.0000,96.0000,AG03-UNRESOLVED,ALL5_LEVELS_bet23_to_bet27,43.2545,43.2545,54.0681,59.4749,59.4749,4.000000,4.000000,5.000000,5.500000,5.500000,96.000000,96.000000,95.000000,94.500000,94.500000,5.0,259.5268,235.8869,821.8349,845.4748,PENDING_AG03,FALSE,NOT_FOR_ENFORCEMENT,1038.1072,3944.8073,1081.3617,1038.1072,43.2545,0.23809524,0.22857143,43.2545,1038.1072,0.22857143,43.2545,43.2545,54.0681,59.4749,59.4749,1038.1072,0.22857143,259.5268,235.8869,821.8349,845.4748,0.18095238,0.18615744,0.00952381,239.0378,216.2723,56.9138,1081.3617,83.1817,4541.7189,19.0000,,239.0378,216.2723,216.2723,216.2723,216.2723,454.1716,648.817,216.2723,-216.2723,2.099999,3.0,1.105263,13,10,1,2,0E-8,0.23809524,,0E-8,0.000000,0.904762,1.000000,,2026-05-04,2026-05-04,1,13,13,1,1.000000,,,0.000000,4,0.7336860670194003,0.6067019400352733,0.6067019400352733,0.6313932980599647,0.6313932980599647,,n_rounds>=30,568,185,PERCENT_RANK_OVER_ORDER_BY_e_stake,HF9f,THIN_ROUNDS,L5_INSUFFICIENT,0.4271721,Z 证据不足 · 不动作,417,1,A168_HF9F_20260827_0900,2026-08-27 09:00:00
149362475,2026-04-30,2026-04-30 21:24:30,54378,4,21,3,20000.00,5000.00,1,1,TIGHTEN,0,1,v2026-08-11,2443.8773,2443.8773,1146.2433,4,3,-0.46902655,,-0.46902655,-0.46902655,-1146.2433,2443.8773,THIN_EXPOSURE,0.0000,45.8497,4.0000,96.0000,AG03-UNRESOLVED,ALL5_LEVELS_bet23_to_bet27,45.8497,45.8497,57.3122,63.0434,63.0434,4.000000,4.000000,5.000000,5.500000,5.500000,96.000000,96.000000,95.000000,94.500000,94.500000,5.0,275.0984,250.0401,871.1449,896.2033,PENDING_AG03,FALSE,NOT_FOR_ENFORCEMENT,1100.3936,2346.1222,1146.2433,1100.3936,45.8497,0.46902655,0.45026549,45.8497,1100.3936,0.45026549,45.8497,45.8497,57.3122,63.0434,63.0434,1100.3936,0.45026549,275.0984,250.0401,871.1449,896.2033,0.35646018,0.36671368,0.01876106,610.9693,814.6258,382.0811,1146.2433,573.1217,2443.8773,3.0000,,610.9693,356.8494,648.817,865.0894,1081.3617,1081.3617,1081.3617,648.817,-356.8494,1.666667,1.666667,0.941667,2,2,1,3,0E-8,0.46902655,,0E-8,0.000000,1.000000,0.000000,,2026-05-07,2026-05-07,1,2,2,1,1.000000,,,0.000000,3,0.7354497354497355,0.5520282186948854,0.5520282186948854,0.5943562610229277,0.5943562610229277,,n_rounds>=30,568,185,PERCENT_RANK_OVER_ORDER_BY_e_stake,HF9f,THIN_ROUNDS,L5_INSUFFICIENT,1.0750262,Z 证据不足 · 不动作,418,1,A168_HF9F_20260827_0900,2026-08-27 09:00:00
152454823,2026-07-03,2026-07-03 09:36:34,40210,4,"124,59,1,2,3",1,5000.00,1000.00,5,1,TIGHTEN,0,1,v2026-08-11,2246603.2609,1980298.9130,1273.7772,416,410,-0.00056698,0.06630529,-0.01468595,-0.00056698,-1273.7772,2246603.2609,OK,0.0000,50.9511,4.0000,96.0000,AG03-UNRESOLVED,ALL5_LEVELS_bet23_to_bet27,50.9511,50.9511,50.9511,50.9511,50.9511,4.000000,4.000000,4.000000,4.000000,4.000000,96.000000,96.000000,96.000000,96.000000,96.000000,5.0,254.7554,235.174,1019.0217,1038.6031,PENDING_AG03,FALSE,NOT_FOR_ENFORCEMENT,1222.8261,1901086.9565,1273.7772,1222.8261,50.9511,0.00056698,0.00054430,50.9511,1222.8261,0.00054430,50.9511,50.9511,50.9511,50.9511,50.9511,1222.8261,0.00054430,254.7554,235.174,1019.0217,1038.6031,0.00045358,0.0004623,0.00002268,5400.4886,4829.9973,3.1068,181.9682,16.1238,320943.3230,58.5714,5292.4868,5423.8574,3396.739,6793.478,6793.478,6793.478,6793.478,10190.2178,6793.478,0.0,1.0,1.5,0.794952,27,56,10,4,0.17432718,0.00056698,-0.06630529,0E-8,0.000000,0.881464,0.002404,0.08099125,2026-07-02,2026-07-16,7,79,60,15,0.466667,0.975779,0.980001,0.581091,5,0.7372134038800705,0.8447971781305115,0.8447971781305115,0.9047619047619048,0.9047619047619048,0.7065217391304348,n_rounds>=30,568,185,PERCENT_RANK_OVER_ORDER_BY_e_stake,HF9f,OK,L5_INSUFFICIENT,0.09195763,E 常规,419,1,A168_HF9F_20260827_0900,2026-08-27 09:00:00
152454823,2026-07-09,2026-07-09 13:56:34,40210,4,1,2,1000.00,3000.00,1,1,RELEASE,0,1,v2026-08-11,2246603.2609,1980298.9130,1273.7772,416,410,-0.00056698,0.06630529,-0.01468595,-0.00056698,-1273.7772,2246603.2609,OK,0.0000,50.9511,4.0000,96.0000,AG03-UNRESOLVED,ALL5_LEVELS_bet23_to_bet27,50.9511,50.9511,50.9511,50.9511,50.9511,4.000000,4.000000,4.000000,4.000000,4.000000,96.000000,96.000000,96.000000,96.000000,96.000000,5.0,254.7554,235.174,1019.0217,1038.6031,PENDING_AG03,FALSE,NOT_FOR_ENFORCEMENT,1222.8261,1901086.9565,1273.7772,1222.8261,50.9511,0.00056698,0.00054430,50.9511,1222.8261,0.00054430,50.9511,50.9511,50.9511,50.9511,50.9511,1222.8261,0.00054430,254.7554,235.174,1019.0217,1038.6031,0.00045358,0.0004623,0.00002268,5400.4886,4829.9973,3.1068,181.9682,16.1238,320943.3230,58.5714,5292.4868,5423.8574,3396.739,6793.478,6793.478,6793.478,6793.478,10190.2178,6793.478,0.0,1.0,1.5,0.794952,27,56,10,4,0.17432718,0.00056698,-0.06630529,0E-8,0.000000,0.881464,0.002404,0.08099125,2026-07-02,2026-07-16,7,79,60,15,0.466667,0.975779,0.980001,0.581091,5,0.7372134038800705,0.8447971781305115,0.8447971781305115,0.9047619047619048,0.9047619047619048,0.7065217391304348,n_rounds>=30,568,185,PERCENT_RANK_OVER_ORDER_BY_e_stake,HF9f,OK,L5_INSUFFICIENT,0.09195763,E 常规,420,1,A168_HF9F_20260827_0900,2026-08-27 09:00:00
135868006,2026-03-29,2026-03-29 12:15:01,54378,4,21,4,20000.00,10000.00,1,1,TIGHTEN,0,1,v2026-08-11,10407.7379,9434.1258,1287.1245,172,171,-0.12366996,,-0.12366996,-0.12366996,-1287.1245,10407.7379,OK,0.0000,51.4850,4.0000,96.0000,AG03-UNRESOLVED,ALL5_LEVELS_bet23_to_bet27,51.4850,51.4850,64.3562,70.7918,70.7918,4.000000,4.000000,5.000000,5.500000,5.500000,96.000000,96.000000,95.000000,94.500000,94.500000,5.0,308.9099,280.7717,978.2146,1006.3528,PENDING_AG03,FALSE,NOT_FOR_ENFORCEMENT,1235.6395,9056.7608,1287.1245,1235.6395,51.4850,0.12366996,0.11872316,51.4850,1235.6395,0.11872316,51.4850,51.4850,64.3562,70.7918,70.7918,1235.6395,0.11872316,308.9099,280.7717,978.2146,1006.3528,0.09398917,0.09669275,0.00494680,60.5101,55.1703,7.5270,107.2604,22.5811,867.3115,14.2500,,60.5101,43.0895,54.9204,65.5437,94.1507,108.0949,130.781,43.6958,0.0,1.968209,2.381281,1.101777,22,43,10,4,0E-8,0.12366996,,0E-8,0.000000,0.906453,0.005814,,2026-03-28,2026-06-04,12,57,52,69,0.173913,,,0.000000,4,0.7407407407407407,0.6384479717813051,0.6384479717813051,0.6631393298059964,0.6631393298059964,0.06521739130434782,n_rounds>=30,568,185,PERCENT_RANK_OVER_ORDER_BY_e_stake,HF9f,OK,L5_INSUFFICIENT,0.1423907,E 常规,421,1,A168_HF9F_20260827_0900,2026-08-27 09:00:00
135868006,2026-05-28,2026-05-28 13:27:12,54378,4,4,21,10000.00,20000.00,1,1,RELEASE,0,1,v2026-08-11,10407.7379,9434.1258,1287.1245,172,171,-0.12366996,,-0.12366996,-0.12366996,-1287.1245,10407.7379,OK,0.0000,51.4850,4.0000,96.0000,AG03-UNRESOLVED,ALL5_LEVELS_bet23_to_bet27,51.4850,51.4850,64.3562,70.7918,70.7918,4.000000,4.000000,5.000000,5.500000,5.500000,96.000000,96.000000,95.000000,94.500000,94.500000,5.0,308.9099,280.7717,978.2146,1006.3528,PENDING_AG03,FALSE,NOT_FOR_ENFORCEMENT,1235.6395,9056.7608,1287.1245,1235.6395,51.4850,0.12366996,0.11872316,51.4850,1235.6395,0.11872316,51.4850,51.4850,64.3562,70.7918,70.7918,1235.6395,0.11872316,308.9099,280.7717,978.2146,1006.3528,0.09398917,0.09669275,0.00494680,60.5101,55.1703,7.5270,107.2604,22.5811,867.3115,14.2500,,60.5101,43.0895,54.9204,65.5437,94.1507,108.0949,130.781,43.6958,0.0,1.968209,2.381281,1.101777,22,43,10,4,0E-8,0.12366996,,0E-8,0.000000,0.906453,0.005814,,2026-03-28,2026-06-04,12,57,52,69,0.173913,,,0.000000,4,0.7407407407407407,0.6384479717813051,0.6384479717813051,0.6631393298059964,0.6631393298059964,0.06521739130434782,n_rounds>=30,568,185,PERCENT_RANK_OVER_ORDER_BY_e_stake,HF9f,OK,L5_INSUFFICIENT,0.1423907,E 常规,422,1,A168_HF9F_20260827_0900,2026-08-27 09:00:00
152657994,2026-07-08,2026-07-08 04:27:24,40210,4,"124,59,1,2,3",1,5000.00,1000.00,5,1,TIGHTEN,0,1,v2026-08-11,4755.4348,4076.0870,1358.6957,8,8,-0.28571429,,-0.28571429,-0.28571429,-1358.6957,4755.4348,THIN_EXPOSURE,0.0000,54.3478,4.0000,96.0000,AG03-UNRESOLVED,ALL5_LEVELS_bet23_to_bet27,54.3478,54.3478,54.3478,54.3478,54.3478,4.000000,4.000000,4.000000,4.000000,4.000000,96.000000,96.000000,96.000000,96.000000,96.000000,5.0,271.7391,250.8523,1086.9565,1107.8433,PENDING_AG03,FALSE,NOT_FOR_ENFORCEMENT,1304.3478,3913.0435,1358.6957,1304.3478,54.3478,0.28571429,0.27428571,54.3478,1304.3478,0.27428571,54.3478,54.3478,54.3478,54.3478,54.3478,1304.3478,0.27428571,271.7391,250.8523,1086.9565,1107.8433,0.22857143,0.23296363,0.01142857,594.4293,509.5109,169.8370,1358.6957,1358.6957,4755.4348,8.0000,,594.4293,509.5109,679.3478,679.3478,679.3478,679.3478,679.3478,679.3478,-339.6739,1.0,1.0,0.875,1,1,1,1,0E-8,0.28571429,,0E-8,0.000000,0.857143,0.000000,,2026-07-06,2026-07-06,1,1,1,1,1.000000,,,0.000000,4,0.7442680776014109,0.5943562610229277,0.5943562610229277,0.6331569664902998,0.6331569664902998,,n_rounds>=30,568,185,PERCENT_RANK_OVER_ORDER_BY_e_stake,HF9f,THIN_ROUNDS,L5_INSUFFICIENT,0.65831641,Z 证据不足 · 不动作,423,1,A168_HF9F_20260827_0900,2026-08-27 09:00:00
152646570,2026-07-07,2026-07-07 03:33:45,40210,4,"124,59,1,2,3",1,5000.00,1000.00,5,1,TIGHTEN,0,1,v2026-08-11,1358.6957,1358.6957,1358.6957,2,2,-1.00000000,,-1.00000000,-1.00000000,-1358.6957,1358.6957,THIN_EXPOSURE,0.0000,54.3478,4.0000,96.0000,AG03-UNRESOLVED,ALL5_LEVELS_bet23_to_bet27,54.3478,54.3478,54.3478,54.3478,54.3478,4.000000,4.000000,4.000000,4.000000,4.000000,96.000000,96.000000,96.000000,96.000000,96.000000,5.0,271.7391,250.8523,1086.9565,1107.8433,PENDING_AG03,FALSE,NOT_FOR_ENFORCEMENT,1304.3478,1304.3478,1358.6957,1304.3478,54.3478,1.00000000,0.96000000,54.3478,1304.3478,0.96000000,54.3478,54.3478,54.3478,54.3478,54.3478,1304.3478,0.96000000,271.7391,250.8523,1086.9565,1107.8433,0.80000000,0.8153727,0.04000000,679.3478,679.3478,679.3478,1358.6957,1358.6957,1358.6957,2.0000,,679.3478,679.3478,679.3478,679.3478,679.3478,679.3478,679.3478,679.3478,-679.3478,1.0,1.0,1.0,1,1,1,2,0E-8,1.00000000,,0E-8,0.000000,1.000000,0.000000,,2026-07-06,2026-07-06,1,1,1,1,1.000000,,,0.000000,3,0.7442680776014109,0.455026455026455,0.455026455026455,0.562610229276896,0.562610229276896,,n_rounds>=30,568,185,PERCENT_RANK_OVER_ORDER_BY_e_stake,HF9f,THIN_ROUNDS,L5_INSUFFICIENT,1.31663283,Z 证据不足 · 不动作,424,1,A168_HF9F_20260827_0900,2026-08-27 09:00:00
152646570,2026-07-09,2026-07-09 13:57:12,40210,4,1,2,1000.00,3000.00,1,1,RELEASE,0,1,v2026-08-11,1358.6957,1358.6957,1358.6957,2,2,-1.00000000,,-1.00000000,-1.00000000,-1358.6957,1358.6957,THIN_EXPOSURE,0.0000,54.3478,4.0000,96.0000,AG03-UNRESOLVED,ALL5_LEVELS_bet23_to_bet27,54.3478,54.3478,54.3478,54.3478,54.3478,4.000000,4.000000,4.000000,4.000000,4.000000,96.000000,96.000000,96.000000,96.000000,96.000000,5.0,271.7391,250.8523,1086.9565,1107.8433,PENDING_AG03,FALSE,NOT_FOR_ENFORCEMENT,1304.3478,1304.3478,1358.6957,1304.3478,54.3478,1.00000000,0.96000000,54.3478,1304.3478,0.96000000,54.3478,54.3478,54.3478,54.3478,54.3478,1304.3478,0.96000000,271.7391,250.8523,1086.9565,1107.8433,0.80000000,0.8153727,0.04000000,679.3478,679.3478,679.3478,1358.6957,1358.6957,1358.6957,2.0000,,679.3478,679.3478,679.3478,679.3478,679.3478,679.3478,679.3478,679.3478,-679.3478,1.0,1.0,1.0,1,1,1,2,0E-8,1.00000000,,0E-8,0.000000,1.000000,0.000000,,2026-07-06,2026-07-06,1,1,1,1,1.000000,,,0.000000,3,0.7442680776014109,0.455026455026455,0.455026455026455,0.562610229276896,0.562610229276896,,n_rounds>=30,568,185,PERCENT_RANK_OVER_ORDER_BY_e_stake,HF9f,THIN_ROUNDS,L5_INSUFFICIENT,1.31663283,Z 证据不足 · 不动作,425,1,A168_HF9F_20260827_0900,2026-08-27 09:00:00
152746321,2026-07-09,2026-07-09 13:49:59,40210,4,"124,59,1,2,3",1,5000.00,1000.00,5,1,TIGHTEN,0,1,v2026-08-11,72350.5435,63519.0217,1392.6630,76,75,-0.01924883,-0.01924883,,-0.01924883,-1392.6630,72350.5435,OK,0.0000,55.7065,4.0000,96.0000,AG03-UNRESOLVED,ALL5_LEVELS_bet23_to_bet27,55.7065,55.7065,55.7065,55.7065,55.7065,4.000000,4.000000,4.000000,4.000000,4.000000,96.000000,96.000000,96.000000,96.000000,96.000000,5.0,278.5326,257.1236,1114.1304,1135.5394,PENDING_AG03,FALSE,NOT_FOR_ENFORCEMENT,1336.9565,60978.2609,1392.6630,1336.9565,55.7065,0.01924883,0.01847887,55.7065,1336.9565,0.01847887,55.7065,55.7065,55.7065,55.7065,55.7065,1336.9565,0.01847887,278.5326,257.1236,1114.1304,1135.5394,0.01539906,0.01569497,0.00076995,951.9808,846.9203,18.5688,696.3315,126.6057,36175.2717,37.5000,951.9808,,679.3478,679.3478,1358.6957,1358.6957,2038.0435,3396.739,679.3478,0.0,3.0,5.0,1.401316,8,7,3,3,1.00000000,0.01924883,0.01924883,0E-8,0.000000,0.877934,0.000000,,2026-07-23,2026-07-24,2,11,10,2,1.000000,,1.000000,3.333333,4,0.7495590828924162,0.7954144620811288,0.7954144620811288,0.7548500881834215,0.7548500881834215,0.25,n_rounds>=30,568,185,PERCENT_RANK_OVER_ORDER_BY_e_stake,HF9f,OK,L5_INSUFFICIENT,0.21500524,E 常规,426,1,A168_HF9F_20260827_0900,2026-08-27 09:00:00
148750152,2026-04-16,2026-04-16 22:25:58,54378,4,21,4,20000.00,10000.00,1,1,TIGHTEN,0,1,v2026-08-11,4978.4627,4525.8404,1515.8989,32,30,-0.30449137,-0.38491296,-0.20444947,-0.30449137,-1515.8989,4978.4627,OK,0.0000,60.6360,4.0000,96.0000,AG03-UNRESOLVED,ALL5_LEVELS_bet23_to_bet27,60.6360,60.6360,75.7949,83.3744,83.3744,4.000000,4.000000,5.000000,5.500000,5.500000,96.000000,96.000000,95.000000,94.500000,94.500000,5.0,363.8157,330.6763,1152.0832,1185.2226,PENDING_AG03,FALSE,NOT_FOR_ENFORCEMENT,1455.2630,4344.8068,1515.8989,1455.2630,60.6360,0.30449137,0.29231172,60.6360,1455.2630,0.29231172,60.6360,60.6360,75.7949,83.3744,83.3744,1455.2630,0.29231172,363.8157,330.6763,1152.0832,1185.2226,0.23141344,0.23807,0.01217965,155.5770,150.8613,50.5300,505.2996,84.2166,1659.4876,10.0000,275.9865,100.8453,107.2083,107.6519,162.5544,352.3231,441.4716,533.823,107.6519,-44.1373,4.100918,4.958789,1.445186,14,10,2,4,0.55436090,0.30449137,0.38491296,0E-8,0.000000,0.909084,0.062500,-0.18046349,2026-05-14,2026-07-25,3,18,17,73,0.041096,2.736730,1.773955,1.847870,4,0.7513227513227513,0.5908289241622575,0.5908289241622575,0.6384479717813051,0.6384479717813051,0.02717391304347826,n_rounds>=30,568,185,PERCENT_RANK_OVER_ORDER_BY_e_stake,HF9f,OK,L5_INSUFFICIENT,0.33995313,E 常规,427,1,A168_HF9F_20260827_0900,2026-08-27 09:00:00
149537114,2026-05-04,2026-05-04 19:23:43,54378,4,21,4,20000.00,10000.00,1,1,TIGHTEN,0,1,v2026-08-11,15451.0924,14044.8897,1818.3552,199,156,-0.11768457,,-0.11768457,-0.11768457,-1818.3552,15451.0924,OK,0.0000,72.7342,4.0000,96.0000,AG03-UNRESOLVED,ALL5_LEVELS_bet23_to_bet27,72.7342,72.7342,90.9178,100.0095,100.0095,4.000000,4.000000,5.000000,5.500000,5.500000,96.000000,96.000000,95.000000,94.500000,94.500000,5.0,436.4053,396.6537,1381.9500,1421.7015,PENDING_AG03,FALSE,NOT_FOR_ENFORCEMENT,1745.6210,13483.0941,1818.3552,1745.6210,72.7342,0.11768457,0.11297719,72.7342,1745.6210,0.11297719,72.7342,72.7342,90.9178,100.0095,100.0095,1745.6210,0.11297719,436.4053,396.6537,1381.9500,1421.7015,0.08944028,0.09201301,0.00470738,77.6437,90.0313,11.6561,303.0592,53.4810,2575.1821,26.0000,,77.6437,21.6272,43.2545,86.5089,151.6502,275.7476,432.5446,43.2545,-21.6272,6.375008,9.999999,1.795044,16,29,5,8,0E-8,0.11768457,,0E-8,0.000000,0.908990,0.834171,,2026-05-11,2026-06-06,6,34,27,27,0.222222,,,0.000000,4,0.7530864197530864,0.6490299823633157,0.6490299823633157,0.6931216931216931,0.6931216931216931,0.09239130434782608,n_rounds>=30,568,185,PERCENT_RANK_OVER_ORDER_BY_e_stake,HF9f,OK,L5_INSUFFICIENT,0.14907931,E 常规,428,1,A168_HF9F_20260827_0900,2026-08-27 09:00:00
149537114,2026-05-04,2026-05-04 22:39:13,54378,4,4,30,10000.00,50000.00,1,1,RELEASE,0,1,v2026-08-11,15451.0924,14044.8897,1818.3552,199,156,-0.11768457,,-0.11768457,-0.11768457,-1818.3552,15451.0924,OK,0.0000,72.7342,4.0000,96.0000,AG03-UNRESOLVED,ALL5_LEVELS_bet23_to_bet27,72.7342,72.7342,90.9178,100.0095,100.0095,4.000000,4.000000,5.000000,5.500000,5.500000,96.000000,96.000000,95.000000,94.500000,94.500000,5.0,436.4053,396.6537,1381.9500,1421.7015,PENDING_AG03,FALSE,NOT_FOR_ENFORCEMENT,1745.6210,13483.0941,1818.3552,1745.6210,72.7342,0.11768457,0.11297719,72.7342,1745.6210,0.11297719,72.7342,72.7342,90.9178,100.0095,100.0095,1745.6210,0.11297719,436.4053,396.6537,1381.9500,1421.7015,0.08944028,0.09201301,0.00470738,77.6437,90.0313,11.6561,303.0592,53.4810,2575.1821,26.0000,,77.6437,21.6272,43.2545,86.5089,151.6502,275.7476,432.5446,43.2545,-21.6272,6.375008,9.999999,1.795044,16,29,5,8,0E-8,0.11768457,,0E-8,0.000000,0.908990,0.834171,,2026-05-11,2026-06-06,6,34,27,27,0.222222,,,0.000000,4,0.7530864197530864,0.6490299823633157,0.6490299823633157,0.6931216931216931,0.6931216931216931,0.09239130434782608,n_rounds>=30,568,185,PERCENT_RANK_OVER_ORDER_BY_e_stake,HF9f,OK,L5_INSUFFICIENT,0.14907931,E 常规,429,1,A168_HF9F_20260827_0900,2026-08-27 09:00:00
149537114,2026-05-04,2026-05-04 22:44:00,54378,4,30,4,50000.00,10000.00,1,1,TIGHTEN,0,1,v2026-08-11,15451.0924,14044.8897,1818.3552,199,156,-0.11768457,,-0.11768457,-0.11768457,-1818.3552,15451.0924,OK,0.0000,72.7342,4.0000,96.0000,AG03-UNRESOLVED,ALL5_LEVELS_bet23_to_bet27,72.7342,72.7342,90.9178,100.0095,100.0095,4.000000,4.000000,5.000000,5.500000,5.500000,96.000000,96.000000,95.000000,94.500000,94.500000,5.0,436.4053,396.6537,1381.9500,1421.7015,PENDING_AG03,FALSE,NOT_FOR_ENFORCEMENT,1745.6210,13483.0941,1818.3552,1745.6210,72.7342,0.11768457,0.11297719,72.7342,1745.6210,0.11297719,72.7342,72.7342,90.9178,100.0095,100.0095,1745.6210,0.11297719,436.4053,396.6537,1381.9500,1421.7015,0.08944028,0.09201301,0.00470738,77.6437,90.0313,11.6561,303.0592,53.4810,2575.1821,26.0000,,77.6437,21.6272,43.2545,86.5089,151.6502,275.7476,432.5446,43.2545,-21.6272,6.375008,9.999999,1.795044,16,29,5,8,0E-8,0.11768457,,0E-8,0.000000,0.908990,0.834171,,2026-05-11,2026-06-06,6,34,27,27,0.222222,,,0.000000,4,0.7530864197530864,0.6490299823633157,0.6490299823633157,0.6931216931216931,0.6931216931216931,0.09239130434782608,n_rounds>=30,568,185,PERCENT_RANK_OVER_ORDER_BY_e_stake,HF9f,OK,L5_INSUFFICIENT,0.14907931,E 常规,430,1,A168_HF9F_20260827_0900,2026-08-27 09:00:00
149537114,2026-05-04,2026-05-04 22:46:30,54378,4,4,3,10000.00,5000.00,1,1,TIGHTEN,0,1,v2026-08-11,15451.0924,14044.8897,1818.3552,199,156,-0.11768457,,-0.11768457,-0.11768457,-1818.3552,15451.0924,OK,0.0000,72.7342,4.0000,96.0000,AG03-UNRESOLVED,ALL5_LEVELS_bet23_to_bet27,72.7342,72.7342,90.9178,100.0095,100.0095,4.000000,4.000000,5.000000,5.500000,5.500000,96.000000,96.000000,95.000000,94.500000,94.500000,5.0,436.4053,396.6537,1381.9500,1421.7015,PENDING_AG03,FALSE,NOT_FOR_ENFORCEMENT,1745.6210,13483.0941,1818.3552,1745.6210,72.7342,0.11768457,0.11297719,72.7342,1745.6210,0.11297719,72.7342,72.7342,90.9178,100.0095,100.0095,1745.6210,0.11297719,436.4053,396.6537,1381.9500,1421.7015,0.08944028,0.09201301,0.00470738,77.6437,90.0313,11.6561,303.0592,53.4810,2575.1821,26.0000,,77.6437,21.6272,43.2545,86.5089,151.6502,275.7476,432.5446,43.2545,-21.6272,6.375008,9.999999,1.795044,16,29,5,8,0E-8,0.11768457,,0E-8,0.000000,0.908990,0.834171,,2026-05-11,2026-06-06,6,34,27,27,0.222222,,,0.000000,4,0.7530864197530864,0.6490299823633157,0.6490299823633157,0.6931216931216931,0.6931216931216931,0.09239130434782608,n_rounds>=30,568,185,PERCENT_RANK_OVER_ORDER_BY_e_stake,HF9f,OK,L5_INSUFFICIENT,0.14907931,E 常规,431,1,A168_HF9F_20260827_0900,2026-08-27 09:00:00
145680424,2026-04-20,2026-04-20 19:05:46,54378,4,21,4,20000.00,10000.00,1,1,TIGHTEN,0,1,v2026-08-11,11295.9088,9907.9689,1921.9764,38,26,-0.17014801,0.80000000,-0.33041122,-0.17014801,-1921.9764,11295.9088,OK,0.0000,76.8791,4.0000,96.0000,AG03-UNRESOLVED,ALL5_LEVELS_bet23_to_bet27,76.8791,76.8791,96.0988,105.7087,105.7087,4.000000,4.000000,5.000000,5.500000,5.500000,96.000000,96.000000,95.000000,94.500000,94.500000,5.0,461.2743,419.2575,1460.7021,1502.7189,PENDING_AG03,FALSE,NOT_FOR_ENFORCEMENT,1845.0974,9511.6502,1921.9764,1845.0974,76.8791,0.17014801,0.16334209,76.8791,1845.0974,0.16334209,76.8791,76.8791,96.0988,105.7087,105.7087,1845.0974,0.16334209,461.2743,419.2575,1460.7021,1502.7189,0.12931249,0.13303214,0.00680592,297.2608,381.0757,73.9222,960.9882,640.6588,5647.9544,13.0000,114.3906,403.9350,21.3529,106.7646,427.0584,1067.646,1067.646,1067.8596,106.7646,0.0,10.0,10.002001,2.784263,3,5,1,6,0.14177426,0.17014801,-0.80000000,0E-8,0.000000,0.877129,0.815790,1.13041122,2026-07-02,2026-07-09,2,3,3,8,0.250000,0.283191,0.384816,0.472581,4,0.7601410934744268,0.6243386243386243,0.6243386243386243,0.6772486772486772,0.6772486772486772,,n_rounds>=30,568,185,PERCENT_RANK_OVER_ORDER_BY_e_stake,HF9f,THIN_ROUNDS,L5_INSUFFICIENT,0.36516824,Z 证据不足 · 不动作,432,1,A168_HF9F_20260827_0900,2026-08-27 09:00:00
150351435,2026-05-21,2026-05-21 15:05:44,54378,4,21,4,20000.00,10000.00,1,1,TIGHTEN,0,1,v2026-08-11,4875.3837,4183.5295,1922.2013,50,29,-0.39426668,-0.38060977,-0.43089431,-0.39426668,-1922.2013,4875.3837,OK,0.0000,76.8881,4.0000,96.0000,AG03-UNRESOLVED,ALL5_LEVELS_bet23_to_bet27,76.8881,76.8881,96.1101,105.7211,105.7211,4.000000,4.000000,5.000000,5.500000,5.500000,96.000000,96.000000,95.000000,94.500000,94.500000,5.0,461.3283,419.3066,1460.8730,1502.8947,PENDING_AG03,FALSE,NOT_FOR_ENFORCEMENT,1845.3133,4016.1883,1922.2013,1845.3133,76.8881,0.39426668,0.37849601,76.8881,1845.3133,0.37849601,76.8881,76.8881,96.1101,105.7211,105.7211,1845.3133,0.37849601,461.3283,419.3066,1460.8730,1502.8947,0.29964268,0.30826184,0.01577067,97.5077,144.2596,66.2828,384.4403,240.2752,975.0767,5.8000,322.8423,33.9518,21.5304,21.5304,64.5911,293.0035,439.5052,962.7258,21.5304,-21.5304,20.41326,44.714759,4.528841,7,10,5,7,0.72840736,0.39426668,0.38060977,0E-8,0.000000,0.858092,0.000000,0.05028454,2026-06-04,2026-08-01,5,8,8,59,0.084746,9.508856,3.310943,2.428025,4,0.7619047619047619,0.5749559082892416,0.5749559082892416,0.63668430335097,0.63668430335097,,n_rounds>=30,568,185,PERCENT_RANK_OVER_ORDER_BY_e_stake,HF9f,THIN_ROUNDS,L5_INSUFFICIENT,0.34576472,Z 证据不足 · 不动作,433,1,A168_HF9F_20260827_0900,2026-08-27 09:00:00
149362661,2026-04-30,2026-04-30 21:25:09,54378,4,21,3,20000.00,5000.00,1,1,TIGHTEN,0,1,v2026-08-11,2378.9956,2378.9956,1946.4510,3,3,-0.81818182,,-0.81818182,-0.81818182,-1946.4510,2378.9956,THIN_EXPOSURE,0.0000,77.8580,4.0000,96.0000,AG03-UNRESOLVED,ALL5_LEVELS_bet23_to_bet27,77.8580,77.8580,97.3225,107.0548,107.0548,4.000000,4.000000,5.000000,5.500000,5.500000,96.000000,96.000000,95.000000,94.500000,94.500000,5.0,467.1482,424.5964,1479.3027,1521.8546,PENDING_AG03,FALSE,NOT_FOR_ENFORCEMENT,1868.5929,2283.8358,1946.4510,1868.5929,77.8580,0.81818182,0.78545455,77.8580,1868.5929,0.78545455,77.8580,77.8580,97.3225,107.0548,107.0548,1868.5929,0.78545455,467.1482,424.5964,1479.3027,1521.8546,0.62181818,0.63970466,0.03272727,792.9985,792.9985,648.8170,973.2255,648.8170,1189.4978,1.5000,,792.9985,432.5447,1081.3617,1081.3617,1081.3617,1081.3617,1081.3617,1081.3617,-1081.3617,1.0,1.0,0.733333,3,3,2,2,0E-8,0.81818182,,0E-8,0.000000,1.000000,0.666667,,2026-05-09,2026-05-17,2,3,3,9,0.222222,,,0.000000,3,0.763668430335097,0.5255731922398589,0.5255731922398589,0.5925925925925926,0.5925925925925926,,n_rounds>=30,568,185,PERCENT_RANK_OVER_ORDER_BY_e_stake,HF9f,THIN_ROUNDS,L5_INSUFFICIENT,1.0750262,Z 证据不足 · 不动作,434,1,A168_HF9F_20260827_0900,2026-08-27 09:00:00
145363395,2026-04-30,2026-04-30 18:02:06,54378,4,21,3,20000.00,5000.00,1,1,TIGHTEN,0,1,v2026-08-11,10448.6195,10016.0748,2026.0961,30,30,-0.19391041,,-0.19391041,-0.19391041,-2026.0961,10448.6195,OK,0.0000,81.0438,4.0000,96.0000,AG03-UNRESOLVED,ALL5_LEVELS_bet23_to_bet27,81.0438,81.0438,101.3048,111.4353,111.4353,4.000000,4.000000,5.000000,5.500000,5.500000,96.000000,96.000000,95.000000,94.500000,94.500000,5.0,486.2631,441.9701,1539.8330,1584.126,PENDING_AG03,FALSE,NOT_FOR_ENFORCEMENT,1945.0522,9615.4318,2026.0961,1945.0522,81.0438,0.19391041,0.18615399,81.0438,1945.0522,0.18615399,81.0438,81.0438,101.3048,111.4353,111.4353,1945.0522,0.18615399,486.2631,441.9701,1539.8330,1584.126,0.14737191,0.15161103,0.00775642,348.2873,333.8692,67.5365,506.5240,96.4808,2612.1549,7.5000,,348.2873,108.1362,216.2723,324.4085,969.1547,1165.1482,2330.2964,216.2723,-54.0681,5.387412,10.774825,1.610411,19,14,2,2,0E-8,0.19391041,,0E-8,0.000000,0.958603,0.066667,,2026-03-25,2026-06-11,4,21,21,79,0.050633,,,0.000000,4,0.7654320987654321,0.6172839506172839,0.6172839506172839,0.6684303350970018,0.6684303350970018,0.07608695652173914,n_rounds>=30,568,185,PERCENT_RANK_OVER_ORDER_BY_e_stake,HF9f,OK,L5_INSUFFICIENT,0.33995313,E 常规,435,1,A168_HF9F_20260827_0900,2026-08-27 09:00:00
148750151,2026-04-16,2026-04-16 22:25:12,54378,4,21,4,20000.00,10000.00,1,1,TIGHTEN,0,1,v2026-08-11,15866.9017,15866.9017,2127.0138,99,40,-0.13405351,-0.12715166,-0.22058824,-0.13405351,-2127.0138,15866.9017,OK,0.0000,85.0806,4.0000,96.0000,AG03-UNRESOLVED,ALL5_LEVELS_bet23_to_bet27,85.0806,85.0806,106.3507,116.9858,116.9858,4.000000,4.000000,5.000000,5.500000,5.500000,96.000000,96.000000,95.000000,94.500000,94.500000,5.0,510.4833,463.9841,1616.5305,1663.0297,PENDING_AG03,FALSE,NOT_FOR_ENFORCEMENT,2041.9332,15232.2256,2127.0138,2041.9332,85.0806,0.13405351,0.12869137,85.0806,2041.9332,0.12869137,85.0806,85.0806,106.3507,116.9858,116.9858,2041.9332,0.12869137,510.4833,463.9841,1616.5305,1663.0297,0.10188066,0.10481124,0.00536214,160.2717,396.6725,53.1753,709.0046,212.7014,5288.9672,13.3333,172.8808,83.7168,21.3529,21.3529,115.0117,606.4229,747.822,1149.7485,21.3529,-21.3529,35.022002,53.845025,7.505846,6,3,1,8,0.92613335,0.13405351,0.12715166,0E-8,0.000000,1.000000,0.141414,0.09343658,2026-04-17,2026-07-28,3,10,10,103,0.029126,2.065067,1.078673,3.087111,4,0.7671957671957672,0.63668430335097,0.63668430335097,0.7019400352733686,0.7019400352733686,0.11413043478260869,n_rounds>=30,568,185,PERCENT_RANK_OVER_ORDER_BY_e_stake,HF9f,OK,L5_INSUFFICIENT,0.29440805,E 常规,436,1,A168_HF9F_20260827_0900,2026-08-27 09:00:00
150668432,2026-06-08,2026-06-08 16:10:22,55844,5,"4,21",21,20000.00,20000.00,2,1,FLAT,0,1,v2026-08-11,4278.9119,4278.9119,2143.6197,4,4,-0.50097310,-0.50097310,,-0.50097310,-2143.6197,4278.9119,THIN_EXPOSURE,0.0000,85.7448,4.0000,96.0000,AG03-UNRESOLVED,ALL5_LEVELS_bet23_to_bet27,85.7448,85.7448,85.7448,85.7448,85.7448,4.000000,4.000000,4.000000,4.000000,4.000000,96.000000,96.000000,96.000000,96.000000,96.000000,5.0,428.7239,395.7707,1714.8958,1747.849,PENDING_AG03,FALSE,NOT_FOR_ENFORCEMENT,2057.8750,4107.7554,2143.6197,2057.8750,85.7448,0.50097310,0.48093418,85.7448,2057.8750,0.48093418,85.7448,85.7448,85.7448,85.7448,85.7448,2057.8750,0.48093418,428.7239,395.7707,1714.8958,1747.849,0.40077848,0.40847979,0.02003892,1069.7280,1069.7280,535.9049,2143.6197,714.5399,4278.9119,4.0000,1069.7280,,1067.646,1067.646,1071.8098,1075.9736,1075.9736,1075.9736,1067.646,-1067.646,1.0078,1.0078,1.00195,3,2,1,1,1.00000000,0.50097310,0.50097310,0E-8,0.000000,1.000000,0.000000,,2026-07-30,2026-07-30,1,3,3,1,1.000000,,1.000000,3.333333,4,0.7689594356261023,0.544973544973545,0.544973544973545,0.6225749559082893,0.6225749559082893,,n_rounds>=30,568,185,PERCENT_RANK_OVER_ORDER_BY_e_stake,HF9f,THIN_ROUNDS,L5_INSUFFICIENT,0.931,Z 证据不足 · 不动作,437,1,A168_HF9F_20260827_0900,2026-08-27 09:00:00
150668432,2026-07-24,2026-07-24 21:27:27,55844,5,21,4,20000.00,10000.00,1,1,TIGHTEN,0,1,v2026-08-11,4278.9119,4278.9119,2143.6197,4,4,-0.50097310,-0.50097310,,-0.50097310,-2143.6197,4278.9119,THIN_EXPOSURE,0.0000,85.7448,4.0000,96.0000,AG03-UNRESOLVED,ALL5_LEVELS_bet23_to_bet27,85.7448,85.7448,85.7448,85.7448,85.7448,4.000000,4.000000,4.000000,4.000000,4.000000,96.000000,96.000000,96.000000,96.000000,96.000000,5.0,428.7239,395.7707,1714.8958,1747.849,PENDING_AG03,FALSE,NOT_FOR_ENFORCEMENT,2057.8750,4107.7554,2143.6197,2057.8750,85.7448,0.50097310,0.48093418,85.7448,2057.8750,0.48093418,85.7448,85.7448,85.7448,85.7448,85.7448,2057.8750,0.48093418,428.7239,395.7707,1714.8958,1747.849,0.40077848,0.40847979,0.02003892,1069.7280,1069.7280,535.9049,2143.6197,714.5399,4278.9119,4.0000,1069.7280,,1067.646,1067.646,1071.8098,1075.9736,1075.9736,1075.9736,1067.646,-1067.646,1.0078,1.0078,1.00195,3,2,1,1,1.00000000,0.50097310,0.50097310,0E-8,0.000000,1.000000,0.000000,,2026-07-30,2026-07-30,1,3,3,1,1.000000,,1.000000,3.333333,4,0.7689594356261023,0.544973544973545,0.544973544973545,0.6225749559082893,0.6225749559082893,,n_rounds>=30,568,185,PERCENT_RANK_OVER_ORDER_BY_e_stake,HF9f,THIN_ROUNDS,L5_INSUFFICIENT,0.931,Z 证据不足 · 不动作,438,1,A168_HF9F_20260827_0900,2026-08-27 09:00:00
151061424,2026-06-06,2026-06-06 12:55:25,54378,4,21,4,20000.00,10000.00,1,1,TIGHTEN,0,1,v2026-08-11,5181.2858,5181.2858,2151.5846,10,10,-0.41526075,,-0.41526075,-0.41526075,-2151.5846,5181.2858,THIN_EXPOSURE,0.0000,86.0634,4.0000,96.0000,AG03-UNRESOLVED,ALL5_LEVELS_bet23_to_bet27,86.0634,86.0634,107.5792,118.3372,118.3372,4.000000,4.000000,5.000000,5.500000,5.500000,96.000000,96.000000,95.000000,94.500000,94.500000,5.0,516.3803,469.344,1635.2043,1682.2406,PENDING_AG03,FALSE,NOT_FOR_ENFORCEMENT,2065.5213,4974.0344,2151.5846,2065.5213,86.0634,0.41526075,0.39865032,86.0634,2065.5213,0.39865032,86.0634,86.0634,107.5792,118.3372,118.3372,2065.5213,0.39865032,516.3803,469.344,1635.2043,1682.2406,0.31559817,0.32467629,0.01661043,518.1286,518.1286,215.1585,1075.7923,537.8962,2590.6429,5.0000,,518.1286,430.6076,430.6076,645.9114,968.8671,1291.8228,1291.8228,430.6076,-198.4294,3.0,3.0,1.20325,4,4,2,2,0E-8,0.41526075,,0E-8,0.000000,1.000000,0.200000,,2026-06-16,2026-06-29,2,4,4,14,0.142857,,,0.000000,4,0.7724867724867724,0.5661375661375662,0.5661375661375662,0.6402116402116402,0.6402116402116402,,n_rounds>=30,568,185,PERCENT_RANK_OVER_ORDER_BY_e_stake,HF9f,THIN_ROUNDS,L5_INSUFFICIENT,0.5888161,Z 证据不足 · 不动作,439,1,A168_HF9F_20260827_0900,2026-08-27 09:00:00
150054437,2026-05-15,2026-05-15 13:10:02,54378,4,21,3,20000.00,5000.00,1,1,TIGHTEN,0,1,v2026-08-11,4249.7046,4249.7046,2156.8225,5,5,-0.50752292,-0.50501517,-1.00000000,-0.50752292,-2156.8225,4249.7046,THIN_EXPOSURE,0.0000,86.2729,4.0000,96.0000,AG03-UNRESOLVED,ALL5_LEVELS_bet23_to_bet27,86.2729,86.2729,107.8411,118.6252,118.6252,4.000000,4.000000,5.000000,5.500000,5.500000,96.000000,96.000000,95.000000,94.500000,94.500000,5.0,517.6374,470.4866,1639.1851,1686.3359,PENDING_AG03,FALSE,NOT_FOR_ENFORCEMENT,2070.5496,4079.7164,2156.8225,2070.5496,86.2729,0.50752292,0.48722200,86.2729,2070.5496,0.48722200,86.2729,86.2729,107.8411,118.6252,118.6252,2070.5496,0.48722200,517.6374,470.4866,1639.1851,1686.3359,0.38571742,0.3968125,0.02030092,849.9409,849.9409,431.3645,718.9408,718.9408,1416.5682,1.6667,1057.0436,21.5304,790.2134,1046.441,1067.646,1067.646,1067.646,1067.646,1046.441,-1046.441,1.020264,1.020264,0.812221,3,3,1,2,0.99493368,0.50752292,0.50501517,0E-8,0.000000,1.000000,0.000000,0.49498483,2026-06-21,2026-08-03,3,3,3,44,0.068182,49.095445,1.243667,3.316446,4,0.7742504409171076,0.5414462081128748,0.5414462081128748,0.6172839506172839,0.6172839506172839,,n_rounds>=30,568,185,PERCENT_RANK_OVER_ORDER_BY_e_stake,HF9f,THIN_ROUNDS,L5_INSUFFICIENT,0.83271171,Z 证据不足 · 不动作,440,1,A168_HF9F_20260827_0900,2026-08-27 09:00:00
143542731,2026-07-25,2026-07-25 11:29:00,54378,4,21,4,20000.00,10000.00,1,1,TIGHTEN,0,1,v2026-08-11,4768.4929,3685.9977,2166.5445,19,15,-0.45434575,-0.87654321,-0.21405303,-0.45434575,-2166.5445,4768.4929,THIN_EXPOSURE,0.0000,86.6618,4.0000,96.0000,AG03-UNRESOLVED,ALL5_LEVELS_bet23_to_bet27,86.6618,86.6618,108.3272,119.1599,119.1599,4.000000,4.000000,5.000000,5.500000,5.500000,96.000000,96.000000,95.000000,94.500000,94.500000,5.0,519.9707,472.6073,1646.5738,1693.9372,PENDING_AG03,FALSE,NOT_FOR_ENFORCEMENT,2079.8827,3538.5578,2166.5445,2079.8827,86.6618,0.45434575,0.43617192,86.6618,2079.8827,0.43617192,86.6618,86.6618,108.3272,119.1599,119.1599,2079.8827,0.43617192,519.9707,472.6073,1646.5738,1693.9372,0.34530277,0.35523534,0.01817383,250.9733,245.7332,144.4363,722.1815,216.6545,1589.4976,5.0000,192.1763,303.8906,133.4557,320.2938,327.7184,427.0584,485.7788,533.823,213.5292,-42.7058,1.516666,1.666667,0.783572,10,7,3,5,0.36271137,0.45434575,0.87654321,0E-8,0.000000,0.772990,0.315790,-0.66249018,2026-03-25,2026-07-25,3,10,10,123,0.024390,0.632386,0.765724,1.209038,4,0.7760141093474426,0.5573192239858906,0.5573192239858906,0.6349206349206349,0.6349206349206349,,n_rounds>=30,568,185,PERCENT_RANK_OVER_ORDER_BY_e_stake,HF9f,THIN_ROUNDS,L5_INSUFFICIENT,0.48076633,Z 证据不足 · 不动作,441,1,A168_HF9F_20260827_0900,2026-08-27 09:00:00
149362659,2026-04-30,2026-04-30 21:24:49,54378,4,21,3,20000.00,5000.00,1,1,TIGHTEN,0,1,v2026-08-11,4325.4466,4325.4466,2216.7914,4,4,-0.51250000,,-0.51250000,-0.51250000,-2216.7914,4325.4466,THIN_EXPOSURE,0.0000,88.6717,4.0000,96.0000,AG03-UNRESOLVED,ALL5_LEVELS_bet23_to_bet27,88.6717,88.6717,110.8396,121.9235,121.9235,4.000000,4.000000,5.000000,5.500000,5.500000,96.000000,96.000000,95.000000,94.500000,94.500000,5.0,532.0299,483.5681,1684.7615,1733.2233,PENDING_AG03,FALSE,NOT_FOR_ENFORCEMENT,2128.1197,4152.4287,2216.7914,2128.1197,88.6717,0.51250000,0.49200000,88.6717,2128.1197,0.49200000,88.6717,88.6717,110.8396,121.9235,121.9235,2128.1197,0.49200000,532.0299,483.5681,1684.7615,1733.2233,0.38950000,0.40070389,0.02050000,1081.3617,1081.3617,554.1978,2216.7914,738.9305,4325.4466,4.0000,,1081.3617,1081.3617,1081.3617,1081.3617,1081.3617,1081.3617,1081.3617,1081.3617,-1081.3617,1.0,1.0,1.0,3,4,1,2,0E-8,0.51250000,,0E-8,0.000000,1.000000,0.000000,,2026-05-12,2026-05-12,1,3,3,1,1.000000,,,0.000000,4,0.7777777777777778,0.5396825396825397,0.5396825396825397,0.6261022927689595,0.6261022927689595,,n_rounds>=30,568,185,PERCENT_RANK_OVER_ORDER_BY_e_stake,HF9f,THIN_ROUNDS,L5_INSUFFICIENT,0.931,Z 证据不足 · 不动作,442,1,A168_HF9F_20260827_0900,2026-08-27 09:00:00
148750155,2026-04-16,2026-04-16 22:25:34,54378,4,21,4,20000.00,10000.00,1,1,TIGHTEN,0,1,v2026-08-11,4387.8433,4281.8699,2332.6657,19,19,-0.53162011,,-0.53162011,-0.53162011,-2332.6657,4387.8433,THIN_EXPOSURE,0.0000,93.3066,4.0000,96.0000,AG03-UNRESOLVED,ALL5_LEVELS_bet23_to_bet27,93.3066,93.3066,116.6333,128.2966,128.2966,4.000000,4.000000,5.000000,5.500000,5.500000,96.000000,96.000000,95.000000,94.500000,94.500000,5.0,559.8398,508.8448,1772.8259,1823.8209,PENDING_AG03,FALSE,NOT_FOR_ENFORCEMENT,2239.3591,4110.5951,2332.6657,2239.3591,93.3066,0.53162011,0.51035530,93.3066,2239.3591,0.51035530,93.3066,93.3066,116.6333,128.2966,128.2966,2239.3591,0.51035530,559.8398,508.8448,1772.8259,1823.8209,0.40403128,0.41565316,0.02126480,230.9391,225.3616,122.7719,583.1664,259.1851,1096.9608,4.7500,,230.9391,56.7715,215.3038,322.9557,538.2595,550.1012,559.7899,215.3038,-21.6272,2.555,2.6,1.07262,7,6,3,2,0E-8,0.53162011,,0E-8,0.000000,0.975848,0.578947,,2026-05-05,2026-06-23,4,9,9,50,0.080000,,,0.000000,4,0.7795414462081128,0.5379188712522046,0.5379188712522046,0.6296296296296297,0.6296296296296297,,n_rounds>=30,568,185,PERCENT_RANK_OVER_ORDER_BY_e_stake,HF9f,THIN_ROUNDS,L5_INSUFFICIENT,0.4271721,Z 证据不足 · 不动作,443,1,A168_HF9F_20260827_0900,2026-08-27 09:00:00
152304093,2026-07-01,2026-07-01 06:07:12,40210,4,"124,59,1,2,3",1,5000.00,1000.00,5,1,TIGHTEN,0,1,v2026-08-11,2377.7174,2377.7174,2377.7174,4,4,-1.00000000,,-1.00000000,-1.00000000,-2377.7174,2377.7174,THIN_EXPOSURE,0.0000,95.1087,4.0000,96.0000,AG03-UNRESOLVED,ALL5_LEVELS_bet23_to_bet27,95.1087,95.1087,95.1087,95.1087,95.1087,4.000000,4.000000,4.000000,4.000000,4.000000,96.000000,96.000000,96.000000,96.000000,96.000000,5.0,475.5435,438.9915,1902.1739,1938.7258,PENDING_AG03,FALSE,NOT_FOR_ENFORCEMENT,2282.6087,2282.6087,2377.7174,2282.6087,95.1087,1.00000000,0.96000000,95.1087,2282.6087,0.96000000,95.1087,95.1087,95.1087,95.1087,95.1087,2282.6087,0.96000000,475.5435,438.9915,1902.1739,1938.7258,0.80000000,0.8153727,0.04000000,594.4293,594.4293,594.4293,2377.7174,2377.7174,2377.7174,4.0000,,594.4293,509.5109,679.3478,679.3478,679.3478,679.3478,679.3478,679.3478,-679.3478,1.0,1.0,0.875,1,1,1,1,0E-8,1.00000000,,0E-8,0.000000,1.000000,0.000000,,2026-06-30,2026-06-30,1,1,1,1,1.000000,,,0.000000,3,0.781305114638448,0.455026455026455,0.455026455026455,0.5890652557319224,0.5890652557319224,,n_rounds>=30,568,185,PERCENT_RANK_OVER_ORDER_BY_e_stake,HF9f,THIN_ROUNDS,L5_INSUFFICIENT,0.931,Z 证据不足 · 不动作,444,1,A168_HF9F_20260827_0900,2026-08-27 09:00:00
152304093,2026-07-09,2026-07-09 13:56:06,40210,4,1,2,1000.00,3000.00,1,1,RELEASE,0,1,v2026-08-11,2377.7174,2377.7174,2377.7174,4,4,-1.00000000,,-1.00000000,-1.00000000,-2377.7174,2377.7174,THIN_EXPOSURE,0.0000,95.1087,4.0000,96.0000,AG03-UNRESOLVED,ALL5_LEVELS_bet23_to_bet27,95.1087,95.1087,95.1087,95.1087,95.1087,4.000000,4.000000,4.000000,4.000000,4.000000,96.000000,96.000000,96.000000,96.000000,96.000000,5.0,475.5435,438.9915,1902.1739,1938.7258,PENDING_AG03,FALSE,NOT_FOR_ENFORCEMENT,2282.6087,2282.6087,2377.7174,2282.6087,95.1087,1.00000000,0.96000000,95.1087,2282.6087,0.96000000,95.1087,95.1087,95.1087,95.1087,95.1087,2282.6087,0.96000000,475.5435,438.9915,1902.1739,1938.7258,0.80000000,0.8153727,0.04000000,594.4293,594.4293,594.4293,2377.7174,2377.7174,2377.7174,4.0000,,594.4293,509.5109,679.3478,679.3478,679.3478,679.3478,679.3478,679.3478,-679.3478,1.0,1.0,0.875,1,1,1,1,0E-8,1.00000000,,0E-8,0.000000,1.000000,0.000000,,2026-06-30,2026-06-30,1,1,1,1,1.000000,,,0.000000,3,0.781305114638448,0.455026455026455,0.455026455026455,0.5890652557319224,0.5890652557319224,,n_rounds>=30,568,185,PERCENT_RANK_OVER_ORDER_BY_e_stake,HF9f,THIN_ROUNDS,L5_INSUFFICIENT,0.931,Z 证据不足 · 不动作,445,1,A168_HF9F_20260827_0900,2026-08-27 09:00:00
147388892,2026-08-06,2026-08-06 13:56:34,54378,4,21,4,20000.00,10000.00,1,1,TIGHTEN,0,1,v2026-08-11,10933.7024,10503.0948,2574.5118,28,28,-0.23546570,,-0.23546570,-0.23546570,-2574.5118,10933.7024,THIN_EXPOSURE,0.0000,102.9805,4.0000,96.0000,AG03-UNRESOLVED,ALL5_LEVELS_bet23_to_bet27,102.9805,102.9805,128.7256,141.5982,141.5982,4.000000,4.000000,5.000000,5.500000,5.500000,96.000000,96.000000,95.000000,94.500000,94.500000,5.0,617.8828,561.6008,1956.6290,2012.911,PENDING_AG03,FALSE,NOT_FOR_ENFORCEMENT,2471.5314,10082.9710,2574.5118,2471.5314,102.9805,0.23546570,0.22604707,102.9805,2471.5314,0.22604707,102.9805,102.9805,128.7256,141.5982,141.5982,2471.5314,0.22604707,617.8828,561.6008,1956.6290,2012.911,0.17895393,0.1841015,0.00941863,390.4894,375.1105,91.9469,1287.2559,321.8140,5466.8512,14.0000,,390.4894,75.3563,107.6519,215.3038,1035.6165,2327.469,4057.0549,107.6519,-21.5304,21.620326,37.686796,3.627334,7,6,2,2,0E-8,0.23546570,,0E-8,0.000000,0.960616,0.000000,,2026-06-22,2026-07-04,2,8,8,13,0.153846,,,0.000000,4,0.7848324514991182,0.6084656084656085,0.6084656084656085,0.671957671957672,0.671957671957672,,n_rounds>=30,568,185,PERCENT_RANK_OVER_ORDER_BY_e_stake,HF9f,THIN_ROUNDS,L5_INSUFFICIENT,0.35188492,Z 证据不足 · 不动作,446,1,A168_HF9F_20260827_0900,2026-08-27 09:00:00
146561555,2026-06-15,2026-06-15 16:03:13,55879,5,3,"1,3,4",5000.00,10000.00,1,3,RELEASE,0,1,v2026-08-11,3402325.3221,3027973.1444,2822.0272,10005,8373,-0.00082944,,-0.00082944,-0.00082944,-2822.0272,3402325.3221,OK,0.0000,169.3216,6.0000,94.0000,AG03-UNRESOLVED,ALL5_LEVELS_bet23_to_bet27,169.3216,169.3216,169.3216,282.2027,846.6082,6.000000,6.000000,6.000000,10.000000,30.000000,94.000000,94.000000,94.000000,90.000000,70.000000,5.0,1636.7758,1345.3509,1185.2514,1476.6763,PENDING_AG03,FALSE,NOT_FOR_ENFORCEMENT,2652.7056,2846294.7557,2822.0272,2652.7056,169.3216,0.00082944,0.00077967,169.3216,2652.7056,0.00077967,169.3216,169.3216,169.3216,282.2027,846.6082,2652.7056,0.00077967,1636.7758,1345.3509,1185.2514,1476.6763,0.00034837,0.00043402,0.00004977,340.0625,361.6354,0.3370,148.5277,3.0247,179069.7538,440.6842,,340.0625,174.581,261.8715,436.4525,690.727,863.4088,1309.3575,261.8715,-43.1704,3.29707,5.0,1.298585,29,161,23,8,0E-8,0.00082944,,0E-8,0.000000,0.889972,0.000000,,2026-04-08,2026-06-03,19,933,283,57,0.333333,,,0.000000,5,0.7865961199294532,0.8430335097001763,0.8430335097001763,0.9223985890652557,0.9223985890652557,0.7608695652173914,n_rounds>=30,568,185,PERCENT_RANK_OVER_ORDER_BY_e_stake,HF9f,OK,L4_CI_3P0,0.02034882,E 常规,447,1,A168_HF9F_20260827_0900,2026-08-27 09:00:00
152966773,2026-07-14,2026-07-14 09:42:24,40210,4,"124,59,1,2,3",1,5000.00,1000.00,5,1,TIGHTEN,0,1,v2026-08-11,2785.3261,2785.3261,2785.3261,10,3,-1.00000000,-1.00000000,,-1.00000000,-2785.3261,2785.3261,THIN_EXPOSURE,0.0000,111.4130,4.0000,96.0000,AG03-UNRESOLVED,ALL5_LEVELS_bet23_to_bet27,111.4130,111.4130,111.4130,111.4130,111.4130,4.000000,4.000000,4.000000,4.000000,4.000000,96.000000,96.000000,96.000000,96.000000,96.000000,5.0,557.0652,514.2472,2228.2609,2271.0788,PENDING_AG03,FALSE,NOT_FOR_ENFORCEMENT,2673.9130,2673.9130,2785.3261,2673.9130,111.4130,1.00000000,0.96000000,111.4130,2673.9130,0.96000000,111.4130,111.4130,111.4130,111.4130,111.4130,2673.9130,0.96000000,557.0652,514.2472,2228.2609,2271.0788,0.80000000,0.8153727,0.04000000,278.5326,928.4420,928.4420,2785.3261,2785.3261,2785.3261,3.0000,278.5326,,67.9348,67.9348,679.3478,815.2174,815.2174,815.2174,67.9348,-67.9348,12.0,12.0,4.1,1,2,1,5,1.00000000,1.00000000,1.00000000,0E-8,0.000000,1.000000,0.000000,,2026-07-18,2026-07-18,1,1,1,1,1.000000,,1.000000,3.333333,3,0.7883597883597884,0.455026455026455,0.455026455026455,0.6014109347442681,0.6014109347442681,,n_rounds>=30,568,185,PERCENT_RANK_OVER_ORDER_BY_e_stake,HF9f,THIN_ROUNDS,L5_INSUFFICIENT,1.0750262,Z 证据不足 · 不动作,448,1,A168_HF9F_20260827_0900,2026-08-27 09:00:00
151046822,2026-06-08,2026-06-08 01:29:37,40210,4,"124,59,1,2,3",1,5000.00,1000.00,5,1,TIGHTEN,0,1,v2026-08-11,50796.6020,45782.3899,2801.8455,207,154,-0.05515813,0E-8,-0.05605778,-0.05515813,-2801.8455,50796.6020,OK,0.0000,112.0738,4.0000,96.0000,AG03-UNRESOLVED,ALL5_LEVELS_bet23_to_bet27,112.0738,112.0738,112.0738,112.0738,112.0738,4.000000,4.000000,4.000000,4.000000,4.000000,96.000000,96.000000,96.000000,96.000000,96.000000,5.0,560.3691,517.2972,2241.4764,2284.5484,PENDING_AG03,FALSE,NOT_FOR_ENFORCEMENT,2689.7717,43951.0943,2801.8455,2689.7717,112.0738,0.05515813,0.05295180,112.0738,2689.7717,0.05295180,112.0738,112.0738,112.0738,112.0738,112.0738,2689.7717,0.05295180,560.3691,517.2972,2241.4764,2284.5484,0.04412650,0.04497443,0.00220633,245.3942,297.2882,18.1938,560.3691,50.9426,10159.3204,30.8000,271.7391,245.0068,67.9348,338.295,338.295,339.6739,676.59,737.7728,203.8044,-67.9348,2.0,2.180857,0.725385,27,40,3,5,0.01604866,0.05515813,0E-8,0E-8,0.000000,0.901288,0.000000,0.05605778,2026-06-05,2026-07-16,5,55,46,42,0.119048,1.109109,1.107358,0.053496,4,0.7901234567901234,0.7107583774250441,0.7107583774250441,0.7407407407407407,0.7407407407407407,0.21195652173913043,n_rounds>=30,568,185,PERCENT_RANK_OVER_ORDER_BY_e_stake,HF9f,OK,L5_INSUFFICIENT,0.15004424,E 常规,449,1,A168_HF9F_20260827_0900,2026-08-27 09:00:00
151046822,2026-07-09,2026-07-09 13:50:49,40210,4,1,2,1000.00,3000.00,1,1,RELEASE,0,1,v2026-08-11,50796.6020,45782.3899,2801.8455,207,154,-0.05515813,0E-8,-0.05605778,-0.05515813,-2801.8455,50796.6020,OK,0.0000,112.0738,4.0000,96.0000,AG03-UNRESOLVED,ALL5_LEVELS_bet23_to_bet27,112.0738,112.0738,112.0738,112.0738,112.0738,4.000000,4.000000,4.000000,4.000000,4.000000,96.000000,96.000000,96.000000,96.000000,96.000000,5.0,560.3691,517.2972,2241.4764,2284.5484,PENDING_AG03,FALSE,NOT_FOR_ENFORCEMENT,2689.7717,43951.0943,2801.8455,2689.7717,112.0738,0.05515813,0.05295180,112.0738,2689.7717,0.05295180,112.0738,112.0738,112.0738,112.0738,112.0738,2689.7717,0.05295180,560.3691,517.2972,2241.4764,2284.5484,0.04412650,0.04497443,0.00220633,245.3942,297.2882,18.1938,560.3691,50.9426,10159.3204,30.8000,271.7391,245.0068,67.9348,338.295,338.295,339.6739,676.59,737.7728,203.8044,-67.9348,2.0,2.180857,0.725385,27,40,3,5,0.01604866,0.05515813,0E-8,0E-8,0.000000,0.901288,0.000000,0.05605778,2026-06-05,2026-07-16,5,55,46,42,0.119048,1.109109,1.107358,0.053496,4,0.7901234567901234,0.7107583774250441,0.7107583774250441,0.7407407407407407,0.7407407407407407,0.21195652173913043,n_rounds>=30,568,185,PERCENT_RANK_OVER_ORDER_BY_e_stake,HF9f,OK,L5_INSUFFICIENT,0.15004424,E 常规,450,1,A168_HF9F_20260827_0900,2026-08-27 09:00:00
147044456,2026-04-02,2026-04-02 00:42:03,53369,5,350,648,50000.00,200000.00,1,1,RELEASE,0,1,v2026-08-11,2840.0000,2840.0000,2840.0000,5,5,-1.00000000,,-1.00000000,-1.00000000,-2840.0000,2840.0000,THIN_EXPOSURE,0.0000,85.2000,3.0000,97.0000,AG03-UNRESOLVED,ALL5_LEVELS_bet23_to_bet27,85.2000,85.2000,85.2000,85.2000,85.2000,3.000000,3.000000,3.000000,3.000000,3.000000,97.000000,97.000000,97.000000,97.000000,97.000000,5.0,426.0000,401.1954,2414.0000,2438.8046,PENDING_AG03,FALSE,NOT_FOR_ENFORCEMENT,2754.8000,2754.8000,2840.0000,2754.8000,85.2000,1.00000000,0.97000000,85.2000,2754.8000,0.97000000,85.2000,85.2000,85.2000,85.2000,85.2000,2754.8000,0.97000000,426.0000,401.1954,2414.0000,2438.8046,0.85000000,0.85873403,0.03000000,568.0000,568.0000,568.0000,568.0000,568.0000,568.0000,1.0000,,568.0000,388.0,688.0,688.0,688.0,688.0,688.0,688.0,-688.0,1.0,1.0,0.825581,3,5,4,2,0E-8,1.00000000,,0E-8,0.000000,1.000000,0.200000,,2026-03-28,2026-05-02,5,5,5,36,0.138889,,,0.000000,4,0.7936507936507936,0.455026455026455,0.455026455026455,0.6031746031746031,0.6031746031746031,,n_rounds>=30,568,185,PERCENT_RANK_OVER_ORDER_BY_e_stake,HF9f,THIN_ROUNDS,L5_INSUFFICIENT,0.83271171,Z 证据不足 · 不动作,451,1,A168_HF9F_20260827_0900,2026-08-27 09:00:00
148905027,2026-06-10,2026-06-10 20:56:58,54378,4,21,4,20000.00,10000.00,1,1,TIGHTEN,0,1,v2026-08-11,11201.1799,10921.2849,3057.3139,21,21,-0.27294570,,-0.27294570,-0.27294570,-3057.3139,11201.1799,THIN_EXPOSURE,0.0000,122.2926,4.0000,96.0000,AG03-UNRESOLVED,ALL5_LEVELS_bet23_to_bet27,122.2926,122.2926,152.8657,168.1523,168.1523,4.000000,4.000000,5.000000,5.500000,5.500000,96.000000,96.000000,95.000000,94.500000,94.500000,5.0,733.7553,666.9186,2323.5585,2390.3952,PENDING_AG03,FALSE,NOT_FOR_ENFORCEMENT,2935.0213,10484.4335,3057.3139,2935.0213,122.2926,0.27294570,0.26202787,122.2926,2935.0213,0.26202787,122.2926,122.2926,152.8657,168.1523,168.1523,2935.0213,0.26202787,733.7553,666.9186,2323.5585,2390.3952,0.20743873,0.21340566,0.01091783,533.3895,520.0612,145.5864,1019.1046,436.7591,3733.7266,7.0000,,533.3895,316.2274,645.9114,645.9114,934.4183,1076.5189,1076.5189,645.9114,-183.0082,1.666667,1.666667,0.825794,6,6,3,2,0E-8,0.27294570,,0E-8,0.000000,0.975012,0.095238,,2026-06-03,2026-06-20,3,7,7,18,0.166667,,,0.000000,4,0.7954144620811288,0.5961199294532628,0.5961199294532628,0.673721340388007,0.673721340388007,,n_rounds>=30,568,185,PERCENT_RANK_OVER_ORDER_BY_e_stake,HF9f,THIN_ROUNDS,L5_INSUFFICIENT,0.40632171,Z 证据不足 · 不动作,452,1,A168_HF9F_20260827_0900,2026-08-27 09:00:00
148905027,2026-06-10,2026-06-10 20:57:43,54378,4,4,3,10000.00,5000.00,1,1,TIGHTEN,0,1,v2026-08-11,11201.1799,10921.2849,3057.3139,21,21,-0.27294570,,-0.27294570,-0.27294570,-3057.3139,11201.1799,THIN_EXPOSURE,0.0000,122.2926,4.0000,96.0000,AG03-UNRESOLVED,ALL5_LEVELS_bet23_to_bet27,122.2926,122.2926,152.8657,168.1523,168.1523,4.000000,4.000000,5.000000,5.500000,5.500000,96.000000,96.000000,95.000000,94.500000,94.500000,5.0,733.7553,666.9186,2323.5585,2390.3952,PENDING_AG03,FALSE,NOT_FOR_ENFORCEMENT,2935.0213,10484.4335,3057.3139,2935.0213,122.2926,0.27294570,0.26202787,122.2926,2935.0213,0.26202787,122.2926,122.2926,152.8657,168.1523,168.1523,2935.0213,0.26202787,733.7553,666.9186,2323.5585,2390.3952,0.20743873,0.21340566,0.01091783,533.3895,520.0612,145.5864,1019.1046,436.7591,3733.7266,7.0000,,533.3895,316.2274,645.9114,645.9114,934.4183,1076.5189,1076.5189,645.9114,-183.0082,1.666667,1.666667,0.825794,6,6,3,2,0E-8,0.27294570,,0E-8,0.000000,0.975012,0.095238,,2026-06-03,2026-06-20,3,7,7,18,0.166667,,,0.000000,4,0.7954144620811288,0.5961199294532628,0.5961199294532628,0.673721340388007,0.673721340388007,,n_rounds>=30,568,185,PERCENT_RANK_OVER_ORDER_BY_e_stake,HF9f,THIN_ROUNDS,L5_INSUFFICIENT,0.40632171,Z 证据不足 · 不动作,453,1,A168_HF9F_20260827_0900,2026-08-27 09:00:00
143542718,2026-07-25,2026-07-25 11:32:31,54378,4,21,4,20000.00,10000.00,1,1,TIGHTEN,0,1,v2026-08-11,15659.7903,12329.4386,3085.4046,39,28,-0.19702720,,-0.19702720,-0.19702720,-3085.4046,15659.7903,OK,0.0000,123.4162,4.0000,96.0000,AG03-UNRESOLVED,ALL5_LEVELS_bet23_to_bet27,123.4162,123.4162,154.2702,169.6973,169.6973,4.000000,4.000000,5.000000,5.500000,5.500000,96.000000,96.000000,95.000000,94.500000,94.500000,5.0,740.4971,673.0463,2344.9075,2412.3583,PENDING_AG03,FALSE,NOT_FOR_ENFORCEMENT,2961.9884,11836.2610,3085.4046,2961.9884,123.4162,0.19702720,0.18914611,123.4162,2961.9884,0.18914611,123.4162,123.4162,154.2702,169.6973,169.6973,2961.9884,0.18914611,740.4971,673.0463,2344.9075,2412.3583,0.14974067,0.15404793,0.00788109,401.5331,440.3371,110.1930,1028.4682,308.5405,5219.9301,9.3333,,401.5331,48.6613,215.3038,540.6808,1228.4265,1513.9063,1730.1786,107.6519,-43.2545,7.031489,8.035988,1.864961,9,6,3,5,0E-8,0.19702720,,0E-8,0.000000,0.787331,0.282051,,2026-05-11,2026-06-22,3,10,10,43,0.069767,,,0.000000,4,0.798941798941799,0.6155202821869489,0.6155202821869489,0.7001763668430335,0.7001763668430335,,n_rounds>=30,568,185,PERCENT_RANK_OVER_ORDER_BY_e_stake,HF9f,THIN_ROUNDS,L5_INSUFFICIENT,0.35188492,Z 证据不足 · 不动作,454,1,A168_HF9F_20260827_0900,2026-08-27 09:00:00
151915072,2026-06-25,2026-06-25 09:49:53,40210,4,"124,59,1,2,3",1,5000.00,1000.00,5,1,TIGHTEN,0,1,v2026-08-11,8060.7975,7924.9279,3771.9892,16,16,-0.46794243,0E-8,-0.65588235,-0.46794243,-3771.9892,8060.7975,THIN_EXPOSURE,0.0000,150.8796,4.0000,96.0000,AG03-UNRESOLVED,ALL5_LEVELS_bet23_to_bet27,150.8796,150.8796,150.8796,150.8796,150.8796,4.000000,4.000000,4.000000,4.000000,4.000000,96.000000,96.000000,96.000000,96.000000,96.000000,5.0,754.3978,696.4122,3017.5913,3075.577,PENDING_AG03,FALSE,NOT_FOR_ENFORCEMENT,3621.1096,7607.9308,3771.9892,3621.1096,150.8796,0.46794243,0.44922473,150.8796,3621.1096,0.44922473,150.8796,150.8796,150.8796,150.8796,150.8796,3621.1096,0.44922473,754.3978,696.4122,3017.5913,3075.577,0.37435394,0.38154748,0.01871770,503.7998,495.3080,235.7493,1885.9946,942.9973,4030.3987,8.0000,384.9638,575.1015,305.0171,610.0341,676.59,676.59,963.8465,1086.9565,610.0341,-338.295,1.579988,1.781796,0.825855,3,4,2,2,0.28654517,0.46794243,0E-8,0E-8,0.000000,0.983144,0.000000,0.65588235,2026-06-28,2026-07-12,2,4,4,15,0.133333,0.669384,0.764120,0.955151,4,0.800705467372134,0.5537918871252204,0.5537918871252204,0.654320987654321,0.654320987654321,,n_rounds>=30,568,185,PERCENT_RANK_OVER_ORDER_BY_e_stake,HF9f,THIN_ROUNDS,L5_INSUFFICIENT,0.4655,Z 证据不足 · 不动作,455,1,A168_HF9F_20260827_0900,2026-08-27 09:00:00
151373023,2026-06-15,2026-06-15 03:09:36,40210,4,"124,59,1,2,3",1,5000.00,1000.00,5,1,TIGHTEN,0,1,v2026-08-11,11894.4520,11894.4520,3778.7551,48,19,-0.31769056,,-0.31769056,-0.31769056,-3778.7551,11894.4520,OK,0.0000,151.1502,4.0000,96.0000,AG03-UNRESOLVED,ALL5_LEVELS_bet23_to_bet27,151.1502,151.1502,151.1502,151.1502,151.1502,4.000000,4.000000,4.000000,4.000000,4.000000,96.000000,96.000000,96.000000,96.000000,96.000000,5.0,755.7510,697.6614,3023.0041,3081.0937,PENDING_AG03,FALSE,NOT_FOR_ENFORCEMENT,3627.6049,11418.6739,3778.7551,3627.6049,151.1502,0.31769056,0.30498294,151.1502,3627.6049,0.30498294,151.1502,151.1502,151.1502,151.1502,151.1502,3627.6049,0.30498294,755.7510,697.6614,3023.0041,3081.0937,0.25415245,0.25903621,0.01270762,247.8011,626.0238,198.8818,3778.7551,944.6888,11894.4520,19.0000,,247.8011,67.659,67.659,541.272,676.59,676.59,676.59,67.659,-67.659,10.0,10.0,3.6625,4,5,3,8,0E-8,0.31769056,,0E-8,0.000000,1.000000,0.000000,,2026-06-12,2026-06-12,1,4,4,1,1.000000,,,0.000000,4,0.8024691358024691,0.5873015873015873,0.5873015873015873,0.6807760141093474,0.6807760141093474,,n_rounds>=30,568,185,PERCENT_RANK_OVER_ORDER_BY_e_stake,HF9f,THIN_ROUNDS,L5_INSUFFICIENT,0.4271721,Z 证据不足 · 不动作,456,1,A168_HF9F_20260827_0900,2026-08-27 09:00:00
146766079,2026-04-01,2026-04-01 17:07:43,53369,5,350,647,50000.00,100000.00,1,1,RELEASE,0,1,v2026-08-11,9312.0000,7438.0000,4063.9000,9,6,-0.43641538,,-0.43641538,-0.43641538,-4063.9000,9312.0000,THIN_EXPOSURE,0.0000,121.9170,3.0000,97.0000,AG03-UNRESOLVED,ALL5_LEVELS_bet23_to_bet27,121.9170,121.9170,121.9170,121.9170,121.9170,3.000000,3.000000,3.000000,3.000000,3.000000,97.000000,97.000000,97.000000,97.000000,97.000000,5.0,609.5850,574.0908,3454.3150,3489.8092,PENDING_AG03,FALSE,NOT_FOR_ENFORCEMENT,3941.9830,7214.8600,4063.9000,3941.9830,121.9170,0.43641538,0.42332292,121.9170,3941.9830,0.42332292,121.9170,121.9170,121.9170,121.9170,121.9170,3941.9830,0.42332292,609.5850,574.0908,3454.3150,3489.8092,0.37095307,0.37476473,0.01309246,1034.6667,1239.6667,677.3167,1354.6333,1015.9750,3104.0000,2.0000,,1034.6667,187.5,1038.0,1284.5,2563.9995,3024.0,3024.0,800.0,-200.0,2.913295,2.913295,0.996789,4,4,3,3,0E-8,0.43641538,,0E-8,0.000000,0.798754,0.000000,,2026-03-28,2026-04-11,3,4,4,15,0.200000,,,0.000000,4,0.8042328042328042,0.562610229276896,0.562610229276896,0.6578483245149912,0.6578483245149912,,n_rounds>=30,568,185,PERCENT_RANK_OVER_ORDER_BY_e_stake,HF9f,THIN_ROUNDS,L5_INSUFFICIENT,0.76015832,Z 证据不足 · 不动作,457,1,A168_HF9F_20260827_0900,2026-08-27 09:00:00
145389988,2026-05-30,2026-05-30 01:08:35,54378,4,21,3,20000.00,5000.00,1,1,TIGHTEN,0,1,v2026-08-11,53896.8756,47779.6721,4323.7438,99,99,-0.08022253,-1.00000000,-0.07843325,-0.08022253,-4323.7438,53896.8756,OK,0.0000,172.9498,4.0000,96.0000,AG03-UNRESOLVED,ALL5_LEVELS_bet23_to_bet27,172.9498,172.9498,216.1872,237.8059,237.8059,4.000000,4.000000,5.000000,5.500000,5.500000,96.000000,96.000000,95.000000,94.500000,94.500000,5.0,1037.6985,943.1761,3286.0453,3380.5677,PENDING_AG03,FALSE,NOT_FOR_ENFORCEMENT,4150.7940,45868.4852,4323.7438,4150.7940,172.9498,0.08022253,0.07701363,172.9498,4150.7940,0.07701363,172.9498,172.9498,216.1872,237.8059,237.8059,4150.7940,0.07701363,1037.6985,943.1761,3286.0453,3380.5677,0.06096912,0.06272289,0.00320890,544.4129,482.6230,43.6742,1080.9359,480.4160,13474.2189,24.7500,52.3221,554.5591,324.4085,538.619,646.3428,912.5928,1077.2379,1311.9143,432.5446,0.0,2.0,2.4357,1.010757,5,12,1,2,0.00194156,0.08022253,1.00000000,0E-8,0.000000,0.886502,0.000000,-0.92156675,2026-04-18,2026-08-02,4,9,7,107,0.037383,0.094349,0.096107,0.006472,4,0.8059964726631393,0.6790123456790124,0.6790123456790124,0.7442680776014109,0.7442680776014109,0.22282608695652173,n_rounds>=30,568,185,PERCENT_RANK_OVER_ORDER_BY_e_stake,HF9f,OK,L5_INSUFFICIENT,0.18713804,D 净利最高二十分位 · 优先留存,458,1,A168_HF9F_20260827_0900,2026-08-27 09:00:00
144792545,2026-04-12,2026-04-12 09:21:58,54744,3,"124,1,4","124,1,3",10000.00,5000.00,3,3,TIGHTEN,0,1,v2026-08-11,25957.2597,24469.2639,4757.6590,220,220,-0.18328818,,-0.18328818,-0.19177226,-4757.6590,25957.2597,OK,220.2234,285.4595,6.0000,94.0000,AG03-UNRESOLVED,ALL5_LEVELS_bet23_to_bet27,285.4595,475.7659,475.7659,0.0000,0.0000,6.000000,10.000000,10.000000,0.000000,0.000000,94.000000,90.000000,90.000000,100.000000,100.000000,3.0,1236.9913,1135.1774,3300.4443,3402.2582,PENDING_AG03,FALSE,NOT_FOR_ENFORCEMENT,4472.1994,23001.1081,4537.4356,4251.9760,65.2362,0.17480411,0.16380682,285.4595,4251.9760,0.16380682,285.4595,475.7659,475.7659,0.0000,0.0000,4251.9760,0.16380682,1236.9913,1135.1774,3300.4443,3402.2582,0.12714918,0.13107155,0.00251321,117.9875,111.2239,21.6257,4757.6590,594.7074,25957.2597,220.0000,,117.9875,8.7943,35.1772,87.943,202.2689,439.7151,1890.9508,21.9858,-6.5364,12.5,53.755006,3.354091,4,9,1,2,0E-8,0.18328818,,0.00900000,0.900000,0.942675,0.000000,,2026-04-12,2026-04-12,1,8,4,1,1.000000,,,0.000000,4,0.8077601410934744,0.6208112874779541,0.6208112874779541,0.7125220458553791,0.7125220458553791,0.14130434782608695,n_rounds>=30,568,185,PERCENT_RANK_OVER_ORDER_BY_e_stake,HF9f,OK,L5_INSUFFICIENT,0.12553601,D 净利最高二十分位 · 优先留存,459,1,A168_HF9F_20260827_0900,2026-08-27 09:00:00
143487931,2026-04-10,2026-04-10 19:29:08,51807,5,350,32,50000.00,200000.00,1,1,RELEASE,0,1,v2026-08-11,702287.0000,639442.0000,4930.6500,522,522,-0.00702085,,-0.00702085,-0.00702085,-4930.6500,702287.0000,OK,0.0000,147.9195,3.0000,97.0000,AG03-UNRESOLVED,ALL5_LEVELS_bet23_to_bet27,147.9195,147.9195,147.9195,147.9195,147.9195,3.000000,3.000000,3.000000,3.000000,3.000000,97.000000,97.000000,97.000000,97.000000,97.000000,5.0,739.5975,696.5331,4191.0525,4234.1169,PENDING_AG03,FALSE,NOT_FOR_ENFORCEMENT,4782.7305,620258.7400,4930.6500,4782.7305,147.9195,0.00702085,0.00681022,147.9195,4782.7305,0.00681022,147.9195,147.9195,147.9195,147.9195,147.9195,4782.7305,0.00681022,739.5975,696.5331,4191.0525,4234.1169,0.00596772,0.00602904,0.00021063,1345.3774,1224.9847,9.4457,1232.6625,35.2189,175571.7500,130.5000,,1345.3774,1000.0,1000.0,2000.0,2020.0,2060.0,2100.0,1000.0,0.0,2.06,2.1,1.345377,16,68,4,2,0E-8,0.00702085,,0E-8,0.000000,0.910514,0.000000,,2026-03-22,2026-04-10,4,140,51,20,0.200000,,,0.000000,5,0.8095238095238095,0.8342151675485009,0.8342151675485009,0.8289241622574955,0.8289241622574955,0.47282608695652173,n_rounds>=30,568,185,PERCENT_RANK_OVER_ORDER_BY_e_stake,HF9f,OK,L5_INSUFFICIENT,0.08149753,D 净利最高二十分位 · 优先留存,460,1,A168_HF9F_20260827_0900,2026-08-27 09:00:00
151070340,2026-06-08,2026-06-08 16:07:19,55844,5,"4,21",21,20000.00,20000.00,2,1,FLAT,0,1,v2026-08-11,7203.8911,6945.5265,5158.5050,30,28,-0.71607205,-1.00000000,-0.09523810,-0.71607205,-5158.5050,7203.8911,OK,0.0000,206.3402,4.0000,96.0000,AG03-UNRESOLVED,ALL5_LEVELS_bet23_to_bet27,206.3402,206.3402,206.3402,206.3402,206.3402,4.000000,4.000000,4.000000,4.000000,4.000000,96.000000,96.000000,96.000000,96.000000,96.000000,5.0,1031.7010,952.4009,4126.8040,4206.1042,PENDING_AG03,FALSE,NOT_FOR_ENFORCEMENT,4952.1648,6667.7055,5158.5050,4952.1648,206.3402,0.71607205,0.68742917,206.3402,4952.1648,0.68742917,206.3402,206.3402,206.3402,206.3402,206.3402,4952.1648,0.68742917,1031.7010,952.4009,4126.8040,4206.1042,0.57285764,0.5838656,0.02864288,240.1297,248.0545,184.2323,2579.2525,2579.2525,3601.9455,14.0000,2471.6006,80.7389,64.5911,64.5911,107.6519,193.7734,672.617,4270.584,64.5911,-1.0765,10.413456,66.117179,3.717688,2,4,1,3,0.68618489,0.71607205,1.00000000,0E-8,0.000000,0.964135,0.933333,-0.90476190,2026-06-25,2026-07-21,2,2,2,27,0.074074,30.612257,10.292773,2.287283,4,0.8112874779541446,0.5308641975308642,0.5308641975308642,0.6507936507936508,0.6507936507936508,,n_rounds>=30,568,185,PERCENT_RANK_OVER_ORDER_BY_e_stake,HF9f,THIN_ROUNDS,L5_INSUFFICIENT,0.35188492,Z 证据不足 · 不动作,461,1,A168_HF9F_20260827_0900,2026-08-27 09:00:00
147584740,2026-07-25,2026-07-25 11:34:16,54378,4,21,4,20000.00,10000.00,1,1,TIGHTEN,0,1,v2026-08-11,45055.9416,39495.7497,5181.4472,171,154,-0.11500031,-0.28571429,-0.10914265,-0.11500031,-5181.4472,45055.9416,OK,0.0000,207.2579,4.0000,96.0000,AG03-UNRESOLVED,ALL5_LEVELS_bet23_to_bet27,207.2579,207.2579,259.0724,284.9796,284.9796,4.000000,4.000000,5.000000,5.500000,5.500000,96.000000,96.000000,95.000000,94.500000,94.500000,5.0,1243.5473,1130.2744,3937.8999,4051.1728,PENDING_AG03,FALSE,NOT_FOR_ENFORCEMENT,4974.1893,37915.9197,5181.4472,4974.1893,207.2579,0.11500031,0.11040030,207.2579,4974.1893,0.11040030,207.2579,207.2579,259.0724,284.9796,284.9796,4974.1893,0.11040030,1243.5473,1130.2744,3937.8999,4051.1728,0.08740023,0.08991428,0.00460001,263.4850,256.4659,33.6458,471.0407,120.4988,4095.9947,14.0000,213.5292,265.6173,55.582,78.5069,211.7819,1076.5189,1077.2379,2161.801,64.8817,0.0,13.721577,27.536461,3.356204,16,22,9,6,0.03317441,0.11500031,0.28571429,0E-8,0.000000,0.876594,0.116959,-0.17657164,2026-04-07,2026-07-10,11,43,40,95,0.115790,0.803898,0.810404,0.110581,4,0.8130511463844797,0.6613756613756614,0.6613756613756614,0.7389770723104057,0.7389770723104057,0.20652173913043478,n_rounds>=30,568,185,PERCENT_RANK_OVER_ORDER_BY_e_stake,HF9f,OK,L5_INSUFFICIENT,0.15004424,D 净利最高二十分位 · 优先留存,462,1,A168_HF9F_20260827_0900,2026-08-27 09:00:00
149363140,2026-04-30,2026-04-30 21:23:52,54378,4,21,3,20000.00,5000.00,1,1,TIGHTEN,0,1,v2026-08-11,15222.7605,13384.4457,5265.5824,59,31,-0.34590194,,-0.34590194,-0.34590194,-5265.5824,15222.7605,OK,0.0000,210.6233,4.0000,96.0000,AG03-UNRESOLVED,ALL5_LEVELS_bet23_to_bet27,210.6233,210.6233,263.2791,289.6070,289.6070,4.000000,4.000000,5.000000,5.500000,5.500000,96.000000,96.000000,95.000000,94.500000,94.500000,5.0,1263.7398,1148.6276,4001.8426,4116.9548,PENDING_AG03,FALSE,NOT_FOR_ENFORCEMENT,5054.9591,12849.0679,5265.5824,5054.9591,210.6233,0.34590194,0.33206586,210.6233,5054.9591,0.33206586,210.6233,210.6233,263.2791,289.6070,289.6070,5054.9591,0.33206586,1263.7398,1148.6276,4001.8426,4116.9548,0.26288548,0.27044732,0.01383608,258.0129,431.7563,169.8575,2632.7912,585.0647,7611.3803,15.5000,,258.0129,10.8136,108.1362,216.2723,1081.3617,1081.3617,1081.3617,108.1362,-10.8136,10.000001,10.000001,2.386,8,9,2,7,0E-8,0.34590194,,0E-8,0.000000,0.879239,0.152542,,2026-05-07,2026-05-13,2,9,9,7,0.285714,,,0.000000,4,0.8148148148148148,0.582010582010582,0.582010582010582,0.691358024691358,0.691358024691358,0.08695652173913043,n_rounds>=30,568,185,PERCENT_RANK_OVER_ORDER_BY_e_stake,HF9f,OK,L5_INSUFFICIENT,0.33442507,D 净利最高二十分位 · 优先留存,463,1,A168_HF9F_20260827_0900,2026-08-27 09:00:00
121086696,2026-04-28,2026-04-28 18:01:54,46984,3,4,3,10000.00,5000.00,1,1,TIGHTEN,0,1,v2026-08-11,94063.7430,88082.8789,7114.4583,136,126,-0.07563444,,-0.07563444,-0.08406219,-7114.4583,94063.7430,OK,792.7459,426.8675,6.0000,94.0000,AG03-UNRESOLVED,ALL5_LEVELS_bet23_to_bet27,426.8675,711.4458,711.4458,0.0000,0.0000,6.000000,10.000000,10.000000,0.000000,0.000000,94.000000,90.000000,90.000000,100.000000,100.000000,3.0,1849.7591,1697.5097,4471.9532,4624.2026,PENDING_AG03,FALSE,NOT_FOR_ENFORCEMENT,6687.5908,82797.9061,6321.7123,5894.8449,-365.8784,0.06720669,0.06266862,426.8675,5894.8449,0.06266862,426.8675,711.4458,711.4458,0.0000,0.0000,5894.8449,0.06266862,1849.7591,1697.5097,4471.9532,4624.2026,0.04754173,0.04916031,-0.00388969,691.6452,699.0705,56.4640,1778.6146,151.3715,23515.9357,31.5000,,691.6452,439.7151,615.6011,879.4301,1292.7467,1644.1925,1783.4841,569.3458,-21.6262,2.670873,2.897143,1.123528,26,33,2,6,0E-8,0.07563444,,0.00900000,0.900000,0.936417,0.308824,,2026-04-29,2026-05-05,4,47,39,7,0.571429,,,0.000000,4,0.8165784832451499,0.6843033509700176,0.6843033509700176,0.7601410934744268,0.7601410934744268,0.266304347826087,n_rounds>=30,568,185,PERCENT_RANK_OVER_ORDER_BY_e_stake,HF9f,OK,L5_INSUFFICIENT,0.16588014,D 净利最高二十分位 · 优先留存,464,1,A168_HF9F_20260827_0900,2026-08-27 09:00:00
148253910,2026-08-06,2026-08-06 13:53:57,54378,4,21,4,20000.00,10000.00,1,1,TIGHTEN,0,1,v2026-08-11,11706.1752,11426.0934,6844.0214,14,14,-0.58465051,-0.56878396,-0.68728522,-0.58465051,-6844.0214,11706.1752,THIN_EXPOSURE,0.0000,273.7609,4.0000,96.0000,AG03-UNRESOLVED,ALL5_LEVELS_bet23_to_bet27,273.7609,273.7609,342.2011,376.4212,376.4212,4.000000,4.000000,5.000000,5.500000,5.500000,96.000000,96.000000,95.000000,94.500000,94.500000,5.0,1642.5651,1492.9463,5201.4562,5351.0751,PENDING_AG03,FALSE,NOT_FOR_ENFORCEMENT,6570.2605,10969.0496,6844.0214,6570.2605,273.7609,0.58465051,0.56126449,273.7609,6570.2605,0.56126449,273.7609,273.7609,342.2011,376.4212,376.4212,6570.2605,0.56126449,1642.5651,1492.9463,5201.4562,5351.0751,0.44433439,0.45711558,0.02338602,836.1554,816.1495,488.8587,3422.0107,1711.0053,5853.0876,7.0000,2027.7588,174.1535,107.7238,215.4476,1069.1407,2444.9082,3864.8789,4270.584,215.4476,-161.5857,17.938835,19.821915,3.881015,3,4,1,2,0.86610646,0.58465051,0.56878396,0E-8,0.000000,0.976074,0.000000,0.11850126,2026-04-08,2026-07-13,2,4,4,97,0.020619,11.643516,2.425098,2.887022,4,0.818342151675485,0.5343915343915344,0.5343915343915344,0.6790123456790124,0.6790123456790124,,n_rounds>=30,568,185,PERCENT_RANK_OVER_ORDER_BY_e_stake,HF9f,THIN_ROUNDS,L5_INSUFFICIENT,0.49764043,Z 证据不足 · 不动作,465,1,A168_HF9F_20260827_0900,2026-08-27 09:00:00
145599753,2026-04-09,2026-04-09 18:31:19,55775,1,31,"640,31",100000.00,100000.00,1,2,FLAT,0,1,v2026-08-11,752929.0000,693389.0000,13827.6990,1940,1936,-0.01836521,,-0.01836521,-0.02665351,-13827.6990,752929.0000,OK,6240.5010,691.3850,5.0000,95.0000,AG03-UNRESOLVED,ALL5_LEVELS_bet23_to_bet27,691.3850,691.3850,0.0000,0.0000,0.0000,5.000000,5.000000,0.000000,0.000000,0.000000,95.000000,95.000000,100.000000,100.000000,100.000000,2.0,1382.7699,1348.2007,6204.4281,6238.9973,PENDING_AG03,FALSE,NOT_FOR_ENFORCEMENT,13136.3141,658719.5500,7587.1980,6895.8131,-5549.1161,0.01007691,0.00915865,691.3850,6895.8131,0.00915865,691.3850,691.3850,0.0000,0.0000,0.0000,6895.8131,0.00915865,1382.7699,1348.2007,6204.4281,6238.9973,0.00824039,0.0082863,-0.00737004,388.1077,358.1555,7.1424,1975.3856,124.5739,107561.2857,276.5714,,388.1077,40.0,100.0,300.0,1000.0,2000.0,4000.0,80.0,0.0,20.0,40.0,3.881077,26,81,49,5,0E-8,0.01836521,,0.00900000,0.900000,0.920922,0.000000,,2026-04-09,2026-04-15,7,111,58,7,1.000000,,,0.000000,5,0.8201058201058201,0.800705467372134,0.800705467372134,0.8324514991181657,0.8324514991181657,0.483695652173913,n_rounds>=30,568,185,PERCENT_RANK_OVER_ORDER_BY_e_stake,HF9f,OK,L5_INSUFFICIENT,0.04231818,D 净利最高二十分位 · 优先留存,466,1,A168_HF9F_20260827_0900,2026-08-27 09:00:00
145599753,2026-04-09,2026-04-09 18:34:38,55775,1,"640,31",640,100000.00,2000.00,2,1,TIGHTEN,0,1,v2026-08-11,752929.0000,693389.0000,13827.6990,1940,1936,-0.01836521,,-0.01836521,-0.02665351,-13827.6990,752929.0000,OK,6240.5010,691.3850,5.0000,95.0000,AG03-UNRESOLVED,ALL5_LEVELS_bet23_to_bet27,691.3850,691.3850,0.0000,0.0000,0.0000,5.000000,5.000000,0.000000,0.000000,0.000000,95.000000,95.000000,100.000000,100.000000,100.000000,2.0,1382.7699,1348.2007,6204.4281,6238.9973,PENDING_AG03,FALSE,NOT_FOR_ENFORCEMENT,13136.3141,658719.5500,7587.1980,6895.8131,-5549.1161,0.01007691,0.00915865,691.3850,6895.8131,0.00915865,691.3850,691.3850,0.0000,0.0000,0.0000,6895.8131,0.00915865,1382.7699,1348.2007,6204.4281,6238.9973,0.00824039,0.0082863,-0.00737004,388.1077,358.1555,7.1424,1975.3856,124.5739,107561.2857,276.5714,,388.1077,40.0,100.0,300.0,1000.0,2000.0,4000.0,80.0,0.0,20.0,40.0,3.881077,26,81,49,5,0E-8,0.01836521,,0.00900000,0.900000,0.920922,0.000000,,2026-04-09,2026-04-15,7,111,58,7,1.000000,,,0.000000,5,0.8201058201058201,0.800705467372134,0.800705467372134,0.8324514991181657,0.8324514991181657,0.483695652173913,n_rounds>=30,568,185,PERCENT_RANK_OVER_ORDER_BY_e_stake,HF9f,OK,L5_INSUFFICIENT,0.04231818,D 净利最高二十分位 · 优先留存,467,1,A168_HF9F_20260827_0900,2026-08-27 09:00:00
145599753,2026-04-10,2026-04-10 16:25:58,55775,1,640,"640,3,31",2000.00,100000.00,1,3,RELEASE,0,1,v2026-08-11,752929.0000,693389.0000,13827.6990,1940,1936,-0.01836521,,-0.01836521,-0.02665351,-13827.6990,752929.0000,OK,6240.5010,691.3850,5.0000,95.0000,AG03-UNRESOLVED,ALL5_LEVELS_bet23_to_bet27,691.3850,691.3850,0.0000,0.0000,0.0000,5.000000,5.000000,0.000000,0.000000,0.000000,95.000000,95.000000,100.000000,100.000000,100.000000,2.0,1382.7699,1348.2007,6204.4281,6238.9973,PENDING_AG03,FALSE,NOT_FOR_ENFORCEMENT,13136.3141,658719.5500,7587.1980,6895.8131,-5549.1161,0.01007691,0.00915865,691.3850,6895.8131,0.00915865,691.3850,691.3850,0.0000,0.0000,0.0000,6895.8131,0.00915865,1382.7699,1348.2007,6204.4281,6238.9973,0.00824039,0.0082863,-0.00737004,388.1077,358.1555,7.1424,1975.3856,124.5739,107561.2857,276.5714,,388.1077,40.0,100.0,300.0,1000.0,2000.0,4000.0,80.0,0.0,20.0,40.0,3.881077,26,81,49,5,0E-8,0.01836521,,0.00900000,0.900000,0.920922,0.000000,,2026-04-09,2026-04-15,7,111,58,7,1.000000,,,0.000000,5,0.8201058201058201,0.800705467372134,0.800705467372134,0.8324514991181657,0.8324514991181657,0.483695652173913,n_rounds>=30,568,185,PERCENT_RANK_OVER_ORDER_BY_e_stake,HF9f,OK,L5_INSUFFICIENT,0.04231818,D 净利最高二十分位 · 优先留存,468,1,A168_HF9F_20260827_0900,2026-08-27 09:00:00
145599753,2026-04-10,2026-04-10 16:26:57,55775,1,"640,3,31","640,2,3,31",100000.00,100000.00,3,4,FLAT,0,1,v2026-08-11,752929.0000,693389.0000,13827.6990,1940,1936,-0.01836521,,-0.01836521,-0.02665351,-13827.6990,752929.0000,OK,6240.5010,691.3850,5.0000,95.0000,AG03-UNRESOLVED,ALL5_LEVELS_bet23_to_bet27,691.3850,691.3850,0.0000,0.0000,0.0000,5.000000,5.000000,0.000000,0.000000,0.000000,95.000000,95.000000,100.000000,100.000000,100.000000,2.0,1382.7699,1348.2007,6204.4281,6238.9973,PENDING_AG03,FALSE,NOT_FOR_ENFORCEMENT,13136.3141,658719.5500,7587.1980,6895.8131,-5549.1161,0.01007691,0.00915865,691.3850,6895.8131,0.00915865,691.3850,691.3850,0.0000,0.0000,0.0000,6895.8131,0.00915865,1382.7699,1348.2007,6204.4281,6238.9973,0.00824039,0.0082863,-0.00737004,388.1077,358.1555,7.1424,1975.3856,124.5739,107561.2857,276.5714,,388.1077,40.0,100.0,300.0,1000.0,2000.0,4000.0,80.0,0.0,20.0,40.0,3.881077,26,81,49,5,0E-8,0.01836521,,0.00900000,0.900000,0.920922,0.000000,,2026-04-09,2026-04-15,7,111,58,7,1.000000,,,0.000000,5,0.8201058201058201,0.800705467372134,0.800705467372134,0.8324514991181657,0.8324514991181657,0.483695652173913,n_rounds>=30,568,185,PERCENT_RANK_OVER_ORDER_BY_e_stake,HF9f,OK,L5_INSUFFICIENT,0.04231818,D 净利最高二十分位 · 优先留存,469,1,A168_HF9F_20260827_0900,2026-08-27 09:00:00
151237858,2026-06-10,2026-06-10 16:48:54,55919,5,"124,1,2,3,4,21,22,30,404",31,50000.00,100000.00,9,1,RELEASE,0,1,v2026-08-11,20238.5566,20238.5566,7535.6328,38,12,-0.37234043,,-0.37234043,-0.37234043,-7535.6328,20238.5566,OK,0.0000,301.4253,4.0000,96.0000,AG03-UNRESOLVED,ALL5_LEVELS_bet23_to_bet27,301.4253,376.7816,376.7816,376.7816,376.7816,4.000000,5.000000,5.000000,5.000000,5.000000,96.000000,95.000000,95.000000,95.000000,95.000000,5.0,1808.5519,1643.3256,5727.0809,5892.3072,PENDING_AG03,FALSE,NOT_FOR_ENFORCEMENT,7234.2075,19429.0143,7535.6328,7234.2075,301.4253,0.37234043,0.35744681,301.4253,7234.2075,0.35744681,301.4253,376.7816,376.7816,376.7816,376.7816,7234.2075,0.35744681,1808.5519,1643.3256,5727.0809,5892.3072,0.28297872,0.29114266,0.01489362,532.5936,1686.5464,627.9694,2511.8776,1507.1266,6746.1855,4.0000,,532.5936,215.3038,215.3038,861.2151,1593.2483,1980.7942,2583.6455,215.3038,-215.3038,9.199997,12.0,2.473684,4,3,3,6,0E-8,0.37234043,,0E-8,0.000000,1.000000,0.000000,,2026-06-10,2026-06-29,3,5,5,20,0.150000,,,0.000000,4,0.8271604938271605,0.5784832451499118,0.5784832451499118,0.708994708994709,0.708994708994709,,n_rounds>=30,568,185,PERCENT_RANK_OVER_ORDER_BY_e_stake,HF9f,THIN_ROUNDS,L5_INSUFFICIENT,0.5375131,Z 证据不足 · 不动作,470,1,A168_HF9F_20260827_0900,2026-08-27 09:00:00
150668073,2026-06-08,2026-06-08 16:08:30,55844,5,"4,21",21,20000.00,20000.00,2,1,FLAT,0,1,v2026-08-11,64667.3215,56766.7407,7655.0222,76,74,-0.11837543,-0.11837543,,-0.11837543,-7655.0222,64667.3215,OK,0.0000,306.2009,4.0000,96.0000,AG03-UNRESOLVED,ALL5_LEVELS_bet23_to_bet27,306.2009,306.2009,306.2009,306.2009,306.2009,4.000000,4.000000,4.000000,4.000000,4.000000,96.000000,96.000000,96.000000,96.000000,96.000000,5.0,1531.0044,1413.3261,6124.0178,6241.6961,PENDING_AG03,FALSE,NOT_FOR_ENFORCEMENT,7348.8213,54496.0711,7655.0222,7348.8213,306.2009,0.11837543,0.11364042,306.2009,7348.8213,0.11364042,306.2009,306.2009,306.2009,306.2009,306.2009,7348.8213,0.11364042,1531.0044,1413.3261,6124.0178,6241.6961,0.09470035,0.0965201,0.00473502,850.8858,767.1181,103.4462,7655.0222,231.9704,64667.3215,74.0000,850.8858,,640.5876,854.1168,1067.646,1281.1753,1430.645,1866.2449,640.5876,-42.7058,1.674999,2.185,0.996217,25,23,1,4,1.00000000,0.11837543,0.11837543,0E-8,0.000000,0.877827,0.894737,,2026-07-19,2026-07-19,1,33,25,1,1.000000,,1.000000,3.333333,4,0.8289241622574955,0.6455026455026455,0.6455026455026455,0.7513227513227513,0.7513227513227513,0.2391304347826087,n_rounds>=30,568,185,PERCENT_RANK_OVER_ORDER_BY_e_stake,HF9f,OK,L5_INSUFFICIENT,0.2164531,D 净利最高二十分位 · 优先留存,471,1,A168_HF9F_20260827_0900,2026-08-27 09:00:00
150668073,2026-07-24,2026-07-24 21:25:33,55844,5,21,4,20000.00,10000.00,1,1,TIGHTEN,0,1,v2026-08-11,64667.3215,56766.7407,7655.0222,76,74,-0.11837543,-0.11837543,,-0.11837543,-7655.0222,64667.3215,OK,0.0000,306.2009,4.0000,96.0000,AG03-UNRESOLVED,ALL5_LEVELS_bet23_to_bet27,306.2009,306.2009,306.2009,306.2009,306.2009,4.000000,4.000000,4.000000,4.000000,4.000000,96.000000,96.000000,96.000000,96.000000,96.000000,5.0,1531.0044,1413.3261,6124.0178,6241.6961,PENDING_AG03,FALSE,NOT_FOR_ENFORCEMENT,7348.8213,54496.0711,7655.0222,7348.8213,306.2009,0.11837543,0.11364042,306.2009,7348.8213,0.11364042,306.2009,306.2009,306.2009,306.2009,306.2009,7348.8213,0.11364042,1531.0044,1413.3261,6124.0178,6241.6961,0.09470035,0.0965201,0.00473502,850.8858,767.1181,103.4462,7655.0222,231.9704,64667.3215,74.0000,850.8858,,640.5876,854.1168,1067.646,1281.1753,1430.645,1866.2449,640.5876,-42.7058,1.674999,2.185,0.996217,25,23,1,4,1.00000000,0.11837543,0.11837543,0E-8,0.000000,0.877827,0.894737,,2026-07-19,2026-07-19,1,33,25,1,1.000000,,1.000000,3.333333,4,0.8289241622574955,0.6455026455026455,0.6455026455026455,0.7513227513227513,0.7513227513227513,0.2391304347826087,n_rounds>=30,568,185,PERCENT_RANK_OVER_ORDER_BY_e_stake,HF9f,OK,L5_INSUFFICIENT,0.2164531,D 净利最高二十分位 · 优先留存,472,1,A168_HF9F_20260827_0900,2026-08-27 09:00:00
148961736,2026-07-07,2026-07-07 21:01:39,31648,5,1,2,1000.00,3000.00,1,1,RELEASE,0,1,v2026-08-11,326420.9899,298968.8300,8617.1306,1214,1210,-0.02639882,-0.00543700,-0.04584614,-0.02639882,-8617.1306,326420.9899,OK,0.0000,517.0278,6.0000,94.0000,AG03-UNRESOLVED,ALL5_LEVELS_bet23_to_bet27,517.0278,517.0278,8565.4278,8565.4278,0.0000,6.000000,6.000000,99.400000,99.400000,0.000000,94.000000,94.000000,0.600000,0.600000,100.000000,5.0,18164.9112,8616.8565,-9547.7807,0.2741,PENDING_AG03,FALSE,NOT_FOR_ENFORCEMENT,8100.1027,281030.7002,8617.1306,8100.1027,517.0278,0.02639882,0.02481490,517.0278,8100.1027,0.02481490,517.0278,517.0278,8565.4278,8565.4278,0.0000,8100.1027,0.02481490,18164.9112,8616.8565,-9547.7807,0.2741,-0.02924990,8.4e-07,0.00158393,268.8806,247.0817,7.1216,156.6751,10.5732,5934.9271,22.0000,516.7547,186.0742,213.5292,215.3038,216.2723,640.5876,640.5876,640.5876,215.3038,0.0,2.975273,2.975273,1.248843,29,153,48,5,0.48126023,0.02639882,0.00543700,0E-8,0.000000,0.915900,0.869028,0.04040914,2026-04-21,2026-07-30,55,815,511,101,0.544555,2.777143,1.921875,1.604201,4,0.8324514991181657,0.763668430335097,0.763668430335097,0.800705467372134,0.800705467372134,0.391304347826087,n_rounds>=30,568,185,PERCENT_RANK_OVER_ORDER_BY_e_stake,HF9f,OK,L5_INSUFFICIENT,0.05352874,D 净利最高二十分位 · 优先留存,473,1,A168_HF9F_20260827_0900,2026-08-27 09:00:00
48625661,2026-04-23,2026-04-23 16:37:29,31648,5,3,2,5000.00,3000.00,1,1,TIGHTEN,0,1,v2026-08-11,1135810.9953,1021030.6999,8674.4518,5762,5749,-0.00763723,,-0.00763723,-0.00763723,-8674.4518,1135810.9953,OK,0.0000,520.4671,6.0000,94.0000,AG03-UNRESOLVED,ALL5_LEVELS_bet23_to_bet27,520.4671,520.4671,8622.4051,8622.4051,0.0000,6.000000,6.000000,99.400000,99.400000,0.000000,94.000000,94.000000,0.600000,0.600000,100.000000,5.0,18285.7443,8674.1758,-9611.2926,0.2759,PENDING_AG03,FALSE,NOT_FOR_ENFORCEMENT,8153.9847,959768.8579,8674.4518,8153.9847,520.4671,0.00763723,0.00717900,520.4671,8153.9847,0.00717900,520.4671,520.4671,8622.4051,8622.4051,0.0000,8153.9847,0.00717900,18285.7443,8674.1758,-9611.2926,0.2759,-0.00846205,2.4e-07,0.00045823,197.1210,177.6014,1.5089,346.9781,4.2943,45432.4398,229.9600,,197.1210,43.2545,107.7238,215.4476,645.9114,648.817,648.817,107.6519,0.0,6.022969,6.022969,1.829874,29,196,30,2,0E-8,0.00763723,,0E-8,0.000000,0.898944,0.001909,,2026-04-23,2026-06-21,25,2020,622,60,0.416667,,,0.000000,5,0.8342151675485009,0.8324514991181657,0.8324514991181657,0.855379188712522,0.855379188712522,0.5543478260869565,n_rounds>=30,568,185,PERCENT_RANK_OVER_ORDER_BY_e_stake,HF9f,OK,L4_CI_3P0,0.02455746,D 净利最高二十分位 · 优先留存,474,1,A168_HF9F_20260827_0900,2026-08-27 09:00:00
145936906,2026-04-09,2026-04-09 22:57:40,55797,5,21,4,20000.00,10000.00,1,1,TIGHTEN,0,1,v2026-08-11,177950.1634,165596.3985,9458.3581,389,389,-0.05315172,0.95000000,-0.05790043,-0.05315172,-9458.3581,177950.1634,OK,0.0000,378.3343,4.0000,96.0000,AG03-UNRESOLVED,ALL5_LEVELS_bet23_to_bet27,378.3343,378.3343,472.9179,520.2097,520.2097,4.000000,4.000000,5.000000,5.500000,5.500000,96.000000,96.000000,95.000000,94.500000,94.500000,5.0,2270.0059,2063.2344,7188.3521,7395.1236,PENDING_AG03,FALSE,NOT_FOR_ENFORCEMENT,9080.0237,158972.5425,9458.3581,9080.0237,378.3343,0.05315172,0.05102566,378.3343,9080.0237,0.05102566,378.3343,378.3343,472.9179,520.2097,520.2097,9080.0237,0.05102566,2270.0059,2063.2344,7188.3521,7395.1236,0.04039531,0.04155727,0.00212607,457.4554,425.6977,24.3145,1891.6716,78.8197,35590.0327,77.8000,838.4086,456.4736,323.1714,430.8952,538.619,646.3428,1077.2379,2124.2283,430.8952,0.0,2.5,4.929803,1.06164,28,45,1,2,0.00471148,0.05315172,-0.95000000,0E-8,0.000000,0.930577,0.095116,1.00790043,2026-03-25,2026-08-04,5,120,48,133,0.037594,1.836708,1.832766,0.015705,4,0.8359788359788359,0.7178130511463845,0.7178130511463845,0.7777777777777778,0.7777777777777778,0.32065217391304346,n_rounds>=30,568,185,PERCENT_RANK_OVER_ORDER_BY_e_stake,HF9f,OK,L5_INSUFFICIENT,0.09440715,D 净利最高二十分位 · 优先留存,475,1,A168_HF9F_20260827_0900,2026-08-27 09:00:00
152729498,2026-07-08,2026-07-08 20:10:41,45495,4,"124,152,1,200,3,266,4,162,21,22,30,31","124,152,1",100000.00,1000.00,12,3,TIGHTEN,0,1,v2026-08-11,173369.1415,157402.7549,10136.0132,1698,498,-0.05846492,-0.05846492,,-0.05846492,-10136.0132,173369.1415,OK,0.0000,608.1608,6.0000,94.0000,AG03-UNRESOLVED,ALL5_LEVELS_bet23_to_bet27,608.1608,608.1608,810.8811,1013.6013,1013.6013,6.000000,6.000000,8.000000,10.000000,10.000000,94.000000,94.000000,92.000000,90.000000,90.000000,5.0,4054.4053,3461.8669,6081.6079,6674.1463,PENDING_AG03,FALSE,NOT_FOR_ENFORCEMENT,9527.8524,147958.5896,10136.0132,9527.8524,608.1608,0.05846492,0.05495703,608.1608,9527.8524,0.05495703,608.1608,608.1608,810.8811,1013.6013,1013.6013,9527.8524,0.05495703,4054.4053,3461.8669,6081.6079,6674.1463,0.03507895,0.03849674,0.00350790,102.1020,316.0698,20.3534,3378.6711,225.2447,57789.7138,166.0000,102.1020,,17.3265,17.3265,173.2652,303.2141,433.163,866.3259,17.3265,-17.3265,24.999999,49.999999,5.892815,13,35,3,8,1.00000000,0.05846492,0.05846492,0E-8,0.000000,0.907905,0.000000,,2026-07-08,2026-07-10,3,45,26,3,1.000000,,1.000000,3.333333,4,0.8377425044091711,0.7037037037037037,0.7037037037037037,0.7724867724867724,0.7724867724867724,0.30434782608695654,n_rounds>=30,568,185,PERCENT_RANK_OVER_ORDER_BY_e_stake,HF9f,OK,L5_INSUFFICIENT,0.08343822,D 净利最高二十分位 · 优先留存,476,1,A168_HF9F_20260827_0900,2026-08-27 09:00:00
152729498,2026-07-08,2026-07-08 21:28:41,45495,4,"124,152,1",1,1000.00,1000.00,3,1,FLAT,0,1,v2026-08-11,173369.1415,157402.7549,10136.0132,1698,498,-0.05846492,-0.05846492,,-0.05846492,-10136.0132,173369.1415,OK,0.0000,608.1608,6.0000,94.0000,AG03-UNRESOLVED,ALL5_LEVELS_bet23_to_bet27,608.1608,608.1608,810.8811,1013.6013,1013.6013,6.000000,6.000000,8.000000,10.000000,10.000000,94.000000,94.000000,92.000000,90.000000,90.000000,5.0,4054.4053,3461.8669,6081.6079,6674.1463,PENDING_AG03,FALSE,NOT_FOR_ENFORCEMENT,9527.8524,147958.5896,10136.0132,9527.8524,608.1608,0.05846492,0.05495703,608.1608,9527.8524,0.05495703,608.1608,608.1608,810.8811,1013.6013,1013.6013,9527.8524,0.05495703,4054.4053,3461.8669,6081.6079,6674.1463,0.03507895,0.03849674,0.00350790,102.1020,316.0698,20.3534,3378.6711,225.2447,57789.7138,166.0000,102.1020,,17.3265,17.3265,173.2652,303.2141,433.163,866.3259,17.3265,-17.3265,24.999999,49.999999,5.892815,13,35,3,8,1.00000000,0.05846492,0.05846492,0E-8,0.000000,0.907905,0.000000,,2026-07-08,2026-07-10,3,45,26,3,1.000000,,1.000000,3.333333,4,0.8377425044091711,0.7037037037037037,0.7037037037037037,0.7724867724867724,0.7724867724867724,0.30434782608695654,n_rounds>=30,568,185,PERCENT_RANK_OVER_ORDER_BY_e_stake,HF9f,OK,L5_INSUFFICIENT,0.08343822,D 净利最高二十分位 · 优先留存,477,1,A168_HF9F_20260827_0900,2026-08-27 09:00:00
142619701,2026-08-04,2026-08-04 00:40:00,51807,5,350,21,50000.00,20000.00,1,1,TIGHTEN,0,1,v2026-08-11,20180.0000,18620.0000,10069.0000,110,110,-0.49895937,,-0.49895937,-0.49895937,-10069.0000,20180.0000,OK,0.0000,302.0700,3.0000,97.0000,AG03-UNRESOLVED,ALL5_LEVELS_bet23_to_bet27,302.0700,302.0700,302.0700,302.0700,302.0700,3.000000,3.000000,3.000000,3.000000,3.000000,97.000000,97.000000,97.000000,97.000000,97.000000,5.0,1510.3500,1422.4071,8558.6500,8646.5929,PENDING_AG03,FALSE,NOT_FOR_ENFORCEMENT,9766.9300,18061.4000,10069.0000,9766.9300,302.0700,0.49895937,0.48399058,302.0700,9766.9300,0.48399058,302.0700,302.0700,302.0700,302.0700,302.0700,9766.9300,0.48399058,1510.3500,1422.4071,8558.6500,8646.5929,0.42411546,0.42847338,0.01496878,183.4545,169.2727,91.5364,3356.3333,915.3636,6726.6667,36.6667,,183.4545,50.0,100.0,200.0,500.0,500.0,2000.0,50.0,-20.0,5.0,20.0,1.834545,8,13,3,2,0E-8,0.49895937,,0E-8,0.000000,0.922696,0.000000,,2026-04-01,2026-05-30,3,11,10,60,0.050000,,,0.000000,4,0.8412698412698413,0.5502645502645502,0.5502645502645502,0.7072310405643739,0.7072310405643739,0.13043478260869565,n_rounds>=30,568,185,PERCENT_RANK_OVER_ORDER_BY_e_stake,HF9f,OK,L5_INSUFFICIENT,0.17753473,D 净利最高二十分位 · 优先留存,478,1,A168_HF9F_20260827_0900,2026-08-27 09:00:00
144181711,2026-05-21,2026-05-21 15:46:34,51807,5,350,649,50000.00,500000.00,1,1,RELEASE,0,1,v2026-08-11,29076.0000,29076.0000,11626.0000,10,9,-0.39984867,,-0.39984867,-0.39984867,-11626.0000,29076.0000,THIN_EXPOSURE,0.0000,348.7800,3.0000,97.0000,AG03-UNRESOLVED,ALL5_LEVELS_bet23_to_bet27,348.7800,348.7800,348.7800,348.7800,348.7800,3.000000,3.000000,3.000000,3.000000,3.000000,97.000000,97.000000,97.000000,97.000000,97.000000,5.0,1743.9000,1642.3582,9882.1000,9983.6418,PENDING_AG03,FALSE,NOT_FOR_ENFORCEMENT,11277.2200,28203.7200,11626.0000,11277.2200,348.7800,0.39984867,0.38785321,348.7800,11277.2200,0.38785321,348.7800,348.7800,348.7800,348.7800,348.7800,11277.2200,0.38785321,1743.9000,1642.3582,9882.1000,9983.6418,0.33987137,0.34336366,0.01199546,2907.6000,3230.6667,1291.7778,1453.2500,1453.2500,3634.5000,1.1250,,2907.6000,1088.0,1950.0,5000.0,7000.0,9000.0,9000.0,1950.0,-1044.0,4.615385,4.615385,1.491077,7,7,7,3,0E-8,0.39984867,,0E-8,0.000000,1.000000,0.000000,,2026-04-25,2026-06-22,8,8,8,59,0.135593,,,0.000000,4,0.8430335097001763,0.5714285714285714,0.5714285714285714,0.7178130511463845,0.7178130511463845,,n_rounds>=30,568,185,PERCENT_RANK_OVER_ORDER_BY_e_stake,HF9f,THIN_ROUNDS,L5_INSUFFICIENT,0.62066667,Z 证据不足 · 不动作,479,1,A168_HF9F_20260827_0900,2026-08-27 09:00:00
148693528,2026-04-15,2026-04-15 19:42:47,51558,5,"124,59,1,200,2,3,4,162,21,22,184","124,59,1,200,2",30000.00,3000.00,11,5,TIGHTEN,0,1,v2026-08-11,127978.8864,116209.7735,11935.9782,311,139,-0.09326521,,-0.09326521,-0.09326521,-11935.9782,127978.8864,OK,0.0000,477.4391,4.0000,96.0000,AG03-UNRESOLVED,ALL5_LEVELS_bet23_to_bet27,477.4391,477.4391,477.4391,596.7989,0.0000,4.000000,4.000000,4.000000,5.000000,0.000000,96.000000,96.000000,96.000000,95.000000,100.000000,5.0,2029.1163,1903.7981,9906.8619,10032.1801,PENDING_AG03,FALSE,NOT_FOR_ENFORCEMENT,11458.5391,111561.3826,11935.9782,11458.5391,477.4391,0.09326521,0.08953461,477.4391,11458.5391,0.08953461,477.4391,477.4391,477.4391,596.7989,0.0000,11458.5391,0.08953461,2029.1163,1903.7981,9906.8619,10032.1801,0.07741013,0.07838934,0.00373061,411.5077,836.0415,85.8703,2387.1956,178.1489,25595.7773,27.8000,,411.5077,34.0541,85.1354,595.9475,1239.5707,1702.7073,3405.4146,34.0541,-34.0541,19.999999,39.999998,4.833569,28,36,5,8,0E-8,0.09326521,,0E-8,0.000000,0.908039,0.990354,,2026-04-15,2026-04-24,5,67,33,10,0.500000,,,0.000000,4,0.8447971781305115,0.6666666666666666,0.6666666666666666,0.7707231040564374,0.7707231040564374,0.29891304347826086,n_rounds>=30,568,185,PERCENT_RANK_OVER_ORDER_BY_e_stake,HF9f,OK,L5_INSUFFICIENT,0.15793278,D 净利最高二十分位 · 优先留存,480,1,A168_HF9F_20260827_0900,2026-08-27 09:00:00
151133335,2026-07-24,2026-07-24 00:43:14,55879,5,2,"2,3",3000.00,5000.00,1,2,RELEASE,0,1,v2026-08-11,111352.7551,96909.4145,12967.7834,544,532,-0.11645678,-0.11948859,-0.11079874,-0.11645678,-12967.7834,111352.7551,OK,0.0000,778.0670,6.0000,94.0000,AG03-UNRESOLVED,ALL5_LEVELS_bet23_to_bet27,778.0670,778.0670,778.0670,1296.7783,3890.3350,6.000000,6.000000,6.000000,10.000000,30.000000,94.000000,94.000000,94.000000,90.000000,70.000000,5.0,7521.3144,6182.1583,5446.4690,6785.625,PENDING_AG03,FALSE,NOT_FOR_ENFORCEMENT,12189.7164,91094.8497,12967.7834,12189.7164,778.0670,0.11645678,0.10946937,778.0670,12189.7164,0.10946937,778.0670,778.0670,778.0670,1296.7783,3890.3350,12189.7164,0.10946937,7521.3144,6182.1583,5446.4690,6785.625,0.04891185,0.0609381,0.00698741,204.6926,182.1606,24.3755,4322.5945,294.7223,37117.5850,177.3333,147.9649,719.4433,86.6326,173.2652,194.5587,431.7044,690.727,1208.7722,86.6326,0.0,3.986531,6.976429,1.181383,16,41,5,3,0.65110931,0.11645678,0.11948859,0E-8,0.000000,0.870292,0.277574,-0.00868985,2026-06-08,2026-07-23,3,44,29,46,0.065217,0.205666,0.722864,2.170364,4,0.8465608465608465,0.6578483245149912,0.6578483245149912,0.7671957671957672,0.7671957671957672,0.28804347826086957,n_rounds>=30,568,185,PERCENT_RANK_OVER_ORDER_BY_e_stake,HF9f,OK,L5_INSUFFICIENT,0.08072794,D 净利最高二十分位 · 优先留存,481,1,A168_HF9F_20260827_0900,2026-08-27 09:00:00
151133335,2026-07-24,2026-07-24 00:48:20,55879,5,"2,3","1,2,3,266",5000.00,7000.00,2,4,RELEASE,0,1,v2026-08-11,111352.7551,96909.4145,12967.7834,544,532,-0.11645678,-0.11948859,-0.11079874,-0.11645678,-12967.7834,111352.7551,OK,0.0000,778.0670,6.0000,94.0000,AG03-UNRESOLVED,ALL5_LEVELS_bet23_to_bet27,778.0670,778.0670,778.0670,1296.7783,3890.3350,6.000000,6.000000,6.000000,10.000000,30.000000,94.000000,94.000000,94.000000,90.000000,70.000000,5.0,7521.3144,6182.1583,5446.4690,6785.625,PENDING_AG03,FALSE,NOT_FOR_ENFORCEMENT,12189.7164,91094.8497,12967.7834,12189.7164,778.0670,0.11645678,0.10946937,778.0670,12189.7164,0.10946937,778.0670,778.0670,778.0670,1296.7783,3890.3350,12189.7164,0.10946937,7521.3144,6182.1583,5446.4690,6785.625,0.04891185,0.0609381,0.00698741,204.6926,182.1606,24.3755,4322.5945,294.7223,37117.5850,177.3333,147.9649,719.4433,86.6326,173.2652,194.5587,431.7044,690.727,1208.7722,86.6326,0.0,3.986531,6.976429,1.181383,16,41,5,3,0.65110931,0.11645678,0.11948859,0E-8,0.000000,0.870292,0.277574,-0.00868985,2026-06-08,2026-07-23,3,44,29,46,0.065217,0.205666,0.722864,2.170364,4,0.8465608465608465,0.6578483245149912,0.6578483245149912,0.7671957671957672,0.7671957671957672,0.28804347826086957,n_rounds>=30,568,185,PERCENT_RANK_OVER_ORDER_BY_e_stake,HF9f,OK,L5_INSUFFICIENT,0.08072794,D 净利最高二十分位 · 优先留存,482,1,A168_HF9F_20260827_0900,2026-08-27 09:00:00
147944953,2026-03-29,2026-03-29 23:43:09,56034,3,"2,3,4","1,2,3,4",10000.00,10000.00,3,4,FLAT,0,1,v2026-08-11,3460690.5476,2942264.7552,41814.2162,9631,3699,-0.01208262,,-0.01208262,-0.01973438,-41814.2162,3460690.5476,OK,26480.3828,2508.8530,6.0000,94.0000,AG03-UNRESOLVED,ALL5_LEVELS_bet23_to_bet27,2508.8530,4181.4216,4181.4216,0.0000,0.0000,6.000000,10.000000,10.000000,0.000000,0.000000,94.000000,90.000000,90.000000,100.000000,100.000000,3.0,10871.6962,9976.872,4462.1372,5356.9614,PENDING_AG03,FALSE,NOT_FOR_ENFORCEMENT,39305.3632,2765728.8698,15333.8334,12824.9804,-23971.5298,0.00443086,0.00370590,2508.8530,12824.9804,0.00370590,2508.8530,4181.4216,4181.4216,0.0000,0.0000,12824.9804,0.00370590,10871.6962,9976.872,4462.1372,5356.9614,0.00128938,0.00154795,-0.00692681,359.3283,795.4217,11.3042,5226.7770,96.5686,432586.3185,462.3750,,359.3283,43.9715,87.943,307.8005,967.3732,1714.8888,4133.3218,43.9715,-43.5758,19.5,47.0,4.085922,29,100,4,8,0E-8,0.01208262,,0.00900000,0.900000,0.850196,0.987229,,2026-03-29,2026-04-05,8,433,148,8,1.000000,,,0.000000,5,0.8500881834215167,0.8253968253968254,0.8253968253968254,0.9241622574955908,0.9241622574955908,0.7663043478260869,n_rounds>=30,568,185,PERCENT_RANK_OVER_ORDER_BY_e_stake,HF9f,OK,L5_INSUFFICIENT,0.03061523,D 净利最高二十分位 · 优先留存,483,1,A168_HF9F_20260827_0900,2026-08-27 09:00:00
123949950,2026-05-02,2026-05-02 00:53:35,50555,5,"4,31","1,2,4,30,31,36",100000.00,200000.00,2,6,RELEASE,0,1,v2026-08-11,446714.8134,392682.7109,16087.0334,503,218,-0.03601186,-0.03225806,-0.03608410,-0.03601186,-16087.0334,446714.8134,OK,0.0000,643.4813,4.0000,96.0000,AG03-UNRESOLVED,ALL5_LEVELS_bet23_to_bet27,643.4813,804.3517,804.3517,804.3517,804.3517,4.000000,5.000000,5.000000,5.000000,5.000000,96.000000,95.000000,95.000000,95.000000,95.000000,5.0,3860.8880,3508.1637,12226.1454,12578.8696,PENDING_AG03,FALSE,NOT_FOR_ENFORCEMENT,15443.5520,376975.4024,16087.0334,15443.5520,643.4813,0.03601186,0.03457139,643.4813,15443.5520,0.03457139,643.4813,804.3517,804.3517,804.3517,804.3517,15443.5520,0.03457139,3860.8880,3508.1637,12226.1454,12578.8696,0.02736902,0.02815861,0.00144047,888.1010,1801.2968,73.7937,554.7253,144.9282,15403.9591,7.5172,1204.9021,883.6300,21.6272,43.6958,2154.4758,2157.5042,2184.7896,4558.458,43.2545,-21.6272,50.000002,104.322592,20.324636,28,64,27,11,0.01888076,0.03601186,0.03225806,0E-8,0.000000,0.879046,0.000000,0.00382604,2026-03-24,2026-08-06,29,111,100,136,0.213235,1.363582,1.356717,0.062936,5,0.8518518518518519,0.7442680776014109,0.7442680776014109,0.8165784832451499,0.8165784832451499,0.43478260869565216,n_rounds>=30,568,185,PERCENT_RANK_OVER_ORDER_BY_e_stake,HF9f,OK,L5_INSUFFICIENT,0.12611055,D 净利最高二十分位 · 优先留存,484,1,A168_HF9F_20260827_0900,2026-08-27 09:00:00
151300946,2026-06-12,2026-06-12 08:48:56,40210,4,"124,59,1,2,3",1,5000.00,1000.00,5,1,TIGHTEN,0,1,v2026-08-11,44157.6087,43478.2609,16117.5272,24,24,-0.36500000,-0.36500000,,-0.36500000,-16117.5272,44157.6087,THIN_EXPOSURE,0.0000,644.7011,4.0000,96.0000,AG03-UNRESOLVED,ALL5_LEVELS_bet23_to_bet27,644.7011,644.7011,644.7011,644.7011,644.7011,4.000000,4.000000,4.000000,4.000000,4.000000,96.000000,96.000000,96.000000,96.000000,96.000000,5.0,3223.5054,2975.7356,12894.0217,13141.7916,PENDING_AG03,FALSE,NOT_FOR_ENFORCEMENT,15472.8261,41739.1304,16117.5272,15472.8261,644.7011,0.36500000,0.35040000,644.7011,15472.8261,0.35040000,644.7011,644.7011,644.7011,644.7011,644.7011,15472.8261,0.35040000,3223.5054,2975.7356,12894.0217,13141.7916,0.29200000,0.29761103,0.01460000,1839.9004,1811.5942,671.5636,16117.5272,2014.6909,44157.6087,24.0000,1839.9004,,679.3478,1358.6957,3396.739,3396.739,3600.543,4076.0869,1358.6957,-679.3478,2.65,3.0,1.354167,7,7,1,2,1.00000000,0.36500000,0.36500000,0E-8,0.000000,0.984615,0.000000,,2026-07-30,2026-07-30,1,8,7,1,1.000000,,1.000000,3.333333,4,0.8536155202821869,0.5802469135802469,0.5802469135802469,0.7372134038800705,0.7372134038800705,,n_rounds>=30,568,185,PERCENT_RANK_OVER_ORDER_BY_e_stake,HF9f,THIN_ROUNDS,L5_INSUFFICIENT,0.38007916,Z 证据不足 · 不动作,485,1,A168_HF9F_20260827_0900,2026-08-27 09:00:00
145836980,2026-04-21,2026-04-21 15:32:39,52928,2,3,4,5000.00,10000.00,1,1,RELEASE,0,1,v2026-08-11,330676.3447,300184.7129,19291.8819,1166,1166,-0.05834068,,-0.05834068,-0.06560300,-19291.8819,330676.3447,OK,2401.4777,1157.5129,6.0000,94.0000,AG03-UNRESOLVED,ALL5_LEVELS_bet23_to_bet27,1157.5129,1929.1882,0.0000,0.0000,0.0000,6.000000,10.000000,0.000000,0.000000,0.000000,94.000000,90.000000,100.000000,100.000000,100.000000,2.0,3086.7011,2970.9498,13803.7031,13919.4544,PENDING_AG03,FALSE,NOT_FOR_ENFORCEMENT,18134.3690,282173.6302,16890.4042,15732.8913,-1243.9648,0.05107836,0.04757792,1157.5129,15732.8913,0.04757792,1157.5129,1929.1882,0.0000,0.0000,0.0000,15732.8913,0.04757792,3086.7011,2970.9498,13803.7031,13919.4544,0.04174385,0.04209389,-0.00376188,283.5989,257.4483,16.5454,350.7615,43.0622,6012.2972,21.2000,,283.5989,170.2707,172.2653,340.8316,352.485,516.7958,1702.7073,172.2653,0.0,3.0,9.884216,1.646292,29,146,73,2,0E-8,0.05834068,,0.00800000,0.800000,0.907790,0.000000,,2026-03-23,2026-06-06,55,448,377,76,0.723684,,,0.000000,5,0.855379188712522,0.7072310405643739,0.7072310405643739,0.8024691358024691,0.8024691358024691,0.3967391304347826,n_rounds>=30,568,185,PERCENT_RANK_OVER_ORDER_BY_e_stake,HF9f,OK,L5_INSUFFICIENT,0.05452936,D 净利最高二十分位 · 优先留存,486,1,A168_HF9F_20260827_0900,2026-08-27 09:00:00
147227204,2026-04-19,2026-04-19 12:49:42,52928,2,3,4,5000.00,10000.00,1,1,RELEASE,0,1,v2026-08-11,59682.8769,51169.3404,17385.3568,8,8,-0.29129556,,-0.29129556,-0.29815439,-17385.3568,59682.8769,THIN_EXPOSURE,409.3547,1043.1214,6.0000,94.0000,AG03-UNRESOLVED,ALL5_LEVELS_bet23_to_bet27,1043.1214,1738.5357,0.0000,0.0000,0.0000,6.000000,10.000000,0.000000,0.000000,0.000000,94.000000,90.000000,100.000000,100.000000,100.000000,2.0,2781.6571,2677.3449,14194.3450,14298.6571,PENDING_AG03,FALSE,NOT_FOR_ENFORCEMENT,16342.2354,48099.1800,16976.0021,15932.8807,633.7667,0.28443673,0.26695899,1043.1214,15932.8807,0.26695899,1043.1214,1738.5357,0.0000,0.0000,0.0000,15932.8807,0.26695899,2781.6571,2677.3449,14194.3450,14298.6571,0.23782944,0.23957721,0.01061890,7460.3596,6396.1675,2173.1696,8692.6784,5795.1189,29841.4385,4.0000,,7460.3596,8513.5361,8513.5361,8513.5361,8513.5361,8513.5361,8513.5361,8513.5361,-4222.7144,1.0,1.0,0.876294,3,3,3,1,0E-8,0.29129556,,0.00800000,0.800000,0.857354,0.000000,,2026-03-23,2026-04-19,2,3,3,28,0.071429,,,0.000000,4,0.8571428571428571,0.5925925925925926,0.5925925925925926,0.7495590828924162,0.7495590828924162,,n_rounds>=30,568,185,PERCENT_RANK_OVER_ORDER_BY_e_stake,HF9f,THIN_ROUNDS,L5_INSUFFICIENT,0.65831641,Z 证据不足 · 不动作,487,1,A168_HF9F_20260827_0900,2026-08-27 09:00:00
144726506,2026-07-28,2026-07-28 00:16:17,40857,2,22,"4,21",30000.00,20000.00,1,2,TIGHTEN,0,1,v2026-08-11,229655.9375,212388.1172,17645.6738,242,228,-0.07683526,-0.07683526,,-0.07683526,-17645.6738,229655.9375,OK,0.0000,1058.7404,6.0000,94.0000,AG03-UNRESOLVED,ALL5_LEVELS_bet23_to_bet27,1058.7404,1058.7404,1058.7404,1058.7404,0.0000,6.000000,6.000000,6.000000,6.000000,0.000000,94.000000,94.000000,94.000000,94.000000,100.000000,4.0,4234.9617,3868.8323,13410.7121,13776.8415,PENDING_AG03,FALSE,NOT_FOR_ENFORCEMENT,16586.9334,199644.8301,17645.6738,16586.9334,1058.7404,0.07683526,0.07222515,1058.7404,16586.9334,0.07222515,1058.7404,1058.7404,1058.7404,1058.7404,0.0000,16586.9334,0.07222515,4234.9617,3868.8323,13410.7121,13776.8415,0.05839480,0.05998905,0.00461012,948.9915,931.5268,77.3933,3529.1348,229.1646,45931.1875,45.6000,948.9915,,430.7374,729.9352,1299.4889,2153.687,2584.4246,3493.0266,678.1254,-168.9336,3.540622,4.785393,1.300104,19,58,8,7,1.00000000,0.07683526,0.07683526,0E-8,0.000000,0.924810,0.000000,,2026-07-27,2026-07-31,5,77,50,5,1.000000,,1.000000,3.333333,4,0.8589065255731922,0.6825396825396826,0.6825396825396826,0.7848324514991182,0.7848324514991182,0.3423913043478261,n_rounds>=30,568,185,PERCENT_RANK_OVER_ORDER_BY_e_stake,HF9f,OK,L5_INSUFFICIENT,0.12331396,D 净利最高二十分位 · 优先留存,488,1,A168_HF9F_20260827_0900,2026-08-27 09:00:00
147824490,2026-03-30,2026-03-30 14:38:18,40210,4,"124,59,1,2,3",1,5000.00,1000.00,5,1,TIGHTEN,0,1,v2026-08-11,55680.9044,46006.3384,17686.0130,51,51,-0.31763157,,-0.31763157,-0.31763157,-17686.0130,55680.9044,OK,0.0000,707.4405,4.0000,96.0000,AG03-UNRESOLVED,ALL5_LEVELS_bet23_to_bet27,707.4405,707.4405,707.4405,707.4405,707.4405,4.000000,4.000000,4.000000,4.000000,4.000000,96.000000,96.000000,96.000000,96.000000,96.000000,5.0,3537.2026,3265.3209,14148.8104,14420.6921,PENDING_AG03,FALSE,NOT_FOR_ENFORCEMENT,16978.5724,44166.0849,17686.0130,16978.5724,707.4405,0.31763157,0.30492631,707.4405,16978.5724,0.30492631,707.4405,707.4405,707.4405,707.4405,707.4405,16978.5724,0.30492631,3537.2026,3265.3209,14148.8104,14420.6921,0.25410525,0.25898811,0.01270526,1091.7824,902.0851,346.7846,2947.6688,1263.2866,9280.1507,8.5000,,1091.7824,344.8276,685.871,685.871,3025.3994,6688.1914,6858.7104,685.871,0.0,9.751383,10.0,1.591819,13,14,3,2,0E-8,0.31763157,,0E-8,0.000000,0.826250,0.000000,,2026-03-26,2026-04-16,6,14,14,22,0.272727,,,0.000000,4,0.8606701940035273,0.5890652557319224,0.5890652557319224,0.746031746031746,0.746031746031746,0.22826086956521738,n_rounds>=30,568,185,PERCENT_RANK_OVER_ORDER_BY_e_stake,HF9f,OK,L5_INSUFFICIENT,0.26073215,D 净利最高二十分位 · 优先留存,489,1,A168_HF9F_20260827_0900,2026-08-27 09:00:00
146615312,2026-07-27,2026-07-27 18:34:48,55879,5,3,"1,2,3",5000.00,5000.00,1,3,FLAT,0,1,v2026-08-11,693612.3053,623136.9371,18144.0424,3939,2633,-0.02615877,-0.79255319,-0.02570860,-0.02615877,-18144.0424,693612.3053,OK,0.0000,1088.6425,6.0000,94.0000,AG03-UNRESOLVED,ALL5_LEVELS_bet23_to_bet27,1088.6425,1088.6425,1088.6425,1814.4042,5443.2127,6.000000,6.000000,6.000000,10.000000,30.000000,94.000000,94.000000,94.000000,90.000000,70.000000,5.0,10523.5446,8649.8471,7620.4978,9494.1953,PENDING_AG03,FALSE,NOT_FOR_ENFORCEMENT,17055.3998,585748.7209,18144.0424,17055.3998,1088.6425,0.02615877,0.02458924,1088.6425,17055.3998,0.02458924,1088.6425,1088.6425,1088.6425,1814.4042,5443.2127,17055.3998,0.02458924,10523.5446,8649.8471,7620.4978,9494.1953,0.01098668,0.01368804,0.00156953,176.0884,236.6642,6.8910,1512.0035,55.3172,57801.0254,219.4167,40.7173,176.4330,43.1704,86.3409,174.581,436.4525,611.0335,1222.067,86.3409,-43.1704,7.07699,14.15398,2.039456,29,115,13,8,0.00058703,0.02615877,0.79255319,0E-8,0.000000,0.898394,0.000000,-0.76684459,2026-03-27,2026-07-27,12,328,162,123,0.097561,0.230781,0.231232,0.001957,5,0.8624338624338624,0.7654320987654321,0.7654320987654321,0.8271604938271605,0.8271604938271605,0.4673913043478261,n_rounds>=30,568,185,PERCENT_RANK_OVER_ORDER_BY_e_stake,HF9f,OK,L5_INSUFFICIENT,0.03628727,D 净利最高二十分位 · 优先留存,490,1,A168_HF9F_20260827_0900,2026-08-27 09:00:00
150566133,2026-05-29,2026-05-29 01:35:14,40210,4,"124,59,1,2,3",1,5000.00,1000.00,5,1,TIGHTEN,0,1,v2026-08-11,956117.7585,872044.8626,19186.4298,1231,1228,-0.02006702,-0.02424660,-0.01271126,-0.02006702,-19186.4298,956117.7585,OK,0.0000,767.4572,4.0000,96.0000,AG03-UNRESOLVED,ALL5_LEVELS_bet23_to_bet27,767.4572,767.4572,767.4572,767.4572,767.4572,4.000000,4.000000,4.000000,4.000000,4.000000,96.000000,96.000000,96.000000,96.000000,96.000000,5.0,3837.2860,3542.3388,15349.1438,15644.091,PENDING_AG03,FALSE,NOT_FOR_ENFORCEMENT,18418.9726,837163.0681,19186.4298,18418.9726,767.4572,0.02006702,0.01926433,767.4572,18418.9726,0.01926433,767.4572,767.4572,767.4572,767.4572,767.4572,18418.9726,0.01926433,3837.2860,3542.3388,15349.1438,15644.091,0.01605361,0.0163621,0.00080268,776.7000,710.1343,15.6241,1199.1519,168.3020,59757.3599,76.7500,1069.6298,524.0980,338.295,676.59,1353.1799,1358.6957,1358.6957,2038.0435,676.59,0.0,2.008152,3.012228,1.147963,19,89,11,3,0.63767142,0.02006702,0.02424660,0E-8,0.000000,0.912068,0.000000,-0.01153534,2026-05-25,2026-08-02,16,114,77,70,0.228571,2.040896,1.377147,2.125571,5,0.8641975308641975,0.7918871252204586,0.7918871252204586,0.8447971781305115,0.8447971781305115,0.5217391304347826,n_rounds>=30,568,185,PERCENT_RANK_OVER_ORDER_BY_e_stake,HF9f,OK,L5_INSUFFICIENT,0.05313498,D 净利最高二十分位 · 优先留存,491,1,A168_HF9F_20260827_0900,2026-08-27 09:00:00
147226827,2026-04-06,2026-04-06 13:23:16,52928,2,3,4,5000.00,10000.00,1,1,RELEASE,0,1,v2026-08-11,3726294.6922,3449084.1001,52693.1576,491,491,-0.01414090,,-0.01414090,-0.02154575,-52693.1576,3726294.6922,OK,27592.6728,3161.5895,6.0000,94.0000,AG03-UNRESOLVED,ALL5_LEVELS_bet23_to_bet27,3161.5895,5269.3158,0.0000,0.0000,0.0000,6.000000,10.000000,0.000000,0.000000,0.000000,94.000000,90.000000,100.000000,100.000000,100.000000,2.0,8430.9052,8114.7463,16669.5795,16985.7385,PENDING_AG03,FALSE,NOT_FOR_ENFORCEMENT,49531.5681,3242139.0541,25100.4848,21938.8953,-24431.0833,0.00673604,0.00588759,3161.5895,21938.8953,0.00588759,3161.5895,5269.3158,0.0000,0.0000,0.0000,21938.8953,0.00588759,8430.9052,8114.7463,16669.5795,16985.7385,0.00447350,0.00455835,-0.00655640,7589.1949,7024.6112,107.3180,5269.3158,212.4724,372629.4692,49.1000,,7589.1949,2643.6377,8812.125,8812.125,17027.0723,17027.0723,17027.0723,7049.7002,0.0,1.932232,1.932232,0.861222,29,100,15,2,0E-8,0.01414090,,0.00800000,0.800000,0.925607,0.000000,,2026-03-22,2026-04-26,10,248,155,36,0.277778,,,0.000000,5,0.8659611992945326,0.8165784832451499,0.8165784832451499,0.9329805996472663,0.9329805996472663,0.7934782608695652,n_rounds>=30,568,185,PERCENT_RANK_OVER_ORDER_BY_e_stake,HF9f,OK,L5_INSUFFICIENT,0.08403088,D 净利最高二十分位 · 优先留存,492,1,A168_HF9F_20260827_0900,2026-08-27 09:00:00
148082225,2026-04-02,2026-04-02 14:44:30,56085,3,,3,,5000.00,0,1,UNKNOWN_NO_DICT,0,1,v2026-08-11,305250.1979,267698.5314,26523.9645,186,186,-0.08689254,,-0.08689254,-0.09478536,-26523.9645,305250.1979,OK,2409.2868,1591.4379,6.0000,94.0000,AG03-UNRESOLVED,ALL5_LEVELS_bet23_to_bet27,1591.4379,1856.6775,1856.6775,0.0000,0.0000,6.000000,7.000000,7.000000,0.000000,0.000000,94.000000,93.000000,93.000000,100.000000,100.000000,3.0,5304.7929,4959.8222,18809.8848,19154.8555,PENDING_AG03,FALSE,NOT_FOR_ENFORCEMENT,24932.5266,251636.6195,24114.6777,22523.2398,-817.8489,0.07899971,0.07378616,1591.4379,22523.2398,0.07378616,1591.4379,1856.6775,1856.6775,0.0000,0.0000,22523.2398,0.07378616,5304.7929,4959.8222,18809.8848,19154.8555,0.06162120,0.06275133,-0.00267927,1641.1301,1439.2394,142.6020,3315.4956,491.1845,38156.2747,23.2500,,1641.1301,1055.3162,1582.9742,1934.7463,2462.4043,2638.2903,4397.1509,1407.0883,0.0,1.666667,2.777778,1.036738,23,44,6,2,0E-8,0.08689254,,0.00900000,0.900000,0.876981,0.946237,,2026-04-02,2026-04-28,8,54,53,27,0.296296,,,0.000000,4,0.8677248677248677,0.6684303350970018,0.6684303350970018,0.7936507936507936,0.7936507936507936,0.3695652173913043,n_rounds>=30,568,185,PERCENT_RANK_OVER_ORDER_BY_e_stake,HF9f,OK,L5_INSUFFICIENT,0.13652846,D 净利最高二十分位 · 优先留存,493,1,A168_HF9F_20260827_0900,2026-08-27 09:00:00
89346699,2026-07-13,2026-07-13 00:21:14,46984,3,"2,3",4,5000.00,10000.00,2,1,RELEASE,0,1,v2026-08-11,1137602.7504,1059734.0369,34182.1897,1654,1265,-0.03004756,-0.03004756,,-0.03843151,-34182.1897,1137602.7504,OK,9537.6063,2050.9314,6.0000,94.0000,AG03-UNRESOLVED,ALL5_LEVELS_bet23_to_bet27,2050.9314,3418.2190,3418.2190,0.0000,0.0000,6.000000,10.000000,10.000000,0.000000,0.000000,94.000000,90.000000,90.000000,100.000000,100.000000,3.0,8887.3693,8155.8705,15757.2141,16488.7129,PENDING_AG03,FALSE,NOT_FOR_ENFORCEMENT,32131.2583,996149.9947,24644.5834,22593.6520,-7486.6749,0.02166361,0.01986076,2050.9314,22593.6520,0.01986076,2050.9314,3418.2190,3418.2190,0.0000,0.0000,22593.6520,0.01986076,8887.3693,8155.8705,15757.2141,16488.7129,0.01385124,0.01449426,-0.00658110,687.7888,837.7344,27.0215,3418.2190,229.4107,113760.2750,126.5000,687.7888,,86.6326,389.8466,866.3259,1550.6547,2596.0662,5197.9556,346.5304,-85.8529,6.659198,13.333334,1.764255,26,75,10,8,1.00000000,0.03004756,0.03004756,0.00900000,0.900000,0.931550,0.000000,,2026-07-27,2026-08-06,10,149,84,11,0.909091,,1.000000,3.333333,5,0.8694885361552028,0.7583774250440917,0.7583774250440917,0.8571428571428571,0.8571428571428571,0.5597826086956522,n_rounds>=30,568,185,PERCENT_RANK_OVER_ORDER_BY_e_stake,HF9f,OK,L5_INSUFFICIENT,0.05235214,D 净利最高二十分位 · 优先留存,494,1,A168_HF9F_20260827_0900,2026-08-27 09:00:00
151336685,2026-06-13,2026-06-13 04:11:42,39623,2,1,"1,3",1000.00,5000.00,1,2,RELEASE,0,1,v2026-08-11,374882.6066,345251.6424,24627.6867,540,537,-0.06569440,,-0.06569440,-0.06569440,-24627.6867,374882.6066,OK,0.0000,1477.6612,6.0000,94.0000,AG03-UNRESOLVED,ALL5_LEVELS_bet23_to_bet27,1477.6612,1477.6612,0.0000,0.0000,0.0000,6.000000,6.000000,0.000000,0.000000,0.000000,94.000000,94.000000,100.000000,100.000000,100.000000,3.0,2955.3224,2866.6627,21672.3643,21761.0239,PENDING_AG03,FALSE,NOT_FOR_ENFORCEMENT,23150.0255,324536.5439,24627.6867,23150.0255,1477.6612,0.06569440,0.06175273,1477.6612,23150.0255,0.06175273,1477.6612,1477.6612,0.0000,0.0000,0.0000,23150.0255,0.06175273,2955.3224,2866.6627,21672.3643,21761.0239,0.05781107,0.05804757,0.00394166,694.2270,642.9267,45.8616,3518.2410,1026.1536,53554.6581,76.7143,,694.2270,172.6817,431.7044,866.3259,1554.1357,2158.5217,3643.5806,431.7044,0.0,5.0,8.43999,1.608108,10,35,5,3,0E-8,0.06569440,,0E-8,0.000000,0.920959,0.000000,,2026-06-12,2026-07-05,7,24,21,24,0.291667,,,0.000000,5,0.8712522045855379,0.689594356261023,0.689594356261023,0.8059964726631393,0.8059964726631393,0.4076086956521739,n_rounds>=30,568,185,PERCENT_RANK_OVER_ORDER_BY_e_stake,HF9f,OK,L5_INSUFFICIENT,0.08035123,D 净利最高二十分位 · 优先留存,495,1,A168_HF9F_20260827_0900,2026-08-27 09:00:00
151336685,2026-06-13,2026-06-13 04:29:26,39623,2,"1,3",3,5000.00,5000.00,2,1,FLAT,0,1,v2026-08-11,374882.6066,345251.6424,24627.6867,540,537,-0.06569440,,-0.06569440,-0.06569440,-24627.6867,374882.6066,OK,0.0000,1477.6612,6.0000,94.0000,AG03-UNRESOLVED,ALL5_LEVELS_bet23_to_bet27,1477.6612,1477.6612,0.0000,0.0000,0.0000,6.000000,6.000000,0.000000,0.000000,0.000000,94.000000,94.000000,100.000000,100.000000,100.000000,3.0,2955.3224,2866.6627,21672.3643,21761.0239,PENDING_AG03,FALSE,NOT_FOR_ENFORCEMENT,23150.0255,324536.5439,24627.6867,23150.0255,1477.6612,0.06569440,0.06175273,1477.6612,23150.0255,0.06175273,1477.6612,1477.6612,0.0000,0.0000,0.0000,23150.0255,0.06175273,2955.3224,2866.6627,21672.3643,21761.0239,0.05781107,0.05804757,0.00394166,694.2270,642.9267,45.8616,3518.2410,1026.1536,53554.6581,76.7143,,694.2270,172.6817,431.7044,866.3259,1554.1357,2158.5217,3643.5806,431.7044,0.0,5.0,8.43999,1.608108,10,35,5,3,0E-8,0.06569440,,0E-8,0.000000,0.920959,0.000000,,2026-06-12,2026-07-05,7,24,21,24,0.291667,,,0.000000,5,0.8712522045855379,0.689594356261023,0.689594356261023,0.8059964726631393,0.8059964726631393,0.4076086956521739,n_rounds>=30,568,185,PERCENT_RANK_OVER_ORDER_BY_e_stake,HF9f,OK,L5_INSUFFICIENT,0.08035123,D 净利最高二十分位 · 优先留存,496,1,A168_HF9F_20260827_0900,2026-08-27 09:00:00
149247566,2026-04-29,2026-04-29 23:43:36,40210,4,"124,59,1,2,3",1,5000.00,1000.00,5,1,TIGHTEN,0,1,v2026-08-11,589341.9501,522260.9557,24756.5923,755,497,-0.04200718,,-0.04200718,-0.04200718,-24756.5923,589341.9501,OK,0.0000,990.2637,4.0000,96.0000,AG03-UNRESOLVED,ALL5_LEVELS_bet23_to_bet27,990.2637,990.2637,990.2637,990.2637,990.2637,4.000000,4.000000,4.000000,4.000000,4.000000,96.000000,96.000000,96.000000,96.000000,96.000000,5.0,4951.3185,4570.7429,19805.2738,20185.8494,PENDING_AG03,FALSE,NOT_FOR_ENFORCEMENT,23766.3286,501370.5175,24756.5923,23766.3286,990.2637,0.04200718,0.04032689,990.2637,23766.3286,0.04032689,990.2637,990.2637,990.2637,990.2637,990.2637,23766.3286,0.04032689,4951.3185,4570.7429,19805.2738,20185.8494,0.03360574,0.03425151,0.00168029,780.5854,1050.8269,49.8121,6189.1481,145.6270,147335.4875,124.2500,,780.5854,225.7182,683.9945,1367.989,1367.989,2051.9836,2701.7866,683.9945,-225.7182,3.0,3.950012,1.141216,28,88,1,4,0E-8,0.04200718,,0E-8,0.000000,0.886176,0.749669,,2026-04-27,2026-05-03,4,170,57,7,0.571429,,,0.000000,5,0.8747795414462081,0.7231040564373897,0.7231040564373897,0.8236331569664903,0.8236331569664903,0.45652173913043476,n_rounds>=30,568,185,PERCENT_RANK_OVER_ORDER_BY_e_stake,HF9f,OK,L5_INSUFFICIENT,0.08352211,D 净利最高二十分位 · 优先留存,497,1,A168_HF9F_20260827_0900,2026-08-27 09:00:00
152752237,2026-07-09,2026-07-09 13:47:52,40210,4,"124,59,1,2,3","2,3",5000.00,5000.00,5,2,FLAT,0,1,v2026-08-11,4680706.5217,4247961.9565,25305.7065,1059,1049,-0.00540639,-0.00540639,,-0.00540639,-25305.7065,4680706.5217,OK,0.0000,1012.2283,4.0000,96.0000,AG03-UNRESOLVED,ALL5_LEVELS_bet23_to_bet27,1012.2283,1012.2283,1012.2283,1012.2283,1012.2283,4.000000,4.000000,4.000000,4.000000,4.000000,96.000000,96.000000,96.000000,96.000000,96.000000,5.0,5061.1413,4672.1243,20244.5652,20633.5822,PENDING_AG03,FALSE,NOT_FOR_ENFORCEMENT,24293.4783,4078043.4783,25305.7065,24293.4783,1012.2283,0.00540639,0.00519013,1012.2283,24293.4783,0.00519013,1012.2283,1012.2283,1012.2283,1012.2283,1012.2283,24293.4783,0.00519013,5061.1413,4672.1243,20244.5652,20633.5822,0.00432511,0.00440822,0.00021626,4419.9306,4049.5348,24.1236,2811.7452,129.1107,520078.5024,116.5556,4419.9306,,3396.739,3396.739,6793.478,6793.478,6793.478,10190.2178,3396.739,0.0,2.0,3.0,1.301228,29,102,20,4,1.00000000,0.00540639,0.00540639,0E-8,0.000000,0.907547,0.016997,,2026-07-08,2026-07-17,9,196,122,10,0.900000,,1.000000,3.333333,5,0.8765432098765432,0.8377425044091711,0.8377425044091711,0.9400352733686067,0.9400352733686067,0.8152173913043478,n_rounds>=30,568,185,PERCENT_RANK_OVER_ORDER_BY_e_stake,HF9f,OK,L5_INSUFFICIENT,0.05748995,D 净利最高二十分位 · 优先留存,498,1,A168_HF9F_20260827_0900,2026-08-27 09:00:00
152752237,2026-07-09,2026-07-09 13:58:05,40210,4,"2,3",2,5000.00,3000.00,2,1,TIGHTEN,0,1,v2026-08-11,4680706.5217,4247961.9565,25305.7065,1059,1049,-0.00540639,-0.00540639,,-0.00540639,-25305.7065,4680706.5217,OK,0.0000,1012.2283,4.0000,96.0000,AG03-UNRESOLVED,ALL5_LEVELS_bet23_to_bet27,1012.2283,1012.2283,1012.2283,1012.2283,1012.2283,4.000000,4.000000,4.000000,4.000000,4.000000,96.000000,96.000000,96.000000,96.000000,96.000000,5.0,5061.1413,4672.1243,20244.5652,20633.5822,PENDING_AG03,FALSE,NOT_FOR_ENFORCEMENT,24293.4783,4078043.4783,25305.7065,24293.4783,1012.2283,0.00540639,0.00519013,1012.2283,24293.4783,0.00519013,1012.2283,1012.2283,1012.2283,1012.2283,1012.2283,24293.4783,0.00519013,5061.1413,4672.1243,20244.5652,20633.5822,0.00432511,0.00440822,0.00021626,4419.9306,4049.5348,24.1236,2811.7452,129.1107,520078.5024,116.5556,4419.9306,,3396.739,3396.739,6793.478,6793.478,6793.478,10190.2178,3396.739,0.0,2.0,3.0,1.301228,29,102,20,4,1.00000000,0.00540639,0.00540639,0E-8,0.000000,0.907547,0.016997,,2026-07-08,2026-07-17,9,196,122,10,0.900000,,1.000000,3.333333,5,0.8765432098765432,0.8377425044091711,0.8377425044091711,0.9400352733686067,0.9400352733686067,0.8152173913043478,n_rounds>=30,568,185,PERCENT_RANK_OVER_ORDER_BY_e_stake,HF9f,OK,L5_INSUFFICIENT,0.05748995,D 净利最高二十分位 · 优先留存,499,1,A168_HF9F_20260827_0900,2026-08-27 09:00:00
153433962,2026-07-25,2026-07-25 18:07:18,40210,4,"124,59,1,2,3",2,5000.00,3000.00,5,1,TIGHTEN,0,1,v2026-08-11,1062500.0000,980978.2609,28532.6087,191,190,-0.02685422,-0.02685422,,-0.02685422,-28532.6087,1062500.0000,OK,0.0000,1141.3043,4.0000,96.0000,AG03-UNRESOLVED,ALL5_LEVELS_bet23_to_bet27,1141.3043,1141.3043,1141.3043,1141.3043,1141.3043,4.000000,4.000000,4.000000,4.000000,4.000000,96.000000,96.000000,96.000000,96.000000,96.000000,5.0,5706.5217,5267.8986,22826.0870,23264.7101,PENDING_AG03,FALSE,NOT_FOR_ENFORCEMENT,27391.3043,941739.1304,28532.6087,27391.3043,1141.3043,0.02685422,0.02578005,1141.3043,27391.3043,0.02578005,1141.3043,1141.3043,1141.3043,1141.3043,1141.3043,27391.3043,0.02578005,5706.5217,5267.8986,22826.0870,23264.7101,0.02148338,0.0218962,0.00107417,5562.8272,5163.0435,150.1716,7133.1522,891.6440,265625.0000,47.5000,5562.8272,,3396.739,6793.478,6793.478,10190.2178,10190.2178,10190.2178,3396.739,0.0,1.5,1.5,0.818848,18,32,3,3,1.00000000,0.02685422,0.02685422,0E-8,0.000000,0.923274,0.000000,,2026-07-25,2026-07-28,4,32,26,4,1.000000,,1.000000,3.333333,5,0.8800705467372134,0.7619047619047619,0.7619047619047619,0.8500881834215167,0.8500881834215167,0.5380434782608695,n_rounds>=30,568,185,PERCENT_RANK_OVER_ORDER_BY_e_stake,HF9f,OK,L5_INSUFFICIENT,0.13508368,D 净利最高二十分位 · 优先留存,500,1,A168_HF9F_20260827_0900,2026-08-27 09:00:00
151133181,2026-07-24,2026-07-24 02:36:42,55879,5,2,"1,2,3",3000.00,5000.00,1,3,RELEASE,0,1,v2026-08-11,303331.7001,282207.6420,31158.5611,2858,927,-0.10272108,-0.10053555,-0.10889687,-0.10272108,-31158.5611,303331.7001,OK,0.0000,1869.5137,6.0000,94.0000,AG03-UNRESOLVED,ALL5_LEVELS_bet23_to_bet27,1869.5137,1869.5137,1869.5137,3115.8561,9347.5683,6.000000,6.000000,6.000000,10.000000,30.000000,94.000000,94.000000,94.000000,90.000000,70.000000,5.0,18071.9654,14854.2856,13086.5957,16304.2754,PENDING_AG03,FALSE,NOT_FOR_ENFORCEMENT,29289.0474,265275.1835,31158.5611,29289.0474,1869.5137,0.10272108,0.09655782,1869.5137,29289.0474,0.09655782,1869.5137,1869.5137,1869.5137,3115.8561,9347.5683,29289.0474,0.09655782,18071.9654,14854.2856,13086.5957,16304.2754,0.04314286,0.05375065,0.00616327,106.1343,304.4311,33.6123,4451.2230,296.7482,43333.1000,132.4286,126.2225,73.2104,43.1704,43.3163,86.6326,259.8978,433.163,866.3259,43.3163,-43.1704,10.0,20.0,2.450215,22,64,7,8,0.73861346,0.10272108,0.10053555,0E-8,0.000000,0.930360,0.000000,0.00836133,2026-06-08,2026-07-26,7,105,57,49,0.142857,1.724107,1.189272,2.462045,4,0.8818342151675485,0.6649029982363316,0.6649029982363316,0.7918871252204586,0.7918871252204586,0.3641304347826087,n_rounds>=30,568,185,PERCENT_RANK_OVER_ORDER_BY_e_stake,HF9f,OK,L5_INSUFFICIENT,0.0611561,D 净利最高二十分位 · 优先留存,501,1,A168_HF9F_20260827_0900,2026-08-27 09:00:00
151880541,2026-06-25,2026-06-25 09:41:36,40210,4,"124,59,1,2,3",1,5000.00,1000.00,5,1,TIGHTEN,0,1,v2026-08-11,478139.5246,457759.0898,31236.2108,110,66,-0.06532865,,-0.06532865,-0.06532865,-31236.2108,478139.5246,OK,0.0000,1249.4484,4.0000,96.0000,AG03-UNRESOLVED,ALL5_LEVELS_bet23_to_bet27,1249.4484,1249.4484,1249.4484,1249.4484,1249.4484,4.000000,4.000000,4.000000,4.000000,4.000000,96.000000,96.000000,96.000000,96.000000,96.000000,5.0,6247.2422,5767.0573,24988.9686,25469.1535,PENDING_AG03,FALSE,NOT_FOR_ENFORCEMENT,29986.7624,439448.7262,31236.2108,29986.7624,1249.4484,0.06532865,0.06271551,1249.4484,29986.7624,0.06271551,1249.4484,1249.4484,1249.4484,1249.4484,1249.4484,29986.7624,0.06271551,6247.2422,5767.0573,24988.9686,25469.1535,0.05226292,0.0532672,0.00261315,4346.7230,6935.7438,473.2759,15618.1054,1419.8278,239069.7623,33.0000,,4346.7230,679.3478,6793.478,6793.478,6793.478,6793.478,6793.478,6793.478,-679.3478,1.0,1.0,0.639838,18,19,7,4,0E-8,0.06532865,,0E-8,0.000000,0.957376,0.000000,,2026-06-29,2026-07-05,2,22,18,7,0.285714,,,0.000000,5,0.8835978835978836,0.6931216931216931,0.6931216931216931,0.818342151675485,0.818342151675485,0.44021739130434784,n_rounds>=30,568,185,PERCENT_RANK_OVER_ORDER_BY_e_stake,HF9f,OK,L5_INSUFFICIENT,0.22919636,D 净利最高二十分位 · 优先留存,502,1,A168_HF9F_20260827_0900,2026-08-27 09:00:00
151880541,2026-07-09,2026-07-09 13:52:44,40210,4,1,2,1000.00,3000.00,1,1,RELEASE,0,1,v2026-08-11,478139.5246,457759.0898,31236.2108,110,66,-0.06532865,,-0.06532865,-0.06532865,-31236.2108,478139.5246,OK,0.0000,1249.4484,4.0000,96.0000,AG03-UNRESOLVED,ALL5_LEVELS_bet23_to_bet27,1249.4484,1249.4484,1249.4484,1249.4484,1249.4484,4.000000,4.000000,4.000000,4.000000,4.000000,96.000000,96.000000,96.000000,96.000000,96.000000,5.0,6247.2422,5767.0573,24988.9686,25469.1535,PENDING_AG03,FALSE,NOT_FOR_ENFORCEMENT,29986.7624,439448.7262,31236.2108,29986.7624,1249.4484,0.06532865,0.06271551,1249.4484,29986.7624,0.06271551,1249.4484,1249.4484,1249.4484,1249.4484,1249.4484,29986.7624,0.06271551,6247.2422,5767.0573,24988.9686,25469.1535,0.05226292,0.0532672,0.00261315,4346.7230,6935.7438,473.2759,15618.1054,1419.8278,239069.7623,33.0000,,4346.7230,679.3478,6793.478,6793.478,6793.478,6793.478,6793.478,6793.478,-679.3478,1.0,1.0,0.639838,18,19,7,4,0E-8,0.06532865,,0E-8,0.000000,0.957376,0.000000,,2026-06-29,2026-07-05,2,22,18,7,0.285714,,,0.000000,5,0.8835978835978836,0.6931216931216931,0.6931216931216931,0.818342151675485,0.818342151675485,0.44021739130434784,n_rounds>=30,568,185,PERCENT_RANK_OVER_ORDER_BY_e_stake,HF9f,OK,L5_INSUFFICIENT,0.22919636,D 净利最高二十分位 · 优先留存,503,1,A168_HF9F_20260827_0900,2026-08-27 09:00:00
150483371,2026-05-29,2026-05-29 01:37:11,40210,4,"124,59,1,2,3",1,5000.00,1000.00,5,1,TIGHTEN,0,1,v2026-08-11,84815.3215,75239.3981,33515.7319,37,37,-0.39516129,,-0.39516129,-0.39516129,-33515.7319,84815.3215,OK,0.0000,1340.6293,4.0000,96.0000,AG03-UNRESOLVED,ALL5_LEVELS_bet23_to_bet27,1340.6293,1340.6293,1340.6293,1340.6293,1340.6293,4.000000,4.000000,4.000000,4.000000,4.000000,96.000000,96.000000,96.000000,96.000000,96.000000,5.0,6703.1464,6187.9192,26812.5855,27327.8127,PENDING_AG03,FALSE,NOT_FOR_ENFORCEMENT,32175.1026,72229.8222,33515.7319,32175.1026,1340.6293,0.39516129,0.37935484,1340.6293,32175.1026,0.37935484,1340.6293,1340.6293,1340.6293,1340.6293,1340.6293,32175.1026,0.37935484,6703.1464,6187.9192,26812.5855,27327.8127,0.31612903,0.32220373,0.01580645,2292.3060,2033.4972,905.8306,16757.8659,5585.9553,42407.6607,18.5000,,2292.3060,683.9945,2051.9836,3419.9727,3419.9727,5642.9473,6839.9453,1367.989,-683.9945,2.749996,3.333333,1.117117,6,8,2,2,0E-8,0.39516129,,0E-8,0.000000,0.887097,0.000000,,2026-05-23,2026-05-28,2,6,6,6,0.333333,,,0.000000,4,0.8871252204585538,0.5731922398589065,0.5731922398589065,0.7583774250440917,0.7583774250440917,0.2608695652173913,n_rounds>=30,568,185,PERCENT_RANK_OVER_ORDER_BY_e_stake,HF9f,OK,L5_INSUFFICIENT,0.30611091,D 净利最高二十分位 · 优先留存,504,1,A168_HF9F_20260827_0900,2026-08-27 09:00:00
148956669,2026-04-21,2026-04-21 18:06:36,55650,5,,"4,21",,20000.00,0,2,UNKNOWN_NO_DICT,0,1,v2026-08-11,2100202.4546,1865966.8988,34928.2500,7824,7691,-0.01663090,-0.03622222,-0.01402029,-0.01663090,-34928.2500,2100202.4546,OK,0.0000,2095.6950,6.0000,94.0000,AG03-UNRESOLVED,ALL5_LEVELS_bet23_to_bet27,2095.6950,2095.6950,2095.6950,2095.6950,0.0000,6.000000,6.000000,6.000000,6.000000,0.000000,94.000000,94.000000,94.000000,94.000000,100.000000,5.0,8382.7800,7658.0551,26545.4700,27270.1949,PENDING_AG03,FALSE,NOT_FOR_ENFORCEMENT,32832.5550,1754008.8848,34928.2500,32832.5550,2095.6950,0.01663090,0.01563304,2095.6950,32832.5550,0.01563304,2095.6950,2095.6950,2095.6950,2095.6950,0.0000,32832.5550,0.01563304,8382.7800,7658.0551,26545.4700,27270.1949,0.01263948,0.01298456,0.00099785,268.4308,242.6169,4.5414,712.8214,10.7903,42861.2746,156.9592,277.7859,267.2315,87.2905,87.943,175.886,439.7151,879.4301,2638.2903,87.943,0.0,9.999999,29.999998,3.052326,29,208,89,6,0.11758471,0.01663090,0.03622222,0E-8,0.000000,0.888470,0.000000,-0.02220193,2026-04-21,2026-08-06,49,3237,1115,108,0.453704,1.039495,1.034851,0.391949,5,0.8888888888888888,0.8077601410934744,0.8077601410934744,0.8994708994708994,0.8994708994708994,0.6902173913043478,n_rounds>=30,568,185,PERCENT_RANK_OVER_ORDER_BY_e_stake,HF9f,OK,L4_CI_3P0,0.02123187,D 净利最高二十分位 · 优先留存,505,1,A168_HF9F_20260827_0900,2026-08-27 09:00:00
148956669,2026-07-24,2026-07-24 14:04:23,55637,4,"4,21",4,20000.00,10000.00,2,1,TIGHTEN,0,1,v2026-08-11,2100202.4546,1865966.8988,34928.2500,7824,7691,-0.01663090,-0.03622222,-0.01402029,-0.01663090,-34928.2500,2100202.4546,OK,0.0000,2095.6950,6.0000,94.0000,AG03-UNRESOLVED,ALL5_LEVELS_bet23_to_bet27,2095.6950,2095.6950,2095.6950,2095.6950,0.0000,6.000000,6.000000,6.000000,6.000000,0.000000,94.000000,94.000000,94.000000,94.000000,100.000000,5.0,8382.7800,7658.0551,26545.4700,27270.1949,PENDING_AG03,FALSE,NOT_FOR_ENFORCEMENT,32832.5550,1754008.8848,34928.2500,32832.5550,2095.6950,0.01663090,0.01563304,2095.6950,32832.5550,0.01563304,2095.6950,2095.6950,2095.6950,2095.6950,0.0000,32832.5550,0.01563304,8382.7800,7658.0551,26545.4700,27270.1949,0.01263948,0.01298456,0.00099785,268.4308,242.6169,4.5414,712.8214,10.7903,42861.2746,156.9592,277.7859,267.2315,87.2905,87.943,175.886,439.7151,879.4301,2638.2903,87.943,0.0,9.999999,29.999998,3.052326,29,208,89,6,0.11758471,0.01663090,0.03622222,0E-8,0.000000,0.888470,0.000000,-0.02220193,2026-04-21,2026-08-06,49,3237,1115,108,0.453704,1.039495,1.034851,0.391949,5,0.8888888888888888,0.8077601410934744,0.8077601410934744,0.8994708994708994,0.8994708994708994,0.6902173913043478,n_rounds>=30,568,185,PERCENT_RANK_OVER_ORDER_BY_e_stake,HF9f,OK,L4_CI_3P0,0.02123187,D 净利最高二十分位 · 优先留存,506,1,A168_HF9F_20260827_0900,2026-08-27 09:00:00
150844456,2026-06-01,2026-06-01 18:48:46,56609,4,"124,59,1,2,3,266,4,21,22,30",3,50000.00,5000.00,10,1,TIGHTEN,0,1,v2026-08-11,438223.1048,394059.7479,35831.4626,282,282,-0.08176534,,-0.08176534,-0.08176534,-35831.4626,438223.1048,OK,0.0000,2149.8878,6.0000,94.0000,AG03-UNRESOLVED,ALL5_LEVELS_bet23_to_bet27,2149.8878,2149.8878,2149.8878,2149.8878,0.0000,6.000000,6.000000,6.000000,6.000000,0.000000,94.000000,94.000000,94.000000,94.000000,100.000000,4.0,8599.5510,7856.0854,27231.9116,27975.3772,PENDING_AG03,FALSE,NOT_FOR_ENFORCEMENT,33681.5749,370416.1630,35831.4626,33681.5749,2149.8878,0.08176534,0.07685942,2149.8878,33681.5749,0.07685942,2149.8878,2149.8878,2149.8878,2149.8878,0.0000,33681.5749,0.07685942,8599.5510,7856.0854,27231.9116,27975.3772,0.06214166,0.06383821,0.00490592,1553.9826,1397.3750,127.0619,11943.8209,242.1045,146074.3683,94.0000,,1553.9826,863.4088,1295.1132,2158.5217,4317.0435,4317.0435,4317.0435,863.4088,0.0,3.333333,3.333333,1.199882,17,83,3,2,0E-8,0.08176534,,0E-8,0.000000,0.899222,0.985816,,2026-06-01,2026-06-03,3,148,42,3,1.000000,,,0.000000,5,0.892416225749559,0.673721340388007,0.673721340388007,0.8148148148148148,0.8148148148148148,0.42934782608695654,n_rounds>=30,568,185,PERCENT_RANK_OVER_ORDER_BY_e_stake,HF9f,OK,L5_INSUFFICIENT,0.11088049,D 净利最高二十分位 · 优先留存,507,1,A168_HF9F_20260827_0900,2026-08-27 09:00:00
150483752,2026-07-07,2026-07-07 11:49:50,26555,3,"59,4","59,30",10000.00,50000.00,2,2,RELEASE,0,1,v2026-08-11,5593100.4699,5089780.9710,38398.9626,9241,9236,-0.00686542,0.06863898,-0.00807349,-0.00686542,-38398.9626,5593100.4699,OK,0.0000,2303.9378,6.0000,94.0000,AG03-UNRESOLVED,ALL5_LEVELS_bet23_to_bet27,2303.9378,2303.9378,3839.8963,0.0000,0.0000,6.000000,6.000000,10.000000,0.000000,0.000000,94.000000,94.000000,90.000000,100.000000,100.000000,3.0,8447.7718,7862.5716,29951.1908,30536.391,PENDING_AG03,FALSE,NOT_FOR_ENFORCEMENT,36095.0248,4784394.1128,38398.9626,36095.0248,2303.9378,0.00686542,0.00645349,2303.9378,36095.0248,0.00645349,2303.9378,2303.9378,3839.8963,0.0000,0.0000,36095.0248,0.00645349,8447.7718,7862.5716,29951.1908,30536.391,0.00535502,0.00545965,0.00041192,605.2484,551.0807,4.1575,799.9784,39.5458,116522.9265,192.4167,51.0614,732.4401,17.4581,86.1475,483.5089,2590.2263,3453.635,5180.4526,51.8045,0.0,40.089796,60.134695,7.025723,29,151,39,3,0.01574813,0.00686542,-0.06863898,0E-8,0.000000,0.910011,0.000108,0.07671247,2026-05-24,2026-08-06,48,971,338,75,0.640000,0.069714,0.084364,0.052494,5,0.8941798941798942,0.8359788359788359,0.8359788359788359,0.9488536155202821,0.9488536155202821,0.842391304347826,n_rounds>=30,568,185,PERCENT_RANK_OVER_ORDER_BY_e_stake,HF9f,OK,L3_CI_2P0,0.01937482,D 净利最高二十分位 · 优先留存,508,1,A168_HF9F_20260827_0900,2026-08-27 09:00:00
153082454,2026-07-16,2026-07-16 20:23:51,40210,4,"124,59,1,2,3",1,5000.00,1000.00,5,1,TIGHTEN,0,1,v2026-08-11,611072.3414,566773.9057,39005.0419,569,554,-0.06383048,-0.06383048,,-0.06383048,-39005.0419,611072.3414,OK,0.0000,1560.2017,4.0000,96.0000,AG03-UNRESOLVED,ALL5_LEVELS_bet23_to_bet27,1560.2017,1560.2017,1560.2017,1560.2017,1560.2017,4.000000,4.000000,4.000000,4.000000,4.000000,96.000000,96.000000,96.000000,96.000000,96.000000,5.0,7801.0084,7201.3957,31204.0335,31803.6462,PENDING_AG03,FALSE,NOT_FOR_ENFORCEMENT,37444.8402,544102.9495,39005.0419,37444.8402,1560.2017,0.06383048,0.06127726,1560.2017,37444.8402,0.06127726,1560.2017,1560.2017,1560.2017,1560.2017,1560.2017,37444.8402,0.06127726,7801.0084,7201.3957,31204.0335,31803.6462,0.05106439,0.05204563,0.00255322,1073.9408,1023.0576,70.4062,2052.8969,122.6574,32161.7022,29.1579,1073.9408,,679.3478,716.2162,1358.6957,1997.0398,2177.3088,3396.739,679.3478,-67.9348,3.040016,4.742617,1.499465,29,119,8,5,1.00000000,0.06383048,0.06383048,0E-8,0.000000,0.927507,0.000000,,2026-07-16,2026-08-04,19,318,219,20,0.950000,,1.000000,3.333333,5,0.8959435626102292,0.7001763668430335,0.7001763668430335,0.8253968253968254,0.8253968253968254,0.46195652173913043,n_rounds>=30,568,185,PERCENT_RANK_OVER_ORDER_BY_e_stake,HF9f,OK,L5_INSUFFICIENT,0.0791088,D 净利最高二十分位 · 优先留存,509,1,A168_HF9F_20260827_0900,2026-08-27 09:00:00
145599624,2026-04-16,2026-04-16 17:10:03,55777,1,4,"640,1,3,4",10000.00,10000.00,1,4,FLAT,0,1,v2026-08-11,1324532.1314,1200406.8029,51913.9699,2028,2021,-0.03919419,,-0.03919419,-0.04735078,-51913.9699,1324532.1314,OK,10803.6612,2595.6985,5.0000,95.0000,AG03-UNRESOLVED,ALL5_LEVELS_bet23_to_bet27,2595.6985,2595.6985,0.0000,0.0000,0.0000,5.000000,5.000000,0.000000,0.000000,0.000000,95.000000,95.000000,100.000000,100.000000,100.000000,2.0,5191.3970,5061.6121,35918.9117,36048.6966,PENDING_AG03,FALSE,NOT_FOR_ENFORCEMENT,49318.2714,1140386.4627,41110.3087,38514.6102,-8207.9627,0.03103761,0.02907790,2595.6985,38514.6102,0.02907790,2595.6985,2595.6985,0.0000,0.0000,0.0000,38514.6102,0.02907790,5191.3970,5061.6121,35918.9117,36048.6966,0.02711819,0.02721617,-0.00619688,653.1224,593.9668,25.6873,5768.2189,175.9796,147170.2368,224.5556,,653.1224,135.318,270.636,683.9945,1513.5048,2462.3804,6251.0098,205.1984,0.0,9.098496,23.097482,2.413287,29,128,11,3,0E-8,0.03919419,,0.00900000,0.900000,0.906287,0.000000,,2026-04-16,2026-06-09,9,295,134,55,0.163636,,,0.000000,5,0.8977072310405644,0.7389770723104057,0.7389770723104057,0.8624338624338624,0.8624338624338624,0.5760869565217391,n_rounds>=30,568,185,PERCENT_RANK_OVER_ORDER_BY_e_stake,HF9f,OK,L5_INSUFFICIENT,0.04141871,D 净利最高二十分位 · 优先留存,510,1,A168_HF9F_20260827_0900,2026-08-27 09:00:00
151133536,2026-06-16,2026-06-16 21:59:20,55879,5,2,"2,3",3000.00,5000.00,1,2,RELEASE,0,1,v2026-08-11,395940.5281,350039.0881,43221.8646,378,264,-0.10916252,-0.07219771,-0.15352563,-0.10916252,-43221.8646,395940.5281,OK,0.0000,2593.3119,6.0000,94.0000,AG03-UNRESOLVED,ALL5_LEVELS_bet23_to_bet27,2593.3119,2593.3119,2593.3119,4322.1865,12966.5594,6.000000,6.000000,6.000000,10.000000,30.000000,94.000000,94.000000,94.000000,90.000000,70.000000,5.0,25068.6815,20605.2494,18153.1831,22616.6152,PENDING_AG03,FALSE,NOT_FOR_ENFORCEMENT,40628.5527,329036.7428,43221.8646,40628.5527,2593.3119,0.10916252,0.10261277,2593.3119,40628.5527,0.10261277,2593.3119,2593.3119,2593.3119,4322.1865,12966.5594,40628.5527,0.10261277,25068.6815,20605.2494,18153.1831,22616.6152,0.04584826,0.05712124,0.00654975,1047.4617,1325.9056,163.7192,21610.9323,847.4875,197970.2640,132.0000,1009.2494,1097.3241,433.163,866.3259,1472.754,2158.5217,2595.4773,3219.2673,561.2157,-259.8978,2.995959,3.716,1.209085,24,38,5,6,0.54548440,0.10916252,0.07219771,0E-8,0.000000,0.884070,0.000000,0.08132792,2026-06-16,2026-07-20,2,51,33,35,0.057143,0.919737,0.963519,1.818281,5,0.8994708994708994,0.6631393298059964,0.6631393298059964,0.8095238095238095,0.8095238095238095,0.41847826086956524,n_rounds>=30,568,185,PERCENT_RANK_OVER_ORDER_BY_e_stake,HF9f,OK,L5_INSUFFICIENT,0.11459818,D 净利最高二十分位 · 优先留存,511,1,A168_HF9F_20260827_0900,2026-08-27 09:00:00
146816570,2026-05-07,2026-05-07 11:04:00,55879,5,4,2,10000.00,3000.00,1,1,TIGHTEN,0,1,v2026-08-11,1825431.4624,1619199.0686,47149.6688,2554,2176,-0.02582933,,-0.02582933,-0.02582933,-47149.6688,1825431.4624,OK,0.0000,2828.9801,6.0000,94.0000,AG03-UNRESOLVED,ALL5_LEVELS_bet23_to_bet27,2828.9801,2828.9801,2828.9801,4714.9669,14144.9006,6.000000,6.000000,6.000000,10.000000,30.000000,94.000000,94.000000,94.000000,90.000000,70.000000,5.0,27346.8079,22477.7597,19802.8609,24671.9091,PENDING_AG03,FALSE,NOT_FOR_ENFORCEMENT,44320.6887,1522047.1244,47149.6688,44320.6887,2828.9801,0.02582933,0.02427957,2828.9801,44320.6887,0.02427957,2828.9801,2828.9801,2828.9801,4714.9669,14144.9006,44320.6887,0.02427957,27346.8079,22477.7597,19802.8609,24671.9091,0.01084832,0.01351566,0.00154976,714.7343,744.1172,21.6680,3626.8976,106.6735,140417.8048,167.3846,,714.7343,172.6817,261.8715,872.905,2618.7151,2618.7151,2618.7151,261.8715,-86.3409,10.0,10.0,2.729332,29,140,16,8,0E-8,0.02582933,,0E-8,0.000000,0.887023,0.000000,,2026-05-07,2026-06-07,13,442,199,32,0.406250,,,0.000000,5,0.9012345679012346,0.7671957671957672,0.7671957671957672,0.892416225749559,0.892416225749559,0.6684782608695652,n_rounds>=30,568,185,PERCENT_RANK_OVER_ORDER_BY_e_stake,HF9f,OK,L5_INSUFFICIENT,0.0399163,D 净利最高二十分位 · 优先留存,512,1,A168_HF9F_20260827_0900,2026-08-27 09:00:00
146816570,2026-06-01,2026-06-01 21:03:43,55879,5,2,"2,3",3000.00,5000.00,1,2,RELEASE,0,1,v2026-08-11,1825431.4624,1619199.0686,47149.6688,2554,2176,-0.02582933,,-0.02582933,-0.02582933,-47149.6688,1825431.4624,OK,0.0000,2828.9801,6.0000,94.0000,AG03-UNRESOLVED,ALL5_LEVELS_bet23_to_bet27,2828.9801,2828.9801,2828.9801,4714.9669,14144.9006,6.000000,6.000000,6.000000,10.000000,30.000000,94.000000,94.000000,94.000000,90.000000,70.000000,5.0,27346.8079,22477.7597,19802.8609,24671.9091,PENDING_AG03,FALSE,NOT_FOR_ENFORCEMENT,44320.6887,1522047.1244,47149.6688,44320.6887,2828.9801,0.02582933,0.02427957,2828.9801,44320.6887,0.02427957,2828.9801,2828.9801,2828.9801,4714.9669,14144.9006,44320.6887,0.02427957,27346.8079,22477.7597,19802.8609,24671.9091,0.01084832,0.01351566,0.00154976,714.7343,744.1172,21.6680,3626.8976,106.6735,140417.8048,167.3846,,714.7343,172.6817,261.8715,872.905,2618.7151,2618.7151,2618.7151,261.8715,-86.3409,10.0,10.0,2.729332,29,140,16,8,0E-8,0.02582933,,0E-8,0.000000,0.887023,0.000000,,2026-05-07,2026-06-07,13,442,199,32,0.406250,,,0.000000,5,0.9012345679012346,0.7671957671957672,0.7671957671957672,0.892416225749559,0.892416225749559,0.6684782608695652,n_rounds>=30,568,185,PERCENT_RANK_OVER_ORDER_BY_e_stake,HF9f,OK,L5_INSUFFICIENT,0.0399163,D 净利最高二十分位 · 优先留存,513,1,A168_HF9F_20260827_0900,2026-08-27 09:00:00
148326856,2026-04-07,2026-04-07 19:46:56,55578,3,2,"1,2",3000.00,3000.00,1,2,FLAT,0,1,v2026-08-11,1569244.9531,1460038.0977,65137.7749,30752,5506,-0.04150899,,-0.04150899,-0.04988266,-65137.7749,1569244.9531,OK,13140.3429,3908.2665,6.0000,94.0000,AG03-UNRESOLVED,ALL5_LEVELS_bet23_to_bet27,3908.2665,6513.7775,6513.7775,0.0000,0.0000,6.000000,10.000000,10.000000,0.000000,0.000000,94.000000,90.000000,90.000000,100.000000,100.000000,3.0,16935.8215,15541.8731,35061.6106,36455.5589,PENDING_AG03,FALSE,NOT_FOR_ENFORCEMENT,61229.5084,1372435.8118,51997.4320,48089.1655,-9232.0764,0.03313532,0.03064478,3908.2665,48089.1655,0.03064478,3908.2665,6513.7775,6513.7775,0.0000,0.0000,48089.1655,0.03064478,16935.8215,15541.8731,35061.6106,36455.5589,0.02234298,0.02323127,-0.00588313,51.0290,265.1722,11.8303,1628.4444,130.2755,39231.1238,137.6500,,51.0290,17.4581,26.1872,34.9162,174.581,261.8715,351.7721,26.1872,-17.4303,10.0,13.433002,1.948629,29,109,25,10,0E-8,0.04150899,,0.00900000,0.900000,0.930408,0.145974,,2026-04-07,2026-06-08,40,500,341,63,0.634921,,,0.000000,5,0.9047619047619048,0.7248677248677249,0.7248677248677249,0.873015873015873,0.873015873015873,0.6086956521739131,n_rounds>=30,568,185,PERCENT_RANK_OVER_ORDER_BY_e_stake,HF9f,OK,L4_CI_3P0,0.02509352,D 净利最高二十分位 · 优先留存,514,1,A168_HF9F_20260827_0900,2026-08-27 09:00:00
148326856,2026-04-07,2026-04-07 19:48:06,55578,3,"1,2",1,3000.00,1000.00,2,1,TIGHTEN,0,1,v2026-08-11,1569244.9531,1460038.0977,65137.7749,30752,5506,-0.04150899,,-0.04150899,-0.04988266,-65137.7749,1569244.9531,OK,13140.3429,3908.2665,6.0000,94.0000,AG03-UNRESOLVED,ALL5_LEVELS_bet23_to_bet27,3908.2665,6513.7775,6513.7775,0.0000,0.0000,6.000000,10.000000,10.000000,0.000000,0.000000,94.000000,90.000000,90.000000,100.000000,100.000000,3.0,16935.8215,15541.8731,35061.6106,36455.5589,PENDING_AG03,FALSE,NOT_FOR_ENFORCEMENT,61229.5084,1372435.8118,51997.4320,48089.1655,-9232.0764,0.03313532,0.03064478,3908.2665,48089.1655,0.03064478,3908.2665,6513.7775,6513.7775,0.0000,0.0000,48089.1655,0.03064478,16935.8215,15541.8731,35061.6106,36455.5589,0.02234298,0.02323127,-0.00588313,51.0290,265.1722,11.8303,1628.4444,130.2755,39231.1238,137.6500,,51.0290,17.4581,26.1872,34.9162,174.581,261.8715,351.7721,26.1872,-17.4303,10.0,13.433002,1.948629,29,109,25,10,0E-8,0.04150899,,0.00900000,0.900000,0.930408,0.145974,,2026-04-07,2026-06-08,40,500,341,63,0.634921,,,0.000000,5,0.9047619047619048,0.7248677248677249,0.7248677248677249,0.873015873015873,0.873015873015873,0.6086956521739131,n_rounds>=30,568,185,PERCENT_RANK_OVER_ORDER_BY_e_stake,HF9f,OK,L4_CI_3P0,0.02509352,D 净利最高二十分位 · 优先留存,515,1,A168_HF9F_20260827_0900,2026-08-27 09:00:00
148326856,2026-05-08,2026-05-08 20:09:06,26505,2,1,"1,3",1000.00,5000.00,1,2,RELEASE,0,1,v2026-08-11,1569244.9531,1460038.0977,65137.7749,30752,5506,-0.04150899,,-0.04150899,-0.04988266,-65137.7749,1569244.9531,OK,13140.3429,3908.2665,6.0000,94.0000,AG03-UNRESOLVED,ALL5_LEVELS_bet23_to_bet27,3908.2665,6513.7775,6513.7775,0.0000,0.0000,6.000000,10.000000,10.000000,0.000000,0.000000,94.000000,90.000000,90.000000,100.000000,100.000000,3.0,16935.8215,15541.8731,35061.6106,36455.5589,PENDING_AG03,FALSE,NOT_FOR_ENFORCEMENT,61229.5084,1372435.8118,51997.4320,48089.1655,-9232.0764,0.03313532,0.03064478,3908.2665,48089.1655,0.03064478,3908.2665,6513.7775,6513.7775,0.0000,0.0000,48089.1655,0.03064478,16935.8215,15541.8731,35061.6106,36455.5589,0.02234298,0.02323127,-0.00588313,51.0290,265.1722,11.8303,1628.4444,130.2755,39231.1238,137.6500,,51.0290,17.4581,26.1872,34.9162,174.581,261.8715,351.7721,26.1872,-17.4303,10.0,13.433002,1.948629,29,109,25,10,0E-8,0.04150899,,0.00900000,0.900000,0.930408,0.145974,,2026-04-07,2026-06-08,40,500,341,63,0.634921,,,0.000000,5,0.9047619047619048,0.7248677248677249,0.7248677248677249,0.873015873015873,0.873015873015873,0.6086956521739131,n_rounds>=30,568,185,PERCENT_RANK_OVER_ORDER_BY_e_stake,HF9f,OK,L4_CI_3P0,0.02509352,D 净利最高二十分位 · 优先留存,516,1,A168_HF9F_20260827_0900,2026-08-27 09:00:00
148326856,2026-05-08,2026-05-08 20:24:41,26505,2,"1,3",3,5000.00,5000.00,2,1,FLAT,0,1,v2026-08-11,1569244.9531,1460038.0977,65137.7749,30752,5506,-0.04150899,,-0.04150899,-0.04988266,-65137.7749,1569244.9531,OK,13140.3429,3908.2665,6.0000,94.0000,AG03-UNRESOLVED,ALL5_LEVELS_bet23_to_bet27,3908.2665,6513.7775,6513.7775,0.0000,0.0000,6.000000,10.000000,10.000000,0.000000,0.000000,94.000000,90.000000,90.000000,100.000000,100.000000,3.0,16935.8215,15541.8731,35061.6106,36455.5589,PENDING_AG03,FALSE,NOT_FOR_ENFORCEMENT,61229.5084,1372435.8118,51997.4320,48089.1655,-9232.0764,0.03313532,0.03064478,3908.2665,48089.1655,0.03064478,3908.2665,6513.7775,6513.7775,0.0000,0.0000,48089.1655,0.03064478,16935.8215,15541.8731,35061.6106,36455.5589,0.02234298,0.02323127,-0.00588313,51.0290,265.1722,11.8303,1628.4444,130.2755,39231.1238,137.6500,,51.0290,17.4581,26.1872,34.9162,174.581,261.8715,351.7721,26.1872,-17.4303,10.0,13.433002,1.948629,29,109,25,10,0E-8,0.04150899,,0.00900000,0.900000,0.930408,0.145974,,2026-04-07,2026-06-08,40,500,341,63,0.634921,,,0.000000,5,0.9047619047619048,0.7248677248677249,0.7248677248677249,0.873015873015873,0.873015873015873,0.6086956521739131,n_rounds>=30,568,185,PERCENT_RANK_OVER_ORDER_BY_e_stake,HF9f,OK,L4_CI_3P0,0.02509352,D 净利最高二十分位 · 优先留存,517,1,A168_HF9F_20260827_0900,2026-08-27 09:00:00
148326856,2026-05-08,2026-05-08 22:32:55,26505,2,3,"1,2,3",5000.00,5000.00,1,3,FLAT,0,1,v2026-08-11,1569244.9531,1460038.0977,65137.7749,30752,5506,-0.04150899,,-0.04150899,-0.04988266,-65137.7749,1569244.9531,OK,13140.3429,3908.2665,6.0000,94.0000,AG03-UNRESOLVED,ALL5_LEVELS_bet23_to_bet27,3908.2665,6513.7775,6513.7775,0.0000,0.0000,6.000000,10.000000,10.000000,0.000000,0.000000,94.000000,90.000000,90.000000,100.000000,100.000000,3.0,16935.8215,15541.8731,35061.6106,36455.5589,PENDING_AG03,FALSE,NOT_FOR_ENFORCEMENT,61229.5084,1372435.8118,51997.4320,48089.1655,-9232.0764,0.03313532,0.03064478,3908.2665,48089.1655,0.03064478,3908.2665,6513.7775,6513.7775,0.0000,0.0000,48089.1655,0.03064478,16935.8215,15541.8731,35061.6106,36455.5589,0.02234298,0.02323127,-0.00588313,51.0290,265.1722,11.8303,1628.4444,130.2755,39231.1238,137.6500,,51.0290,17.4581,26.1872,34.9162,174.581,261.8715,351.7721,26.1872,-17.4303,10.0,13.433002,1.948629,29,109,25,10,0E-8,0.04150899,,0.00900000,0.900000,0.930408,0.145974,,2026-04-07,2026-06-08,40,500,341,63,0.634921,,,0.000000,5,0.9047619047619048,0.7248677248677249,0.7248677248677249,0.873015873015873,0.873015873015873,0.6086956521739131,n_rounds>=30,568,185,PERCENT_RANK_OVER_ORDER_BY_e_stake,HF9f,OK,L4_CI_3P0,0.02509352,D 净利最高二十分位 · 优先留存,518,1,A168_HF9F_20260827_0900,2026-08-27 09:00:00
148326856,2026-05-08,2026-05-08 22:35:29,26505,2,"1,2,3",2,5000.00,3000.00,3,1,TIGHTEN,0,1,v2026-08-11,1569244.9531,1460038.0977,65137.7749,30752,5506,-0.04150899,,-0.04150899,-0.04988266,-65137.7749,1569244.9531,OK,13140.3429,3908.2665,6.0000,94.0000,AG03-UNRESOLVED,ALL5_LEVELS_bet23_to_bet27,3908.2665,6513.7775,6513.7775,0.0000,0.0000,6.000000,10.000000,10.000000,0.000000,0.000000,94.000000,90.000000,90.000000,100.000000,100.000000,3.0,16935.8215,15541.8731,35061.6106,36455.5589,PENDING_AG03,FALSE,NOT_FOR_ENFORCEMENT,61229.5084,1372435.8118,51997.4320,48089.1655,-9232.0764,0.03313532,0.03064478,3908.2665,48089.1655,0.03064478,3908.2665,6513.7775,6513.7775,0.0000,0.0000,48089.1655,0.03064478,16935.8215,15541.8731,35061.6106,36455.5589,0.02234298,0.02323127,-0.00588313,51.0290,265.1722,11.8303,1628.4444,130.2755,39231.1238,137.6500,,51.0290,17.4581,26.1872,34.9162,174.581,261.8715,351.7721,26.1872,-17.4303,10.0,13.433002,1.948629,29,109,25,10,0E-8,0.04150899,,0.00900000,0.900000,0.930408,0.145974,,2026-04-07,2026-06-08,40,500,341,63,0.634921,,,0.000000,5,0.9047619047619048,0.7248677248677249,0.7248677248677249,0.873015873015873,0.873015873015873,0.6086956521739131,n_rounds>=30,568,185,PERCENT_RANK_OVER_ORDER_BY_e_stake,HF9f,OK,L4_CI_3P0,0.02509352,D 净利最高二十分位 · 优先留存,519,1,A168_HF9F_20260827_0900,2026-08-27 09:00:00
152615314,2026-07-06,2026-07-06 04:14:19,40210,4,"124,59,1,2,3",1,5000.00,1000.00,5,1,TIGHTEN,0,1,v2026-08-11,290835.5978,263118.2065,54354.6196,432,335,-0.18689122,,-0.18689122,-0.18689122,-54354.6196,290835.5978,OK,0.0000,2174.1848,4.0000,96.0000,AG03-UNRESOLVED,ALL5_LEVELS_bet23_to_bet27,2174.1848,2174.1848,2174.1848,2174.1848,2174.1848,4.000000,4.000000,4.000000,4.000000,4.000000,96.000000,96.000000,96.000000,96.000000,96.000000,5.0,10870.9239,10035.3468,43483.6957,44319.2728,PENDING_AG03,FALSE,NOT_FOR_ENFORCEMENT,52180.4348,252593.4783,54354.6196,52180.4348,2174.1848,0.18689122,0.17941557,2174.1848,52180.4348,0.17941557,2174.1848,2174.1848,2174.1848,2174.1848,2174.1848,52180.4348,0.17941557,10870.9239,10035.3468,43483.6957,44319.2728,0.14951298,0.152386,0.00747565,673.2306,785.4275,162.2526,18118.2065,1358.8655,96945.1993,111.6667,,673.2306,135.8696,339.6739,679.3478,1358.6957,3396.739,3396.739,339.6739,-67.9348,9.999999,9.999999,1.981991,18,32,1,8,0E-8,0.18689122,,0E-8,0.000000,0.904697,0.000000,,2026-07-05,2026-07-07,3,40,28,3,1.000000,,,0.000000,4,0.9153439153439153,0.6190476190476191,0.6190476190476191,0.7865961199294532,0.7865961199294532,0.34782608695652173,n_rounds>=30,568,185,PERCENT_RANK_OVER_ORDER_BY_e_stake,HF9f,OK,L5_INSUFFICIENT,0.10173193,D 净利最高二十分位 · 优先留存,520,1,A168_HF9F_20260827_0900,2026-08-27 09:00:00
125894801,2026-04-11,2026-04-11 08:53:25,46984,3,2,1,3000.00,1000.00,1,1,TIGHTEN,0,1,v2026-08-11,5462872.9732,4984246.1879,103586.7411,11381,6871,-0.01896195,-0.00020255,-0.04318736,-0.02717342,-103586.7411,5462872.9732,OK,44858.2157,6215.2045,6.0000,94.0000,AG03-UNRESOLVED,ALL5_LEVELS_bet23_to_bet27,6215.2045,10358.6741,10358.6741,0.0000,0.0000,6.000000,10.000000,10.000000,0.000000,0.000000,94.000000,90.000000,90.000000,100.000000,100.000000,3.0,26932.5527,24715.7964,31795.9727,34012.7289,PENDING_AG03,FALSE,NOT_FOR_ENFORCEMENT,97371.5366,4685191.4166,58728.5254,52513.3209,-38643.0112,0.01075048,0.00961277,6215.2045,52513.3209,0.00961277,6215.2045,10358.6741,10358.6741,0.0000,0.0000,52513.3209,0.00961277,26932.5527,24715.7964,31795.9727,34012.7289,0.00582038,0.00622616,-0.00707375,479.9994,725.4033,15.0759,5451.9337,35.3418,287519.6302,361.6316,467.3299,497.4136,87.2905,259.8978,523.743,1231.2021,1813.1583,2598.9778,218.2263,-85.3722,6.976429,10.0,1.846878,29,192,18,7,0.56358067,0.01896195,0.00020255,0.00900000,0.900000,0.912386,0.038310,0.04298481,2026-04-10,2026-08-06,19,2931,524,119,0.159664,0.939520,0.973605,1.878602,5,0.9171075837742504,0.7971781305114638,0.7971781305114638,0.9453262786596119,0.9453262786596119,0.8315217391304348,n_rounds>=30,568,185,PERCENT_RANK_OVER_ORDER_BY_e_stake,HF9f,OK,L4_CI_3P0,0.0224631,D 净利最高二十分位 · 优先留存,521,1,A168_HF9F_20260827_0900,2026-08-27 09:00:00
125894801,2026-04-11,2026-04-11 15:30:46,46984,3,1,2,1000.00,3000.00,1,1,RELEASE,0,1,v2026-08-11,5462872.9732,4984246.1879,103586.7411,11381,6871,-0.01896195,-0.00020255,-0.04318736,-0.02717342,-103586.7411,5462872.9732,OK,44858.2157,6215.2045,6.0000,94.0000,AG03-UNRESOLVED,ALL5_LEVELS_bet23_to_bet27,6215.2045,10358.6741,10358.6741,0.0000,0.0000,6.000000,10.000000,10.000000,0.000000,0.000000,94.000000,90.000000,90.000000,100.000000,100.000000,3.0,26932.5527,24715.7964,31795.9727,34012.7289,PENDING_AG03,FALSE,NOT_FOR_ENFORCEMENT,97371.5366,4685191.4166,58728.5254,52513.3209,-38643.0112,0.01075048,0.00961277,6215.2045,52513.3209,0.00961277,6215.2045,10358.6741,10358.6741,0.0000,0.0000,52513.3209,0.00961277,26932.5527,24715.7964,31795.9727,34012.7289,0.00582038,0.00622616,-0.00707375,479.9994,725.4033,15.0759,5451.9337,35.3418,287519.6302,361.6316,467.3299,497.4136,87.2905,259.8978,523.743,1231.2021,1813.1583,2598.9778,218.2263,-85.3722,6.976429,10.0,1.846878,29,192,18,7,0.56358067,0.01896195,0.00020255,0.00900000,0.900000,0.912386,0.038310,0.04298481,2026-04-10,2026-08-06,19,2931,524,119,0.159664,0.939520,0.973605,1.878602,5,0.9171075837742504,0.7971781305114638,0.7971781305114638,0.9453262786596119,0.9453262786596119,0.8315217391304348,n_rounds>=30,568,185,PERCENT_RANK_OVER_ORDER_BY_e_stake,HF9f,OK,L4_CI_3P0,0.0224631,D 净利最高二十分位 · 优先留存,522,1,A168_HF9F_20260827_0900,2026-08-27 09:00:00
153387907,2026-07-24,2026-07-24 11:58:56,40210,4,"124,59,1,2,3",2,5000.00,3000.00,5,1,TIGHTEN,0,1,v2026-08-11,1153063.2344,1075720.2556,54925.1616,210,210,-0.04763413,-0.04763413,,-0.04763413,-54925.1616,1153063.2344,OK,0.0000,2197.0065,4.0000,96.0000,AG03-UNRESOLVED,ALL5_LEVELS_bet23_to_bet27,2197.0065,2197.0065,2197.0065,2197.0065,2197.0065,4.000000,4.000000,4.000000,4.000000,4.000000,96.000000,96.000000,96.000000,96.000000,96.000000,5.0,10985.0323,10140.6844,43940.1293,44784.4772,PENDING_AG03,FALSE,NOT_FOR_ENFORCEMENT,52728.1551,1032691.4454,54925.1616,52728.1551,2197.0065,0.04763413,0.04572876,2197.0065,52728.1551,0.04572876,2197.0065,2197.0065,2197.0065,2197.0065,2197.0065,52728.1551,0.04572876,10985.0323,10140.6844,43940.1293,44784.4772,0.03810730,0.03883957,0.00190537,5490.7773,5122.4774,261.5484,9154.1936,1961.6129,192177.2057,35.0000,5490.7773,,3396.739,3396.739,6793.478,10135.1348,10190.2178,13586.9561,3396.739,0.0,3.0,4.0,1.616485,16,24,4,3,1.00000000,0.04763413,0.04763413,0E-8,0.000000,0.932924,0.085714,,2026-07-23,2026-08-06,6,28,24,15,0.400000,,1.000000,3.333333,5,0.9206349206349206,0.7195767195767195,0.7195767195767195,0.8589065255731922,0.8589065255731922,0.5652173913043478,n_rounds>=30,568,185,PERCENT_RANK_OVER_ORDER_BY_e_stake,HF9f,OK,L5_INSUFFICIENT,0.12849021,D 净利最高二十分位 · 优先留存,523,1,A168_HF9F_20260827_0900,2026-08-27 09:00:00
149621646,2026-06-11,2026-06-11 22:19:32,49421,4,4,"4,21",10000.00,20000.00,1,2,RELEASE,0,1,v2026-08-11,7887193.5719,7116094.5473,125514.6467,11940,9791,-0.01591373,-0.02785996,-0.01499590,-0.02403383,-125514.6467,7887193.5719,OK,64044.8509,7530.8788,6.0000,94.0000,AG03-UNRESOLVED,ALL5_LEVELS_bet23_to_bet27,7530.8788,7530.8788,12551.4647,12551.4647,0.0000,6.000000,6.000000,10.000000,10.000000,0.000000,94.000000,94.000000,90.000000,90.000000,100.000000,4.0,40164.6869,35681.8058,21305.1088,25787.99,PENDING_AG03,FALSE,NOT_FOR_ENFORCEMENT,117983.7679,6689128.8745,61469.7958,53938.9170,-56513.9721,0.00779362,0.00683880,7530.8788,53938.9170,0.00683880,7530.8788,7530.8788,12551.4647,12551.4647,0.0000,53938.9170,0.00683880,40164.6869,35681.8058,21305.1088,25787.99,0.00270123,0.0032696,-0.00716528,660.5690,726.7996,12.8194,3218.3243,76.1618,202235.7326,251.0513,197.3822,805.8595,86.6326,174.581,621.6543,1669.1793,2618.7151,8729.0498,138.6122,-21.4632,15.0,49.999996,3.783739,29,191,21,8,0.07134816,0.01591373,0.02785996,0.00900000,0.900000,0.902234,0.000084,-0.01286406,2026-05-06,2026-07-30,39,1648,738,86,0.453488,0.244934,0.298806,0.237827,5,0.9223985890652557,0.8112874779541446,0.8112874779541446,0.9682539682539683,0.9682539682539683,0.9021739130434783,n_rounds>=30,568,185,PERCENT_RANK_OVER_ORDER_BY_e_stake,HF9f,OK,L3_CI_2P0,0.01881768,D 净利最高二十分位 · 优先留存,524,1,A168_HF9F_20260827_0900,2026-08-27 09:00:00
149621646,2026-06-30,2026-06-30 23:08:03,49421,4,"4,21","1,4,21",20000.00,20000.00,2,3,FLAT,0,1,v2026-08-11,7887193.5719,7116094.5473,125514.6467,11940,9791,-0.01591373,-0.02785996,-0.01499590,-0.02403383,-125514.6467,7887193.5719,OK,64044.8509,7530.8788,6.0000,94.0000,AG03-UNRESOLVED,ALL5_LEVELS_bet23_to_bet27,7530.8788,7530.8788,12551.4647,12551.4647,0.0000,6.000000,6.000000,10.000000,10.000000,0.000000,94.000000,94.000000,90.000000,90.000000,100.000000,4.0,40164.6869,35681.8058,21305.1088,25787.99,PENDING_AG03,FALSE,NOT_FOR_ENFORCEMENT,117983.7679,6689128.8745,61469.7958,53938.9170,-56513.9721,0.00779362,0.00683880,7530.8788,53938.9170,0.00683880,7530.8788,7530.8788,12551.4647,12551.4647,0.0000,53938.9170,0.00683880,40164.6869,35681.8058,21305.1088,25787.99,0.00270123,0.0032696,-0.00716528,660.5690,726.7996,12.8194,3218.3243,76.1618,202235.7326,251.0513,197.3822,805.8595,86.6326,174.581,621.6543,1669.1793,2618.7151,8729.0498,138.6122,-21.4632,15.0,49.999996,3.783739,29,191,21,8,0.07134816,0.01591373,0.02785996,0.00900000,0.900000,0.902234,0.000084,-0.01286406,2026-05-06,2026-07-30,39,1648,738,86,0.453488,0.244934,0.298806,0.237827,5,0.9223985890652557,0.8112874779541446,0.8112874779541446,0.9682539682539683,0.9682539682539683,0.9021739130434783,n_rounds>=30,568,185,PERCENT_RANK_OVER_ORDER_BY_e_stake,HF9f,OK,L3_CI_2P0,0.01881768,D 净利最高二十分位 · 优先留存,525,1,A168_HF9F_20260827_0900,2026-08-27 09:00:00
146490447,2026-05-28,2026-05-28 23:07:39,55879,5,4,3,10000.00,5000.00,1,1,TIGHTEN,0,1,v2026-08-11,1758734.6650,1610870.2299,64531.2008,1328,1326,-0.03669183,,-0.03669183,-0.03669183,-64531.2008,1758734.6650,OK,0.0000,3871.8720,6.0000,94.0000,AG03-UNRESOLVED,ALL5_LEVELS_bet23_to_bet27,3871.8720,3871.8720,3871.8720,6453.1201,19359.3602,6.000000,6.000000,6.000000,10.000000,30.000000,94.000000,94.000000,94.000000,90.000000,70.000000,5.0,37428.0965,30764.0936,27103.1043,33767.1072,PENDING_AG03,FALSE,NOT_FOR_ENFORCEMENT,60659.3288,1514218.0161,64531.2008,60659.3288,3871.8720,0.03669183,0.03449032,3871.8720,60659.3288,0.03449032,3871.8720,3871.8720,3871.8720,6453.1201,19359.3602,60659.3288,0.03449032,37428.0965,30764.0936,27103.1043,33767.1072,0.01541057,0.01919966,0.00220151,1324.3484,1214.8343,48.6661,6453.1201,91.0172,175873.4665,132.6000,,1324.3484,863.4088,1726.8175,1745.8101,1745.8101,1985.8401,2618.7151,1726.8175,0.0,1.15,1.516498,0.76693,29,145,25,4,0E-8,0.03669183,,0E-8,0.000000,0.915926,0.064759,,2026-05-04,2026-06-08,10,709,236,36,0.277778,,,0.000000,5,0.9259259259259259,0.7425044091710759,0.7425044091710759,0.8853615520282186,0.8853615520282186,0.6467391304347826,n_rounds>=30,568,185,PERCENT_RANK_OVER_ORDER_BY_e_stake,HF9f,OK,L5_INSUFFICIENT,0.05113378,D 净利最高二十分位 · 优先留存,526,1,A168_HF9F_20260827_0900,2026-08-27 09:00:00
152259158,2026-06-30,2026-06-30 13:27:15,40210,4,"124,59,1,2,3",1,5000.00,1000.00,5,1,TIGHTEN,0,1,v2026-08-11,5823369.5652,5332201.0870,63926.6304,1277,1250,-0.01097760,-0.03811935,-0.00362834,-0.01097760,-63926.6304,5823369.5652,OK,0.0000,2557.0652,4.0000,96.0000,AG03-UNRESOLVED,ALL5_LEVELS_bet23_to_bet27,2557.0652,2557.0652,2557.0652,2557.0652,2557.0652,4.000000,4.000000,4.000000,4.000000,4.000000,96.000000,96.000000,96.000000,96.000000,96.000000,5.0,12785.3261,11802.6013,51141.3043,52124.0291,PENDING_AG03,FALSE,NOT_FOR_ENFORCEMENT,61369.5652,5118913.0435,63926.6304,61369.5652,2557.0652,0.01097760,0.01053850,2557.0652,61369.5652,0.01053850,2557.0652,2557.0652,2557.0652,2557.0652,2557.0652,61369.5652,0.01053850,12785.3261,11802.6013,51141.3043,52124.0291,0.00878208,0.00895084,0.00043910,4560.1954,4265.7609,51.1413,5811.5119,250.6927,529397.2332,113.6364,3977.0154,4748.7469,3396.739,3396.739,6793.478,6793.478,6793.478,6793.478,3396.739,0.0,2.0,2.0,1.342522,29,118,23,4,0.21307746,0.01097760,0.03811935,0E-8,0.000000,0.915656,0.024276,-0.03449101,2026-06-30,2026-07-18,11,255,143,19,0.578947,0.837487,0.872115,0.710258,5,0.927689594356261,0.8271604938271605,0.8271604938271605,0.9506172839506173,0.9506172839506173,0.8478260869565217,n_rounds>=30,568,185,PERCENT_RANK_OVER_ORDER_BY_e_stake,HF9f,OK,L5_INSUFFICIENT,0.05266531,D 净利最高二十分位 · 优先留存,527,1,A168_HF9F_20260827_0900,2026-08-27 09:00:00
152259158,2026-07-09,2026-07-09 13:55:45,40210,4,1,2,1000.00,3000.00,1,1,RELEASE,0,1,v2026-08-11,5823369.5652,5332201.0870,63926.6304,1277,1250,-0.01097760,-0.03811935,-0.00362834,-0.01097760,-63926.6304,5823369.5652,OK,0.0000,2557.0652,4.0000,96.0000,AG03-UNRESOLVED,ALL5_LEVELS_bet23_to_bet27,2557.0652,2557.0652,2557.0652,2557.0652,2557.0652,4.000000,4.000000,4.000000,4.000000,4.000000,96.000000,96.000000,96.000000,96.000000,96.000000,5.0,12785.3261,11802.6013,51141.3043,52124.0291,PENDING_AG03,FALSE,NOT_FOR_ENFORCEMENT,61369.5652,5118913.0435,63926.6304,61369.5652,2557.0652,0.01097760,0.01053850,2557.0652,61369.5652,0.01053850,2557.0652,2557.0652,2557.0652,2557.0652,2557.0652,61369.5652,0.01053850,12785.3261,11802.6013,51141.3043,52124.0291,0.00878208,0.00895084,0.00043910,4560.1954,4265.7609,51.1413,5811.5119,250.6927,529397.2332,113.6364,3977.0154,4748.7469,3396.739,3396.739,6793.478,6793.478,6793.478,6793.478,3396.739,0.0,2.0,2.0,1.342522,29,118,23,4,0.21307746,0.01097760,0.03811935,0E-8,0.000000,0.915656,0.024276,-0.03449101,2026-06-30,2026-07-18,11,255,143,19,0.578947,0.837487,0.872115,0.710258,5,0.927689594356261,0.8271604938271605,0.8271604938271605,0.9506172839506173,0.9506172839506173,0.8478260869565217,n_rounds>=30,568,185,PERCENT_RANK_OVER_ORDER_BY_e_stake,HF9f,OK,L5_INSUFFICIENT,0.05266531,D 净利最高二十分位 · 优先留存,528,1,A168_HF9F_20260827_0900,2026-08-27 09:00:00
151787637,2026-06-20,2026-06-20 14:11:08,40210,4,"124,59,1,2,3",1,5000.00,1000.00,5,1,TIGHTEN,0,1,v2026-08-11,177388.3627,154181.3261,67658.9986,103,98,-0.38141735,,-0.38141735,-0.38141735,-67658.9986,177388.3627,OK,0.0000,2706.3599,4.0000,96.0000,AG03-UNRESOLVED,ALL5_LEVELS_bet23_to_bet27,2706.3599,2706.3599,2706.3599,2706.3599,2706.3599,4.000000,4.000000,4.000000,4.000000,4.000000,96.000000,96.000000,96.000000,96.000000,96.000000,5.0,13531.7997,12491.6984,54127.1989,55167.3002,PENDING_AG03,FALSE,NOT_FOR_ENFORCEMENT,64952.6387,148014.0731,67658.9986,64952.6387,2706.3599,0.38141735,0.36616065,2706.3599,64952.6387,0.36616065,2706.3599,2706.3599,2706.3599,2706.3599,2706.3599,64952.6387,0.36616065,13531.7997,12491.6984,54127.1989,55167.3002,0.30513388,0.31099729,0.01525669,1722.2171,1573.2788,690.3979,67658.9986,8457.3748,177388.3627,98.0000,,1722.2171,676.59,676.59,2706.3599,4059.54,4059.54,6765.8999,676.59,-135.318,6.0,10.0,2.545437,6,7,1,6,0E-8,0.38141735,,0E-8,0.000000,0.869174,0.000000,,2026-06-20,2026-06-20,1,8,6,1,1.000000,,,0.000000,4,0.9312169312169312,0.5767195767195767,0.5767195767195767,0.7760141093474426,0.7760141093474426,0.31521739130434784,n_rounds>=30,568,185,PERCENT_RANK_OVER_ORDER_BY_e_stake,HF9f,OK,L5_INSUFFICIENT,0.1880904,D 净利最高二十分位 · 优先留存,529,1,A168_HF9F_20260827_0900,2026-08-27 09:00:00
152354240,2026-07-02,2026-07-02 05:22:38,40210,4,"124,59,1,2,3",2,5000.00,3000.00,5,1,TIGHTEN,0,1,v2026-08-11,1166474.1848,1084544.8370,67934.7826,222,222,-0.05823942,,-0.05823942,-0.05823942,-67934.7826,1166474.1848,OK,0.0000,2717.3913,4.0000,96.0000,AG03-UNRESOLVED,ALL5_LEVELS_bet23_to_bet27,2717.3913,2717.3913,2717.3913,2717.3913,2717.3913,4.000000,4.000000,4.000000,4.000000,4.000000,96.000000,96.000000,96.000000,96.000000,96.000000,5.0,13586.9565,12542.6157,54347.8261,55392.167,PENDING_AG03,FALSE,NOT_FOR_ENFORCEMENT,65217.3913,1041163.0435,67934.7826,65217.3913,2717.3913,0.05823942,0.05590985,2717.3913,65217.3913,0.05590985,2717.3913,2717.3913,2717.3913,2717.3913,2717.3913,65217.3913,0.05590985,13586.9565,12542.6157,54347.8261,55392.167,0.04659154,0.04748683,0.00232958,5254.3882,4885.3371,306.0125,33967.3913,1235.1779,583237.0924,111.0000,,5254.3882,3396.739,5434.7827,6793.478,6793.478,10190.2178,13586.9561,4076.0869,-1358.6957,1.875,2.5,0.966807,23,42,1,2,0E-8,0.05823942,,0E-8,0.000000,0.929763,0.806306,,2026-07-01,2026-07-02,2,55,25,2,1.000000,,,0.000000,5,0.9329805996472663,0.708994708994709,0.708994708994709,0.8606701940035273,0.8606701940035273,0.5706521739130435,n_rounds>=30,568,185,PERCENT_RANK_OVER_ORDER_BY_e_stake,HF9f,OK,L5_INSUFFICIENT,0.12496926,D 净利最高二十分位 · 优先留存,530,1,A168_HF9F_20260827_0900,2026-08-27 09:00:00
152925351,2026-07-13,2026-07-13 19:35:53,40210,4,"124,59,1,2,3",2,5000.00,3000.00,5,1,TIGHTEN,0,1,v2026-08-11,1001494.5652,827921.1957,68902.8533,425,322,-0.06880003,-0.06880003,,-0.06880003,-68902.8533,1001494.5652,OK,0.0000,2756.1141,4.0000,96.0000,AG03-UNRESOLVED,ALL5_LEVELS_bet23_to_bet27,2756.1141,2756.1141,2756.1141,2756.1141,2756.1141,4.000000,4.000000,4.000000,4.000000,4.000000,96.000000,96.000000,96.000000,96.000000,96.000000,5.0,13780.5707,12721.3479,55122.2826,56181.5053,PENDING_AG03,FALSE,NOT_FOR_ENFORCEMENT,66146.7391,794804.3478,68902.8533,66146.7391,2756.1141,0.06880003,0.06604803,2756.1141,66146.7391,0.06604803,2756.1141,2756.1141,2756.1141,2756.1141,2756.1141,66146.7391,0.06604803,13780.5707,12721.3479,55122.2826,56181.5053,0.05504002,0.05609766,0.00275200,2356.4578,2571.1838,213.9840,22967.6178,1148.3809,333831.5217,107.3333,2356.4578,,679.3478,2717.3914,3396.739,3396.739,4755.4346,6793.478,1358.6957,-339.6739,1.75,2.5,0.867176,21,48,5,6,1.00000000,0.06880003,0.06880003,0E-8,0.000000,0.826686,0.000000,,2026-07-12,2026-07-18,3,60,38,7,0.428571,,1.000000,3.333333,5,0.9347442680776014,0.6878306878306878,0.6878306878306878,0.8483245149911817,0.8483245149911817,0.532608695652174,n_rounds>=30,568,185,PERCENT_RANK_OVER_ORDER_BY_e_stake,HF9f,OK,L5_INSUFFICIENT,0.1037652,D 净利最高二十分位 · 优先留存,531,1,A168_HF9F_20260827_0900,2026-08-27 09:00:00
153426384,2026-07-25,2026-07-25 18:06:38,40210,4,"124,59,1,2,3",2,5000.00,3000.00,5,1,TIGHTEN,0,1,v2026-08-11,930554.1275,839044.1392,74318.3571,163,162,-0.07986463,-0.07986463,,-0.07986463,-74318.3571,930554.1275,OK,0.0000,2972.7343,4.0000,96.0000,AG03-UNRESOLVED,ALL5_LEVELS_bet23_to_bet27,2972.7343,2972.7343,2972.7343,2972.7343,2972.7343,4.000000,4.000000,4.000000,4.000000,4.000000,96.000000,96.000000,96.000000,96.000000,96.000000,5.0,14863.6714,13721.1978,59454.6857,60597.1593,PENDING_AG03,FALSE,NOT_FOR_ENFORCEMENT,71345.6228,805482.3737,74318.3571,71345.6228,2972.7343,0.07986463,0.07667004,2972.7343,71345.6228,0.07667004,2972.7343,2972.7343,2972.7343,2972.7343,2972.7343,71345.6228,0.07667004,14863.6714,13721.1978,59454.6857,60597.1593,0.06389170,0.06511944,0.00319459,5708.9210,5179.2848,458.7553,14863.6714,2752.5317,186110.8255,32.4000,5708.9210,,3396.739,6756.7568,6793.478,10135.1348,10135.1348,13081.4688,6756.7568,0.0,1.5,1.936057,0.84492,15,25,5,3,1.00000000,0.07986463,0.07986463,0E-8,0.000000,0.901661,0.000000,,2026-07-24,2026-08-06,5,27,25,14,0.357143,,1.000000,3.333333,5,0.9365079365079365,0.6807760141093474,0.6807760141093474,0.8430335097001763,0.8430335097001763,0.5163043478260869,n_rounds>=30,568,185,PERCENT_RANK_OVER_ORDER_BY_e_stake,HF9f,OK,L5_INSUFFICIENT,0.14629254,D 净利最高二十分位 · 优先留存,532,1,A168_HF9F_20260827_0900,2026-08-27 09:00:00
152011204,2026-06-25,2026-06-25 09:39:13,40210,4,"124,59,1,2,3",1,5000.00,1000.00,5,1,TIGHTEN,0,1,v2026-08-11,2483761.8403,2209742.8958,77976.9959,554,351,-0.03139472,,-0.03139472,-0.03139472,-77976.9959,2483761.8403,OK,0.0000,3119.0798,4.0000,96.0000,AG03-UNRESOLVED,ALL5_LEVELS_bet23_to_bet27,3119.0798,3119.0798,3119.0798,3119.0798,3119.0798,4.000000,4.000000,4.000000,4.000000,4.000000,96.000000,96.000000,96.000000,96.000000,96.000000,5.0,15595.3992,14396.6824,62381.5968,63580.3135,PENDING_AG03,FALSE,NOT_FOR_ENFORCEMENT,74857.9161,2121353.1800,77976.9959,74857.9161,3119.0798,0.03139472,0.03013893,3119.0798,74857.9161,0.03013893,3119.0798,3119.0798,3119.0798,3119.0798,3119.0798,74857.9161,0.03013893,15595.3992,14396.6824,62381.5968,63580.3135,0.02511577,0.02559839,0.00125579,4483.3246,6295.5638,222.1567,25992.3320,803.8866,827920.6134,117.0000,,4483.3246,676.59,6765.8999,6765.8999,6765.8999,6765.8999,6765.8999,6765.8999,-676.59,1.0,1.0,0.662635,29,63,17,5,0E-8,0.03139472,,0E-8,0.000000,0.889676,0.000000,,2026-06-27,2026-06-29,3,97,56,3,1.000000,,,0.000000,5,0.9382716049382716,0.7548500881834215,0.7548500881834215,0.9135802469135802,0.9135802469135802,0.7336956521739131,n_rounds>=30,568,185,PERCENT_RANK_OVER_ORDER_BY_e_stake,HF9f,OK,L5_INSUFFICIENT,0.09938621,D 净利最高二十分位 · 优先留存,533,1,A168_HF9F_20260827_0900,2026-08-27 09:00:00
152011204,2026-07-09,2026-07-09 13:54:49,40210,4,1,2,1000.00,3000.00,1,1,RELEASE,0,1,v2026-08-11,2483761.8403,2209742.8958,77976.9959,554,351,-0.03139472,,-0.03139472,-0.03139472,-77976.9959,2483761.8403,OK,0.0000,3119.0798,4.0000,96.0000,AG03-UNRESOLVED,ALL5_LEVELS_bet23_to_bet27,3119.0798,3119.0798,3119.0798,3119.0798,3119.0798,4.000000,4.000000,4.000000,4.000000,4.000000,96.000000,96.000000,96.000000,96.000000,96.000000,5.0,15595.3992,14396.6824,62381.5968,63580.3135,PENDING_AG03,FALSE,NOT_FOR_ENFORCEMENT,74857.9161,2121353.1800,77976.9959,74857.9161,3119.0798,0.03139472,0.03013893,3119.0798,74857.9161,0.03013893,3119.0798,3119.0798,3119.0798,3119.0798,3119.0798,74857.9161,0.03013893,15595.3992,14396.6824,62381.5968,63580.3135,0.02511577,0.02559839,0.00125579,4483.3246,6295.5638,222.1567,25992.3320,803.8866,827920.6134,117.0000,,4483.3246,676.59,6765.8999,6765.8999,6765.8999,6765.8999,6765.8999,6765.8999,-676.59,1.0,1.0,0.662635,29,63,17,5,0E-8,0.03139472,,0E-8,0.000000,0.889676,0.000000,,2026-06-27,2026-06-29,3,97,56,3,1.000000,,,0.000000,5,0.9382716049382716,0.7548500881834215,0.7548500881834215,0.9135802469135802,0.9135802469135802,0.7336956521739131,n_rounds>=30,568,185,PERCENT_RANK_OVER_ORDER_BY_e_stake,HF9f,OK,L5_INSUFFICIENT,0.09938621,D 净利最高二十分位 · 优先留存,534,1,A168_HF9F_20260827_0900,2026-08-27 09:00:00
150696125,2026-05-31,2026-05-31 14:21:58,40210,4,"124,59,1,2,3",1,5000.00,1000.00,5,1,TIGHTEN,0,1,v2026-08-11,1846548.6795,1692828.2861,80446.5046,1952,1578,-0.04356587,0.07431567,-0.05733156,-0.04356587,-80446.5046,1846548.6795,OK,0.0000,3217.8602,4.0000,96.0000,AG03-UNRESOLVED,ALL5_LEVELS_bet23_to_bet27,3217.8602,3217.8602,3217.8602,3217.8602,3217.8602,4.000000,4.000000,4.000000,4.000000,4.000000,96.000000,96.000000,96.000000,96.000000,96.000000,5.0,16089.3009,14852.6211,64357.2037,65593.8835,PENDING_AG03,FALSE,NOT_FOR_ENFORCEMENT,77228.6445,1625115.1546,80446.5046,77228.6445,3217.8602,0.04356587,0.04182324,3217.8602,77228.6445,0.04182324,3217.8602,3217.8602,3217.8602,3217.8602,3217.8602,77228.6445,0.04182324,16089.3009,14852.6211,64357.2037,65593.8835,0.03485270,0.03552242,0.00174263,945.9778,1072.7682,50.9800,4469.2503,638.4643,102586.0377,87.6667,540.8522,1036.6548,136.7989,338.295,683.9945,2706.3599,4702.3086,6765.8999,273.5978,-67.659,13.900025,20.000001,2.79631,19,87,3,6,0.10456493,0.04356587,-0.07431567,0E-8,0.000000,0.916753,0.000000,0.13164723,2026-05-28,2026-07-19,18,126,74,53,0.339623,0.521728,0.571739,0.348550,5,0.9417989417989417,0.7213403880070547,0.7213403880070547,0.8959435626102292,0.8959435626102292,0.6793478260869565,n_rounds>=30,568,185,PERCENT_RANK_OVER_ORDER_BY_e_stake,HF9f,OK,L5_INSUFFICIENT,0.04687337,D 净利最高二十分位 · 优先留存,535,1,A168_HF9F_20260827_0900,2026-08-27 09:00:00
150056450,2026-05-18,2026-05-18 21:54:02,40210,4,"124,59,1,2,3",1,5000.00,1000.00,5,1,TIGHTEN,0,1,v2026-08-11,709781.1218,666005.4720,84880.3010,101,101,-0.11958659,,-0.11958659,-0.11958659,-84880.3010,709781.1218,OK,0.0000,3395.2120,4.0000,96.0000,AG03-UNRESOLVED,ALL5_LEVELS_bet23_to_bet27,3395.2120,3395.2120,3395.2120,3395.2120,3395.2120,4.000000,4.000000,4.000000,4.000000,4.000000,96.000000,96.000000,96.000000,96.000000,96.000000,5.0,16976.0602,15671.221,67904.2408,69209.08,PENDING_AG03,FALSE,NOT_FOR_ENFORCEMENT,81485.0889,639365.2531,84880.3010,81485.0889,3395.2120,0.11958659,0.11480312,3395.2120,81485.0889,0.11480312,3395.2120,3395.2120,3395.2120,3395.2120,3395.2120,81485.0889,0.11480312,16976.0602,15671.221,67904.2408,69209.08,0.09566927,0.09750764,0.00478346,7027.5359,6594.1136,840.3990,42440.1505,4715.5723,354890.5609,50.5000,,7027.5359,6087.5513,6839.9453,6839.9453,10259.918,13679.8906,18775.6426,6839.9453,-3419.9727,2.0,2.744999,1.027426,14,16,2,2,0E-8,0.11958659,,0E-8,0.000000,0.938325,0.000000,,2026-05-15,2026-05-16,2,18,18,2,1.000000,,,0.000000,5,0.9435626102292769,0.6437389770723104,0.6437389770723104,0.8306878306878307,0.8306878306878307,0.4782608695652174,n_rounds>=30,568,185,PERCENT_RANK_OVER_ORDER_BY_e_stake,HF9f,OK,L5_INSUFFICIENT,0.18527592,D 净利最高二十分位 · 优先留存,536,1,A168_HF9F_20260827_0900,2026-08-27 09:00:00
150867869,2026-07-25,2026-07-25 14:14:34,55879,5,3,"2,3,4",5000.00,10000.00,1,3,RELEASE,0,1,v2026-08-11,6693757.2555,6034555.1416,91608.8972,8263,8207,-0.01368572,-0.01368572,,-0.01368572,-91608.8972,6693757.2555,OK,0.0000,5496.5338,6.0000,94.0000,AG03-UNRESOLVED,ALL5_LEVELS_bet23_to_bet27,5496.5338,5496.5338,5496.5338,9160.8897,27482.6692,6.000000,6.000000,6.000000,10.000000,30.000000,94.000000,94.000000,94.000000,90.000000,70.000000,5.0,53133.1604,43672.9001,38475.7368,47935.9971,PENDING_AG03,FALSE,NOT_FOR_ENFORCEMENT,86112.3633,5672481.8331,91608.8972,86112.3633,5496.5338,0.01368572,0.01286458,5496.5338,86112.3633,0.01286458,5496.5338,5496.5338,5496.5338,9160.8897,27482.6692,86112.3633,0.01286458,53133.1604,43672.9001,38475.7368,47935.9971,0.00574800,0.0071613,0.00082114,810.0880,735.2937,11.1623,91608.8972,151.6704,6693757.2555,8207.0000,810.0880,,346.5304,866.3259,866.3259,1732.6519,2598.9778,3465.3037,433.163,0.0,3.0,4.0,0.935085,29,107,4,5,1.00000000,0.01368572,0.01368572,0E-8,0.000000,0.901520,0.000000,,2026-07-25,2026-07-25,1,604,29,1,1.000000,,1.000000,3.333333,5,0.9453262786596119,0.818342151675485,0.818342151675485,0.9629629629629629,0.9629629629629629,0.8858695652173914,n_rounds>=30,568,185,PERCENT_RANK_OVER_ORDER_BY_e_stake,HF9f,OK,L4_CI_3P0,0.02055358,D 净利最高二十分位 · 优先留存,537,1,A168_HF9F_20260827_0900,2026-08-27 09:00:00
151912516,2026-06-25,2026-06-25 09:42:19,40210,4,"124,59,1,2,3",1,5000.00,1000.00,5,1,TIGHTEN,0,1,v2026-08-11,1427013.0483,1230409.6219,92381.6473,871,685,-0.06473777,-0.11318270,-0.05312059,-0.06473777,-92381.6473,1427013.0483,OK,0.0000,3695.2659,4.0000,96.0000,AG03-UNRESOLVED,ALL5_LEVELS_bet23_to_bet27,3695.2659,3695.2659,3695.2659,3695.2659,3695.2659,4.000000,4.000000,4.000000,4.000000,4.000000,96.000000,96.000000,96.000000,96.000000,96.000000,5.0,18476.3295,17056.1743,73905.3179,75325.473,PENDING_AG03,FALSE,NOT_FOR_ENFORCEMENT,88686.3814,1181193.2370,92381.6473,88686.3814,3695.2659,0.06473777,0.06214826,3695.2659,88686.3814,0.06214826,3695.2659,3695.2659,3695.2659,3695.2659,3695.2659,88686.3814,0.06214826,18476.3295,17056.1743,73905.3179,75325.473,0.05179022,0.05278541,0.00258951,1638.3617,1796.2184,134.8637,8398.3316,689.4153,129728.4589,62.2727,1086.6623,1865.4794,679.3478,1019.0217,3382.95,3396.739,4059.54,6765.8999,679.3478,-338.295,3.983762,6.639603,1.607779,29,86,16,8,0.19341955,0.06473777,0.11318270,0E-8,0.000000,0.862227,0.022962,-0.06006212,2026-06-29,2026-07-10,11,134,105,12,0.916667,0.582511,0.663262,0.644732,5,0.9470899470899471,0.6966490299823633,0.6966490299823633,0.8641975308641975,0.8641975308641975,0.5815217391304348,n_rounds>=30,568,185,PERCENT_RANK_OVER_ORDER_BY_e_stake,HF9f,OK,L5_INSUFFICIENT,0.07114336,D 净利最高二十分位 · 优先留存,538,1,A168_HF9F_20260827_0900,2026-08-27 09:00:00
151912516,2026-07-09,2026-07-09 13:53:03,40210,4,1,2,1000.00,3000.00,1,1,RELEASE,0,1,v2026-08-11,1427013.0483,1230409.6219,92381.6473,871,685,-0.06473777,-0.11318270,-0.05312059,-0.06473777,-92381.6473,1427013.0483,OK,0.0000,3695.2659,4.0000,96.0000,AG03-UNRESOLVED,ALL5_LEVELS_bet23_to_bet27,3695.2659,3695.2659,3695.2659,3695.2659,3695.2659,4.000000,4.000000,4.000000,4.000000,4.000000,96.000000,96.000000,96.000000,96.000000,96.000000,5.0,18476.3295,17056.1743,73905.3179,75325.473,PENDING_AG03,FALSE,NOT_FOR_ENFORCEMENT,88686.3814,1181193.2370,92381.6473,88686.3814,3695.2659,0.06473777,0.06214826,3695.2659,88686.3814,0.06214826,3695.2659,3695.2659,3695.2659,3695.2659,3695.2659,88686.3814,0.06214826,18476.3295,17056.1743,73905.3179,75325.473,0.05179022,0.05278541,0.00258951,1638.3617,1796.2184,134.8637,8398.3316,689.4153,129728.4589,62.2727,1086.6623,1865.4794,679.3478,1019.0217,3382.95,3396.739,4059.54,6765.8999,679.3478,-338.295,3.983762,6.639603,1.607779,29,86,16,8,0.19341955,0.06473777,0.11318270,0E-8,0.000000,0.862227,0.022962,-0.06006212,2026-06-29,2026-07-10,11,134,105,12,0.916667,0.582511,0.663262,0.644732,5,0.9470899470899471,0.6966490299823633,0.6966490299823633,0.8641975308641975,0.8641975308641975,0.5815217391304348,n_rounds>=30,568,185,PERCENT_RANK_OVER_ORDER_BY_e_stake,HF9f,OK,L5_INSUFFICIENT,0.07114336,D 净利最高二十分位 · 优先留存,539,1,A168_HF9F_20260827_0900,2026-08-27 09:00:00
146554769,2026-03-24,2026-03-24 02:53:43,55879,5,3,"2,3",5000.00,5000.00,1,2,FLAT,0,1,v2026-08-11,7333412.5658,6605633.2799,112417.7334,21406,20476,-0.01532953,0.17506143,-0.01830415,-0.01532953,-112417.7334,7333412.5658,OK,0.0000,6745.0640,6.0000,94.0000,AG03-UNRESOLVED,ALL5_LEVELS_bet23_to_bet27,6745.0640,6745.0640,6745.0640,11241.7733,33725.3200,6.000000,6.000000,6.000000,10.000000,30.000000,94.000000,94.000000,94.000000,90.000000,70.000000,5.0,65202.2854,53593.1399,47215.4480,58824.5935,PENDING_AG03,FALSE,NOT_FOR_ENFORCEMENT,105672.6694,6209295.2831,112417.7334,105672.6694,6745.0640,0.01532953,0.01440975,6745.0640,105672.6694,0.01440975,6745.0640,6745.0640,6745.0640,11241.7733,33725.3200,105672.6694,0.01440975,65202.2854,53593.1399,47215.4480,58824.5935,0.00643840,0.00802145,0.00091977,342.5868,322.6037,5.4902,10219.7939,62.6981,666673.8696,1861.4545,304.8999,343.2496,175.3309,262.9964,438.3273,876.6547,876.6547,1314.9821,262.9964,0.0,3.333333,5.0,1.302629,30,158,14,8,0.01538342,0.01532953,-0.17506143,0E-8,0.000000,0.900758,0.000000,0.19336558,2026-03-23,2026-07-12,11,1793,209,112,0.098214,0.888274,0.889993,0.051278,5,0.9506172839506173,0.8148148148148148,0.8148148148148148,0.9647266313932981,0.9647266313932981,0.8913043478260869,n_rounds>=30,568,185,PERCENT_RANK_OVER_ORDER_BY_e_stake,HF9f,OK,L2_CI_1P5,0.01301239,D 净利最高二十分位 · 优先留存,540,1,A168_HF9F_20260827_0900,2026-08-27 09:00:00
131392103,2026-06-16,2026-06-16 16:12:34,46984,3,3,4,5000.00,10000.00,1,1,RELEASE,0,1,v2026-08-11,7832485.4081,7053548.5477,183601.0872,13243,9491,-0.02344097,,-0.02344097,-0.03154593,-183601.0872,7832485.4081,OK,63481.9369,11016.0652,6.0000,94.0000,AG03-UNRESOLVED,ALL5_LEVELS_bet23_to_bet27,11016.0652,18360.1087,18360.1087,0.0000,0.0000,6.000000,10.000000,10.000000,0.000000,0.000000,94.000000,90.000000,90.000000,100.000000,100.000000,3.0,47736.2827,43807.2194,72382.8676,76311.9309,PENDING_AG03,FALSE,NOT_FOR_ENFORCEMENT,172585.0220,6630335.6348,120119.1503,109103.0851,-52465.8717,0.01533602,0.01392956,11016.0652,109103.0851,0.01392956,11016.0652,18360.1087,18360.1087,0.0000,0.0000,109103.0851,0.01392956,47736.2827,43807.2194,72382.8676,76311.9309,0.00924137,0.009743,-0.00669850,591.4434,743.1829,19.3448,5400.0320,209.5903,230367.2179,279.1471,,591.4434,86.3409,277.4304,863.4088,1381.454,2590.2263,4317.0435,172.6817,-43.2524,9.336492,15.560818,2.131863,29,172,23,8,0E-8,0.02344097,,0.00900000,0.900000,0.900550,0.000000,,2026-05-25,2026-06-28,34,876,426,35,0.971429,,,0.000000,5,0.9523809523809523,0.783068783068783,0.783068783068783,0.9664902998236331,0.9664902998236331,0.8967391304347826,n_rounds>=30,568,185,PERCENT_RANK_OVER_ORDER_BY_e_stake,HF9f,OK,L3_CI_2P0,0.01911277,D 净利最高二十分位 · 优先留存,541,1,A168_HF9F_20260827_0900,2026-08-27 09:00:00
151582132,2026-06-16,2026-06-16 23:45:17,40210,4,"124,59,1,2,3",1,5000.00,1000.00,5,1,TIGHTEN,0,1,v2026-08-11,3461434.3708,3134573.7483,116228.0108,5346,4402,-0.03357799,,-0.03357799,-0.03357799,-116228.0108,3461434.3708,OK,0.0000,4649.1204,4.0000,96.0000,AG03-UNRESOLVED,ALL5_LEVELS_bet23_to_bet27,4649.1204,4649.1204,4649.1204,4649.1204,4649.1204,4.000000,4.000000,4.000000,4.000000,4.000000,96.000000,96.000000,96.000000,96.000000,96.000000,5.0,23245.6022,21458.8641,92982.4087,94769.1467,PENDING_AG03,FALSE,NOT_FOR_ENFORCEMENT,111578.8904,3009190.7984,116228.0108,111578.8904,4649.1204,0.03357799,0.03223487,4649.1204,111578.8904,0.03223487,4649.1204,4649.1204,4649.1204,4649.1204,4649.1204,111578.8904,0.03223487,23245.6022,21458.8641,92982.4087,94769.1467,0.02686239,0.02737858,0.00134312,647.4812,712.0795,26.4035,8940.6162,83.9798,266264.1824,338.6154,,647.4812,202.977,405.954,1014.885,1353.1799,2029.77,2706.3599,338.295,-67.659,5.0,6.666667,1.594962,29,164,9,8,0E-8,0.03357799,,0E-8,0.000000,0.905571,0.000000,,2026-06-16,2026-06-29,13,1384,317,14,0.928571,,,0.000000,5,0.9541446208112875,0.7513227513227513,0.7513227513227513,0.9259259259259259,0.9259259259259259,0.7717391304347826,n_rounds>=30,568,185,PERCENT_RANK_OVER_ORDER_BY_e_stake,HF9f,OK,L4_CI_3P0,0.02806433,D 净利最高二十分位 · 优先留存,542,1,A168_HF9F_20260827_0900,2026-08-27 09:00:00
151582132,2026-07-09,2026-07-09 13:51:49,40210,4,1,2,1000.00,3000.00,1,1,RELEASE,0,1,v2026-08-11,3461434.3708,3134573.7483,116228.0108,5346,4402,-0.03357799,,-0.03357799,-0.03357799,-116228.0108,3461434.3708,OK,0.0000,4649.1204,4.0000,96.0000,AG03-UNRESOLVED,ALL5_LEVELS_bet23_to_bet27,4649.1204,4649.1204,4649.1204,4649.1204,4649.1204,4.000000,4.000000,4.000000,4.000000,4.000000,96.000000,96.000000,96.000000,96.000000,96.000000,5.0,23245.6022,21458.8641,92982.4087,94769.1467,PENDING_AG03,FALSE,NOT_FOR_ENFORCEMENT,111578.8904,3009190.7984,116228.0108,111578.8904,4649.1204,0.03357799,0.03223487,4649.1204,111578.8904,0.03223487,4649.1204,4649.1204,4649.1204,4649.1204,4649.1204,111578.8904,0.03223487,23245.6022,21458.8641,92982.4087,94769.1467,0.02686239,0.02737858,0.00134312,647.4812,712.0795,26.4035,8940.6162,83.9798,266264.1824,338.6154,,647.4812,202.977,405.954,1014.885,1353.1799,2029.77,2706.3599,338.295,-67.659,5.0,6.666667,1.594962,29,164,9,8,0E-8,0.03357799,,0E-8,0.000000,0.905571,0.000000,,2026-06-16,2026-06-29,13,1384,317,14,0.928571,,,0.000000,5,0.9541446208112875,0.7513227513227513,0.7513227513227513,0.9259259259259259,0.9259259259259259,0.7717391304347826,n_rounds>=30,568,185,PERCENT_RANK_OVER_ORDER_BY_e_stake,HF9f,OK,L4_CI_3P0,0.02806433,D 净利最高二十分位 · 优先留存,543,1,A168_HF9F_20260827_0900,2026-08-27 09:00:00
151279410,2026-06-12,2026-06-12 08:49:47,40210,4,"124,59,1,2,3",1,5000.00,1000.00,5,1,TIGHTEN,0,1,v2026-08-11,3157548.4828,2878863.9631,123390.1548,8441,3951,-0.03907783,-0.15029880,-0.02009284,-0.03907783,-123390.1548,3157548.4828,OK,0.0000,4935.6062,4.0000,96.0000,AG03-UNRESOLVED,ALL5_LEVELS_bet23_to_bet27,4935.6062,4935.6062,4935.6062,4935.6062,4935.6062,4.000000,4.000000,4.000000,4.000000,4.000000,96.000000,96.000000,96.000000,96.000000,96.000000,5.0,24678.0310,22781.1914,98712.1238,100608.9634,PENDING_AG03,FALSE,NOT_FOR_ENFORCEMENT,118454.5486,2763709.4046,123390.1548,118454.5486,4935.6062,0.03907783,0.03751472,4935.6062,118454.5486,0.03751472,4935.6062,4935.6062,4935.6062,4935.6062,4935.6062,118454.5486,0.03751472,24678.0310,22781.1914,98712.1238,100608.9634,0.03126227,0.031863,0.00156311,374.0728,728.6419,31.2301,7711.8847,339.9178,197346.7802,246.9375,407.4283,368.9173,67.659,135.318,338.295,1014.885,1691.475,3396.739,101.9022,-67.9348,12.5,25.101902,2.764398,26,139,3,7,0.14580743,0.03907783,0.15029880,0E-8,0.000000,0.911740,0.000355,-0.13020597,2026-06-12,2026-07-09,16,363,160,28,0.571429,1.104389,1.089169,0.486025,5,0.9576719576719577,0.7407407407407407,0.7407407407407407,0.9206349206349206,0.9206349206349206,0.7554347826086957,n_rounds>=30,568,185,PERCENT_RANK_OVER_ORDER_BY_e_stake,HF9f,OK,L4_CI_3P0,0.0296228,D 净利最高二十分位 · 优先留存,544,1,A168_HF9F_20260827_0900,2026-08-27 09:00:00
11438015,2026-04-13,2026-04-13 02:55:20,21347,1,"3,4",37,10000.00,500000.00,2,1,RELEASE,0,1,v2026-08-11,893280.3915,841688.0722,162921.5462,56,48,-0.18238567,0.64400000,-0.26375679,-0.18238567,-162921.5462,893280.3915,OK,0.0000,9775.2928,6.0000,94.0000,AG03-UNRESOLVED,ALL5_LEVELS_bet23_to_bet27,9775.2928,0.0000,0.0000,0.0000,0.0000,6.000000,0.000000,0.000000,0.000000,0.000000,94.000000,100.000000,100.000000,100.000000,100.000000,1.0,9775.2928,9775.2928,153146.2534,153146.2534,PENDING_AG03,FALSE,NOT_FOR_ENFORCEMENT,153146.2534,791186.7879,162921.5462,153146.2534,9775.2928,0.18238567,0.17144253,9775.2928,153146.2534,0.17144253,9775.2928,0.0000,0.0000,0.0000,0.0000,153146.2534,0.17144253,9775.2928,9775.2928,153146.2534,153146.2534,0.17144253,0.17144253,0.01094314,15951.4356,17535.1682,3394.1989,81460.7731,16292.1546,446640.1957,24.0000,7279.4049,18071.2653,4308.9517,8617.9043,21544.7598,43089.5195,60756.2305,85080.3047,6405.8765,0.0,7.050001,9.872505,1.850965,8,10,2,6,0.08963978,0.18238567,-0.64400000,0E-8,0.000000,0.942244,0.017857,0.90775679,2026-04-12,2026-07-23,2,10,9,103,0.019418,0.402817,0.456348,0.298799,5,0.9594356261022927,0.6225749559082893,0.6225749559082893,0.8412698412698413,0.8412698412698413,0.5108695652173914,n_rounds>=30,568,185,PERCENT_RANK_OVER_ORDER_BY_e_stake,HF9f,OK,L5_INSUFFICIENT,0.26875655,D 净利最高二十分位 · 优先留存,545,1,A168_HF9F_20260827_0900,2026-08-27 09:00:00
146515322,2026-04-06,2026-04-06 13:22:07,52928,2,3,4,5000.00,10000.00,1,1,RELEASE,0,1,v2026-08-11,428070.2959,402429.9584,195873.9750,26,26,-0.45757432,,-0.45757432,-0.46509514,-195873.9750,428070.2959,THIN_EXPOSURE,3219.4397,11752.4385,6.0000,94.0000,AG03-UNRESOLVED,ALL5_LEVELS_bet23_to_bet27,11752.4385,19587.3975,0.0000,0.0000,0.0000,6.000000,10.000000,0.000000,0.000000,0.000000,94.000000,90.000000,100.000000,100.000000,100.000000,2.0,31339.8360,30164.5922,161314.6994,162489.9432,PENDING_AG03,FALSE,NOT_FOR_ENFORCEMENT,184121.5365,378284.1609,192654.5354,180902.0969,8532.9988,0.45005350,0.42259904,11752.4385,180902.0969,0.42259904,11752.4385,19587.3975,0.0000,0.0000,0.0000,180902.0969,0.42259904,31339.8360,30164.5922,161314.6994,162489.9432,0.37684161,0.37958706,0.01993364,16464.2421,15478.0753,7533.6144,97936.9875,17806.7250,214035.1479,13.0000,,16464.2421,17027.0723,17027.0723,17226.5293,17226.5293,17226.5293,17226.5293,17027.0723,-16890.8574,1.011714,1.011714,0.966945,10,9,2,2,0E-8,0.45757432,,0.00800000,0.800000,0.940103,0.000000,,2026-04-14,2026-05-13,2,11,11,30,0.066667,,,0.000000,5,0.9611992945326279,0.5555555555555556,0.5555555555555556,0.8130511463844797,0.8130511463844797,,n_rounds>=30,568,185,PERCENT_RANK_OVER_ORDER_BY_e_stake,HF9f,THIN_ROUNDS,L5_INSUFFICIENT,0.36516824,Z 证据不足 · 不动作,546,1,A168_HF9F_20260827_0900,2026-08-27 09:00:00
152010424,2026-06-25,2026-06-25 09:40:48,40210,4,"124,59,1,2,3",1,5000.00,1000.00,5,1,TIGHTEN,0,1,v2026-08-11,6111465.8101,5614939.7688,205791.7849,1277,920,-0.03367306,,-0.03367306,-0.03367306,-205791.7849,6111465.8101,OK,0.0000,8231.6714,4.0000,96.0000,AG03-UNRESOLVED,ALL5_LEVELS_bet23_to_bet27,8231.6714,8231.6714,8231.6714,8231.6714,8231.6714,4.000000,4.000000,4.000000,4.000000,4.000000,96.000000,96.000000,96.000000,96.000000,96.000000,5.0,41158.3570,37994.7821,164633.4280,167797.0028,PENDING_AG03,FALSE,NOT_FOR_ENFORCEMENT,197560.1135,5390342.1780,205791.7849,197560.1135,8231.6714,0.03367306,0.03232614,8231.6714,197560.1135,0.03232614,8231.6714,8231.6714,8231.6714,8231.6714,8231.6714,197560.1135,0.03232614,41158.3570,37994.7821,164633.4280,167797.0028,0.02693845,0.0274561,0.00134692,4785.7994,6103.1954,223.6867,25723.9731,833.1651,763933.2263,115.0000,,4785.7994,679.3478,6765.8999,6793.478,6793.478,6793.478,6793.478,6765.8999,-679.3478,1.004076,1.004076,0.707341,29,101,33,7,0E-8,0.03367306,,0E-8,0.000000,0.918755,0.000000,,2026-06-25,2026-07-03,8,247,139,9,0.888889,,,0.000000,5,0.9629629629629629,0.7477954144620811,0.7477954144620811,0.9541446208112875,0.9541446208112875,0.8586956521739131,n_rounds>=30,568,185,PERCENT_RANK_OVER_ORDER_BY_e_stake,HF9f,OK,L5_INSUFFICIENT,0.06138832,D 净利最高二十分位 · 优先留存,547,1,A168_HF9F_20260827_0900,2026-08-27 09:00:00
152010424,2026-07-09,2026-07-09 13:54:33,40210,4,1,2,1000.00,3000.00,1,1,RELEASE,0,1,v2026-08-11,6111465.8101,5614939.7688,205791.7849,1277,920,-0.03367306,,-0.03367306,-0.03367306,-205791.7849,6111465.8101,OK,0.0000,8231.6714,4.0000,96.0000,AG03-UNRESOLVED,ALL5_LEVELS_bet23_to_bet27,8231.6714,8231.6714,8231.6714,8231.6714,8231.6714,4.000000,4.000000,4.000000,4.000000,4.000000,96.000000,96.000000,96.000000,96.000000,96.000000,5.0,41158.3570,37994.7821,164633.4280,167797.0028,PENDING_AG03,FALSE,NOT_FOR_ENFORCEMENT,197560.1135,5390342.1780,205791.7849,197560.1135,8231.6714,0.03367306,0.03232614,8231.6714,197560.1135,0.03232614,8231.6714,8231.6714,8231.6714,8231.6714,8231.6714,197560.1135,0.03232614,41158.3570,37994.7821,164633.4280,167797.0028,0.02693845,0.0274561,0.00134692,4785.7994,6103.1954,223.6867,25723.9731,833.1651,763933.2263,115.0000,,4785.7994,679.3478,6765.8999,6793.478,6793.478,6793.478,6793.478,6765.8999,-679.3478,1.004076,1.004076,0.707341,29,101,33,7,0E-8,0.03367306,,0E-8,0.000000,0.918755,0.000000,,2026-06-25,2026-07-03,8,247,139,9,0.888889,,,0.000000,5,0.9629629629629629,0.7477954144620811,0.7477954144620811,0.9541446208112875,0.9541446208112875,0.8586956521739131,n_rounds>=30,568,185,PERCENT_RANK_OVER_ORDER_BY_e_stake,HF9f,OK,L5_INSUFFICIENT,0.06138832,D 净利最高二十分位 · 优先留存,548,1,A168_HF9F_20260827_0900,2026-08-27 09:00:00
152710991,2026-07-09,2026-07-09 13:48:32,40210,4,"124,59,1,2,3",1,5000.00,1000.00,5,1,TIGHTEN,0,1,v2026-08-11,4044089.6739,3527445.6522,217272.4185,1916,1377,-0.05372592,-0.05395935,0.08500000,-0.05372592,-217272.4185,4044089.6739,OK,0.0000,8690.8967,4.0000,96.0000,AG03-UNRESOLVED,ALL5_LEVELS_bet23_to_bet27,8690.8967,8690.8967,8690.8967,8690.8967,8690.8967,4.000000,4.000000,4.000000,4.000000,4.000000,96.000000,96.000000,96.000000,96.000000,96.000000,5.0,43454.4837,40114.4205,173817.9348,177157.998,PENDING_AG03,FALSE,NOT_FOR_ENFORCEMENT,208581.5217,3386347.8261,217272.4185,208581.5217,8690.8967,0.05372592,0.05157688,8690.8967,208581.5217,0.05157688,8690.8967,8690.8967,8690.8967,8690.8967,8690.8967,208581.5217,0.05157688,43454.4837,40114.4205,173817.9348,177157.998,0.04298073,0.04380664,0.00214904,2110.6940,2561.6889,157.7868,21727.2418,842.1412,404408.9674,137.7000,2118.2037,679.3478,679.3478,1698.3695,3396.739,3736.4131,4755.4346,6793.478,1358.6957,-339.6739,2.8,4.0,1.242777,29,110,11,8,0.99832015,0.05372592,0.05395935,0E-8,0.000000,0.872247,0.007829,-0.13895935,2026-07-07,2026-07-19,10,258,141,13,0.769231,3.117996,1.003558,3.327734,5,0.9664902998236331,0.7142857142857143,0.7142857142857143,0.9365079365079365,0.9365079365079365,0.8043478260869565,n_rounds>=30,568,185,PERCENT_RANK_OVER_ORDER_BY_e_stake,HF9f,OK,L5_INSUFFICIENT,0.05017793,D 净利最高二十分位 · 优先留存,549,1,A168_HF9F_20260827_0900,2026-08-27 09:00:00
152710991,2026-07-09,2026-07-09 13:57:46,40210,4,1,2,1000.00,3000.00,1,1,RELEASE,0,1,v2026-08-11,4044089.6739,3527445.6522,217272.4185,1916,1377,-0.05372592,-0.05395935,0.08500000,-0.05372592,-217272.4185,4044089.6739,OK,0.0000,8690.8967,4.0000,96.0000,AG03-UNRESOLVED,ALL5_LEVELS_bet23_to_bet27,8690.8967,8690.8967,8690.8967,8690.8967,8690.8967,4.000000,4.000000,4.000000,4.000000,4.000000,96.000000,96.000000,96.000000,96.000000,96.000000,5.0,43454.4837,40114.4205,173817.9348,177157.998,PENDING_AG03,FALSE,NOT_FOR_ENFORCEMENT,208581.5217,3386347.8261,217272.4185,208581.5217,8690.8967,0.05372592,0.05157688,8690.8967,208581.5217,0.05157688,8690.8967,8690.8967,8690.8967,8690.8967,8690.8967,208581.5217,0.05157688,43454.4837,40114.4205,173817.9348,177157.998,0.04298073,0.04380664,0.00214904,2110.6940,2561.6889,157.7868,21727.2418,842.1412,404408.9674,137.7000,2118.2037,679.3478,679.3478,1698.3695,3396.739,3736.4131,4755.4346,6793.478,1358.6957,-339.6739,2.8,4.0,1.242777,29,110,11,8,0.99832015,0.05372592,0.05395935,0E-8,0.000000,0.872247,0.007829,-0.13895935,2026-07-07,2026-07-19,10,258,141,13,0.769231,3.117996,1.003558,3.327734,5,0.9664902998236331,0.7142857142857143,0.7142857142857143,0.9365079365079365,0.9365079365079365,0.8043478260869565,n_rounds>=30,568,185,PERCENT_RANK_OVER_ORDER_BY_e_stake,HF9f,OK,L5_INSUFFICIENT,0.05017793,D 净利最高二十分位 · 优先留存,550,1,A168_HF9F_20260827_0900,2026-08-27 09:00:00
23540666,2026-03-25,2026-03-25 19:50:18,26555,3,"59,22","59,30",30000.00,50000.00,2,2,RELEASE,0,1,v2026-08-11,19364189.8885,17489070.9554,376578.8474,17496,17496,-0.01944718,,-0.01944718,-0.02667250,-376578.8474,19364189.8885,OK,139912.5676,22594.7308,6.0000,94.0000,AG03-UNRESOLVED,ALL5_LEVELS_bet23_to_bet27,22594.7308,22594.7308,37657.8847,0.0000,0.0000,6.000000,6.000000,10.000000,0.000000,0.000000,94.000000,94.000000,90.000000,100.000000,100.000000,3.0,82847.3464,77108.2848,153818.9333,159557.9949,PENDING_AG03,FALSE,NOT_FOR_ENFORCEMENT,353984.1165,16439726.6981,236666.2797,214071.5489,-117317.8368,0.01222185,0.01105502,22594.7308,214071.5489,0.01105502,22594.7308,22594.7308,37657.8847,0.0000,0.0000,214071.5489,0.01105502,82847.3464,77108.2848,153818.9333,159557.9949,0.00794347,0.00823985,-0.00605849,1106.7781,999.6040,21.5237,5230.2618,268.7929,268947.0818,243.0000,,1106.7781,87.943,438.3273,1407.0883,4331.6294,4397.1509,6983.2402,345.3635,0.0,10.03166,15.931565,2.525004,28,152,90,3,0E-8,0.01944718,,0.00800000,0.800000,0.903166,0.000172,,2026-03-25,2026-07-06,72,1401,446,104,0.692308,,,0.000000,5,0.9700176366843033,0.7936507936507936,0.7936507936507936,0.9911816578483245,0.9911816578483245,0.9728260869565217,n_rounds>=30,568,185,PERCENT_RANK_OVER_ORDER_BY_e_stake,HF9f,OK,L2_CI_1P5,0.01407701,D 净利最高二十分位 · 优先留存,551,1,A168_HF9F_20260827_0900,2026-08-27 09:00:00
148302714,2026-04-19,2026-04-19 03:04:13,50555,5,"1,2,4,30,31,36","1,2,4,30,31",200000.00,100000.00,6,5,TIGHTEN,0,1,v2026-08-11,17231371.1745,15807816.7363,231288.4135,4920,4711,-0.01342252,-0.12524468,-0.00985283,-0.01342252,-231288.4135,17231371.1745,OK,0.0000,9251.5365,4.0000,96.0000,AG03-UNRESOLVED,ALL5_LEVELS_bet23_to_bet27,9251.5365,11564.4207,11564.4207,11564.4207,11564.4207,4.000000,5.000000,5.000000,5.000000,5.000000,96.000000,95.000000,95.000000,95.000000,95.000000,5.0,55509.2192,50437.9895,175779.1943,180850.424,PENDING_AG03,FALSE,NOT_FOR_ENFORCEMENT,222036.8770,15175504.0668,231288.4135,222036.8770,9251.5365,0.01342252,0.01288562,9251.5365,222036.8770,0.01288562,9251.5365,11564.4207,11564.4207,11564.4207,11564.4207,222036.8770,0.01288562,55509.2192,50437.9895,175779.1943,180850.424,0.01020111,0.01049542,0.00053690,3502.3112,3355.5119,49.0954,2460.5150,247.1030,183312.4593,50.1170,1625.1772,3636.3922,861.7903,1292.6855,2800.8186,10772.3799,21627.2324,21627.2324,1135.4297,0.0,16.730467,16.730467,2.70933,29,166,65,3,0.03093533,0.01342252,0.12524468,0E-8,0.000000,0.917386,0.007927,-0.11539185,2026-04-06,2026-08-06,94,936,583,123,0.764228,0.446920,0.464030,0.103118,5,0.9717813051146384,0.8218694885361552,0.8218694885361552,0.9876543209876543,0.9876543209876543,0.9619565217391305,n_rounds>=30,568,185,PERCENT_RANK_OVER_ORDER_BY_e_stake,HF9f,OK,L4_CI_3P0,0.02712833,D 净利最高二十分位 · 优先留存,552,1,A168_HF9F_20260827_0900,2026-08-27 09:00:00
152965278,2026-07-14,2026-07-14 09:41:33,40210,4,"124,59,1,2,3",1,5000.00,1000.00,5,1,TIGHTEN,0,1,v2026-08-11,11477425.2717,10433790.7609,241470.4484,11934,5047,-0.02103873,-0.02103873,,-0.02103873,-241470.4484,11477425.2717,OK,0.0000,9658.8179,4.0000,96.0000,AG03-UNRESOLVED,ALL5_LEVELS_bet23_to_bet27,9658.8179,9658.8179,9658.8179,9658.8179,9658.8179,4.000000,4.000000,4.000000,4.000000,4.000000,96.000000,96.000000,96.000000,96.000000,96.000000,5.0,48294.0897,44582.0375,193176.3587,196888.4109,PENDING_AG03,FALSE,NOT_FOR_ENFORCEMENT,231811.6304,10016439.1304,241470.4484,231811.6304,9658.8179,0.02103873,0.02019718,9658.8179,231811.6304,0.02019718,9658.8179,9658.8179,9658.8179,9658.8179,9658.8179,231811.6304,0.02019718,48294.0897,44582.0375,193176.3587,196888.4109,0.01683098,0.01715441,0.00084155,961.7417,2067.3253,47.8444,20122.5374,484.8804,956452.1060,420.5833,961.7417,,67.9348,135.8696,679.3478,3770.3804,5502.7173,6793.478,135.8696,-67.9348,40.499998,49.999997,7.078419,29,147,7,8,1.00000000,0.02103873,0.02103873,0E-8,0.000000,0.909071,0.000000,,2026-07-13,2026-07-24,12,498,203,12,1.000000,,1.000000,3.333333,5,0.9735449735449735,0.7901234567901234,0.7901234567901234,0.9770723104056437,0.9770723104056437,0.9293478260869565,n_rounds>=30,568,185,PERCENT_RANK_OVER_ORDER_BY_e_stake,HF9f,OK,L4_CI_3P0,0.02620976,D 净利最高二十分位 · 优先留存,553,1,A168_HF9F_20260827_0900,2026-08-27 09:00:00
146490625,2026-04-08,2026-04-08 13:40:17,55879,5,4,3,10000.00,5000.00,1,1,TIGHTEN,0,1,v2026-08-11,10218947.5719,9200742.5630,250653.1473,30237,29033,-0.02452827,-0.02167259,-0.02641057,-0.02452827,-250653.1473,10218947.5719,OK,0.0000,15039.1888,6.0000,94.0000,AG03-UNRESOLVED,ALL5_LEVELS_bet23_to_bet27,15039.1888,15039.1888,15039.1888,25065.3147,75195.9442,6.000000,6.000000,6.000000,10.000000,30.000000,94.000000,94.000000,94.000000,90.000000,70.000000,5.0,145378.8254,119494.3963,105274.3219,131158.751,PENDING_AG03,FALSE,NOT_FOR_ENFORCEMENT,235613.9584,8648698.0092,250653.1473,235613.9584,15039.1888,0.02452827,0.02305658,15039.1888,235613.9584,0.02305658,15039.1888,15039.1888,15039.1888,25065.3147,75195.9442,235613.9584,0.02305658,145378.8254,119494.3963,105274.3219,131158.751,0.01030188,0.01283486,0.00147170,337.9617,316.9064,8.6334,11393.3249,88.6640,464497.6169,1319.6818,309.2924,359.9541,87.2905,261.8715,436.4525,693.0607,872.905,1905.917,175.886,0.0,3.333333,7.278061,1.290563,29,175,31,8,0.39727889,0.02452827,0.02167259,0E-8,0.000000,0.900361,0.001058,0.00473798,2026-04-08,2026-07-29,22,2827,388,113,0.194690,0.859255,0.915170,1.324263,5,0.9753086419753086,0.7760141093474426,0.7760141093474426,0.9717813051146384,0.9717813051146384,0.9130434782608695,n_rounds>=30,568,185,PERCENT_RANK_OVER_ORDER_BY_e_stake,HF9f,OK,L2_CI_1P5,0.01092782,D 净利最高二十分位 · 优先留存,554,1,A168_HF9F_20260827_0900,2026-08-27 09:00:00
146490625,2026-04-15,2026-04-15 21:42:39,55879,5,3,"3,4",5000.00,10000.00,1,2,RELEASE,0,1,v2026-08-11,10218947.5719,9200742.5630,250653.1473,30237,29033,-0.02452827,-0.02167259,-0.02641057,-0.02452827,-250653.1473,10218947.5719,OK,0.0000,15039.1888,6.0000,94.0000,AG03-UNRESOLVED,ALL5_LEVELS_bet23_to_bet27,15039.1888,15039.1888,15039.1888,25065.3147,75195.9442,6.000000,6.000000,6.000000,10.000000,30.000000,94.000000,94.000000,94.000000,90.000000,70.000000,5.0,145378.8254,119494.3963,105274.3219,131158.751,PENDING_AG03,FALSE,NOT_FOR_ENFORCEMENT,235613.9584,8648698.0092,250653.1473,235613.9584,15039.1888,0.02452827,0.02305658,15039.1888,235613.9584,0.02305658,15039.1888,15039.1888,15039.1888,25065.3147,75195.9442,235613.9584,0.02305658,145378.8254,119494.3963,105274.3219,131158.751,0.01030188,0.01283486,0.00147170,337.9617,316.9064,8.6334,11393.3249,88.6640,464497.6169,1319.6818,309.2924,359.9541,87.2905,261.8715,436.4525,693.0607,872.905,1905.917,175.886,0.0,3.333333,7.278061,1.290563,29,175,31,8,0.39727889,0.02452827,0.02167259,0E-8,0.000000,0.900361,0.001058,0.00473798,2026-04-08,2026-07-29,22,2827,388,113,0.194690,0.859255,0.915170,1.324263,5,0.9753086419753086,0.7760141093474426,0.7760141093474426,0.9717813051146384,0.9717813051146384,0.9130434782608695,n_rounds>=30,568,185,PERCENT_RANK_OVER_ORDER_BY_e_stake,HF9f,OK,L2_CI_1P5,0.01092782,D 净利最高二十分位 · 优先留存,555,1,A168_HF9F_20260827_0900,2026-08-27 09:00:00
146490625,2026-07-28,2026-07-28 03:46:00,55879,5,"3,4","2,3,4",10000.00,10000.00,2,3,FLAT,0,1,v2026-08-11,10218947.5719,9200742.5630,250653.1473,30237,29033,-0.02452827,-0.02167259,-0.02641057,-0.02452827,-250653.1473,10218947.5719,OK,0.0000,15039.1888,6.0000,94.0000,AG03-UNRESOLVED,ALL5_LEVELS_bet23_to_bet27,15039.1888,15039.1888,15039.1888,25065.3147,75195.9442,6.000000,6.000000,6.000000,10.000000,30.000000,94.000000,94.000000,94.000000,90.000000,70.000000,5.0,145378.8254,119494.3963,105274.3219,131158.751,PENDING_AG03,FALSE,NOT_FOR_ENFORCEMENT,235613.9584,8648698.0092,250653.1473,235613.9584,15039.1888,0.02452827,0.02305658,15039.1888,235613.9584,0.02305658,15039.1888,15039.1888,15039.1888,25065.3147,75195.9442,235613.9584,0.02305658,145378.8254,119494.3963,105274.3219,131158.751,0.01030188,0.01283486,0.00147170,337.9617,316.9064,8.6334,11393.3249,88.6640,464497.6169,1319.6818,309.2924,359.9541,87.2905,261.8715,436.4525,693.0607,872.905,1905.917,175.886,0.0,3.333333,7.278061,1.290563,29,175,31,8,0.39727889,0.02452827,0.02167259,0E-8,0.000000,0.900361,0.001058,0.00473798,2026-04-08,2026-07-29,22,2827,388,113,0.194690,0.859255,0.915170,1.324263,5,0.9753086419753086,0.7760141093474426,0.7760141093474426,0.9717813051146384,0.9717813051146384,0.9130434782608695,n_rounds>=30,568,185,PERCENT_RANK_OVER_ORDER_BY_e_stake,HF9f,OK,L2_CI_1P5,0.01092782,D 净利最高二十分位 · 优先留存,556,1,A168_HF9F_20260827_0900,2026-08-27 09:00:00
152710664,2026-07-09,2026-07-09 13:49:14,40210,4,"124,59,1,2,3",1,5000.00,1000.00,5,1,TIGHTEN,0,1,v2026-08-11,1526644.0217,1377187.5000,252476.2228,399,389,-0.16537989,-0.16694603,0.18500000,-0.16537989,-252476.2228,1526644.0217,OK,0.0000,10099.0489,4.0000,96.0000,AG03-UNRESOLVED,ALL5_LEVELS_bet23_to_bet27,10099.0489,10099.0489,10099.0489,10099.0489,10099.0489,4.000000,4.000000,4.000000,4.000000,4.000000,96.000000,96.000000,96.000000,96.000000,96.000000,5.0,50495.2446,46614.0039,201980.9783,205862.2189,PENDING_AG03,FALSE,NOT_FOR_ENFORCEMENT,242377.1739,1322100.0000,252476.2228,242377.1739,10099.0489,0.16537989,0.15876470,10099.0489,242377.1739,0.15876470,10099.0489,10099.0489,10099.0489,10099.0489,10099.0489,242377.1739,0.15876470,50495.2446,46614.0039,201980.9783,205862.2189,0.13230391,0.13484625,0.00661520,3826.1755,3540.3278,649.0391,42079.3705,2805.2914,254440.6703,64.8333,3907.0708,679.3478,1528.5326,3396.739,6793.478,6793.478,6793.478,10190.2178,3396.739,-679.3478,2.0,3.0,1.126426,27,53,10,4,0.99555006,0.16537989,0.16694603,0E-8,0.000000,0.902101,0.000000,-0.35194603,2026-07-07,2026-07-17,6,90,68,11,0.545455,5.751208,1.021143,3.318500,5,0.9805996472663139,0.6261022927689595,0.6261022927689595,0.8694885361552028,0.8694885361552028,0.5978260869565217,n_rounds>=30,568,185,PERCENT_RANK_OVER_ORDER_BY_e_stake,HF9f,OK,L5_INSUFFICIENT,0.09440715,D 净利最高二十分位 · 优先留存,557,1,A168_HF9F_20260827_0900,2026-08-27 09:00:00
152710664,2026-07-09,2026-07-09 13:57:26,40210,4,1,2,1000.00,3000.00,1,1,RELEASE,0,1,v2026-08-11,1526644.0217,1377187.5000,252476.2228,399,389,-0.16537989,-0.16694603,0.18500000,-0.16537989,-252476.2228,1526644.0217,OK,0.0000,10099.0489,4.0000,96.0000,AG03-UNRESOLVED,ALL5_LEVELS_bet23_to_bet27,10099.0489,10099.0489,10099.0489,10099.0489,10099.0489,4.000000,4.000000,4.000000,4.000000,4.000000,96.000000,96.000000,96.000000,96.000000,96.000000,5.0,50495.2446,46614.0039,201980.9783,205862.2189,PENDING_AG03,FALSE,NOT_FOR_ENFORCEMENT,242377.1739,1322100.0000,252476.2228,242377.1739,10099.0489,0.16537989,0.15876470,10099.0489,242377.1739,0.15876470,10099.0489,10099.0489,10099.0489,10099.0489,10099.0489,242377.1739,0.15876470,50495.2446,46614.0039,201980.9783,205862.2189,0.13230391,0.13484625,0.00661520,3826.1755,3540.3278,649.0391,42079.3705,2805.2914,254440.6703,64.8333,3907.0708,679.3478,1528.5326,3396.739,6793.478,6793.478,6793.478,10190.2178,3396.739,-679.3478,2.0,3.0,1.126426,27,53,10,4,0.99555006,0.16537989,0.16694603,0E-8,0.000000,0.902101,0.000000,-0.35194603,2026-07-07,2026-07-17,6,90,68,11,0.545455,5.751208,1.021143,3.318500,5,0.9805996472663139,0.6261022927689595,0.6261022927689595,0.8694885361552028,0.8694885361552028,0.5978260869565217,n_rounds>=30,568,185,PERCENT_RANK_OVER_ORDER_BY_e_stake,HF9f,OK,L5_INSUFFICIENT,0.09440715,D 净利最高二十分位 · 优先留存,558,1,A168_HF9F_20260827_0900,2026-08-27 09:00:00
146490510,2026-03-27,2026-03-27 12:15:13,55879,5,4,"3,4",10000.00,10000.00,1,2,FLAT,0,1,v2026-08-11,11548352.8575,10446562.5262,284584.0347,28150,27288,-0.02464282,0.02311849,-0.02500353,-0.02464282,-284584.0347,11548352.8575,OK,0.0000,17075.0421,6.0000,94.0000,AG03-UNRESOLVED,ALL5_LEVELS_bet23_to_bet27,17075.0421,17075.0421,17075.0421,28458.4035,85375.2104,6.000000,6.000000,6.000000,10.000000,30.000000,94.000000,94.000000,94.000000,90.000000,70.000000,5.0,165058.7401,135670.3388,119525.2946,148913.6959,PENDING_AG03,FALSE,NOT_FOR_ENFORCEMENT,267508.9926,9819768.7747,284584.0347,267508.9926,17075.0421,0.02464282,0.02316426,17075.0421,267508.9926,0.02316426,17075.0421,17075.0421,17075.0421,28458.4035,85375.2104,267508.9926,0.02316426,165058.7401,135670.3388,119525.2946,148913.6959,0.01034999,0.0128948,0.00147857,410.2434,382.8262,10.4289,14229.2017,115.4031,577417.6429,1364.4000,178.1138,414.3215,175.886,263.829,439.7151,879.4301,879.4301,1758.8602,263.829,0.0,3.333333,6.666667,1.554959,29,158,22,8,0.00749573,0.02464282,-0.02311849,0E-8,0.000000,0.904593,0.000000,0.04812203,2026-03-27,2026-07-31,20,2466,316,127,0.157480,0.429893,0.434166,0.024986,5,0.9841269841269841,0.7707231040564374,0.7707231040564374,0.9805996472663139,0.9805996472663139,0.9402173913043478,n_rounds>=30,568,185,PERCENT_RANK_OVER_ORDER_BY_e_stake,HF9f,OK,L2_CI_1P5,0.01127181,D 净利最高二十分位 · 优先留存,559,1,A168_HF9F_20260827_0900,2026-08-27 09:00:00
146490510,2026-04-13,2026-04-13 23:03:42,55879,5,"3,4","2,3",10000.00,5000.00,2,2,TIGHTEN,0,1,v2026-08-11,11548352.8575,10446562.5262,284584.0347,28150,27288,-0.02464282,0.02311849,-0.02500353,-0.02464282,-284584.0347,11548352.8575,OK,0.0000,17075.0421,6.0000,94.0000,AG03-UNRESOLVED,ALL5_LEVELS_bet23_to_bet27,17075.0421,17075.0421,17075.0421,28458.4035,85375.2104,6.000000,6.000000,6.000000,10.000000,30.000000,94.000000,94.000000,94.000000,90.000000,70.000000,5.0,165058.7401,135670.3388,119525.2946,148913.6959,PENDING_AG03,FALSE,NOT_FOR_ENFORCEMENT,267508.9926,9819768.7747,284584.0347,267508.9926,17075.0421,0.02464282,0.02316426,17075.0421,267508.9926,0.02316426,17075.0421,17075.0421,17075.0421,28458.4035,85375.2104,267508.9926,0.02316426,165058.7401,135670.3388,119525.2946,148913.6959,0.01034999,0.0128948,0.00147857,410.2434,382.8262,10.4289,14229.2017,115.4031,577417.6429,1364.4000,178.1138,414.3215,175.886,263.829,439.7151,879.4301,879.4301,1758.8602,263.829,0.0,3.333333,6.666667,1.554959,29,158,22,8,0.00749573,0.02464282,-0.02311849,0E-8,0.000000,0.904593,0.000000,0.04812203,2026-03-27,2026-07-31,20,2466,316,127,0.157480,0.429893,0.434166,0.024986,5,0.9841269841269841,0.7707231040564374,0.7707231040564374,0.9805996472663139,0.9805996472663139,0.9402173913043478,n_rounds>=30,568,185,PERCENT_RANK_OVER_ORDER_BY_e_stake,HF9f,OK,L2_CI_1P5,0.01127181,D 净利最高二十分位 · 优先留存,560,1,A168_HF9F_20260827_0900,2026-08-27 09:00:00
146490510,2026-07-27,2026-07-27 18:58:04,55879,5,"2,3","1,2,3",5000.00,5000.00,2,3,FLAT,0,1,v2026-08-11,11548352.8575,10446562.5262,284584.0347,28150,27288,-0.02464282,0.02311849,-0.02500353,-0.02464282,-284584.0347,11548352.8575,OK,0.0000,17075.0421,6.0000,94.0000,AG03-UNRESOLVED,ALL5_LEVELS_bet23_to_bet27,17075.0421,17075.0421,17075.0421,28458.4035,85375.2104,6.000000,6.000000,6.000000,10.000000,30.000000,94.000000,94.000000,94.000000,90.000000,70.000000,5.0,165058.7401,135670.3388,119525.2946,148913.6959,PENDING_AG03,FALSE,NOT_FOR_ENFORCEMENT,267508.9926,9819768.7747,284584.0347,267508.9926,17075.0421,0.02464282,0.02316426,17075.0421,267508.9926,0.02316426,17075.0421,17075.0421,17075.0421,28458.4035,85375.2104,267508.9926,0.02316426,165058.7401,135670.3388,119525.2946,148913.6959,0.01034999,0.0128948,0.00147857,410.2434,382.8262,10.4289,14229.2017,115.4031,577417.6429,1364.4000,178.1138,414.3215,175.886,263.829,439.7151,879.4301,879.4301,1758.8602,263.829,0.0,3.333333,6.666667,1.554959,29,158,22,8,0.00749573,0.02464282,-0.02311849,0E-8,0.000000,0.904593,0.000000,0.04812203,2026-03-27,2026-07-31,20,2466,316,127,0.157480,0.429893,0.434166,0.024986,5,0.9841269841269841,0.7707231040564374,0.7707231040564374,0.9805996472663139,0.9805996472663139,0.9402173913043478,n_rounds>=30,568,185,PERCENT_RANK_OVER_ORDER_BY_e_stake,HF9f,OK,L2_CI_1P5,0.01127181,D 净利最高二十分位 · 优先留存,561,1,A168_HF9F_20260827_0900,2026-08-27 09:00:00
145437530,2026-04-01,2026-04-01 01:53:44,55330,4,"3,22,30",3,50000.00,5000.00,3,1,TIGHTEN,0,1,v2026-08-11,3606292.0194,3160139.6230,306960.1738,416,408,-0.08511795,,-0.08511795,-0.08511795,-306960.1738,3606292.0194,OK,0.0000,12278.4070,4.0000,96.0000,AG03-UNRESOLVED,ALL5_LEVELS_bet23_to_bet27,12278.4070,12278.4070,12278.4070,15348.0087,15348.0087,4.000000,4.000000,4.000000,5.000000,5.000000,96.000000,96.000000,96.000000,95.000000,95.000000,5.0,67531.2382,61860.3823,239428.9355,245099.7915,PENDING_AG03,FALSE,NOT_FOR_ENFORCEMENT,294681.7668,3033734.0381,306960.1738,294681.7668,12278.4070,0.08511795,0.08171323,12278.4070,294681.7668,0.08171323,12278.4070,12278.4070,12278.4070,15348.0087,15348.0087,294681.7668,0.08171323,67531.2382,61860.3823,239428.9355,245099.7915,0.06639200,0.06796449,0.00340472,8668.9712,7745.4403,752.3534,23612.3211,2240.5852,277407.0784,31.3846,,8668.9712,4973.4316,10470.3818,13087.9775,13087.9775,13087.9775,13087.9775,7852.7866,0.0,1.25,1.25,0.827952,25,85,17,3,0E-8,0.08511795,,0E-8,0.000000,0.876285,0.000000,,2026-03-31,2026-05-02,13,137,97,33,0.393939,,,0.000000,5,0.9894179894179894,0.6701940035273368,0.6701940035273368,0.9294532627865961,0.9294532627865961,0.782608695652174,n_rounds>=30,568,185,PERCENT_RANK_OVER_ORDER_BY_e_stake,HF9f,OK,L5_INSUFFICIENT,0.09218274,D 净利最高二十分位 · 优先留存,562,1,A168_HF9F_20260827_0900,2026-08-27 09:00:00
145437530,2026-04-01,2026-04-01 01:59:49,55330,4,"3,22,30",3,50000.00,5000.00,3,1,TIGHTEN,0,1,v2026-08-11,3606292.0194,3160139.6230,306960.1738,416,408,-0.08511795,,-0.08511795,-0.08511795,-306960.1738,3606292.0194,OK,0.0000,12278.4070,4.0000,96.0000,AG03-UNRESOLVED,ALL5_LEVELS_bet23_to_bet27,12278.4070,12278.4070,12278.4070,15348.0087,15348.0087,4.000000,4.000000,4.000000,5.000000,5.000000,96.000000,96.000000,96.000000,95.000000,95.000000,5.0,67531.2382,61860.3823,239428.9355,245099.7915,PENDING_AG03,FALSE,NOT_FOR_ENFORCEMENT,294681.7668,3033734.0381,306960.1738,294681.7668,12278.4070,0.08511795,0.08171323,12278.4070,294681.7668,0.08171323,12278.4070,12278.4070,12278.4070,15348.0087,15348.0087,294681.7668,0.08171323,67531.2382,61860.3823,239428.9355,245099.7915,0.06639200,0.06796449,0.00340472,8668.9712,7745.4403,752.3534,23612.3211,2240.5852,277407.0784,31.3846,,8668.9712,4973.4316,10470.3818,13087.9775,13087.9775,13087.9775,13087.9775,7852.7866,0.0,1.25,1.25,0.827952,25,85,17,3,0E-8,0.08511795,,0E-8,0.000000,0.876285,0.000000,,2026-03-31,2026-05-02,13,137,97,33,0.393939,,,0.000000,5,0.9894179894179894,0.6701940035273368,0.6701940035273368,0.9294532627865961,0.9294532627865961,0.782608695652174,n_rounds>=30,568,185,PERCENT_RANK_OVER_ORDER_BY_e_stake,HF9f,OK,L5_INSUFFICIENT,0.09218274,D 净利最高二十分位 · 优先留存,563,1,A168_HF9F_20260827_0900,2026-08-27 09:00:00
143822491,2026-05-15,2026-05-15 22:11:40,50065,5,350,648,50000.00,200000.00,1,1,RELEASE,0,1,v2026-08-11,5228997.0000,4799105.0000,319168.3000,4405,4072,-0.06103815,-0.05272339,-0.06165557,-0.06103815,-319168.3000,5228997.0000,OK,0.0000,9575.0490,3.0000,97.0000,AG03-UNRESOLVED,ALL5_LEVELS_bet23_to_bet27,9575.0490,9575.0490,9575.0490,9575.0490,9575.0490,3.000000,3.000000,3.000000,3.000000,3.000000,97.000000,97.000000,97.000000,97.000000,97.000000,5.0,47875.2450,45087.6209,271293.0550,274080.6791,PENDING_AG03,FALSE,NOT_FOR_ENFORCEMENT,309593.2510,4655131.8500,319168.3000,309593.2510,9575.0490,0.06103815,0.05920700,9575.0490,309593.2510,0.05920700,9575.0490,9575.0490,9575.0490,9575.0490,9575.0490,309593.2510,0.05920700,47875.2450,45087.6209,271293.0550,274080.6791,0.05188243,0.05241554,0.00183114,1187.0595,1178.5621,78.3812,3129.1010,169.4999,51264.6765,39.9216,471.2425,1337.9753,125.75,465.0,1000.0,2696.0,5000.0,12000.0,315.0,-20.0,10.752688,25.806452,2.552816,29,177,86,9,0.06912282,0.06103815,0.05272339,0E-8,0.000000,0.917787,0.003405,0.00893218,2026-03-22,2026-08-06,102,1883,800,138,0.739130,0.352206,0.396983,0.230409,5,0.9929453262786596,0.7019400352733686,0.7019400352733686,0.9435626102292769,0.9435626102292769,0.8260869565217391,n_rounds>=30,568,185,PERCENT_RANK_OVER_ORDER_BY_e_stake,HF9f,OK,L4_CI_3P0,0.02917936,D 净利最高二十分位 · 优先留存,564,1,A168_HF9F_20260827_0900,2026-08-27 09:00:00
153106149,2026-07-17,2026-07-17 11:06:43,40210,4,"124,59,1,2,3",2,5000.00,3000.00,5,1,TIGHTEN,0,1,v2026-08-11,2422758.1522,2225747.2826,339707.8804,160,148,-0.14021535,-0.14021535,,-0.14021535,-339707.8804,2422758.1522,OK,0.0000,13588.3152,4.0000,96.0000,AG03-UNRESOLVED,ALL5_LEVELS_bet23_to_bet27,13588.3152,13588.3152,13588.3152,13588.3152,13588.3152,4.000000,4.000000,4.000000,4.000000,4.000000,96.000000,96.000000,96.000000,96.000000,96.000000,5.0,67941.5761,62719.3496,271766.3043,276988.5309,PENDING_AG03,FALSE,NOT_FOR_ENFORCEMENT,326119.5652,2136717.3913,339707.8804,326119.5652,13588.3152,0.14021535,0.13460674,13588.3152,326119.5652,0.13460674,13588.3152,13588.3152,13588.3152,13588.3152,13588.3152,326119.5652,0.13460674,67941.5761,62719.3496,271766.3043,276988.5309,0.11217228,0.11432777,0.00560861,15142.2385,15038.8330,2295.3235,169853.9402,13588.3152,1211379.0761,74.0000,15142.2385,,10190.2178,16983.6953,20380.4355,20380.4355,20380.4355,20380.4355,15285.3262,-679.3478,1.2,1.2,0.891575,13,22,1,7,1.00000000,0.14021535,0.14021535,0E-8,0.000000,0.918683,0.000000,,2026-07-17,2026-07-18,2,25,18,2,1.000000,,1.000000,3.333333,5,0.9947089947089947,0.6349206349206349,0.6349206349206349,0.9118165784832452,0.9118165784832452,0.7282608695652174,n_rounds>=30,568,185,PERCENT_RANK_OVER_ORDER_BY_e_stake,HF9f,OK,L5_INSUFFICIENT,0.15305546,D 净利最高二十分位 · 优先留存,565,1,A168_HF9F_20260827_0900,2026-08-27 09:00:00
147358075,2026-03-28,2026-03-28 20:11:30,50555,5,"1,2,4,30,31,36","4,31",200000.00,100000.00,6,2,TIGHTEN,0,1,v2026-08-11,19163256.9990,17383096.3642,672169.8435,9523,9228,-0.03507597,0.00247565,-0.03837379,-0.03507597,-672169.8435,19163256.9990,OK,0.0000,26886.7937,4.0000,96.0000,AG03-UNRESOLVED,ALL5_LEVELS_bet23_to_bet27,26886.7937,33608.4922,33608.4922,33608.4922,33608.4922,4.000000,5.000000,5.000000,5.000000,5.000000,96.000000,95.000000,95.000000,95.000000,95.000000,5.0,161320.7624,146582.7665,510849.0811,525587.0771,PENDING_AG03,FALSE,NOT_FOR_ENFORCEMENT,645283.0498,16687772.5096,672169.8435,645283.0498,26886.7937,0.03507597,0.03367293,26886.7937,645283.0498,0.03367293,26886.7937,33608.4922,33608.4922,33608.4922,33608.4922,645283.0498,0.03367293,161320.7624,146582.7665,510849.0811,525587.0771,0.02665774,0.02742681,0.00140304,2012.3130,1883.7339,72.8403,6589.9004,377.6235,187875.0686,90.4706,1868.4435,2026.0133,430.8952,1092.3948,2184.7896,4325.4468,6463.4277,10923.9473,1081.3617,0.0,5.916751,10.0,1.842112,29,183,93,3,0.08073112,0.03507597,-0.00247565,0E-8,0.000000,0.907106,0.006091,0.04084944,2026-03-22,2026-08-06,102,1780,972,138,0.739130,0.922227,0.928505,0.269104,5,0.9964726631393298,0.746031746031746,0.746031746031746,0.9894179894179894,0.9894179894179894,0.967391304347826,n_rounds>=30,568,185,PERCENT_RANK_OVER_ORDER_BY_e_stake,HF9f,OK,L3_CI_2P0,0.01938322,D 净利最高二十分位 · 优先留存,566,1,A168_HF9F_20260827_0900,2026-08-27 09:00:00
152025599,2026-06-25,2026-06-25 12:11:10,40210,4,"124,59,1,2,3",2,5000.00,3000.00,5,1,TIGHTEN,0,1,v2026-08-11,42189376.0204,37841402.4810,914639.8261,6560,4354,-0.02167939,-0.01093397,-0.03096077,-0.02167939,-914639.8261,42189376.0204,OK,0.0000,36585.5930,4.0000,96.0000,AG03-UNRESOLVED,ALL5_LEVELS_bet23_to_bet27,36585.5930,36585.5930,36585.5930,36585.5930,36585.5930,4.000000,4.000000,4.000000,4.000000,4.000000,96.000000,96.000000,96.000000,96.000000,96.000000,5.0,182927.9652,168867.4838,731711.8609,745772.3424,PENDING_AG03,FALSE,NOT_FOR_ENFORCEMENT,878054.2331,36327746.3817,914639.8261,878054.2331,36585.5930,0.02167939,0.02081221,36585.5930,878054.2331,0.02081221,36585.5930,36585.5930,36585.5930,36585.5930,36585.5930,878054.2331,0.02081221,182927.9652,168867.4838,731711.8609,745772.3424,0.01734351,0.01767678,0.00086718,6431.3073,8691.1811,210.0689,70356.9097,2375.6879,3245336.6170,334.9231,6909.0418,6068.8439,679.3478,3396.739,10190.2178,16983.6953,20380.4355,30570.6523,3396.739,-339.6739,6.0,9.0,1.893377,29,121,5,8,0.46344815,0.02167939,0.01093397,0E-8,0.000000,0.896942,0.777896,0.02002681,2026-06-25,2026-07-12,13,385,177,18,0.722222,1.138444,1.074283,1.544827,5,0.9982363315696648,0.7848324514991182,0.7848324514991182,0.9964726631393298,0.9964726631393298,0.9891304347826086,n_rounds>=30,568,185,PERCENT_RANK_OVER_ORDER_BY_e_stake,HF9f,OK,L4_CI_3P0,0.0282186,D 净利最高二十分位 · 优先留存,567,1,A168_HF9F_20260827_0900,2026-08-27 09:00:00
152025599,2026-06-30,2026-06-30 13:29:41,40210,4,2,3,3000.00,5000.00,1,1,RELEASE,0,1,v2026-08-11,42189376.0204,37841402.4810,914639.8261,6560,4354,-0.02167939,-0.01093397,-0.03096077,-0.02167939,-914639.8261,42189376.0204,OK,0.0000,36585.5930,4.0000,96.0000,AG03-UNRESOLVED,ALL5_LEVELS_bet23_to_bet27,36585.5930,36585.5930,36585.5930,36585.5930,36585.5930,4.000000,4.000000,4.000000,4.000000,4.000000,96.000000,96.000000,96.000000,96.000000,96.000000,5.0,182927.9652,168867.4838,731711.8609,745772.3424,PENDING_AG03,FALSE,NOT_FOR_ENFORCEMENT,878054.2331,36327746.3817,914639.8261,878054.2331,36585.5930,0.02167939,0.02081221,36585.5930,878054.2331,0.02081221,36585.5930,36585.5930,36585.5930,36585.5930,36585.5930,878054.2331,0.02081221,182927.9652,168867.4838,731711.8609,745772.3424,0.01734351,0.01767678,0.00086718,6431.3073,8691.1811,210.0689,70356.9097,2375.6879,3245336.6170,334.9231,6909.0418,6068.8439,679.3478,3396.739,10190.2178,16983.6953,20380.4355,30570.6523,3396.739,-339.6739,6.0,9.0,1.893377,29,121,5,8,0.46344815,0.02167939,0.01093397,0E-8,0.000000,0.896942,0.777896,0.02002681,2026-06-25,2026-07-12,13,385,177,18,0.722222,1.138444,1.074283,1.544827,5,0.9982363315696648,0.7848324514991182,0.7848324514991182,0.9964726631393298,0.9964726631393298,0.9891304347826086,n_rounds>=30,568,185,PERCENT_RANK_OVER_ORDER_BY_e_stake,HF9f,OK,L4_CI_3P0,0.0282186,D 净利最高二十分位 · 优先留存,568,1,A168_HF9F_20260827_0900,2026-08-27 09:00:00
