列名,释义数,类型数,出现表数,风险,明细,stake,valid_bet,profit,n_bets,n_rounds,roi,roi_recent,roi_non_recent,roi_ex_rebate,roi_numerator,roi_denominator,roi_denominator_status,rebate_cost,cost_complement_b,pct_complement,pct_top_bet23,agent_formula_version,agent_level_scope,agent_cost_lv1,agent_cost_lv2,agent_cost_lv3,agent_cost_lv4,agent_cost_lv5,agent_pct_lv1,agent_pct_lv2,agent_pct_lv3,agent_pct_lv4,agent_pct_lv5,retain_pct_lv1,retain_pct_lv2,retain_pct_lv3,retain_pct_lv4,retain_pct_lv5,chain_depth_avg,agent_cost_chain_additive,agent_cost_chain_nested,residual_chain_additive,residual_chain_nested,decision_status,admit_to_risk_decision,deliverable_class,agent_cost_a_legacy,agent_cost_valid_base_legacy,ngr,residual_b,residual_a,ngr_rate,residual_b_rate,agent_cost_bet23_formal_canonical,net_margin_bet23_formal_canonical,net_margin_bet23_formal_rate_canonical,agent_cost_lv1_bet23_canonical,agent_cost_lv2_bet24_canonical,agent_cost_lv3_bet25_canonical,agent_cost_lv4_bet26_canonical,agent_cost_lv5_bet27_canonical,net_margin_lv1_bet23_canonical,net_margin_lv1_bet23_rate_canonical,agent_cost_chain_additive_canonical,agent_cost_chain_nested_canonical,net_margin_chain_additive_canonical,net_margin_chain_nested_canonical,net_margin_chain_additive_rate_canonical,net_margin_chain_nested_rate_canonical,residual_a_rate,avg_stake_per_bet,avg_valid_bet_per_round,avg_profit_per_round,avg_profit_per_day,avg_profit_per_shoe,avg_stake_per_active_day,avg_rounds_per_active_day,avg_stake_recent,avg_stake_non_recent,p25_stake,p50_stake,p75_stake,p90_stake,p95_stake,p99_stake,p50_valid_bet,p50_profit,p95_over_p50,p99_over_p50,avg_over_p50,common_table_count,common_dealer_count,common_ip_count,common_product_count,share_recent,hold_rate,hold_rate_recent,rebate_rate_actual,rebate_pct_config,turnover_multiple,free_comm_rate,roi_delta_recent,first_seen,last_seen,active_days,active_shoes,active_sessions,span_days,persistence,ramp_recent_vs_prior,ramp_recent_vs_all,stake_ramp,vip_tier,economic_value,roi_pr_global,risk_value,pr_stake,pr_global,pr_qualified,pr_qualified_population,pr_global_population_n,pr_qualified_population_n,pr_calculation_method,pr_calculation_version,evidence_flag,evidence_rate,hold_ci_halfwidth_approx,action_priority,audit_rn,batch_id,run_id,snapshot_sync_time
3rdno,2,2,2,🔴 义异且型异,ods_wm_live_a168_game_info → 第三方编号 []  ||  ods_a168_game_info →  [varchar(30)],13436093473.3333,12101545164.6445,225932201.2126,124713543,6048562,-0.01681532,-0.01652984,-0.01689755,-0.01742716,-225932201.2126,13436093473.3333,OK,8220755.8918,9199860.2962,4.0013,95.9987,AG03-UNRESOLVED,ALL5_LEVELS_bet23_to_bet27,9199860.2962,9381979.6473,9615816.7414,9858968.4371,9338000.0461,4.001283,4.042136,4.252868,4.666985,4.496035,95.998717,95.957864,95.747132,95.333015,95.503965,4.9901,47394625.1681,43234853.3833,170316820.1526,174476591.9375,PENDING_AG03,FALSE,NOT_FOR_ENFORCEMENT,216732340.9164,11606300486.2161,217711445.3207,208511585.0246,979104.4043,0.01620348,0.01551877,9199860.2962,208511585.0246,0.01551877,9199860.2962,9381979.6473,9615816.7414,9858968.4371,9338000.0461,208511585.0246,0.01551877,47394625.1681,43234853.3833,170316820.1526,174476591.9375,0.01267607,0.01298566,0.00007287,107.7356,2000.7309,37.3530,1625411.5195,1831.5313,96662542.9736,43514.8345,113.5121,106.1793,5.1431,15.4907,52.3519,179.9898,345.407,1499.1118,12.8578,-2.2009,22.297745,96.77516,6.954874,30,300,1326575,23,0.22362557,0.01681532,0.01652984,0.00067931,0.040378,0.900674,0.077531,0.00036771,2026-03-21,2026-08-06,139,123357,4007,139,1.000000,1.069061,1.053617,0.745419,1,0.0,0.0,0.0,0.0,0.0,0.0,n_rounds>=30,137,137,PERCENT_RANK_OVER_ORDER_BY_e_stake,HF9f,OK,L1_POWERED,0.0007571,A 净亏最大十分位 · 优先复核,1,1,A168_HF9F_20260827_0900,2026-08-27 09:00:00
account,2,3,3,🔴 义异且型异,ods_a168_employee →  [varchar(20)]  ||  ods_a168_member_url → 會員帳號 [varchar(48)]  ||  ods_a168_passiplist →  [varchar(30)],13436093473.3333,12101545164.6445,225932201.2126,124713543,6048562,-0.01681532,-0.01652984,-0.01689755,-0.01742716,-225932201.2126,13436093473.3333,OK,8220755.8918,9199860.2962,4.0013,95.9987,AG03-UNRESOLVED,ALL5_LEVELS_bet23_to_bet27,9199860.2962,9381979.6473,9615816.7414,9858968.4371,9338000.0461,4.001283,4.042136,4.252868,4.666985,4.496035,95.998717,95.957864,95.747132,95.333015,95.503965,4.9901,47394625.1681,43234853.3833,170316820.1526,174476591.9375,PENDING_AG03,FALSE,NOT_FOR_ENFORCEMENT,216732340.9164,11606300486.2161,217711445.3207,208511585.0246,979104.4043,0.01620348,0.01551877,9199860.2962,208511585.0246,0.01551877,9199860.2962,9381979.6473,9615816.7414,9858968.4371,9338000.0461,208511585.0246,0.01551877,47394625.1681,43234853.3833,170316820.1526,174476591.9375,0.01267607,0.01298566,0.00007287,107.7356,2000.7309,37.3530,1625411.5195,1831.5313,96662542.9736,43514.8345,113.5121,106.1793,5.1431,15.4907,52.3519,179.9898,345.407,1499.1118,12.8578,-2.2009,22.297745,96.77516,6.954874,30,300,1326575,23,0.22362557,0.01681532,0.01652984,0.00067931,0.040378,0.900674,0.077531,0.00036771,2026-03-21,2026-08-06,139,123357,4007,139,1.000000,1.069061,1.053617,0.745419,5,0.0,0.0,0.0,0.0,0.0,0.0,n_rounds>=30,137,137,PERCENT_RANK_OVER_ORDER_BY_e_stake,HF9f,OK,L1_POWERED,0.0007571,A 净亏最大十分位 · 优先复核,2,1,A168_HF9F_20260827_0900,2026-08-27 09:00:00
action,2,3,3,🔴 义异且型异,"ods_a168_game_info_verify →  [varchar(12)]  ||  ods_a168_aggregate_transaction → 動作 [enum(''PointInout'',''TimeoutBetReturn'')]  ||  ods_a168_partner_transation → 動作 [enum(''bet'',''settle'',''cancel'',''rollback'',''betSuccess'',''refund'',''rewardDeduct'',''bouns'',''free'',''tip'')]",13436093473.3333,12101545164.6445,225932201.2126,124713543,6048562,-0.01681532,-0.01652984,-0.01689755,-0.01742716,-225932201.2126,13436093473.3333,OK,8220755.8918,9199860.2962,4.0013,95.9987,AG03-UNRESOLVED,ALL5_LEVELS_bet23_to_bet27,9199860.2962,9381979.6473,9615816.7414,9858968.4371,9338000.0461,4.001283,4.042136,4.252868,4.666985,4.496035,95.998717,95.957864,95.747132,95.333015,95.503965,4.9901,47394625.1681,43234853.3833,170316820.1526,174476591.9375,PENDING_AG03,FALSE,NOT_FOR_ENFORCEMENT,216732340.9164,11606300486.2161,217711445.3207,208511585.0246,979104.4043,0.01620348,0.01551877,9199860.2962,208511585.0246,0.01551877,9199860.2962,9381979.6473,9615816.7414,9858968.4371,9338000.0461,208511585.0246,0.01551877,47394625.1681,43234853.3833,170316820.1526,174476591.9375,0.01267607,0.01298566,0.00007287,107.7356,2000.7309,37.3530,1625411.5195,1831.5313,96662542.9736,43514.8345,113.5121,106.1793,5.1431,15.4907,52.3519,179.9898,345.407,1499.1118,12.8578,-2.2009,22.297745,96.77516,6.954874,30,300,1326575,23,0.22362557,0.01681532,0.01652984,0.00067931,0.040378,0.900674,0.077531,0.00036771,2026-03-21,2026-08-06,139,123357,4007,139,1.000000,1.069061,1.053617,0.745419,3,0.0,0.0,0.0,0.0,0.0,0.0,n_rounds>=30,137,137,PERCENT_RANK_OVER_ORDER_BY_e_stake,HF9f,OK,L1_POWERED,0.0007571,A 净亏最大十分位 · 优先复核,3,1,A168_HF9F_20260827_0900,2026-08-27 09:00:00
addtime,2,1,10,🟠 义异型同,ods_a168_game_callwebapi →  [datetime]  ||  ods_a168_employee →  [datetime]  ||  ods_a168_tip →  [datetime]  ||  ods_a168_conversion →  [datetime]  ||  ods_a168_RedPacket_Order → gs寫單時間 [datetime]  ||  ods_a168_agents_LoginPass →  [datetime]  ||  ods_a168_game_log →  [datetime]  ||  ods_a168_alert_ip_setting →  [datetime]  ||  ods_a168_shuffle_info →  [datetime]  ||  ods_a168_ipblacklist →  [datetime],13436093473.3333,12101545164.6445,225932201.2126,124713543,6048562,-0.01681532,-0.01652984,-0.01689755,-0.01742716,-225932201.2126,13436093473.3333,OK,8220755.8918,9199860.2962,4.0013,95.9987,AG03-UNRESOLVED,ALL5_LEVELS_bet23_to_bet27,9199860.2962,9381979.6473,9615816.7414,9858968.4371,9338000.0461,4.001283,4.042136,4.252868,4.666985,4.496035,95.998717,95.957864,95.747132,95.333015,95.503965,4.9901,47394625.1681,43234853.3833,170316820.1526,174476591.9375,PENDING_AG03,FALSE,NOT_FOR_ENFORCEMENT,216732340.9164,11606300486.2161,217711445.3207,208511585.0246,979104.4043,0.01620348,0.01551877,9199860.2962,208511585.0246,0.01551877,9199860.2962,9381979.6473,9615816.7414,9858968.4371,9338000.0461,208511585.0246,0.01551877,47394625.1681,43234853.3833,170316820.1526,174476591.9375,0.01267607,0.01298566,0.00007287,107.7356,2000.7309,37.3530,1625411.5195,1831.5313,96662542.9736,43514.8345,113.5121,106.1793,5.1431,15.4907,52.3519,179.9898,345.407,1499.1118,12.8578,-2.2009,22.297745,96.77516,6.954874,30,300,1326575,23,0.22362557,0.01681532,0.01652984,0.00067931,0.040378,0.900674,0.077531,0.00036771,2026-03-21,2026-08-06,139,123357,4007,139,1.000000,1.069061,1.053617,0.745419,5,0.0,0.0,0.0,0.0,0.0,0.0,n_rounds>=30,137,137,PERCENT_RANK_OVER_ORDER_BY_e_stake,HF9f,OK,L1_POWERED,0.0007571,A 净亏最大十分位 · 优先复核,4,1,A168_HF9F_20260827_0900,2026-08-27 09:00:00
agent_id,2,1,5,🟠 义异型同,ods_a168_RedPacketSetup → 代理id [int(11)]  ||  ods_a168_partner_transation → 代理 id [int(11)]  ||  ods_a168_agent_partner_gamelist → 代理 id [int(11)]  ||  ods_a168_aggregate_setting → 代理 id [int(11)]  ||  ods_a168_partner_setting → 代理 id [int(11)],13436093473.3333,12101545164.6445,225932201.2126,124713543,6048562,-0.01681532,-0.01652984,-0.01689755,-0.01742716,-225932201.2126,13436093473.3333,OK,8220755.8918,9199860.2962,4.0013,95.9987,AG03-UNRESOLVED,ALL5_LEVELS_bet23_to_bet27,9199860.2962,9381979.6473,9615816.7414,9858968.4371,9338000.0461,4.001283,4.042136,4.252868,4.666985,4.496035,95.998717,95.957864,95.747132,95.333015,95.503965,4.9901,47394625.1681,43234853.3833,170316820.1526,174476591.9375,PENDING_AG03,FALSE,NOT_FOR_ENFORCEMENT,216732340.9164,11606300486.2161,217711445.3207,208511585.0246,979104.4043,0.01620348,0.01551877,9199860.2962,208511585.0246,0.01551877,9199860.2962,9381979.6473,9615816.7414,9858968.4371,9338000.0461,208511585.0246,0.01551877,47394625.1681,43234853.3833,170316820.1526,174476591.9375,0.01267607,0.01298566,0.00007287,107.7356,2000.7309,37.3530,1625411.5195,1831.5313,96662542.9736,43514.8345,113.5121,106.1793,5.1431,15.4907,52.3519,179.9898,345.407,1499.1118,12.8578,-2.2009,22.297745,96.77516,6.954874,30,300,1326575,23,0.22362557,0.01681532,0.01652984,0.00067931,0.040378,0.900674,0.077531,0.00036771,2026-03-21,2026-08-06,139,123357,4007,139,1.000000,1.069061,1.053617,0.745419,5,0.0,0.0,0.0,0.0,0.0,0.0,n_rounds>=30,137,137,PERCENT_RANK_OVER_ORDER_BY_e_stake,HF9f,OK,L1_POWERED,0.0007571,A 净亏最大十分位 · 优先复核,5,1,A168_HF9F_20260827_0900,2026-08-27 09:00:00
aid,3,3,4,🔴 义异且型异,ods_a168_white_list →  [varchar(30)]  ||  ods_a168_category → 代理編號 [int(11)]  ||  ods_a168_opengame_log →  [int(11)]  ||  ods_a168_agents_LoginPass → agent_id [int(5)],13436093473.3333,12101545164.6445,225932201.2126,124713543,6048562,-0.01681532,-0.01652984,-0.01689755,-0.01742716,-225932201.2126,13436093473.3333,OK,8220755.8918,9199860.2962,4.0013,95.9987,AG03-UNRESOLVED,ALL5_LEVELS_bet23_to_bet27,9199860.2962,9381979.6473,9615816.7414,9858968.4371,9338000.0461,4.001283,4.042136,4.252868,4.666985,4.496035,95.998717,95.957864,95.747132,95.333015,95.503965,4.9901,47394625.1681,43234853.3833,170316820.1526,174476591.9375,PENDING_AG03,FALSE,NOT_FOR_ENFORCEMENT,216732340.9164,11606300486.2161,217711445.3207,208511585.0246,979104.4043,0.01620348,0.01551877,9199860.2962,208511585.0246,0.01551877,9199860.2962,9381979.6473,9615816.7414,9858968.4371,9338000.0461,208511585.0246,0.01551877,47394625.1681,43234853.3833,170316820.1526,174476591.9375,0.01267607,0.01298566,0.00007287,107.7356,2000.7309,37.3530,1625411.5195,1831.5313,96662542.9736,43514.8345,113.5121,106.1793,5.1431,15.4907,52.3519,179.9898,345.407,1499.1118,12.8578,-2.2009,22.297745,96.77516,6.954874,30,300,1326575,23,0.22362557,0.01681532,0.01652984,0.00067931,0.040378,0.900674,0.077531,0.00036771,2026-03-21,2026-08-06,139,123357,4007,139,1.000000,1.069061,1.053617,0.745419,1,0.0,0.0,0.0,0.0,0.0,0.0,n_rounds>=30,137,137,PERCENT_RANK_OVER_ORDER_BY_e_stake,HF9f,OK,L1_POWERED,0.0007571,A 净亏最大十分位 · 优先复核,6,1,A168_HF9F_20260827_0900,2026-08-27 09:00:00
balance,2,1,2,🟠 义异型同,"ods_a168_aggregate_transaction → 對方餘額 [decimal(16,4)]  ||  ods_a168_partner_transation → 交易前餘額 [decimal(16,4)]",13436093473.3333,12101545164.6445,225932201.2126,124713543,6048562,-0.01681532,-0.01652984,-0.01689755,-0.01742716,-225932201.2126,13436093473.3333,OK,8220755.8918,9199860.2962,4.0013,95.9987,AG03-UNRESOLVED,ALL5_LEVELS_bet23_to_bet27,9199860.2962,9381979.6473,9615816.7414,9858968.4371,9338000.0461,4.001283,4.042136,4.252868,4.666985,4.496035,95.998717,95.957864,95.747132,95.333015,95.503965,4.9901,47394625.1681,43234853.3833,170316820.1526,174476591.9375,PENDING_AG03,FALSE,NOT_FOR_ENFORCEMENT,216732340.9164,11606300486.2161,217711445.3207,208511585.0246,979104.4043,0.01620348,0.01551877,9199860.2962,208511585.0246,0.01551877,9199860.2962,9381979.6473,9615816.7414,9858968.4371,9338000.0461,208511585.0246,0.01551877,47394625.1681,43234853.3833,170316820.1526,174476591.9375,0.01267607,0.01298566,0.00007287,107.7356,2000.7309,37.3530,1625411.5195,1831.5313,96662542.9736,43514.8345,113.5121,106.1793,5.1431,15.4907,52.3519,179.9898,345.407,1499.1118,12.8578,-2.2009,22.297745,96.77516,6.954874,30,300,1326575,23,0.22362557,0.01681532,0.01652984,0.00067931,0.040378,0.900674,0.077531,0.00036771,2026-03-21,2026-08-06,139,123357,4007,139,1.000000,1.069061,1.053617,0.745419,2,0.0,0.0,0.0,0.0,0.0,0.0,n_rounds>=30,137,137,PERCENT_RANK_OVER_ORDER_BY_e_stake,HF9f,OK,L1_POWERED,0.0007571,A 净亏最大十分位 · 优先复核,7,1,A168_HF9F_20260827_0900,2026-08-27 09:00:00
bet01,2,3,7,🔴 义异且型异,ods_a168_bet_No →  [bigint(20)]  ||  ods_a168_orderslist → 注單編號 [bigint(20)]  ||  ods_mariadb_2b_bet01_rt → 注單編號 []  ||  ods_a168_risklist → 注單編號 [bigint(20)]  ||  ods_a168_bet02 → 注單編號 [bigint(20)]  ||  ods_a168_bet_partner → 注單編號 [bigint(11)]  ||  ods_a168_bet01 → 注單編號 [bigint(20)],13436093473.3333,12101545164.6445,225932201.2126,124713543,6048562,-0.01681532,-0.01652984,-0.01689755,-0.01742716,-225932201.2126,13436093473.3333,OK,8220755.8918,9199860.2962,4.0013,95.9987,AG03-UNRESOLVED,ALL5_LEVELS_bet23_to_bet27,9199860.2962,9381979.6473,9615816.7414,9858968.4371,9338000.0461,4.001283,4.042136,4.252868,4.666985,4.496035,95.998717,95.957864,95.747132,95.333015,95.503965,4.9901,47394625.1681,43234853.3833,170316820.1526,174476591.9375,PENDING_AG03,FALSE,NOT_FOR_ENFORCEMENT,216732340.9164,11606300486.2161,217711445.3207,208511585.0246,979104.4043,0.01620348,0.01551877,9199860.2962,208511585.0246,0.01551877,9199860.2962,9381979.6473,9615816.7414,9858968.4371,9338000.0461,208511585.0246,0.01551877,47394625.1681,43234853.3833,170316820.1526,174476591.9375,0.01267607,0.01298566,0.00007287,107.7356,2000.7309,37.3530,1625411.5195,1831.5313,96662542.9736,43514.8345,113.5121,106.1793,5.1431,15.4907,52.3519,179.9898,345.407,1499.1118,12.8578,-2.2009,22.297745,96.77516,6.954874,30,300,1326575,23,0.22362557,0.01681532,0.01652984,0.00067931,0.040378,0.900674,0.077531,0.00036771,2026-03-21,2026-08-06,139,123357,4007,139,1.000000,1.069061,1.053617,0.745419,5,0.0,0.0,0.0,0.0,0.0,0.0,n_rounds>=30,137,137,PERCENT_RANK_OVER_ORDER_BY_e_stake,HF9f,OK,L1_POWERED,0.0007571,A 净亏最大十分位 · 优先复核,8,1,A168_HF9F_20260827_0900,2026-08-27 09:00:00
bet02,4,2,11,🔴 义异且型异,ods_a168_dailyreport_table → 遊戲編號 [int(11)]  ||  ods_a168_bet01 → 遊戲類別編號 [int(11)]  ||  ods_a168_wallet_reporter_copy → 遊戲類別 [int(11)]  ||  ods_a168_bet02 → 遊戲類別編號 [int(11)]  ||  ods_mariadb_2b_bet01_rt → 遊戲類別編號 []  ||  ods_a168_dailyreport2 → 遊戲編號 [int(11)]  ||  ods_a168_SMR_log →  [int(11)]  ||  ods_a168_wallet_reporter → 遊戲類別 [int(11)]  ||  ods_a168_dailyreport_member → 遊戲編號 [int(11)]  ||  ods_a168_dailyreport_usercount → 遊戲編號 [int(11)]  ||  ods_a168_dailyreport → 遊戲編號 [int(11)],13436093473.3333,12101545164.6445,225932201.2126,124713543,6048562,-0.01681532,-0.01652984,-0.01689755,-0.01742716,-225932201.2126,13436093473.3333,OK,8220755.8918,9199860.2962,4.0013,95.9987,AG03-UNRESOLVED,ALL5_LEVELS_bet23_to_bet27,9199860.2962,9381979.6473,9615816.7414,9858968.4371,9338000.0461,4.001283,4.042136,4.252868,4.666985,4.496035,95.998717,95.957864,95.747132,95.333015,95.503965,4.9901,47394625.1681,43234853.3833,170316820.1526,174476591.9375,PENDING_AG03,FALSE,NOT_FOR_ENFORCEMENT,216732340.9164,11606300486.2161,217711445.3207,208511585.0246,979104.4043,0.01620348,0.01551877,9199860.2962,208511585.0246,0.01551877,9199860.2962,9381979.6473,9615816.7414,9858968.4371,9338000.0461,208511585.0246,0.01551877,47394625.1681,43234853.3833,170316820.1526,174476591.9375,0.01267607,0.01298566,0.00007287,107.7356,2000.7309,37.3530,1625411.5195,1831.5313,96662542.9736,43514.8345,113.5121,106.1793,5.1431,15.4907,52.3519,179.9898,345.407,1499.1118,12.8578,-2.2009,22.297745,96.77516,6.954874,30,300,1326575,23,0.22362557,0.01681532,0.01652984,0.00067931,0.040378,0.900674,0.077531,0.00036771,2026-03-21,2026-08-06,139,123357,4007,139,1.000000,1.069061,1.053617,0.745419,5,0.0,0.0,0.0,0.0,0.0,0.0,n_rounds>=30,137,137,PERCENT_RANK_OVER_ORDER_BY_e_stake,HF9f,OK,L1_POWERED,0.0007571,A 净亏最大十分位 · 优先复核,9,1,A168_HF9F_20260827_0900,2026-08-27 09:00:00
bet03,3,3,6,🔴 义异且型异,"ods_a168_wallet_reporter → 期數 [int(11)]  ||  ods_a168_bet01 → 場次編號 [decimal(12,0)]  ||  ods_a168_SMR_log →  [decimal(12,0)]  ||  ods_mariadb_2b_bet01_rt → 場次編號 []  ||  ods_a168_bet02 → 場次編號 [decimal(12,0)]  ||  ods_a168_wallet_reporter_copy → 期數 [int(11)]",13436093473.3333,12101545164.6445,225932201.2126,124713543,6048562,-0.01681532,-0.01652984,-0.01689755,-0.01742716,-225932201.2126,13436093473.3333,OK,8220755.8918,9199860.2962,4.0013,95.9987,AG03-UNRESOLVED,ALL5_LEVELS_bet23_to_bet27,9199860.2962,9381979.6473,9615816.7414,9858968.4371,9338000.0461,4.001283,4.042136,4.252868,4.666985,4.496035,95.998717,95.957864,95.747132,95.333015,95.503965,4.9901,47394625.1681,43234853.3833,170316820.1526,174476591.9375,PENDING_AG03,FALSE,NOT_FOR_ENFORCEMENT,216732340.9164,11606300486.2161,217711445.3207,208511585.0246,979104.4043,0.01620348,0.01551877,9199860.2962,208511585.0246,0.01551877,9199860.2962,9381979.6473,9615816.7414,9858968.4371,9338000.0461,208511585.0246,0.01551877,47394625.1681,43234853.3833,170316820.1526,174476591.9375,0.01267607,0.01298566,0.00007287,107.7356,2000.7309,37.3530,1625411.5195,1831.5313,96662542.9736,43514.8345,113.5121,106.1793,5.1431,15.4907,52.3519,179.9898,345.407,1499.1118,12.8578,-2.2009,22.297745,96.77516,6.954874,30,300,1326575,23,0.22362557,0.01681532,0.01652984,0.00067931,0.040378,0.900674,0.077531,0.00036771,2026-03-21,2026-08-06,139,123357,4007,139,1.000000,1.069061,1.053617,0.745419,4,0.0,0.0,0.0,0.0,0.0,0.0,n_rounds>=30,137,137,PERCENT_RANK_OVER_ORDER_BY_e_stake,HF9f,OK,L1_POWERED,0.0007571,A 净亏最大十分位 · 优先复核,10,1,A168_HF9F_20260827_0900,2026-08-27 09:00:00
bet04,3,2,6,🔴 义异且型异,ods_a168_SMR_log →  [int(11)]  ||  ods_a168_bet02 → 子場次編號 [int(11)]  ||  ods_a168_wallet_reporter_copy → 局號 [int(11)]  ||  ods_mariadb_2b_bet01_rt → 子場次編號 []  ||  ods_a168_bet01 → 子場次編號 [int(11)]  ||  ods_a168_wallet_reporter → 局號 [int(11)],13436093473.3333,12101545164.6445,225932201.2126,124713543,6048562,-0.01681532,-0.01652984,-0.01689755,-0.01742716,-225932201.2126,13436093473.3333,OK,8220755.8918,9199860.2962,4.0013,95.9987,AG03-UNRESOLVED,ALL5_LEVELS_bet23_to_bet27,9199860.2962,9381979.6473,9615816.7414,9858968.4371,9338000.0461,4.001283,4.042136,4.252868,4.666985,4.496035,95.998717,95.957864,95.747132,95.333015,95.503965,4.9901,47394625.1681,43234853.3833,170316820.1526,174476591.9375,PENDING_AG03,FALSE,NOT_FOR_ENFORCEMENT,216732340.9164,11606300486.2161,217711445.3207,208511585.0246,979104.4043,0.01620348,0.01551877,9199860.2962,208511585.0246,0.01551877,9199860.2962,9381979.6473,9615816.7414,9858968.4371,9338000.0461,208511585.0246,0.01551877,47394625.1681,43234853.3833,170316820.1526,174476591.9375,0.01267607,0.01298566,0.00007287,107.7356,2000.7309,37.3530,1625411.5195,1831.5313,96662542.9736,43514.8345,113.5121,106.1793,5.1431,15.4907,52.3519,179.9898,345.407,1499.1118,12.8578,-2.2009,22.297745,96.77516,6.954874,30,300,1326575,23,0.22362557,0.01681532,0.01652984,0.00067931,0.040378,0.900674,0.077531,0.00036771,2026-03-21,2026-08-06,139,123357,4007,139,1.000000,1.069061,1.053617,0.745419,2,0.0,0.0,0.0,0.0,0.0,0.0,n_rounds>=30,137,137,PERCENT_RANK_OVER_ORDER_BY_e_stake,HF9f,OK,L1_POWERED,0.0007571,A 净亏最大十分位 · 优先复核,11,1,A168_HF9F_20260827_0900,2026-08-27 09:00:00
bet14,3,2,7,🔴 义异且型异,"ods_a168_dailyreport_member → 派彩金額 [decimal(16,4)]  ||  ods_mariadb_2b_bet01_rt → 退水％數 []  ||  ods_a168_bet02 → 派彩 [decimal(16,4)]  ||  ods_a168_dailyreport_table → 派彩金額 [decimal(16,4)]  ||  ods_a168_dailyreport2 → 派彩金額 [decimal(16,4)]  ||  ods_a168_dailyreport → 派彩金額 [decimal(16,4)]  ||  ods_a168_bet01 → 退水％數 [decimal(16,4)]",13436093473.3333,12101545164.6445,225932201.2126,124713543,6048562,-0.01681532,-0.01652984,-0.01689755,-0.01742716,-225932201.2126,13436093473.3333,OK,8220755.8918,9199860.2962,4.0013,95.9987,AG03-UNRESOLVED,ALL5_LEVELS_bet23_to_bet27,9199860.2962,9381979.6473,9615816.7414,9858968.4371,9338000.0461,4.001283,4.042136,4.252868,4.666985,4.496035,95.998717,95.957864,95.747132,95.333015,95.503965,4.9901,47394625.1681,43234853.3833,170316820.1526,174476591.9375,PENDING_AG03,FALSE,NOT_FOR_ENFORCEMENT,216732340.9164,11606300486.2161,217711445.3207,208511585.0246,979104.4043,0.01620348,0.01551877,9199860.2962,208511585.0246,0.01551877,9199860.2962,9381979.6473,9615816.7414,9858968.4371,9338000.0461,208511585.0246,0.01551877,47394625.1681,43234853.3833,170316820.1526,174476591.9375,0.01267607,0.01298566,0.00007287,107.7356,2000.7309,37.3530,1625411.5195,1831.5313,96662542.9736,43514.8345,113.5121,106.1793,5.1431,15.4907,52.3519,179.9898,345.407,1499.1118,12.8578,-2.2009,22.297745,96.77516,6.954874,30,300,1326575,23,0.22362557,0.01681532,0.01652984,0.00067931,0.040378,0.900674,0.077531,0.00036771,2026-03-21,2026-08-06,139,123357,4007,139,1.000000,1.069061,1.053617,0.745419,3,0.0,0.0,0.0,0.0,0.0,0.0,n_rounds>=30,137,137,PERCENT_RANK_OVER_ORDER_BY_e_stake,HF9f,OK,L1_POWERED,0.0007571,A 净亏最大十分位 · 优先复核,12,1,A168_HF9F_20260827_0900,2026-08-27 09:00:00
bet15,3,3,6,🔴 义异且型异,"ods_a168_bet02 → 退水％數 [decimal(16,4)]  ||  ods_mariadb_2b_bet01_rt → LV1ID []  ||  ods_a168_dailyreport2 → 會員退水%數 [decimal(16,4)]  ||  ods_a168_bet01 → LV1ID [int(11)]  ||  ods_a168_dailyreport → 會員退水%數 [decimal(16,4)]  ||  ods_a168_dailyreport_member → 會員退水%數 [decimal(16,4)]",13436093473.3333,12101545164.6445,225932201.2126,124713543,6048562,-0.01681532,-0.01652984,-0.01689755,-0.01742716,-225932201.2126,13436093473.3333,OK,8220755.8918,9199860.2962,4.0013,95.9987,AG03-UNRESOLVED,ALL5_LEVELS_bet23_to_bet27,9199860.2962,9381979.6473,9615816.7414,9858968.4371,9338000.0461,4.001283,4.042136,4.252868,4.666985,4.496035,95.998717,95.957864,95.747132,95.333015,95.503965,4.9901,47394625.1681,43234853.3833,170316820.1526,174476591.9375,PENDING_AG03,FALSE,NOT_FOR_ENFORCEMENT,216732340.9164,11606300486.2161,217711445.3207,208511585.0246,979104.4043,0.01620348,0.01551877,9199860.2962,208511585.0246,0.01551877,9199860.2962,9381979.6473,9615816.7414,9858968.4371,9338000.0461,208511585.0246,0.01551877,47394625.1681,43234853.3833,170316820.1526,174476591.9375,0.01267607,0.01298566,0.00007287,107.7356,2000.7309,37.3530,1625411.5195,1831.5313,96662542.9736,43514.8345,113.5121,106.1793,5.1431,15.4907,52.3519,179.9898,345.407,1499.1118,12.8578,-2.2009,22.297745,96.77516,6.954874,30,300,1326575,23,0.22362557,0.01681532,0.01652984,0.00067931,0.040378,0.900674,0.077531,0.00036771,2026-03-21,2026-08-06,139,123357,4007,139,1.000000,1.069061,1.053617,0.745419,4,0.0,0.0,0.0,0.0,0.0,0.0,n_rounds>=30,137,137,PERCENT_RANK_OVER_ORDER_BY_e_stake,HF9f,OK,L1_POWERED,0.0007571,A 净亏最大十分位 · 优先复核,13,1,A168_HF9F_20260827_0900,2026-08-27 09:00:00
bet16,2,3,3,🔴 义异且型异,"ods_a168_bet01 → LV2ID [int(11)]  ||  ods_a168_bet02 → 退水金額 [decimal(16,4)]  ||  ods_mariadb_2b_bet01_rt → LV2ID []",13436093473.3333,12101545164.6445,225932201.2126,124713543,6048562,-0.01681532,-0.01652984,-0.01689755,-0.01742716,-225932201.2126,13436093473.3333,OK,8220755.8918,9199860.2962,4.0013,95.9987,AG03-UNRESOLVED,ALL5_LEVELS_bet23_to_bet27,9199860.2962,9381979.6473,9615816.7414,9858968.4371,9338000.0461,4.001283,4.042136,4.252868,4.666985,4.496035,95.998717,95.957864,95.747132,95.333015,95.503965,4.9901,47394625.1681,43234853.3833,170316820.1526,174476591.9375,PENDING_AG03,FALSE,NOT_FOR_ENFORCEMENT,216732340.9164,11606300486.2161,217711445.3207,208511585.0246,979104.4043,0.01620348,0.01551877,9199860.2962,208511585.0246,0.01551877,9199860.2962,9381979.6473,9615816.7414,9858968.4371,9338000.0461,208511585.0246,0.01551877,47394625.1681,43234853.3833,170316820.1526,174476591.9375,0.01267607,0.01298566,0.00007287,107.7356,2000.7309,37.3530,1625411.5195,1831.5313,96662542.9736,43514.8345,113.5121,106.1793,5.1431,15.4907,52.3519,179.9898,345.407,1499.1118,12.8578,-2.2009,22.297745,96.77516,6.954874,30,300,1326575,23,0.22362557,0.01681532,0.01652984,0.00067931,0.040378,0.900674,0.077531,0.00036771,2026-03-21,2026-08-06,139,123357,4007,139,1.000000,1.069061,1.053617,0.745419,3,0.0,0.0,0.0,0.0,0.0,0.0,n_rounds>=30,137,137,PERCENT_RANK_OVER_ORDER_BY_e_stake,HF9f,OK,L1_POWERED,0.0007571,A 净亏最大十分位 · 优先复核,14,1,A168_HF9F_20260827_0900,2026-08-27 09:00:00
bet17,2,3,3,🔴 义异且型异,"ods_a168_bet02 → 結果 [decimal(16,4)]  ||  ods_a168_bet01 → LV3ID [int(11)]  ||  ods_mariadb_2b_bet01_rt → LV3ID []",13436093473.3333,12101545164.6445,225932201.2126,124713543,6048562,-0.01681532,-0.01652984,-0.01689755,-0.01742716,-225932201.2126,13436093473.3333,OK,8220755.8918,9199860.2962,4.0013,95.9987,AG03-UNRESOLVED,ALL5_LEVELS_bet23_to_bet27,9199860.2962,9381979.6473,9615816.7414,9858968.4371,9338000.0461,4.001283,4.042136,4.252868,4.666985,4.496035,95.998717,95.957864,95.747132,95.333015,95.503965,4.9901,47394625.1681,43234853.3833,170316820.1526,174476591.9375,PENDING_AG03,FALSE,NOT_FOR_ENFORCEMENT,216732340.9164,11606300486.2161,217711445.3207,208511585.0246,979104.4043,0.01620348,0.01551877,9199860.2962,208511585.0246,0.01551877,9199860.2962,9381979.6473,9615816.7414,9858968.4371,9338000.0461,208511585.0246,0.01551877,47394625.1681,43234853.3833,170316820.1526,174476591.9375,0.01267607,0.01298566,0.00007287,107.7356,2000.7309,37.3530,1625411.5195,1831.5313,96662542.9736,43514.8345,113.5121,106.1793,5.1431,15.4907,52.3519,179.9898,345.407,1499.1118,12.8578,-2.2009,22.297745,96.77516,6.954874,30,300,1326575,23,0.22362557,0.01681532,0.01652984,0.00067931,0.040378,0.900674,0.077531,0.00036771,2026-03-21,2026-08-06,139,123357,4007,139,1.000000,1.069061,1.053617,0.745419,2,0.0,0.0,0.0,0.0,0.0,0.0,n_rounds>=30,137,137,PERCENT_RANK_OVER_ORDER_BY_e_stake,HF9f,OK,L1_POWERED,0.0007571,A 净亏最大十分位 · 优先复核,15,1,A168_HF9F_20260827_0900,2026-08-27 09:00:00
bet18,2,2,8,🔴 义异且型异,ods_a168_bet02 → LV1ID [int(11)]  ||  ods_a168_dailyreport2 → LV1ID [int(11)]  ||  ods_mariadb_2b_bet01_rt → LV4ID []  ||  ods_a168_dailyreport → LV1ID [int(11)]  ||  ods_a168_dailyreport_table → LV1ID [int(11)]  ||  ods_a168_dailyreport_usercount → LV1ID [int(11)]  ||  ods_a168_bet01 → LV4ID [int(11)]  ||  ods_a168_dailyreport_member → LV1ID [int(11)],13436093473.3333,12101545164.6445,225932201.2126,124713543,6048562,-0.01681532,-0.01652984,-0.01689755,-0.01742716,-225932201.2126,13436093473.3333,OK,8220755.8918,9199860.2962,4.0013,95.9987,AG03-UNRESOLVED,ALL5_LEVELS_bet23_to_bet27,9199860.2962,9381979.6473,9615816.7414,9858968.4371,9338000.0461,4.001283,4.042136,4.252868,4.666985,4.496035,95.998717,95.957864,95.747132,95.333015,95.503965,4.9901,47394625.1681,43234853.3833,170316820.1526,174476591.9375,PENDING_AG03,FALSE,NOT_FOR_ENFORCEMENT,216732340.9164,11606300486.2161,217711445.3207,208511585.0246,979104.4043,0.01620348,0.01551877,9199860.2962,208511585.0246,0.01551877,9199860.2962,9381979.6473,9615816.7414,9858968.4371,9338000.0461,208511585.0246,0.01551877,47394625.1681,43234853.3833,170316820.1526,174476591.9375,0.01267607,0.01298566,0.00007287,107.7356,2000.7309,37.3530,1625411.5195,1831.5313,96662542.9736,43514.8345,113.5121,106.1793,5.1431,15.4907,52.3519,179.9898,345.407,1499.1118,12.8578,-2.2009,22.297745,96.77516,6.954874,30,300,1326575,23,0.22362557,0.01681532,0.01652984,0.00067931,0.040378,0.900674,0.077531,0.00036771,2026-03-21,2026-08-06,139,123357,4007,139,1.000000,1.069061,1.053617,0.745419,3,0.0,0.0,0.0,0.0,0.0,0.0,n_rounds>=30,137,137,PERCENT_RANK_OVER_ORDER_BY_e_stake,HF9f,OK,L1_POWERED,0.0007571,A 净亏最大十分位 · 优先复核,16,1,A168_HF9F_20260827_0900,2026-08-27 09:00:00
bet19,2,2,6,🔴 义异且型异,ods_a168_dailyreport → LV2ID [int(11)]  ||  ods_a168_bet01 → LV5ID [int(11)]  ||  ods_a168_dailyreport_member → LV2ID [int(11)]  ||  ods_a168_bet02 → LV2ID [int(11)]  ||  ods_mariadb_2b_bet01_rt → LV5ID []  ||  ods_a168_dailyreport2 → LV2ID [int(11)],13436093473.3333,12101545164.6445,225932201.2126,124713543,6048562,-0.01681532,-0.01652984,-0.01689755,-0.01742716,-225932201.2126,13436093473.3333,OK,8220755.8918,9199860.2962,4.0013,95.9987,AG03-UNRESOLVED,ALL5_LEVELS_bet23_to_bet27,9199860.2962,9381979.6473,9615816.7414,9858968.4371,9338000.0461,4.001283,4.042136,4.252868,4.666985,4.496035,95.998717,95.957864,95.747132,95.333015,95.503965,4.9901,47394625.1681,43234853.3833,170316820.1526,174476591.9375,PENDING_AG03,FALSE,NOT_FOR_ENFORCEMENT,216732340.9164,11606300486.2161,217711445.3207,208511585.0246,979104.4043,0.01620348,0.01551877,9199860.2962,208511585.0246,0.01551877,9199860.2962,9381979.6473,9615816.7414,9858968.4371,9338000.0461,208511585.0246,0.01551877,47394625.1681,43234853.3833,170316820.1526,174476591.9375,0.01267607,0.01298566,0.00007287,107.7356,2000.7309,37.3530,1625411.5195,1831.5313,96662542.9736,43514.8345,113.5121,106.1793,5.1431,15.4907,52.3519,179.9898,345.407,1499.1118,12.8578,-2.2009,22.297745,96.77516,6.954874,30,300,1326575,23,0.22362557,0.01681532,0.01652984,0.00067931,0.040378,0.900674,0.077531,0.00036771,2026-03-21,2026-08-06,139,123357,4007,139,1.000000,1.069061,1.053617,0.745419,5,0.0,0.0,0.0,0.0,0.0,0.0,n_rounds>=30,137,137,PERCENT_RANK_OVER_ORDER_BY_e_stake,HF9f,OK,L1_POWERED,0.0007571,A 净亏最大十分位 · 优先复核,17,1,A168_HF9F_20260827_0900,2026-08-27 09:00:00
bet20,2,3,6,🔴 义异且型异,"ods_a168_bet01 → LV1佔成 [decimal(16,4)]  ||  ods_a168_dailyreport_member → LV3ID [int(11)]  ||  ods_mariadb_2b_bet01_rt → LV1佔成 []  ||  ods_a168_bet02 → LV3ID [int(11)]  ||  ods_a168_dailyreport → LV3ID [int(11)]  ||  ods_a168_dailyreport2 → LV3ID [int(11)]",13436093473.3333,12101545164.6445,225932201.2126,124713543,6048562,-0.01681532,-0.01652984,-0.01689755,-0.01742716,-225932201.2126,13436093473.3333,OK,8220755.8918,9199860.2962,4.0013,95.9987,AG03-UNRESOLVED,ALL5_LEVELS_bet23_to_bet27,9199860.2962,9381979.6473,9615816.7414,9858968.4371,9338000.0461,4.001283,4.042136,4.252868,4.666985,4.496035,95.998717,95.957864,95.747132,95.333015,95.503965,4.9901,47394625.1681,43234853.3833,170316820.1526,174476591.9375,PENDING_AG03,FALSE,NOT_FOR_ENFORCEMENT,216732340.9164,11606300486.2161,217711445.3207,208511585.0246,979104.4043,0.01620348,0.01551877,9199860.2962,208511585.0246,0.01551877,9199860.2962,9381979.6473,9615816.7414,9858968.4371,9338000.0461,208511585.0246,0.01551877,47394625.1681,43234853.3833,170316820.1526,174476591.9375,0.01267607,0.01298566,0.00007287,107.7356,2000.7309,37.3530,1625411.5195,1831.5313,96662542.9736,43514.8345,113.5121,106.1793,5.1431,15.4907,52.3519,179.9898,345.407,1499.1118,12.8578,-2.2009,22.297745,96.77516,6.954874,30,300,1326575,23,0.22362557,0.01681532,0.01652984,0.00067931,0.040378,0.900674,0.077531,0.00036771,2026-03-21,2026-08-06,139,123357,4007,139,1.000000,1.069061,1.053617,0.745419,4,0.0,0.0,0.0,0.0,0.0,0.0,n_rounds>=30,137,137,PERCENT_RANK_OVER_ORDER_BY_e_stake,HF9f,OK,L1_POWERED,0.0007571,A 净亏最大十分位 · 优先复核,18,1,A168_HF9F_20260827_0900,2026-08-27 09:00:00
bet21,2,3,6,🔴 义异且型异,"ods_mariadb_2b_bet01_rt → LV2佔成 []  ||  ods_a168_bet02 → LV4ID [int(11)]  ||  ods_a168_dailyreport → LV4ID [int(11)]  ||  ods_a168_bet01 → LV2佔成 [decimal(16,4)]  ||  ods_a168_dailyreport_member → LV4ID [int(11)]  ||  ods_a168_dailyreport2 → LV4ID [int(11)]",13436093473.3333,12101545164.6445,225932201.2126,124713543,6048562,-0.01681532,-0.01652984,-0.01689755,-0.01742716,-225932201.2126,13436093473.3333,OK,8220755.8918,9199860.2962,4.0013,95.9987,AG03-UNRESOLVED,ALL5_LEVELS_bet23_to_bet27,9199860.2962,9381979.6473,9615816.7414,9858968.4371,9338000.0461,4.001283,4.042136,4.252868,4.666985,4.496035,95.998717,95.957864,95.747132,95.333015,95.503965,4.9901,47394625.1681,43234853.3833,170316820.1526,174476591.9375,PENDING_AG03,FALSE,NOT_FOR_ENFORCEMENT,216732340.9164,11606300486.2161,217711445.3207,208511585.0246,979104.4043,0.01620348,0.01551877,9199860.2962,208511585.0246,0.01551877,9199860.2962,9381979.6473,9615816.7414,9858968.4371,9338000.0461,208511585.0246,0.01551877,47394625.1681,43234853.3833,170316820.1526,174476591.9375,0.01267607,0.01298566,0.00007287,107.7356,2000.7309,37.3530,1625411.5195,1831.5313,96662542.9736,43514.8345,113.5121,106.1793,5.1431,15.4907,52.3519,179.9898,345.407,1499.1118,12.8578,-2.2009,22.297745,96.77516,6.954874,30,300,1326575,23,0.22362557,0.01681532,0.01652984,0.00067931,0.040378,0.900674,0.077531,0.00036771,2026-03-21,2026-08-06,139,123357,4007,139,1.000000,1.069061,1.053617,0.745419,3,0.0,0.0,0.0,0.0,0.0,0.0,n_rounds>=30,137,137,PERCENT_RANK_OVER_ORDER_BY_e_stake,HF9f,OK,L1_POWERED,0.0007571,A 净亏最大十分位 · 优先复核,19,1,A168_HF9F_20260827_0900,2026-08-27 09:00:00
bet22,4,3,9,🔴 义异且型异,"ods_a168_dailyreport2 → LV5ID [int(11)]  ||  ods_a168_SMR_log →  [int(11)]  ||  ods_mariadb_2b_bet01_rt → LV3佔成 []  ||  ods_a168_bet01 → LV3佔成 [decimal(16,4)]  ||  ods_a168_bet02 → LV5ID [int(11)]  ||  ods_a168_dailyreport → LV5ID [int(11)]  ||  ods_a168_wallet_reporter_copy → 代理 [int(11)]  ||  ods_a168_dailyreport_member → LV5ID [int(11)]  ||  ods_a168_wallet_reporter → 代理 [int(11)]",13436093473.3333,12101545164.6445,225932201.2126,124713543,6048562,-0.01681532,-0.01652984,-0.01689755,-0.01742716,-225932201.2126,13436093473.3333,OK,8220755.8918,9199860.2962,4.0013,95.9987,AG03-UNRESOLVED,ALL5_LEVELS_bet23_to_bet27,9199860.2962,9381979.6473,9615816.7414,9858968.4371,9338000.0461,4.001283,4.042136,4.252868,4.666985,4.496035,95.998717,95.957864,95.747132,95.333015,95.503965,4.9901,47394625.1681,43234853.3833,170316820.1526,174476591.9375,PENDING_AG03,FALSE,NOT_FOR_ENFORCEMENT,216732340.9164,11606300486.2161,217711445.3207,208511585.0246,979104.4043,0.01620348,0.01551877,9199860.2962,208511585.0246,0.01551877,9199860.2962,9381979.6473,9615816.7414,9858968.4371,9338000.0461,208511585.0246,0.01551877,47394625.1681,43234853.3833,170316820.1526,174476591.9375,0.01267607,0.01298566,0.00007287,107.7356,2000.7309,37.3530,1625411.5195,1831.5313,96662542.9736,43514.8345,113.5121,106.1793,5.1431,15.4907,52.3519,179.9898,345.407,1499.1118,12.8578,-2.2009,22.297745,96.77516,6.954874,30,300,1326575,23,0.22362557,0.01681532,0.01652984,0.00067931,0.040378,0.900674,0.077531,0.00036771,2026-03-21,2026-08-06,139,123357,4007,139,1.000000,1.069061,1.053617,0.745419,2,0.0,0.0,0.0,0.0,0.0,0.0,n_rounds>=30,137,137,PERCENT_RANK_OVER_ORDER_BY_e_stake,HF9f,OK,L1_POWERED,0.0007571,A 净亏最大十分位 · 优先复核,20,1,A168_HF9F_20260827_0900,2026-08-27 09:00:00
bet23,3,2,7,🔴 义异且型异,"ods_a168_bet01 → LV4佔成 [decimal(16,4)]  ||  ods_a168_dailyreport → LV1佔成 [decimal(16,4)]  ||  ods_a168_dailyreport_member → LV1占成 [decimal(16,4)]  ||  ods_a168_dailyreport2 → LV1佔成 [decimal(16,4)]  ||  ods_a168_bet02 → LV1佔成 [decimal(16,4)]  ||  ods_a168_dailyreport_table → LV1占成 [decimal(16,4)]  ||  ods_mariadb_2b_bet01_rt → LV4佔成 []",13436093473.3333,12101545164.6445,225932201.2126,124713543,6048562,-0.01681532,-0.01652984,-0.01689755,-0.01742716,-225932201.2126,13436093473.3333,OK,8220755.8918,9199860.2962,4.0013,95.9987,AG03-UNRESOLVED,ALL5_LEVELS_bet23_to_bet27,9199860.2962,9381979.6473,9615816.7414,9858968.4371,9338000.0461,4.001283,4.042136,4.252868,4.666985,4.496035,95.998717,95.957864,95.747132,95.333015,95.503965,4.9901,47394625.1681,43234853.3833,170316820.1526,174476591.9375,PENDING_AG03,FALSE,NOT_FOR_ENFORCEMENT,216732340.9164,11606300486.2161,217711445.3207,208511585.0246,979104.4043,0.01620348,0.01551877,9199860.2962,208511585.0246,0.01551877,9199860.2962,9381979.6473,9615816.7414,9858968.4371,9338000.0461,208511585.0246,0.01551877,47394625.1681,43234853.3833,170316820.1526,174476591.9375,0.01267607,0.01298566,0.00007287,107.7356,2000.7309,37.3530,1625411.5195,1831.5313,96662542.9736,43514.8345,113.5121,106.1793,5.1431,15.4907,52.3519,179.9898,345.407,1499.1118,12.8578,-2.2009,22.297745,96.77516,6.954874,30,300,1326575,23,0.22362557,0.01681532,0.01652984,0.00067931,0.040378,0.900674,0.077531,0.00036771,2026-03-21,2026-08-06,139,123357,4007,139,1.000000,1.069061,1.053617,0.745419,4,0.0,0.0,0.0,0.0,0.0,0.0,n_rounds>=30,137,137,PERCENT_RANK_OVER_ORDER_BY_e_stake,HF9f,OK,L1_POWERED,0.0007571,A 净亏最大十分位 · 优先复核,21,1,A168_HF9F_20260827_0900,2026-08-27 09:00:00
bet24,3,2,6,🔴 义异且型异,"ods_a168_bet02 → LV2佔成 [decimal(16,4)]  ||  ods_a168_dailyreport → LV2佔成 [decimal(16,4)]  ||  ods_a168_dailyreport2 → LV2佔成 [decimal(16,4)]  ||  ods_a168_bet01 → LV5佔成 [decimal(16,4)]  ||  ods_a168_dailyreport_member → LV2占成 [decimal(16,4)]  ||  ods_mariadb_2b_bet01_rt → LV5佔成 []",13436093473.3333,12101545164.6445,225932201.2126,124713543,6048562,-0.01681532,-0.01652984,-0.01689755,-0.01742716,-225932201.2126,13436093473.3333,OK,8220755.8918,9199860.2962,4.0013,95.9987,AG03-UNRESOLVED,ALL5_LEVELS_bet23_to_bet27,9199860.2962,9381979.6473,9615816.7414,9858968.4371,9338000.0461,4.001283,4.042136,4.252868,4.666985,4.496035,95.998717,95.957864,95.747132,95.333015,95.503965,4.9901,47394625.1681,43234853.3833,170316820.1526,174476591.9375,PENDING_AG03,FALSE,NOT_FOR_ENFORCEMENT,216732340.9164,11606300486.2161,217711445.3207,208511585.0246,979104.4043,0.01620348,0.01551877,9199860.2962,208511585.0246,0.01551877,9199860.2962,9381979.6473,9615816.7414,9858968.4371,9338000.0461,208511585.0246,0.01551877,47394625.1681,43234853.3833,170316820.1526,174476591.9375,0.01267607,0.01298566,0.00007287,107.7356,2000.7309,37.3530,1625411.5195,1831.5313,96662542.9736,43514.8345,113.5121,106.1793,5.1431,15.4907,52.3519,179.9898,345.407,1499.1118,12.8578,-2.2009,22.297745,96.77516,6.954874,30,300,1326575,23,0.22362557,0.01681532,0.01652984,0.00067931,0.040378,0.900674,0.077531,0.00036771,2026-03-21,2026-08-06,139,123357,4007,139,1.000000,1.069061,1.053617,0.745419,1,0.0,0.0,0.0,0.0,0.0,0.0,n_rounds>=30,137,137,PERCENT_RANK_OVER_ORDER_BY_e_stake,HF9f,OK,L1_POWERED,0.0007571,A 净亏最大十分位 · 优先复核,22,1,A168_HF9F_20260827_0900,2026-08-27 09:00:00
bet25,3,2,6,🔴 义异且型异,"ods_a168_bet01 → LV1退水%數 [decimal(16,4)]  ||  ods_mariadb_2b_bet01_rt → LV1退水%數 []  ||  ods_a168_dailyreport2 → LV3佔成 [decimal(16,4)]  ||  ods_a168_dailyreport_member → LV3占成 [decimal(16,4)]  ||  ods_a168_dailyreport → LV3佔成 [decimal(16,4)]  ||  ods_a168_bet02 → LV3佔成 [decimal(16,4)]",13436093473.3333,12101545164.6445,225932201.2126,124713543,6048562,-0.01681532,-0.01652984,-0.01689755,-0.01742716,-225932201.2126,13436093473.3333,OK,8220755.8918,9199860.2962,4.0013,95.9987,AG03-UNRESOLVED,ALL5_LEVELS_bet23_to_bet27,9199860.2962,9381979.6473,9615816.7414,9858968.4371,9338000.0461,4.001283,4.042136,4.252868,4.666985,4.496035,95.998717,95.957864,95.747132,95.333015,95.503965,4.9901,47394625.1681,43234853.3833,170316820.1526,174476591.9375,PENDING_AG03,FALSE,NOT_FOR_ENFORCEMENT,216732340.9164,11606300486.2161,217711445.3207,208511585.0246,979104.4043,0.01620348,0.01551877,9199860.2962,208511585.0246,0.01551877,9199860.2962,9381979.6473,9615816.7414,9858968.4371,9338000.0461,208511585.0246,0.01551877,47394625.1681,43234853.3833,170316820.1526,174476591.9375,0.01267607,0.01298566,0.00007287,107.7356,2000.7309,37.3530,1625411.5195,1831.5313,96662542.9736,43514.8345,113.5121,106.1793,5.1431,15.4907,52.3519,179.9898,345.407,1499.1118,12.8578,-2.2009,22.297745,96.77516,6.954874,30,300,1326575,23,0.22362557,0.01681532,0.01652984,0.00067931,0.040378,0.900674,0.077531,0.00036771,2026-03-21,2026-08-06,139,123357,4007,139,1.000000,1.069061,1.053617,0.745419,1,0.0,0.0,0.0,0.0,0.0,0.0,n_rounds>=30,137,137,PERCENT_RANK_OVER_ORDER_BY_e_stake,HF9f,OK,L1_POWERED,0.0007571,A 净亏最大十分位 · 优先复核,23,1,A168_HF9F_20260827_0900,2026-08-27 09:00:00
bet26,3,2,6,🔴 义异且型异,"ods_mariadb_2b_bet01_rt → LV2退水%數 []  ||  ods_a168_bet01 → LV2退水%數 [decimal(16,4)]  ||  ods_a168_bet02 → LV4佔成 [decimal(16,4)]  ||  ods_a168_dailyreport2 → LV4佔成 [decimal(16,4)]  ||  ods_a168_dailyreport_member → LV4占成 [decimal(16,4)]  ||  ods_a168_dailyreport → LV4佔成 [decimal(16,4)]",13436093473.3333,12101545164.6445,225932201.2126,124713543,6048562,-0.01681532,-0.01652984,-0.01689755,-0.01742716,-225932201.2126,13436093473.3333,OK,8220755.8918,9199860.2962,4.0013,95.9987,AG03-UNRESOLVED,ALL5_LEVELS_bet23_to_bet27,9199860.2962,9381979.6473,9615816.7414,9858968.4371,9338000.0461,4.001283,4.042136,4.252868,4.666985,4.496035,95.998717,95.957864,95.747132,95.333015,95.503965,4.9901,47394625.1681,43234853.3833,170316820.1526,174476591.9375,PENDING_AG03,FALSE,NOT_FOR_ENFORCEMENT,216732340.9164,11606300486.2161,217711445.3207,208511585.0246,979104.4043,0.01620348,0.01551877,9199860.2962,208511585.0246,0.01551877,9199860.2962,9381979.6473,9615816.7414,9858968.4371,9338000.0461,208511585.0246,0.01551877,47394625.1681,43234853.3833,170316820.1526,174476591.9375,0.01267607,0.01298566,0.00007287,107.7356,2000.7309,37.3530,1625411.5195,1831.5313,96662542.9736,43514.8345,113.5121,106.1793,5.1431,15.4907,52.3519,179.9898,345.407,1499.1118,12.8578,-2.2009,22.297745,96.77516,6.954874,30,300,1326575,23,0.22362557,0.01681532,0.01652984,0.00067931,0.040378,0.900674,0.077531,0.00036771,2026-03-21,2026-08-06,139,123357,4007,139,1.000000,1.069061,1.053617,0.745419,2,0.0,0.0,0.0,0.0,0.0,0.0,n_rounds>=30,137,137,PERCENT_RANK_OVER_ORDER_BY_e_stake,HF9f,OK,L1_POWERED,0.0007571,A 净亏最大十分位 · 优先复核,24,1,A168_HF9F_20260827_0900,2026-08-27 09:00:00
bet27,3,2,6,🔴 义异且型异,"ods_a168_dailyreport_member → LV5占成 [decimal(16,4)]  ||  ods_a168_dailyreport → LV5佔成 [decimal(16,4)]  ||  ods_a168_bet01 → LV3退水%數 [decimal(16,4)]  ||  ods_mariadb_2b_bet01_rt → LV3退水%數 []  ||  ods_a168_dailyreport2 → LV5佔成 [decimal(16,4)]  ||  ods_a168_bet02 → LV5佔成 [decimal(16,4)]",13436093473.3333,12101545164.6445,225932201.2126,124713543,6048562,-0.01681532,-0.01652984,-0.01689755,-0.01742716,-225932201.2126,13436093473.3333,OK,8220755.8918,9199860.2962,4.0013,95.9987,AG03-UNRESOLVED,ALL5_LEVELS_bet23_to_bet27,9199860.2962,9381979.6473,9615816.7414,9858968.4371,9338000.0461,4.001283,4.042136,4.252868,4.666985,4.496035,95.998717,95.957864,95.747132,95.333015,95.503965,4.9901,47394625.1681,43234853.3833,170316820.1526,174476591.9375,PENDING_AG03,FALSE,NOT_FOR_ENFORCEMENT,216732340.9164,11606300486.2161,217711445.3207,208511585.0246,979104.4043,0.01620348,0.01551877,9199860.2962,208511585.0246,0.01551877,9199860.2962,9381979.6473,9615816.7414,9858968.4371,9338000.0461,208511585.0246,0.01551877,47394625.1681,43234853.3833,170316820.1526,174476591.9375,0.01267607,0.01298566,0.00007287,107.7356,2000.7309,37.3530,1625411.5195,1831.5313,96662542.9736,43514.8345,113.5121,106.1793,5.1431,15.4907,52.3519,179.9898,345.407,1499.1118,12.8578,-2.2009,22.297745,96.77516,6.954874,30,300,1326575,23,0.22362557,0.01681532,0.01652984,0.00067931,0.040378,0.900674,0.077531,0.00036771,2026-03-21,2026-08-06,139,123357,4007,139,1.000000,1.069061,1.053617,0.745419,2,0.0,0.0,0.0,0.0,0.0,0.0,n_rounds>=30,137,137,PERCENT_RANK_OVER_ORDER_BY_e_stake,HF9f,OK,L1_POWERED,0.0007571,A 净亏最大十分位 · 优先复核,25,1,A168_HF9F_20260827_0900,2026-08-27 09:00:00
bet28,3,2,7,🔴 义异且型异,"ods_a168_dailyreport2 → LV1退水 [decimal(16,4)]  ||  ods_a168_dailyreport → LV1退水 [decimal(16,4)]  ||  ods_mariadb_2b_bet01_rt → LV4退水%數 []  ||  ods_a168_bet02 → LV1退水%數 [decimal(16,4)]  ||  ods_a168_bet01 → LV4退水%數 [decimal(16,4)]  ||  ods_a168_dailyreport_member → LV1退水 [decimal(16,4)]  ||  ods_a168_dailyreport_table → LV1退水%數 [decimal(16,4)]",13436093473.3333,12101545164.6445,225932201.2126,124713543,6048562,-0.01681532,-0.01652984,-0.01689755,-0.01742716,-225932201.2126,13436093473.3333,OK,8220755.8918,9199860.2962,4.0013,95.9987,AG03-UNRESOLVED,ALL5_LEVELS_bet23_to_bet27,9199860.2962,9381979.6473,9615816.7414,9858968.4371,9338000.0461,4.001283,4.042136,4.252868,4.666985,4.496035,95.998717,95.957864,95.747132,95.333015,95.503965,4.9901,47394625.1681,43234853.3833,170316820.1526,174476591.9375,PENDING_AG03,FALSE,NOT_FOR_ENFORCEMENT,216732340.9164,11606300486.2161,217711445.3207,208511585.0246,979104.4043,0.01620348,0.01551877,9199860.2962,208511585.0246,0.01551877,9199860.2962,9381979.6473,9615816.7414,9858968.4371,9338000.0461,208511585.0246,0.01551877,47394625.1681,43234853.3833,170316820.1526,174476591.9375,0.01267607,0.01298566,0.00007287,107.7356,2000.7309,37.3530,1625411.5195,1831.5313,96662542.9736,43514.8345,113.5121,106.1793,5.1431,15.4907,52.3519,179.9898,345.407,1499.1118,12.8578,-2.2009,22.297745,96.77516,6.954874,30,300,1326575,23,0.22362557,0.01681532,0.01652984,0.00067931,0.040378,0.900674,0.077531,0.00036771,2026-03-21,2026-08-06,139,123357,4007,139,1.000000,1.069061,1.053617,0.745419,2,0.0,0.0,0.0,0.0,0.0,0.0,n_rounds>=30,137,137,PERCENT_RANK_OVER_ORDER_BY_e_stake,HF9f,OK,L1_POWERED,0.0007571,A 净亏最大十分位 · 优先复核,26,1,A168_HF9F_20260827_0900,2026-08-27 09:00:00
bet29,3,2,6,🔴 义异且型异,"ods_a168_bet01 → LV5退水%數 [decimal(16,4)]  ||  ods_mariadb_2b_bet01_rt → LV5退水%數 []  ||  ods_a168_dailyreport_member → LV2退水 [decimal(16,4)]  ||  ods_a168_dailyreport2 → LV2退水 [decimal(16,4)]  ||  ods_a168_dailyreport → LV2退水 [decimal(16,4)]  ||  ods_a168_bet02 → LV2退水%數 [decimal(16,4)]",13436093473.3333,12101545164.6445,225932201.2126,124713543,6048562,-0.01681532,-0.01652984,-0.01689755,-0.01742716,-225932201.2126,13436093473.3333,OK,8220755.8918,9199860.2962,4.0013,95.9987,AG03-UNRESOLVED,ALL5_LEVELS_bet23_to_bet27,9199860.2962,9381979.6473,9615816.7414,9858968.4371,9338000.0461,4.001283,4.042136,4.252868,4.666985,4.496035,95.998717,95.957864,95.747132,95.333015,95.503965,4.9901,47394625.1681,43234853.3833,170316820.1526,174476591.9375,PENDING_AG03,FALSE,NOT_FOR_ENFORCEMENT,216732340.9164,11606300486.2161,217711445.3207,208511585.0246,979104.4043,0.01620348,0.01551877,9199860.2962,208511585.0246,0.01551877,9199860.2962,9381979.6473,9615816.7414,9858968.4371,9338000.0461,208511585.0246,0.01551877,47394625.1681,43234853.3833,170316820.1526,174476591.9375,0.01267607,0.01298566,0.00007287,107.7356,2000.7309,37.3530,1625411.5195,1831.5313,96662542.9736,43514.8345,113.5121,106.1793,5.1431,15.4907,52.3519,179.9898,345.407,1499.1118,12.8578,-2.2009,22.297745,96.77516,6.954874,30,300,1326575,23,0.22362557,0.01681532,0.01652984,0.00067931,0.040378,0.900674,0.077531,0.00036771,2026-03-21,2026-08-06,139,123357,4007,139,1.000000,1.069061,1.053617,0.745419,5,0.0,0.0,0.0,0.0,0.0,0.0,n_rounds>=30,137,137,PERCENT_RANK_OVER_ORDER_BY_e_stake,HF9f,OK,L1_POWERED,0.0007571,A 净亏最大十分位 · 优先复核,27,1,A168_HF9F_20260827_0900,2026-08-27 09:00:00
bet30,3,3,6,🔴 义异且型异,"ods_a168_dailyreport2 → LV3退水 [decimal(16,4)]  ||  ods_mariadb_2b_bet01_rt → 取消單 []  ||  ods_a168_bet02 → LV3退水%數 [decimal(16,4)]  ||  ods_a168_dailyreport → LV3退水 [decimal(16,4)]  ||  ods_a168_bet01 → 取消單 [enum(''Y'',''N'')]  ||  ods_a168_dailyreport_member → LV3退水 [decimal(16,4)]",13436093473.3333,12101545164.6445,225932201.2126,124713543,6048562,-0.01681532,-0.01652984,-0.01689755,-0.01742716,-225932201.2126,13436093473.3333,OK,8220755.8918,9199860.2962,4.0013,95.9987,AG03-UNRESOLVED,ALL5_LEVELS_bet23_to_bet27,9199860.2962,9381979.6473,9615816.7414,9858968.4371,9338000.0461,4.001283,4.042136,4.252868,4.666985,4.496035,95.998717,95.957864,95.747132,95.333015,95.503965,4.9901,47394625.1681,43234853.3833,170316820.1526,174476591.9375,PENDING_AG03,FALSE,NOT_FOR_ENFORCEMENT,216732340.9164,11606300486.2161,217711445.3207,208511585.0246,979104.4043,0.01620348,0.01551877,9199860.2962,208511585.0246,0.01551877,9199860.2962,9381979.6473,9615816.7414,9858968.4371,9338000.0461,208511585.0246,0.01551877,47394625.1681,43234853.3833,170316820.1526,174476591.9375,0.01267607,0.01298566,0.00007287,107.7356,2000.7309,37.3530,1625411.5195,1831.5313,96662542.9736,43514.8345,113.5121,106.1793,5.1431,15.4907,52.3519,179.9898,345.407,1499.1118,12.8578,-2.2009,22.297745,96.77516,6.954874,30,300,1326575,23,0.22362557,0.01681532,0.01652984,0.00067931,0.040378,0.900674,0.077531,0.00036771,2026-03-21,2026-08-06,139,123357,4007,139,1.000000,1.069061,1.053617,0.745419,4,0.0,0.0,0.0,0.0,0.0,0.0,n_rounds>=30,137,137,PERCENT_RANK_OVER_ORDER_BY_e_stake,HF9f,OK,L1_POWERED,0.0007571,A 净亏最大十分位 · 优先复核,28,1,A168_HF9F_20260827_0900,2026-08-27 09:00:00
bet31,3,3,6,🔴 义异且型异,"ods_mariadb_2b_bet01_rt → 桌子編號(Table ID) []  ||  ods_a168_dailyreport2 → LV4退水 [decimal(16,4)]  ||  ods_a168_bet01 → 桌子編號(Table ID) [int(11)]  ||  ods_a168_dailyreport_member → LV4退水 [decimal(16,4)]  ||  ods_a168_dailyreport → LV4退水 [decimal(16,4)]  ||  ods_a168_bet02 → LV4退水%數 [decimal(16,4)]",13436093473.3333,12101545164.6445,225932201.2126,124713543,6048562,-0.01681532,-0.01652984,-0.01689755,-0.01742716,-225932201.2126,13436093473.3333,OK,8220755.8918,9199860.2962,4.0013,95.9987,AG03-UNRESOLVED,ALL5_LEVELS_bet23_to_bet27,9199860.2962,9381979.6473,9615816.7414,9858968.4371,9338000.0461,4.001283,4.042136,4.252868,4.666985,4.496035,95.998717,95.957864,95.747132,95.333015,95.503965,4.9901,47394625.1681,43234853.3833,170316820.1526,174476591.9375,PENDING_AG03,FALSE,NOT_FOR_ENFORCEMENT,216732340.9164,11606300486.2161,217711445.3207,208511585.0246,979104.4043,0.01620348,0.01551877,9199860.2962,208511585.0246,0.01551877,9199860.2962,9381979.6473,9615816.7414,9858968.4371,9338000.0461,208511585.0246,0.01551877,47394625.1681,43234853.3833,170316820.1526,174476591.9375,0.01267607,0.01298566,0.00007287,107.7356,2000.7309,37.3530,1625411.5195,1831.5313,96662542.9736,43514.8345,113.5121,106.1793,5.1431,15.4907,52.3519,179.9898,345.407,1499.1118,12.8578,-2.2009,22.297745,96.77516,6.954874,30,300,1326575,23,0.22362557,0.01681532,0.01652984,0.00067931,0.040378,0.900674,0.077531,0.00036771,2026-03-21,2026-08-06,139,123357,4007,139,1.000000,1.069061,1.053617,0.745419,4,0.0,0.0,0.0,0.0,0.0,0.0,n_rounds>=30,137,137,PERCENT_RANK_OVER_ORDER_BY_e_stake,HF9f,OK,L1_POWERED,0.0007571,A 净亏最大十分位 · 优先复核,29,1,A168_HF9F_20260827_0900,2026-08-27 09:00:00
bet32,3,3,6,🔴 义异且型异,"ods_a168_bet01 → 房間編號(Room ID) [int(11)]  ||  ods_a168_dailyreport → LV5退水 [decimal(16,4)]  ||  ods_mariadb_2b_bet01_rt → 房間編號(Room ID) []  ||  ods_a168_bet02 → LV5退水%數 [decimal(16,4)]  ||  ods_a168_dailyreport2 → LV5退水 [decimal(16,4)]  ||  ods_a168_dailyreport_member → LV5退水 [decimal(16,4)]",13436093473.3333,12101545164.6445,225932201.2126,124713543,6048562,-0.01681532,-0.01652984,-0.01689755,-0.01742716,-225932201.2126,13436093473.3333,OK,8220755.8918,9199860.2962,4.0013,95.9987,AG03-UNRESOLVED,ALL5_LEVELS_bet23_to_bet27,9199860.2962,9381979.6473,9615816.7414,9858968.4371,9338000.0461,4.001283,4.042136,4.252868,4.666985,4.496035,95.998717,95.957864,95.747132,95.333015,95.503965,4.9901,47394625.1681,43234853.3833,170316820.1526,174476591.9375,PENDING_AG03,FALSE,NOT_FOR_ENFORCEMENT,216732340.9164,11606300486.2161,217711445.3207,208511585.0246,979104.4043,0.01620348,0.01551877,9199860.2962,208511585.0246,0.01551877,9199860.2962,9381979.6473,9615816.7414,9858968.4371,9338000.0461,208511585.0246,0.01551877,47394625.1681,43234853.3833,170316820.1526,174476591.9375,0.01267607,0.01298566,0.00007287,107.7356,2000.7309,37.3530,1625411.5195,1831.5313,96662542.9736,43514.8345,113.5121,106.1793,5.1431,15.4907,52.3519,179.9898,345.407,1499.1118,12.8578,-2.2009,22.297745,96.77516,6.954874,30,300,1326575,23,0.22362557,0.01681532,0.01652984,0.00067931,0.040378,0.900674,0.077531,0.00036771,2026-03-21,2026-08-06,139,123357,4007,139,1.000000,1.069061,1.053617,0.745419,2,0.0,0.0,0.0,0.0,0.0,0.0,n_rounds>=30,137,137,PERCENT_RANK_OVER_ORDER_BY_e_stake,HF9f,OK,L1_POWERED,0.0007571,A 净亏最大十分位 · 优先复核,30,1,A168_HF9F_20260827_0900,2026-08-27 09:00:00
bet39,3,1,5,🟠 义异型同,ods_a168_bet02 → 桌子編號 [int(11)]  ||  ods_a168_dailyreport_usercount → 桌號 [int(11)]  ||  ods_a168_dailyreport_table → 桌子編號 [int(11)]  ||  ods_a168_dailyreport →  [int(11)]  ||  ods_a168_dailyreport2 →  [int(11)],13436093473.3333,12101545164.6445,225932201.2126,124713543,6048562,-0.01681532,-0.01652984,-0.01689755,-0.01742716,-225932201.2126,13436093473.3333,OK,8220755.8918,9199860.2962,4.0013,95.9987,AG03-UNRESOLVED,ALL5_LEVELS_bet23_to_bet27,9199860.2962,9381979.6473,9615816.7414,9858968.4371,9338000.0461,4.001283,4.042136,4.252868,4.666985,4.496035,95.998717,95.957864,95.747132,95.333015,95.503965,4.9901,47394625.1681,43234853.3833,170316820.1526,174476591.9375,PENDING_AG03,FALSE,NOT_FOR_ENFORCEMENT,216732340.9164,11606300486.2161,217711445.3207,208511585.0246,979104.4043,0.01620348,0.01551877,9199860.2962,208511585.0246,0.01551877,9199860.2962,9381979.6473,9615816.7414,9858968.4371,9338000.0461,208511585.0246,0.01551877,47394625.1681,43234853.3833,170316820.1526,174476591.9375,0.01267607,0.01298566,0.00007287,107.7356,2000.7309,37.3530,1625411.5195,1831.5313,96662542.9736,43514.8345,113.5121,106.1793,5.1431,15.4907,52.3519,179.9898,345.407,1499.1118,12.8578,-2.2009,22.297745,96.77516,6.954874,30,300,1326575,23,0.22362557,0.01681532,0.01652984,0.00067931,0.040378,0.900674,0.077531,0.00036771,2026-03-21,2026-08-06,139,123357,4007,139,1.000000,1.069061,1.053617,0.745419,1,0.0,0.0,0.0,0.0,0.0,0.0,n_rounds>=30,137,137,PERCENT_RANK_OVER_ORDER_BY_e_stake,HF9f,OK,L1_POWERED,0.0007571,A 净亏最大十分位 · 优先复核,31,1,A168_HF9F_20260827_0900,2026-08-27 09:00:00
bet41,2,1,5,🟠 义异型同,"ods_a168_bet02 → 下注退水金額 [decimal(16,4)]  ||  ods_a168_dailyreport2 → 有效投注 [decimal(16,4)]  ||  ods_a168_dailyreport → 有效投注 [decimal(16,4)]  ||  ods_a168_dailyreport_member → 有效投注 [decimal(16,4)]  ||  ods_a168_dailyreport_table → 下注退水金額 [decimal(16,4)]",13436093473.3333,12101545164.6445,225932201.2126,124713543,6048562,-0.01681532,-0.01652984,-0.01689755,-0.01742716,-225932201.2126,13436093473.3333,OK,8220755.8918,9199860.2962,4.0013,95.9987,AG03-UNRESOLVED,ALL5_LEVELS_bet23_to_bet27,9199860.2962,9381979.6473,9615816.7414,9858968.4371,9338000.0461,4.001283,4.042136,4.252868,4.666985,4.496035,95.998717,95.957864,95.747132,95.333015,95.503965,4.9901,47394625.1681,43234853.3833,170316820.1526,174476591.9375,PENDING_AG03,FALSE,NOT_FOR_ENFORCEMENT,216732340.9164,11606300486.2161,217711445.3207,208511585.0246,979104.4043,0.01620348,0.01551877,9199860.2962,208511585.0246,0.01551877,9199860.2962,9381979.6473,9615816.7414,9858968.4371,9338000.0461,208511585.0246,0.01551877,47394625.1681,43234853.3833,170316820.1526,174476591.9375,0.01267607,0.01298566,0.00007287,107.7356,2000.7309,37.3530,1625411.5195,1831.5313,96662542.9736,43514.8345,113.5121,106.1793,5.1431,15.4907,52.3519,179.9898,345.407,1499.1118,12.8578,-2.2009,22.297745,96.77516,6.954874,30,300,1326575,23,0.22362557,0.01681532,0.01652984,0.00067931,0.040378,0.900674,0.077531,0.00036771,2026-03-21,2026-08-06,139,123357,4007,139,1.000000,1.069061,1.053617,0.745419,1,0.0,0.0,0.0,0.0,0.0,0.0,n_rounds>=30,137,137,PERCENT_RANK_OVER_ORDER_BY_e_stake,HF9f,OK,L1_POWERED,0.0007571,A 净亏最大十分位 · 优先复核,32,1,A168_HF9F_20260827_0900,2026-08-27 09:00:00
betTime,2,1,2,🟠 义异型同,ods_a168_log_realtimebet →  [datetime]  ||  ods_a168_bet_partner → 下注時間 [datetime],13436093473.3333,12101545164.6445,225932201.2126,124713543,6048562,-0.01681532,-0.01652984,-0.01689755,-0.01742716,-225932201.2126,13436093473.3333,OK,8220755.8918,9199860.2962,4.0013,95.9987,AG03-UNRESOLVED,ALL5_LEVELS_bet23_to_bet27,9199860.2962,9381979.6473,9615816.7414,9858968.4371,9338000.0461,4.001283,4.042136,4.252868,4.666985,4.496035,95.998717,95.957864,95.747132,95.333015,95.503965,4.9901,47394625.1681,43234853.3833,170316820.1526,174476591.9375,PENDING_AG03,FALSE,NOT_FOR_ENFORCEMENT,216732340.9164,11606300486.2161,217711445.3207,208511585.0246,979104.4043,0.01620348,0.01551877,9199860.2962,208511585.0246,0.01551877,9199860.2962,9381979.6473,9615816.7414,9858968.4371,9338000.0461,208511585.0246,0.01551877,47394625.1681,43234853.3833,170316820.1526,174476591.9375,0.01267607,0.01298566,0.00007287,107.7356,2000.7309,37.3530,1625411.5195,1831.5313,96662542.9736,43514.8345,113.5121,106.1793,5.1431,15.4907,52.3519,179.9898,345.407,1499.1118,12.8578,-2.2009,22.297745,96.77516,6.954874,30,300,1326575,23,0.22362557,0.01681532,0.01652984,0.00067931,0.040378,0.900674,0.077531,0.00036771,2026-03-21,2026-08-06,139,123357,4007,139,1.000000,1.069061,1.053617,0.745419,1,0.0,0.0,0.0,0.0,0.0,0.0,n_rounds>=30,137,137,PERCENT_RANK_OVER_ORDER_BY_e_stake,HF9f,OK,L1_POWERED,0.0007571,A 净亏最大十分位 · 优先复核,33,1,A168_HF9F_20260827_0900,2026-08-27 09:00:00
cash,3,1,5,🟠 义异型同,"ods_a168_agent_bak20250610 →  [decimal(15,4)]  ||  ods_a168_agent →  [decimal(15,4)]  ||  ods_a168_wallet_dtl → 當前金額 [decimal(15,4)]  ||  ods_a168_agent_test →  [decimal(15,4)]  ||  ods_a168_member → 現金 [decimal(15,4)]",13436093473.3333,12101545164.6445,225932201.2126,124713543,6048562,-0.01681532,-0.01652984,-0.01689755,-0.01742716,-225932201.2126,13436093473.3333,OK,8220755.8918,9199860.2962,4.0013,95.9987,AG03-UNRESOLVED,ALL5_LEVELS_bet23_to_bet27,9199860.2962,9381979.6473,9615816.7414,9858968.4371,9338000.0461,4.001283,4.042136,4.252868,4.666985,4.496035,95.998717,95.957864,95.747132,95.333015,95.503965,4.9901,47394625.1681,43234853.3833,170316820.1526,174476591.9375,PENDING_AG03,FALSE,NOT_FOR_ENFORCEMENT,216732340.9164,11606300486.2161,217711445.3207,208511585.0246,979104.4043,0.01620348,0.01551877,9199860.2962,208511585.0246,0.01551877,9199860.2962,9381979.6473,9615816.7414,9858968.4371,9338000.0461,208511585.0246,0.01551877,47394625.1681,43234853.3833,170316820.1526,174476591.9375,0.01267607,0.01298566,0.00007287,107.7356,2000.7309,37.3530,1625411.5195,1831.5313,96662542.9736,43514.8345,113.5121,106.1793,5.1431,15.4907,52.3519,179.9898,345.407,1499.1118,12.8578,-2.2009,22.297745,96.77516,6.954874,30,300,1326575,23,0.22362557,0.01681532,0.01652984,0.00067931,0.040378,0.900674,0.077531,0.00036771,2026-03-21,2026-08-06,139,123357,4007,139,1.000000,1.069061,1.053617,0.745419,4,0.0,0.0,0.0,0.0,0.0,0.0,n_rounds>=30,137,137,PERCENT_RANK_OVER_ORDER_BY_e_stake,HF9f,OK,L1_POWERED,0.0007571,A 净亏最大十分位 · 优先复核,34,1,A168_HF9F_20260827_0900,2026-08-27 09:00:00
category,4,2,10,🔴 义异且型异,"ods_a168_dailyreport_table → 1:一般,2:小費 [int(11)]  ||  ods_a168_bet01 → 1.一般,2.小費 [int(11)]  ||  ods_a168_dailyreport →  [int(11)]  ||  ods_a168_dailyreport_member → 1:一般,2:小費 [int(11)]  ||  ods_a168_dailyreport2 →  [int(11)]  ||  ods_mariadb_2b_bet01_rt → 1.一般,2.小費 []  ||  ods_a168_wallet_reporter → 類型 [int(11)]  ||  ods_a168_SMR_log →  [int(11)]  ||  ods_a168_wallet_reporter_copy → 類型 [int(11)]  ||  ods_a168_bet02 → 1.一般,2.小費 [int(11)]",13436093473.3333,12101545164.6445,225932201.2126,124713543,6048562,-0.01681532,-0.01652984,-0.01689755,-0.01742716,-225932201.2126,13436093473.3333,OK,8220755.8918,9199860.2962,4.0013,95.9987,AG03-UNRESOLVED,ALL5_LEVELS_bet23_to_bet27,9199860.2962,9381979.6473,9615816.7414,9858968.4371,9338000.0461,4.001283,4.042136,4.252868,4.666985,4.496035,95.998717,95.957864,95.747132,95.333015,95.503965,4.9901,47394625.1681,43234853.3833,170316820.1526,174476591.9375,PENDING_AG03,FALSE,NOT_FOR_ENFORCEMENT,216732340.9164,11606300486.2161,217711445.3207,208511585.0246,979104.4043,0.01620348,0.01551877,9199860.2962,208511585.0246,0.01551877,9199860.2962,9381979.6473,9615816.7414,9858968.4371,9338000.0461,208511585.0246,0.01551877,47394625.1681,43234853.3833,170316820.1526,174476591.9375,0.01267607,0.01298566,0.00007287,107.7356,2000.7309,37.3530,1625411.5195,1831.5313,96662542.9736,43514.8345,113.5121,106.1793,5.1431,15.4907,52.3519,179.9898,345.407,1499.1118,12.8578,-2.2009,22.297745,96.77516,6.954874,30,300,1326575,23,0.22362557,0.01681532,0.01652984,0.00067931,0.040378,0.900674,0.077531,0.00036771,2026-03-21,2026-08-06,139,123357,4007,139,1.000000,1.069061,1.053617,0.745419,1,0.0,0.0,0.0,0.0,0.0,0.0,n_rounds>=30,137,137,PERCENT_RANK_OVER_ORDER_BY_e_stake,HF9f,OK,L1_POWERED,0.0007571,A 净亏最大十分位 · 优先复核,35,1,A168_HF9F_20260827_0900,2026-08-27 09:00:00
code,11,10,22,🔴 义异且型异,ods_a168_game_info_verify → 驗證碼 [varchar(6)]  ||  ods_a168_currency →  [varchar(5)]  ||  ods_a168_partner_gamelist → 第三方遊戲商代號 [int(11)]  ||  ods_a168_payment_method → 平台id [int(11)]  ||  ods_a168_payment_bank → 平台id [int(11)]  ||  ods_a168_agent_partner_gamelist → 第三方遊戲代碼 [int(11)]  ||  ods_a168_sms_setting → 代碼 [varchar(10)]  ||  ods_a168_partner_type → 第三方遊戲商代號 [int(11)]  ||  ods_a168_symbol →  [varchar(15)]  ||  ods_a168_game_type →  [int(11)]  ||  ods_a168_partner_reportTime →  [int(11)]  ||  ods_a168_apiurl → 参数 [int(3)]  ||  ods_a168_urllist →  [varchar(50)]  ||  ods_a168_payment_setting → 平台代碼 [int(11)]  ||  ods_a168_partner_setting → 遊戲代碼 [int(11)]  ||  ods_a168_aggregate_setting → 廠商代號 [varchar(12)]  ||  ods_a168_partner_transation →  [int(4)]  ||  ods_a168_payment_platform → 代碼 [int(11)]  ||  ods_a168_aggregate_token →  [varchar(12)]  ||  ods_a168_member_partner_gamel,13436093473.3333,12101545164.6445,225932201.2126,124713543,6048562,-0.01681532,-0.01652984,-0.01689755,-0.01742716,-225932201.2126,13436093473.3333,OK,8220755.8918,9199860.2962,4.0013,95.9987,AG03-UNRESOLVED,ALL5_LEVELS_bet23_to_bet27,9199860.2962,9381979.6473,9615816.7414,9858968.4371,9338000.0461,4.001283,4.042136,4.252868,4.666985,4.496035,95.998717,95.957864,95.747132,95.333015,95.503965,4.9901,47394625.1681,43234853.3833,170316820.1526,174476591.9375,PENDING_AG03,FALSE,NOT_FOR_ENFORCEMENT,216732340.9164,11606300486.2161,217711445.3207,208511585.0246,979104.4043,0.01620348,0.01551877,9199860.2962,208511585.0246,0.01551877,9199860.2962,9381979.6473,9615816.7414,9858968.4371,9338000.0461,208511585.0246,0.01551877,47394625.1681,43234853.3833,170316820.1526,174476591.9375,0.01267607,0.01298566,0.00007287,107.7356,2000.7309,37.3530,1625411.5195,1831.5313,96662542.9736,43514.8345,113.5121,106.1793,5.1431,15.4907,52.3519,179.9898,345.407,1499.1118,12.8578,-2.2009,22.297745,96.77516,6.954874,30,300,1326575,23,0.22362557,0.01681532,0.01652984,0.00067931,0.040378,0.900674,0.077531,0.00036771,2026-03-21,2026-08-06,139,123357,4007,139,1.000000,1.069061,1.053617,0.745419,3,0.0,0.0,0.0,0.0,0.0,0.0,n_rounds>=30,137,137,PERCENT_RANK_OVER_ORDER_BY_e_stake,HF9f,OK,L1_POWERED,0.0007571,A 净亏最大十分位 · 优先复核,36,1,A168_HF9F_20260827_0900,2026-08-27 09:00:00
comment,2,1,2,🟠 义异型同,ods_a168_game_demoipsetting →  [text]  ||  ods_a168_game_transfer → 註解 [text],13436093473.3333,12101545164.6445,225932201.2126,124713543,6048562,-0.01681532,-0.01652984,-0.01689755,-0.01742716,-225932201.2126,13436093473.3333,OK,8220755.8918,9199860.2962,4.0013,95.9987,AG03-UNRESOLVED,ALL5_LEVELS_bet23_to_bet27,9199860.2962,9381979.6473,9615816.7414,9858968.4371,9338000.0461,4.001283,4.042136,4.252868,4.666985,4.496035,95.998717,95.957864,95.747132,95.333015,95.503965,4.9901,47394625.1681,43234853.3833,170316820.1526,174476591.9375,PENDING_AG03,FALSE,NOT_FOR_ENFORCEMENT,216732340.9164,11606300486.2161,217711445.3207,208511585.0246,979104.4043,0.01620348,0.01551877,9199860.2962,208511585.0246,0.01551877,9199860.2962,9381979.6473,9615816.7414,9858968.4371,9338000.0461,208511585.0246,0.01551877,47394625.1681,43234853.3833,170316820.1526,174476591.9375,0.01267607,0.01298566,0.00007287,107.7356,2000.7309,37.3530,1625411.5195,1831.5313,96662542.9736,43514.8345,113.5121,106.1793,5.1431,15.4907,52.3519,179.9898,345.407,1499.1118,12.8578,-2.2009,22.297745,96.77516,6.954874,30,300,1326575,23,0.22362557,0.01681532,0.01652984,0.00067931,0.040378,0.900674,0.077531,0.00036771,2026-03-21,2026-08-06,139,123357,4007,139,1.000000,1.069061,1.053617,0.745419,1,0.0,0.0,0.0,0.0,0.0,0.0,n_rounds>=30,137,137,PERCENT_RANK_OVER_ORDER_BY_e_stake,HF9f,OK,L1_POWERED,0.0007571,A 净亏最大十分位 · 优先复核,37,1,A168_HF9F_20260827_0900,2026-08-27 09:00:00
commission,2,2,3,🔴 义异且型异,"ods_a168_bet01 → 0.一般,1,免傭 [int(11)]  ||  ods_mariadb_2b_bet01_rt → 0.一般,1.免傭 []  ||  ods_a168_bet02 → 0.一般,1,免傭 [int(11)]",13436093473.3333,12101545164.6445,225932201.2126,124713543,6048562,-0.01681532,-0.01652984,-0.01689755,-0.01742716,-225932201.2126,13436093473.3333,OK,8220755.8918,9199860.2962,4.0013,95.9987,AG03-UNRESOLVED,ALL5_LEVELS_bet23_to_bet27,9199860.2962,9381979.6473,9615816.7414,9858968.4371,9338000.0461,4.001283,4.042136,4.252868,4.666985,4.496035,95.998717,95.957864,95.747132,95.333015,95.503965,4.9901,47394625.1681,43234853.3833,170316820.1526,174476591.9375,PENDING_AG03,FALSE,NOT_FOR_ENFORCEMENT,216732340.9164,11606300486.2161,217711445.3207,208511585.0246,979104.4043,0.01620348,0.01551877,9199860.2962,208511585.0246,0.01551877,9199860.2962,9381979.6473,9615816.7414,9858968.4371,9338000.0461,208511585.0246,0.01551877,47394625.1681,43234853.3833,170316820.1526,174476591.9375,0.01267607,0.01298566,0.00007287,107.7356,2000.7309,37.3530,1625411.5195,1831.5313,96662542.9736,43514.8345,113.5121,106.1793,5.1431,15.4907,52.3519,179.9898,345.407,1499.1118,12.8578,-2.2009,22.297745,96.77516,6.954874,30,300,1326575,23,0.22362557,0.01681532,0.01652984,0.00067931,0.040378,0.900674,0.077531,0.00036771,2026-03-21,2026-08-06,139,123357,4007,139,1.000000,1.069061,1.053617,0.745419,5,0.0,0.0,0.0,0.0,0.0,0.0,n_rounds>=30,137,137,PERCENT_RANK_OVER_ORDER_BY_e_stake,HF9f,OK,L1_POWERED,0.0007571,A 净亏最大十分位 · 优先复核,38,1,A168_HF9F_20260827_0900,2026-08-27 09:00:00
content,3,3,4,🔴 义异且型异,ods_a168_change_log → 指令 [varchar(500)]  ||  ods_a168_alarmMessage →  [text]  ||  ods_a168_sms_setting → 傳送文本內容 [varchar(1000)]  ||  ods_a168_aisetting →  [text],13436093473.3333,12101545164.6445,225932201.2126,124713543,6048562,-0.01681532,-0.01652984,-0.01689755,-0.01742716,-225932201.2126,13436093473.3333,OK,8220755.8918,9199860.2962,4.0013,95.9987,AG03-UNRESOLVED,ALL5_LEVELS_bet23_to_bet27,9199860.2962,9381979.6473,9615816.7414,9858968.4371,9338000.0461,4.001283,4.042136,4.252868,4.666985,4.496035,95.998717,95.957864,95.747132,95.333015,95.503965,4.9901,47394625.1681,43234853.3833,170316820.1526,174476591.9375,PENDING_AG03,FALSE,NOT_FOR_ENFORCEMENT,216732340.9164,11606300486.2161,217711445.3207,208511585.0246,979104.4043,0.01620348,0.01551877,9199860.2962,208511585.0246,0.01551877,9199860.2962,9381979.6473,9615816.7414,9858968.4371,9338000.0461,208511585.0246,0.01551877,47394625.1681,43234853.3833,170316820.1526,174476591.9375,0.01267607,0.01298566,0.00007287,107.7356,2000.7309,37.3530,1625411.5195,1831.5313,96662542.9736,43514.8345,113.5121,106.1793,5.1431,15.4907,52.3519,179.9898,345.407,1499.1118,12.8578,-2.2009,22.297745,96.77516,6.954874,30,300,1326575,23,0.22362557,0.01681532,0.01652984,0.00067931,0.040378,0.900674,0.077531,0.00036771,2026-03-21,2026-08-06,139,123357,4007,139,1.000000,1.069061,1.053617,0.745419,3,0.0,0.0,0.0,0.0,0.0,0.0,n_rounds>=30,137,137,PERCENT_RANK_OVER_ORDER_BY_e_stake,HF9f,OK,L1_POWERED,0.0007571,A 净亏最大十分位 · 优先复核,39,1,A168_HF9F_20260827_0900,2026-08-27 09:00:00
create_at,2,1,4,🟠 义异型同,ods_a168_aggregate_token →  [datetime]  ||  ods_a168_partner_setting →  [datetime]  ||  ods_a168_aggregate_transaction → 建立時間 [datetime]  ||  ods_a168_tablelimit_third → 建立時間 [datetime],13436093473.3333,12101545164.6445,225932201.2126,124713543,6048562,-0.01681532,-0.01652984,-0.01689755,-0.01742716,-225932201.2126,13436093473.3333,OK,8220755.8918,9199860.2962,4.0013,95.9987,AG03-UNRESOLVED,ALL5_LEVELS_bet23_to_bet27,9199860.2962,9381979.6473,9615816.7414,9858968.4371,9338000.0461,4.001283,4.042136,4.252868,4.666985,4.496035,95.998717,95.957864,95.747132,95.333015,95.503965,4.9901,47394625.1681,43234853.3833,170316820.1526,174476591.9375,PENDING_AG03,FALSE,NOT_FOR_ENFORCEMENT,216732340.9164,11606300486.2161,217711445.3207,208511585.0246,979104.4043,0.01620348,0.01551877,9199860.2962,208511585.0246,0.01551877,9199860.2962,9381979.6473,9615816.7414,9858968.4371,9338000.0461,208511585.0246,0.01551877,47394625.1681,43234853.3833,170316820.1526,174476591.9375,0.01267607,0.01298566,0.00007287,107.7356,2000.7309,37.3530,1625411.5195,1831.5313,96662542.9736,43514.8345,113.5121,106.1793,5.1431,15.4907,52.3519,179.9898,345.407,1499.1118,12.8578,-2.2009,22.297745,96.77516,6.954874,30,300,1326575,23,0.22362557,0.01681532,0.01652984,0.00067931,0.040378,0.900674,0.077531,0.00036771,2026-03-21,2026-08-06,139,123357,4007,139,1.000000,1.069061,1.053617,0.745419,3,0.0,0.0,0.0,0.0,0.0,0.0,n_rounds>=30,137,137,PERCENT_RANK_OVER_ORDER_BY_e_stake,HF9f,OK,L1_POWERED,0.0007571,A 净亏最大十分位 · 优先复核,40,1,A168_HF9F_20260827_0900,2026-08-27 09:00:00
currency,2,6,11,🔴 义异且型异,ods_a168_payment_setting → 幣別 [varchar(8)]  ||  ods_a168_RedPacket_Order →  [int(11)]  ||  ods_a168_payment_bank → 幣別 [varchar(8)]  ||  ods_a168_RedPacketSetup_setting → 幣別 [int(3)]  ||  ods_a168_agent_bak20250610 →  [int(11)]  ||  ods_a168_agent_test →  [int(11)]  ||  ods_a168_payment_order → 幣別 [varchar(3)]  ||  ods_a168_aggregate_setting → 幣別 [tinyint(2)]  ||  ods_a168_agent →  [int(11)]  ||  ods_a168_partner_setting → 幣別 [tinyint(4)]  ||  ods_a168_member → 幣別 [int(11)],13436093473.3333,12101545164.6445,225932201.2126,124713543,6048562,-0.01681532,-0.01652984,-0.01689755,-0.01742716,-225932201.2126,13436093473.3333,OK,8220755.8918,9199860.2962,4.0013,95.9987,AG03-UNRESOLVED,ALL5_LEVELS_bet23_to_bet27,9199860.2962,9381979.6473,9615816.7414,9858968.4371,9338000.0461,4.001283,4.042136,4.252868,4.666985,4.496035,95.998717,95.957864,95.747132,95.333015,95.503965,4.9901,47394625.1681,43234853.3833,170316820.1526,174476591.9375,PENDING_AG03,FALSE,NOT_FOR_ENFORCEMENT,216732340.9164,11606300486.2161,217711445.3207,208511585.0246,979104.4043,0.01620348,0.01551877,9199860.2962,208511585.0246,0.01551877,9199860.2962,9381979.6473,9615816.7414,9858968.4371,9338000.0461,208511585.0246,0.01551877,47394625.1681,43234853.3833,170316820.1526,174476591.9375,0.01267607,0.01298566,0.00007287,107.7356,2000.7309,37.3530,1625411.5195,1831.5313,96662542.9736,43514.8345,113.5121,106.1793,5.1431,15.4907,52.3519,179.9898,345.407,1499.1118,12.8578,-2.2009,22.297745,96.77516,6.954874,30,300,1326575,23,0.22362557,0.01681532,0.01652984,0.00067931,0.040378,0.900674,0.077531,0.00036771,2026-03-21,2026-08-06,139,123357,4007,139,1.000000,1.069061,1.053617,0.745419,4,0.0,0.0,0.0,0.0,0.0,0.0,n_rounds>=30,137,137,PERCENT_RANK_OVER_ORDER_BY_e_stake,HF9f,OK,L1_POWERED,0.0007571,A 净亏最大十分位 · 优先复核,41,1,A168_HF9F_20260827_0900,2026-08-27 09:00:00
data,3,3,5,🔴 义异且型异,ods_a168_keyserver_command →  [text]  ||  ods_a168_payment_method →  [varchar(20)]  ||  ods_a168_partner_reportTime → 時間 or 其他 [varchar(30)]  ||  ods_a168_aggregate_setting → 資料 [text]  ||  ods_a168_partner_setting → 資料 [text],13436093473.3333,12101545164.6445,225932201.2126,124713543,6048562,-0.01681532,-0.01652984,-0.01689755,-0.01742716,-225932201.2126,13436093473.3333,OK,8220755.8918,9199860.2962,4.0013,95.9987,AG03-UNRESOLVED,ALL5_LEVELS_bet23_to_bet27,9199860.2962,9381979.6473,9615816.7414,9858968.4371,9338000.0461,4.001283,4.042136,4.252868,4.666985,4.496035,95.998717,95.957864,95.747132,95.333015,95.503965,4.9901,47394625.1681,43234853.3833,170316820.1526,174476591.9375,PENDING_AG03,FALSE,NOT_FOR_ENFORCEMENT,216732340.9164,11606300486.2161,217711445.3207,208511585.0246,979104.4043,0.01620348,0.01551877,9199860.2962,208511585.0246,0.01551877,9199860.2962,9381979.6473,9615816.7414,9858968.4371,9338000.0461,208511585.0246,0.01551877,47394625.1681,43234853.3833,170316820.1526,174476591.9375,0.01267607,0.01298566,0.00007287,107.7356,2000.7309,37.3530,1625411.5195,1831.5313,96662542.9736,43514.8345,113.5121,106.1793,5.1431,15.4907,52.3519,179.9898,345.407,1499.1118,12.8578,-2.2009,22.297745,96.77516,6.954874,30,300,1326575,23,0.22362557,0.01681532,0.01652984,0.00067931,0.040378,0.900674,0.077531,0.00036771,2026-03-21,2026-08-06,139,123357,4007,139,1.000000,1.069061,1.053617,0.745419,4,0.0,0.0,0.0,0.0,0.0,0.0,n_rounds>=30,137,137,PERCENT_RANK_OVER_ORDER_BY_e_stake,HF9f,OK,L1_POWERED,0.0007571,A 净亏最大十分位 · 优先复核,42,1,A168_HF9F_20260827_0900,2026-08-27 09:00:00
date,2,2,3,🔴 义异且型异,ods_a168_game_result → 時間 [timestamp]  ||  ods_a168_member_click_counter →  [date]  ||  ods_a168_func_counter →  [date],13436093473.3333,12101545164.6445,225932201.2126,124713543,6048562,-0.01681532,-0.01652984,-0.01689755,-0.01742716,-225932201.2126,13436093473.3333,OK,8220755.8918,9199860.2962,4.0013,95.9987,AG03-UNRESOLVED,ALL5_LEVELS_bet23_to_bet27,9199860.2962,9381979.6473,9615816.7414,9858968.4371,9338000.0461,4.001283,4.042136,4.252868,4.666985,4.496035,95.998717,95.957864,95.747132,95.333015,95.503965,4.9901,47394625.1681,43234853.3833,170316820.1526,174476591.9375,PENDING_AG03,FALSE,NOT_FOR_ENFORCEMENT,216732340.9164,11606300486.2161,217711445.3207,208511585.0246,979104.4043,0.01620348,0.01551877,9199860.2962,208511585.0246,0.01551877,9199860.2962,9381979.6473,9615816.7414,9858968.4371,9338000.0461,208511585.0246,0.01551877,47394625.1681,43234853.3833,170316820.1526,174476591.9375,0.01267607,0.01298566,0.00007287,107.7356,2000.7309,37.3530,1625411.5195,1831.5313,96662542.9736,43514.8345,113.5121,106.1793,5.1431,15.4907,52.3519,179.9898,345.407,1499.1118,12.8578,-2.2009,22.297745,96.77516,6.954874,30,300,1326575,23,0.22362557,0.01681532,0.01652984,0.00067931,0.040378,0.900674,0.077531,0.00036771,2026-03-21,2026-08-06,139,123357,4007,139,1.000000,1.069061,1.053617,0.745419,3,0.0,0.0,0.0,0.0,0.0,0.0,n_rounds>=30,137,137,PERCENT_RANK_OVER_ORDER_BY_e_stake,HF9f,OK,L1_POWERED,0.0007571,A 净亏最大十分位 · 优先复核,43,1,A168_HF9F_20260827_0900,2026-08-27 09:00:00
displayname,4,1,4,🟠 义异型同,ods_a168_play_set → 遊戲顯示名 [varchar(50)]  ||  ods_a168_permissions → 顯示權限名稱 [varchar(50)]  ||  ods_a168_permissionsgroup → 顯示權限群組名稱 [varchar(50)]  ||  ods_a168_roles → 顯示的名稱 [varchar(50)],13436093473.3333,12101545164.6445,225932201.2126,124713543,6048562,-0.01681532,-0.01652984,-0.01689755,-0.01742716,-225932201.2126,13436093473.3333,OK,8220755.8918,9199860.2962,4.0013,95.9987,AG03-UNRESOLVED,ALL5_LEVELS_bet23_to_bet27,9199860.2962,9381979.6473,9615816.7414,9858968.4371,9338000.0461,4.001283,4.042136,4.252868,4.666985,4.496035,95.998717,95.957864,95.747132,95.333015,95.503965,4.9901,47394625.1681,43234853.3833,170316820.1526,174476591.9375,PENDING_AG03,FALSE,NOT_FOR_ENFORCEMENT,216732340.9164,11606300486.2161,217711445.3207,208511585.0246,979104.4043,0.01620348,0.01551877,9199860.2962,208511585.0246,0.01551877,9199860.2962,9381979.6473,9615816.7414,9858968.4371,9338000.0461,208511585.0246,0.01551877,47394625.1681,43234853.3833,170316820.1526,174476591.9375,0.01267607,0.01298566,0.00007287,107.7356,2000.7309,37.3530,1625411.5195,1831.5313,96662542.9736,43514.8345,113.5121,106.1793,5.1431,15.4907,52.3519,179.9898,345.407,1499.1118,12.8578,-2.2009,22.297745,96.77516,6.954874,30,300,1326575,23,0.22362557,0.01681532,0.01652984,0.00067931,0.040378,0.900674,0.077531,0.00036771,2026-03-21,2026-08-06,139,123357,4007,139,1.000000,1.069061,1.053617,0.745419,3,0.0,0.0,0.0,0.0,0.0,0.0,n_rounds>=30,137,137,PERCENT_RANK_OVER_ORDER_BY_e_stake,HF9f,OK,L1_POWERED,0.0007571,A 净亏最大十分位 · 优先复核,44,1,A168_HF9F_20260827_0900,2026-08-27 09:00:00
eid,2,2,6,🔴 义异且型异,ods_a168_bet01 → 荷官 [int(11)]  ||  ods_mariadb_2b_bet01_rt → 荷官 []  ||  ods_a168_game_info → 荷官 [int(11)]  ||  ods_wm_live_a168_game_info → 荷官 []  ||  ods_a168_emp_login →  [int(11)]  ||  ods_a168_bet02 → 荷官 [int(11)],13436093473.3333,12101545164.6445,225932201.2126,124713543,6048562,-0.01681532,-0.01652984,-0.01689755,-0.01742716,-225932201.2126,13436093473.3333,OK,8220755.8918,9199860.2962,4.0013,95.9987,AG03-UNRESOLVED,ALL5_LEVELS_bet23_to_bet27,9199860.2962,9381979.6473,9615816.7414,9858968.4371,9338000.0461,4.001283,4.042136,4.252868,4.666985,4.496035,95.998717,95.957864,95.747132,95.333015,95.503965,4.9901,47394625.1681,43234853.3833,170316820.1526,174476591.9375,PENDING_AG03,FALSE,NOT_FOR_ENFORCEMENT,216732340.9164,11606300486.2161,217711445.3207,208511585.0246,979104.4043,0.01620348,0.01551877,9199860.2962,208511585.0246,0.01551877,9199860.2962,9381979.6473,9615816.7414,9858968.4371,9338000.0461,208511585.0246,0.01551877,47394625.1681,43234853.3833,170316820.1526,174476591.9375,0.01267607,0.01298566,0.00007287,107.7356,2000.7309,37.3530,1625411.5195,1831.5313,96662542.9736,43514.8345,113.5121,106.1793,5.1431,15.4907,52.3519,179.9898,345.407,1499.1118,12.8578,-2.2009,22.297745,96.77516,6.954874,30,300,1326575,23,0.22362557,0.01681532,0.01652984,0.00067931,0.040378,0.900674,0.077531,0.00036771,2026-03-21,2026-08-06,139,123357,4007,139,1.000000,1.069061,1.053617,0.745419,2,0.0,0.0,0.0,0.0,0.0,0.0,n_rounds>=30,137,137,PERCENT_RANK_OVER_ORDER_BY_e_stake,HF9f,OK,L1_POWERED,0.0007571,A 净亏最大十分位 · 优先复核,45,1,A168_HF9F_20260827_0900,2026-08-27 09:00:00
enable,3,3,4,🔴 义异且型异,"ods_a168_employee →  停啟用 [enum(''Y'',''N'')]  ||  ods_a168_game_demoipsetting → 0:停用,1:啟用 [tinyint(1)]  ||  ods_a168_game_transfer → 啟停用 [tinyint(4)]  ||  ods_a168_member_partner_account → 啟停用 [enum(''Y'',''N'')]",13436093473.3333,12101545164.6445,225932201.2126,124713543,6048562,-0.01681532,-0.01652984,-0.01689755,-0.01742716,-225932201.2126,13436093473.3333,OK,8220755.8918,9199860.2962,4.0013,95.9987,AG03-UNRESOLVED,ALL5_LEVELS_bet23_to_bet27,9199860.2962,9381979.6473,9615816.7414,9858968.4371,9338000.0461,4.001283,4.042136,4.252868,4.666985,4.496035,95.998717,95.957864,95.747132,95.333015,95.503965,4.9901,47394625.1681,43234853.3833,170316820.1526,174476591.9375,PENDING_AG03,FALSE,NOT_FOR_ENFORCEMENT,216732340.9164,11606300486.2161,217711445.3207,208511585.0246,979104.4043,0.01620348,0.01551877,9199860.2962,208511585.0246,0.01551877,9199860.2962,9381979.6473,9615816.7414,9858968.4371,9338000.0461,208511585.0246,0.01551877,47394625.1681,43234853.3833,170316820.1526,174476591.9375,0.01267607,0.01298566,0.00007287,107.7356,2000.7309,37.3530,1625411.5195,1831.5313,96662542.9736,43514.8345,113.5121,106.1793,5.1431,15.4907,52.3519,179.9898,345.407,1499.1118,12.8578,-2.2009,22.297745,96.77516,6.954874,30,300,1326575,23,0.22362557,0.01681532,0.01652984,0.00067931,0.040378,0.900674,0.077531,0.00036771,2026-03-21,2026-08-06,139,123357,4007,139,1.000000,1.069061,1.053617,0.745419,1,0.0,0.0,0.0,0.0,0.0,0.0,n_rounds>=30,137,137,PERCENT_RANK_OVER_ORDER_BY_e_stake,HF9f,OK,L1_POWERED,0.0007571,A 净亏最大十分位 · 优先复核,46,1,A168_HF9F_20260827_0900,2026-08-27 09:00:00
frequency,2,1,2,🟠 义异型同,ods_a168_shuffle_info →  [int(11)]  ||  ods_a168_jackpot → 次數 [int(11)],13436093473.3333,12101545164.6445,225932201.2126,124713543,6048562,-0.01681532,-0.01652984,-0.01689755,-0.01742716,-225932201.2126,13436093473.3333,OK,8220755.8918,9199860.2962,4.0013,95.9987,AG03-UNRESOLVED,ALL5_LEVELS_bet23_to_bet27,9199860.2962,9381979.6473,9615816.7414,9858968.4371,9338000.0461,4.001283,4.042136,4.252868,4.666985,4.496035,95.998717,95.957864,95.747132,95.333015,95.503965,4.9901,47394625.1681,43234853.3833,170316820.1526,174476591.9375,PENDING_AG03,FALSE,NOT_FOR_ENFORCEMENT,216732340.9164,11606300486.2161,217711445.3207,208511585.0246,979104.4043,0.01620348,0.01551877,9199860.2962,208511585.0246,0.01551877,9199860.2962,9381979.6473,9615816.7414,9858968.4371,9338000.0461,208511585.0246,0.01551877,47394625.1681,43234853.3833,170316820.1526,174476591.9375,0.01267607,0.01298566,0.00007287,107.7356,2000.7309,37.3530,1625411.5195,1831.5313,96662542.9736,43514.8345,113.5121,106.1793,5.1431,15.4907,52.3519,179.9898,345.407,1499.1118,12.8578,-2.2009,22.297745,96.77516,6.954874,30,300,1326575,23,0.22362557,0.01681532,0.01652984,0.00067931,0.040378,0.900674,0.077531,0.00036771,2026-03-21,2026-08-06,139,123357,4007,139,1.000000,1.069061,1.053617,0.745419,1,0.0,0.0,0.0,0.0,0.0,0.0,n_rounds>=30,137,137,PERCENT_RANK_OVER_ORDER_BY_e_stake,HF9f,OK,L1_POWERED,0.0007571,A 净亏最大十分位 · 优先复核,47,1,A168_HF9F_20260827_0900,2026-08-27 09:00:00
function,2,2,3,🔴 义异且型异,ods_a168_change_log → 功能 [varchar(30)]  ||  ods_a168_member_click_counter →  [varchar(255)]  ||  ods_a168_func_counter →  [varchar(255)],13436093473.3333,12101545164.6445,225932201.2126,124713543,6048562,-0.01681532,-0.01652984,-0.01689755,-0.01742716,-225932201.2126,13436093473.3333,OK,8220755.8918,9199860.2962,4.0013,95.9987,AG03-UNRESOLVED,ALL5_LEVELS_bet23_to_bet27,9199860.2962,9381979.6473,9615816.7414,9858968.4371,9338000.0461,4.001283,4.042136,4.252868,4.666985,4.496035,95.998717,95.957864,95.747132,95.333015,95.503965,4.9901,47394625.1681,43234853.3833,170316820.1526,174476591.9375,PENDING_AG03,FALSE,NOT_FOR_ENFORCEMENT,216732340.9164,11606300486.2161,217711445.3207,208511585.0246,979104.4043,0.01620348,0.01551877,9199860.2962,208511585.0246,0.01551877,9199860.2962,9381979.6473,9615816.7414,9858968.4371,9338000.0461,208511585.0246,0.01551877,47394625.1681,43234853.3833,170316820.1526,174476591.9375,0.01267607,0.01298566,0.00007287,107.7356,2000.7309,37.3530,1625411.5195,1831.5313,96662542.9736,43514.8345,113.5121,106.1793,5.1431,15.4907,52.3519,179.9898,345.407,1499.1118,12.8578,-2.2009,22.297745,96.77516,6.954874,30,300,1326575,23,0.22362557,0.01681532,0.01652984,0.00067931,0.040378,0.900674,0.077531,0.00036771,2026-03-21,2026-08-06,139,123357,4007,139,1.000000,1.069061,1.053617,0.745419,2,0.0,0.0,0.0,0.0,0.0,0.0,n_rounds>=30,137,137,PERCENT_RANK_OVER_ORDER_BY_e_stake,HF9f,OK,L1_POWERED,0.0007571,A 净亏最大十分位 · 优先复核,48,1,A168_HF9F_20260827_0900,2026-08-27 09:00:00
gameId,2,3,3,🔴 义异且型异,ods_a168_bet01 → 第三方遊戲代碼 [varchar(20)]  ||  ods_mariadb_2b_bet01_rt → 第三方遊戲代碼 []  ||  ods_a168_bet_partner →  [varchar(64)],13436093473.3333,12101545164.6445,225932201.2126,124713543,6048562,-0.01681532,-0.01652984,-0.01689755,-0.01742716,-225932201.2126,13436093473.3333,OK,8220755.8918,9199860.2962,4.0013,95.9987,AG03-UNRESOLVED,ALL5_LEVELS_bet23_to_bet27,9199860.2962,9381979.6473,9615816.7414,9858968.4371,9338000.0461,4.001283,4.042136,4.252868,4.666985,4.496035,95.998717,95.957864,95.747132,95.333015,95.503965,4.9901,47394625.1681,43234853.3833,170316820.1526,174476591.9375,PENDING_AG03,FALSE,NOT_FOR_ENFORCEMENT,216732340.9164,11606300486.2161,217711445.3207,208511585.0246,979104.4043,0.01620348,0.01551877,9199860.2962,208511585.0246,0.01551877,9199860.2962,9381979.6473,9615816.7414,9858968.4371,9338000.0461,208511585.0246,0.01551877,47394625.1681,43234853.3833,170316820.1526,174476591.9375,0.01267607,0.01298566,0.00007287,107.7356,2000.7309,37.3530,1625411.5195,1831.5313,96662542.9736,43514.8345,113.5121,106.1793,5.1431,15.4907,52.3519,179.9898,345.407,1499.1118,12.8578,-2.2009,22.297745,96.77516,6.954874,30,300,1326575,23,0.22362557,0.01681532,0.01652984,0.00067931,0.040378,0.900674,0.077531,0.00036771,2026-03-21,2026-08-06,139,123357,4007,139,1.000000,1.069061,1.053617,0.745419,3,0.0,0.0,0.0,0.0,0.0,0.0,n_rounds>=30,137,137,PERCENT_RANK_OVER_ORDER_BY_e_stake,HF9f,OK,L1_POWERED,0.0007571,A 净亏最大十分位 · 优先复核,49,1,A168_HF9F_20260827_0900,2026-08-27 09:00:00
gameNo,2,2,3,🔴 义异且型异,"ods_a168_log_realtimebet →  [int(11)]  ||  ods_a168_game_No →  [int(11)]  ||  ods_a168_game_result → 場次編號 [decimal(12,0)]",13436093473.3333,12101545164.6445,225932201.2126,124713543,6048562,-0.01681532,-0.01652984,-0.01689755,-0.01742716,-225932201.2126,13436093473.3333,OK,8220755.8918,9199860.2962,4.0013,95.9987,AG03-UNRESOLVED,ALL5_LEVELS_bet23_to_bet27,9199860.2962,9381979.6473,9615816.7414,9858968.4371,9338000.0461,4.001283,4.042136,4.252868,4.666985,4.496035,95.998717,95.957864,95.747132,95.333015,95.503965,4.9901,47394625.1681,43234853.3833,170316820.1526,174476591.9375,PENDING_AG03,FALSE,NOT_FOR_ENFORCEMENT,216732340.9164,11606300486.2161,217711445.3207,208511585.0246,979104.4043,0.01620348,0.01551877,9199860.2962,208511585.0246,0.01551877,9199860.2962,9381979.6473,9615816.7414,9858968.4371,9338000.0461,208511585.0246,0.01551877,47394625.1681,43234853.3833,170316820.1526,174476591.9375,0.01267607,0.01298566,0.00007287,107.7356,2000.7309,37.3530,1625411.5195,1831.5313,96662542.9736,43514.8345,113.5121,106.1793,5.1431,15.4907,52.3519,179.9898,345.407,1499.1118,12.8578,-2.2009,22.297745,96.77516,6.954874,30,300,1326575,23,0.22362557,0.01681532,0.01652984,0.00067931,0.040378,0.900674,0.077531,0.00036771,2026-03-21,2026-08-06,139,123357,4007,139,1.000000,1.069061,1.053617,0.745419,4,0.0,0.0,0.0,0.0,0.0,0.0,n_rounds>=30,137,137,PERCENT_RANK_OVER_ORDER_BY_e_stake,HF9f,OK,L1_POWERED,0.0007571,A 净亏最大十分位 · 优先复核,50,1,A168_HF9F_20260827_0900,2026-08-27 09:00:00
gameNoRound,2,1,2,🟠 义异型同,ods_a168_game_result → 子場次編號 [int(11)]  ||  ods_a168_log_realtimebet →  [int(11)],13436093473.3333,12101545164.6445,225932201.2126,124713543,6048562,-0.01681532,-0.01652984,-0.01689755,-0.01742716,-225932201.2126,13436093473.3333,OK,8220755.8918,9199860.2962,4.0013,95.9987,AG03-UNRESOLVED,ALL5_LEVELS_bet23_to_bet27,9199860.2962,9381979.6473,9615816.7414,9858968.4371,9338000.0461,4.001283,4.042136,4.252868,4.666985,4.496035,95.998717,95.957864,95.747132,95.333015,95.503965,4.9901,47394625.1681,43234853.3833,170316820.1526,174476591.9375,PENDING_AG03,FALSE,NOT_FOR_ENFORCEMENT,216732340.9164,11606300486.2161,217711445.3207,208511585.0246,979104.4043,0.01620348,0.01551877,9199860.2962,208511585.0246,0.01551877,9199860.2962,9381979.6473,9615816.7414,9858968.4371,9338000.0461,208511585.0246,0.01551877,47394625.1681,43234853.3833,170316820.1526,174476591.9375,0.01267607,0.01298566,0.00007287,107.7356,2000.7309,37.3530,1625411.5195,1831.5313,96662542.9736,43514.8345,113.5121,106.1793,5.1431,15.4907,52.3519,179.9898,345.407,1499.1118,12.8578,-2.2009,22.297745,96.77516,6.954874,30,300,1326575,23,0.22362557,0.01681532,0.01652984,0.00067931,0.040378,0.900674,0.077531,0.00036771,2026-03-21,2026-08-06,139,123357,4007,139,1.000000,1.069061,1.053617,0.745419,3,0.0,0.0,0.0,0.0,0.0,0.0,n_rounds>=30,137,137,PERCENT_RANK_OVER_ORDER_BY_e_stake,HF9f,OK,L1_POWERED,0.0007571,A 净亏最大十分位 · 优先复核,51,1,A168_HF9F_20260827_0900,2026-08-27 09:00:00
gameid,2,2,2,🔴 义异且型异,ods_a168_partner_gamelist → 開遊戲代碼or編號 [varchar(20)]  ||  ods_a168_RedPacket_Order → 遊戲 [int(11)],13436093473.3333,12101545164.6445,225932201.2126,124713543,6048562,-0.01681532,-0.01652984,-0.01689755,-0.01742716,-225932201.2126,13436093473.3333,OK,8220755.8918,9199860.2962,4.0013,95.9987,AG03-UNRESOLVED,ALL5_LEVELS_bet23_to_bet27,9199860.2962,9381979.6473,9615816.7414,9858968.4371,9338000.0461,4.001283,4.042136,4.252868,4.666985,4.496035,95.998717,95.957864,95.747132,95.333015,95.503965,4.9901,47394625.1681,43234853.3833,170316820.1526,174476591.9375,PENDING_AG03,FALSE,NOT_FOR_ENFORCEMENT,216732340.9164,11606300486.2161,217711445.3207,208511585.0246,979104.4043,0.01620348,0.01551877,9199860.2962,208511585.0246,0.01551877,9199860.2962,9381979.6473,9615816.7414,9858968.4371,9338000.0461,208511585.0246,0.01551877,47394625.1681,43234853.3833,170316820.1526,174476591.9375,0.01267607,0.01298566,0.00007287,107.7356,2000.7309,37.3530,1625411.5195,1831.5313,96662542.9736,43514.8345,113.5121,106.1793,5.1431,15.4907,52.3519,179.9898,345.407,1499.1118,12.8578,-2.2009,22.297745,96.77516,6.954874,30,300,1326575,23,0.22362557,0.01681532,0.01652984,0.00067931,0.040378,0.900674,0.077531,0.00036771,2026-03-21,2026-08-06,139,123357,4007,139,1.000000,1.069061,1.053617,0.745419,3,0.0,0.0,0.0,0.0,0.0,0.0,n_rounds>=30,137,137,PERCENT_RANK_OVER_ORDER_BY_e_stake,HF9f,OK,L1_POWERED,0.0007571,A 净亏最大十分位 · 优先复核,52,1,A168_HF9F_20260827_0900,2026-08-27 09:00:00
gametype,2,2,3,🔴 义异且型异,ods_a168_bet01 → 1:網投、2:電投 [int(11)]  ||  ods_mariadb_2b_bet01_rt → 1:網投、2:電投 []  ||  ods_a168_bet02 → 1:網投、2:電投、3 電投網投模式、4 電投電投模式 [int(11)],13436093473.3333,12101545164.6445,225932201.2126,124713543,6048562,-0.01681532,-0.01652984,-0.01689755,-0.01742716,-225932201.2126,13436093473.3333,OK,8220755.8918,9199860.2962,4.0013,95.9987,AG03-UNRESOLVED,ALL5_LEVELS_bet23_to_bet27,9199860.2962,9381979.6473,9615816.7414,9858968.4371,9338000.0461,4.001283,4.042136,4.252868,4.666985,4.496035,95.998717,95.957864,95.747132,95.333015,95.503965,4.9901,47394625.1681,43234853.3833,170316820.1526,174476591.9375,PENDING_AG03,FALSE,NOT_FOR_ENFORCEMENT,216732340.9164,11606300486.2161,217711445.3207,208511585.0246,979104.4043,0.01620348,0.01551877,9199860.2962,208511585.0246,0.01551877,9199860.2962,9381979.6473,9615816.7414,9858968.4371,9338000.0461,208511585.0246,0.01551877,47394625.1681,43234853.3833,170316820.1526,174476591.9375,0.01267607,0.01298566,0.00007287,107.7356,2000.7309,37.3530,1625411.5195,1831.5313,96662542.9736,43514.8345,113.5121,106.1793,5.1431,15.4907,52.3519,179.9898,345.407,1499.1118,12.8578,-2.2009,22.297745,96.77516,6.954874,30,300,1326575,23,0.22362557,0.01681532,0.01652984,0.00067931,0.040378,0.900674,0.077531,0.00036771,2026-03-21,2026-08-06,139,123357,4007,139,1.000000,1.069061,1.053617,0.745419,4,0.0,0.0,0.0,0.0,0.0,0.0,n_rounds>=30,137,137,PERCENT_RANK_OVER_ORDER_BY_e_stake,HF9f,OK,L1_POWERED,0.0007571,A 净亏最大十分位 · 优先复核,53,1,A168_HF9F_20260827_0900,2026-08-27 09:00:00
gi001,2,2,2,🔴 义异且型异,ods_wm_live_a168_game_info → 游戏类别 []  ||  ods_a168_game_info → 遊戲類別 [int(11)],13436093473.3333,12101545164.6445,225932201.2126,124713543,6048562,-0.01681532,-0.01652984,-0.01689755,-0.01742716,-225932201.2126,13436093473.3333,OK,8220755.8918,9199860.2962,4.0013,95.9987,AG03-UNRESOLVED,ALL5_LEVELS_bet23_to_bet27,9199860.2962,9381979.6473,9615816.7414,9858968.4371,9338000.0461,4.001283,4.042136,4.252868,4.666985,4.496035,95.998717,95.957864,95.747132,95.333015,95.503965,4.9901,47394625.1681,43234853.3833,170316820.1526,174476591.9375,PENDING_AG03,FALSE,NOT_FOR_ENFORCEMENT,216732340.9164,11606300486.2161,217711445.3207,208511585.0246,979104.4043,0.01620348,0.01551877,9199860.2962,208511585.0246,0.01551877,9199860.2962,9381979.6473,9615816.7414,9858968.4371,9338000.0461,208511585.0246,0.01551877,47394625.1681,43234853.3833,170316820.1526,174476591.9375,0.01267607,0.01298566,0.00007287,107.7356,2000.7309,37.3530,1625411.5195,1831.5313,96662542.9736,43514.8345,113.5121,106.1793,5.1431,15.4907,52.3519,179.9898,345.407,1499.1118,12.8578,-2.2009,22.297745,96.77516,6.954874,30,300,1326575,23,0.22362557,0.01681532,0.01652984,0.00067931,0.040378,0.900674,0.077531,0.00036771,2026-03-21,2026-08-06,139,123357,4007,139,1.000000,1.069061,1.053617,0.745419,5,0.0,0.0,0.0,0.0,0.0,0.0,n_rounds>=30,137,137,PERCENT_RANK_OVER_ORDER_BY_e_stake,HF9f,OK,L1_POWERED,0.0007571,A 净亏最大十分位 · 优先复核,54,1,A168_HF9F_20260827_0900,2026-08-27 09:00:00
gi002,2,2,3,🔴 义异且型异,"ods_wm_live_a168_game_info → 场次编号 []  ||  ods_a168_game_info_verify → 場次編號 [decimal(12,0)]  ||  ods_a168_game_info → 場次編號 [decimal(12,0)]",13436093473.3333,12101545164.6445,225932201.2126,124713543,6048562,-0.01681532,-0.01652984,-0.01689755,-0.01742716,-225932201.2126,13436093473.3333,OK,8220755.8918,9199860.2962,4.0013,95.9987,AG03-UNRESOLVED,ALL5_LEVELS_bet23_to_bet27,9199860.2962,9381979.6473,9615816.7414,9858968.4371,9338000.0461,4.001283,4.042136,4.252868,4.666985,4.496035,95.998717,95.957864,95.747132,95.333015,95.503965,4.9901,47394625.1681,43234853.3833,170316820.1526,174476591.9375,PENDING_AG03,FALSE,NOT_FOR_ENFORCEMENT,216732340.9164,11606300486.2161,217711445.3207,208511585.0246,979104.4043,0.01620348,0.01551877,9199860.2962,208511585.0246,0.01551877,9199860.2962,9381979.6473,9615816.7414,9858968.4371,9338000.0461,208511585.0246,0.01551877,47394625.1681,43234853.3833,170316820.1526,174476591.9375,0.01267607,0.01298566,0.00007287,107.7356,2000.7309,37.3530,1625411.5195,1831.5313,96662542.9736,43514.8345,113.5121,106.1793,5.1431,15.4907,52.3519,179.9898,345.407,1499.1118,12.8578,-2.2009,22.297745,96.77516,6.954874,30,300,1326575,23,0.22362557,0.01681532,0.01652984,0.00067931,0.040378,0.900674,0.077531,0.00036771,2026-03-21,2026-08-06,139,123357,4007,139,1.000000,1.069061,1.053617,0.745419,4,0.0,0.0,0.0,0.0,0.0,0.0,n_rounds>=30,137,137,PERCENT_RANK_OVER_ORDER_BY_e_stake,HF9f,OK,L1_POWERED,0.0007571,A 净亏最大十分位 · 优先复核,55,1,A168_HF9F_20260827_0900,2026-08-27 09:00:00
gi003,2,2,3,🔴 义异且型异,ods_a168_game_info → 子場次編號 [int(11)]  ||  ods_a168_game_info_verify → 子場次編號 [int(11)]  ||  ods_wm_live_a168_game_info → 子场次编号 [],13436093473.3333,12101545164.6445,225932201.2126,124713543,6048562,-0.01681532,-0.01652984,-0.01689755,-0.01742716,-225932201.2126,13436093473.3333,OK,8220755.8918,9199860.2962,4.0013,95.9987,AG03-UNRESOLVED,ALL5_LEVELS_bet23_to_bet27,9199860.2962,9381979.6473,9615816.7414,9858968.4371,9338000.0461,4.001283,4.042136,4.252868,4.666985,4.496035,95.998717,95.957864,95.747132,95.333015,95.503965,4.9901,47394625.1681,43234853.3833,170316820.1526,174476591.9375,PENDING_AG03,FALSE,NOT_FOR_ENFORCEMENT,216732340.9164,11606300486.2161,217711445.3207,208511585.0246,979104.4043,0.01620348,0.01551877,9199860.2962,208511585.0246,0.01551877,9199860.2962,9381979.6473,9615816.7414,9858968.4371,9338000.0461,208511585.0246,0.01551877,47394625.1681,43234853.3833,170316820.1526,174476591.9375,0.01267607,0.01298566,0.00007287,107.7356,2000.7309,37.3530,1625411.5195,1831.5313,96662542.9736,43514.8345,113.5121,106.1793,5.1431,15.4907,52.3519,179.9898,345.407,1499.1118,12.8578,-2.2009,22.297745,96.77516,6.954874,30,300,1326575,23,0.22362557,0.01681532,0.01652984,0.00067931,0.040378,0.900674,0.077531,0.00036771,2026-03-21,2026-08-06,139,123357,4007,139,1.000000,1.069061,1.053617,0.745419,5,0.0,0.0,0.0,0.0,0.0,0.0,n_rounds>=30,137,137,PERCENT_RANK_OVER_ORDER_BY_e_stake,HF9f,OK,L1_POWERED,0.0007571,A 净亏最大十分位 · 优先复核,56,1,A168_HF9F_20260827_0900,2026-08-27 09:00:00
gi004,2,2,2,🔴 义异且型异,ods_a168_game_info → 開局時間 [datetime]  ||  ods_wm_live_a168_game_info → 开局时间 [],13436093473.3333,12101545164.6445,225932201.2126,124713543,6048562,-0.01681532,-0.01652984,-0.01689755,-0.01742716,-225932201.2126,13436093473.3333,OK,8220755.8918,9199860.2962,4.0013,95.9987,AG03-UNRESOLVED,ALL5_LEVELS_bet23_to_bet27,9199860.2962,9381979.6473,9615816.7414,9858968.4371,9338000.0461,4.001283,4.042136,4.252868,4.666985,4.496035,95.998717,95.957864,95.747132,95.333015,95.503965,4.9901,47394625.1681,43234853.3833,170316820.1526,174476591.9375,PENDING_AG03,FALSE,NOT_FOR_ENFORCEMENT,216732340.9164,11606300486.2161,217711445.3207,208511585.0246,979104.4043,0.01620348,0.01551877,9199860.2962,208511585.0246,0.01551877,9199860.2962,9381979.6473,9615816.7414,9858968.4371,9338000.0461,208511585.0246,0.01551877,47394625.1681,43234853.3833,170316820.1526,174476591.9375,0.01267607,0.01298566,0.00007287,107.7356,2000.7309,37.3530,1625411.5195,1831.5313,96662542.9736,43514.8345,113.5121,106.1793,5.1431,15.4907,52.3519,179.9898,345.407,1499.1118,12.8578,-2.2009,22.297745,96.77516,6.954874,30,300,1326575,23,0.22362557,0.01681532,0.01652984,0.00067931,0.040378,0.900674,0.077531,0.00036771,2026-03-21,2026-08-06,139,123357,4007,139,1.000000,1.069061,1.053617,0.745419,3,0.0,0.0,0.0,0.0,0.0,0.0,n_rounds>=30,137,137,PERCENT_RANK_OVER_ORDER_BY_e_stake,HF9f,OK,L1_POWERED,0.0007571,A 净亏最大十分位 · 优先复核,57,1,A168_HF9F_20260827_0900,2026-08-27 09:00:00
gi005,2,2,2,🔴 义异且型异,"ods_wm_live_a168_game_info → 总下注金额 []  ||  ods_a168_game_info → 總下注金額 [decimal(16,4)]",13436093473.3333,12101545164.6445,225932201.2126,124713543,6048562,-0.01681532,-0.01652984,-0.01689755,-0.01742716,-225932201.2126,13436093473.3333,OK,8220755.8918,9199860.2962,4.0013,95.9987,AG03-UNRESOLVED,ALL5_LEVELS_bet23_to_bet27,9199860.2962,9381979.6473,9615816.7414,9858968.4371,9338000.0461,4.001283,4.042136,4.252868,4.666985,4.496035,95.998717,95.957864,95.747132,95.333015,95.503965,4.9901,47394625.1681,43234853.3833,170316820.1526,174476591.9375,PENDING_AG03,FALSE,NOT_FOR_ENFORCEMENT,216732340.9164,11606300486.2161,217711445.3207,208511585.0246,979104.4043,0.01620348,0.01551877,9199860.2962,208511585.0246,0.01551877,9199860.2962,9381979.6473,9615816.7414,9858968.4371,9338000.0461,208511585.0246,0.01551877,47394625.1681,43234853.3833,170316820.1526,174476591.9375,0.01267607,0.01298566,0.00007287,107.7356,2000.7309,37.3530,1625411.5195,1831.5313,96662542.9736,43514.8345,113.5121,106.1793,5.1431,15.4907,52.3519,179.9898,345.407,1499.1118,12.8578,-2.2009,22.297745,96.77516,6.954874,30,300,1326575,23,0.22362557,0.01681532,0.01652984,0.00067931,0.040378,0.900674,0.077531,0.00036771,2026-03-21,2026-08-06,139,123357,4007,139,1.000000,1.069061,1.053617,0.745419,3,0.0,0.0,0.0,0.0,0.0,0.0,n_rounds>=30,137,137,PERCENT_RANK_OVER_ORDER_BY_e_stake,HF9f,OK,L1_POWERED,0.0007571,A 净亏最大十分位 · 优先复核,58,1,A168_HF9F_20260827_0900,2026-08-27 09:00:00
gi006,2,2,2,🔴 义异且型异,ods_wm_live_a168_game_info → 开奖时间 []  ||  ods_a168_game_info → 開獎時間 [datetime],13436093473.3333,12101545164.6445,225932201.2126,124713543,6048562,-0.01681532,-0.01652984,-0.01689755,-0.01742716,-225932201.2126,13436093473.3333,OK,8220755.8918,9199860.2962,4.0013,95.9987,AG03-UNRESOLVED,ALL5_LEVELS_bet23_to_bet27,9199860.2962,9381979.6473,9615816.7414,9858968.4371,9338000.0461,4.001283,4.042136,4.252868,4.666985,4.496035,95.998717,95.957864,95.747132,95.333015,95.503965,4.9901,47394625.1681,43234853.3833,170316820.1526,174476591.9375,PENDING_AG03,FALSE,NOT_FOR_ENFORCEMENT,216732340.9164,11606300486.2161,217711445.3207,208511585.0246,979104.4043,0.01620348,0.01551877,9199860.2962,208511585.0246,0.01551877,9199860.2962,9381979.6473,9615816.7414,9858968.4371,9338000.0461,208511585.0246,0.01551877,47394625.1681,43234853.3833,170316820.1526,174476591.9375,0.01267607,0.01298566,0.00007287,107.7356,2000.7309,37.3530,1625411.5195,1831.5313,96662542.9736,43514.8345,113.5121,106.1793,5.1431,15.4907,52.3519,179.9898,345.407,1499.1118,12.8578,-2.2009,22.297745,96.77516,6.954874,30,300,1326575,23,0.22362557,0.01681532,0.01652984,0.00067931,0.040378,0.900674,0.077531,0.00036771,2026-03-21,2026-08-06,139,123357,4007,139,1.000000,1.069061,1.053617,0.745419,2,0.0,0.0,0.0,0.0,0.0,0.0,n_rounds>=30,137,137,PERCENT_RANK_OVER_ORDER_BY_e_stake,HF9f,OK,L1_POWERED,0.0007571,A 净亏最大十分位 · 优先复核,59,1,A168_HF9F_20260827_0900,2026-08-27 09:00:00
gi007,2,2,2,🔴 义异且型异,ods_a168_game_info → 開獎內容 [text]  ||  ods_wm_live_a168_game_info → 开奖内容 [],13436093473.3333,12101545164.6445,225932201.2126,124713543,6048562,-0.01681532,-0.01652984,-0.01689755,-0.01742716,-225932201.2126,13436093473.3333,OK,8220755.8918,9199860.2962,4.0013,95.9987,AG03-UNRESOLVED,ALL5_LEVELS_bet23_to_bet27,9199860.2962,9381979.6473,9615816.7414,9858968.4371,9338000.0461,4.001283,4.042136,4.252868,4.666985,4.496035,95.998717,95.957864,95.747132,95.333015,95.503965,4.9901,47394625.1681,43234853.3833,170316820.1526,174476591.9375,PENDING_AG03,FALSE,NOT_FOR_ENFORCEMENT,216732340.9164,11606300486.2161,217711445.3207,208511585.0246,979104.4043,0.01620348,0.01551877,9199860.2962,208511585.0246,0.01551877,9199860.2962,9381979.6473,9615816.7414,9858968.4371,9338000.0461,208511585.0246,0.01551877,47394625.1681,43234853.3833,170316820.1526,174476591.9375,0.01267607,0.01298566,0.00007287,107.7356,2000.7309,37.3530,1625411.5195,1831.5313,96662542.9736,43514.8345,113.5121,106.1793,5.1431,15.4907,52.3519,179.9898,345.407,1499.1118,12.8578,-2.2009,22.297745,96.77516,6.954874,30,300,1326575,23,0.22362557,0.01681532,0.01652984,0.00067931,0.040378,0.900674,0.077531,0.00036771,2026-03-21,2026-08-06,139,123357,4007,139,1.000000,1.069061,1.053617,0.745419,2,0.0,0.0,0.0,0.0,0.0,0.0,n_rounds>=30,137,137,PERCENT_RANK_OVER_ORDER_BY_e_stake,HF9f,OK,L1_POWERED,0.0007571,A 净亏最大十分位 · 优先复核,60,1,A168_HF9F_20260827_0900,2026-08-27 09:00:00
gi008,2,2,2,🔴 义异且型异,"ods_wm_live_a168_game_info → 输赢 []  ||  ods_a168_game_info → 輸贏 [decimal(16,4)]",13436093473.3333,12101545164.6445,225932201.2126,124713543,6048562,-0.01681532,-0.01652984,-0.01689755,-0.01742716,-225932201.2126,13436093473.3333,OK,8220755.8918,9199860.2962,4.0013,95.9987,AG03-UNRESOLVED,ALL5_LEVELS_bet23_to_bet27,9199860.2962,9381979.6473,9615816.7414,9858968.4371,9338000.0461,4.001283,4.042136,4.252868,4.666985,4.496035,95.998717,95.957864,95.747132,95.333015,95.503965,4.9901,47394625.1681,43234853.3833,170316820.1526,174476591.9375,PENDING_AG03,FALSE,NOT_FOR_ENFORCEMENT,216732340.9164,11606300486.2161,217711445.3207,208511585.0246,979104.4043,0.01620348,0.01551877,9199860.2962,208511585.0246,0.01551877,9199860.2962,9381979.6473,9615816.7414,9858968.4371,9338000.0461,208511585.0246,0.01551877,47394625.1681,43234853.3833,170316820.1526,174476591.9375,0.01267607,0.01298566,0.00007287,107.7356,2000.7309,37.3530,1625411.5195,1831.5313,96662542.9736,43514.8345,113.5121,106.1793,5.1431,15.4907,52.3519,179.9898,345.407,1499.1118,12.8578,-2.2009,22.297745,96.77516,6.954874,30,300,1326575,23,0.22362557,0.01681532,0.01652984,0.00067931,0.040378,0.900674,0.077531,0.00036771,2026-03-21,2026-08-06,139,123357,4007,139,1.000000,1.069061,1.053617,0.745419,5,0.0,0.0,0.0,0.0,0.0,0.0,n_rounds>=30,137,137,PERCENT_RANK_OVER_ORDER_BY_e_stake,HF9f,OK,L1_POWERED,0.0007571,A 净亏最大十分位 · 优先复核,61,1,A168_HF9F_20260827_0900,2026-08-27 09:00:00
gi009,2,2,2,🔴 义异且型异,"ods_a168_game_info → 總退水 [decimal(16,4)]  ||  ods_wm_live_a168_game_info → 总退水 []",13436093473.3333,12101545164.6445,225932201.2126,124713543,6048562,-0.01681532,-0.01652984,-0.01689755,-0.01742716,-225932201.2126,13436093473.3333,OK,8220755.8918,9199860.2962,4.0013,95.9987,AG03-UNRESOLVED,ALL5_LEVELS_bet23_to_bet27,9199860.2962,9381979.6473,9615816.7414,9858968.4371,9338000.0461,4.001283,4.042136,4.252868,4.666985,4.496035,95.998717,95.957864,95.747132,95.333015,95.503965,4.9901,47394625.1681,43234853.3833,170316820.1526,174476591.9375,PENDING_AG03,FALSE,NOT_FOR_ENFORCEMENT,216732340.9164,11606300486.2161,217711445.3207,208511585.0246,979104.4043,0.01620348,0.01551877,9199860.2962,208511585.0246,0.01551877,9199860.2962,9381979.6473,9615816.7414,9858968.4371,9338000.0461,208511585.0246,0.01551877,47394625.1681,43234853.3833,170316820.1526,174476591.9375,0.01267607,0.01298566,0.00007287,107.7356,2000.7309,37.3530,1625411.5195,1831.5313,96662542.9736,43514.8345,113.5121,106.1793,5.1431,15.4907,52.3519,179.9898,345.407,1499.1118,12.8578,-2.2009,22.297745,96.77516,6.954874,30,300,1326575,23,0.22362557,0.01681532,0.01652984,0.00067931,0.040378,0.900674,0.077531,0.00036771,2026-03-21,2026-08-06,139,123357,4007,139,1.000000,1.069061,1.053617,0.745419,4,0.0,0.0,0.0,0.0,0.0,0.0,n_rounds>=30,137,137,PERCENT_RANK_OVER_ORDER_BY_e_stake,HF9f,OK,L1_POWERED,0.0007571,A 净亏最大十分位 · 优先复核,62,1,A168_HF9F_20260827_0900,2026-08-27 09:00:00
gi010,2,2,2,🔴 义异且型异,"ods_a168_game_info → 結果：贏得＋退水－下注 [decimal(16,4)]  ||  ods_wm_live_a168_game_info → 结果：赢得+退水-下注 []",13436093473.3333,12101545164.6445,225932201.2126,124713543,6048562,-0.01681532,-0.01652984,-0.01689755,-0.01742716,-225932201.2126,13436093473.3333,OK,8220755.8918,9199860.2962,4.0013,95.9987,AG03-UNRESOLVED,ALL5_LEVELS_bet23_to_bet27,9199860.2962,9381979.6473,9615816.7414,9858968.4371,9338000.0461,4.001283,4.042136,4.252868,4.666985,4.496035,95.998717,95.957864,95.747132,95.333015,95.503965,4.9901,47394625.1681,43234853.3833,170316820.1526,174476591.9375,PENDING_AG03,FALSE,NOT_FOR_ENFORCEMENT,216732340.9164,11606300486.2161,217711445.3207,208511585.0246,979104.4043,0.01620348,0.01551877,9199860.2962,208511585.0246,0.01551877,9199860.2962,9381979.6473,9615816.7414,9858968.4371,9338000.0461,208511585.0246,0.01551877,47394625.1681,43234853.3833,170316820.1526,174476591.9375,0.01267607,0.01298566,0.00007287,107.7356,2000.7309,37.3530,1625411.5195,1831.5313,96662542.9736,43514.8345,113.5121,106.1793,5.1431,15.4907,52.3519,179.9898,345.407,1499.1118,12.8578,-2.2009,22.297745,96.77516,6.954874,30,300,1326575,23,0.22362557,0.01681532,0.01652984,0.00067931,0.040378,0.900674,0.077531,0.00036771,2026-03-21,2026-08-06,139,123357,4007,139,1.000000,1.069061,1.053617,0.745419,2,0.0,0.0,0.0,0.0,0.0,0.0,n_rounds>=30,137,137,PERCENT_RANK_OVER_ORDER_BY_e_stake,HF9f,OK,L1_POWERED,0.0007571,A 净亏最大十分位 · 优先复核,63,1,A168_HF9F_20260827_0900,2026-08-27 09:00:00
gi013,2,2,2,🔴 义异且型异,"ods_a168_game_info → 狀態：0:未開,1:己開,2:重對,9:取消 [int(11)]  ||  ods_wm_live_a168_game_info → 状态：0未开、1已开、2重对、9取消 []",13436093473.3333,12101545164.6445,225932201.2126,124713543,6048562,-0.01681532,-0.01652984,-0.01689755,-0.01742716,-225932201.2126,13436093473.3333,OK,8220755.8918,9199860.2962,4.0013,95.9987,AG03-UNRESOLVED,ALL5_LEVELS_bet23_to_bet27,9199860.2962,9381979.6473,9615816.7414,9858968.4371,9338000.0461,4.001283,4.042136,4.252868,4.666985,4.496035,95.998717,95.957864,95.747132,95.333015,95.503965,4.9901,47394625.1681,43234853.3833,170316820.1526,174476591.9375,PENDING_AG03,FALSE,NOT_FOR_ENFORCEMENT,216732340.9164,11606300486.2161,217711445.3207,208511585.0246,979104.4043,0.01620348,0.01551877,9199860.2962,208511585.0246,0.01551877,9199860.2962,9381979.6473,9615816.7414,9858968.4371,9338000.0461,208511585.0246,0.01551877,47394625.1681,43234853.3833,170316820.1526,174476591.9375,0.01267607,0.01298566,0.00007287,107.7356,2000.7309,37.3530,1625411.5195,1831.5313,96662542.9736,43514.8345,113.5121,106.1793,5.1431,15.4907,52.3519,179.9898,345.407,1499.1118,12.8578,-2.2009,22.297745,96.77516,6.954874,30,300,1326575,23,0.22362557,0.01681532,0.01652984,0.00067931,0.040378,0.900674,0.077531,0.00036771,2026-03-21,2026-08-06,139,123357,4007,139,1.000000,1.069061,1.053617,0.745419,2,0.0,0.0,0.0,0.0,0.0,0.0,n_rounds>=30,137,137,PERCENT_RANK_OVER_ORDER_BY_e_stake,HF9f,OK,L1_POWERED,0.0007571,A 净亏最大十分位 · 优先复核,64,1,A168_HF9F_20260827_0900,2026-08-27 09:00:00
gid,6,3,19,🔴 义异且型异,ods_a168_game_statistics →  [int(11)]  ||  ods_a168_log_realtimebet →  [int(6)]  ||  ods_a168_shuffle_info →  [int(11)]  ||  ods_a168_game_info_verify → 遊戲類別 [int(11)]  ||  ods_a168_game_No →  [int(11)]  ||  ods_a168_jackpot → 遊戲id [int(11)]  ||  ods_a168_aisetting →  [int(3)]  ||  ods_a168_bet_partner → 遊戲編號 [int(11)]  ||  ods_a168_shuffle_gid →  [int(11)]  ||  ods_a168_ban_bet_area →  [int(11)]  ||  ods_a168_member_odds →  [int(11)]  ||  ods_a168_game_transfer → 遊戲ID [int(11)]  ||  ods_a168_member_explosion_setting →  [int(3)]  ||  ods_a168_agent_elec →  [int(11)]  ||  ods_a168_tablelimit_third → 遊戲編號 [int(3)]  ||  ods_a168_tablelimit →  [int(3)]  ||  ods_a168_aggregate_transaction → 遊戲 [int(6)]  ||  ods_a168_game_result → 遊戲類別 [int(11)]  ||  ods_a168_odds_default →  [int(3)],13436093473.3333,12101545164.6445,225932201.2126,124713543,6048562,-0.01681532,-0.01652984,-0.01689755,-0.01742716,-225932201.2126,13436093473.3333,OK,8220755.8918,9199860.2962,4.0013,95.9987,AG03-UNRESOLVED,ALL5_LEVELS_bet23_to_bet27,9199860.2962,9381979.6473,9615816.7414,9858968.4371,9338000.0461,4.001283,4.042136,4.252868,4.666985,4.496035,95.998717,95.957864,95.747132,95.333015,95.503965,4.9901,47394625.1681,43234853.3833,170316820.1526,174476591.9375,PENDING_AG03,FALSE,NOT_FOR_ENFORCEMENT,216732340.9164,11606300486.2161,217711445.3207,208511585.0246,979104.4043,0.01620348,0.01551877,9199860.2962,208511585.0246,0.01551877,9199860.2962,9381979.6473,9615816.7414,9858968.4371,9338000.0461,208511585.0246,0.01551877,47394625.1681,43234853.3833,170316820.1526,174476591.9375,0.01267607,0.01298566,0.00007287,107.7356,2000.7309,37.3530,1625411.5195,1831.5313,96662542.9736,43514.8345,113.5121,106.1793,5.1431,15.4907,52.3519,179.9898,345.407,1499.1118,12.8578,-2.2009,22.297745,96.77516,6.954874,30,300,1326575,23,0.22362557,0.01681532,0.01652984,0.00067931,0.040378,0.900674,0.077531,0.00036771,2026-03-21,2026-08-06,139,123357,4007,139,1.000000,1.069061,1.053617,0.745419,5,0.0,0.0,0.0,0.0,0.0,0.0,n_rounds>=30,137,137,PERCENT_RANK_OVER_ORDER_BY_e_stake,HF9f,OK,L1_POWERED,0.0007571,A 净亏最大十分位 · 优先复核,65,1,A168_HF9F_20260827_0900,2026-08-27 09:00:00
gtype,2,3,3,🔴 义异且型异,ods_a168_wallet_dtl →  [int(3)]  ||  ods_a168_bet_limit_default →  [int(11)]  ||  ods_a168_RedPacketSetup_setting → 遊戲id [int(4)],13436093473.3333,12101545164.6445,225932201.2126,124713543,6048562,-0.01681532,-0.01652984,-0.01689755,-0.01742716,-225932201.2126,13436093473.3333,OK,8220755.8918,9199860.2962,4.0013,95.9987,AG03-UNRESOLVED,ALL5_LEVELS_bet23_to_bet27,9199860.2962,9381979.6473,9615816.7414,9858968.4371,9338000.0461,4.001283,4.042136,4.252868,4.666985,4.496035,95.998717,95.957864,95.747132,95.333015,95.503965,4.9901,47394625.1681,43234853.3833,170316820.1526,174476591.9375,PENDING_AG03,FALSE,NOT_FOR_ENFORCEMENT,216732340.9164,11606300486.2161,217711445.3207,208511585.0246,979104.4043,0.01620348,0.01551877,9199860.2962,208511585.0246,0.01551877,9199860.2962,9381979.6473,9615816.7414,9858968.4371,9338000.0461,208511585.0246,0.01551877,47394625.1681,43234853.3833,170316820.1526,174476591.9375,0.01267607,0.01298566,0.00007287,107.7356,2000.7309,37.3530,1625411.5195,1831.5313,96662542.9736,43514.8345,113.5121,106.1793,5.1431,15.4907,52.3519,179.9898,345.407,1499.1118,12.8578,-2.2009,22.297745,96.77516,6.954874,30,300,1326575,23,0.22362557,0.01681532,0.01652984,0.00067931,0.040378,0.900674,0.077531,0.00036771,2026-03-21,2026-08-06,139,123357,4007,139,1.000000,1.069061,1.053617,0.745419,4,0.0,0.0,0.0,0.0,0.0,0.0,n_rounds>=30,137,137,PERCENT_RANK_OVER_ORDER_BY_e_stake,HF9f,OK,L1_POWERED,0.0007571,A 净亏最大十分位 · 优先复核,66,1,A168_HF9F_20260827_0900,2026-08-27 09:00:00
id,7,6,64,🔴 义异且型异,ods_a168_subagent_permissionrole → id [int(11)]  ||  ods_a168_payment_setting →  [int(11)]  ||  ods_a168_white_list →  [int(5)]  ||  ods_a168_wallet_dtl →  [bigint(20)]  ||  ods_a168_game_log →  [int(11)]  ||  ods_a168_aggregate_setting →  [int(11)]  ||  ods_a168_sms_setting → 編號 [int(11)]  ||  ods_a168_ipblacklist →  [int(8)]  ||  ods_a168_keyserver_command →  [int(11)]  ||  ods_a168_ban_bet_area →  [int(11)]  ||  ods_a168_urllist →  [int(11)]  ||  ods_a168_payment_platform →  [int(11)]  ||  ods_a168_payment_method →  [int(11)]  ||  ods_a168_dailyreport_member →  [bigint(20)]  ||  ods_a168_alarmMessage → 流水號 [int(11)]  ||  ods_a168_permissionsPage →  [int(3)]  ||  ods_a168_RedPacket_Order →  [bigint(20)]  ||  ods_a168_RedPacket_No →  [bigint(20)]  ||  ods_a168_apiurl → 序号 [int(3)]  ||  ods_a168_payment_order → 流水號 [int(11)]  ||  ods_a168_game_callwebapi → 流水號 [bigint(20)]  ||  ods_a168_tablelimit_third →  [int(5)]  ||  ods_a168_partner_gam,13436093473.3333,12101545164.6445,225932201.2126,124713543,6048562,-0.01681532,-0.01652984,-0.01689755,-0.01742716,-225932201.2126,13436093473.3333,OK,8220755.8918,9199860.2962,4.0013,95.9987,AG03-UNRESOLVED,ALL5_LEVELS_bet23_to_bet27,9199860.2962,9381979.6473,9615816.7414,9858968.4371,9338000.0461,4.001283,4.042136,4.252868,4.666985,4.496035,95.998717,95.957864,95.747132,95.333015,95.503965,4.9901,47394625.1681,43234853.3833,170316820.1526,174476591.9375,PENDING_AG03,FALSE,NOT_FOR_ENFORCEMENT,216732340.9164,11606300486.2161,217711445.3207,208511585.0246,979104.4043,0.01620348,0.01551877,9199860.2962,208511585.0246,0.01551877,9199860.2962,9381979.6473,9615816.7414,9858968.4371,9338000.0461,208511585.0246,0.01551877,47394625.1681,43234853.3833,170316820.1526,174476591.9375,0.01267607,0.01298566,0.00007287,107.7356,2000.7309,37.3530,1625411.5195,1831.5313,96662542.9736,43514.8345,113.5121,106.1793,5.1431,15.4907,52.3519,179.9898,345.407,1499.1118,12.8578,-2.2009,22.297745,96.77516,6.954874,30,300,1326575,23,0.22362557,0.01681532,0.01652984,0.00067931,0.040378,0.900674,0.077531,0.00036771,2026-03-21,2026-08-06,139,123357,4007,139,1.000000,1.069061,1.053617,0.745419,2,0.0,0.0,0.0,0.0,0.0,0.0,n_rounds>=30,137,137,PERCENT_RANK_OVER_ORDER_BY_e_stake,HF9f,OK,L1_POWERED,0.0007571,A 净亏最大十分位 · 优先复核,67,1,A168_HF9F_20260827_0900,2026-08-27 09:00:00
identity,2,1,4,🟠 义异型同,"ods_a168_agent → 0:信用;1:API [int(11)]  ||  ods_a168_agent_bak20250610 → 0:信用;1:API [int(11)]  ||  ods_a168_agent_test → 0:信用;1:API [int(11)]  ||  ods_a168_member → 0:信用,1:api [int(11)]",13436093473.3333,12101545164.6445,225932201.2126,124713543,6048562,-0.01681532,-0.01652984,-0.01689755,-0.01742716,-225932201.2126,13436093473.3333,OK,8220755.8918,9199860.2962,4.0013,95.9987,AG03-UNRESOLVED,ALL5_LEVELS_bet23_to_bet27,9199860.2962,9381979.6473,9615816.7414,9858968.4371,9338000.0461,4.001283,4.042136,4.252868,4.666985,4.496035,95.998717,95.957864,95.747132,95.333015,95.503965,4.9901,47394625.1681,43234853.3833,170316820.1526,174476591.9375,PENDING_AG03,FALSE,NOT_FOR_ENFORCEMENT,216732340.9164,11606300486.2161,217711445.3207,208511585.0246,979104.4043,0.01620348,0.01551877,9199860.2962,208511585.0246,0.01551877,9199860.2962,9381979.6473,9615816.7414,9858968.4371,9338000.0461,208511585.0246,0.01551877,47394625.1681,43234853.3833,170316820.1526,174476591.9375,0.01267607,0.01298566,0.00007287,107.7356,2000.7309,37.3530,1625411.5195,1831.5313,96662542.9736,43514.8345,113.5121,106.1793,5.1431,15.4907,52.3519,179.9898,345.407,1499.1118,12.8578,-2.2009,22.297745,96.77516,6.954874,30,300,1326575,23,0.22362557,0.01681532,0.01652984,0.00067931,0.040378,0.900674,0.077531,0.00036771,2026-03-21,2026-08-06,139,123357,4007,139,1.000000,1.069061,1.053617,0.745419,4,0.0,0.0,0.0,0.0,0.0,0.0,n_rounds>=30,137,137,PERCENT_RANK_OVER_ORDER_BY_e_stake,HF9f,OK,L1_POWERED,0.0007571,A 净亏最大十分位 · 优先复核,68,1,A168_HF9F_20260827_0900,2026-08-27 09:00:00
iom_id,2,2,3,🔴 义异且型异,ods_a168_payment_order → in_out_m 處理 id [int(11)]  ||  ods_a168_conversion →  [int(11)]  ||  ods_a168_partner_transation → in_out_m 處理 id [bigint(20)],13436093473.3333,12101545164.6445,225932201.2126,124713543,6048562,-0.01681532,-0.01652984,-0.01689755,-0.01742716,-225932201.2126,13436093473.3333,OK,8220755.8918,9199860.2962,4.0013,95.9987,AG03-UNRESOLVED,ALL5_LEVELS_bet23_to_bet27,9199860.2962,9381979.6473,9615816.7414,9858968.4371,9338000.0461,4.001283,4.042136,4.252868,4.666985,4.496035,95.998717,95.957864,95.747132,95.333015,95.503965,4.9901,47394625.1681,43234853.3833,170316820.1526,174476591.9375,PENDING_AG03,FALSE,NOT_FOR_ENFORCEMENT,216732340.9164,11606300486.2161,217711445.3207,208511585.0246,979104.4043,0.01620348,0.01551877,9199860.2962,208511585.0246,0.01551877,9199860.2962,9381979.6473,9615816.7414,9858968.4371,9338000.0461,208511585.0246,0.01551877,47394625.1681,43234853.3833,170316820.1526,174476591.9375,0.01267607,0.01298566,0.00007287,107.7356,2000.7309,37.3530,1625411.5195,1831.5313,96662542.9736,43514.8345,113.5121,106.1793,5.1431,15.4907,52.3519,179.9898,345.407,1499.1118,12.8578,-2.2009,22.297745,96.77516,6.954874,30,300,1326575,23,0.22362557,0.01681532,0.01652984,0.00067931,0.040378,0.900674,0.077531,0.00036771,2026-03-21,2026-08-06,139,123357,4007,139,1.000000,1.069061,1.053617,0.745419,5,0.0,0.0,0.0,0.0,0.0,0.0,n_rounds>=30,137,137,PERCENT_RANK_OVER_ORDER_BY_e_stake,HF9f,OK,L1_POWERED,0.0007571,A 净亏最大十分位 · 优先复核,69,1,A168_HF9F_20260827_0900,2026-08-27 09:00:00
ip,5,7,10,🔴 义异且型异,ods_a168_game_demoipsetting →  [varchar(20)]  ||  ods_a168_ipblacklist →  [varchar(16)]  ||  ods_mariadb_2b_bet01_rt → 下注IP []  ||  ods_a168_iphistory →  [varchar(16)]  ||  ods_a168_bet01 → 下注IP [varchar(15)]  ||  ods_a168_payment_order → 會員 IP [varchar(128)]  ||  ods_a168_change_log → 操作者ip [varchar(255)]  ||  ods_a168_alert_ip_setting →  [varchar(128)]  ||  ods_a168_bet02 → 下注IP [varchar(15)]  ||  ods_a168_game_log → 登入IP [varchar(100)],13436093473.3333,12101545164.6445,225932201.2126,124713543,6048562,-0.01681532,-0.01652984,-0.01689755,-0.01742716,-225932201.2126,13436093473.3333,OK,8220755.8918,9199860.2962,4.0013,95.9987,AG03-UNRESOLVED,ALL5_LEVELS_bet23_to_bet27,9199860.2962,9381979.6473,9615816.7414,9858968.4371,9338000.0461,4.001283,4.042136,4.252868,4.666985,4.496035,95.998717,95.957864,95.747132,95.333015,95.503965,4.9901,47394625.1681,43234853.3833,170316820.1526,174476591.9375,PENDING_AG03,FALSE,NOT_FOR_ENFORCEMENT,216732340.9164,11606300486.2161,217711445.3207,208511585.0246,979104.4043,0.01620348,0.01551877,9199860.2962,208511585.0246,0.01551877,9199860.2962,9381979.6473,9615816.7414,9858968.4371,9338000.0461,208511585.0246,0.01551877,47394625.1681,43234853.3833,170316820.1526,174476591.9375,0.01267607,0.01298566,0.00007287,107.7356,2000.7309,37.3530,1625411.5195,1831.5313,96662542.9736,43514.8345,113.5121,106.1793,5.1431,15.4907,52.3519,179.9898,345.407,1499.1118,12.8578,-2.2009,22.297745,96.77516,6.954874,30,300,1326575,23,0.22362557,0.01681532,0.01652984,0.00067931,0.040378,0.900674,0.077531,0.00036771,2026-03-21,2026-08-06,139,123357,4007,139,1.000000,1.069061,1.053617,0.745419,4,0.0,0.0,0.0,0.0,0.0,0.0,n_rounds>=30,137,137,PERCENT_RANK_OVER_ORDER_BY_e_stake,HF9f,OK,L1_POWERED,0.0007571,A 净亏最大十分位 · 优先复核,70,1,A168_HF9F_20260827_0900,2026-08-27 09:00:00
is_lock,2,2,2,🔴 义异且型异,ods_a168_game_info → 鎖定 [char(1)]  ||  ods_wm_live_a168_game_info → 锁定 [],13436093473.3333,12101545164.6445,225932201.2126,124713543,6048562,-0.01681532,-0.01652984,-0.01689755,-0.01742716,-225932201.2126,13436093473.3333,OK,8220755.8918,9199860.2962,4.0013,95.9987,AG03-UNRESOLVED,ALL5_LEVELS_bet23_to_bet27,9199860.2962,9381979.6473,9615816.7414,9858968.4371,9338000.0461,4.001283,4.042136,4.252868,4.666985,4.496035,95.998717,95.957864,95.747132,95.333015,95.503965,4.9901,47394625.1681,43234853.3833,170316820.1526,174476591.9375,PENDING_AG03,FALSE,NOT_FOR_ENFORCEMENT,216732340.9164,11606300486.2161,217711445.3207,208511585.0246,979104.4043,0.01620348,0.01551877,9199860.2962,208511585.0246,0.01551877,9199860.2962,9381979.6473,9615816.7414,9858968.4371,9338000.0461,208511585.0246,0.01551877,47394625.1681,43234853.3833,170316820.1526,174476591.9375,0.01267607,0.01298566,0.00007287,107.7356,2000.7309,37.3530,1625411.5195,1831.5313,96662542.9736,43514.8345,113.5121,106.1793,5.1431,15.4907,52.3519,179.9898,345.407,1499.1118,12.8578,-2.2009,22.297745,96.77516,6.954874,30,300,1326575,23,0.22362557,0.01681532,0.01652984,0.00067931,0.040378,0.900674,0.077531,0.00036771,2026-03-21,2026-08-06,139,123357,4007,139,1.000000,1.069061,1.053617,0.745419,4,0.0,0.0,0.0,0.0,0.0,0.0,n_rounds>=30,137,137,PERCENT_RANK_OVER_ORDER_BY_e_stake,HF9f,OK,L1_POWERED,0.0007571,A 净亏最大十分位 · 优先复核,71,1,A168_HF9F_20260827_0900,2026-08-27 09:00:00
is_send,2,1,2,🟠 义异型同,ods_a168_betchange_log → 是否已發送 [int(1)]  ||  ods_a168_alarmMessage → 發送 tg 0: 未發送 1:已發送 [int(1)],13436093473.3333,12101545164.6445,225932201.2126,124713543,6048562,-0.01681532,-0.01652984,-0.01689755,-0.01742716,-225932201.2126,13436093473.3333,OK,8220755.8918,9199860.2962,4.0013,95.9987,AG03-UNRESOLVED,ALL5_LEVELS_bet23_to_bet27,9199860.2962,9381979.6473,9615816.7414,9858968.4371,9338000.0461,4.001283,4.042136,4.252868,4.666985,4.496035,95.998717,95.957864,95.747132,95.333015,95.503965,4.9901,47394625.1681,43234853.3833,170316820.1526,174476591.9375,PENDING_AG03,FALSE,NOT_FOR_ENFORCEMENT,216732340.9164,11606300486.2161,217711445.3207,208511585.0246,979104.4043,0.01620348,0.01551877,9199860.2962,208511585.0246,0.01551877,9199860.2962,9381979.6473,9615816.7414,9858968.4371,9338000.0461,208511585.0246,0.01551877,47394625.1681,43234853.3833,170316820.1526,174476591.9375,0.01267607,0.01298566,0.00007287,107.7356,2000.7309,37.3530,1625411.5195,1831.5313,96662542.9736,43514.8345,113.5121,106.1793,5.1431,15.4907,52.3519,179.9898,345.407,1499.1118,12.8578,-2.2009,22.297745,96.77516,6.954874,30,300,1326575,23,0.22362557,0.01681532,0.01652984,0.00067931,0.040378,0.900674,0.077531,0.00036771,2026-03-21,2026-08-06,139,123357,4007,139,1.000000,1.069061,1.053617,0.745419,4,0.0,0.0,0.0,0.0,0.0,0.0,n_rounds>=30,137,137,PERCENT_RANK_OVER_ORDER_BY_e_stake,HF9f,OK,L1_POWERED,0.0007571,A 净亏最大十分位 · 优先复核,72,1,A168_HF9F_20260827_0900,2026-08-27 09:00:00
lang,2,2,2,🔴 义异且型异,"ods_a168_urllist →  [varchar(5)]  ||  ods_a168_agents_LoginPass → 0:中文 ,1:英文 [tinyint(1)]",13436093473.3333,12101545164.6445,225932201.2126,124713543,6048562,-0.01681532,-0.01652984,-0.01689755,-0.01742716,-225932201.2126,13436093473.3333,OK,8220755.8918,9199860.2962,4.0013,95.9987,AG03-UNRESOLVED,ALL5_LEVELS_bet23_to_bet27,9199860.2962,9381979.6473,9615816.7414,9858968.4371,9338000.0461,4.001283,4.042136,4.252868,4.666985,4.496035,95.998717,95.957864,95.747132,95.333015,95.503965,4.9901,47394625.1681,43234853.3833,170316820.1526,174476591.9375,PENDING_AG03,FALSE,NOT_FOR_ENFORCEMENT,216732340.9164,11606300486.2161,217711445.3207,208511585.0246,979104.4043,0.01620348,0.01551877,9199860.2962,208511585.0246,0.01551877,9199860.2962,9381979.6473,9615816.7414,9858968.4371,9338000.0461,208511585.0246,0.01551877,47394625.1681,43234853.3833,170316820.1526,174476591.9375,0.01267607,0.01298566,0.00007287,107.7356,2000.7309,37.3530,1625411.5195,1831.5313,96662542.9736,43514.8345,113.5121,106.1793,5.1431,15.4907,52.3519,179.9898,345.407,1499.1118,12.8578,-2.2009,22.297745,96.77516,6.954874,30,300,1326575,23,0.22362557,0.01681532,0.01652984,0.00067931,0.040378,0.900674,0.077531,0.00036771,2026-03-21,2026-08-06,139,123357,4007,139,1.000000,1.069061,1.053617,0.745419,1,0.0,0.0,0.0,0.0,0.0,0.0,n_rounds>=30,137,137,PERCENT_RANK_OVER_ORDER_BY_e_stake,HF9f,OK,L1_POWERED,0.0007571,A 净亏最大十分位 · 优先复核,73,1,A168_HF9F_20260827_0900,2026-08-27 09:00:00
lastmodifytime,2,1,6,🟠 义异型同,ods_a168_roles →  [timestamp]  ||  ods_a168_permissions → 最後修改時間 [timestamp]  ||  ods_a168_agent_permissionrole → 最後修改時間 [timestamp]  ||  ods_a168_subagent_permissionrole → 最後修改時間 [timestamp]  ||  ods_a168_permissionrole → 最後修改時間 [timestamp]  ||  ods_a168_permissionsgroup →  [timestamp],13436093473.3333,12101545164.6445,225932201.2126,124713543,6048562,-0.01681532,-0.01652984,-0.01689755,-0.01742716,-225932201.2126,13436093473.3333,OK,8220755.8918,9199860.2962,4.0013,95.9987,AG03-UNRESOLVED,ALL5_LEVELS_bet23_to_bet27,9199860.2962,9381979.6473,9615816.7414,9858968.4371,9338000.0461,4.001283,4.042136,4.252868,4.666985,4.496035,95.998717,95.957864,95.747132,95.333015,95.503965,4.9901,47394625.1681,43234853.3833,170316820.1526,174476591.9375,PENDING_AG03,FALSE,NOT_FOR_ENFORCEMENT,216732340.9164,11606300486.2161,217711445.3207,208511585.0246,979104.4043,0.01620348,0.01551877,9199860.2962,208511585.0246,0.01551877,9199860.2962,9381979.6473,9615816.7414,9858968.4371,9338000.0461,208511585.0246,0.01551877,47394625.1681,43234853.3833,170316820.1526,174476591.9375,0.01267607,0.01298566,0.00007287,107.7356,2000.7309,37.3530,1625411.5195,1831.5313,96662542.9736,43514.8345,113.5121,106.1793,5.1431,15.4907,52.3519,179.9898,345.407,1499.1118,12.8578,-2.2009,22.297745,96.77516,6.954874,30,300,1326575,23,0.22362557,0.01681532,0.01652984,0.00067931,0.040378,0.900674,0.077531,0.00036771,2026-03-21,2026-08-06,139,123357,4007,139,1.000000,1.069061,1.053617,0.745419,1,0.0,0.0,0.0,0.0,0.0,0.0,n_rounds>=30,137,137,PERCENT_RANK_OVER_ORDER_BY_e_stake,HF9f,OK,L1_POWERED,0.0007571,A 净亏最大十分位 · 优先复核,74,1,A168_HF9F_20260827_0900,2026-08-27 09:00:00
level,2,1,2,🟠 义异型同,ods_a168_category → 層級等級，status為1時修改為sn [int(11)]  ||  ods_a168_categoryLevel → 層級等級 [int(11)],13436093473.3333,12101545164.6445,225932201.2126,124713543,6048562,-0.01681532,-0.01652984,-0.01689755,-0.01742716,-225932201.2126,13436093473.3333,OK,8220755.8918,9199860.2962,4.0013,95.9987,AG03-UNRESOLVED,ALL5_LEVELS_bet23_to_bet27,9199860.2962,9381979.6473,9615816.7414,9858968.4371,9338000.0461,4.001283,4.042136,4.252868,4.666985,4.496035,95.998717,95.957864,95.747132,95.333015,95.503965,4.9901,47394625.1681,43234853.3833,170316820.1526,174476591.9375,PENDING_AG03,FALSE,NOT_FOR_ENFORCEMENT,216732340.9164,11606300486.2161,217711445.3207,208511585.0246,979104.4043,0.01620348,0.01551877,9199860.2962,208511585.0246,0.01551877,9199860.2962,9381979.6473,9615816.7414,9858968.4371,9338000.0461,208511585.0246,0.01551877,47394625.1681,43234853.3833,170316820.1526,174476591.9375,0.01267607,0.01298566,0.00007287,107.7356,2000.7309,37.3530,1625411.5195,1831.5313,96662542.9736,43514.8345,113.5121,106.1793,5.1431,15.4907,52.3519,179.9898,345.407,1499.1118,12.8578,-2.2009,22.297745,96.77516,6.954874,30,300,1326575,23,0.22362557,0.01681532,0.01652984,0.00067931,0.040378,0.900674,0.077531,0.00036771,2026-03-21,2026-08-06,139,123357,4007,139,1.000000,1.069061,1.053617,0.745419,3,0.0,0.0,0.0,0.0,0.0,0.0,n_rounds>=30,137,137,PERCENT_RANK_OVER_ORDER_BY_e_stake,HF9f,OK,L1_POWERED,0.0007571,A 净亏最大十分位 · 优先复核,75,1,A168_HF9F_20260827_0900,2026-08-27 09:00:00
lv,2,1,2,🟠 义异型同,ods_a168_passiplist →  [int(11)]  ||  ods_a168_change_log → 操作者層級 [int(11)],13436093473.3333,12101545164.6445,225932201.2126,124713543,6048562,-0.01681532,-0.01652984,-0.01689755,-0.01742716,-225932201.2126,13436093473.3333,OK,8220755.8918,9199860.2962,4.0013,95.9987,AG03-UNRESOLVED,ALL5_LEVELS_bet23_to_bet27,9199860.2962,9381979.6473,9615816.7414,9858968.4371,9338000.0461,4.001283,4.042136,4.252868,4.666985,4.496035,95.998717,95.957864,95.747132,95.333015,95.503965,4.9901,47394625.1681,43234853.3833,170316820.1526,174476591.9375,PENDING_AG03,FALSE,NOT_FOR_ENFORCEMENT,216732340.9164,11606300486.2161,217711445.3207,208511585.0246,979104.4043,0.01620348,0.01551877,9199860.2962,208511585.0246,0.01551877,9199860.2962,9381979.6473,9615816.7414,9858968.4371,9338000.0461,208511585.0246,0.01551877,47394625.1681,43234853.3833,170316820.1526,174476591.9375,0.01267607,0.01298566,0.00007287,107.7356,2000.7309,37.3530,1625411.5195,1831.5313,96662542.9736,43514.8345,113.5121,106.1793,5.1431,15.4907,52.3519,179.9898,345.407,1499.1118,12.8578,-2.2009,22.297745,96.77516,6.954874,30,300,1326575,23,0.22362557,0.01681532,0.01652984,0.00067931,0.040378,0.900674,0.077531,0.00036771,2026-03-21,2026-08-06,139,123357,4007,139,1.000000,1.069061,1.053617,0.745419,2,0.0,0.0,0.0,0.0,0.0,0.0,n_rounds>=30,137,137,PERCENT_RANK_OVER_ORDER_BY_e_stake,HF9f,OK,L1_POWERED,0.0007571,A 净亏最大十分位 · 优先复核,76,1,A168_HF9F_20260827_0900,2026-08-27 09:00:00
lv_id,2,1,3,🟠 义异型同,ods_a168_member_category → 階層編號 [int(11)]  ||  ods_a168_categoryLevel →  [int(11)]  ||  ods_a168_payment_setting →  [int(11)],13436093473.3333,12101545164.6445,225932201.2126,124713543,6048562,-0.01681532,-0.01652984,-0.01689755,-0.01742716,-225932201.2126,13436093473.3333,OK,8220755.8918,9199860.2962,4.0013,95.9987,AG03-UNRESOLVED,ALL5_LEVELS_bet23_to_bet27,9199860.2962,9381979.6473,9615816.7414,9858968.4371,9338000.0461,4.001283,4.042136,4.252868,4.666985,4.496035,95.998717,95.957864,95.747132,95.333015,95.503965,4.9901,47394625.1681,43234853.3833,170316820.1526,174476591.9375,PENDING_AG03,FALSE,NOT_FOR_ENFORCEMENT,216732340.9164,11606300486.2161,217711445.3207,208511585.0246,979104.4043,0.01620348,0.01551877,9199860.2962,208511585.0246,0.01551877,9199860.2962,9381979.6473,9615816.7414,9858968.4371,9338000.0461,208511585.0246,0.01551877,47394625.1681,43234853.3833,170316820.1526,174476591.9375,0.01267607,0.01298566,0.00007287,107.7356,2000.7309,37.3530,1625411.5195,1831.5313,96662542.9736,43514.8345,113.5121,106.1793,5.1431,15.4907,52.3519,179.9898,345.407,1499.1118,12.8578,-2.2009,22.297745,96.77516,6.954874,30,300,1326575,23,0.22362557,0.01681532,0.01652984,0.00067931,0.040378,0.900674,0.077531,0.00036771,2026-03-21,2026-08-06,139,123357,4007,139,1.000000,1.069061,1.053617,0.745419,2,0.0,0.0,0.0,0.0,0.0,0.0,n_rounds>=30,137,137,PERCENT_RANK_OVER_ORDER_BY_e_stake,HF9f,OK,L1_POWERED,0.0007571,A 净亏最大十分位 · 优先复核,77,1,A168_HF9F_20260827_0900,2026-08-27 09:00:00
mem001,2,1,2,🟠 义异型同,ods_a168_member_dtl → mid [int(11)]  ||  ods_a168_member →  [int(11)],13436093473.3333,12101545164.6445,225932201.2126,124713543,6048562,-0.01681532,-0.01652984,-0.01689755,-0.01742716,-225932201.2126,13436093473.3333,OK,8220755.8918,9199860.2962,4.0013,95.9987,AG03-UNRESOLVED,ALL5_LEVELS_bet23_to_bet27,9199860.2962,9381979.6473,9615816.7414,9858968.4371,9338000.0461,4.001283,4.042136,4.252868,4.666985,4.496035,95.998717,95.957864,95.747132,95.333015,95.503965,4.9901,47394625.1681,43234853.3833,170316820.1526,174476591.9375,PENDING_AG03,FALSE,NOT_FOR_ENFORCEMENT,216732340.9164,11606300486.2161,217711445.3207,208511585.0246,979104.4043,0.01620348,0.01551877,9199860.2962,208511585.0246,0.01551877,9199860.2962,9381979.6473,9615816.7414,9858968.4371,9338000.0461,208511585.0246,0.01551877,47394625.1681,43234853.3833,170316820.1526,174476591.9375,0.01267607,0.01298566,0.00007287,107.7356,2000.7309,37.3530,1625411.5195,1831.5313,96662542.9736,43514.8345,113.5121,106.1793,5.1431,15.4907,52.3519,179.9898,345.407,1499.1118,12.8578,-2.2009,22.297745,96.77516,6.954874,30,300,1326575,23,0.22362557,0.01681532,0.01652984,0.00067931,0.040378,0.900674,0.077531,0.00036771,2026-03-21,2026-08-06,139,123357,4007,139,1.000000,1.069061,1.053617,0.745419,3,0.0,0.0,0.0,0.0,0.0,0.0,n_rounds>=30,137,137,PERCENT_RANK_OVER_ORDER_BY_e_stake,HF9f,OK,L1_POWERED,0.0007571,A 净亏最大十分位 · 优先复核,78,1,A168_HF9F_20260827_0900,2026-08-27 09:00:00
mem002,2,2,2,🔴 义异且型异,ods_a168_member →  [varchar(48)]  ||  ods_a168_member_dtl → 類別 [int(11)],13436093473.3333,12101545164.6445,225932201.2126,124713543,6048562,-0.01681532,-0.01652984,-0.01689755,-0.01742716,-225932201.2126,13436093473.3333,OK,8220755.8918,9199860.2962,4.0013,95.9987,AG03-UNRESOLVED,ALL5_LEVELS_bet23_to_bet27,9199860.2962,9381979.6473,9615816.7414,9858968.4371,9338000.0461,4.001283,4.042136,4.252868,4.666985,4.496035,95.998717,95.957864,95.747132,95.333015,95.503965,4.9901,47394625.1681,43234853.3833,170316820.1526,174476591.9375,PENDING_AG03,FALSE,NOT_FOR_ENFORCEMENT,216732340.9164,11606300486.2161,217711445.3207,208511585.0246,979104.4043,0.01620348,0.01551877,9199860.2962,208511585.0246,0.01551877,9199860.2962,9381979.6473,9615816.7414,9858968.4371,9338000.0461,208511585.0246,0.01551877,47394625.1681,43234853.3833,170316820.1526,174476591.9375,0.01267607,0.01298566,0.00007287,107.7356,2000.7309,37.3530,1625411.5195,1831.5313,96662542.9736,43514.8345,113.5121,106.1793,5.1431,15.4907,52.3519,179.9898,345.407,1499.1118,12.8578,-2.2009,22.297745,96.77516,6.954874,30,300,1326575,23,0.22362557,0.01681532,0.01652984,0.00067931,0.040378,0.900674,0.077531,0.00036771,2026-03-21,2026-08-06,139,123357,4007,139,1.000000,1.069061,1.053617,0.745419,1,0.0,0.0,0.0,0.0,0.0,0.0,n_rounds>=30,137,137,PERCENT_RANK_OVER_ORDER_BY_e_stake,HF9f,OK,L1_POWERED,0.0007571,A 净亏最大十分位 · 优先复核,79,1,A168_HF9F_20260827_0900,2026-08-27 09:00:00
mem003,2,2,2,🔴 义异且型异,"ods_a168_member →  [varchar(65)]  ||  ods_a168_member_dtl → 退水 [decimal(16,2)]",13436093473.3333,12101545164.6445,225932201.2126,124713543,6048562,-0.01681532,-0.01652984,-0.01689755,-0.01742716,-225932201.2126,13436093473.3333,OK,8220755.8918,9199860.2962,4.0013,95.9987,AG03-UNRESOLVED,ALL5_LEVELS_bet23_to_bet27,9199860.2962,9381979.6473,9615816.7414,9858968.4371,9338000.0461,4.001283,4.042136,4.252868,4.666985,4.496035,95.998717,95.957864,95.747132,95.333015,95.503965,4.9901,47394625.1681,43234853.3833,170316820.1526,174476591.9375,PENDING_AG03,FALSE,NOT_FOR_ENFORCEMENT,216732340.9164,11606300486.2161,217711445.3207,208511585.0246,979104.4043,0.01620348,0.01551877,9199860.2962,208511585.0246,0.01551877,9199860.2962,9381979.6473,9615816.7414,9858968.4371,9338000.0461,208511585.0246,0.01551877,47394625.1681,43234853.3833,170316820.1526,174476591.9375,0.01267607,0.01298566,0.00007287,107.7356,2000.7309,37.3530,1625411.5195,1831.5313,96662542.9736,43514.8345,113.5121,106.1793,5.1431,15.4907,52.3519,179.9898,345.407,1499.1118,12.8578,-2.2009,22.297745,96.77516,6.954874,30,300,1326575,23,0.22362557,0.01681532,0.01652984,0.00067931,0.040378,0.900674,0.077531,0.00036771,2026-03-21,2026-08-06,139,123357,4007,139,1.000000,1.069061,1.053617,0.745419,2,0.0,0.0,0.0,0.0,0.0,0.0,n_rounds>=30,137,137,PERCENT_RANK_OVER_ORDER_BY_e_stake,HF9f,OK,L1_POWERED,0.0007571,A 净亏最大十分位 · 优先复核,80,1,A168_HF9F_20260827_0900,2026-08-27 09:00:00
mem004,2,2,2,🔴 义异且型异,ods_a168_member_dtl → LV1ID [int(11)]  ||  ods_a168_member →  [varchar(48)],13436093473.3333,12101545164.6445,225932201.2126,124713543,6048562,-0.01681532,-0.01652984,-0.01689755,-0.01742716,-225932201.2126,13436093473.3333,OK,8220755.8918,9199860.2962,4.0013,95.9987,AG03-UNRESOLVED,ALL5_LEVELS_bet23_to_bet27,9199860.2962,9381979.6473,9615816.7414,9858968.4371,9338000.0461,4.001283,4.042136,4.252868,4.666985,4.496035,95.998717,95.957864,95.747132,95.333015,95.503965,4.9901,47394625.1681,43234853.3833,170316820.1526,174476591.9375,PENDING_AG03,FALSE,NOT_FOR_ENFORCEMENT,216732340.9164,11606300486.2161,217711445.3207,208511585.0246,979104.4043,0.01620348,0.01551877,9199860.2962,208511585.0246,0.01551877,9199860.2962,9381979.6473,9615816.7414,9858968.4371,9338000.0461,208511585.0246,0.01551877,47394625.1681,43234853.3833,170316820.1526,174476591.9375,0.01267607,0.01298566,0.00007287,107.7356,2000.7309,37.3530,1625411.5195,1831.5313,96662542.9736,43514.8345,113.5121,106.1793,5.1431,15.4907,52.3519,179.9898,345.407,1499.1118,12.8578,-2.2009,22.297745,96.77516,6.954874,30,300,1326575,23,0.22362557,0.01681532,0.01652984,0.00067931,0.040378,0.900674,0.077531,0.00036771,2026-03-21,2026-08-06,139,123357,4007,139,1.000000,1.069061,1.053617,0.745419,3,0.0,0.0,0.0,0.0,0.0,0.0,n_rounds>=30,137,137,PERCENT_RANK_OVER_ORDER_BY_e_stake,HF9f,OK,L1_POWERED,0.0007571,A 净亏最大十分位 · 优先复核,81,1,A168_HF9F_20260827_0900,2026-08-27 09:00:00
mem005,2,2,2,🔴 义异且型异,ods_a168_member →  [timestamp]  ||  ods_a168_member_dtl → LV2ID [int(11)],13436093473.3333,12101545164.6445,225932201.2126,124713543,6048562,-0.01681532,-0.01652984,-0.01689755,-0.01742716,-225932201.2126,13436093473.3333,OK,8220755.8918,9199860.2962,4.0013,95.9987,AG03-UNRESOLVED,ALL5_LEVELS_bet23_to_bet27,9199860.2962,9381979.6473,9615816.7414,9858968.4371,9338000.0461,4.001283,4.042136,4.252868,4.666985,4.496035,95.998717,95.957864,95.747132,95.333015,95.503965,4.9901,47394625.1681,43234853.3833,170316820.1526,174476591.9375,PENDING_AG03,FALSE,NOT_FOR_ENFORCEMENT,216732340.9164,11606300486.2161,217711445.3207,208511585.0246,979104.4043,0.01620348,0.01551877,9199860.2962,208511585.0246,0.01551877,9199860.2962,9381979.6473,9615816.7414,9858968.4371,9338000.0461,208511585.0246,0.01551877,47394625.1681,43234853.3833,170316820.1526,174476591.9375,0.01267607,0.01298566,0.00007287,107.7356,2000.7309,37.3530,1625411.5195,1831.5313,96662542.9736,43514.8345,113.5121,106.1793,5.1431,15.4907,52.3519,179.9898,345.407,1499.1118,12.8578,-2.2009,22.297745,96.77516,6.954874,30,300,1326575,23,0.22362557,0.01681532,0.01652984,0.00067931,0.040378,0.900674,0.077531,0.00036771,2026-03-21,2026-08-06,139,123357,4007,139,1.000000,1.069061,1.053617,0.745419,2,0.0,0.0,0.0,0.0,0.0,0.0,n_rounds>=30,137,137,PERCENT_RANK_OVER_ORDER_BY_e_stake,HF9f,OK,L1_POWERED,0.0007571,A 净亏最大十分位 · 优先复核,82,1,A168_HF9F_20260827_0900,2026-08-27 09:00:00
mem006,2,1,2,🟠 义异型同,ods_a168_member →  [int(11)]  ||  ods_a168_member_dtl → LV3ID [int(11)],13436093473.3333,12101545164.6445,225932201.2126,124713543,6048562,-0.01681532,-0.01652984,-0.01689755,-0.01742716,-225932201.2126,13436093473.3333,OK,8220755.8918,9199860.2962,4.0013,95.9987,AG03-UNRESOLVED,ALL5_LEVELS_bet23_to_bet27,9199860.2962,9381979.6473,9615816.7414,9858968.4371,9338000.0461,4.001283,4.042136,4.252868,4.666985,4.496035,95.998717,95.957864,95.747132,95.333015,95.503965,4.9901,47394625.1681,43234853.3833,170316820.1526,174476591.9375,PENDING_AG03,FALSE,NOT_FOR_ENFORCEMENT,216732340.9164,11606300486.2161,217711445.3207,208511585.0246,979104.4043,0.01620348,0.01551877,9199860.2962,208511585.0246,0.01551877,9199860.2962,9381979.6473,9615816.7414,9858968.4371,9338000.0461,208511585.0246,0.01551877,47394625.1681,43234853.3833,170316820.1526,174476591.9375,0.01267607,0.01298566,0.00007287,107.7356,2000.7309,37.3530,1625411.5195,1831.5313,96662542.9736,43514.8345,113.5121,106.1793,5.1431,15.4907,52.3519,179.9898,345.407,1499.1118,12.8578,-2.2009,22.297745,96.77516,6.954874,30,300,1326575,23,0.22362557,0.01681532,0.01652984,0.00067931,0.040378,0.900674,0.077531,0.00036771,2026-03-21,2026-08-06,139,123357,4007,139,1.000000,1.069061,1.053617,0.745419,4,0.0,0.0,0.0,0.0,0.0,0.0,n_rounds>=30,137,137,PERCENT_RANK_OVER_ORDER_BY_e_stake,HF9f,OK,L1_POWERED,0.0007571,A 净亏最大十分位 · 优先复核,83,1,A168_HF9F_20260827_0900,2026-08-27 09:00:00
mem007,2,1,2,🟠 义异型同,ods_a168_member_dtl → LV4ID [int(11)]  ||  ods_a168_member →  [int(11)],13436093473.3333,12101545164.6445,225932201.2126,124713543,6048562,-0.01681532,-0.01652984,-0.01689755,-0.01742716,-225932201.2126,13436093473.3333,OK,8220755.8918,9199860.2962,4.0013,95.9987,AG03-UNRESOLVED,ALL5_LEVELS_bet23_to_bet27,9199860.2962,9381979.6473,9615816.7414,9858968.4371,9338000.0461,4.001283,4.042136,4.252868,4.666985,4.496035,95.998717,95.957864,95.747132,95.333015,95.503965,4.9901,47394625.1681,43234853.3833,170316820.1526,174476591.9375,PENDING_AG03,FALSE,NOT_FOR_ENFORCEMENT,216732340.9164,11606300486.2161,217711445.3207,208511585.0246,979104.4043,0.01620348,0.01551877,9199860.2962,208511585.0246,0.01551877,9199860.2962,9381979.6473,9615816.7414,9858968.4371,9338000.0461,208511585.0246,0.01551877,47394625.1681,43234853.3833,170316820.1526,174476591.9375,0.01267607,0.01298566,0.00007287,107.7356,2000.7309,37.3530,1625411.5195,1831.5313,96662542.9736,43514.8345,113.5121,106.1793,5.1431,15.4907,52.3519,179.9898,345.407,1499.1118,12.8578,-2.2009,22.297745,96.77516,6.954874,30,300,1326575,23,0.22362557,0.01681532,0.01652984,0.00067931,0.040378,0.900674,0.077531,0.00036771,2026-03-21,2026-08-06,139,123357,4007,139,1.000000,1.069061,1.053617,0.745419,3,0.0,0.0,0.0,0.0,0.0,0.0,n_rounds>=30,137,137,PERCENT_RANK_OVER_ORDER_BY_e_stake,HF9f,OK,L1_POWERED,0.0007571,A 净亏最大十分位 · 优先复核,84,1,A168_HF9F_20260827_0900,2026-08-27 09:00:00
mem008,2,1,2,🟠 义异型同,ods_a168_member →  [int(11)]  ||  ods_a168_member_dtl → LV5ID [int(11)],13436093473.3333,12101545164.6445,225932201.2126,124713543,6048562,-0.01681532,-0.01652984,-0.01689755,-0.01742716,-225932201.2126,13436093473.3333,OK,8220755.8918,9199860.2962,4.0013,95.9987,AG03-UNRESOLVED,ALL5_LEVELS_bet23_to_bet27,9199860.2962,9381979.6473,9615816.7414,9858968.4371,9338000.0461,4.001283,4.042136,4.252868,4.666985,4.496035,95.998717,95.957864,95.747132,95.333015,95.503965,4.9901,47394625.1681,43234853.3833,170316820.1526,174476591.9375,PENDING_AG03,FALSE,NOT_FOR_ENFORCEMENT,216732340.9164,11606300486.2161,217711445.3207,208511585.0246,979104.4043,0.01620348,0.01551877,9199860.2962,208511585.0246,0.01551877,9199860.2962,9381979.6473,9615816.7414,9858968.4371,9338000.0461,208511585.0246,0.01551877,47394625.1681,43234853.3833,170316820.1526,174476591.9375,0.01267607,0.01298566,0.00007287,107.7356,2000.7309,37.3530,1625411.5195,1831.5313,96662542.9736,43514.8345,113.5121,106.1793,5.1431,15.4907,52.3519,179.9898,345.407,1499.1118,12.8578,-2.2009,22.297745,96.77516,6.954874,30,300,1326575,23,0.22362557,0.01681532,0.01652984,0.00067931,0.040378,0.900674,0.077531,0.00036771,2026-03-21,2026-08-06,139,123357,4007,139,1.000000,1.069061,1.053617,0.745419,2,0.0,0.0,0.0,0.0,0.0,0.0,n_rounds>=30,137,137,PERCENT_RANK_OVER_ORDER_BY_e_stake,HF9f,OK,L1_POWERED,0.0007571,A 净亏最大十分位 · 优先复核,85,1,A168_HF9F_20260827_0900,2026-08-27 09:00:00
mem009,2,1,2,🟠 义异型同,ods_a168_member →  [int(11)]  ||  ods_a168_member_dtl → 最大押分05 [int(11)],13436093473.3333,12101545164.6445,225932201.2126,124713543,6048562,-0.01681532,-0.01652984,-0.01689755,-0.01742716,-225932201.2126,13436093473.3333,OK,8220755.8918,9199860.2962,4.0013,95.9987,AG03-UNRESOLVED,ALL5_LEVELS_bet23_to_bet27,9199860.2962,9381979.6473,9615816.7414,9858968.4371,9338000.0461,4.001283,4.042136,4.252868,4.666985,4.496035,95.998717,95.957864,95.747132,95.333015,95.503965,4.9901,47394625.1681,43234853.3833,170316820.1526,174476591.9375,PENDING_AG03,FALSE,NOT_FOR_ENFORCEMENT,216732340.9164,11606300486.2161,217711445.3207,208511585.0246,979104.4043,0.01620348,0.01551877,9199860.2962,208511585.0246,0.01551877,9199860.2962,9381979.6473,9615816.7414,9858968.4371,9338000.0461,208511585.0246,0.01551877,47394625.1681,43234853.3833,170316820.1526,174476591.9375,0.01267607,0.01298566,0.00007287,107.7356,2000.7309,37.3530,1625411.5195,1831.5313,96662542.9736,43514.8345,113.5121,106.1793,5.1431,15.4907,52.3519,179.9898,345.407,1499.1118,12.8578,-2.2009,22.297745,96.77516,6.954874,30,300,1326575,23,0.22362557,0.01681532,0.01652984,0.00067931,0.040378,0.900674,0.077531,0.00036771,2026-03-21,2026-08-06,139,123357,4007,139,1.000000,1.069061,1.053617,0.745419,5,0.0,0.0,0.0,0.0,0.0,0.0,n_rounds>=30,137,137,PERCENT_RANK_OVER_ORDER_BY_e_stake,HF9f,OK,L1_POWERED,0.0007571,A 净亏最大十分位 · 优先复核,86,1,A168_HF9F_20260827_0900,2026-08-27 09:00:00
mem010,2,1,2,🟠 义异型同,ods_a168_member →  [int(11)]  ||  ods_a168_member_dtl → 最大押分06 [int(11)],13436093473.3333,12101545164.6445,225932201.2126,124713543,6048562,-0.01681532,-0.01652984,-0.01689755,-0.01742716,-225932201.2126,13436093473.3333,OK,8220755.8918,9199860.2962,4.0013,95.9987,AG03-UNRESOLVED,ALL5_LEVELS_bet23_to_bet27,9199860.2962,9381979.6473,9615816.7414,9858968.4371,9338000.0461,4.001283,4.042136,4.252868,4.666985,4.496035,95.998717,95.957864,95.747132,95.333015,95.503965,4.9901,47394625.1681,43234853.3833,170316820.1526,174476591.9375,PENDING_AG03,FALSE,NOT_FOR_ENFORCEMENT,216732340.9164,11606300486.2161,217711445.3207,208511585.0246,979104.4043,0.01620348,0.01551877,9199860.2962,208511585.0246,0.01551877,9199860.2962,9381979.6473,9615816.7414,9858968.4371,9338000.0461,208511585.0246,0.01551877,47394625.1681,43234853.3833,170316820.1526,174476591.9375,0.01267607,0.01298566,0.00007287,107.7356,2000.7309,37.3530,1625411.5195,1831.5313,96662542.9736,43514.8345,113.5121,106.1793,5.1431,15.4907,52.3519,179.9898,345.407,1499.1118,12.8578,-2.2009,22.297745,96.77516,6.954874,30,300,1326575,23,0.22362557,0.01681532,0.01652984,0.00067931,0.040378,0.900674,0.077531,0.00036771,2026-03-21,2026-08-06,139,123357,4007,139,1.000000,1.069061,1.053617,0.745419,2,0.0,0.0,0.0,0.0,0.0,0.0,n_rounds>=30,137,137,PERCENT_RANK_OVER_ORDER_BY_e_stake,HF9f,OK,L1_POWERED,0.0007571,A 净亏最大十分位 · 优先复核,87,1,A168_HF9F_20260827_0900,2026-08-27 09:00:00
mem012,2,1,2,🟠 义异型同,ods_a168_member_dtl → 最大可贏金額 [int(11)]  ||  ods_a168_member →  [int(11)],13436093473.3333,12101545164.6445,225932201.2126,124713543,6048562,-0.01681532,-0.01652984,-0.01689755,-0.01742716,-225932201.2126,13436093473.3333,OK,8220755.8918,9199860.2962,4.0013,95.9987,AG03-UNRESOLVED,ALL5_LEVELS_bet23_to_bet27,9199860.2962,9381979.6473,9615816.7414,9858968.4371,9338000.0461,4.001283,4.042136,4.252868,4.666985,4.496035,95.998717,95.957864,95.747132,95.333015,95.503965,4.9901,47394625.1681,43234853.3833,170316820.1526,174476591.9375,PENDING_AG03,FALSE,NOT_FOR_ENFORCEMENT,216732340.9164,11606300486.2161,217711445.3207,208511585.0246,979104.4043,0.01620348,0.01551877,9199860.2962,208511585.0246,0.01551877,9199860.2962,9381979.6473,9615816.7414,9858968.4371,9338000.0461,208511585.0246,0.01551877,47394625.1681,43234853.3833,170316820.1526,174476591.9375,0.01267607,0.01298566,0.00007287,107.7356,2000.7309,37.3530,1625411.5195,1831.5313,96662542.9736,43514.8345,113.5121,106.1793,5.1431,15.4907,52.3519,179.9898,345.407,1499.1118,12.8578,-2.2009,22.297745,96.77516,6.954874,30,300,1326575,23,0.22362557,0.01681532,0.01652984,0.00067931,0.040378,0.900674,0.077531,0.00036771,2026-03-21,2026-08-06,139,123357,4007,139,1.000000,1.069061,1.053617,0.745419,1,0.0,0.0,0.0,0.0,0.0,0.0,n_rounds>=30,137,137,PERCENT_RANK_OVER_ORDER_BY_e_stake,HF9f,OK,L1_POWERED,0.0007571,A 净亏最大十分位 · 优先复核,88,1,A168_HF9F_20260827_0900,2026-08-27 09:00:00
mem013,2,2,2,🔴 义异且型异,ods_a168_member_dtl → 可贏可輸起算時間點 [datetime]  ||  ods_a168_member →  [timestamp],13436093473.3333,12101545164.6445,225932201.2126,124713543,6048562,-0.01681532,-0.01652984,-0.01689755,-0.01742716,-225932201.2126,13436093473.3333,OK,8220755.8918,9199860.2962,4.0013,95.9987,AG03-UNRESOLVED,ALL5_LEVELS_bet23_to_bet27,9199860.2962,9381979.6473,9615816.7414,9858968.4371,9338000.0461,4.001283,4.042136,4.252868,4.666985,4.496035,95.998717,95.957864,95.747132,95.333015,95.503965,4.9901,47394625.1681,43234853.3833,170316820.1526,174476591.9375,PENDING_AG03,FALSE,NOT_FOR_ENFORCEMENT,216732340.9164,11606300486.2161,217711445.3207,208511585.0246,979104.4043,0.01620348,0.01551877,9199860.2962,208511585.0246,0.01551877,9199860.2962,9381979.6473,9615816.7414,9858968.4371,9338000.0461,208511585.0246,0.01551877,47394625.1681,43234853.3833,170316820.1526,174476591.9375,0.01267607,0.01298566,0.00007287,107.7356,2000.7309,37.3530,1625411.5195,1831.5313,96662542.9736,43514.8345,113.5121,106.1793,5.1431,15.4907,52.3519,179.9898,345.407,1499.1118,12.8578,-2.2009,22.297745,96.77516,6.954874,30,300,1326575,23,0.22362557,0.01681532,0.01652984,0.00067931,0.040378,0.900674,0.077531,0.00036771,2026-03-21,2026-08-06,139,123357,4007,139,1.000000,1.069061,1.053617,0.745419,5,0.0,0.0,0.0,0.0,0.0,0.0,n_rounds>=30,137,137,PERCENT_RANK_OVER_ORDER_BY_e_stake,HF9f,OK,L1_POWERED,0.0007571,A 净亏最大十分位 · 优先复核,89,1,A168_HF9F_20260827_0900,2026-08-27 09:00:00
mem014,2,2,2,🔴 义异且型异,ods_a168_member →  [char(15)]  ||  ods_a168_member_dtl → 最大可輸金額 [int(11)],13436093473.3333,12101545164.6445,225932201.2126,124713543,6048562,-0.01681532,-0.01652984,-0.01689755,-0.01742716,-225932201.2126,13436093473.3333,OK,8220755.8918,9199860.2962,4.0013,95.9987,AG03-UNRESOLVED,ALL5_LEVELS_bet23_to_bet27,9199860.2962,9381979.6473,9615816.7414,9858968.4371,9338000.0461,4.001283,4.042136,4.252868,4.666985,4.496035,95.998717,95.957864,95.747132,95.333015,95.503965,4.9901,47394625.1681,43234853.3833,170316820.1526,174476591.9375,PENDING_AG03,FALSE,NOT_FOR_ENFORCEMENT,216732340.9164,11606300486.2161,217711445.3207,208511585.0246,979104.4043,0.01620348,0.01551877,9199860.2962,208511585.0246,0.01551877,9199860.2962,9381979.6473,9615816.7414,9858968.4371,9338000.0461,208511585.0246,0.01551877,47394625.1681,43234853.3833,170316820.1526,174476591.9375,0.01267607,0.01298566,0.00007287,107.7356,2000.7309,37.3530,1625411.5195,1831.5313,96662542.9736,43514.8345,113.5121,106.1793,5.1431,15.4907,52.3519,179.9898,345.407,1499.1118,12.8578,-2.2009,22.297745,96.77516,6.954874,30,300,1326575,23,0.22362557,0.01681532,0.01652984,0.00067931,0.040378,0.900674,0.077531,0.00036771,2026-03-21,2026-08-06,139,123357,4007,139,1.000000,1.069061,1.053617,0.745419,4,0.0,0.0,0.0,0.0,0.0,0.0,n_rounds>=30,137,137,PERCENT_RANK_OVER_ORDER_BY_e_stake,HF9f,OK,L1_POWERED,0.0007571,A 净亏最大十分位 · 优先复核,90,1,A168_HF9F_20260827_0900,2026-08-27 09:00:00
mem015,2,2,2,🔴 义异且型异,ods_a168_member_dtl → 新版限額 [varchar(300)]  ||  ods_a168_member → login_error [int(11)],13436093473.3333,12101545164.6445,225932201.2126,124713543,6048562,-0.01681532,-0.01652984,-0.01689755,-0.01742716,-225932201.2126,13436093473.3333,OK,8220755.8918,9199860.2962,4.0013,95.9987,AG03-UNRESOLVED,ALL5_LEVELS_bet23_to_bet27,9199860.2962,9381979.6473,9615816.7414,9858968.4371,9338000.0461,4.001283,4.042136,4.252868,4.666985,4.496035,95.998717,95.957864,95.747132,95.333015,95.503965,4.9901,47394625.1681,43234853.3833,170316820.1526,174476591.9375,PENDING_AG03,FALSE,NOT_FOR_ENFORCEMENT,216732340.9164,11606300486.2161,217711445.3207,208511585.0246,979104.4043,0.01620348,0.01551877,9199860.2962,208511585.0246,0.01551877,9199860.2962,9381979.6473,9615816.7414,9858968.4371,9338000.0461,208511585.0246,0.01551877,47394625.1681,43234853.3833,170316820.1526,174476591.9375,0.01267607,0.01298566,0.00007287,107.7356,2000.7309,37.3530,1625411.5195,1831.5313,96662542.9736,43514.8345,113.5121,106.1793,5.1431,15.4907,52.3519,179.9898,345.407,1499.1118,12.8578,-2.2009,22.297745,96.77516,6.954874,30,300,1326575,23,0.22362557,0.01681532,0.01652984,0.00067931,0.040378,0.900674,0.077531,0.00036771,2026-03-21,2026-08-06,139,123357,4007,139,1.000000,1.069061,1.053617,0.745419,5,0.0,0.0,0.0,0.0,0.0,0.0,n_rounds>=30,137,137,PERCENT_RANK_OVER_ORDER_BY_e_stake,HF9f,OK,L1_POWERED,0.0007571,A 净亏最大十分位 · 优先复核,91,1,A168_HF9F_20260827_0900,2026-08-27 09:00:00
mem016,2,2,2,🔴 义异且型异,"ods_a168_member → enable [enum(''Y'',''N'')]  ||  ods_a168_member_dtl → 電投退水 [decimal(16,2)]",13436093473.3333,12101545164.6445,225932201.2126,124713543,6048562,-0.01681532,-0.01652984,-0.01689755,-0.01742716,-225932201.2126,13436093473.3333,OK,8220755.8918,9199860.2962,4.0013,95.9987,AG03-UNRESOLVED,ALL5_LEVELS_bet23_to_bet27,9199860.2962,9381979.6473,9615816.7414,9858968.4371,9338000.0461,4.001283,4.042136,4.252868,4.666985,4.496035,95.998717,95.957864,95.747132,95.333015,95.503965,4.9901,47394625.1681,43234853.3833,170316820.1526,174476591.9375,PENDING_AG03,FALSE,NOT_FOR_ENFORCEMENT,216732340.9164,11606300486.2161,217711445.3207,208511585.0246,979104.4043,0.01620348,0.01551877,9199860.2962,208511585.0246,0.01551877,9199860.2962,9381979.6473,9615816.7414,9858968.4371,9338000.0461,208511585.0246,0.01551877,47394625.1681,43234853.3833,170316820.1526,174476591.9375,0.01267607,0.01298566,0.00007287,107.7356,2000.7309,37.3530,1625411.5195,1831.5313,96662542.9736,43514.8345,113.5121,106.1793,5.1431,15.4907,52.3519,179.9898,345.407,1499.1118,12.8578,-2.2009,22.297745,96.77516,6.954874,30,300,1326575,23,0.22362557,0.01681532,0.01652984,0.00067931,0.040378,0.900674,0.077531,0.00036771,2026-03-21,2026-08-06,139,123357,4007,139,1.000000,1.069061,1.053617,0.745419,3,0.0,0.0,0.0,0.0,0.0,0.0,n_rounds>=30,137,137,PERCENT_RANK_OVER_ORDER_BY_e_stake,HF9f,OK,L1_POWERED,0.0007571,A 净亏最大十分位 · 优先复核,92,1,A168_HF9F_20260827_0900,2026-08-27 09:00:00
mid,5,3,18,🔴 义异且型异,ods_a168_aggregate_transaction → 會員 mid [int(11)]  ||  ods_a168_member_url → 會員編號 [int(11)]  ||  ods_a168_member_odds →  [int(11)]  ||  ods_a168_log_realtimebet →  [int(11)]  ||  ods_a168_payment_order → 會員 mid [int(20)]  ||  ods_a168_aggregate_token →  [int(11)]  ||  ods_a168_partner_bng_token →  [int(11)]  ||  ods_a168_member_click_counter →  [int(10) unsigned]  ||  ods_a168_partner_transation →  [int(11)]  ||  ods_a168_member_partner_gamelist → 會員 id [int(11)]  ||  ods_a168_bet_partner → 會員編號 [int(11)]  ||  ods_a168_alarmMessage →  [int(11)]  ||  ods_a168_alertMessage →  [int(11)]  ||  ods_a168_member_partner_account → 會員 [int(11)]  ||  ods_a168_game_log →  [int(11)]  ||  ods_a168_member_category → 會員編號 [int(11)]  ||  ods_a168_conversion →  [int(11)]  ||  ods_a168_RedPacket_Order →  [int(11)],13436093473.3333,12101545164.6445,225932201.2126,124713543,6048562,-0.01681532,-0.01652984,-0.01689755,-0.01742716,-225932201.2126,13436093473.3333,OK,8220755.8918,9199860.2962,4.0013,95.9987,AG03-UNRESOLVED,ALL5_LEVELS_bet23_to_bet27,9199860.2962,9381979.6473,9615816.7414,9858968.4371,9338000.0461,4.001283,4.042136,4.252868,4.666985,4.496035,95.998717,95.957864,95.747132,95.333015,95.503965,4.9901,47394625.1681,43234853.3833,170316820.1526,174476591.9375,PENDING_AG03,FALSE,NOT_FOR_ENFORCEMENT,216732340.9164,11606300486.2161,217711445.3207,208511585.0246,979104.4043,0.01620348,0.01551877,9199860.2962,208511585.0246,0.01551877,9199860.2962,9381979.6473,9615816.7414,9858968.4371,9338000.0461,208511585.0246,0.01551877,47394625.1681,43234853.3833,170316820.1526,174476591.9375,0.01267607,0.01298566,0.00007287,107.7356,2000.7309,37.3530,1625411.5195,1831.5313,96662542.9736,43514.8345,113.5121,106.1793,5.1431,15.4907,52.3519,179.9898,345.407,1499.1118,12.8578,-2.2009,22.297745,96.77516,6.954874,30,300,1326575,23,0.22362557,0.01681532,0.01652984,0.00067931,0.040378,0.900674,0.077531,0.00036771,2026-03-21,2026-08-06,139,123357,4007,139,1.000000,1.069061,1.053617,0.745419,1,0.0,0.0,0.0,0.0,0.0,0.0,n_rounds>=30,137,137,PERCENT_RANK_OVER_ORDER_BY_e_stake,HF9f,OK,L1_POWERED,0.0007571,A 净亏最大十分位 · 优先复核,93,1,A168_HF9F_20260827_0900,2026-08-27 09:00:00
modify_time,2,1,2,🟠 义异型同,ods_a168_member_url → 最後異動時間 [timestamp]  ||  ods_a168_agents_LoginPass →  [timestamp],13436093473.3333,12101545164.6445,225932201.2126,124713543,6048562,-0.01681532,-0.01652984,-0.01689755,-0.01742716,-225932201.2126,13436093473.3333,OK,8220755.8918,9199860.2962,4.0013,95.9987,AG03-UNRESOLVED,ALL5_LEVELS_bet23_to_bet27,9199860.2962,9381979.6473,9615816.7414,9858968.4371,9338000.0461,4.001283,4.042136,4.252868,4.666985,4.496035,95.998717,95.957864,95.747132,95.333015,95.503965,4.9901,47394625.1681,43234853.3833,170316820.1526,174476591.9375,PENDING_AG03,FALSE,NOT_FOR_ENFORCEMENT,216732340.9164,11606300486.2161,217711445.3207,208511585.0246,979104.4043,0.01620348,0.01551877,9199860.2962,208511585.0246,0.01551877,9199860.2962,9381979.6473,9615816.7414,9858968.4371,9338000.0461,208511585.0246,0.01551877,47394625.1681,43234853.3833,170316820.1526,174476591.9375,0.01267607,0.01298566,0.00007287,107.7356,2000.7309,37.3530,1625411.5195,1831.5313,96662542.9736,43514.8345,113.5121,106.1793,5.1431,15.4907,52.3519,179.9898,345.407,1499.1118,12.8578,-2.2009,22.297745,96.77516,6.954874,30,300,1326575,23,0.22362557,0.01681532,0.01652984,0.00067931,0.040378,0.900674,0.077531,0.00036771,2026-03-21,2026-08-06,139,123357,4007,139,1.000000,1.069061,1.053617,0.745419,1,0.0,0.0,0.0,0.0,0.0,0.0,n_rounds>=30,137,137,PERCENT_RANK_OVER_ORDER_BY_e_stake,HF9f,OK,L1_POWERED,0.0007571,A 净亏最大十分位 · 优先复核,94,1,A168_HF9F_20260827_0900,2026-08-27 09:00:00
money,6,4,7,🔴 义异且型异,"ods_a168_conversion → 金額 [decimal(10,4)]  ||  ods_a168_member → 己出碼額度 [decimal(10,4)]  ||  ods_a168_aggregate_transaction → 處理金額 (有正負值) [decimal(16,4)]  ||  ods_a168_wallet_dtl → 處理金錢 [decimal(15,4)]  ||  ods_a168_RedPacket_Order → 中獎金額 [decimal(16,4)]  ||  ods_a168_partner_transation → 金額 [decimal(15,4)]  ||  ods_a168_wallet_feedbackerr →  [decimal(12,4)]",13436093473.3333,12101545164.6445,225932201.2126,124713543,6048562,-0.01681532,-0.01652984,-0.01689755,-0.01742716,-225932201.2126,13436093473.3333,OK,8220755.8918,9199860.2962,4.0013,95.9987,AG03-UNRESOLVED,ALL5_LEVELS_bet23_to_bet27,9199860.2962,9381979.6473,9615816.7414,9858968.4371,9338000.0461,4.001283,4.042136,4.252868,4.666985,4.496035,95.998717,95.957864,95.747132,95.333015,95.503965,4.9901,47394625.1681,43234853.3833,170316820.1526,174476591.9375,PENDING_AG03,FALSE,NOT_FOR_ENFORCEMENT,216732340.9164,11606300486.2161,217711445.3207,208511585.0246,979104.4043,0.01620348,0.01551877,9199860.2962,208511585.0246,0.01551877,9199860.2962,9381979.6473,9615816.7414,9858968.4371,9338000.0461,208511585.0246,0.01551877,47394625.1681,43234853.3833,170316820.1526,174476591.9375,0.01267607,0.01298566,0.00007287,107.7356,2000.7309,37.3530,1625411.5195,1831.5313,96662542.9736,43514.8345,113.5121,106.1793,5.1431,15.4907,52.3519,179.9898,345.407,1499.1118,12.8578,-2.2009,22.297745,96.77516,6.954874,30,300,1326575,23,0.22362557,0.01681532,0.01652984,0.00067931,0.040378,0.900674,0.077531,0.00036771,2026-03-21,2026-08-06,139,123357,4007,139,1.000000,1.069061,1.053617,0.745419,5,0.0,0.0,0.0,0.0,0.0,0.0,n_rounds>=30,137,137,PERCENT_RANK_OVER_ORDER_BY_e_stake,HF9f,OK,L1_POWERED,0.0007571,A 净亏最大十分位 · 优先复核,95,1,A168_HF9F_20260827_0900,2026-08-27 09:00:00
name,8,4,16,🔴 义异且型异,ods_a168_employee →  [varchar(30)]  ||  ods_a168_permissionsgroup → 權限群組名稱 [varchar(50)]  ||  ods_a168_categoryLevel → 層級名稱 [varchar(20)]  ||  ods_a168_permissions → 權限名稱 [varchar(50)]  ||  ods_a168_roles → 角色名稱 [varchar(50)]  ||  ods_a168_payment_method →  [varchar(20)]  ||  ods_a168_game_callwebapi → 名稱 [varchar(20)]  ||  ods_a168_category → 層級名稱 [varchar(30)]  ||  ods_a168_tip →  [varchar(20)]  ||  ods_a168_sms_setting → 名稱 [varchar(20)]  ||  ods_a168_payment_setting → 支付名稱 [varchar(20)]  ||  ods_a168_payment_bank → 名稱 [varchar(50)]  ||  ods_a168_symbol →  [varchar(20)]  ||  ods_a168_shuffle_gid →  [varchar(100)]  ||  ods_a168_payment_platform → 支付平台名稱 [varchar(20)]  ||  ods_a168_currency →  [varchar(20)],13436093473.3333,12101545164.6445,225932201.2126,124713543,6048562,-0.01681532,-0.01652984,-0.01689755,-0.01742716,-225932201.2126,13436093473.3333,OK,8220755.8918,9199860.2962,4.0013,95.9987,AG03-UNRESOLVED,ALL5_LEVELS_bet23_to_bet27,9199860.2962,9381979.6473,9615816.7414,9858968.4371,9338000.0461,4.001283,4.042136,4.252868,4.666985,4.496035,95.998717,95.957864,95.747132,95.333015,95.503965,4.9901,47394625.1681,43234853.3833,170316820.1526,174476591.9375,PENDING_AG03,FALSE,NOT_FOR_ENFORCEMENT,216732340.9164,11606300486.2161,217711445.3207,208511585.0246,979104.4043,0.01620348,0.01551877,9199860.2962,208511585.0246,0.01551877,9199860.2962,9381979.6473,9615816.7414,9858968.4371,9338000.0461,208511585.0246,0.01551877,47394625.1681,43234853.3833,170316820.1526,174476591.9375,0.01267607,0.01298566,0.00007287,107.7356,2000.7309,37.3530,1625411.5195,1831.5313,96662542.9736,43514.8345,113.5121,106.1793,5.1431,15.4907,52.3519,179.9898,345.407,1499.1118,12.8578,-2.2009,22.297745,96.77516,6.954874,30,300,1326575,23,0.22362557,0.01681532,0.01652984,0.00067931,0.040378,0.900674,0.077531,0.00036771,2026-03-21,2026-08-06,139,123357,4007,139,1.000000,1.069061,1.053617,0.745419,5,0.0,0.0,0.0,0.0,0.0,0.0,n_rounds>=30,137,137,PERCENT_RANK_OVER_ORDER_BY_e_stake,HF9f,OK,L1_POWERED,0.0007571,A 净亏最大十分位 · 优先复核,96,1,A168_HF9F_20260827_0900,2026-08-27 09:00:00
op_ip,2,2,3,🔴 义异且型异,ods_a168_payment_platform → 操作者ip [varchar(128)]  ||  ods_a168_category → 操作者IP [varchar(50)]  ||  ods_a168_payment_setting → 操作者ip [varchar(128)],13436093473.3333,12101545164.6445,225932201.2126,124713543,6048562,-0.01681532,-0.01652984,-0.01689755,-0.01742716,-225932201.2126,13436093473.3333,OK,8220755.8918,9199860.2962,4.0013,95.9987,AG03-UNRESOLVED,ALL5_LEVELS_bet23_to_bet27,9199860.2962,9381979.6473,9615816.7414,9858968.4371,9338000.0461,4.001283,4.042136,4.252868,4.666985,4.496035,95.998717,95.957864,95.747132,95.333015,95.503965,4.9901,47394625.1681,43234853.3833,170316820.1526,174476591.9375,PENDING_AG03,FALSE,NOT_FOR_ENFORCEMENT,216732340.9164,11606300486.2161,217711445.3207,208511585.0246,979104.4043,0.01620348,0.01551877,9199860.2962,208511585.0246,0.01551877,9199860.2962,9381979.6473,9615816.7414,9858968.4371,9338000.0461,208511585.0246,0.01551877,47394625.1681,43234853.3833,170316820.1526,174476591.9375,0.01267607,0.01298566,0.00007287,107.7356,2000.7309,37.3530,1625411.5195,1831.5313,96662542.9736,43514.8345,113.5121,106.1793,5.1431,15.4907,52.3519,179.9898,345.407,1499.1118,12.8578,-2.2009,22.297745,96.77516,6.954874,30,300,1326575,23,0.22362557,0.01681532,0.01652984,0.00067931,0.040378,0.900674,0.077531,0.00036771,2026-03-21,2026-08-06,139,123357,4007,139,1.000000,1.069061,1.053617,0.745419,2,0.0,0.0,0.0,0.0,0.0,0.0,n_rounds>=30,137,137,PERCENT_RANK_OVER_ORDER_BY_e_stake,HF9f,OK,L1_POWERED,0.0007571,A 净亏最大十分位 · 优先复核,97,1,A168_HF9F_20260827_0900,2026-08-27 09:00:00
op_time,3,2,4,🔴 义异且型异,ods_a168_payment_setting → 操作時間 [datetime]  ||  ods_a168_member_category → 更新時間 [timestamp]  ||  ods_a168_payment_platform → 操作時間 [datetime]  ||  ods_a168_partner_bng_token →  [timestamp],13436093473.3333,12101545164.6445,225932201.2126,124713543,6048562,-0.01681532,-0.01652984,-0.01689755,-0.01742716,-225932201.2126,13436093473.3333,OK,8220755.8918,9199860.2962,4.0013,95.9987,AG03-UNRESOLVED,ALL5_LEVELS_bet23_to_bet27,9199860.2962,9381979.6473,9615816.7414,9858968.4371,9338000.0461,4.001283,4.042136,4.252868,4.666985,4.496035,95.998717,95.957864,95.747132,95.333015,95.503965,4.9901,47394625.1681,43234853.3833,170316820.1526,174476591.9375,PENDING_AG03,FALSE,NOT_FOR_ENFORCEMENT,216732340.9164,11606300486.2161,217711445.3207,208511585.0246,979104.4043,0.01620348,0.01551877,9199860.2962,208511585.0246,0.01551877,9199860.2962,9381979.6473,9615816.7414,9858968.4371,9338000.0461,208511585.0246,0.01551877,47394625.1681,43234853.3833,170316820.1526,174476591.9375,0.01267607,0.01298566,0.00007287,107.7356,2000.7309,37.3530,1625411.5195,1831.5313,96662542.9736,43514.8345,113.5121,106.1793,5.1431,15.4907,52.3519,179.9898,345.407,1499.1118,12.8578,-2.2009,22.297745,96.77516,6.954874,30,300,1326575,23,0.22362557,0.01681532,0.01652984,0.00067931,0.040378,0.900674,0.077531,0.00036771,2026-03-21,2026-08-06,139,123357,4007,139,1.000000,1.069061,1.053617,0.745419,2,0.0,0.0,0.0,0.0,0.0,0.0,n_rounds>=30,137,137,PERCENT_RANK_OVER_ORDER_BY_e_stake,HF9f,OK,L1_POWERED,0.0007571,A 净亏最大十分位 · 优先复核,98,1,A168_HF9F_20260827_0900,2026-08-27 09:00:00
op_utp,3,2,3,🔴 义异且型异,ods_a168_log_age_cash_change → 操作者類型 [char(1)]  ||  ods_a168_payment_setting → 操作utp [varchar(1)]  ||  ods_a168_payment_platform → 操作者utp [varchar(1)],13436093473.3333,12101545164.6445,225932201.2126,124713543,6048562,-0.01681532,-0.01652984,-0.01689755,-0.01742716,-225932201.2126,13436093473.3333,OK,8220755.8918,9199860.2962,4.0013,95.9987,AG03-UNRESOLVED,ALL5_LEVELS_bet23_to_bet27,9199860.2962,9381979.6473,9615816.7414,9858968.4371,9338000.0461,4.001283,4.042136,4.252868,4.666985,4.496035,95.998717,95.957864,95.747132,95.333015,95.503965,4.9901,47394625.1681,43234853.3833,170316820.1526,174476591.9375,PENDING_AG03,FALSE,NOT_FOR_ENFORCEMENT,216732340.9164,11606300486.2161,217711445.3207,208511585.0246,979104.4043,0.01620348,0.01551877,9199860.2962,208511585.0246,0.01551877,9199860.2962,9381979.6473,9615816.7414,9858968.4371,9338000.0461,208511585.0246,0.01551877,47394625.1681,43234853.3833,170316820.1526,174476591.9375,0.01267607,0.01298566,0.00007287,107.7356,2000.7309,37.3530,1625411.5195,1831.5313,96662542.9736,43514.8345,113.5121,106.1793,5.1431,15.4907,52.3519,179.9898,345.407,1499.1118,12.8578,-2.2009,22.297745,96.77516,6.954874,30,300,1326575,23,0.22362557,0.01681532,0.01652984,0.00067931,0.040378,0.900674,0.077531,0.00036771,2026-03-21,2026-08-06,139,123357,4007,139,1.000000,1.069061,1.053617,0.745419,3,0.0,0.0,0.0,0.0,0.0,0.0,n_rounds>=30,137,137,PERCENT_RANK_OVER_ORDER_BY_e_stake,HF9f,OK,L1_POWERED,0.0007571,A 净亏最大十分位 · 优先复核,99,1,A168_HF9F_20260827_0900,2026-08-27 09:00:00
opengame,2,1,5,🟠 义异型同,ods_a168_agent_bak20250610 →  [varchar(255)]  ||  ods_a168_agent →  [varchar(255)]  ||  ods_a168_opengame_log →  [varchar(255)]  ||  ods_a168_agent_test →  [varchar(255)]  ||  ods_a168_member → 輸入要開啟的種類 [varchar(255)],13436093473.3333,12101545164.6445,225932201.2126,124713543,6048562,-0.01681532,-0.01652984,-0.01689755,-0.01742716,-225932201.2126,13436093473.3333,OK,8220755.8918,9199860.2962,4.0013,95.9987,AG03-UNRESOLVED,ALL5_LEVELS_bet23_to_bet27,9199860.2962,9381979.6473,9615816.7414,9858968.4371,9338000.0461,4.001283,4.042136,4.252868,4.666985,4.496035,95.998717,95.957864,95.747132,95.333015,95.503965,4.9901,47394625.1681,43234853.3833,170316820.1526,174476591.9375,PENDING_AG03,FALSE,NOT_FOR_ENFORCEMENT,216732340.9164,11606300486.2161,217711445.3207,208511585.0246,979104.4043,0.01620348,0.01551877,9199860.2962,208511585.0246,0.01551877,9199860.2962,9381979.6473,9615816.7414,9858968.4371,9338000.0461,208511585.0246,0.01551877,47394625.1681,43234853.3833,170316820.1526,174476591.9375,0.01267607,0.01298566,0.00007287,107.7356,2000.7309,37.3530,1625411.5195,1831.5313,96662542.9736,43514.8345,113.5121,106.1793,5.1431,15.4907,52.3519,179.9898,345.407,1499.1118,12.8578,-2.2009,22.297745,96.77516,6.954874,30,300,1326575,23,0.22362557,0.01681532,0.01652984,0.00067931,0.040378,0.900674,0.077531,0.00036771,2026-03-21,2026-08-06,139,123357,4007,139,1.000000,1.069061,1.053617,0.745419,3,0.0,0.0,0.0,0.0,0.0,0.0,n_rounds>=30,137,137,PERCENT_RANK_OVER_ORDER_BY_e_stake,HF9f,OK,L1_POWERED,0.0007571,A 净亏最大十分位 · 优先复核,100,1,A168_HF9F_20260827_0900,2026-08-27 09:00:00
operator,4,4,6,🔴 义异且型异,ods_a168_white_list →  [varchar(30)]  ||  ods_a168_member_url → 最後異動者 [varchar(25)]  ||  ods_a168_change_log → 操作者 [int(11)]  ||  ods_a168_alertMessage → 操作者 [varchar(40)]  ||  ods_a168_jackpot → 最後操作人 [int(11)]  ||  ods_a168_agents_LoginPass →  [varchar(25)],13436093473.3333,12101545164.6445,225932201.2126,124713543,6048562,-0.01681532,-0.01652984,-0.01689755,-0.01742716,-225932201.2126,13436093473.3333,OK,8220755.8918,9199860.2962,4.0013,95.9987,AG03-UNRESOLVED,ALL5_LEVELS_bet23_to_bet27,9199860.2962,9381979.6473,9615816.7414,9858968.4371,9338000.0461,4.001283,4.042136,4.252868,4.666985,4.496035,95.998717,95.957864,95.747132,95.333015,95.503965,4.9901,47394625.1681,43234853.3833,170316820.1526,174476591.9375,PENDING_AG03,FALSE,NOT_FOR_ENFORCEMENT,216732340.9164,11606300486.2161,217711445.3207,208511585.0246,979104.4043,0.01620348,0.01551877,9199860.2962,208511585.0246,0.01551877,9199860.2962,9381979.6473,9615816.7414,9858968.4371,9338000.0461,208511585.0246,0.01551877,47394625.1681,43234853.3833,170316820.1526,174476591.9375,0.01267607,0.01298566,0.00007287,107.7356,2000.7309,37.3530,1625411.5195,1831.5313,96662542.9736,43514.8345,113.5121,106.1793,5.1431,15.4907,52.3519,179.9898,345.407,1499.1118,12.8578,-2.2009,22.297745,96.77516,6.954874,30,300,1326575,23,0.22362557,0.01681532,0.01652984,0.00067931,0.040378,0.900674,0.077531,0.00036771,2026-03-21,2026-08-06,139,123357,4007,139,1.000000,1.069061,1.053617,0.745419,1,0.0,0.0,0.0,0.0,0.0,0.0,n_rounds>=30,137,137,PERCENT_RANK_OVER_ORDER_BY_e_stake,HF9f,OK,L1_POWERED,0.0007571,A 净亏最大十分位 · 优先复核,101,1,A168_HF9F_20260827_0900,2026-08-27 09:00:00
optime,2,1,4,🟠 义异型同,ods_a168_change_log → 操作時間 [datetime]  ||  ods_a168_orderslist → 操作時間 [datetime]  ||  ods_a168_risklist → 操作時間 [datetime]  ||  ods_a168_jackpot → 最後操作時間 [datetime],13436093473.3333,12101545164.6445,225932201.2126,124713543,6048562,-0.01681532,-0.01652984,-0.01689755,-0.01742716,-225932201.2126,13436093473.3333,OK,8220755.8918,9199860.2962,4.0013,95.9987,AG03-UNRESOLVED,ALL5_LEVELS_bet23_to_bet27,9199860.2962,9381979.6473,9615816.7414,9858968.4371,9338000.0461,4.001283,4.042136,4.252868,4.666985,4.496035,95.998717,95.957864,95.747132,95.333015,95.503965,4.9901,47394625.1681,43234853.3833,170316820.1526,174476591.9375,PENDING_AG03,FALSE,NOT_FOR_ENFORCEMENT,216732340.9164,11606300486.2161,217711445.3207,208511585.0246,979104.4043,0.01620348,0.01551877,9199860.2962,208511585.0246,0.01551877,9199860.2962,9381979.6473,9615816.7414,9858968.4371,9338000.0461,208511585.0246,0.01551877,47394625.1681,43234853.3833,170316820.1526,174476591.9375,0.01267607,0.01298566,0.00007287,107.7356,2000.7309,37.3530,1625411.5195,1831.5313,96662542.9736,43514.8345,113.5121,106.1793,5.1431,15.4907,52.3519,179.9898,345.407,1499.1118,12.8578,-2.2009,22.297745,96.77516,6.954874,30,300,1326575,23,0.22362557,0.01681532,0.01652984,0.00067931,0.040378,0.900674,0.077531,0.00036771,2026-03-21,2026-08-06,139,123357,4007,139,1.000000,1.069061,1.053617,0.745419,3,0.0,0.0,0.0,0.0,0.0,0.0,n_rounds>=30,137,137,PERCENT_RANK_OVER_ORDER_BY_e_stake,HF9f,OK,L1_POWERED,0.0007571,A 净亏最大十分位 · 优先复核,102,1,A168_HF9F_20260827_0900,2026-08-27 09:00:00
ordered,2,1,2,🟠 义异型同,ods_a168_permissionsgroup → 排序 [int(11)]  ||  ods_a168_permissions → 顯示的順序 [int(11)],13436093473.3333,12101545164.6445,225932201.2126,124713543,6048562,-0.01681532,-0.01652984,-0.01689755,-0.01742716,-225932201.2126,13436093473.3333,OK,8220755.8918,9199860.2962,4.0013,95.9987,AG03-UNRESOLVED,ALL5_LEVELS_bet23_to_bet27,9199860.2962,9381979.6473,9615816.7414,9858968.4371,9338000.0461,4.001283,4.042136,4.252868,4.666985,4.496035,95.998717,95.957864,95.747132,95.333015,95.503965,4.9901,47394625.1681,43234853.3833,170316820.1526,174476591.9375,PENDING_AG03,FALSE,NOT_FOR_ENFORCEMENT,216732340.9164,11606300486.2161,217711445.3207,208511585.0246,979104.4043,0.01620348,0.01551877,9199860.2962,208511585.0246,0.01551877,9199860.2962,9381979.6473,9615816.7414,9858968.4371,9338000.0461,208511585.0246,0.01551877,47394625.1681,43234853.3833,170316820.1526,174476591.9375,0.01267607,0.01298566,0.00007287,107.7356,2000.7309,37.3530,1625411.5195,1831.5313,96662542.9736,43514.8345,113.5121,106.1793,5.1431,15.4907,52.3519,179.9898,345.407,1499.1118,12.8578,-2.2009,22.297745,96.77516,6.954874,30,300,1326575,23,0.22362557,0.01681532,0.01652984,0.00067931,0.040378,0.900674,0.077531,0.00036771,2026-03-21,2026-08-06,139,123357,4007,139,1.000000,1.069061,1.053617,0.745419,2,0.0,0.0,0.0,0.0,0.0,0.0,n_rounds>=30,137,137,PERCENT_RANK_OVER_ORDER_BY_e_stake,HF9f,OK,L1_POWERED,0.0007571,A 净亏最大十分位 · 优先复核,103,1,A168_HF9F_20260827_0900,2026-08-27 09:00:00
orders,2,3,5,🔴 义异且型异,ods_a168_partner_gamelist → 順序 [tinyint(3)]  ||  ods_a168_dailyreport_member → 劃單 1:是 [tinyint(1)]  ||  ods_a168_agent_partner_gamelist → 順序 [int(11)]  ||  ods_a168_member_partner_gamelist → 順序 [int(11)]  ||  ods_a168_dailyreport_table → 劃單 1:是 [tinyint(1)],13436093473.3333,12101545164.6445,225932201.2126,124713543,6048562,-0.01681532,-0.01652984,-0.01689755,-0.01742716,-225932201.2126,13436093473.3333,OK,8220755.8918,9199860.2962,4.0013,95.9987,AG03-UNRESOLVED,ALL5_LEVELS_bet23_to_bet27,9199860.2962,9381979.6473,9615816.7414,9858968.4371,9338000.0461,4.001283,4.042136,4.252868,4.666985,4.496035,95.998717,95.957864,95.747132,95.333015,95.503965,4.9901,47394625.1681,43234853.3833,170316820.1526,174476591.9375,PENDING_AG03,FALSE,NOT_FOR_ENFORCEMENT,216732340.9164,11606300486.2161,217711445.3207,208511585.0246,979104.4043,0.01620348,0.01551877,9199860.2962,208511585.0246,0.01551877,9199860.2962,9381979.6473,9615816.7414,9858968.4371,9338000.0461,208511585.0246,0.01551877,47394625.1681,43234853.3833,170316820.1526,174476591.9375,0.01267607,0.01298566,0.00007287,107.7356,2000.7309,37.3530,1625411.5195,1831.5313,96662542.9736,43514.8345,113.5121,106.1793,5.1431,15.4907,52.3519,179.9898,345.407,1499.1118,12.8578,-2.2009,22.297745,96.77516,6.954874,30,300,1326575,23,0.22362557,0.01681532,0.01652984,0.00067931,0.040378,0.900674,0.077531,0.00036771,2026-03-21,2026-08-06,139,123357,4007,139,1.000000,1.069061,1.053617,0.745419,5,0.0,0.0,0.0,0.0,0.0,0.0,n_rounds>=30,137,137,PERCENT_RANK_OVER_ORDER_BY_e_stake,HF9f,OK,L1_POWERED,0.0007571,A 净亏最大十分位 · 优先复核,104,1,A168_HF9F_20260827_0900,2026-08-27 09:00:00
page,2,2,2,🔴 义异且型异,"ods_a168_ipblacklist → A=全部,F=前台,B=後台 [enum(''A'',''F'',''B'')]  ||  ods_a168_permissionsPage → 頁面 url [varchar(50)]",13436093473.3333,12101545164.6445,225932201.2126,124713543,6048562,-0.01681532,-0.01652984,-0.01689755,-0.01742716,-225932201.2126,13436093473.3333,OK,8220755.8918,9199860.2962,4.0013,95.9987,AG03-UNRESOLVED,ALL5_LEVELS_bet23_to_bet27,9199860.2962,9381979.6473,9615816.7414,9858968.4371,9338000.0461,4.001283,4.042136,4.252868,4.666985,4.496035,95.998717,95.957864,95.747132,95.333015,95.503965,4.9901,47394625.1681,43234853.3833,170316820.1526,174476591.9375,PENDING_AG03,FALSE,NOT_FOR_ENFORCEMENT,216732340.9164,11606300486.2161,217711445.3207,208511585.0246,979104.4043,0.01620348,0.01551877,9199860.2962,208511585.0246,0.01551877,9199860.2962,9381979.6473,9615816.7414,9858968.4371,9338000.0461,208511585.0246,0.01551877,47394625.1681,43234853.3833,170316820.1526,174476591.9375,0.01267607,0.01298566,0.00007287,107.7356,2000.7309,37.3530,1625411.5195,1831.5313,96662542.9736,43514.8345,113.5121,106.1793,5.1431,15.4907,52.3519,179.9898,345.407,1499.1118,12.8578,-2.2009,22.297745,96.77516,6.954874,30,300,1326575,23,0.22362557,0.01681532,0.01652984,0.00067931,0.040378,0.900674,0.077531,0.00036771,2026-03-21,2026-08-06,139,123357,4007,139,1.000000,1.069061,1.053617,0.745419,5,0.0,0.0,0.0,0.0,0.0,0.0,n_rounds>=30,137,137,PERCENT_RANK_OVER_ORDER_BY_e_stake,HF9f,OK,L1_POWERED,0.0007571,A 净亏最大十分位 · 优先复核,105,1,A168_HF9F_20260827_0900,2026-08-27 09:00:00
partnerBetId,2,3,3,🔴 义异且型异,ods_a168_bet01 → 第三方注單編號 [varchar(50)]  ||  ods_a168_bet_partner →  [varchar(100)]  ||  ods_mariadb_2b_bet01_rt → 第三方注單編號 [],13436093473.3333,12101545164.6445,225932201.2126,124713543,6048562,-0.01681532,-0.01652984,-0.01689755,-0.01742716,-225932201.2126,13436093473.3333,OK,8220755.8918,9199860.2962,4.0013,95.9987,AG03-UNRESOLVED,ALL5_LEVELS_bet23_to_bet27,9199860.2962,9381979.6473,9615816.7414,9858968.4371,9338000.0461,4.001283,4.042136,4.252868,4.666985,4.496035,95.998717,95.957864,95.747132,95.333015,95.503965,4.9901,47394625.1681,43234853.3833,170316820.1526,174476591.9375,PENDING_AG03,FALSE,NOT_FOR_ENFORCEMENT,216732340.9164,11606300486.2161,217711445.3207,208511585.0246,979104.4043,0.01620348,0.01551877,9199860.2962,208511585.0246,0.01551877,9199860.2962,9381979.6473,9615816.7414,9858968.4371,9338000.0461,208511585.0246,0.01551877,47394625.1681,43234853.3833,170316820.1526,174476591.9375,0.01267607,0.01298566,0.00007287,107.7356,2000.7309,37.3530,1625411.5195,1831.5313,96662542.9736,43514.8345,113.5121,106.1793,5.1431,15.4907,52.3519,179.9898,345.407,1499.1118,12.8578,-2.2009,22.297745,96.77516,6.954874,30,300,1326575,23,0.22362557,0.01681532,0.01652984,0.00067931,0.040378,0.900674,0.077531,0.00036771,2026-03-21,2026-08-06,139,123357,4007,139,1.000000,1.069061,1.053617,0.745419,4,0.0,0.0,0.0,0.0,0.0,0.0,n_rounds>=30,137,137,PERCENT_RANK_OVER_ORDER_BY_e_stake,HF9f,OK,L1_POWERED,0.0007571,A 净亏最大十分位 · 优先复核,106,1,A168_HF9F_20260827_0900,2026-08-27 09:00:00
password,3,3,4,🔴 义异且型异,ods_a168_employee →  [varchar(20)]  ||  ods_a168_agents_LoginPass →  [varchar(255)]  ||  ods_a168_member_partner_account → 第三方遊戲密碼 [varchar(32)]  ||  ods_a168_sms_setting → 密碼 [varchar(20)],13436093473.3333,12101545164.6445,225932201.2126,124713543,6048562,-0.01681532,-0.01652984,-0.01689755,-0.01742716,-225932201.2126,13436093473.3333,OK,8220755.8918,9199860.2962,4.0013,95.9987,AG03-UNRESOLVED,ALL5_LEVELS_bet23_to_bet27,9199860.2962,9381979.6473,9615816.7414,9858968.4371,9338000.0461,4.001283,4.042136,4.252868,4.666985,4.496035,95.998717,95.957864,95.747132,95.333015,95.503965,4.9901,47394625.1681,43234853.3833,170316820.1526,174476591.9375,PENDING_AG03,FALSE,NOT_FOR_ENFORCEMENT,216732340.9164,11606300486.2161,217711445.3207,208511585.0246,979104.4043,0.01620348,0.01551877,9199860.2962,208511585.0246,0.01551877,9199860.2962,9381979.6473,9615816.7414,9858968.4371,9338000.0461,208511585.0246,0.01551877,47394625.1681,43234853.3833,170316820.1526,174476591.9375,0.01267607,0.01298566,0.00007287,107.7356,2000.7309,37.3530,1625411.5195,1831.5313,96662542.9736,43514.8345,113.5121,106.1793,5.1431,15.4907,52.3519,179.9898,345.407,1499.1118,12.8578,-2.2009,22.297745,96.77516,6.954874,30,300,1326575,23,0.22362557,0.01681532,0.01652984,0.00067931,0.040378,0.900674,0.077531,0.00036771,2026-03-21,2026-08-06,139,123357,4007,139,1.000000,1.069061,1.053617,0.745419,5,0.0,0.0,0.0,0.0,0.0,0.0,n_rounds>=30,137,137,PERCENT_RANK_OVER_ORDER_BY_e_stake,HF9f,OK,L1_POWERED,0.0007571,A 净亏最大十分位 · 优先复核,107,1,A168_HF9F_20260827_0900,2026-08-27 09:00:00
percent,2,2,2,🔴 义异且型异,ods_a168_RedPacketSetup_setting → 概率 [int(3)]  ||  ods_a168_jackpot → 機率 [int(11)],13436093473.3333,12101545164.6445,225932201.2126,124713543,6048562,-0.01681532,-0.01652984,-0.01689755,-0.01742716,-225932201.2126,13436093473.3333,OK,8220755.8918,9199860.2962,4.0013,95.9987,AG03-UNRESOLVED,ALL5_LEVELS_bet23_to_bet27,9199860.2962,9381979.6473,9615816.7414,9858968.4371,9338000.0461,4.001283,4.042136,4.252868,4.666985,4.496035,95.998717,95.957864,95.747132,95.333015,95.503965,4.9901,47394625.1681,43234853.3833,170316820.1526,174476591.9375,PENDING_AG03,FALSE,NOT_FOR_ENFORCEMENT,216732340.9164,11606300486.2161,217711445.3207,208511585.0246,979104.4043,0.01620348,0.01551877,9199860.2962,208511585.0246,0.01551877,9199860.2962,9381979.6473,9615816.7414,9858968.4371,9338000.0461,208511585.0246,0.01551877,47394625.1681,43234853.3833,170316820.1526,174476591.9375,0.01267607,0.01298566,0.00007287,107.7356,2000.7309,37.3530,1625411.5195,1831.5313,96662542.9736,43514.8345,113.5121,106.1793,5.1431,15.4907,52.3519,179.9898,345.407,1499.1118,12.8578,-2.2009,22.297745,96.77516,6.954874,30,300,1326575,23,0.22362557,0.01681532,0.01652984,0.00067931,0.040378,0.900674,0.077531,0.00036771,2026-03-21,2026-08-06,139,123357,4007,139,1.000000,1.069061,1.053617,0.745419,5,0.0,0.0,0.0,0.0,0.0,0.0,n_rounds>=30,137,137,PERCENT_RANK_OVER_ORDER_BY_e_stake,HF9f,OK,L1_POWERED,0.0007571,A 净亏最大十分位 · 优先复核,108,1,A168_HF9F_20260827_0900,2026-08-27 09:00:00
ps003,2,1,3,🟠 义异型同,"ods_a168_play_set → 退水 [decimal(16,2)]  ||  ods_a168_partner_type → 退水 [decimal(16,2)]  ||  ods_a168_game_type →  [decimal(16,2)]",13436093473.3333,12101545164.6445,225932201.2126,124713543,6048562,-0.01681532,-0.01652984,-0.01689755,-0.01742716,-225932201.2126,13436093473.3333,OK,8220755.8918,9199860.2962,4.0013,95.9987,AG03-UNRESOLVED,ALL5_LEVELS_bet23_to_bet27,9199860.2962,9381979.6473,9615816.7414,9858968.4371,9338000.0461,4.001283,4.042136,4.252868,4.666985,4.496035,95.998717,95.957864,95.747132,95.333015,95.503965,4.9901,47394625.1681,43234853.3833,170316820.1526,174476591.9375,PENDING_AG03,FALSE,NOT_FOR_ENFORCEMENT,216732340.9164,11606300486.2161,217711445.3207,208511585.0246,979104.4043,0.01620348,0.01551877,9199860.2962,208511585.0246,0.01551877,9199860.2962,9381979.6473,9615816.7414,9858968.4371,9338000.0461,208511585.0246,0.01551877,47394625.1681,43234853.3833,170316820.1526,174476591.9375,0.01267607,0.01298566,0.00007287,107.7356,2000.7309,37.3530,1625411.5195,1831.5313,96662542.9736,43514.8345,113.5121,106.1793,5.1431,15.4907,52.3519,179.9898,345.407,1499.1118,12.8578,-2.2009,22.297745,96.77516,6.954874,30,300,1326575,23,0.22362557,0.01681532,0.01652984,0.00067931,0.040378,0.900674,0.077531,0.00036771,2026-03-21,2026-08-06,139,123357,4007,139,1.000000,1.069061,1.053617,0.745419,1,0.0,0.0,0.0,0.0,0.0,0.0,n_rounds>=30,137,137,PERCENT_RANK_OVER_ORDER_BY_e_stake,HF9f,OK,L1_POWERED,0.0007571,A 净亏最大十分位 · 优先复核,109,1,A168_HF9F_20260827_0900,2026-08-27 09:00:00
ps004,2,1,3,🟠 义异型同,ods_a168_partner_type → 最小押分 [int(11)]  ||  ods_a168_game_type →  [int(11)]  ||  ods_a168_play_set → 最小押分 [int(11)],13436093473.3333,12101545164.6445,225932201.2126,124713543,6048562,-0.01681532,-0.01652984,-0.01689755,-0.01742716,-225932201.2126,13436093473.3333,OK,8220755.8918,9199860.2962,4.0013,95.9987,AG03-UNRESOLVED,ALL5_LEVELS_bet23_to_bet27,9199860.2962,9381979.6473,9615816.7414,9858968.4371,9338000.0461,4.001283,4.042136,4.252868,4.666985,4.496035,95.998717,95.957864,95.747132,95.333015,95.503965,4.9901,47394625.1681,43234853.3833,170316820.1526,174476591.9375,PENDING_AG03,FALSE,NOT_FOR_ENFORCEMENT,216732340.9164,11606300486.2161,217711445.3207,208511585.0246,979104.4043,0.01620348,0.01551877,9199860.2962,208511585.0246,0.01551877,9199860.2962,9381979.6473,9615816.7414,9858968.4371,9338000.0461,208511585.0246,0.01551877,47394625.1681,43234853.3833,170316820.1526,174476591.9375,0.01267607,0.01298566,0.00007287,107.7356,2000.7309,37.3530,1625411.5195,1831.5313,96662542.9736,43514.8345,113.5121,106.1793,5.1431,15.4907,52.3519,179.9898,345.407,1499.1118,12.8578,-2.2009,22.297745,96.77516,6.954874,30,300,1326575,23,0.22362557,0.01681532,0.01652984,0.00067931,0.040378,0.900674,0.077531,0.00036771,2026-03-21,2026-08-06,139,123357,4007,139,1.000000,1.069061,1.053617,0.745419,1,0.0,0.0,0.0,0.0,0.0,0.0,n_rounds>=30,137,137,PERCENT_RANK_OVER_ORDER_BY_e_stake,HF9f,OK,L1_POWERED,0.0007571,A 净亏最大十分位 · 优先复核,110,1,A168_HF9F_20260827_0900,2026-08-27 09:00:00
ps005,2,1,3,🟠 义异型同,ods_a168_game_type →  [int(11)]  ||  ods_a168_partner_type → 最大押分 [int(11)]  ||  ods_a168_play_set → 最大押分 [int(11)],13436093473.3333,12101545164.6445,225932201.2126,124713543,6048562,-0.01681532,-0.01652984,-0.01689755,-0.01742716,-225932201.2126,13436093473.3333,OK,8220755.8918,9199860.2962,4.0013,95.9987,AG03-UNRESOLVED,ALL5_LEVELS_bet23_to_bet27,9199860.2962,9381979.6473,9615816.7414,9858968.4371,9338000.0461,4.001283,4.042136,4.252868,4.666985,4.496035,95.998717,95.957864,95.747132,95.333015,95.503965,4.9901,47394625.1681,43234853.3833,170316820.1526,174476591.9375,PENDING_AG03,FALSE,NOT_FOR_ENFORCEMENT,216732340.9164,11606300486.2161,217711445.3207,208511585.0246,979104.4043,0.01620348,0.01551877,9199860.2962,208511585.0246,0.01551877,9199860.2962,9381979.6473,9615816.7414,9858968.4371,9338000.0461,208511585.0246,0.01551877,47394625.1681,43234853.3833,170316820.1526,174476591.9375,0.01267607,0.01298566,0.00007287,107.7356,2000.7309,37.3530,1625411.5195,1831.5313,96662542.9736,43514.8345,113.5121,106.1793,5.1431,15.4907,52.3519,179.9898,345.407,1499.1118,12.8578,-2.2009,22.297745,96.77516,6.954874,30,300,1326575,23,0.22362557,0.01681532,0.01652984,0.00067931,0.040378,0.900674,0.077531,0.00036771,2026-03-21,2026-08-06,139,123357,4007,139,1.000000,1.069061,1.053617,0.745419,4,0.0,0.0,0.0,0.0,0.0,0.0,n_rounds>=30,137,137,PERCENT_RANK_OVER_ORDER_BY_e_stake,HF9f,OK,L1_POWERED,0.0007571,A 净亏最大十分位 · 优先复核,111,1,A168_HF9F_20260827_0900,2026-08-27 09:00:00
ps006,2,1,3,🟠 义异型同,ods_a168_partner_type → 押分倍數 [int(11)]  ||  ods_a168_game_type →  [int(11)]  ||  ods_a168_play_set → 押分倍數 [int(11)],13436093473.3333,12101545164.6445,225932201.2126,124713543,6048562,-0.01681532,-0.01652984,-0.01689755,-0.01742716,-225932201.2126,13436093473.3333,OK,8220755.8918,9199860.2962,4.0013,95.9987,AG03-UNRESOLVED,ALL5_LEVELS_bet23_to_bet27,9199860.2962,9381979.6473,9615816.7414,9858968.4371,9338000.0461,4.001283,4.042136,4.252868,4.666985,4.496035,95.998717,95.957864,95.747132,95.333015,95.503965,4.9901,47394625.1681,43234853.3833,170316820.1526,174476591.9375,PENDING_AG03,FALSE,NOT_FOR_ENFORCEMENT,216732340.9164,11606300486.2161,217711445.3207,208511585.0246,979104.4043,0.01620348,0.01551877,9199860.2962,208511585.0246,0.01551877,9199860.2962,9381979.6473,9615816.7414,9858968.4371,9338000.0461,208511585.0246,0.01551877,47394625.1681,43234853.3833,170316820.1526,174476591.9375,0.01267607,0.01298566,0.00007287,107.7356,2000.7309,37.3530,1625411.5195,1831.5313,96662542.9736,43514.8345,113.5121,106.1793,5.1431,15.4907,52.3519,179.9898,345.407,1499.1118,12.8578,-2.2009,22.297745,96.77516,6.954874,30,300,1326575,23,0.22362557,0.01681532,0.01652984,0.00067931,0.040378,0.900674,0.077531,0.00036771,2026-03-21,2026-08-06,139,123357,4007,139,1.000000,1.069061,1.053617,0.745419,5,0.0,0.0,0.0,0.0,0.0,0.0,n_rounds>=30,137,137,PERCENT_RANK_OVER_ORDER_BY_e_stake,HF9f,OK,L1_POWERED,0.0007571,A 净亏最大十分位 · 优先复核,112,1,A168_HF9F_20260827_0900,2026-08-27 09:00:00
ps007,2,1,3,🟠 义异型同,ods_a168_play_set → 最大押分02 [int(11)]  ||  ods_a168_game_type →  [int(11)]  ||  ods_a168_partner_type → 最大押分02 [int(11)],13436093473.3333,12101545164.6445,225932201.2126,124713543,6048562,-0.01681532,-0.01652984,-0.01689755,-0.01742716,-225932201.2126,13436093473.3333,OK,8220755.8918,9199860.2962,4.0013,95.9987,AG03-UNRESOLVED,ALL5_LEVELS_bet23_to_bet27,9199860.2962,9381979.6473,9615816.7414,9858968.4371,9338000.0461,4.001283,4.042136,4.252868,4.666985,4.496035,95.998717,95.957864,95.747132,95.333015,95.503965,4.9901,47394625.1681,43234853.3833,170316820.1526,174476591.9375,PENDING_AG03,FALSE,NOT_FOR_ENFORCEMENT,216732340.9164,11606300486.2161,217711445.3207,208511585.0246,979104.4043,0.01620348,0.01551877,9199860.2962,208511585.0246,0.01551877,9199860.2962,9381979.6473,9615816.7414,9858968.4371,9338000.0461,208511585.0246,0.01551877,47394625.1681,43234853.3833,170316820.1526,174476591.9375,0.01267607,0.01298566,0.00007287,107.7356,2000.7309,37.3530,1625411.5195,1831.5313,96662542.9736,43514.8345,113.5121,106.1793,5.1431,15.4907,52.3519,179.9898,345.407,1499.1118,12.8578,-2.2009,22.297745,96.77516,6.954874,30,300,1326575,23,0.22362557,0.01681532,0.01652984,0.00067931,0.040378,0.900674,0.077531,0.00036771,2026-03-21,2026-08-06,139,123357,4007,139,1.000000,1.069061,1.053617,0.745419,2,0.0,0.0,0.0,0.0,0.0,0.0,n_rounds>=30,137,137,PERCENT_RANK_OVER_ORDER_BY_e_stake,HF9f,OK,L1_POWERED,0.0007571,A 净亏最大十分位 · 优先复核,113,1,A168_HF9F_20260827_0900,2026-08-27 09:00:00
ps008,2,1,3,🟠 义异型同,ods_a168_play_set → 最大押分03 [int(11)]  ||  ods_a168_game_type →  [int(11)]  ||  ods_a168_partner_type → 最大押分03 [int(11)],13436093473.3333,12101545164.6445,225932201.2126,124713543,6048562,-0.01681532,-0.01652984,-0.01689755,-0.01742716,-225932201.2126,13436093473.3333,OK,8220755.8918,9199860.2962,4.0013,95.9987,AG03-UNRESOLVED,ALL5_LEVELS_bet23_to_bet27,9199860.2962,9381979.6473,9615816.7414,9858968.4371,9338000.0461,4.001283,4.042136,4.252868,4.666985,4.496035,95.998717,95.957864,95.747132,95.333015,95.503965,4.9901,47394625.1681,43234853.3833,170316820.1526,174476591.9375,PENDING_AG03,FALSE,NOT_FOR_ENFORCEMENT,216732340.9164,11606300486.2161,217711445.3207,208511585.0246,979104.4043,0.01620348,0.01551877,9199860.2962,208511585.0246,0.01551877,9199860.2962,9381979.6473,9615816.7414,9858968.4371,9338000.0461,208511585.0246,0.01551877,47394625.1681,43234853.3833,170316820.1526,174476591.9375,0.01267607,0.01298566,0.00007287,107.7356,2000.7309,37.3530,1625411.5195,1831.5313,96662542.9736,43514.8345,113.5121,106.1793,5.1431,15.4907,52.3519,179.9898,345.407,1499.1118,12.8578,-2.2009,22.297745,96.77516,6.954874,30,300,1326575,23,0.22362557,0.01681532,0.01652984,0.00067931,0.040378,0.900674,0.077531,0.00036771,2026-03-21,2026-08-06,139,123357,4007,139,1.000000,1.069061,1.053617,0.745419,5,0.0,0.0,0.0,0.0,0.0,0.0,n_rounds>=30,137,137,PERCENT_RANK_OVER_ORDER_BY_e_stake,HF9f,OK,L1_POWERED,0.0007571,A 净亏最大十分位 · 优先复核,114,1,A168_HF9F_20260827_0900,2026-08-27 09:00:00
ps009,2,1,3,🟠 义异型同,ods_a168_game_type →  [int(11)]  ||  ods_a168_partner_type → 最大押分04 [int(11)]  ||  ods_a168_play_set → 最大押分04 [int(11)],13436093473.3333,12101545164.6445,225932201.2126,124713543,6048562,-0.01681532,-0.01652984,-0.01689755,-0.01742716,-225932201.2126,13436093473.3333,OK,8220755.8918,9199860.2962,4.0013,95.9987,AG03-UNRESOLVED,ALL5_LEVELS_bet23_to_bet27,9199860.2962,9381979.6473,9615816.7414,9858968.4371,9338000.0461,4.001283,4.042136,4.252868,4.666985,4.496035,95.998717,95.957864,95.747132,95.333015,95.503965,4.9901,47394625.1681,43234853.3833,170316820.1526,174476591.9375,PENDING_AG03,FALSE,NOT_FOR_ENFORCEMENT,216732340.9164,11606300486.2161,217711445.3207,208511585.0246,979104.4043,0.01620348,0.01551877,9199860.2962,208511585.0246,0.01551877,9199860.2962,9381979.6473,9615816.7414,9858968.4371,9338000.0461,208511585.0246,0.01551877,47394625.1681,43234853.3833,170316820.1526,174476591.9375,0.01267607,0.01298566,0.00007287,107.7356,2000.7309,37.3530,1625411.5195,1831.5313,96662542.9736,43514.8345,113.5121,106.1793,5.1431,15.4907,52.3519,179.9898,345.407,1499.1118,12.8578,-2.2009,22.297745,96.77516,6.954874,30,300,1326575,23,0.22362557,0.01681532,0.01652984,0.00067931,0.040378,0.900674,0.077531,0.00036771,2026-03-21,2026-08-06,139,123357,4007,139,1.000000,1.069061,1.053617,0.745419,4,0.0,0.0,0.0,0.0,0.0,0.0,n_rounds>=30,137,137,PERCENT_RANK_OVER_ORDER_BY_e_stake,HF9f,OK,L1_POWERED,0.0007571,A 净亏最大十分位 · 优先复核,115,1,A168_HF9F_20260827_0900,2026-08-27 09:00:00
ps010,2,1,3,🟠 义异型同,ods_a168_play_set → 最大押分05 [int(11)]  ||  ods_a168_partner_type → 最大押分05 [int(11)]  ||  ods_a168_game_type →  [int(11)],13436093473.3333,12101545164.6445,225932201.2126,124713543,6048562,-0.01681532,-0.01652984,-0.01689755,-0.01742716,-225932201.2126,13436093473.3333,OK,8220755.8918,9199860.2962,4.0013,95.9987,AG03-UNRESOLVED,ALL5_LEVELS_bet23_to_bet27,9199860.2962,9381979.6473,9615816.7414,9858968.4371,9338000.0461,4.001283,4.042136,4.252868,4.666985,4.496035,95.998717,95.957864,95.747132,95.333015,95.503965,4.9901,47394625.1681,43234853.3833,170316820.1526,174476591.9375,PENDING_AG03,FALSE,NOT_FOR_ENFORCEMENT,216732340.9164,11606300486.2161,217711445.3207,208511585.0246,979104.4043,0.01620348,0.01551877,9199860.2962,208511585.0246,0.01551877,9199860.2962,9381979.6473,9615816.7414,9858968.4371,9338000.0461,208511585.0246,0.01551877,47394625.1681,43234853.3833,170316820.1526,174476591.9375,0.01267607,0.01298566,0.00007287,107.7356,2000.7309,37.3530,1625411.5195,1831.5313,96662542.9736,43514.8345,113.5121,106.1793,5.1431,15.4907,52.3519,179.9898,345.407,1499.1118,12.8578,-2.2009,22.297745,96.77516,6.954874,30,300,1326575,23,0.22362557,0.01681532,0.01652984,0.00067931,0.040378,0.900674,0.077531,0.00036771,2026-03-21,2026-08-06,139,123357,4007,139,1.000000,1.069061,1.053617,0.745419,2,0.0,0.0,0.0,0.0,0.0,0.0,n_rounds>=30,137,137,PERCENT_RANK_OVER_ORDER_BY_e_stake,HF9f,OK,L1_POWERED,0.0007571,A 净亏最大十分位 · 优先复核,116,1,A168_HF9F_20260827_0900,2026-08-27 09:00:00
ps011,2,1,3,🟠 义异型同,ods_a168_game_type →  [int(11)]  ||  ods_a168_play_set → 最大押分06 [int(11)]  ||  ods_a168_partner_type → 最大押分06 [int(11)],13436093473.3333,12101545164.6445,225932201.2126,124713543,6048562,-0.01681532,-0.01652984,-0.01689755,-0.01742716,-225932201.2126,13436093473.3333,OK,8220755.8918,9199860.2962,4.0013,95.9987,AG03-UNRESOLVED,ALL5_LEVELS_bet23_to_bet27,9199860.2962,9381979.6473,9615816.7414,9858968.4371,9338000.0461,4.001283,4.042136,4.252868,4.666985,4.496035,95.998717,95.957864,95.747132,95.333015,95.503965,4.9901,47394625.1681,43234853.3833,170316820.1526,174476591.9375,PENDING_AG03,FALSE,NOT_FOR_ENFORCEMENT,216732340.9164,11606300486.2161,217711445.3207,208511585.0246,979104.4043,0.01620348,0.01551877,9199860.2962,208511585.0246,0.01551877,9199860.2962,9381979.6473,9615816.7414,9858968.4371,9338000.0461,208511585.0246,0.01551877,47394625.1681,43234853.3833,170316820.1526,174476591.9375,0.01267607,0.01298566,0.00007287,107.7356,2000.7309,37.3530,1625411.5195,1831.5313,96662542.9736,43514.8345,113.5121,106.1793,5.1431,15.4907,52.3519,179.9898,345.407,1499.1118,12.8578,-2.2009,22.297745,96.77516,6.954874,30,300,1326575,23,0.22362557,0.01681532,0.01652984,0.00067931,0.040378,0.900674,0.077531,0.00036771,2026-03-21,2026-08-06,139,123357,4007,139,1.000000,1.069061,1.053617,0.745419,5,0.0,0.0,0.0,0.0,0.0,0.0,n_rounds>=30,137,137,PERCENT_RANK_OVER_ORDER_BY_e_stake,HF9f,OK,L1_POWERED,0.0007571,A 净亏最大十分位 · 优先复核,117,1,A168_HF9F_20260827_0900,2026-08-27 09:00:00
rate,2,1,2,🟠 义异型同,"ods_a168_RedPacket_Order →  [decimal(8,4)]  ||  ods_a168_currency → 匯率 [decimal(8,4)]",13436093473.3333,12101545164.6445,225932201.2126,124713543,6048562,-0.01681532,-0.01652984,-0.01689755,-0.01742716,-225932201.2126,13436093473.3333,OK,8220755.8918,9199860.2962,4.0013,95.9987,AG03-UNRESOLVED,ALL5_LEVELS_bet23_to_bet27,9199860.2962,9381979.6473,9615816.7414,9858968.4371,9338000.0461,4.001283,4.042136,4.252868,4.666985,4.496035,95.998717,95.957864,95.747132,95.333015,95.503965,4.9901,47394625.1681,43234853.3833,170316820.1526,174476591.9375,PENDING_AG03,FALSE,NOT_FOR_ENFORCEMENT,216732340.9164,11606300486.2161,217711445.3207,208511585.0246,979104.4043,0.01620348,0.01551877,9199860.2962,208511585.0246,0.01551877,9199860.2962,9381979.6473,9615816.7414,9858968.4371,9338000.0461,208511585.0246,0.01551877,47394625.1681,43234853.3833,170316820.1526,174476591.9375,0.01267607,0.01298566,0.00007287,107.7356,2000.7309,37.3530,1625411.5195,1831.5313,96662542.9736,43514.8345,113.5121,106.1793,5.1431,15.4907,52.3519,179.9898,345.407,1499.1118,12.8578,-2.2009,22.297745,96.77516,6.954874,30,300,1326575,23,0.22362557,0.01681532,0.01652984,0.00067931,0.040378,0.900674,0.077531,0.00036771,2026-03-21,2026-08-06,139,123357,4007,139,1.000000,1.069061,1.053617,0.745419,3,0.0,0.0,0.0,0.0,0.0,0.0,n_rounds>=30,137,137,PERCENT_RANK_OVER_ORDER_BY_e_stake,HF9f,OK,L1_POWERED,0.0007571,A 净亏最大十分位 · 优先复核,118,1,A168_HF9F_20260827_0900,2026-08-27 09:00:00
receivetime,2,1,2,🟠 义异型同,ods_a168_RedPacket_Order → 領取時間 [datetime]  ||  ods_a168_SMR_log →  [datetime],13436093473.3333,12101545164.6445,225932201.2126,124713543,6048562,-0.01681532,-0.01652984,-0.01689755,-0.01742716,-225932201.2126,13436093473.3333,OK,8220755.8918,9199860.2962,4.0013,95.9987,AG03-UNRESOLVED,ALL5_LEVELS_bet23_to_bet27,9199860.2962,9381979.6473,9615816.7414,9858968.4371,9338000.0461,4.001283,4.042136,4.252868,4.666985,4.496035,95.998717,95.957864,95.747132,95.333015,95.503965,4.9901,47394625.1681,43234853.3833,170316820.1526,174476591.9375,PENDING_AG03,FALSE,NOT_FOR_ENFORCEMENT,216732340.9164,11606300486.2161,217711445.3207,208511585.0246,979104.4043,0.01620348,0.01551877,9199860.2962,208511585.0246,0.01551877,9199860.2962,9381979.6473,9615816.7414,9858968.4371,9338000.0461,208511585.0246,0.01551877,47394625.1681,43234853.3833,170316820.1526,174476591.9375,0.01267607,0.01298566,0.00007287,107.7356,2000.7309,37.3530,1625411.5195,1831.5313,96662542.9736,43514.8345,113.5121,106.1793,5.1431,15.4907,52.3519,179.9898,345.407,1499.1118,12.8578,-2.2009,22.297745,96.77516,6.954874,30,300,1326575,23,0.22362557,0.01681532,0.01652984,0.00067931,0.040378,0.900674,0.077531,0.00036771,2026-03-21,2026-08-06,139,123357,4007,139,1.000000,1.069061,1.053617,0.745419,2,0.0,0.0,0.0,0.0,0.0,0.0,n_rounds>=30,137,137,PERCENT_RANK_OVER_ORDER_BY_e_stake,HF9f,OK,L1_POWERED,0.0007571,A 净亏最大十分位 · 优先复核,119,1,A168_HF9F_20260827_0900,2026-08-27 09:00:00
remark,3,6,13,🔴 义异且型异,ods_a168_partner_transation →  [varchar(255)]  ||  ods_a168_aggregate_transaction → 備註 [varchar(255)]  ||  ods_a168_partner_setting → 備註 [varchar(100)]  ||  ods_a168_payment_order → 備註 [varchar(100)]  ||  ods_a168_emp_login →  [varchar(50)]  ||  ods_a168_member_url → 備註 [varchar(255)]  ||  ods_a168_partner_gamelist → 備註 [varchar(32)]  ||  ods_a168_payment_setting → 備註 [varchar(20)]  ||  ods_a168_payment_platform → 備註 [varchar(20)]  ||  ods_a168_categoryLevel → 備註 [varchar(20)]  ||  ods_a168_category → 備註 [text]  ||  ods_a168_member_category → 備注 [varchar(50)]  ||  ods_a168_aggregate_setting → 備註 [varchar(100)],13436093473.3333,12101545164.6445,225932201.2126,124713543,6048562,-0.01681532,-0.01652984,-0.01689755,-0.01742716,-225932201.2126,13436093473.3333,OK,8220755.8918,9199860.2962,4.0013,95.9987,AG03-UNRESOLVED,ALL5_LEVELS_bet23_to_bet27,9199860.2962,9381979.6473,9615816.7414,9858968.4371,9338000.0461,4.001283,4.042136,4.252868,4.666985,4.496035,95.998717,95.957864,95.747132,95.333015,95.503965,4.9901,47394625.1681,43234853.3833,170316820.1526,174476591.9375,PENDING_AG03,FALSE,NOT_FOR_ENFORCEMENT,216732340.9164,11606300486.2161,217711445.3207,208511585.0246,979104.4043,0.01620348,0.01551877,9199860.2962,208511585.0246,0.01551877,9199860.2962,9381979.6473,9615816.7414,9858968.4371,9338000.0461,208511585.0246,0.01551877,47394625.1681,43234853.3833,170316820.1526,174476591.9375,0.01267607,0.01298566,0.00007287,107.7356,2000.7309,37.3530,1625411.5195,1831.5313,96662542.9736,43514.8345,113.5121,106.1793,5.1431,15.4907,52.3519,179.9898,345.407,1499.1118,12.8578,-2.2009,22.297745,96.77516,6.954874,30,300,1326575,23,0.22362557,0.01681532,0.01652984,0.00067931,0.040378,0.900674,0.077531,0.00036771,2026-03-21,2026-08-06,139,123357,4007,139,1.000000,1.069061,1.053617,0.745419,5,0.0,0.0,0.0,0.0,0.0,0.0,n_rounds>=30,137,137,PERCENT_RANK_OVER_ORDER_BY_e_stake,HF9f,OK,L1_POWERED,0.0007571,A 净亏最大十分位 · 优先复核,120,1,A168_HF9F_20260827_0900,2026-08-27 09:00:00
requestDate,2,1,2,🟠 义异型同,ods_a168_partner_transation → 第三方請求時間 [datetime]  ||  ods_a168_wallet_dtl → 我方請求時間 [datetime],13436093473.3333,12101545164.6445,225932201.2126,124713543,6048562,-0.01681532,-0.01652984,-0.01689755,-0.01742716,-225932201.2126,13436093473.3333,OK,8220755.8918,9199860.2962,4.0013,95.9987,AG03-UNRESOLVED,ALL5_LEVELS_bet23_to_bet27,9199860.2962,9381979.6473,9615816.7414,9858968.4371,9338000.0461,4.001283,4.042136,4.252868,4.666985,4.496035,95.998717,95.957864,95.747132,95.333015,95.503965,4.9901,47394625.1681,43234853.3833,170316820.1526,174476591.9375,PENDING_AG03,FALSE,NOT_FOR_ENFORCEMENT,216732340.9164,11606300486.2161,217711445.3207,208511585.0246,979104.4043,0.01620348,0.01551877,9199860.2962,208511585.0246,0.01551877,9199860.2962,9381979.6473,9615816.7414,9858968.4371,9338000.0461,208511585.0246,0.01551877,47394625.1681,43234853.3833,170316820.1526,174476591.9375,0.01267607,0.01298566,0.00007287,107.7356,2000.7309,37.3530,1625411.5195,1831.5313,96662542.9736,43514.8345,113.5121,106.1793,5.1431,15.4907,52.3519,179.9898,345.407,1499.1118,12.8578,-2.2009,22.297745,96.77516,6.954874,30,300,1326575,23,0.22362557,0.01681532,0.01652984,0.00067931,0.040378,0.900674,0.077531,0.00036771,2026-03-21,2026-08-06,139,123357,4007,139,1.000000,1.069061,1.053617,0.745419,3,0.0,0.0,0.0,0.0,0.0,0.0,n_rounds>=30,137,137,PERCENT_RANK_OVER_ORDER_BY_e_stake,HF9f,OK,L1_POWERED,0.0007571,A 净亏最大十分位 · 优先复核,121,1,A168_HF9F_20260827_0900,2026-08-27 09:00:00
risk,2,1,3,🟠 义异型同,ods_a168_dailyreport2 → 風險單1:是 [tinyint(1)]  ||  ods_a168_dailyreport_member → 風險單 1:是 [tinyint(1)]  ||  ods_a168_dailyreport_table → 風險單 1:是 [tinyint(1)],13436093473.3333,12101545164.6445,225932201.2126,124713543,6048562,-0.01681532,-0.01652984,-0.01689755,-0.01742716,-225932201.2126,13436093473.3333,OK,8220755.8918,9199860.2962,4.0013,95.9987,AG03-UNRESOLVED,ALL5_LEVELS_bet23_to_bet27,9199860.2962,9381979.6473,9615816.7414,9858968.4371,9338000.0461,4.001283,4.042136,4.252868,4.666985,4.496035,95.998717,95.957864,95.747132,95.333015,95.503965,4.9901,47394625.1681,43234853.3833,170316820.1526,174476591.9375,PENDING_AG03,FALSE,NOT_FOR_ENFORCEMENT,216732340.9164,11606300486.2161,217711445.3207,208511585.0246,979104.4043,0.01620348,0.01551877,9199860.2962,208511585.0246,0.01551877,9199860.2962,9381979.6473,9615816.7414,9858968.4371,9338000.0461,208511585.0246,0.01551877,47394625.1681,43234853.3833,170316820.1526,174476591.9375,0.01267607,0.01298566,0.00007287,107.7356,2000.7309,37.3530,1625411.5195,1831.5313,96662542.9736,43514.8345,113.5121,106.1793,5.1431,15.4907,52.3519,179.9898,345.407,1499.1118,12.8578,-2.2009,22.297745,96.77516,6.954874,30,300,1326575,23,0.22362557,0.01681532,0.01652984,0.00067931,0.040378,0.900674,0.077531,0.00036771,2026-03-21,2026-08-06,139,123357,4007,139,1.000000,1.069061,1.053617,0.745419,1,0.0,0.0,0.0,0.0,0.0,0.0,n_rounds>=30,137,137,PERCENT_RANK_OVER_ORDER_BY_e_stake,HF9f,OK,L1_POWERED,0.0007571,A 净亏最大十分位 · 优先复核,122,1,A168_HF9F_20260827_0900,2026-08-27 09:00:00
rolesId,2,2,2,🔴 义异且型异,ods_a168_permissionsPageRoles →  [int(3)]  ||  ods_a168_control → 角色ID [int(11)],13436093473.3333,12101545164.6445,225932201.2126,124713543,6048562,-0.01681532,-0.01652984,-0.01689755,-0.01742716,-225932201.2126,13436093473.3333,OK,8220755.8918,9199860.2962,4.0013,95.9987,AG03-UNRESOLVED,ALL5_LEVELS_bet23_to_bet27,9199860.2962,9381979.6473,9615816.7414,9858968.4371,9338000.0461,4.001283,4.042136,4.252868,4.666985,4.496035,95.998717,95.957864,95.747132,95.333015,95.503965,4.9901,47394625.1681,43234853.3833,170316820.1526,174476591.9375,PENDING_AG03,FALSE,NOT_FOR_ENFORCEMENT,216732340.9164,11606300486.2161,217711445.3207,208511585.0246,979104.4043,0.01620348,0.01551877,9199860.2962,208511585.0246,0.01551877,9199860.2962,9381979.6473,9615816.7414,9858968.4371,9338000.0461,208511585.0246,0.01551877,47394625.1681,43234853.3833,170316820.1526,174476591.9375,0.01267607,0.01298566,0.00007287,107.7356,2000.7309,37.3530,1625411.5195,1831.5313,96662542.9736,43514.8345,113.5121,106.1793,5.1431,15.4907,52.3519,179.9898,345.407,1499.1118,12.8578,-2.2009,22.297745,96.77516,6.954874,30,300,1326575,23,0.22362557,0.01681532,0.01652984,0.00067931,0.040378,0.900674,0.077531,0.00036771,2026-03-21,2026-08-06,139,123357,4007,139,1.000000,1.069061,1.053617,0.745419,1,0.0,0.0,0.0,0.0,0.0,0.0,n_rounds>=30,137,137,PERCENT_RANK_OVER_ORDER_BY_e_stake,HF9f,OK,L1_POWERED,0.0007571,A 净亏最大十分位 · 优先复核,123,1,A168_HF9F_20260827_0900,2026-08-27 09:00:00
serid,2,2,5,🔴 义异且型异,ods_a168_bet02 → 服務編號 [int(11)]  ||  ods_wm_live_a168_game_info → 服务编号 []  ||  ods_a168_game_info → 服務編號 [int(11)]  ||  ods_mariadb_2b_bet01_rt → 服務編號 []  ||  ods_a168_bet01 → 服務編號 [int(11)],13436093473.3333,12101545164.6445,225932201.2126,124713543,6048562,-0.01681532,-0.01652984,-0.01689755,-0.01742716,-225932201.2126,13436093473.3333,OK,8220755.8918,9199860.2962,4.0013,95.9987,AG03-UNRESOLVED,ALL5_LEVELS_bet23_to_bet27,9199860.2962,9381979.6473,9615816.7414,9858968.4371,9338000.0461,4.001283,4.042136,4.252868,4.666985,4.496035,95.998717,95.957864,95.747132,95.333015,95.503965,4.9901,47394625.1681,43234853.3833,170316820.1526,174476591.9375,PENDING_AG03,FALSE,NOT_FOR_ENFORCEMENT,216732340.9164,11606300486.2161,217711445.3207,208511585.0246,979104.4043,0.01620348,0.01551877,9199860.2962,208511585.0246,0.01551877,9199860.2962,9381979.6473,9615816.7414,9858968.4371,9338000.0461,208511585.0246,0.01551877,47394625.1681,43234853.3833,170316820.1526,174476591.9375,0.01267607,0.01298566,0.00007287,107.7356,2000.7309,37.3530,1625411.5195,1831.5313,96662542.9736,43514.8345,113.5121,106.1793,5.1431,15.4907,52.3519,179.9898,345.407,1499.1118,12.8578,-2.2009,22.297745,96.77516,6.954874,30,300,1326575,23,0.22362557,0.01681532,0.01652984,0.00067931,0.040378,0.900674,0.077531,0.00036771,2026-03-21,2026-08-06,139,123357,4007,139,1.000000,1.069061,1.053617,0.745419,4,0.0,0.0,0.0,0.0,0.0,0.0,n_rounds>=30,137,137,PERCENT_RANK_OVER_ORDER_BY_e_stake,HF9f,OK,L1_POWERED,0.0007571,A 净亏最大十分位 · 优先复核,124,1,A168_HF9F_20260827_0900,2026-08-27 09:00:00
sort,2,2,2,🔴 义异且型异,ods_a168_bet_limit_default → 排序 [int(11)]  ||  ods_a168_tablelimit →  [int(3)],13436093473.3333,12101545164.6445,225932201.2126,124713543,6048562,-0.01681532,-0.01652984,-0.01689755,-0.01742716,-225932201.2126,13436093473.3333,OK,8220755.8918,9199860.2962,4.0013,95.9987,AG03-UNRESOLVED,ALL5_LEVELS_bet23_to_bet27,9199860.2962,9381979.6473,9615816.7414,9858968.4371,9338000.0461,4.001283,4.042136,4.252868,4.666985,4.496035,95.998717,95.957864,95.747132,95.333015,95.503965,4.9901,47394625.1681,43234853.3833,170316820.1526,174476591.9375,PENDING_AG03,FALSE,NOT_FOR_ENFORCEMENT,216732340.9164,11606300486.2161,217711445.3207,208511585.0246,979104.4043,0.01620348,0.01551877,9199860.2962,208511585.0246,0.01551877,9199860.2962,9381979.6473,9615816.7414,9858968.4371,9338000.0461,208511585.0246,0.01551877,47394625.1681,43234853.3833,170316820.1526,174476591.9375,0.01267607,0.01298566,0.00007287,107.7356,2000.7309,37.3530,1625411.5195,1831.5313,96662542.9736,43514.8345,113.5121,106.1793,5.1431,15.4907,52.3519,179.9898,345.407,1499.1118,12.8578,-2.2009,22.297745,96.77516,6.954874,30,300,1326575,23,0.22362557,0.01681532,0.01652984,0.00067931,0.040378,0.900674,0.077531,0.00036771,2026-03-21,2026-08-06,139,123357,4007,139,1.000000,1.069061,1.053617,0.745419,1,0.0,0.0,0.0,0.0,0.0,0.0,n_rounds>=30,137,137,PERCENT_RANK_OVER_ORDER_BY_e_stake,HF9f,OK,L1_POWERED,0.0007571,A 净亏最大十分位 · 优先复核,125,1,A168_HF9F_20260827_0900,2026-08-27 09:00:00
status,25,5,38,🔴 义异且型异,"ods_a168_game_type →  [int(11)]  ||  ods_a168_permissions → 是否啟用 0:禁止;1:啟用 [int(11)]  ||  ods_a168_payment_setting → 啟停用 [int(1)]  ||  ods_a168_game_callwebapi → 0:待處理 1:處理中 2:完成 [int(11)]  ||  ods_a168_RedPacketSetup → 活动状态:0:关闭,1:开启 [tinyint(1)]  ||  ods_a168_emp_login →  [int(11)]  ||  ods_a168_aggregate_transaction → 呼叫狀態 0:未處理,1:成功,2:失敗,3:回滾,4:處理中 [tinyint(1)]  ||  ods_a168_permissionsPage → 預設開關 [enum(''Y'',''N'')]  ||  ods_a168_alertMessage → 0:未處理1:已處理 [tinyint(1)]  ||  ods_a168_payment_platform → 啟停用 [int(1)]  ||  ods_a168_payment_method → 狀態 [int(1)]  ||  ods_a168_wechat_url → 0:使用,1:禁用 [tinyint(1)]  ||  ods_a168_payment_order → 0:未處理, 1:支付&加點成功, 2:支付成功;加點失敗, -1: 線上支付失敗, 999: 訂單處理中 [int(11)]  ||  ods_a168_permissionrole → 0:禁用;1啟用 [int(11)]  ||  ods_a168_partner_transation → 0:未處",13436093473.3333,12101545164.6445,225932201.2126,124713543,6048562,-0.01681532,-0.01652984,-0.01689755,-0.01742716,-225932201.2126,13436093473.3333,OK,8220755.8918,9199860.2962,4.0013,95.9987,AG03-UNRESOLVED,ALL5_LEVELS_bet23_to_bet27,9199860.2962,9381979.6473,9615816.7414,9858968.4371,9338000.0461,4.001283,4.042136,4.252868,4.666985,4.496035,95.998717,95.957864,95.747132,95.333015,95.503965,4.9901,47394625.1681,43234853.3833,170316820.1526,174476591.9375,PENDING_AG03,FALSE,NOT_FOR_ENFORCEMENT,216732340.9164,11606300486.2161,217711445.3207,208511585.0246,979104.4043,0.01620348,0.01551877,9199860.2962,208511585.0246,0.01551877,9199860.2962,9381979.6473,9615816.7414,9858968.4371,9338000.0461,208511585.0246,0.01551877,47394625.1681,43234853.3833,170316820.1526,174476591.9375,0.01267607,0.01298566,0.00007287,107.7356,2000.7309,37.3530,1625411.5195,1831.5313,96662542.9736,43514.8345,113.5121,106.1793,5.1431,15.4907,52.3519,179.9898,345.407,1499.1118,12.8578,-2.2009,22.297745,96.77516,6.954874,30,300,1326575,23,0.22362557,0.01681532,0.01652984,0.00067931,0.040378,0.900674,0.077531,0.00036771,2026-03-21,2026-08-06,139,123357,4007,139,1.000000,1.069061,1.053617,0.745419,1,0.0,0.0,0.0,0.0,0.0,0.0,n_rounds>=30,137,137,PERCENT_RANK_OVER_ORDER_BY_e_stake,HF9f,OK,L1_POWERED,0.0007571,A 净亏最大十分位 · 优先复核,126,1,A168_HF9F_20260827_0900,2026-08-27 09:00:00
sync_time,3,1,130,🟠 义异型同,ods_a168_news → 同步时间 []  ||  ods_a168_wallet_reporter → 同步时间 []  ||  ods_a168_member_click_counter → 同步时间 []  ||  ods_a168_permissionrole → 同步时间 []  ||  ods_a168_mem_login → 同步时间 []  ||  ods_a168_urllist → 同步时间 []  ||  ods_a168_symbol → 同步时间 []  ||  ods_a168_sms_setting → 同步时间 []  ||  ods_a168_aggregate_setting → 同步时间 []  ||  ods_a168_subagent_permissionrole → 同步时间 []  ||  ods_a168_RedPacketSetup → 同步时间 []  ||  ods_a168_permissionsgroup → 同步时间 []  ||  ods_a168_shuffle_gid → 同步时间 []  ||  ods_a168_dailyreport2 → 同步时间 []  ||  ods_a168_dailyreport → 同步时间 []  ||  ods_a168_control → 同步时间 []  ||  ods_a168_betchange_log → 同步时间 []  ||  ods_a168_partner_reportTime → 同步时间 []  ||  ods_a168_realtimelobby → 同步时间 []  ||  ods_a168_bet_No → 同步时间 []  ||  ods_a168_agent_dtl → 同步时间 []  ||  ods_a168_white_list → 同步时,13436093473.3333,12101545164.6445,225932201.2126,124713543,6048562,-0.01681532,-0.01652984,-0.01689755,-0.01742716,-225932201.2126,13436093473.3333,OK,8220755.8918,9199860.2962,4.0013,95.9987,AG03-UNRESOLVED,ALL5_LEVELS_bet23_to_bet27,9199860.2962,9381979.6473,9615816.7414,9858968.4371,9338000.0461,4.001283,4.042136,4.252868,4.666985,4.496035,95.998717,95.957864,95.747132,95.333015,95.503965,4.9901,47394625.1681,43234853.3833,170316820.1526,174476591.9375,PENDING_AG03,FALSE,NOT_FOR_ENFORCEMENT,216732340.9164,11606300486.2161,217711445.3207,208511585.0246,979104.4043,0.01620348,0.01551877,9199860.2962,208511585.0246,0.01551877,9199860.2962,9381979.6473,9615816.7414,9858968.4371,9338000.0461,208511585.0246,0.01551877,47394625.1681,43234853.3833,170316820.1526,174476591.9375,0.01267607,0.01298566,0.00007287,107.7356,2000.7309,37.3530,1625411.5195,1831.5313,96662542.9736,43514.8345,113.5121,106.1793,5.1431,15.4907,52.3519,179.9898,345.407,1499.1118,12.8578,-2.2009,22.297745,96.77516,6.954874,30,300,1326575,23,0.22362557,0.01681532,0.01652984,0.00067931,0.040378,0.900674,0.077531,0.00036771,2026-03-21,2026-08-06,139,123357,4007,139,1.000000,1.069061,1.053617,0.745419,3,0.0,0.0,0.0,0.0,0.0,0.0,n_rounds>=30,137,137,PERCENT_RANK_OVER_ORDER_BY_e_stake,HF9f,OK,L1_POWERED,0.0007571,A 净亏最大十分位 · 优先复核,127,1,A168_HF9F_20260827_0900,2026-08-27 09:00:00
tableid,2,3,4,🔴 义异且型异,ods_a168_shuffle_info →  [int(11)]  ||  ods_a168_tablelimit_third → wm桌號 [int(3)]  ||  ods_a168_tablelimit →  [int(3)]  ||  ods_a168_member_explosion_setting →  [int(5)],13436093473.3333,12101545164.6445,225932201.2126,124713543,6048562,-0.01681532,-0.01652984,-0.01689755,-0.01742716,-225932201.2126,13436093473.3333,OK,8220755.8918,9199860.2962,4.0013,95.9987,AG03-UNRESOLVED,ALL5_LEVELS_bet23_to_bet27,9199860.2962,9381979.6473,9615816.7414,9858968.4371,9338000.0461,4.001283,4.042136,4.252868,4.666985,4.496035,95.998717,95.957864,95.747132,95.333015,95.503965,4.9901,47394625.1681,43234853.3833,170316820.1526,174476591.9375,PENDING_AG03,FALSE,NOT_FOR_ENFORCEMENT,216732340.9164,11606300486.2161,217711445.3207,208511585.0246,979104.4043,0.01620348,0.01551877,9199860.2962,208511585.0246,0.01551877,9199860.2962,9381979.6473,9615816.7414,9858968.4371,9338000.0461,208511585.0246,0.01551877,47394625.1681,43234853.3833,170316820.1526,174476591.9375,0.01267607,0.01298566,0.00007287,107.7356,2000.7309,37.3530,1625411.5195,1831.5313,96662542.9736,43514.8345,113.5121,106.1793,5.1431,15.4907,52.3519,179.9898,345.407,1499.1118,12.8578,-2.2009,22.297745,96.77516,6.954874,30,300,1326575,23,0.22362557,0.01681532,0.01652984,0.00067931,0.040378,0.900674,0.077531,0.00036771,2026-03-21,2026-08-06,139,123357,4007,139,1.000000,1.069061,1.053617,0.745419,1,0.0,0.0,0.0,0.0,0.0,0.0,n_rounds>=30,137,137,PERCENT_RANK_OVER_ORDER_BY_e_stake,HF9f,OK,L1_POWERED,0.0007571,A 净亏最大十分位 · 优先复核,128,1,A168_HF9F_20260827_0900,2026-08-27 09:00:00
time,3,3,12,🔴 义异且型异,ods_a168_opengame_log →  [timestamp]  ||  ods_a168_dailyreport → 日期 [date]  ||  ods_a168_game_statistics →  [datetime]  ||  ods_a168_realtimelog →  [datetime]  ||  ods_a168_keyserver_command →  [timestamp]  ||  ods_a168_wallet_reporter → 紀錄時間 [datetime]  ||  ods_a168_dailyreport_member → 日期 [date]  ||  ods_a168_dailyreport2 → 日期 [date]  ||  ods_a168_alarmMessage →  [datetime]  ||  ods_a168_dailyreport_usercount → 日期 [date]  ||  ods_a168_wallet_reporter_copy → 紀錄時間 [datetime]  ||  ods_a168_dailyreport_table → 日期 [date],13436093473.3333,12101545164.6445,225932201.2126,124713543,6048562,-0.01681532,-0.01652984,-0.01689755,-0.01742716,-225932201.2126,13436093473.3333,OK,8220755.8918,9199860.2962,4.0013,95.9987,AG03-UNRESOLVED,ALL5_LEVELS_bet23_to_bet27,9199860.2962,9381979.6473,9615816.7414,9858968.4371,9338000.0461,4.001283,4.042136,4.252868,4.666985,4.496035,95.998717,95.957864,95.747132,95.333015,95.503965,4.9901,47394625.1681,43234853.3833,170316820.1526,174476591.9375,PENDING_AG03,FALSE,NOT_FOR_ENFORCEMENT,216732340.9164,11606300486.2161,217711445.3207,208511585.0246,979104.4043,0.01620348,0.01551877,9199860.2962,208511585.0246,0.01551877,9199860.2962,9381979.6473,9615816.7414,9858968.4371,9338000.0461,208511585.0246,0.01551877,47394625.1681,43234853.3833,170316820.1526,174476591.9375,0.01267607,0.01298566,0.00007287,107.7356,2000.7309,37.3530,1625411.5195,1831.5313,96662542.9736,43514.8345,113.5121,106.1793,5.1431,15.4907,52.3519,179.9898,345.407,1499.1118,12.8578,-2.2009,22.297745,96.77516,6.954874,30,300,1326575,23,0.22362557,0.01681532,0.01652984,0.00067931,0.040378,0.900674,0.077531,0.00036771,2026-03-21,2026-08-06,139,123357,4007,139,1.000000,1.069061,1.053617,0.745419,5,0.0,0.0,0.0,0.0,0.0,0.0,n_rounds>=30,137,137,PERCENT_RANK_OVER_ORDER_BY_e_stake,HF9f,OK,L1_POWERED,0.0007571,A 净亏最大十分位 · 优先复核,129,1,A168_HF9F_20260827_0900,2026-08-27 09:00:00
type,14,9,20,🔴 义异且型异,"ods_a168_partner_reportTime → 1: 一般報表 [int(2)]  ||  ods_a168_payment_method → 支付類型 [varchar(20)]  ||  ods_a168_aggregate_transaction → 0:电子游戏结算 1:加点 2:扣点 3:重对加点 4:重对扣点 5:重新派彩 [tinyint(1)]  ||  ods_a168_wallet_feedbackerr → 1:加點2:扣點 [int(1)]  ||  ods_a168_partner_setting → 資料類型 [varchar(20)]  ||  ods_a168_agent_bak20250610 →  [int(11)]  ||  ods_a168_payment_type →  [varchar(10)]  ||  ods_a168_payment_platform → 類型 1:存 2:提 [int(1)]  ||  ods_a168_agent →  [int(11)]  ||  ods_a168_partner_transation → 1:加點 2:扣點 3:重對加點 4:重對扣點 5:重新派彩  6: 和局 0: 無任何動作 [tinyint(1)]  ||  ods_a168_employee → 1:帳房人員;2:接線員;3:荷官 [int(11)]  ||  ods_a168_agents_LoginPass → c:一般,w:單一 [enum(''c'',''w'')]  ||  ods_a168_wallet_dtl → 0:取餘額 1:加點 2:扣點 [tinyint(1)]  ||  ods_a168_agent_test →  [int(11)]  ||  ods_a168_member → 0:現金;1:信用;2:電投 [i",13436093473.3333,12101545164.6445,225932201.2126,124713543,6048562,-0.01681532,-0.01652984,-0.01689755,-0.01742716,-225932201.2126,13436093473.3333,OK,8220755.8918,9199860.2962,4.0013,95.9987,AG03-UNRESOLVED,ALL5_LEVELS_bet23_to_bet27,9199860.2962,9381979.6473,9615816.7414,9858968.4371,9338000.0461,4.001283,4.042136,4.252868,4.666985,4.496035,95.998717,95.957864,95.747132,95.333015,95.503965,4.9901,47394625.1681,43234853.3833,170316820.1526,174476591.9375,PENDING_AG03,FALSE,NOT_FOR_ENFORCEMENT,216732340.9164,11606300486.2161,217711445.3207,208511585.0246,979104.4043,0.01620348,0.01551877,9199860.2962,208511585.0246,0.01551877,9199860.2962,9381979.6473,9615816.7414,9858968.4371,9338000.0461,208511585.0246,0.01551877,47394625.1681,43234853.3833,170316820.1526,174476591.9375,0.01267607,0.01298566,0.00007287,107.7356,2000.7309,37.3530,1625411.5195,1831.5313,96662542.9736,43514.8345,113.5121,106.1793,5.1431,15.4907,52.3519,179.9898,345.407,1499.1118,12.8578,-2.2009,22.297745,96.77516,6.954874,30,300,1326575,23,0.22362557,0.01681532,0.01652984,0.00067931,0.040378,0.900674,0.077531,0.00036771,2026-03-21,2026-08-06,139,123357,4007,139,1.000000,1.069061,1.053617,0.745419,3,0.0,0.0,0.0,0.0,0.0,0.0,n_rounds>=30,137,137,PERCENT_RANK_OVER_ORDER_BY_e_stake,HF9f,OK,L1_POWERED,0.0007571,A 净亏最大十分位 · 优先复核,130,1,A168_HF9F_20260827_0900,2026-08-27 09:00:00
uid,2,2,2,🔴 义异且型异,ods_a168_iphistory →  [varchar(20)]  ||  ods_a168_RedPacketSetup → 操作者id [int(11)],13436093473.3333,12101545164.6445,225932201.2126,124713543,6048562,-0.01681532,-0.01652984,-0.01689755,-0.01742716,-225932201.2126,13436093473.3333,OK,8220755.8918,9199860.2962,4.0013,95.9987,AG03-UNRESOLVED,ALL5_LEVELS_bet23_to_bet27,9199860.2962,9381979.6473,9615816.7414,9858968.4371,9338000.0461,4.001283,4.042136,4.252868,4.666985,4.496035,95.998717,95.957864,95.747132,95.333015,95.503965,4.9901,47394625.1681,43234853.3833,170316820.1526,174476591.9375,PENDING_AG03,FALSE,NOT_FOR_ENFORCEMENT,216732340.9164,11606300486.2161,217711445.3207,208511585.0246,979104.4043,0.01620348,0.01551877,9199860.2962,208511585.0246,0.01551877,9199860.2962,9381979.6473,9615816.7414,9858968.4371,9338000.0461,208511585.0246,0.01551877,47394625.1681,43234853.3833,170316820.1526,174476591.9375,0.01267607,0.01298566,0.00007287,107.7356,2000.7309,37.3530,1625411.5195,1831.5313,96662542.9736,43514.8345,113.5121,106.1793,5.1431,15.4907,52.3519,179.9898,345.407,1499.1118,12.8578,-2.2009,22.297745,96.77516,6.954874,30,300,1326575,23,0.22362557,0.01681532,0.01652984,0.00067931,0.040378,0.900674,0.077531,0.00036771,2026-03-21,2026-08-06,139,123357,4007,139,1.000000,1.069061,1.053617,0.745419,2,0.0,0.0,0.0,0.0,0.0,0.0,n_rounds>=30,137,137,PERCENT_RANK_OVER_ORDER_BY_e_stake,HF9f,OK,L1_POWERED,0.0007571,A 净亏最大十分位 · 优先复核,131,1,A168_HF9F_20260827_0900,2026-08-27 09:00:00
update_at,2,1,6,🟠 义异型同,ods_a168_aggregate_transaction → 更新時間 [datetime]  ||  ods_a168_aggregate_token →  [datetime]  ||  ods_a168_wallet_reporter_copy → 更新時間 [datetime]  ||  ods_a168_partner_setting →  [datetime]  ||  ods_a168_wallet_reporter → 更新時間 [datetime]  ||  ods_a168_tablelimit_third → 更新時間 [datetime],13436093473.3333,12101545164.6445,225932201.2126,124713543,6048562,-0.01681532,-0.01652984,-0.01689755,-0.01742716,-225932201.2126,13436093473.3333,OK,8220755.8918,9199860.2962,4.0013,95.9987,AG03-UNRESOLVED,ALL5_LEVELS_bet23_to_bet27,9199860.2962,9381979.6473,9615816.7414,9858968.4371,9338000.0461,4.001283,4.042136,4.252868,4.666985,4.496035,95.998717,95.957864,95.747132,95.333015,95.503965,4.9901,47394625.1681,43234853.3833,170316820.1526,174476591.9375,PENDING_AG03,FALSE,NOT_FOR_ENFORCEMENT,216732340.9164,11606300486.2161,217711445.3207,208511585.0246,979104.4043,0.01620348,0.01551877,9199860.2962,208511585.0246,0.01551877,9199860.2962,9381979.6473,9615816.7414,9858968.4371,9338000.0461,208511585.0246,0.01551877,47394625.1681,43234853.3833,170316820.1526,174476591.9375,0.01267607,0.01298566,0.00007287,107.7356,2000.7309,37.3530,1625411.5195,1831.5313,96662542.9736,43514.8345,113.5121,106.1793,5.1431,15.4907,52.3519,179.9898,345.407,1499.1118,12.8578,-2.2009,22.297745,96.77516,6.954874,30,300,1326575,23,0.22362557,0.01681532,0.01652984,0.00067931,0.040378,0.900674,0.077531,0.00036771,2026-03-21,2026-08-06,139,123357,4007,139,1.000000,1.069061,1.053617,0.745419,1,0.0,0.0,0.0,0.0,0.0,0.0,n_rounds>=30,137,137,PERCENT_RANK_OVER_ORDER_BY_e_stake,HF9f,OK,L1_POWERED,0.0007571,A 净亏最大十分位 · 优先复核,132,1,A168_HF9F_20260827_0900,2026-08-27 09:00:00
update_time,2,1,2,🟠 义异型同,ods_a168_RedPacketSetup → 操作時間 [datetime]  ||  ods_a168_white_list →  [datetime],13436093473.3333,12101545164.6445,225932201.2126,124713543,6048562,-0.01681532,-0.01652984,-0.01689755,-0.01742716,-225932201.2126,13436093473.3333,OK,8220755.8918,9199860.2962,4.0013,95.9987,AG03-UNRESOLVED,ALL5_LEVELS_bet23_to_bet27,9199860.2962,9381979.6473,9615816.7414,9858968.4371,9338000.0461,4.001283,4.042136,4.252868,4.666985,4.496035,95.998717,95.957864,95.747132,95.333015,95.503965,4.9901,47394625.1681,43234853.3833,170316820.1526,174476591.9375,PENDING_AG03,FALSE,NOT_FOR_ENFORCEMENT,216732340.9164,11606300486.2161,217711445.3207,208511585.0246,979104.4043,0.01620348,0.01551877,9199860.2962,208511585.0246,0.01551877,9199860.2962,9381979.6473,9615816.7414,9858968.4371,9338000.0461,208511585.0246,0.01551877,47394625.1681,43234853.3833,170316820.1526,174476591.9375,0.01267607,0.01298566,0.00007287,107.7356,2000.7309,37.3530,1625411.5195,1831.5313,96662542.9736,43514.8345,113.5121,106.1793,5.1431,15.4907,52.3519,179.9898,345.407,1499.1118,12.8578,-2.2009,22.297745,96.77516,6.954874,30,300,1326575,23,0.22362557,0.01681532,0.01652984,0.00067931,0.040378,0.900674,0.077531,0.00036771,2026-03-21,2026-08-06,139,123357,4007,139,1.000000,1.069061,1.053617,0.745419,4,0.0,0.0,0.0,0.0,0.0,0.0,n_rounds>=30,137,137,PERCENT_RANK_OVER_ORDER_BY_e_stake,HF9f,OK,L1_POWERED,0.0007571,A 净亏最大十分位 · 优先复核,133,1,A168_HF9F_20260827_0900,2026-08-27 09:00:00
updatetime,4,3,6,🔴 义异且型异,ods_mariadb_2b_bet01_rt → 源端更新時間 []  ||  ods_a168_conversion →  [datetime]  ||  ods_a168_category → 最後操作時間 [timestamp]  ||  ods_a168_game_callwebapi →  [datetime]  ||  ods_a168_bet01 → 更新時間 [datetime]  ||  ods_a168_bet02 → 更新時間 [datetime],13436093473.3333,12101545164.6445,225932201.2126,124713543,6048562,-0.01681532,-0.01652984,-0.01689755,-0.01742716,-225932201.2126,13436093473.3333,OK,8220755.8918,9199860.2962,4.0013,95.9987,AG03-UNRESOLVED,ALL5_LEVELS_bet23_to_bet27,9199860.2962,9381979.6473,9615816.7414,9858968.4371,9338000.0461,4.001283,4.042136,4.252868,4.666985,4.496035,95.998717,95.957864,95.747132,95.333015,95.503965,4.9901,47394625.1681,43234853.3833,170316820.1526,174476591.9375,PENDING_AG03,FALSE,NOT_FOR_ENFORCEMENT,216732340.9164,11606300486.2161,217711445.3207,208511585.0246,979104.4043,0.01620348,0.01551877,9199860.2962,208511585.0246,0.01551877,9199860.2962,9381979.6473,9615816.7414,9858968.4371,9338000.0461,208511585.0246,0.01551877,47394625.1681,43234853.3833,170316820.1526,174476591.9375,0.01267607,0.01298566,0.00007287,107.7356,2000.7309,37.3530,1625411.5195,1831.5313,96662542.9736,43514.8345,113.5121,106.1793,5.1431,15.4907,52.3519,179.9898,345.407,1499.1118,12.8578,-2.2009,22.297745,96.77516,6.954874,30,300,1326575,23,0.22362557,0.01681532,0.01652984,0.00067931,0.040378,0.900674,0.077531,0.00036771,2026-03-21,2026-08-06,139,123357,4007,139,1.000000,1.069061,1.053617,0.745419,4,0.0,0.0,0.0,0.0,0.0,0.0,n_rounds>=30,137,137,PERCENT_RANK_OVER_ORDER_BY_e_stake,HF9f,OK,L1_POWERED,0.0007571,A 净亏最大十分位 · 优先复核,134,1,A168_HF9F_20260827_0900,2026-08-27 09:00:00
url,7,4,7,🔴 义异且型异,ods_a168_permissions → 程式連結 [varchar(50)]  ||  ods_a168_agents_LoginPass → 單一錢包回傳網址 [varchar(255)]  ||  ods_a168_payment_platform → API網址 [varchar(200)]  ||  ods_a168_game_callwebapi → 網址 [text]  ||  ods_a168_apiurl → 网址 [varchar(50)]  ||  ods_a168_member_url → 指定網址 [varchar(255)]  ||  ods_a168_wechat_url →  [varchar(255)],13436093473.3333,12101545164.6445,225932201.2126,124713543,6048562,-0.01681532,-0.01652984,-0.01689755,-0.01742716,-225932201.2126,13436093473.3333,OK,8220755.8918,9199860.2962,4.0013,95.9987,AG03-UNRESOLVED,ALL5_LEVELS_bet23_to_bet27,9199860.2962,9381979.6473,9615816.7414,9858968.4371,9338000.0461,4.001283,4.042136,4.252868,4.666985,4.496035,95.998717,95.957864,95.747132,95.333015,95.503965,4.9901,47394625.1681,43234853.3833,170316820.1526,174476591.9375,PENDING_AG03,FALSE,NOT_FOR_ENFORCEMENT,216732340.9164,11606300486.2161,217711445.3207,208511585.0246,979104.4043,0.01620348,0.01551877,9199860.2962,208511585.0246,0.01551877,9199860.2962,9381979.6473,9615816.7414,9858968.4371,9338000.0461,208511585.0246,0.01551877,47394625.1681,43234853.3833,170316820.1526,174476591.9375,0.01267607,0.01298566,0.00007287,107.7356,2000.7309,37.3530,1625411.5195,1831.5313,96662542.9736,43514.8345,113.5121,106.1793,5.1431,15.4907,52.3519,179.9898,345.407,1499.1118,12.8578,-2.2009,22.297745,96.77516,6.954874,30,300,1326575,23,0.22362557,0.01681532,0.01652984,0.00067931,0.040378,0.900674,0.077531,0.00036771,2026-03-21,2026-08-06,139,123357,4007,139,1.000000,1.069061,1.053617,0.745419,1,0.0,0.0,0.0,0.0,0.0,0.0,n_rounds>=30,137,137,PERCENT_RANK_OVER_ORDER_BY_e_stake,HF9f,OK,L1_POWERED,0.0007571,A 净亏最大十分位 · 优先复核,135,1,A168_HF9F_20260827_0900,2026-08-27 09:00:00
username,2,2,2,🔴 义异且型异,ods_a168_member_partner_account → 第三方遊戲帳號 [varchar(30)]  ||  ods_a168_sms_setting → 帳號 [varchar(20)],13436093473.3333,12101545164.6445,225932201.2126,124713543,6048562,-0.01681532,-0.01652984,-0.01689755,-0.01742716,-225932201.2126,13436093473.3333,OK,8220755.8918,9199860.2962,4.0013,95.9987,AG03-UNRESOLVED,ALL5_LEVELS_bet23_to_bet27,9199860.2962,9381979.6473,9615816.7414,9858968.4371,9338000.0461,4.001283,4.042136,4.252868,4.666985,4.496035,95.998717,95.957864,95.747132,95.333015,95.503965,4.9901,47394625.1681,43234853.3833,170316820.1526,174476591.9375,PENDING_AG03,FALSE,NOT_FOR_ENFORCEMENT,216732340.9164,11606300486.2161,217711445.3207,208511585.0246,979104.4043,0.01620348,0.01551877,9199860.2962,208511585.0246,0.01551877,9199860.2962,9381979.6473,9615816.7414,9858968.4371,9338000.0461,208511585.0246,0.01551877,47394625.1681,43234853.3833,170316820.1526,174476591.9375,0.01267607,0.01298566,0.00007287,107.7356,2000.7309,37.3530,1625411.5195,1831.5313,96662542.9736,43514.8345,113.5121,106.1793,5.1431,15.4907,52.3519,179.9898,345.407,1499.1118,12.8578,-2.2009,22.297745,96.77516,6.954874,30,300,1326575,23,0.22362557,0.01681532,0.01652984,0.00067931,0.040378,0.900674,0.077531,0.00036771,2026-03-21,2026-08-06,139,123357,4007,139,1.000000,1.069061,1.053617,0.745419,4,0.0,0.0,0.0,0.0,0.0,0.0,n_rounds>=30,137,137,PERCENT_RANK_OVER_ORDER_BY_e_stake,HF9f,OK,L1_POWERED,0.0007571,A 净亏最大十分位 · 优先复核,136,1,A168_HF9F_20260827_0900,2026-08-27 09:00:00
utp,2,2,2,🔴 义异且型异,ods_a168_change_log → 操作者utp [varchar(1)]  ||  ods_a168_RedPacketSetup → 操作者類型 [char(1)],13436093473.3333,12101545164.6445,225932201.2126,124713543,6048562,-0.01681532,-0.01652984,-0.01689755,-0.01742716,-225932201.2126,13436093473.3333,OK,8220755.8918,9199860.2962,4.0013,95.9987,AG03-UNRESOLVED,ALL5_LEVELS_bet23_to_bet27,9199860.2962,9381979.6473,9615816.7414,9858968.4371,9338000.0461,4.001283,4.042136,4.252868,4.666985,4.496035,95.998717,95.957864,95.747132,95.333015,95.503965,4.9901,47394625.1681,43234853.3833,170316820.1526,174476591.9375,PENDING_AG03,FALSE,NOT_FOR_ENFORCEMENT,216732340.9164,11606300486.2161,217711445.3207,208511585.0246,979104.4043,0.01620348,0.01551877,9199860.2962,208511585.0246,0.01551877,9199860.2962,9381979.6473,9615816.7414,9858968.4371,9338000.0461,208511585.0246,0.01551877,47394625.1681,43234853.3833,170316820.1526,174476591.9375,0.01267607,0.01298566,0.00007287,107.7356,2000.7309,37.3530,1625411.5195,1831.5313,96662542.9736,43514.8345,113.5121,106.1793,5.1431,15.4907,52.3519,179.9898,345.407,1499.1118,12.8578,-2.2009,22.297745,96.77516,6.954874,30,300,1326575,23,0.22362557,0.01681532,0.01652984,0.00067931,0.040378,0.900674,0.077531,0.00036771,2026-03-21,2026-08-06,139,123357,4007,139,1.000000,1.069061,1.053617,0.745419,1,0.0,0.0,0.0,0.0,0.0,0.0,n_rounds>=30,137,137,PERCENT_RANK_OVER_ORDER_BY_e_stake,HF9f,OK,L1_POWERED,0.0007571,A 净亏最大十分位 · 优先复核,137,1,A168_HF9F_20260827_0900,2026-08-27 09:00:00
