"uid1","uid2","n_same_orders","rounds_1","rounds_2","same_rate","jaccard","lift","exp_same","n_tables","first_day","last_day",".sr",".so","相对倍数"
142970680,148506373,660,1054,911,0.7244786,0.5057471,747.3126467,0.8831645,20,2026-05-01,2026-08-06,0.7244786,660,33.7007545098477
142054117,142972235,733,1071,1046,0.7007648,0.5296243,690.0280219,1.0622757,18,2026-03-28,2026-08-06,0.7007648,733,32.5976536697461
143526337,149976880,277,1246,471,0.5881104,0.1923611,617.0172007,0.448934,18,2026-06-08,2026-08-04,0.5881104,277,27.357280415306
143571573,148364001,457,1138,954,0.4790356,0.2795107,534.7425887,0.8546168,19,2026-04-17,2026-08-06,0.4790356,457,22.2834203205969
142970680,144500865,210,1054,497,0.4225352,0.1565996,488.3753867,0.4299971,14,2026-03-25,2026-05-12,0.4225352,210,19.6551769051141
50464138,60129558,211,450,1262,0.4688889,0.140573,417.0417902,0.5059445,26,2026-03-26,2026-07-03,0.4688889,211,21.8114237070529
141709041,60129558,582,2094,1262,0.4611727,0.2098053,360.710965,1.6134802,30,2026-03-22,2026-07-15,0.4611727,582,21.4524872775312
141709041,147643602,586,2094,1074,0.5456238,0.2269558,289.0957903,2.0270098,28,2026-03-22,2026-07-15,0.5456238,586,25.3809204834073
148416769,148416818,361,703,1347,0.5135135,0.2137359,258.0862866,1.398757,27,2026-04-09,2026-06-07,0.5135135,361,23.8872375263985
148416769,149309398,170,703,409,0.4156479,0.1804671,256.6049743,0.6624969,26,2026-04-29,2026-06-09,0.4156479,170,19.3347986268107
141877964,59822056,361,365,439,0.9890411,0.8148984,231.5851032,1.5588222,4,2026-03-22,2026-05-22,0.9890411,361,46.0074753225972
126516033,148239860,270,300,331,0.9,0.7479224,223.9881894,1.2054207,10,2026-04-05,2026-06-07,0.9,270,41.8655279243071
78795288,78795292,1736,2275,1985,0.8745592,0.6877971,217.7794217,7.9713684,22,2026-03-22,2026-08-06,0.8745592,1736,40.6820917878441
78795288,78795291,1285,2275,1547,0.8306399,0.5065037,214.1071163,6.0016688,22,2026-03-28,2026-08-06,0.8306399,1285,38.6390865872152
78795291,78795292,1268,1547,1985,0.8196509,0.5600707,212.3536786,5.9711704,22,2026-03-29,2026-08-06,0.8196509,1268,38.1279084912594
148239860,148571655,259,331,402,0.7824773,0.5464135,212.2050861,1.2205174,10,2026-04-19,2026-07-05,0.7824773,259,36.3986947258738
151870284,151870287,307,312,349,0.9839744,0.8672316,211.5352151,1.451295,12,2026-06-21,2026-07-14,0.9839744,307,45.7717863555593
147401563,147449329,263,550,588,0.4781818,0.3005714,210.5492373,1.249114,29,2026-03-21,2026-04-08,0.4781818,263,22.2437038897727
126516033,148571655,214,300,402,0.7133333,0.4385246,194.5499469,1.0999746,10,2026-04-19,2026-06-07,0.7133333,214,33.1823057672091
148905773,148905924,564,963,700,0.8057143,0.5131938,194.1457684,2.9050337,11,2026-04-20,2026-05-12,0.8057143,564,37.4796161396262
141610000,148891554,325,6777,576,0.5642361,0.0462436,193.2877757,1.6814307,29,2026-04-24,2026-04-28,0.5642361,325,26.2467135560579
78791553,78795288,1896,2764,2275,0.8334066,0.6032453,188.8912969,10.0375191,22,2026-03-22,2026-08-06,0.8334066,1896,38.7677858717798
110155029,111648386,203,357,520,0.5686275,0.3011869,186.4349559,1.0888516,4,2026-03-23,2026-08-06,0.5686275,203,26.4509894219766
78791553,78795292,1727,2764,1985,0.8700252,0.5714758,184.2674008,9.3722492,22,2026-03-22,2026-08-06,0.8700252,1727,40.4711825616121
126813269,128113514,327,329,328,0.9969512,0.9909091,184.115868,1.7760555,19,2026-03-21,2026-05-09,0.9969512,327,46.3754314475239
78791553,78795291,1285,2764,1547,0.8306399,0.424653,183.7560194,6.9929682,22,2026-03-28,2026-08-06,0.8306399,1285,38.6390865872152
116868944,144227719,394,568,813,0.693662,0.3991895,179.6815468,2.1927683,29,2026-05-11,2026-06-29,0.693662,394,32.2672509233675
142025491,67384754,210,420,1128,0.5,0.1569507,179.4005919,1.1705647,8,2026-03-22,2026-08-06,0.5,210,23.2586266246151
142059488,142061951,169,394,1040,0.428934,0.1335968,167.9317859,1.006361,7,2026-03-24,2026-07-09,0.428934,169,19.9528315052053
135210831,136295881,869,1835,1800,0.4827778,0.3141721,155.2334076,5.5980218,28,2026-03-22,2026-06-11,0.4827778,869,22.4574971857062
148989734,149038119,425,462,451,0.9423503,0.8709016,150.7957563,2.8183817,13,2026-04-23,2026-05-07,0.9423503,425,43.835547554588
142825390,67384754,286,767,1128,0.3728814,0.1777502,150.0161739,1.9064611,9,2026-03-22,2026-08-06,0.3728814,286,17.3454185157275
142059493,142061951,244,399,1040,0.6115288,0.2041841,147.690335,1.6521054,8,2026-03-25,2026-08-05,0.6115288,244,28.4466400587978
142065336,67384754,279,717,1128,0.3891213,0.1781609,146.7400283,1.9013217,6,2026-04-05,2026-08-06,0.3891213,279,18.1008540567697
136201768,136295881,503,1098,1800,0.4581056,0.2100209,145.9453565,3.4464954,26,2026-04-06,2026-06-04,0.4581056,503,21.3098142100905
142197172,67384754,181,490,1128,0.3693878,0.1259569,141.993181,1.2747091,5,2026-03-30,2026-08-04,0.3693878,181,17.182905839776
135210831,135331469,498,1835,992,0.5020161,0.2138257,141.7191858,3.5139914,25,2026-03-23,2026-06-10,0.5020161,498,23.3524100588908
148552125,92997434,254,307,474,0.8273616,0.4819734,140.260997,1.8109097,14,2026-04-12,2026-07-05,0.8273616,254,38.4865890758882
147678066,148105311,305,317,336,0.9621451,0.8764368,138.2449545,2.2062288,6,2026-04-03,2026-04-12,0.9621451,305,44.7563472792059
150822326,150974922,170,413,310,0.5483871,0.3074141,137.2994237,1.2381698,20,2026-06-05,2026-06-12,0.5483871,170,25.5094616093109
143663638,152511511,324,442,324,1,0.7330317,132.2449088,2.4499998,16,2026-07-03,2026-07-17,1,324,46.5172532492301
151624019,151836432,541,834,543,0.9963168,0.6471292,132.0202146,4.0978573,29,2026-06-21,2026-06-23,0.9963168,541,46.3459209020626
123363956,140580011,1185,12888,1958,0.6052094,0.0867433,129.1057789,9.1785202,29,2026-04-18,2026-06-16,0.6052094,1185,28.1526789286146
148556037,87392257,215,736,301,0.7142857,0.2615572,127.8389538,1.6818035,10,2026-04-19,2026-07-05,0.7142857,215,33.2266087992036
151679171,151679173,694,1059,709,0.9788434,0.6461825,125.3083642,5.5383374,29,2026-06-17,2026-06-21,0.9788434,694,45.5331063291375
140102937,147981022,382,608,922,0.6282895,0.3327526,123.6460355,3.0894642,10,2026-04-05,2026-07-10,0.6282895,382,29.2263017853322
107423035,142243135,199,964,535,0.3719626,0.1530769,122.3180913,1.6269057,8,2026-03-26,2026-08-06,0.3719626,199,17.3026784634421
106038738,148552125,207,698,307,0.6742671,0.2593985,122.0671956,1.6957873,12,2026-04-12,2026-06-14,0.6742671,207,31.365053448324
140102937,148516965,393,608,871,0.6463816,0.3618785,120.0889245,3.2725749,11,2026-04-12,2026-08-03,0.6463816,393,30.0678965828426
149021137,149060404,218,325,768,0.6707692,0.2491429,119.6296836,1.8222902,15,2026-04-23,2026-05-01,0.6707692,218,31.2023407481835
152841456,152843071,220,416,402,0.5472637,0.367893,116.9524488,1.8811064,27,2026-07-10,2026-07-11,0.5472637,220,25.4572041270107
124908239,145028952,551,5235,1146,0.4808028,0.0945111,116.0120872,4.7495051,26,2026-04-21,2026-05-10,0.4808028,551,22.3656256105389
107423035,142197172,182,964,490,0.3714286,0.1430818,115.1083068,1.5811196,8,2026-03-22,2026-07-23,0.3714286,182,17.277838250207
140102937,143467913,177,608,300,0.59,0.2421341,113.9301786,1.5535831,10,2026-03-21,2026-07-14,0.59,177,27.4451794170458
123363956,136690725,195,12888,330,0.5909091,0.0149735,113.2672155,1.7215926,30,2026-03-22,2026-04-12,0.5909091,195,27.4874682519747
147981022,148516965,612,922,871,0.7026406,0.5182049,113.2260349,5.4051173,13,2026-04-11,2026-07-10,0.7026406,612,32.684910733391
141873121,149216885,242,662,729,0.3655589,0.2106179,109.1848556,2.2164246,15,2026-04-27,2026-06-10,0.3655589,242,17.00479592881
151735094,151896473,286,1481,412,0.6941748,0.1779714,108.4159389,2.6379885,27,2026-06-22,2026-06-28,0.6941748,286,32.2911049708337
146376198,148516965,353,423,871,0.8345154,0.3751328,108.3166373,3.2589638,12,2026-04-11,2026-06-23,0.8345154,353,38.8193642021826
122846385,136033783,301,465,1825,0.6473118,0.1513323,104.8373887,2.8711131,9,2026-03-22,2026-06-19,0.6473118,301,30.111166931815
144695251,149933001,221,535,342,0.6461988,0.3368902,104.7902616,2.1089746,29,2026-05-12,2026-05-12,0.6461988,221,30.0593932289486
149060404,149513709,296,768,442,0.6696833,0.3238512,102.051483,2.9004968,12,2026-05-03,2026-05-05,0.6696833,296,31.1518276628802
146376198,147981022,392,423,922,0.9267139,0.4113326,100.1821833,3.9128714,12,2026-03-30,2026-06-23,0.9267139,392,43.1081851758817
153108031,153428335,186,5718,367,0.506812,0.0315308,98.0747918,1.8965118,25,2026-07-24,2026-07-24,0.506812,186,23.5755021537488
123363956,145028952,486,12888,1146,0.4240838,0.0358725,96.1068081,5.0568738,27,2026-04-21,2026-05-26,0.4240838,486,19.7272135234959
151624019,151644594,544,834,1494,0.6522782,0.3049327,95.6355066,5.6882639,28,2026-06-19,2026-06-23,0.6522782,544,30.342190218352
142751124,142751138,345,1024,345,1,0.3369141,95.583012,3.609428,7,2026-04-26,2026-05-13,1,345,46.5172532492301
134570649,134634730,1261,1279,1274,0.9897959,0.9760062,95.531026,13.1999001,11,2026-03-25,2026-06-19,0.9897959,1261,46.0425865453497
137001455,99076666,293,484,667,0.6053719,0.3414918,95.3620209,3.072502,9,2026-03-24,2026-05-30,0.6053719,293,28.1602379822676
149531262,149835432,861,1183,1034,0.8326886,0.6349558,94.7212465,9.0898297,23,2026-06-22,2026-06-28,0.8326886,861,38.7343864839469
152736496,153588834,218,2584,337,0.6468843,0.0806511,94.6613927,2.3029452,28,2026-07-29,2026-07-29,0.6468843,218,30.091280806051
147136480,149236547,235,3976,350,0.6714286,0.0574432,94.4944631,2.4869182,20,2026-04-27,2026-04-29,0.6714286,235,31.233014224976
108907557,133499546,298,595,1169,0.5008403,0.2032742,94.1149778,3.1663398,28,2026-03-30,2026-04-21,0.5008403,298,23.2977150725204
143467913,147981022,226,300,922,0.7533333,0.2269076,94.0396465,2.4032417,11,2026-03-30,2026-07-08,0.7533333,226,35.0429958971783
152795819,152973313,205,575,321,0.6386293,0.2966715,93.8259847,2.1848958,29,2026-07-13,2026-07-14,0.6386293,205,29.7072808804786
153357685,153360094,280,363,370,0.7713499,0.6181015,89.696706,3.1216308,26,2026-07-23,2026-07-23,0.7713499,280,35.8810786420683
153132850,153132851,192,303,310,0.6336634,0.456057,89.2082752,2.1522667,24,2026-07-17,2026-07-17,0.6336634,192,29.4762808525682
149617555,149698577,239,379,378,0.6322751,0.46139,89.0549725,2.6837356,19,2026-05-09,2026-05-10,0.6322751,239,29.4117009498823
106038738,92997434,208,698,474,0.4388186,0.2157676,88.7682816,2.3431793,12,2026-04-12,2026-06-14,0.4388186,208,20.4126359466726
149020220,150921525,515,1925,589,0.8743633,0.2576288,88.5118464,5.8184302,7,2026-06-02,2026-06-23,0.8743633,515,40.6729790579326
149492715,149847884,366,550,583,0.6654545,0.4771838,86.8281176,4.2152244,20,2026-06-25,2026-06-28,0.6654545,366,30.9551155023398
134594656,150830969,221,2272,512,0.4316406,0.0862271,86.4459143,2.5565118,28,2026-07-13,2026-07-14,0.4316406,221,20.0787351028496
151644594,151836432,312,1494,543,0.5745856,0.1808696,86.3516797,3.6131318,27,2026-06-21,2026-06-23,0.5745856,312,26.7281438685608
152659043,152669980,292,617,1662,0.4732577,0.1469552,86.1873879,3.3879667,29,2026-07-07,2026-07-14,0.4732577,292,22.0146482830482
140580011,145302805,935,1958,10890,0.4775281,0.0784857,85.3927812,10.9494033,29,2026-04-25,2026-06-16,0.4775281,935,22.2132955613237
151679171,151735094,509,1059,1481,0.4806421,0.2506155,85.3751783,5.9619202,28,2026-06-19,2026-06-21,0.4806421,509,22.3581502879418
149514020,149841438,969,1192,1167,0.8303342,0.6971223,85.2631092,11.3648213,23,2026-06-23,2026-06-28,0.8303342,969,38.6248662628969
148738271,153822880,223,12481,357,0.6246499,0.0176774,84.4383013,2.6409816,17,2026-08-04,2026-08-04,0.6246499,223,29.0569975904063
124908239,140624031,2515,5235,6948,0.4804202,0.2601365,83.198269,30.2289943,30,2026-03-22,2026-04-11,0.4804202,2515,22.3478281094458
142751137,142751138,199,441,345,0.5768116,0.3390119,83.030983,2.3966957,5,2026-04-26,2026-05-12,0.5768116,199,26.8316912742936
51576226,51576495,2327,7291,4415,0.5270668,0.2481075,81.8045454,28.4458521,29,2026-03-30,2026-08-05,0.5270668,2327,24.5176998148613
149020219,149020220,695,761,1925,0.913272,0.3490708,81.6337308,8.5136376,12,2026-04-22,2026-05-07,0.913272,695,42.4829049094309
142751124,142751137,441,1024,441,1,0.4306641,81.4918576,5.4115836,7,2026-03-23,2026-05-23,1,441,46.5172532492301
123363956,145302805,5167,12888,10890,0.474472,0.2776315,81.2100876,63.6251007,29,2026-04-23,2026-06-16,0.474472,5167,22.0711341836687
51576226,51576515,1821,7291,4841,0.376162,0.1766075,80.354792,22.6619963,29,2026-03-30,2026-08-05,0.376162,1821,17.4980230167369
152986548,152986550,1344,1446,1425,0.9431579,0.8801572,80.2460549,16.7484869,13,2026-07-14,2026-08-06,0.9431579,1344,43.8731148883121
123363956,140624031,2502,12888,6948,0.3601036,0.1443406,79.9780774,31.2835727,30,2026-03-22,2026-04-12,0.3601036,2502,16.7510303571595
150822326,151300270,187,413,386,0.484456,0.3055556,79.3461908,2.3567609,20,2026-06-11,2026-06-14,0.484456,187,22.535562440109
141586189,144837544,2710,3835,7541,0.7066493,0.3127164,78.3648033,34.5818516,18,2026-03-21,2026-06-21,0.7066493,2710,32.8713844464912
142751124,142795975,333,1024,333,1,0.3251953,78.1574464,4.2606305,6,2026-03-23,2026-04-06,1,333,46.5172532492301
151644594,151896473,304,1494,412,0.7378641,0.1897628,77.8977688,3.9025508,28,2026-06-22,2026-06-28,0.7378641,304,34.3234112032153
150582448,150582450,168,331,375,0.5075529,0.3122677,77.5150127,2.1673221,29,2026-05-26,2026-05-26,0.5075529,168,23.6099667866812
142119360,90016701,221,1509,408,0.5416667,0.1303066,77.3057255,2.8587792,3,2026-03-25,2026-07-30,0.5416667,221,25.1968470605748
139548995,150656998,941,1238,1076,0.8745353,0.6853605,76.2203623,12.3457823,23,2026-07-05,2026-07-22,0.8745353,941,40.6809800254915
124732775,142119360,196,362,1509,0.5414365,0.1170149,76.0231779,2.5781611,3,2026-03-23,2026-07-29,0.5414365,196,25.1861387888768
151644594,151735094,629,1494,1481,0.424713,0.2681159,75.6454369,8.3151083,29,2026-06-19,2026-06-29,0.424713,629,19.7564821792403
119145005,129993438,244,757,639,0.3818466,0.2118056,75.4970677,3.2319136,9,2026-03-25,2026-08-05,0.3818466,244,17.7624549945575
153421083,153421337,217,352,385,0.6164773,0.4173077,75.017751,2.8926487,22,2026-07-24,2026-07-24,0.6164773,217,28.6768306865016
124571633,142061296,284,820,1125,0.3463415,0.1709813,74.4952716,3.8123225,3,2026-04-06,2026-08-02,0.3463415,284,16.1108552662182
153656868,153656926,170,319,320,0.5329154,0.3624733,74.3975006,2.285023,29,2026-07-30,2026-07-30,0.5329154,170,24.7897606222148
141412004,142061296,242,698,1125,0.3467049,0.1530677,73.9371444,3.2730504,3,2026-04-01,2026-08-04,0.3467049,242,16.127759636049
144297726,96252625,318,1275,625,0.5088,0.2010114,73.8096831,4.3083778,4,2026-04-01,2026-08-06,0.5088,318,23.6679784532083
126466982,142061296,183,434,1125,0.421659,0.1329942,73.6391426,2.4850914,5,2026-04-01,2026-08-04,0.421659,183,19.6144184878171
51576495,51576515,2209,4415,4841,0.5003398,0.3134667,73.5337011,30.0406476,29,2026-03-30,2026-08-05,0.5003398,2209,23.2744331872692
141230184,142119360,292,573,1509,0.5095986,0.1631285,72.7301765,4.0148397,5,2026-03-25,2026-08-05,0.5095986,292,23.7051271316531
143079177,152312664,192,315,1232,0.6095238,0.1416974,72.1007933,2.6629388,29,2026-07-01,2026-07-01,0.6095238,192,28.3533729660331
153893297,153893331,401,410,402,0.9975124,0.9756691,72.0171959,5.5681146,17,2026-08-06,2026-08-06,0.9975124,401,46.4015369300474
149689828,153520172,170,9969,340,0.5,0.0167669,71.9033115,2.3642861,28,2026-07-27,2026-07-27,0.5,170,23.2586266246151
126466982,142119360,224,434,1509,0.516129,0.1303083,71.2494617,3.1438834,5,2026-04-01,2026-08-04,0.516129,224,24.0089034022719
149634119,149723066,626,904,846,0.7399527,0.5569395,71.070052,8.8082108,19,2026-06-23,2026-06-28,0.7399527,626,34.4205671383516
141412004,142119360,360,698,1509,0.5157593,0.1949107,70.8214503,5.0832057,3,2026-03-23,2026-08-04,0.5157593,360,23.9917059737457
141584193,141588116,2619,8565,3552,0.7373311,0.2757423,69.9977855,37.4154694,16,2026-03-22,2026-06-23,0.7373311,2619,34.2986175072334
141584193,141621502,1636,8565,2546,0.6425766,0.1726649,69.693011,23.4743768,19,2026-05-08,2026-06-21,0.6425766,1636,29.8908984342293
126382184,142061296,257,740,1125,0.3472973,0.1598259,69.5517226,3.6950918,3,2026-04-06,2026-07-30,0.3472973,257,16.1553164568739
131035206,142061296,179,490,1125,0.3653061,0.1246518,69.3300751,2.5818521,5,2026-04-01,2026-08-02,0.3653061,179,16.9930363671886
141230184,142061296,233,573,1125,0.4066318,0.1590444,69.2559392,3.3643324,5,2026-04-09,2026-08-05,0.4066318,233,18.9153944197903
126382184,142119360,362,740,1509,0.4891892,0.1918389,69.1356035,5.2360865,3,2026-03-23,2026-07-30,0.4891892,362,22.7557379031883
153898045,153898076,391,400,422,0.9775,0.9071926,68.8065431,5.6825991,17,2026-08-06,2026-08-06,0.9775,391,45.4706150511225
153873125,153873129,396,405,397,0.9974811,0.9753695,68.7664144,5.7586251,17,2026-08-05,2026-08-05,0.9974811,396,46.4000809400207
153276310,153276445,186,369,317,0.5867508,0.372,68.7182488,2.7067046,28,2026-07-21,2026-07-21,0.5867508,186,27.2940355577884
124571633,142119360,395,820,1509,0.4817073,0.2042399,68.597697,5.7582108,3,2026-03-23,2026-08-02,0.4817073,395,22.4077004661029
146765429,147225523,4249,8385,8513,0.5067382,0.3359159,68.4433319,62.0805546,29,2026-03-23,2026-08-06,0.5067382,4249,23.572069180459
131035206,142119360,246,490,1509,0.5020408,0.1403309,68.1923948,3.6074404,5,2026-04-01,2026-08-02,0.5020408,246,23.3535590350461
145621723,145669607,413,938,3702,0.4402985,0.0977052,67.6011945,6.1093595,8,2026-04-11,2026-04-12,0.4402985,413,20.4814768297562
145595740,145621723,417,8241,938,0.4445629,0.0475919,67.5823508,6.17025,8,2026-04-11,2026-04-12,0.4445629,417,20.6798450045122
153896813,153896835,366,400,402,0.915,0.8394495,67.5222025,5.4204393,17,2026-08-06,2026-08-06,0.915,366,42.5632867230456
153873118,153873125,403,412,405,0.9950617,0.97343,67.4790067,5.9722278,17,2026-08-05,2026-08-05,0.9950617,403,46.2875370975095
153873118,153873129,394,412,397,0.9924433,0.9493976,67.2690089,5.8570805,17,2026-08-05,2026-08-05,0.9924433,394,46.1657363216017
153891118,153891125,419,439,423,0.9905437,0.9458239,67.0860597,6.2457089,17,2026-08-06,2026-08-06,0.9905437,419,46.0773721473294
153900811,153900854,382,414,409,0.9339853,0.8662132,67.0444769,5.6977102,17,2026-08-06,2026-08-06,0.9339853,382,43.4464307311582
148217000,149192839,385,984,2110,0.3912602,0.1421189,66.810561,5.762562,29,2026-05-02,2026-05-02,0.3912602,385,18.2003498097444
149020220,150205386,266,1925,301,0.8837209,0.1357143,66.6654938,3.9900702,5,2026-05-18,2026-05-27,0.8837209,266,41.1082689069376
144297726,88937986,470,1275,980,0.4795918,0.2633053,66.4058011,7.0776949,4,2026-03-31,2026-08-06,0.4795918,470,22.3092932168541
153872716,153872725,402,412,417,0.9757282,0.941452,65.6234208,6.1258617,17,2026-08-05,2026-08-05,0.9757282,402,45.3881957818155
153872701,153872716,410,426,412,0.9951456,0.9579439,65.51874,6.2577516,17,2026-08-05,2026-08-05,0.9951456,410,46.2914398950571
153895360,153895367,396,417,433,0.9496403,0.8722467,65.0673271,6.0860038,17,2026-08-06,2026-08-06,0.9496403,396,44.1746583307749
153854939,153855011,372,402,403,0.9253731,0.8591224,64.560857,5.7620053,17,2026-08-05,2026-08-05,0.9253731,372,43.0458148427252
153784141,153784210,369,410,396,0.9318182,0.8443936,64.1344754,5.7535358,17,2026-08-03,2026-08-03,0.9318182,369,43.3456231916418
128021311,145302805,3626,9551,10890,0.3796461,0.2156408,63.5062139,57.0967749,29,2026-04-25,2026-06-14,0.3796461,3626,17.6600937787825
148739858,153200637,247,33753,392,0.630102,0.0072866,63.4781204,3.8911045,24,2026-07-19,2026-07-19,0.630102,247,29.3106143068464
153872701,153872725,400,426,417,0.9592326,0.9029345,63.172007,6.3319185,17,2026-08-05,2026-08-05,0.9592326,400,44.6208657791175
153827061,153827085,378,394,401,0.9593909,0.9064748,63.0907066,5.9913737,17,2026-08-04,2026-08-04,0.9593909,378,44.6282294603068
149961529,153587778,187,2697,322,0.5807453,0.0660311,62.9287399,2.9716152,28,2026-07-29,2026-07-29,0.5807453,187,27.0146761934001
153854844,153854893,361,404,402,0.89801,0.811236,62.4855513,5.7773356,17,2026-08-05,2026-08-05,0.89801,361,41.7729585903412
153857834,153857866,398,424,421,0.9453682,0.8903803,62.4271344,6.3754328,17,2026-08-05,2026-08-05,0.9453682,398,43.9759319731688
147225523,152423565,880,8513,2360,0.3728814,0.0880616,61.6472081,14.2747746,24,2026-07-05,2026-08-02,0.3728814,880,17.3454185157275
153790662,153790685,410,434,429,0.955711,0.9050773,61.561959,6.659957,17,2026-08-03,2026-08-03,0.955711,410,44.457050620075
153817420,153817518,364,398,397,0.9168766,0.8445476,60.9221559,5.9748378,17,2026-08-04,2026-08-04,0.9168766,364,42.6505810004931
141584193,141588870,2185,8565,3496,0.625,0.2212434,60.7752876,35.9521129,16,2026-03-30,2026-06-23,0.625,2185,29.0732832807688
117518457,149267933,328,395,471,0.8303797,0.6096654,60.6854394,5.4049209,29,2026-04-28,2026-04-28,0.8303797,328,38.6269827979198
153889806,153889837,473,490,475,0.9957895,0.9613821,60.4173428,7.8288779,17,2026-08-06,2026-08-06,0.9957895,473,46.3213923544243
153854844,153855011,348,404,403,0.8635236,0.7581699,60.0789458,5.7923786,17,2026-08-05,2026-08-05,0.8635236,348,40.1687459878869
153884974,153885010,422,448,469,0.9419643,0.8525253,59.6362592,7.0762319,17,2026-08-06,2026-08-06,0.9419643,422,43.8175918948338
153789401,153789863,378,424,424,0.8915094,0.8042553,59.6335989,6.3387085,17,2026-08-03,2026-08-03,0.8915094,378,41.4705685338692
153852443,153852482,393,423,438,0.929078,0.8397436,59.4824725,6.6069883,17,2026-08-05,2026-08-05,0.929078,393,43.2181566142882
153857866,153857907,373,421,419,0.8902148,0.7987152,59.3447865,6.2853036,17,2026-08-05,2026-08-05,0.8902148,373,41.4103472978128
149227414,149228008,192,300,660,0.64,0.25,59.1093204,3.2482187,6,2026-04-27,2026-05-05,0.64,192,29.7710420795073
153857907,153857947,373,419,425,0.8902148,0.7919321,58.8552738,6.3375799,17,2026-08-05,2026-08-05,0.8902148,373,41.4103472978128
151599551,151735094,565,16045,1481,0.381499,0.0333117,58.7749362,9.6129411,29,2026-06-21,2026-06-28,0.381499,565,17.746285597328
148594927,149920906,708,1536,1025,0.6907317,0.3820831,58.6065712,12.0805566,15,2026-06-03,2026-08-06,0.6907317,708,32.1309414161713
146765426,152423565,882,8235,2360,0.3737288,0.0908061,58.5796079,15.056434,23,2026-07-08,2026-08-06,0.3737288,882,17.3848372361309
153852336,153852364,402,454,425,0.9458824,0.8427673,58.4466435,6.8780682,17,2026-08-05,2026-08-05,0.9458824,402,43.9998511447896
153854893,153854939,335,402,402,0.8333333,0.7142857,58.2664064,5.7494536,17,2026-08-05,2026-08-05,0.8333333,335,38.7643761571167
153360501,153360638,215,481,364,0.5906593,0.3412698,58.246303,3.6912214,24,2026-07-23,2026-07-23,0.5906593,215,27.475848242113
153380538,153381608,197,399,380,0.5184211,0.338488,58.1919324,3.385349,24,2026-07-23,2026-07-23,0.5184211,197,24.1155255984445
153854844,153854939,335,404,402,0.8333333,0.7112527,58.0412616,5.771756,17,2026-08-05,2026-08-05,0.8333333,335,38.7643761571167
153896165,153896210,387,433,459,0.8937644,0.7663366,57.8733007,6.6870214,17,2026-08-06,2026-08-06,0.8937644,387,41.5754649399462
153824787,153824845,432,453,436,0.9908257,0.9452954,57.8642367,7.4657513,17,2026-08-04,2026-08-04,0.9908257,432,46.0904900127457
136033783,148594927,593,1825,1536,0.3860677,0.2142341,57.8057108,10.258502,12,2026-04-14,2026-08-01,0.3860677,593,17.9588089722478
153357666,153359694,229,361,481,0.634349,0.3735726,57.7637464,3.9644243,26,2026-07-23,2026-07-23,0.634349,229,29.5081730813959
144466329,146689241,254,614,316,0.8037975,0.3757396,57.5623983,4.4126028,12,2026-03-30,2026-04-05,0.8037975,254,37.3904518685981
144356035,150208017,631,819,1612,0.7704518,0.3505556,57.5192526,10.9702399,26,2026-05-26,2026-08-06,0.7704518,631,35.8393014969252
153853224,153853257,463,486,466,0.9935622,0.9468303,57.4984498,8.052391,17,2026-08-05,2026-08-05,0.9935622,463,46.2177844762622
153922281,153922283,400,470,440,0.9090909,0.7843137,57.4391199,6.963895,17,2026-08-06,2026-08-06,0.9090909,400,42.2884116218706
153858294,153858358,408,451,448,0.9107143,0.8309572,56.8007037,7.1830096,17,2026-08-05,2026-08-05,0.9107143,408,42.3639277307954
153817485,153817518,380,447,397,0.9571788,0.8189655,56.6417894,6.7088276,17,2026-08-04,2026-08-04,0.9571788,380,44.5253286443942
153858328,153858358,411,456,448,0.9174107,0.8336714,56.5868692,7.2631691,17,2026-08-05,2026-08-05,0.9174107,411,42.6754258654535
153854893,153855011,326,402,403,0.8109453,0.6805846,56.5267679,5.7671792,17,2026-08-05,2026-08-05,0.8109453,326,37.7229478913729
153858294,153858328,413,451,456,0.9157428,0.8360324,56.4116398,7.3211841,17,2026-08-05,2026-08-05,0.9157428,413,42.5978397387591
153809605,153809659,458,498,461,0.9934924,0.9141717,56.0329304,8.1737649,17,2026-08-03,2026-08-03,0.9934924,458,46.2145375719855
117518457,149268057,320,395,502,0.8101266,0.5545927,55.8939878,5.7251238,29,2026-04-28,2026-04-28,0.8101266,320,37.6848642161378
150578294,150582450,200,425,375,0.5333333,0.3333333,55.6342703,3.5949065,29,2026-05-26,2026-05-26,0.5333333,200,24.8092001823476
153882321,153882342,456,619,457,0.9978118,0.7354839,55.5173049,8.2136552,17,2026-08-05,2026-08-05,0.9978118,456,46.4154641956702
153248231,153249857,180,379,354,0.5084746,0.3254973,55.4422976,3.2466187,26,2026-07-20,2026-07-20,0.5084746,180,23.652841739001
151599551,151644594,606,16045,1494,0.4056225,0.0357881,55.3956111,10.9394948,29,2026-06-21,2026-07-07,0.4056225,606,18.8684445560859
150475362,150491694,310,326,316,0.9810127,0.9337349,55.3592129,5.5997906,6,2026-05-24,2026-05-27,0.9810127,310,45.634016206611
153857834,153857907,350,424,419,0.8353222,0.7099391,55.2609489,6.3335865,17,2026-08-05,2026-08-05,0.8353222,350,38.8568943221041
146765426,147225523,3314,8235,8513,0.4024287,0.2466875,55.1651141,60.0741982,20,2026-03-23,2026-07-28,0.4024287,3314,18.7198777526585
153857866,153857947,349,421,425,0.8289786,0.7022133,54.7815142,6.3707622,17,2026-08-05,2026-08-05,0.8289786,349,38.5618074743923
153363380,153365622,172,435,336,0.5119048,0.2871452,54.7126955,3.1436945,27,2026-07-23,2026-07-23,0.5119048,172,23.8124052210965
153817420,153817485,360,398,447,0.9045226,0.742268,53.5480603,6.7229326,17,2026-08-04,2026-08-04,0.9045226,360,42.0759068538521
153853930,153853980,419,530,445,0.941573,0.7535971,53.1935564,7.8768939,17,2026-08-05,2026-08-05,0.941573,419,43.7993896936374
153886589,153886822,372,476,450,0.8266667,0.6714801,52.6660913,7.0633683,17,2026-08-06,2026-08-06,0.8266667,372,38.4542642366054
148128289,148128439,223,1587,305,0.7311475,0.1336129,52.4998844,4.2476284,27,2026-04-02,2026-04-02,0.7311475,223,34.0109734200415
153785142,153785240,336,453,431,0.7795824,0.6131387,52.2986339,6.424642,17,2026-08-03,2026-08-03,0.7795824,336,36.2640319294426
152818474,152860664,328,4264,359,0.913649,0.0763679,52.14164,6.2905578,7,2026-07-11,2026-07-12,0.913649,328,42.5004419139059
150308788,150309058,169,484,365,0.4630137,0.2485294,51.8258126,3.2609233,29,2026-05-20,2026-05-20,0.4630137,169,21.5381255407631
149291912,149292617,357,375,373,0.9571046,0.9130435,51.7766941,6.8949941,18,2026-04-28,2026-04-29,0.9571046,357,44.5218770642031
153814559,153814746,377,481,427,0.882904,0.7099812,51.5689088,7.3106065,17,2026-08-04,2026-08-04,0.882904,377,41.0702689627583
153823132,153823192,398,441,461,0.9024943,0.7896825,51.5576919,7.7195077,17,2026-08-04,2026-08-04,0.9024943,398,41.9815559090867
153811181,153811326,381,454,433,0.8799076,0.7529644,51.3476134,7.4200138,17,2026-08-04,2026-08-04,0.8799076,381,40.9308846651223
148998050,148998357,321,348,329,0.9756839,0.9016854,51.1941882,6.270243,4,2026-04-22,2026-05-04,0.9756839,321,45.3861350674965
148838855,148956432,238,700,506,0.4703557,0.2458678,51.0795754,4.6593966,11,2026-04-21,2026-04-22,0.4703557,238,21.8796552141189
146513235,148404976,762,1897,7988,0.4016869,0.0835252,50.9743813,14.9486856,9,2026-05-16,2026-07-07,0.4016869,762,18.6853712541982
153852364,153852443,326,425,423,0.7706856,0.6245211,50.906428,6.4039064,17,2026-08-05,2026-08-05,0.7706856,326,35.8501772307349
153857834,153857947,326,424,425,0.7688679,0.623327,50.7851912,6.4191941,17,2026-08-05,2026-08-05,0.7688679,326,35.7656228195038
141553722,153124486,303,12306,356,0.8511236,0.0245165,50.2086784,6.0348133,28,2026-07-17,2026-07-17,0.8511236,303,39.5919320475965
141620628,144837544,1682,2694,7541,0.6243504,0.1966561,49.4932168,33.984455,19,2026-05-07,2026-06-22,0.6243504,1682,29.0430656730581
153322600,153323494,179,382,414,0.4685864,0.2901135,49.3407878,3.6278302,26,2026-07-22,2026-07-22,0.4685864,179,21.7973522379451
153814525,153814559,387,451,481,0.8580931,0.7100917,49.0575985,7.8886862,17,2026-08-04,2026-08-04,0.8580931,387,39.916134044117
153852364,153852482,324,425,438,0.7623529,0.6011132,48.769424,6.6435068,17,2026-08-05,2026-08-05,0.7623529,324,35.462562914585
153819173,153819249,393,475,462,0.8506494,0.7224265,48.594861,8.0872749,17,2026-08-04,2026-08-04,0.8506494,393,39.5698735661057
153786007,153786074,363,437,567,0.8306636,0.5663027,48.4123135,7.4980924,17,2026-08-03,2026-08-03,0.8306636,363,38.6401890461172
152187802,152187807,419,425,1019,0.9858824,0.4087805,48.2698496,8.6803668,29,2026-06-28,2026-06-30,0.9858824,419,45.8605412747588
130568626,149046308,276,349,9580,0.7908309,0.0285921,48.2575307,5.7193146,4,2026-04-23,2026-05-02,0.7908309,276,36.7872812526166
146765429,148816838,734,8385,1903,0.3857068,0.0768265,48.1590804,15.2411548,12,2026-04-20,2026-05-09,0.3857068,734,17.9420208955502
153477280,153481120,225,765,420,0.5357143,0.234375,47.7504011,4.7120023,14,2026-07-26,2026-08-06,0.5357143,225,24.9199577623341
153886522,153886589,346,469,476,0.7377399,0.5776294,46.9975359,7.3620881,17,2026-08-06,2026-08-06,0.7377399,346,34.3176337603617
153825178,153825992,203,326,404,0.6226994,0.3851992,46.7136241,4.3456273,17,2026-08-04,2026-08-04,0.6226994,203,28.9662656879437
152946285,152946288,192,435,352,0.5454545,0.3226891,46.5686903,4.1229418,25,2026-07-13,2026-07-13,0.5454545,192,25.3730451124322
153851690,153851828,299,601,337,0.8872404,0.4679186,46.4427826,6.4380294,17,2026-08-05,2026-08-05,0.8872404,299,41.2719863797482
149267933,149268057,324,471,502,0.6878981,0.4992296,45.9982123,7.043752,29,2026-04-28,2026-04-28,0.6878981,324,31.9991301273642
148034970,148056199,423,466,428,0.9883178,0.8980892,45.7033112,9.2553469,13,2026-04-01,2026-04-04,0.9883178,423,45.973829393322
150132692,151289112,3157,12353,3253,0.9704888,0.2535947,45.5722226,69.2746551,29,2026-06-10,2026-06-17,0.9704888,3157,45.1444732851415
148909253,149001565,246,555,1394,0.4432432,0.144451,44.7500415,5.4972016,21,2026-04-22,2026-04-23,0.4432432,246,20.6184561853992
153852336,153852443,306,454,423,0.7234043,0.5359019,44.7331157,6.8405698,17,2026-08-05,2026-08-05,0.7234043,306,33.6507810246821
153882008,153882047,361,486,568,0.7427984,0.5209235,44.5641793,8.1006765,17,2026-08-05,2026-08-05,0.7427984,361,34.5529412859229
139887843,153073334,327,47007,337,0.9703264,0.0069549,44.4755268,7.3523581,29,2026-07-16,2026-07-16,0.9703264,327,45.1369188832138
153814525,153814746,298,451,427,0.6978923,0.5137931,44.01168,6.7709299,17,2026-08-04,2026-08-04,0.6978923,298,32.4640328597877
149531262,149847884,216,1183,583,0.3704974,0.1393548,43.8700911,4.9236278,17,2026-05-10,2026-05-10,0.3704974,216,17.2345213839813
148739858,153315724,207,33753,442,0.4683258,0.0060904,43.3712384,4.7727482,26,2026-07-22,2026-07-22,0.4683258,207,21.7852298417483
153825992,153826067,287,404,437,0.710396,0.5180505,43.0920973,6.6601539,17,2026-08-04,2026-08-04,0.710396,287,33.0456706392401
153852336,153852482,303,454,438,0.6917808,0.5144312,42.7162981,7.0933113,17,2026-08-05,2026-08-05,0.6917808,303,32.179742666555
144217411,146920683,269,2964,521,0.5163148,0.0836443,42.7156251,6.2974614,17,2026-03-25,2026-04-14,0.5163148,269,24.0175463079256
141584193,141620628,1001,8565,2694,0.3715664,0.0975824,42.3683245,23.6261408,13,2026-05-06,2026-06-19,0.3715664,1001,17.2842483277047
153850387,153850557,349,532,443,0.7878104,0.557508,42.2776258,8.2549574,17,2026-08-05,2026-08-05,0.7878104,349,36.6467758891773
146019100,148915120,342,753,1511,0.4541833,0.1779396,42.1755755,8.1089587,22,2026-05-03,2026-05-06,0.4541833,342,21.1273595876711
153421358,153423261,203,781,302,0.6721854,0.2306818,42.0582007,4.8266449,26,2026-07-24,2026-07-24,0.6721854,203,31.2682184822351
153873749,153873854,254,399,426,0.6365915,0.4448336,41.9904207,6.0489987,17,2026-08-05,2026-08-05,0.6365915,254,29.6124880218073
153815448,153815729,327,453,473,0.7218543,0.5459098,41.5435172,7.8712642,17,2026-08-04,2026-08-04,0.7218543,327,33.5786792821457
146765426,148816838,866,8235,1903,0.4550709,0.0933995,41.2783591,20.9795161,11,2026-04-22,2026-05-12,0.4550709,866,21.1686483016551
131782233,147594713,370,5036,942,0.3927813,0.0659772,41.2263424,8.9748442,8,2026-03-23,2026-03-23,0.3927813,370,18.2711072036618
143246446,153248231,297,7455,379,0.7836412,0.0394056,41.0605052,7.2332281,26,2026-07-20,2026-07-20,0.7836412,297,36.4528361569306
141588870,144837544,1302,3496,7541,0.3724256,0.1337442,40.7684815,31.936436,16,2026-03-26,2026-06-21,0.3724256,1302,17.3242159516965
153814746,153814845,276,427,441,0.64637,0.4662162,40.6969998,6.7818267,17,2026-08-04,2026-08-04,0.64637,276,30.0673569827049
153781320,153781504,289,430,556,0.672093,0.4146341,40.5780129,7.1220836,17,2026-08-03,2026-08-03,0.672093,289,31.2639202880348
146751426,146769233,242,701,338,0.7159763,0.3036386,40.46723,5.9801474,7,2026-04-01,2026-04-23,0.7159763,242,33.3052508675468
148990019,148990037,233,343,527,0.6793003,0.3657771,40.0455516,5.8183741,12,2026-04-21,2026-04-23,0.6793003,233,31.599184087378
145043898,87028688,177,2555,315,0.5619048,0.065726,39.9866205,4.4264806,10,2026-06-27,2026-07-06,0.5619048,177,26.138267883558
149193695,150823303,225,13476,300,0.75,0.0166039,39.6957772,5.6681092,29,2026-05-31,2026-05-31,0.75,225,34.8879399369226
149536982,149536991,303,620,711,0.4887097,0.2947471,39.6769807,7.6366698,9,2026-05-04,2026-05-31,0.4887097,303,22.7334328802553
149239179,149253998,636,782,654,0.9724771,0.795,39.4558453,16.1192846,4,2026-04-28,2026-05-11,0.9724771,636,45.2369635397769
145974547,145982876,320,334,445,0.9580838,0.6971678,39.4162328,8.1184826,8,2026-04-13,2026-04-13,0.9580838,320,44.5674267585848
153269688,153270937,167,468,374,0.4465241,0.2474074,39.3898247,4.2396736,25,2026-07-20,2026-07-20,0.4465241,167,20.7710746415846
135095032,139304059,194,326,5021,0.595092,0.037648,39.1541746,4.9547718,6,2026-04-11,2026-04-11,0.595092,194,27.6820452705909
148552717,152801743,172,10793,380,0.4526316,0.0156349,38.9974376,4.4105462,26,2026-07-10,2026-07-10,0.4526316,172,21.0551787658042
139887843,153363380,379,47007,435,0.8712644,0.008053,38.6090289,9.8163567,27,2026-07-23,2026-07-23,0.8712644,379,40.5288267418386
141553722,153200659,288,12306,387,0.744186,0.0232164,38.4632562,7.4876656,27,2026-07-19,2026-07-19,0.744186,288,34.6174886265316
148739858,153896813,316,33753,400,0.79,0.0093389,37.9040541,8.3368391,17,2026-08-06,2026-08-06,0.79,316,36.7486300668918
153038904,153067440,175,2262,398,0.4396985,0.0704225,37.7242995,4.6389198,25,2026-07-16,2026-07-16,0.4396985,175,20.4535664778066
153886522,153886822,265,469,450,0.5888889,0.4051988,37.3998469,7.0855905,17,2026-08-06,2026-08-06,0.5888889,265,27.3934940969606
148404969,148408234,4067,8175,7961,0.5108655,0.336979,37.1032154,109.6131415,10,2026-04-09,2026-07-08,0.5108655,4067,23.7640598397946
153830683,153830932,218,393,399,0.5547074,0.3797909,36.7899531,5.9255308,17,2026-08-04,2026-08-04,0.5547074,218,25.803464605022
153781096,153781320,274,521,430,0.6372093,0.4047267,36.6391222,7.4783451,17,2026-08-03,2026-08-03,0.6372093,274,29.6412263808647
139887843,153365622,260,47007,336,0.7738095,0.0055222,36.1577793,7.1907071,29,2026-07-23,2026-07-23,0.7738095,260,35.9954924781602
148739858,153896835,301,33753,402,0.7487562,0.0088911,35.92384,8.378837,17,2026-08-06,2026-08-06,0.7487562,301,34.8300817773312
152818474,153721706,345,4264,350,0.9857143,0.0808152,35.8977291,9.6106358,7,2026-08-01,2026-08-02,0.9857143,345,45.8527217244876
151812997,151812999,223,534,659,0.417603,0.2298969,35.84329,6.2215271,6,2026-06-20,2026-06-23,0.417603,223,19.4257445086383
153882047,153882321,317,568,619,0.5580986,0.3643678,35.5672431,8.9126953,17,2026-08-05,2026-08-06,0.5580986,317,25.9612139142408
152979882,153152604,200,42077,332,0.6024096,0.0047383,35.5173723,5.6310472,17,2026-07-17,2026-07-17,0.6024096,200,28.0224399229674
150983164,151065659,240,403,822,0.5955335,0.2436548,35.4672254,6.7668107,6,2026-06-09,2026-06-10,0.5955335,240,27.7025826379004
141621502,144837544,902,2546,7541,0.3542812,0.0982036,35.0763188,25.7153553,15,2026-05-06,2026-06-20,0.3542812,902,16.4801883018412
153814559,153814845,274,481,441,0.6213152,0.4228395,34.6682705,7.9034805,17,2026-08-04,2026-08-04,0.6213152,274,28.9018765059961
152910701,153824787,282,3157,453,0.6225166,0.0847356,34.5233614,8.1683819,17,2026-08-04,2026-08-04,0.6225166,282,28.9577623340497
153781883,153781899,320,391,969,0.8184143,0.3076923,34.5079665,9.273221,29,2026-08-03,2026-08-03,0.8184143,320,38.0703852558914
148404969,148404976,3475,8175,7988,0.4350275,0.2738808,34.2699508,101.4007874,9,2026-04-09,2026-07-08,0.4350275,3475,20.2362843878795
141124725,147634467,264,944,323,0.8173375,0.2632104,34.2674471,7.7041047,16,2026-03-22,2026-03-24,0.8173375,264,38.0202954775926
145974547,146479618,333,334,20872,0.997006,0.0159536,34.2616752,9.7193146,8,2026-04-13,2026-04-13,0.997006,333,46.3779805930019
143246446,153249857,237,7455,354,0.6694915,0.0312995,34.2382023,6.9220924,29,2026-07-20,2026-07-20,0.6694915,237,31.142905653707
148739858,153815448,303,33753,453,0.6688742,0.0089373,33.9617741,8.9217954,17,2026-08-04,2026-08-04,0.6688742,303,31.1141905532762
148404976,148408234,3606,7988,7961,0.4529582,0.2921494,33.8908459,106.400413,11,2026-04-09,2026-07-08,0.4529582,3606,21.0703713007154
153894082,153894287,346,453,677,0.7637969,0.4413265,33.5442413,10.3147362,17,2026-08-06,2026-08-06,0.7637969,346,35.5297338282769
152910701,153824845,261,3157,436,0.5986239,0.0783313,33.1534806,7.8724766,17,2026-08-04,2026-08-04,0.5986239,261,27.8463395573418
153855675,153855951,386,583,566,0.6819788,0.5058978,32.879202,11.7399443,17,2026-08-05,2026-08-05,0.6819788,386,31.7237805502061
145621723,146479618,514,938,20872,0.5479744,0.024136,32.8351716,15.6539459,10,2026-04-14,2026-04-14,0.5479744,514,25.4902639388949
145621723,147594669,510,938,24229,0.54371,0.0206838,32.7634563,15.5661233,10,2026-04-14,2026-04-14,0.54371,510,25.2918957641389
153781899,153782442,276,969,394,0.7005076,0.2539098,32.6536844,8.4523387,17,2026-08-03,2026-08-03,0.7005076,276,32.5856894322104
152224861,152235807,316,1131,319,0.9905956,0.2786596,32.2077568,9.8113011,29,2026-06-29,2026-06-29,0.9905956,316,46.0797863927731
148838843,148838855,322,1233,700,0.46,0.1998759,31.973315,10.0708982,11,2026-04-18,2026-04-20,0.46,322,21.3979364946459
141553722,153200689,234,12306,371,0.6307278,0.0188058,31.944406,7.3252262,27,2026-07-19,2026-07-19,0.6307278,234,29.3397248039298
153818952,153819173,223,399,475,0.5588972,0.3425499,31.9032905,6.9898746,17,2026-08-04,2026-08-04,0.5588972,223,25.9983625926856
139887843,153074271,242,47007,349,0.6934097,0.0051365,31.8369213,7.6012375,29,2026-07-16,2026-07-16,0.6934097,242,32.2555146203727
121663388,149667818,214,348,939,0.6149425,0.1994408,31.7702395,6.7358636,17,2026-05-07,2026-05-07,0.6149425,214,28.6054360062147
150587049,150587050,376,392,395,0.9591837,0.9148418,31.6440577,11.8821677,8,2026-05-26,2026-05-28,0.9591837,376,44.6185910854336
148729820,152407966,214,38069,386,0.5544041,0.0055961,31.5276807,6.7876861,16,2026-07-02,2026-07-02,0.5544041,214,25.7893559221115
153067440,153067495,296,398,1658,0.7437186,0.1681818,31.5022465,9.3961553,27,2026-07-16,2026-07-16,0.7437186,296,34.5957464623629
148739858,153430445,173,33753,304,0.5690789,0.0051057,31.3264958,5.5224817,28,2026-07-24,2026-07-24,0.5690789,173,26.4719873100933
145837554,148198889,291,5601,312,0.9326923,0.0517609,31.1322201,9.3472293,29,2026-04-04,2026-04-04,0.9326923,291,43.3862839227069
150132692,150297896,3497,12353,6878,0.5084327,0.2222575,30.9646681,112.9351682,26,2026-05-19,2026-06-30,0.5084327,3497,23.6508926660899
141569602,151010975,654,3994,816,0.8014706,0.1573628,30.9571159,21.125999,6,2026-06-04,2026-06-06,0.8014706,654,37.2822108720124
153789401,77302483,169,424,18603,0.3985849,0.0089617,30.7401333,5.497699,6,2026-08-03,2026-08-03,0.3985849,169,18.5410747346191
153819579,153823132,267,835,441,0.6054422,0.2646184,30.6186024,8.720189,17,2026-08-04,2026-08-04,0.6054422,267,28.163508145171
148739858,153815729,280,33753,473,0.5919662,0.0082484,30.5121491,9.1766725,17,2026-08-04,2026-08-04,0.5919662,280,27.5366416403844
153882047,153882342,236,568,457,0.5164114,0.2991128,30.4682639,7.7457646,17,2026-08-05,2026-08-05,0.5164114,236,24.0220398745895
153550503,153591945,204,683,392,0.5204082,0.2342135,30.3931053,6.7120486,7,2026-07-29,2026-07-29,0.5204082,204,24.207960032376
141553722,153872725,344,12306,417,0.82494,0.027789,30.2595101,11.3683268,17,2026-08-05,2026-08-05,0.82494,344,38.3739428954199
141553722,153872701,350,12306,426,0.8215962,0.0282668,30.1387205,11.6129681,17,2026-08-05,2026-08-05,0.8215962,350,38.2183985040051
141553722,153872716,338,12306,412,0.8203883,0.0273021,30.1328088,11.2170094,17,2026-08-05,2026-08-05,0.8203883,338,38.1622103138054
147594669,147594713,930,24229,942,0.9872611,0.0383648,30.1268497,30.8694739,10,2026-03-22,2026-03-23,0.9872611,930,45.9246746118135
153819579,153823192,270,835,461,0.5856833,0.2631579,29.6117917,9.1179893,17,2026-08-04,2026-08-04,0.5856833,270,27.2443783899448
150132692,151680913,5121,12353,5210,0.9829175,0.4115898,29.519885,173.4762858,23,2026-06-17,2026-06-30,0.9829175,5121,45.7226222706002
139887843,153364320,203,47007,322,0.6304348,0.0043076,29.0637771,6.9846393,28,2026-07-23,2026-07-23,0.6304348,203,29.3260952487277
153850157,153850387,313,582,532,0.5883459,0.3907615,28.8638495,10.8440144,17,2026-08-05,2026-08-05,0.5883459,313,27.3682352284462
152219108,152224861,790,1230,1131,0.6984969,0.5028644,28.8331135,27.3990528,27,2026-06-29,2026-06-29,0.6984969,790,32.4921571911022
151649852,151754711,226,1243,487,0.4640657,0.150266,28.7350695,7.864954,15,2026-06-19,2026-07-01,0.4640657,226,21.5870616911813
147580748,148235239,318,3576,761,0.4178712,0.0791242,28.7106378,11.076034,29,2026-04-06,2026-04-06,0.4178712,318,19.4382204359597
147580749,148231033,535,1731,597,0.8961474,0.2983826,28.6603379,18.6669118,29,2026-04-05,2026-04-05,0.8961474,535,41.6863155544391
150297896,150305404,3275,6878,3319,0.986743,0.4731292,28.4858803,114.9692396,23,2026-05-20,2026-06-14,0.986743,3275,45.9005740229051
152219108,152219113,424,1230,424,1,0.3447154,28.3161414,14.9737916,12,2026-06-28,2026-06-28,1,424,46.5172532492301
151255093,151255124,584,1977,585,0.9982906,0.2952477,28.1330718,20.7584868,6,2026-06-10,2026-06-18,0.9982906,584,46.4377366565259
153421348,153421620,178,384,749,0.4635417,0.1863874,27.9422362,6.3702847,23,2026-07-24,2026-07-24,0.4635417,178,21.5626866504787
148749926,148754200,614,731,881,0.8399453,0.6152305,27.1725949,22.5962961,5,2026-04-18,2026-05-06,0.8399453,614,39.0719482356006
146039692,146505880,1452,2573,2936,0.5643218,0.3578999,27.0973102,53.5846544,7,2026-03-22,2026-04-08,0.5643218,1452,26.2507000846614
153814525,153814845,195,451,441,0.4421769,0.2797704,26.6695625,7.311706,17,2026-08-04,2026-08-04,0.4421769,195,20.5688548382595
153882008,153882321,227,486,619,0.4670782,0.2585421,26.4526074,8.5813847,17,2026-08-05,2026-08-05,0.4670782,227,21.7271949165946
153108031,153893297,285,5718,410,0.695122,0.0487763,26.3097725,10.8324768,17,2026-08-06,2026-08-06,0.695122,285,32.3351661131114
143887911,145701987,561,2847,896,0.6261161,0.1763042,26.2683904,21.3564665,8,2026-03-23,2026-03-23,0.6261161,561,29.1252011871203
152818474,153630472,414,4264,418,0.9904306,0.0970009,26.2605305,15.7651042,7,2026-07-30,2026-07-30,0.9904306,414,46.072111045987
108109845,136846660,263,14089,751,0.3501997,0.0180421,26.1624181,10.0525876,15,2026-06-27,2026-06-27,0.3501997,263,16.2903281327044
153167139,153167153,1691,1696,1713,0.9970519,0.9842841,26.1020586,64.7841622,28,2026-07-18,2026-07-24,0.9970519,1691,46.3801157349261
153850557,153850836,269,443,656,0.6072235,0.3240964,26.064717,10.320465,17,2026-08-05,2026-08-05,0.6072235,269,28.2463693283839
147563207,147594669,172,322,24229,0.5341615,0.0070553,25.9837489,6.6195221,8,2026-03-22,2026-03-22,0.5341615,172,24.8477257714886
153108031,153893331,276,5718,402,0.6865672,0.0472279,25.9825827,10.6225006,17,2026-08-06,2026-08-06,0.6865672,276,31.9372203150148
151763528,152481441,248,8160,687,0.3609898,0.0288406,25.9511521,9.5564158,25,2026-07-03,2026-07-03,0.3609898,248,16.7922539469889
147563207,147594713,172,322,942,0.5341615,0.1575092,25.9119063,6.6378752,8,2026-03-22,2026-03-22,0.5341615,172,24.8477257714886
147368507,147563207,172,4666,322,0.5341615,0.0357143,25.5924534,6.7207312,8,2026-03-22,2026-03-22,0.5341615,172,24.8477257714886
144366716,151811909,477,12580,917,0.5201745,0.0366359,25.5497916,18.6694282,26,2026-06-21,2026-07-15,0.5201745,477,24.1970889502917
141553722,153873118,285,12306,412,0.6917476,0.0229229,25.4655746,11.1915794,17,2026-08-05,2026-08-05,0.6917476,285,32.1781982937472
147368507,147594713,567,4666,942,0.6019108,0.1124777,25.4505642,22.2784845,8,2026-03-22,2026-03-22,0.6019108,567,27.9992371170467
141569602,151522564,1050,3994,1053,0.997151,0.262697,25.3524818,41.4160637,6,2026-06-15,2026-06-17,0.997151,1050,46.3847255947231
141553722,153873125,279,12306,405,0.6888889,0.0224421,25.2903521,11.0318749,17,2026-08-05,2026-08-05,0.6888889,279,32.0452194218836
141553722,153873129,272,12306,397,0.6851385,0.0218808,25.2183316,10.7858047,17,2026-08-05,2026-08-05,0.6851385,272,31.8707611152977
153781096,153781504,210,521,556,0.403071,0.2422145,25.1211386,8.3594937,17,2026-08-03,2026-08-04,0.403071,210,18.7497557844204
144002874,149872167,497,5063,686,0.7244898,0.0946306,25.1113943,19.7918122,29,2026-05-11,2026-05-11,0.7244898,497,33.7012755030841
141553722,152725953,352,12306,769,0.4577373,0.0276664,25.0822595,14.0338234,29,2026-07-08,2026-07-08,0.4577373,352,21.2926819057188
152196505,152196523,1337,1353,2608,0.9881744,0.5095274,25.0193669,53.4386023,29,2026-06-28,2026-06-28,0.9881744,1337,45.967158819206
147552538,148209263,263,751,1320,0.3501997,0.1454646,25.005451,10.5177067,5,2026-04-05,2026-04-14,0.3501997,263,16.2903281327044
153818952,153819249,172,399,462,0.4310777,0.2496372,24.7789409,6.9413782,17,2026-08-04,2026-08-04,0.4310777,172,20.0525505409957
146039696,146505880,1399,2561,2936,0.546271,0.341386,24.7440138,56.5389274,9,2026-03-24,2026-04-08,0.546271,1399,25.4110264497102
146706298,147719571,633,6276,1464,0.432377,0.0890671,24.6458449,25.6838426,27,2026-04-02,2026-04-02,0.432377,633,20.1129904081424
153857947,153858328,168,425,456,0.3952941,0.2356241,24.4182937,6.8800876,17,2026-08-05,2026-08-05,0.3952941,168,18.3879957576265
141569602,151414488,438,3994,443,0.9887133,0.1095274,24.394075,17.9551797,6,2026-06-13,2026-06-14,0.9887133,438,45.9922269669821
152033967,152033974,618,620,624,0.9967742,0.9872204,24.2793523,25.4537268,17,2026-06-25,2026-06-25,0.9967742,618,46.3671978936988
153550499,153550503,471,482,683,0.9771784,0.6786744,24.194167,19.4675022,7,2026-07-28,2026-07-28,0.9771784,471,45.4556551024775
148739858,152971401,237,33753,499,0.4749499,0.0069675,24.1914807,9.7968373,25,2026-07-13,2026-07-28,0.4749499,237,22.0933647789965
151255093,151289101,1307,1977,1321,0.989402,0.656454,24.0193077,54.4145574,6,2026-06-10,2026-06-17,0.989402,1307,46.0242633992948
128568207,138043229,1071,1497,3335,0.7154309,0.2847647,23.9791606,44.663782,17,2026-04-08,2026-05-10,0.7154309,1071,33.2798803576246
145982876,146479618,320,445,20872,0.7191011,0.0152403,23.9286329,13.3731,8,2026-04-13,2026-04-13,0.7191011,320,33.4506079805
148636559,148731118,253,1597,465,0.544086,0.1398563,23.7778129,10.6401712,28,2026-04-16,2026-04-16,0.544086,253,25.3093862513606
153814845,153815448,179,441,453,0.4058957,0.2503497,23.7665307,7.5315999,17,2026-08-04,2026-08-04,0.4058957,179,18.8811530696735
153421358,153421620,307,781,749,0.4098798,0.2510221,23.756607,12.9227208,28,2026-07-24,2026-07-24,0.4098798,307,19.0664824583438
151065659,70641794,519,822,734,0.7070845,0.5004822,23.3767859,22.2015123,8,2026-06-06,2026-06-10,0.7070845,519,32.8916287551053
145621723,148365937,405,938,6670,0.4317697,0.0562266,23.1249123,17.5135799,8,2026-04-11,2026-04-12,0.4317697,405,20.0847404802441
153882008,153882342,178,486,457,0.3894967,0.2326797,22.9407009,7.7591352,17,2026-08-05,2026-08-05,0.3894967,178,18.1183166336394
148739858,153365160,193,33753,350,0.5514286,0.0056915,22.5517549,8.5580923,29,2026-07-23,2026-07-23,0.5514286,193,25.6509438350684
141569602,151188506,874,3994,876,0.9977169,0.2187187,22.5006465,38.8433283,6,2026-06-09,2026-06-10,0.9977169,874,46.4110497083368
117980155,148738173,255,9546,373,0.6836461,0.0263866,22.470642,11.3481404,6,2026-04-16,2026-04-17,0.6836461,255,31.8013387665485
148365937,148548006,242,6670,423,0.572104,0.0353233,22.4014866,10.8028545,17,2026-04-11,2026-04-12,0.572104,242,26.6127066528976
132909955,153255597,407,1477,984,0.4136179,0.19815,21.8765651,18.6043832,10,2026-07-20,2026-07-23,0.4136179,407,19.2403686027147
152818474,153663291,467,4264,474,0.9852321,0.1093421,21.8437767,21.3790869,6,2026-07-31,2026-07-31,0.9852321,467,45.8302911049708
152224716,152224724,550,558,555,0.990991,0.9769094,21.4443742,25.6477524,6,2026-06-29,2026-06-29,0.990991,550,46.0981793147078
146039692,146039696,1026,2573,2561,0.4006248,0.2497566,21.359077,48.0357836,7,2026-03-23,2026-04-08,0.4006248,1026,18.6359652795222
141569602,151306169,405,3994,406,0.9975369,0.1013767,20.9362864,19.3444048,6,2026-06-11,2026-06-11,0.9975369,405,46.402676602752
147068463,147537136,197,325,5276,0.6061538,0.0364545,20.7372558,9.4998105,20,2026-04-09,2026-04-09,0.6061538,197,28.1966098225832
139992918,147758452,1855,19859,2342,0.7920581,0.0911727,20.6735278,89.7282757,14,2026-03-25,2026-03-31,0.7920581,1855,36.844367225804
149053341,149116783,363,652,366,0.9918033,0.5541985,20.5361639,17.6761347,3,2026-04-24,2026-04-28,0.9918033,363,46.1359652795222
151069411,151072443,402,499,404,0.9950495,0.8023952,20.4196029,19.6869646,6,2026-06-06,2026-06-06,0.9950495,402,46.2869695870198
153411603,153412155,378,381,1352,0.992126,0.2789668,20.3768714,18.5504434,7,2026-07-24,2026-07-25,0.992126,378,46.1509763971457
152818474,153411603,371,4264,381,0.9737533,0.0868039,20.189197,18.3761642,7,2026-07-24,2026-07-25,0.9737533,371,45.2963288583736
153894287,153894575,258,677,563,0.4582593,0.2627291,20.1573552,12.7992982,17,2026-08-06,2026-08-06,0.4582593,258,21.3169639119149
139992918,147832674,1341,19859,2551,0.5256762,0.063648,20.1445191,66.5689756,13,2026-04-13,2026-05-23,0.5256762,1341,24.453012922493
153850836,153851025,224,656,493,0.4543611,0.2421622,19.6869419,11.3781003,17,2026-08-05,2026-08-05,0.4543611,224,21.1356303552988
151722072,151727195,529,1100,1230,0.4809091,0.2937257,19.6473428,26.9247605,26,2026-06-18,2026-06-20,0.4809091,529,22.3705703945593
152134316,152134353,647,648,648,0.9984568,0.9969183,19.6162714,32.9828227,6,2026-06-27,2026-06-27,0.9984568,647,46.4454678240159
139887843,153683405,277,47007,405,0.6839506,0.0058767,19.4570662,14.2364731,17,2026-07-31,2026-07-31,0.6839506,277,31.8155032701629
147203341,147753288,276,14196,438,0.630137,0.0192227,19.4150224,14.2157961,3,2026-03-25,2026-04-14,0.630137,276,29.3122424107101
148710340,148711775,192,1696,306,0.627451,0.1060773,19.1558993,10.023022,29,2026-04-15,2026-04-15,0.627451,192,29.1872970684827
147203341,147550448,431,14196,441,0.9773243,0.0303393,18.9185014,22.7819314,8,2026-03-22,2026-03-24,0.9773243,431,45.4624419697266
139887843,152768971,272,47007,346,0.7861272,0.0057773,18.7934934,14.4730942,26,2026-07-09,2026-07-09,0.7861272,272,36.5684780485082
139887843,153241506,384,47007,423,0.9078014,0.0081622,18.6903904,20.5453172,29,2026-07-20,2026-07-20,0.9078014,384,42.2284276238057
153817485,153817819,242,447,776,0.541387,0.2466871,18.5029492,13.0789961,17,2026-08-04,2026-08-04,0.541387,242,25.183836184841
147203341,147806169,303,14196,698,0.4340974,0.0207662,18.384332,16.4814256,3,2026-03-26,2026-04-14,0.4340974,303,20.1930186906324
147203341,147751939,233,14196,420,0.5547619,0.0161997,18.3433945,12.7021201,3,2026-03-25,2026-04-14,0.5547619,233,25.8059997953241
151599551,153381608,183,16045,380,0.4815789,0.0112671,18.3217318,9.9881388,25,2026-07-23,2026-07-23,0.4815789,183,22.4017276507857
149403120,149505261,300,466,570,0.6437768,0.4076087,18.0484806,16.6218978,4,2026-05-03,2026-05-05,0.6437768,300,29.946728441579
144002874,148894481,171,5063,449,0.3808463,0.0320165,17.9375298,9.5330852,29,2026-04-19,2026-04-19,0.3808463,171,17.7159237861323
153849764,153850157,205,556,582,0.368705,0.2197213,17.8308608,11.4969211,17,2026-08-05,2026-08-05,0.368705,205,17.1511438592574
147203341,147798817,251,14196,578,0.4342561,0.0172829,17.5998489,14.2614861,3,2026-03-26,2026-04-30,0.4342561,251,20.200400978723
139887843,153285159,231,47007,308,0.75,0.0049061,17.5228805,13.1827641,26,2026-07-21,2026-07-21,0.75,231,34.8879399369226
139887843,153891125,248,47007,423,0.5862884,0.0052562,17.4067935,14.247311,17,2026-08-06,2026-08-06,0.5862884,248,27.2725259798859
153883881,153893331,392,1729,402,0.9751244,0.2254169,17.4001286,22.5285691,17,2026-08-06,2026-08-06,0.9751244,392,45.3601086643036
152563196,152563224,1219,1241,1228,0.992671,0.9752,17.2729791,70.5726553,25,2026-07-04,2026-07-04,0.992671,1219,46.1763283001665
144763086,144765893,5316,6548,9705,0.8118509,0.4860565,17.1911562,309.2287653,10,2026-04-04,2026-06-22,0.8118509,5316,37.7650739159154
139887843,153317344,167,47007,320,0.521875,0.0035411,17.1713395,9.725508,29,2026-07-22,2026-07-22,0.521875,167,24.276191539442
149310631,149310898,584,590,587,0.9948893,0.9848229,17.0584451,34.2352422,6,2026-04-29,2026-04-29,0.9948893,584,46.2795175230493
153883881,153893297,391,1729,410,0.9536585,0.2236842,17.0186976,22.974731,17,2026-08-06,2026-08-06,0.9536585,391,44.3615739577809
148739858,153756236,295,33753,569,0.5184534,0.0086696,16.9985409,17.3544307,17,2026-08-02,2026-08-02,0.5184534,295,24.1170281057244
148717755,149651013,208,477,314,0.6624204,0.3567753,16.9736969,12.2542544,4,2026-05-09,2026-05-09,0.6624204,208,30.8139775042563
139887843,153891118,249,47007,439,0.5671982,0.0052758,16.806747,14.8154786,17,2026-08-06,2026-08-06,0.5671982,249,26.3845023119075
148770155,148798698,245,369,974,0.6639566,0.223133,16.7635841,14.615013,5,2026-04-17,2026-04-21,0.6639566,245,30.8854373086978
114353141,65080655,171,419,25515,0.4081146,0.0066374,16.7468751,10.2108602,29,2026-04-07,2026-04-07,0.4081146,171,18.9843702029083
145595757,146479618,2280,5612,20872,0.4062723,0.0941993,16.6581439,136.8699906,10,2026-03-22,2026-03-26,0.4062723,2280,18.8986714672472
149836189,149836191,385,387,2717,0.994832,0.1415962,16.6107004,23.1778306,4,2026-05-10,2026-05-21,0.994832,385,46.2768520844381
153750676,153751853,421,2390,434,0.9700461,0.1751977,16.6092844,25.3472691,17,2026-08-02,2026-08-02,0.9700461,421,45.123880097128
152818474,153412155,1341,4264,1352,0.9918639,0.3136842,16.503437,81.2558012,7,2026-07-24,2026-07-25,0.9918639,1341,46.1387842250691
149937661,151250169,1429,3084,26677,0.4633593,0.0504377,16.4708867,86.7591422,11,2026-06-10,2026-08-06,0.4633593,1429,21.554201903486
148837651,148840705,283,1778,426,0.6643192,0.1473191,16.4369016,17.2173568,29,2026-04-18,2026-04-18,0.6643192,283,30.902304464726
152818474,153477195,1022,4264,1033,0.9893514,0.2390643,16.2380687,62.9385192,8,2026-07-26,2026-07-27,0.9893514,1022,46.0219096262804
153817518,153817819,188,397,776,0.4735516,0.1908629,16.1918835,11.6107555,17,2026-08-04,2026-08-04,0.4735516,188,22.0283197037781
148484465,153441393,173,48832,308,0.5616883,0.003533,16.1507603,10.71157,17,2026-07-25,2026-07-25,0.5616883,173,26.1281968982296
142668385,153703676,199,91047,499,0.3987976,0.0021785,16.1446498,12.3260648,18,2026-08-01,2026-08-01,0.3987976,199,18.5509689543852
122553987,147661564,171,8938,463,0.3693305,0.0185265,16.0978654,10.6225264,11,2026-03-25,2026-03-26,0.3693305,171,17.1802404011648
151442090,151587260,2034,2418,2543,0.8411911,0.6949095,15.9352844,127.641274,6,2026-06-16,2026-06-22,0.8411911,2034,39.1298994296985
139264022,142285620,787,2909,926,0.849892,0.2582021,15.7977539,49.8172084,7,2026-03-29,2026-08-01,0.849892,787,39.5346413984947
139887843,152807717,294,47007,372,0.7903226,0.006244,15.7054022,18.7196734,28,2026-07-10,2026-07-10,0.7903226,294,36.76363653279
152406950,152436839,1178,2487,1215,0.9695473,0.4667195,15.6546952,75.2489897,29,2026-07-02,2026-07-02,0.9695473,1178,45.1006772912073
139887843,152766248,295,47007,442,0.6674208,0.0062561,15.4917385,19.0424077,29,2026-07-09,2026-07-09,0.6674208,295,31.0465823774038
139887843,153285604,388,47007,547,0.7093236,0.0082263,15.4667489,25.0860735,29,2026-07-21,2026-07-21,0.7093236,388,32.9957855368556
148729820,148731118,307,38069,465,0.6602151,0.008031,15.4178644,19.9119665,17,2026-04-16,2026-04-16,0.6602151,307,30.7113930056658
146554621,148710340,168,388,1696,0.4329897,0.0876827,15.3973302,10.9109825,27,2026-04-15,2026-04-15,0.4329897,168,20.1414915292082
150451751,150465319,389,608,399,0.9749373,0.6294498,15.3732824,25.3036397,4,2026-05-23,2026-05-24,0.9749373,389,45.3514052862207
148750448,148750730,1194,2024,1700,0.7023529,0.4719368,14.9084632,80.088738,27,2026-04-16,2026-04-16,0.7023529,1194,32.6715277196312
149505261,149604075,266,570,411,0.6472019,0.372028,14.8544368,17.9071077,3,2026-05-05,2026-05-06,0.6472019,266,30.1060546856829
144492584,147465226,2586,46761,5121,0.5049795,0.0524586,14.7855424,174.9005837,6,2026-03-23,2026-06-09,0.5049795,2586,23.4902592871696
147203341,151982764,828,14196,831,0.9963899,0.058314,14.7318125,56.2048969,3,2026-06-24,2026-07-01,0.9963899,828,46.3493213132751
144492584,147466116,2644,46761,5055,0.5230465,0.0537704,14.7255779,179.5515274,6,2026-03-23,2026-07-29,0.5230465,2644,24.3306865016235
139887843,152944626,367,47007,395,0.9291139,0.0078027,14.7217218,24.9291492,27,2026-07-13,2026-07-13,0.9291139,367,43.2198265836799
140445138,147563207,290,13093,322,0.9006211,0.0220952,14.6851737,19.7478087,17,2026-03-22,2026-03-22,0.9006211,290,41.8944197903002
148365937,148499449,210,6670,507,0.4142012,0.0301421,14.6264588,14.3575422,17,2026-04-11,2026-04-12,0.4142012,210,19.267502116535
139887843,152976858,216,47007,311,0.6945338,0.0045858,14.6097457,14.7846516,29,2026-07-14,2026-07-14,0.6945338,216,32.3078046647502
139887843,152974526,220,47007,313,0.7028754,0.0046709,14.5778435,15.0913954,29,2026-07-14,2026-07-14,0.7028754,220,32.6958329844539
144492584,147467631,2596,46761,4646,0.5587602,0.0531847,14.5755317,178.1067098,6,2026-03-23,2026-06-09,0.5587602,2596,25.9919897289905
149836191,149930082,353,2717,354,0.9971751,0.1298749,14.5737103,24.2216974,6,2026-05-12,2026-05-20,0.9971751,353,46.3858466605264
147203341,147755272,214,14196,576,0.3715278,0.0146998,14.5005928,14.7580173,3,2026-03-25,2026-04-14,0.3715278,214,17.2824527617293
143558720,144765893,4006,5198,9705,0.770681,0.3676241,14.4954469,276.3626412,10,2026-03-21,2026-06-23,0.770681,4006,35.8499632513699
149836191,149933229,330,2717,330,1,0.1214575,14.4879749,22.7775104,3,2026-05-12,2026-05-20,1,330,46.5172532492301
149836191,149912301,335,2717,336,0.9970238,0.1232524,14.466897,23.1563133,4,2026-05-12,2026-05-20,0.9970238,335,46.3788086001098
144492584,147468338,2540,46761,3254,0.7805778,0.0535018,14.4162799,176.1896976,6,2026-03-23,2026-06-09,0.7805778,2540,36.3103352033269
149836191,149914442,353,2717,353,1,0.1299227,14.4079638,24.5003391,3,2026-05-12,2026-05-20,1,353,46.5172532492301
151829304,151829307,1218,1223,2420,0.9959117,0.502268,14.3666007,84.7799719,10,2026-06-20,2026-06-20,0.9959117,1218,46.3270767627713
144492584,147469385,2539,46761,5116,0.4962862,0.0514613,14.3515513,176.9146732,6,2026-03-23,2026-06-09,0.4962862,2539,23.0858708494981
149836191,149916120,330,2717,332,0.9939759,0.1213682,14.3381809,23.015472,4,2026-05-12,2026-05-20,0.9939759,330,46.2370286639315
144492584,147469958,2569,46761,4777,0.5377852,0.0524618,14.3012363,179.6348192,9,2026-03-23,2026-07-25,0.5377852,2569,25.0162903420879
144492584,147467087,2582,46761,5038,0.512505,0.0524615,14.3002469,180.5563234,12,2026-03-23,2026-06-09,0.512505,2582,23.8403248764967
144492584,147467408,2575,46761,5078,0.5070894,0.0522694,14.2570495,180.6124052,6,2026-03-23,2026-06-09,0.5070894,2575,23.5884060398002
148919478,148941282,276,3269,480,0.575,0.0794702,14.2492076,19.3694982,29,2026-04-20,2026-04-21,0.575,276,26.7474206183073
144492584,147563957,2540,46761,4998,0.5082033,0.0516061,14.1955171,178.9297269,6,2026-03-23,2026-06-09,0.5082033,2540,23.6402216081945
148739858,153855951,418,33753,566,0.7385159,0.01233,14.1951776,29.4466199,17,2026-08-05,2026-08-05,0.7385159,418,34.3537311488831
148832790,148832898,209,585,2280,0.357265,0.0786898,14.182762,14.7361988,28,2026-04-18,2026-04-18,0.357265,209,16.6189864820862
139887843,152937934,326,47007,362,0.9005525,0.0069298,14.1465717,23.0444526,27,2026-07-13,2026-07-13,0.9005525,326,41.8912287067273
147721393,148643239,256,15557,489,0.5235174,0.0162128,14.1230013,18.1264587,29,2026-04-14,2026-04-14,0.5235174,256,24.3525914761785
144492584,147468773,2597,46761,5099,0.5093156,0.052717,14.1068763,184.0946175,6,2026-03-23,2026-06-09,0.5093156,2597,23.6919627489836
144492584,147471938,2535,46761,5035,0.5034757,0.0514606,14.0494445,180.4341805,6,2026-03-23,2026-06-08,0.5034757,2535,23.4203066417334
150435964,150862345,433,11996,895,0.4837989,0.0347568,13.9852847,30.9611145,6,2026-06-08,2026-07-14,0.4837989,433,22.504995952999
144492584,147467972,2465,46761,5033,0.4897675,0.0499706,13.9823317,176.2939156,6,2026-03-23,2026-06-09,0.4897675,2465,22.7826388307423
153750627,153750676,289,355,2390,0.8140845,0.117671,13.9555852,20.7085547,29,2026-08-02,2026-08-02,0.8140845,289,37.8689748527729
148729820,148731139,190,38069,311,0.6109325,0.0049751,13.919692,13.6497273,17,2026-04-16,2026-04-16,0.6109325,190,28.4189018206853
153260381,153642126,212,8631,568,0.3732394,0.0235896,13.8581102,15.2979012,27,2026-07-30,2026-07-30,0.3732394,212,17.3620716923907
144492584,147470524,2521,46761,4998,0.5044018,0.0512003,13.8400598,182.1523917,10,2026-03-23,2026-06-27,0.5044018,2521,23.4633862699675
144492584,147469078,2346,46761,5020,0.4673307,0.0474563,13.8065825,169.9189496,6,2026-03-23,2026-06-04,0.4673307,2346,21.73894052304
152225705,152225718,877,888,1187,0.9876126,0.7320534,13.6930048,64.0473012,10,2026-06-29,2026-06-29,0.9876126,877,45.9410254263306
144492584,147465644,2448,46761,5109,0.4791544,0.0495326,13.6341919,179.548595,6,2026-03-23,2026-06-09,0.4791544,2448,22.2889465702829
147203341,150266381,178,14196,351,0.5071225,0.0123878,13.5245104,13.1612897,3,2026-05-23,2026-05-23,0.5071225,178,23.5899457608827
148831532,148832790,325,1840,585,0.5555556,0.1547619,13.474496,24.1196405,29,2026-04-18,2026-04-18,0.5555556,325,25.842920539228
139887843,152973313,223,47007,321,0.694704,0.0047341,13.436898,16.5960924,29,2026-07-14,2026-07-14,0.694704,223,32.3157219012532
148729820,148775339,697,38069,1191,0.5852225,0.0180743,13.4300132,51.8986832,16,2026-04-23,2026-04-23,0.5852225,697,27.2229432396476
144492584,147469680,2495,46761,5219,0.4780609,0.0504193,13.3320526,187.1429754,6,2026-03-23,2026-06-09,0.4780609,2495,22.2380799538549
152309752,152309755,2166,2235,3451,0.9691275,0.6153409,13.3204921,162.6066047,10,2026-06-30,2026-07-23,0.9691275,2166,45.0811493482933
152406943,152406950,1276,1305,2487,0.9777778,0.5071542,13.3089016,95.8756809,29,2026-07-02,2026-07-02,0.9777778,1276,45.4835375440751
141399820,147203341,200,340,14196,0.5882353,0.0139509,13.3068523,15.0298504,4,2026-03-22,2026-04-13,0.5882353,200,27.3630904202369
144492584,147470150,2435,46761,5177,0.4703496,0.0491889,13.2948697,183.1533555,6,2026-03-23,2026-06-09,0.4703496,2435,21.8793714588741
148752121,148841537,359,1934,513,0.6998051,0.1719349,13.289328,27.0141575,3,2026-04-18,2026-04-22,0.6998051,359,32.5530110618028
150105553,71816929,213,321,31817,0.6635514,0.0066719,13.2815975,16.0372274,27,2026-05-16,2026-05-18,0.6635514,213,30.8665885176812
151548232,152593006,1185,6034,1211,0.9785301,0.1955446,13.0507441,90.7994203,11,2026-07-05,2026-07-05,0.9785301,1185,45.5185324736945
150862800,151576015,735,1757,2479,0.4183267,0.20994,13.0135336,56.4796637,6,2026-06-19,2026-06-22,0.4183267,735,19.4594090448147
144492584,147472740,2397,46761,5183,0.4624735,0.0483783,12.821724,186.9483386,11,2026-03-23,2026-06-08,0.4624735,2397,21.5129969205578
151890793,152141549,1230,4742,1240,0.9919355,0.2588384,12.8011361,96.0852217,10,2026-06-27,2026-06-27,0.9919355,1230,46.1421148604017
151827829,151827841,1044,1117,1062,0.9830508,0.9198238,12.7968087,81.5828402,6,2026-06-20,2026-06-21,0.9830508,1044,45.7288230204583
145595740,145595757,2435,8241,5612,0.4338917,0.2132598,12.6845424,191.9659324,10,2026-05-16,2026-05-17,0.4338917,2435,20.183450091639
149537723,149537764,198,1161,549,0.3606557,0.1309524,12.6237912,15.6846701,28,2026-05-04,2026-05-04,0.3606557,198,16.7767125326784
148641656,148644586,446,1185,1279,0.3763713,0.2210109,12.6089828,35.3716083,29,2026-04-14,2026-04-14,0.3763713,446,17.507759077842
152352973,153036609,686,24156,1526,0.4495413,0.0274444,12.6064291,54.4166787,29,2026-07-15,2026-07-22,0.4495413,686,20.9114264980881
141150604,149592973,1067,4010,1171,0.911187,0.2593583,12.5772563,84.8356728,4,2026-05-09,2026-05-18,0.911187,1067,42.3859164364063
152174446,152886326,311,32998,622,0.5,0.0093368,12.5082167,24.8636563,28,2026-07-11,2026-07-12,0.5,311,23.2586266246151
152351621,152422713,1227,4915,1236,0.9927184,0.2491877,12.4662122,98.4260479,14,2026-07-02,2026-07-02,0.9927184,1227,46.1785332179705
153750676,153751265,308,2390,424,0.7264151,0.122905,12.449148,24.740649,17,2026-08-02,2026-08-02,0.7264151,308,33.7908351707648
145595740,149724966,4113,8241,16618,0.4990899,0.1982551,12.4388921,330.6564585,12,2026-05-13,2026-05-17,0.4990899,4113,23.2162912724329
152020313,152020322,1265,1277,2543,0.990603,0.4951076,12.3502465,102.4271057,6,2026-06-24,2026-06-25,0.990603,1265,46.0801306204471
148739858,153855675,374,33753,583,0.6415094,0.0110123,12.3299964,30.3325311,17,2026-08-05,2026-08-05,0.6415094,374,29.8412552215617
153108031,153849764,256,5718,556,0.4604317,0.042539,12.2707283,20.8626574,17,2026-08-05,2026-08-05,0.4604317,256,21.4180179928736
152861757,152861761,1223,1240,1230,0.9943089,0.9807538,12.1993137,100.2515411,17,2026-07-11,2026-07-11,0.9943089,1223,46.2525189092635
148119881,149258668,396,1765,590,0.6711864,0.202144,12.1835763,32.5027717,4,2026-04-28,2026-04-28,0.6711864,396,31.2217477462391
153805213,153805221,1193,1211,1201,0.9933389,0.978671,12.1821846,97.9298898,8,2026-08-03,2026-08-04,0.9933389,1193,46.2073971736117
151881536,151995648,1205,3933,1221,0.986896,0.3051405,12.152128,99.1595872,10,2026-06-24,2026-06-24,0.986896,1205,45.9076911626522
153553364,77302483,425,756,18603,0.5621693,0.0224464,11.9850212,35.4609303,6,2026-07-28,2026-07-28,0.5621693,425,26.1505716970424
103211739,27596949,432,32398,1099,0.3930846,0.0130652,11.9793542,36.062044,29,2026-08-02,2026-08-02,0.3930846,432,18.2852158865723
148807384,148807778,960,2002,1700,0.5647059,0.3501094,11.9515457,80.3243386,27,2026-04-17,2026-04-17,0.5647059,960,26.2685673616344
147203341,150989808,313,14196,313,1,0.0220485,11.9355625,26.2241516,3,2026-06-04,2026-06-04,1,313,46.5172532492301
151423938,151881956,1132,11622,1153,0.9817866,0.0972258,11.9148717,95.007318,10,2026-06-22,2026-06-22,0.9817866,1132,45.6700159089006
139887843,153509625,213,47007,365,0.5835616,0.0045166,11.8777423,17.9327009,29,2026-07-27,2026-07-27,0.5835616,213,27.1456827337259
148484465,148726091,346,48832,546,0.6336996,0.0070566,11.8472576,29.205071,17,2026-04-16,2026-04-16,0.6336996,346,29.4779647771358
148641652,148644586,419,1168,1279,0.3587329,0.2066075,11.8362603,35.3996945,29,2026-04-14,2026-04-14,0.3587329,419,16.6872691581308
151858424,151858439,1161,2406,1166,0.9957118,0.4815429,11.6973341,99.2533846,10,2026-06-21,2026-06-21,0.9957118,1161,46.3177779638468
141150604,149835058,535,4010,538,0.9944238,0.1333167,11.6641031,45.8672213,3,2026-05-10,2026-05-11,0.9944238,535,46.2578637416618
141150604,150266381,173,4010,351,0.4928775,0.0413085,11.6588034,14.8385726,3,2026-05-19,2026-05-19,0.4928775,173,22.9273074883474
152118303,152126221,1085,1155,1186,0.9393939,0.8638535,11.657364,93.0742144,10,2026-06-27,2026-06-27,0.9393939,1085,43.698023947082
148703545,148710340,218,543,1696,0.4014733,0.1078674,11.6485726,18.7147394,29,2026-04-15,2026-04-15,0.4014733,218,18.6754351689041
152189481,152189491,879,885,2344,0.9932203,0.3740426,11.6337447,75.5560676,10,2026-06-28,2026-06-28,0.9932203,879,46.2018802273763
148798931,149037161,290,60235,479,0.605428,0.0047994,11.5492145,25.1099327,17,2026-05-08,2026-05-08,0.605428,290,28.1628476001749
152085712,152085714,1148,1159,1156,0.9930796,0.9837189,11.5416898,99.4655043,10,2026-06-26,2026-06-26,0.9930796,1148,46.1953352498442
148641649,148644586,378,1087,1279,0.3477461,0.1901408,11.5238842,32.8014402,29,2026-04-14,2026-04-14,0.3477461,378,16.1761934001321
153786355,153786364,515,520,1185,0.9903846,0.4327731,11.4868965,44.8336936,7,2026-08-03,2026-08-03,0.9903846,515,46.0699712523375
148739858,153850836,392,33753,656,0.597561,0.0115236,11.4835577,34.1357626,17,2026-08-05,2026-08-05,0.597561,392,27.7968963688632
149975583,149998769,294,468,724,0.6282051,0.3273942,11.4287631,25.7245686,4,2026-05-13,2026-05-17,0.6282051,294,29.2223757291579
152701196,153101057,1152,4466,1191,0.9672544,0.2557159,11.3946817,101.0997968,7,2026-07-16,2026-07-16,0.9672544,1152,44.9940178812321
153786295,153786305,1197,1213,1215,0.9868096,0.9723802,11.3768391,105.2137582,10,2026-08-03,2026-08-03,0.9868096,1197,45.9036720719715
151423907,151423938,2305,2345,11622,0.9829424,0.1976505,11.3030726,203.92685,10,2026-06-13,2026-06-14,0.9829424,2305,45.7237805502061
147203341,151568806,2186,14196,2189,0.9986295,0.1539545,11.2649259,194.0536512,5,2026-06-16,2026-06-23,0.9986295,2186,46.4535013536521
139887843,152976139,200,47007,374,0.5347594,0.004239,11.2547075,17.7703418,29,2026-07-14,2026-07-14,0.5347594,200,24.8755384372064
145595757,149724966,2693,5612,16618,0.4798646,0.137841,11.243011,239.5265816,10,2026-05-16,2026-06-06,0.4798646,2693,22.3219831235405
152013698,152013711,1179,1194,1774,0.9874372,0.6590274,11.2223976,105.0577645,11,2026-06-24,2026-06-24,0.9874372,1179,45.9328663001107
143388918,151573421,1154,7064,1174,0.9829642,0.1629023,11.158547,103.4184825,10,2026-06-16,2026-06-17,0.9829642,1154,45.7247946263269
148193117,148752121,355,800,1934,0.44375,0.1492224,11.0816454,32.0349538,3,2026-04-16,2026-04-19,0.44375,355,20.6420311293459
151965759,151965764,1149,1151,1156,0.9982624,0.992228,11.074892,103.7481903,6,2026-06-23,2026-06-23,0.9982624,1149,46.4364248699843
152221047,152222033,305,728,482,0.6327801,0.3370166,10.9775173,27.7840601,6,2026-06-29,2026-06-29,0.6327801,305,29.4351921627732
148125679,148752121,410,677,1934,0.605613,0.186279,10.9742581,37.3601565,3,2026-04-18,2026-04-21,0.605613,410,28.171453292026
152087973,152719946,1256,2493,1266,0.9921011,0.5017978,10.9629771,114.5674198,11,2026-07-08,2026-07-08,0.9921011,1256,46.1498181175398
146479618,147537136,2174,20872,5276,0.4120546,0.0906816,10.9553018,198.4427296,10,2026-03-22,2026-04-09,0.4120546,2174,19.1676481807102
148834292,148837651,934,2054,1778,0.5253093,0.3222912,10.8978481,85.7049938,29,2026-04-18,2026-04-18,0.5253093,934,24.4359457422758
139887843,152806234,215,47007,390,0.5512821,0.0045568,10.8840246,19.7537224,29,2026-07-10,2026-07-10,0.5512821,215,25.6441290574674
123248731,132664024,319,365,464,0.8739726,0.6254902,10.8798237,29.320328,9,2026-06-21,2026-06-21,0.8739726,319,40.6548047670881
151898438,152139482,936,5794,1924,0.4864865,0.1380124,10.8744359,86.0734304,10,2026-06-27,2026-06-27,0.4864865,936,22.6300157228316
152011811,152145775,1163,2405,1168,0.9957192,0.4825726,10.8671801,107.0194838,10,2026-06-27,2026-06-27,0.9957192,1163,46.3181221915208
149258387,152628901,182,10046,506,0.3596838,0.0175506,10.8440575,16.7833858,26,2026-07-06,2026-07-06,0.3596838,182,16.7315024142454
152076979,152076982,1183,1185,1191,0.9983122,0.9916178,10.8022907,109.5138087,6,2026-06-26,2026-06-26,0.9983122,1183,46.4387414291961
145669607,147594669,2621,3702,24229,0.7079957,0.1035559,10.789337,242.9250276,10,2026-04-16,2026-04-18,0.7079957,2621,32.934015276266
152032534,152141027,1191,2514,1198,0.9941569,0.4724316,10.7716845,110.5676645,7,2026-06-27,2026-06-27,0.9941569,1191,46.2454482867696
150435964,150780288,7193,11996,9446,0.7614863,0.5048074,10.7058975,671.8726773,10,2026-06-05,2026-07-07,0.7614863,7193,35.4222510629192
152079184,152079192,1196,1203,2522,0.9941812,0.4729142,10.7015051,111.7599801,6,2026-06-26,2026-06-26,0.9941812,1196,46.2465786560235
139887843,153317752,253,47007,587,0.4310051,0.0053442,10.6956305,23.6545194,27,2026-07-22,2026-07-22,0.4310051,253,20.0491733884098
152225419,152227881,188,705,315,0.5968254,0.2259615,10.6911062,17.5847098,6,2026-06-29,2026-06-29,0.5968254,188,27.7626782773731
141150604,149543164,1405,4010,2218,0.6334536,0.2913125,10.6720511,131.6522926,3,2026-05-09,2026-05-19,0.6334536,1405,29.4665215328365
152210084,152210098,1208,1212,1223,0.9966997,0.9845151,10.6554361,113.3693627,15,2026-06-28,2026-06-28,0.9966997,1208,46.3637323583317
151548232,151791280,1090,6034,1107,0.9846432,0.1801355,10.6322217,102.5185541,6,2026-06-20,2026-06-20,0.9846432,1090,45.8028970945324
151367350,151368049,4462,4597,12183,0.970633,0.3622341,10.61725,420.2594848,10,2026-06-12,2026-06-18,0.970633,4462,45.15118107306
151368049,151881549,3857,12183,3892,0.9910072,0.3156818,10.6118062,363.4631019,10,2026-06-22,2026-06-24,0.9910072,3857,46.0989328942105
152020322,152130438,1244,2543,1248,0.9967949,0.4884177,10.5508999,117.9046348,10,2026-06-27,2026-06-27,0.9967949,1244,46.368160800841
147203341,150456044,2501,14196,2503,0.999201,0.1761516,10.5422069,237.2368552,4,2026-05-23,2026-06-04,0.999201,2501,46.480085963884
152220820,152227881,314,1253,315,0.9968254,0.2503987,10.5396584,29.7922369,19,2026-06-29,2026-06-29,0.9968254,314,46.3695795770651
153914622,153914633,1184,1195,1205,0.990795,0.9736842,10.5357136,112.379668,6,2026-08-06,2026-08-06,0.990795,1184,46.089061933071
152011803,152011811,1221,1246,2405,0.9799358,0.5024691,10.5329588,115.9218433,6,2026-06-24,2026-06-27,0.9799358,1221,45.5839217765869
152079192,152171268,1211,2522,1214,0.9975288,0.479604,10.530847,114.9954981,7,2026-06-27,2026-06-27,0.9975288,1211,46.4022998130006
152087046,152087973,1222,1224,2493,0.998366,0.4897796,10.5016616,116.3625383,6,2026-06-26,2026-06-26,0.998366,1222,46.4412440574209
152125866,152125902,1213,1215,1217,0.9983539,0.9950779,10.4802696,115.7412973,6,2026-06-27,2026-06-27,0.9983539,1213,46.4406811986566
152013396,152013401,1201,1203,1222,0.9983375,0.9812092,10.4737437,114.6676903,7,2026-06-24,2026-06-24,0.9983375,1201,46.4399183157033
151882195,151925097,1173,2406,1295,0.9057915,0.4640032,10.4731824,112.0003408,10,2026-06-22,2026-06-23,0.9057915,1173,42.1349325965
145595740,145669607,3031,8241,3702,0.8187466,0.3401032,10.4640028,289.6597087,10,2026-04-11,2026-04-18,0.8187466,3031,38.0858429391461
148791881,148796015,834,1718,2012,0.4854482,0.2879834,10.4586528,79.7425837,29,2026-04-17,2026-04-17,0.4854482,834,22.5817168587829
152220820,152221047,722,1253,728,0.9917582,0.573471,10.4517525,69.0793245,10,2026-06-29,2026-06-29,0.9917582,722,46.1338673514006
147203341,149543164,809,14196,2218,0.364743,0.0518424,10.4513349,77.4063802,3,2026-05-04,2026-05-13,0.364743,809,16.9668425018839
151961711,151961729,1204,1215,1216,0.9909465,0.9812551,10.449325,115.2227539,6,2026-06-23,2026-06-23,0.9909465,1204,46.0961092969382
152072971,152072987,1227,1240,1249,0.9895161,0.9722662,10.4164271,117.794709,9,2026-06-26,2026-06-26,0.9895161,1227,46.0295710178905
148433417,148575559,212,310,2904,0.683871,0.0706196,10.3916039,20.4010855,6,2026-04-12,2026-04-12,0.683871,212,31.8118004968043
152014043,152014046,1225,1230,1240,0.995935,0.9839357,10.3733364,118.0912247,8,2026-06-24,2026-06-24,0.995935,1225,46.328160614772
128741550,152174446,206,581,32998,0.3545611,0.0061727,10.3504472,19.9025217,27,2026-07-12,2026-07-12,0.3545611,206,16.4932084810256
151948104,151948137,1232,1234,1236,0.9983793,0.9951535,10.3407621,119.1401548,6,2026-06-23,2026-06-23,0.9983793,1232,46.4418627368891
151763528,152392556,176,8160,338,0.5207101,0.0211488,10.295978,17.0940536,26,2026-07-02,2026-07-02,0.5207101,176,24.2220035911319
152189491,152235123,464,2344,466,0.9957082,0.1977835,10.248296,45.2758196,6,2026-06-29,2026-06-29,0.9957082,464,46.3176105017351
147203341,148823723,451,14196,661,0.6822995,0.0313064,10.2345887,44.0662556,3,2026-04-29,2026-04-30,0.6822995,451,31.7386986333231
152309755,153839879,1213,3451,1224,0.9910131,0.3503755,10.2333905,118.5335395,13,2026-08-04,2026-08-04,0.9910131,1213,46.0992073460046
152189491,152225419,699,2344,705,0.9914894,0.2974468,10.2043601,68.5001305,6,2026-06-29,2026-06-29,0.9914894,699,46.1213635137272
151858424,152032534,1238,2406,2514,0.514547,0.3362303,10.162427,121.8212936,7,2026-06-25,2026-06-25,0.514547,1238,23.9353131076316
152181077,152181096,1277,1283,1285,0.9953235,0.9891557,10.1590395,125.7008603,10,2026-06-28,2026-06-28,0.9953235,1277,46.2997153144101
152174446,152855196,290,32998,550,0.5272727,0.0087197,10.1590164,28.5460708,28,2026-07-11,2026-07-31,0.5272727,290,24.5272777173053
135896895,8884424,2987,20465,7060,0.4230878,0.1217296,10.1000015,295.7425314,7,2026-03-22,2026-07-02,0.4230878,2987,19.6808823392596
151572048,151895660,1161,2344,1168,0.9940068,0.4938324,10.0979173,114.974204,8,2026-06-22,2026-06-22,0.9940068,1161,46.2384660470569
139887843,153436883,276,47007,320,0.8625,0.005866,10.0940318,27.34289,29,2026-07-25,2026-07-25,0.8625,276,40.121130927461
139887843,147277652,459,47007,987,0.4650456,0.009656,10.075818,45.554614,29,2026-07-27,2026-07-27,0.4650456,459,21.6326439476402
151423750,151423780,4525,4609,6340,0.9817748,0.7043898,10.07268,449.2349623,10,2026-06-13,2026-06-21,0.9817748,4525,45.6694670053123
146329475,151384090,347,10392,376,0.9228723,0.0332981,10.0691702,34.4616283,6,2026-06-12,2026-06-12,0.9228723,347,42.9294844957995
152701196,153355422,1294,4466,1304,0.9923313,0.2890974,10.027299,129.047713,14,2026-07-23,2026-07-23,0.9923313,1294,46.1605263892378
153786690,153786718,1167,1191,1184,0.9856419,0.9660596,9.9862022,116.8612429,6,2026-08-03,2026-08-03,0.9856419,1167,45.8493538753524
145595740,147594669,3631,8241,24229,0.4406019,0.1259059,9.9653746,364.3616176,10,2026-04-16,2026-04-18,0.4406019,3631,20.495590164392
137377337,150945329,200,33842,504,0.3968254,0.0058572,9.9617877,20.0767177,7,2026-06-03,2026-07-16,0.3968254,200,18.459227627527
153749793,153751853,421,3982,434,0.9700461,0.1053817,9.9374723,42.3648981,17,2026-08-02,2026-08-02,0.9700461,421,45.123880097128
152083593,152179909,1238,2367,1246,0.9935795,0.5212632,9.9295851,124.6779189,10,2026-06-28,2026-06-28,0.9935795,1238,46.2185892247435
147203341,149573914,1056,14196,1637,0.6450825,0.0714624,9.9253337,106.3944079,4,2026-05-05,2026-05-08,0.6450825,1056,30.0074660191465
151665710,151665716,1049,1062,1061,0.9886899,0.9767225,9.9061927,105.8933571,6,2026-06-17,2026-06-17,0.9886899,1049,45.991138463256
152222020,152222033,479,1214,482,0.9937759,0.3935908,9.8979734,48.3937449,6,2026-06-29,2026-06-29,0.9937759,479,46.2277252132816
151994283,151994295,2505,2593,2532,0.9893365,0.9561069,9.8826395,253.4747938,8,2026-06-24,2026-06-26,0.9893365,2505,46.021216519207
153873978,153886822,450,3412,450,1,0.1318875,9.863311,45.6236249,17,2026-08-06,2026-08-06,1,450,46.5172532492301
153873978,153886522,469,3412,469,1,0.137456,9.8550259,47.5899306,17,2026-08-06,2026-08-06,1,469,46.5172532492301
151674157,151674266,1171,1182,1181,0.9915326,0.9823826,9.8282648,119.1461585,6,2026-06-17,2026-06-18,0.9915326,1171,46.1233730590676
153640829,153873978,547,833,3412,0.6566627,0.1479178,9.7874228,55.8880526,17,2026-08-06,2026-08-06,0.6566627,547,30.5461451152232
153728124,153728134,1261,1282,1284,0.9836193,0.9662835,9.762142,129.1724703,6,2026-08-01,2026-08-01,0.9836193,1261,45.7552680789305
153728115,153728134,1075,1088,1284,0.9880515,0.8288358,9.7601509,110.1417397,6,2026-08-01,2026-08-01,0.9880515,1075,45.9614418487817
153728115,153728124,1068,1088,1282,0.9816176,0.8202765,9.7570005,109.4598688,6,2026-08-01,2026-08-01,0.9816176,1068,45.6621544931015
151940437,151940454,2841,2879,3473,0.986801,0.8091712,9.7087897,292.6214389,10,2026-06-23,2026-06-24,0.986801,2841,45.9032720235936
152034011,152083593,1118,2498,2367,0.4723278,0.298372,9.7049718,115.1986864,10,2026-06-26,2026-06-26,0.4723278,1118,21.9713918892517
151933625,151937640,1215,1335,1221,0.995086,0.9060403,9.6380525,126.0628119,10,2026-06-23,2026-06-23,0.995086,1215,46.2886674667634
148824585,151720195,465,3674,638,0.7288401,0.1208734,9.6288715,48.2922635,29,2026-06-18,2026-06-18,0.7288401,465,33.9036395098942
153520079,153520469,829,856,1104,0.9684579,0.7329797,9.6252225,86.1278791,7,2026-07-29,2026-07-29,0.9684579,829,45.0500013955176
153768870,153768882,1217,1222,1222,0.9959083,0.99185,9.6079254,126.6662626,9,2026-08-02,2026-08-02,0.9959083,1217,46.3269186041103
153873978,153886589,455,3412,476,0.9558824,0.1325371,9.6060952,47.3657601,17,2026-08-06,2026-08-06,0.9558824,455,44.4650236772819
153749793,153750676,2185,3982,2390,0.9142259,0.5218534,9.5972822,227.6686213,29,2026-08-02,2026-08-02,0.9142259,2185,42.5272777173054
115295631,142372960,197,27691,376,0.5239362,0.0070685,9.5792692,20.5652431,8,2026-03-25,2026-03-25,0.5239362,197,24.3720729018393
153749793,153750627,323,3982,355,0.9098592,0.0804684,9.5674961,33.7601392,28,2026-08-02,2026-08-02,0.9098592,323,42.3241508275419
153837820,153837827,1194,1200,1201,0.995,0.9892295,9.5214093,125.4016043,7,2026-08-04,2026-08-04,0.995,1194,46.284666982984
153786718,153790662,167,1184,434,0.3847926,0.115093,9.5156493,17.5500372,6,2026-08-03,2026-08-03,0.3847926,167,17.8994948226297
140445138,147594713,333,13093,942,0.3535032,0.024303,9.510333,35.0145467,8,2026-03-22,2026-03-22,0.3535032,333,16.4439978788133
152034011,152035248,1232,2498,1237,0.995958,0.4922093,9.5004628,129.6778927,15,2026-06-25,2026-06-25,0.995958,1232,46.3292305115968
152190525,152190530,1224,1227,1235,0.997555,0.9886914,9.50039,128.8368157,6,2026-06-28,2026-06-28,0.997555,1224,46.4035185650358
147594669,148862366,3057,24229,3105,0.9845411,0.1259217,9.4941615,321.9873615,10,2026-04-18,2026-04-20,0.9845411,3057,45.7981476829756
136131841,150955397,317,2965,896,0.3537946,0.089447,9.4614239,33.5044706,28,2026-06-03,2026-06-03,0.3537946,317,16.4575530064101
149354581,149404495,288,992,454,0.6343612,0.2487047,9.4449682,30.4924268,3,2026-05-01,2026-05-02,0.6343612,288,29.5087405918855
141150604,149573914,576,4010,1637,0.3518632,0.1135871,9.4328189,61.0634005,3,2026-05-09,2026-05-12,0.3518632,576,16.3677095834845
153786364,153790662,167,1185,434,0.3847926,0.1150138,9.4216693,17.7250968,6,2026-08-03,2026-08-03,0.3847926,167,17.8994948226297
149354576,149354581,551,678,992,0.8126844,0.4924039,9.3723129,58.7901837,3,2026-04-30,2026-05-01,0.8126844,551,37.8038460464986
151728511,151729835,1280,3824,2510,0.5099602,0.2532647,9.2634334,138.1777092,6,2026-06-18,2026-06-19,0.5099602,1280,23.7219477704281
153873978,153889806,455,3412,490,0.9285714,0.1319988,9.1542608,49.7036308,17,2026-08-06,2026-08-06,0.9285714,455,43.1945909737922
153873978,153889837,440,3412,475,0.9263158,0.1276472,9.1319336,48.1825665,17,2026-08-06,2026-08-06,0.9263158,440,43.0896666573632
151898438,151937061,2780,5794,2803,0.9917945,0.4779096,9.1014836,305.4447082,10,2026-06-23,2026-06-24,0.9917945,2780,46.1355559276936
149280754,151742247,1132,10907,2304,0.4913194,0.0937164,9.0479023,125.1118728,6,2026-06-19,2026-06-19,0.4913194,1132,22.8548289560598
148834292,148840705,184,2054,426,0.4319249,0.0801394,9.0095315,20.4228155,27,2026-04-18,2026-04-18,0.4319249,184,20.0919599579484
151599551,152725953,335,16045,769,0.4356307,0.0203289,8.9934891,37.2491696,26,2026-07-08,2026-07-08,0.4356307,335,20.2643435950394
152979882,152980063,270,42077,321,0.8411215,0.006409,8.9746146,30.0848574,27,2026-07-14,2026-07-14,0.8411215,270,39.1266618288723
152224716,152225419,292,558,705,0.5232975,0.3007209,8.9610578,32.5854388,6,2026-06-29,2026-06-29,0.5232975,292,24.342362332189
148086189,149998769,274,541,724,0.5064695,0.2764884,8.9456074,30.6295578,4,2026-05-13,2026-05-17,0.5064695,274,23.559569994511
146479618,147864426,7737,20872,20603,0.3755278,0.229326,8.9442348,865.0264854,14,2026-03-30,2026-04-25,0.3755278,7737,17.4685217747262
143246446,153922281,400,7455,470,0.8510638,0.0531561,8.9431514,44.726963,17,2026-08-06,2026-08-06,0.8510638,400,39.5891503158522
147594669,148904118,1702,24229,1714,0.9929988,0.0702116,8.9319337,190.5522421,10,2026-04-20,2026-04-20,0.9929988,1702,46.1915766557816
148862366,148904118,1591,3105,1714,0.928238,0.4928748,8.9110889,178.5415924,10,2026-04-20,2026-04-20,0.928238,1591,43.1790821215589
151423938,151745116,3383,11622,4107,0.8237156,0.2740159,8.9012867,380.057414,10,2026-06-19,2026-06-21,0.8237156,3383,38.3169871705416
152225419,152225705,278,705,888,0.3943262,0.2114068,8.8584029,31.3826323,6,2026-06-29,2026-06-29,0.3943262,278,18.3429717082066
152224724,152225419,287,555,705,0.5171171,0.294964,8.8555494,32.4090564,6,2026-06-29,2026-06-29,0.5171171,287,24.0548671002075
143246446,153922283,370,7455,440,0.8409091,0.0491694,8.8474735,41.8198483,17,2026-08-06,2026-08-06,0.8409091,370,39.1167815642822
148739858,153851025,224,33753,493,0.4543611,0.006584,8.8160776,25.4081247,17,2026-08-05,2026-08-05,0.4543611,224,21.1356303552988
148357672,148575559,286,442,2904,0.6470588,0.0934641,8.7750818,32.5922888,29,2026-04-12,2026-04-12,0.6470588,286,30.099398066743
148370408,148741120,284,60338,457,0.6214442,0.0046934,8.7719177,32.3760447,17,2026-04-16,2026-04-16,0.6214442,284,28.9078772316652
149057240,149057241,1942,2355,1972,0.984787,0.8142558,8.7678161,221.4918728,10,2026-04-23,2026-04-24,0.984787,1942,45.8095862755496
147594669,147863527,8058,24229,15846,0.5085195,0.2516788,8.7586048,920.0095393,14,2026-03-28,2026-04-10,0.5085195,8058,23.6549303636719
151803150,151821173,1160,1166,1169,0.9948542,0.987234,8.7577508,132.4540993,6,2026-06-20,2026-06-20,0.9948542,1160,46.2778847674603
151871913,151871947,1128,1132,1152,0.9964664,0.9757785,8.7527104,128.874365,6,2026-06-21,2026-06-22,0.9964664,1128,46.3528798831487
148739858,153150830,218,33753,358,0.6089385,0.006432,8.7293094,24.9733386,17,2026-07-17,2026-07-17,0.6089385,218,28.3261464177063
148739858,153150441,195,33753,311,0.6270096,0.0057575,8.7159865,22.3726826,17,2026-07-17,2026-07-17,0.6270096,195,29.1667643528985
145956945,152235123,310,1146,466,0.6652361,0.2380952,8.6938036,35.6575801,6,2026-06-29,2026-06-29,0.6652361,310,30.9449561342302
149037601,149057241,1938,2477,1972,0.9827586,0.7718041,8.5941442,225.5023822,10,2026-04-23,2026-04-24,0.9827586,1938,45.7152306790589
152979882,153390000,209,42077,305,0.6852459,0.0049558,8.5527149,24.436685,17,2026-07-23,2026-07-23,0.6852459,209,31.8757570682966
152979882,153379815,237,42077,373,0.6353887,0.0056144,8.5487,27.7235136,17,2026-07-23,2026-07-23,0.6353887,237,29.5565370695991
152979882,153380511,246,42077,370,0.6648649,0.0058292,8.5448563,28.7892494,17,2026-07-23,2026-07-23,0.6648649,246,30.9276889298241
152979882,153380549,239,42077,367,0.6512262,0.0056628,8.5401212,27.9855512,15,2026-07-23,2026-07-23,0.6512262,239,30.2932540679338
152979882,153379822,220,42077,341,0.6451613,0.0052135,8.5394963,25.7626435,17,2026-07-23,2026-07-23,0.6451613,220,30.0111315787025
148739858,148876606,268,33753,559,0.4794275,0.0078722,8.4813849,31.598613,17,2026-07-17,2026-07-17,0.4794275,268,22.3016504321453
151520921,61504992,193,5697,534,0.3614232,0.0319642,8.4550556,22.8265797,29,2026-06-28,2026-06-28,0.3614232,193,16.8124145245472
149037601,149057240,2320,2477,2355,0.985138,0.9235669,8.4445147,274.7345574,10,2026-04-23,2026-04-24,0.985138,2320,45.8259138314401
152979882,153380522,256,42077,376,0.6808511,0.0060668,8.4270554,30.3783454,17,2026-07-23,2026-07-23,0.6808511,256,31.6713230437169
152979882,153381246,214,42077,335,0.638806,0.0050713,8.3987212,25.4800696,17,2026-07-23,2026-07-23,0.638806,214,29.7155004791277
146479618,146625528,1742,20872,3438,0.5066899,0.0771889,8.3802907,207.8686848,8,2026-03-23,2026-04-07,0.5066899,1742,23.5698223971271
153786364,153786718,918,1185,1184,0.7753378,0.6326671,8.3768937,109.5871616,6,2026-08-03,2026-08-03,0.7753378,918,36.0665847963009
153786364,153786690,921,1185,1191,0.7772152,0.6329897,8.3756661,109.9614037,6,2026-08-03,2026-08-03,0.7772152,921,36.1539162875511
118670037,123188655,227,47827,541,0.4195933,0.0047153,8.3520293,27.1790235,29,2026-07-09,2026-07-09,0.4195933,227,19.5183277977802
148217000,149350328,504,984,13098,0.5121951,0.0371189,8.328483,60.515222,17,2026-04-30,2026-05-02,0.5121951,504,23.8259091797148
151890789,151890793,1157,1166,4742,0.9922813,0.2435277,8.3012266,139.3769923,6,2026-06-22,2026-06-22,0.9922813,1157,46.1582005265753
146701946,81811234,9257,15956,17191,0.5801579,0.3874843,8.2806338,1117.9095971,14,2026-03-21,2026-04-11,0.5801579,9257,26.9873519588415
148729820,149014381,172,38069,469,0.3667377,0.0044831,8.2782519,20.7773334,15,2026-04-23,2026-04-23,0.3667377,172,17.0596304669402
149280754,151361138,3551,10907,3649,0.9731433,0.3226715,8.2703494,429.3651717,6,2026-06-12,2026-06-15,0.9731433,3551,45.2679533338915
151548054,151548232,1174,1206,6034,0.973466,0.1935378,8.2658217,142.0306472,6,2026-06-15,2026-06-15,0.973466,1174,45.2829644515151
150822262,98669985,398,565,3589,0.7044248,0.1059638,8.1878027,48.60889,13,2026-07-15,2026-07-15,0.7044248,398,32.7679068166383
152979882,153380538,255,42077,399,0.6390977,0.0060396,8.1776368,31.1826027,16,2026-07-23,2026-07-23,0.6390977,255,29.7290695619005
148370408,148771211,328,60338,510,0.6431373,0.0054197,8.1388364,40.3006012,18,2026-04-16,2026-04-17,0.6431373,328,29.9169806581261
149145113,149307861,461,3435,1048,0.4398855,0.1146196,8.0922248,56.968264,29,2026-05-02,2026-05-02,0.4398855,461,20.4622652041642
147203341,148119881,657,14196,1765,0.372238,0.04293,8.0785575,81.3264001,3,2026-04-05,2026-05-03,0.372238,657,17.3154893149869
151548232,151718449,1253,6034,1271,0.9858379,0.207039,7.9724424,157.1663916,6,2026-06-18,2026-06-18,0.9858379,1253,45.8584712569892
147226786,147779895,180,11462,439,0.4100228,0.0153571,7.9686023,22.5886541,25,2026-03-25,2026-03-26,0.4100228,180,19.0731344255584
148348198,148766419,222,636,6872,0.3490566,0.0304694,7.8672198,28.2183547,29,2026-04-16,2026-04-17,0.3490566,222,16.2371542605152
118407181,148862849,198,517,29099,0.3829787,0.0067306,7.8500278,25.2228407,2,2026-04-25,2026-04-25,0.3829787,198,17.8151171769609
145956945,152222020,729,1146,1214,0.6361257,0.4469651,7.8471185,92.900343,6,2026-06-29,2026-06-29,0.6361257,729,29.5908202852438
140445138,143204511,168,13093,396,0.4242424,0.0126117,7.8089937,21.5136554,17,2026-03-21,2026-03-22,0.4242424,168,19.7345911598612
142337709,149760718,262,713,2010,0.3674614,0.1064608,7.7047938,34.0048035,6,2026-06-26,2026-06-26,0.3674614,262,17.0932950031167
151898438,151898463,802,5794,818,0.9804401,0.1380379,7.7039614,104.1022869,6,2026-06-22,2026-06-22,0.9804401,802,45.6073804274005
151890793,152139482,989,4742,1924,0.5140333,0.1742117,7.7019188,128.409559,10,2026-06-27,2026-06-28,0.5140333,989,23.9114171946375
152189745,152196523,1378,2933,2608,0.5283742,0.3310113,7.684102,179.3312998,24,2026-06-28,2026-06-29,0.5283742,1378,24.5785164717594
153749793,153751265,316,3982,424,0.745283,0.0772616,7.6679835,41.2103132,17,2026-08-02,2026-08-02,0.745283,316,34.668518053346
149280754,151572319,2494,10907,2764,0.9023155,0.2231368,7.6315669,326.8005142,6,2026-06-16,2026-06-17,0.9023155,2494,41.9732386242057
144230777,147426077,475,566,1131,0.8392226,0.388707,7.6018581,62.4847232,10,2026-03-22,2026-03-25,0.8392226,475,39.0383302166774
152979882,153381608,218,42077,380,0.5736842,0.0051611,7.5457436,28.8904597,17,2026-07-23,2026-07-23,0.5736842,218,26.686213216482
148739858,153850557,174,33753,443,0.3927765,0.0051143,7.5445509,23.0630029,17,2026-08-05,2026-08-05,0.3927765,174,18.2708839208462
151258463,151296420,1738,4515,1808,0.9612832,0.3790622,7.5277826,230.8780813,6,2026-06-11,2026-06-12,0.9612832,1738,44.7162540586303
147203341,148969909,333,14196,435,0.7655172,0.02329,7.5261488,44.2457369,3,2026-05-03,2026-05-04,0.7655172,333,35.6097574590416
143388918,151368049,4301,7064,12183,0.6088618,0.2877693,7.5153663,572.2941305,10,2026-06-17,2026-06-21,0.6088618,4301,28.3225785443821
152189745,152189766,1161,2933,1757,0.6607854,0.3289884,7.4339684,156.1749978,12,2026-06-28,2026-06-28,0.6607854,1161,30.7379217951938
148118445,148249329,187,9358,407,0.4594595,0.0195239,7.3626625,25.3984207,6,2026-04-05,2026-04-05,0.4594595,187,21.3727939192647
139887843,153401211,224,47007,340,0.6588235,0.0047535,7.303909,30.6685092,29,2026-07-24,2026-07-24,0.6588235,224,30.6466595960442
152189745,152225419,516,2933,705,0.7319149,0.1652787,7.3006627,70.6785152,6,2026-06-29,2026-06-29,0.7319149,516,34.046670760185
151423938,151937640,819,11622,1221,0.6707617,0.0681138,7.2552865,112.8832066,6,2026-06-23,2026-06-23,0.6707617,819,31.2019918687841
152196523,152225419,514,2608,705,0.729078,0.183637,7.2485189,70.9110384,6,2026-06-29,2026-06-29,0.729078,514,33.9147059644422
151881536,151937640,829,3933,1221,0.6789517,0.1916763,7.2447679,114.4274056,6,2026-06-23,2026-06-23,0.6789517,829,31.5829681728953
152189745,152227881,217,2933,315,0.6888889,0.0715935,7.1854521,30.1999092,6,2026-06-29,2026-06-29,0.6888889,217,32.0452194218836
152196523,152227881,215,2608,315,0.6825397,0.0793944,7.0949993,30.3030335,6,2026-06-29,2026-06-29,0.6825397,215,31.7498720775536
142720866,147706722,340,818,420,0.8095238,0.3786192,7.0872334,47.9735856,3,2026-06-28,2026-07-03,0.8095238,340,37.6568236158791
139887843,153436959,181,47007,302,0.5993377,0.0038406,7.0644991,25.6210664,27,2026-07-25,2026-07-25,0.5993377,181,27.8795435727111
147596262,17799316,315,15400,820,0.3841463,0.0198051,7.0286859,44.816343,21,2026-03-25,2026-03-25,0.3841463,315,17.8694307218547
151650902,99441221,175,336,43478,0.5208333,0.0040102,6.9976004,25.0085728,4,2026-06-17,2026-06-17,0.5208333,175,24.2277345167323
113635514,147705391,178,9894,500,0.356,0.0174236,6.8490144,25.9891408,26,2026-03-23,2026-03-24,0.356,178,16.5601421567259
148370408,149399134,207,60338,394,0.5253807,0.0034201,6.8384333,30.2700914,8,2026-05-02,2026-05-03,0.5253807,207,24.4392670741578
147203341,149348948,1485,14196,1487,0.998655,0.1045922,6.7947633,218.5506588,3,2026-04-30,2026-05-03,0.998655,1485,46.4546875436099
152139482,152189481,419,1924,885,0.4734463,0.1753138,6.7090638,62.4528273,10,2026-06-28,2026-06-28,0.4734463,419,22.023421437011
113375267,147705391,255,34074,500,0.51,0.0074303,6.7019158,38.0488216,22,2026-03-23,2026-03-24,0.51,255,23.7237991571074
151829307,151882195,1180,2420,2406,0.4904406,0.3236423,6.6947613,176.2572165,10,2026-06-22,2026-06-22,0.4904406,1180,22.8139495939044
152222020,152235123,313,1214,466,0.6716738,0.2289685,6.6908157,46.7805442,6,2026-06-29,2026-06-29,0.6716738,313,31.2444202554728
151423938,151933625,817,11622,1335,0.611985,0.0672982,6.6240742,123.3379911,6,2026-06-23,2026-06-23,0.611985,817,28.4678612297301
151881536,151933625,827,3933,1335,0.6194757,0.1862193,6.6148987,125.020811,6,2026-06-23,2026-06-23,0.6194757,827,28.8163080186441
150435964,151445534,1861,11996,3732,0.4986602,0.1342035,6.6108235,281.508045,6,2026-06-13,2026-06-23,0.4986602,1861,23.1963028087118
152351621,152351703,2369,4915,3635,0.6517194,0.3832713,6.6081598,358.4961732,11,2026-07-01,2026-07-05,0.6517194,2369,30.3161963772363
152032534,152141549,661,2514,1240,0.5330645,0.2137084,6.5808012,100.443697,6,2026-06-27,2026-06-27,0.5330645,661,24.7966963446742
152141027,152141549,662,1198,1240,0.5525876,0.3727477,6.5799317,100.6089469,6,2026-06-27,2026-06-27,0.5525876,662,25.7048573315843
151940454,151995648,688,3473,1221,0.5634726,0.1717424,6.5595593,104.8850957,6,2026-06-24,2026-06-24,0.5634726,688,26.2111976332022
151890793,152141027,660,4742,1198,0.5509182,0.125,6.5361449,100.976953,6,2026-06-27,2026-06-27,0.5509182,660,25.62720142901
151881536,151886373,1086,3933,1094,0.9926874,0.2755646,6.5253422,166.4280537,6,2026-06-22,2026-06-22,0.9926874,1086,46.1770911831198
152196523,152225705,362,2608,888,0.4076577,0.1155073,6.5221964,55.5027753,6,2026-06-29,2026-06-29,0.4076577,362,18.9631164698987
151940437,151995648,692,2879,1221,0.5667486,0.2030516,6.5155746,106.2070564,6,2026-06-24,2026-06-24,0.5667486,692,26.3635881548466
152189745,152225705,359,2933,888,0.4042793,0.1036973,6.4803784,55.3979992,6,2026-06-29,2026-06-29,0.4042793,359,18.8059625815215
152013396,152014046,744,1203,1240,0.6184539,0.4379046,6.4459067,115.422086,6,2026-06-24,2026-06-24,0.6184539,744,28.7687766892741
152013396,152014043,741,1203,1230,0.6159601,0.4379433,6.430509,115.231935,6,2026-06-24,2026-06-24,0.6159601,741,28.6527719631211
152013401,152014046,752,1222,1240,0.6153846,0.4397661,6.4038854,117.4287098,6,2026-06-24,2026-06-24,0.6153846,752,28.6260012838762
152189491,152227881,187,2344,315,0.5936508,0.0756472,6.3906276,29.2616017,6,2026-06-29,2026-06-29,0.5936508,187,27.6150046052081
152013401,152014043,749,1222,1230,0.6129296,0.4398121,6.3889134,117.2343335,6,2026-06-24,2026-06-24,0.6129296,749,28.5118014271493
152220820,152222033,304,1253,482,0.6307054,0.2124389,6.3732,47.6997428,6,2026-06-29,2026-06-29,0.6307054,304,29.338682817457
152032534,152033967,351,2514,620,0.566129,0.1261229,6.3619916,55.1714023,7,2026-06-25,2026-06-25,0.566129,351,26.3347660647334
153543727,15372900,168,401,15566,0.4189526,0.0106336,6.3585868,26.4209651,5,2026-07-27,2026-07-28,0.4189526,168,19.4885241936234
152032534,152033974,350,2514,624,0.5608974,0.125538,6.3243415,55.3417302,7,2026-06-25,2026-06-25,0.5608974,350,26.0914064026347
152189745,152190525,764,2933,1227,0.6226569,0.2249706,6.3229961,120.828795,6,2026-06-28,2026-06-28,0.6226569,764,28.9642887046806
152189745,152190530,767,2933,1235,0.6210526,0.2255219,6.3063463,121.6235142,6,2026-06-28,2026-06-28,0.6210526,767,28.8896610752928
151858424,152033967,347,2406,620,0.5596774,0.1295259,6.2981883,55.095209,7,2026-06-25,2026-06-25,0.5596774,347,26.0346553536707
151522262,151873637,2405,8608,3683,0.6530003,0.2432733,6.2901528,382.3436518,10,2026-06-21,2026-06-22,0.6530003,2405,30.3757803269233
148346584,148348047,321,894,2425,0.3590604,0.1070714,6.2863888,51.062702,29,2026-04-07,2026-04-07,0.3590604,321,16.7025035585699
142045089,150293122,324,16652,602,0.538206,0.0191376,6.2701941,51.6730416,23,2026-05-19,2026-05-19,0.538206,324,25.0358648022552
149280754,151934775,1170,10907,1195,0.9790795,0.1070252,6.2654187,186.739316,7,2026-06-23,2026-06-23,0.9790795,1170,45.5440890526296
151858424,152033974,346,2406,624,0.5544872,0.1289121,6.2603643,55.2683488,7,2026-06-25,2026-06-25,0.5544872,346,25.7932215058565
149299454,149368465,193,2257,368,0.5244565,0.0793586,6.2199404,31.0292364,6,2026-04-30,2026-04-30,0.5244565,193,24.3962758287049
152076979,152079192,684,1185,2522,0.5772152,0.2262653,6.2179176,110.0046734,6,2026-06-26,2026-06-26,0.5772152,684,26.850465637705
152076979,152079184,687,1185,1203,0.5797468,0.4038801,6.2136556,110.5629354,6,2026-06-26,2026-06-26,0.5797468,687,26.9682287160308
152076982,152079192,686,1191,2522,0.5759866,0.226627,6.2038626,110.576273,6,2026-06-26,2026-06-26,0.5759866,686,26.793314540363
151890793,152189481,516,4742,885,0.5830508,0.1009587,6.2034929,83.1789452,10,2026-06-28,2026-06-28,0.5830508,516,27.1219217207662
152076982,152079184,689,1191,1203,0.5785055,0.4041056,6.1994584,111.1387411,6,2026-06-26,2026-06-26,0.5785055,689,26.9104868495725
149193695,150361277,869,13476,1414,0.6145686,0.0619785,6.1966613,140.2368068,28,2026-05-21,2026-05-21,0.6145686,869,28.5880432052248
153677506,153850836,229,7046,656,0.3490854,0.0306437,6.1841748,37.0300012,8,2026-08-05,2026-08-05,0.3490854,229,16.2384939574088
143388918,151423938,3893,7064,11622,0.5511042,0.263165,6.1756942,630.3744803,10,2026-06-17,2026-06-21,0.5511042,3893,25.6358536381144
153786355,153786690,273,520,1191,0.525,0.189847,6.1520564,44.3754057,6,2026-08-03,2026-08-03,0.525,273,24.4215579558458
152013396,152013698,658,1203,1194,0.5510888,0.3783784,6.1198377,107.5191918,6,2026-06-24,2026-06-24,0.5510888,658,25.6351372724143
122640925,130267807,293,12773,815,0.3595092,0.0220384,6.1111283,47.9453197,29,2026-03-24,2026-03-24,0.3595092,293,16.7233805018281
152013396,152013711,657,1203,1774,0.5461347,0.2831897,6.1093039,107.5408943,6,2026-06-24,2026-06-24,0.5461347,657,25.4046861480923
152013401,152013698,666,1222,1194,0.5577889,0.3805714,6.0875948,109.4028133,6,2026-06-24,2026-06-24,0.5577889,666,25.9468075209095
152013401,152013711,666,1222,1774,0.5450082,0.2858369,6.0863784,109.4246782,6,2026-06-24,2026-06-24,0.5450082,666,25.3522844623071
153526515,153873978,246,546,3412,0.4505495,0.0662716,6.0735825,40.5032776,16,2026-08-06,2026-08-06,0.4505495,246,20.958325192814
101153588,72216248,21134,59989,71159,0.3522979,0.1921028,6.0480202,3494.366635,22,2026-03-22,2026-06-12,0.3522979,21134,16.387930633472
123591261,145298659,233,353875,563,0.4138544,0.0006578,6.0066425,38.7903893,25,2026-07-27,2026-08-02,0.4138544,233,19.2513699331082
130721274,64155467,255,3142,690,0.3695652,0.0712888,5.9992449,42.505349,6,2026-08-06,2026-08-06,0.3695652,255,17.1911580005024
153786355,153786718,265,520,1184,0.5096154,0.1841557,5.9959957,44.1961623,6,2026-08-03,2026-08-03,0.5096154,265,23.7059086215077
144794196,152020313,621,11251,1277,0.486296,0.0521542,5.9777078,103.8859749,6,2026-06-24,2026-06-25,0.486296,621,22.6211541860876
148766419,148771211,296,6872,510,0.5803922,0.0417725,5.9631296,49.6383646,29,2026-04-16,2026-04-17,0.5803922,296,26.9982509512778
153786295,153786718,596,1213,1184,0.5033784,0.3309273,5.9372039,100.3839539,6,2026-08-03,2026-08-03,0.5033784,596,23.4157805129923
146479618,147863527,6044,20872,15846,0.3814212,0.1970398,5.9172813,1021.4150125,12,2026-04-01,2026-04-25,0.3814212,6044,17.7426665550253
153786295,153786690,594,1213,1191,0.4987406,0.3281768,5.8967899,100.7327732,6,2026-08-03,2026-08-03,0.4987406,594,23.200042795873
103211739,151092171,269,32398,700,0.3842857,0.008194,5.8959793,45.6243123,29,2026-06-06,2026-06-06,0.3842857,269,17.8759152269577
148862849,38805452,274,29099,503,0.5447316,0.0093426,5.8868882,46.5441148,7,2026-04-23,2026-04-26,0.5447316,274,25.3394177900583
153786305,153786718,592,1215,1184,0.5,0.3276148,5.884576,100.6019804,6,2026-08-03,2026-08-03,0.5,592,23.2586266246151
153786305,153786690,590,1215,1191,0.495382,0.3248899,5.8441219,100.9561418,6,2026-08-03,2026-08-03,0.495382,590,23.0438099491101
151873637,151898438,1459,3683,5794,0.3961444,0.1819656,5.8376133,249.9309078,6,2026-06-22,2026-06-24,0.3961444,1459,18.4275493780643
152225419,152225718,279,705,1187,0.3957447,0.1729696,5.7773253,48.2922433,6,2026-06-29,2026-06-29,0.3957447,279,18.4089564319406
151728511,151821173,774,3824,1169,0.6621044,0.1834558,5.7589519,134.3994557,6,2026-06-20,2026-06-20,0.6621044,774,30.7992780522296
148370408,148739621,339,60338,510,0.6647059,0.0056025,5.7475404,58.981752,2,2026-04-16,2026-04-16,0.6647059,339,30.9202926865574
151728511,151803150,769,3824,1166,0.6595197,0.1821843,5.7338773,134.1151828,6,2026-06-20,2026-06-20,0.6595197,769,30.6790449077563
152013698,152014046,621,1194,1240,0.5201005,0.3425262,5.6465685,109.9782994,6,2026-06-24,2026-06-24,0.5201005,621,24.1936466735512
152013698,152014043,620,1194,1230,0.519263,0.3436807,5.6453579,109.8247471,6,2026-06-24,2026-06-24,0.519263,620,24.154688473955
153526515,153724494,221,546,5603,0.4047619,0.0372807,5.641387,39.1747634,6,2026-08-06,2026-08-06,0.4047619,221,18.8284118079396
152013711,152014043,618,1774,1230,0.502439,0.2590109,5.6269131,109.8293129,6,2026-06-24,2026-06-24,0.502439,618,23.3720822052899
152013711,152014046,619,1774,1240,0.4991935,0.2584551,5.6099432,110.339798,6,2026-06-24,2026-06-24,0.4991935,619,23.2211104598696
146701946,147594713,411,15956,942,0.4363057,0.0249287,5.5983493,73.4144969,6,2026-03-22,2026-03-23,0.4363057,411,20.2957427409826
152351621,152593006,434,4915,1211,0.3583815,0.0762474,5.5953957,77.5637725,9,2026-07-05,2026-07-05,0.3583815,434,16.670922995339
150159583,151367350,243,681,4597,0.3568282,0.0482622,5.5461746,43.8139833,6,2026-06-17,2026-06-18,0.3568282,243,16.5986677458669
118585876,151074058,2338,4013,2339,0.9995725,0.5824614,5.5439995,421.7172098,6,2026-06-06,2026-06-07,0.9995725,2338,46.4973671234661
152130438,152134353,345,1248,648,0.5324074,0.2224371,5.5367727,62.3106665,6,2026-06-27,2026-06-27,0.5324074,345,24.7661298575642
152130438,152134316,344,1248,648,0.5308642,0.2216495,5.5211269,62.3061213,6,2026-06-27,2026-06-27,0.5308642,344,24.69434443235
151423938,151881549,1768,11622,3892,0.4542652,0.1286192,5.5107266,320.8288362,10,2026-06-22,2026-06-24,0.4542652,1768,21.1311693507122
146329475,151258463,2653,10392,4515,0.5875969,0.2165007,5.5083371,481.6335628,12,2026-06-12,2026-06-18,0.5875969,2653,27.3333938057626
152020322,152134353,342,2543,648,0.5277778,0.1200421,5.5027331,62.1509332,6,2026-06-27,2026-06-27,0.5277778,342,24.5507735819215
152020322,152134316,341,2543,648,0.5262346,0.1196491,5.4870031,62.1468574,6,2026-06-27,2026-06-27,0.5262346,341,24.4789881567073
152083593,152181096,686,2367,1285,0.5338521,0.2312879,5.4801552,125.1789374,10,2026-06-28,2026-06-28,0.5338521,686,24.8333333333333
152179909,152181096,684,1246,1285,0.5489567,0.3703303,5.4733418,124.9693559,10,2026-06-28,2026-06-28,0.5489567,684,25.5359578367617
152083593,152181077,684,2367,1283,0.5331255,0.2306136,5.4682606,125.085479,10,2026-06-28,2026-06-28,0.5331255,684,24.7995338971224
151005661,151086153,219,17880,364,0.6016484,0.0121498,5.4651323,40.0722226,7,2026-06-07,2026-06-07,0.6016484,219,27.9870309897941
152179909,152181077,682,1246,1283,0.5473515,0.3692474,5.4613555,124.8774232,10,2026-06-28,2026-06-28,0.5473515,682,25.461288341846
149027175,149292574,306,509,1711,0.6011788,0.1598746,5.4562223,56.082759,4,2026-05-10,2026-07-04,0.6011788,306,27.9651864876683
151881549,151881956,586,3892,1153,0.5082394,0.1314196,5.4225311,108.0676152,6,2026-06-22,2026-06-22,0.5082394,586,23.6419008810368
151890793,152145775,524,4742,1168,0.4486301,0.0972893,5.416745,96.7370631,6,2026-06-27,2026-06-27,0.4486301,524,20.8690399769274
151368049,151881956,590,12183,1153,0.5117086,0.046289,5.4112402,109.0323059,6,2026-06-22,2026-06-22,0.5117086,590,23.803278536009
152141549,152145775,520,1240,1168,0.4452055,0.2754237,5.3977085,96.3371764,6,2026-06-27,2026-06-27,0.4452055,520,20.7097369914501
146965381,153643555,289,753,7654,0.3837981,0.0355999,5.3975873,53.542441,6,2026-07-30,2026-07-31,0.3837981,289,17.8532334142734
152189491,152224716,290,2344,558,0.5197133,0.111026,5.3504654,54.2008921,6,2026-06-29,2026-06-29,0.5197133,290,24.1756351930931
146479618,147793945,871,20872,2236,0.3895349,0.039169,5.3467417,162.9029502,10,2026-03-26,2026-03-27,0.3895349,871,18.1200935927135
148862849,149057241,744,29099,1972,0.3772819,0.0245326,5.3286117,139.6236085,6,2026-04-23,2026-04-24,0.3772819,744,17.5501176886507
142720866,147598878,372,818,460,0.8086957,0.410596,5.3264123,69.8406314,4,2026-06-22,2026-07-04,0.8086957,372,37.6183026784634
142951913,147863527,660,1365,15846,0.4835165,0.0398767,5.3090949,124.3149752,8,2026-04-02,2026-04-02,0.4835165,660,22.4918594806814
142951913,147594669,653,1365,24229,0.4783883,0.0261818,5.3061396,123.0649857,8,2026-04-02,2026-04-02,0.4783883,653,22.2533097025687
146490625,150070951,172,29033,447,0.3847875,0.0058687,5.2933739,32.4934539,27,2026-07-27,2026-07-28,0.3847875,172,17.8992575846381
153786295,153786364,536,1213,1185,0.4523207,0.2878625,5.2929245,101.2672679,7,2026-08-03,2026-08-03,0.4523207,536,21.0407165517691
152011803,152013401,608,1246,1222,0.497545,0.3268817,5.2904512,114.9240357,6,2026-06-24,2026-06-24,0.497545,608,23.1444267678882
152189491,152224724,285,2344,555,0.5135135,0.1090283,5.2869123,53.9067005,6,2026-06-29,2026-06-29,0.5135135,285,23.8872375263985
152011803,152013396,597,1246,1203,0.4962594,0.3223542,5.2853746,112.9532059,6,2026-06-24,2026-06-24,0.4962594,597,23.084624187111
153786305,153786364,535,1215,1185,0.4514768,0.2868633,5.2781268,101.3617183,7,2026-08-03,2026-08-03,0.4514768,535,21.001460641752
106168068,113375267,313,752,34074,0.4162234,0.009069,5.2648147,59.4512856,27,2026-03-23,2026-03-27,0.4162234,313,19.3615693060556
152174446,153677733,183,32998,505,0.3623762,0.0054922,5.2615398,34.7806927,29,2026-07-31,2026-07-31,0.3623762,183,16.8567454668937
152196523,152225718,444,2608,1187,0.3740522,0.1324978,5.2431849,84.6813548,6,2026-06-29,2026-06-29,0.3740522,444,17.3998809158317
152011811,152141549,524,2405,1240,0.4225806,0.1678949,5.228615,100.217745,6,2026-06-27,2026-06-27,0.4225806,524,19.6572887884116
152189491,152225718,421,2344,1187,0.3546757,0.1353698,5.2266572,80.5486146,6,2026-06-29,2026-06-29,0.3546757,421,16.498539358248
152011811,152013401,592,2405,1222,0.4844517,0.1950577,5.211168,113.6021715,6,2026-06-24,2026-06-24,0.4844517,592,22.5353624159201
152189745,152225718,440,2933,1187,0.3706824,0.1195652,5.2082432,84.4814613,6,2026-06-29,2026-06-29,0.3706824,440,17.2431270758324
152011811,152013396,580,2405,1203,0.482128,0.1915456,5.1945601,111.6552678,6,2026-06-24,2026-06-24,0.482128,580,22.4272702745448
150159583,151368049,260,681,12183,0.3817915,0.0206284,5.1831714,50.1623387,6,2026-06-17,2026-06-21,0.3817915,260,17.7598918939035
151881536,151940454,1269,3933,3473,0.3653902,0.2067786,5.1761491,245.1629518,8,2026-06-23,2026-06-24,0.3653902,1269,16.9969484681869
151881536,151940437,1271,3933,2879,0.4414727,0.229381,5.1605433,246.2918981,8,2026-06-23,2026-06-24,0.4414727,1271,20.5360973885214
139887843,153399576,172,47007,371,0.4636119,0.0036436,5.135735,33.4908243,29,2026-07-24,2026-07-24,0.4636119,172,21.5659521616568
131118898,147104190,168,367,18508,0.4577657,0.0089806,5.131924,32.7362605,4,2026-03-27,2026-03-27,0.4577657,168,21.2940029957111
148370408,149485604,777,60338,1806,0.4302326,0.0126615,5.0766948,153.0523356,17,2026-05-03,2026-05-03,0.4302326,777,20.0132388102747
118118302,149350328,481,740,13098,0.65,0.0360111,5.0709994,94.8530969,17,2026-05-01,2026-05-02,0.65,481,30.2362146119996
151423938,151881536,1790,11622,3933,0.4551233,0.13004,5.0325598,355.6837988,10,2026-06-22,2026-06-23,0.4551233,1790,21.1710858057253
152174446,153113526,285,32998,642,0.4439252,0.0085444,5.0118398,56.8653454,29,2026-07-17,2026-07-17,0.4439252,285,20.6501809521151
151994283,151995648,556,2593,1221,0.4553645,0.1706568,4.852063,114.5904327,6,2026-06-24,2026-06-24,0.4553645,556,21.1823057672091
142350287,149724966,200,531,16618,0.3766478,0.0118001,4.8001805,41.6650996,8,2026-07-15,2026-07-15,0.3766478,200,17.5206210983654
148484465,148672604,306,48832,313,0.9776358,0.0062655,4.7851103,63.9483687,1,2026-04-14,2026-04-15,0.9776358,306,45.4769320941137
151368049,151423938,4498,12183,11622,0.3870246,0.2329725,4.7786123,941.2774449,10,2026-06-13,2026-06-24,0.3870246,4498,18.003321331882
151994295,151995648,534,2532,1221,0.4373464,0.16589,4.7716969,111.9098754,6,2026-06-24,2026-06-24,0.4373464,534,20.3441532464391
153294150,153411603,195,6262,381,0.511811,0.0302419,4.766299,40.912247,4,2026-07-24,2026-07-24,0.511811,195,23.8080419027417
152351703,152616405,1188,3635,1455,0.8164948,0.3044593,4.7492224,250.1462154,10,2026-07-05,2026-07-05,0.8164948,1188,37.9810953882795
149126021,149350328,315,825,13098,0.3818182,0.0231481,4.7375413,66.4901853,13,2026-05-02,2026-05-02,0.3818182,315,17.7611339045652
151414488,151423938,239,443,11622,0.5395034,0.0202097,4.7343101,50.4825399,6,2026-06-13,2026-06-13,0.5395034,239,25.0962162866207
149677566,149968549,353,1656,755,0.4675497,0.1715258,4.7327674,74.5863831,3,2026-05-13,2026-05-13,0.4675497,353,21.7491278015016
118585876,151072443,217,4013,404,0.5371287,0.0516667,4.7165096,46.008599,6,2026-06-06,2026-06-06,0.5371287,217,24.9857517653298
148484465,97514402,179,48832,394,0.4543147,0.0036496,4.7136546,37.9747806,16,2026-04-14,2026-04-14,0.4543147,179,21.133471954748
151072443,151074058,216,404,2339,0.5346535,0.0854769,4.7133127,45.8276404,6,2026-06-06,2026-06-06,0.5346535,216,24.8706122600873
151414488,151423907,240,443,2345,0.5417607,0.0941915,4.7091681,50.9644152,6,2026-06-13,2026-06-13,0.5417607,240,25.2012196823802
148338283,148832790,204,37765,585,0.3487179,0.0053479,4.7006687,43.3980807,8,2026-04-18,2026-04-18,0.3487179,204,16.2213988668397
151881574,151900865,221,1648,443,0.4988713,0.1181818,4.6952961,47.0683838,6,2026-06-22,2026-06-22,0.4988713,221,23.2061226008727
127779445,153786355,183,29715,520,0.3519231,0.0060894,4.6874536,39.0403868,7,2026-08-03,2026-08-03,0.3519231,183,16.3704959669541
130571655,153724494,228,308,5603,0.7402597,0.0401197,4.672005,48.8013178,6,2026-08-04,2026-08-04,0.7402597,228,34.4348479350991
146329475,151522262,4655,10392,8608,0.540776,0.3245033,4.6487719,1001.3397281,9,2026-06-15,2026-06-20,0.540776,4655,25.1554141431057
152189766,152190525,762,1757,1227,0.6210269,0.3429343,4.6128442,165.1909249,6,2026-06-28,2026-06-28,0.6210269,762,28.8884655818843
152189766,152190530,766,1757,1235,0.6202429,0.344115,4.6065429,166.2852202,6,2026-06-28,2026-06-28,0.6202429,766,28.8519960553369
149037582,149350328,186,467,13098,0.3982869,0.0139024,4.6027551,40.4105795,8,2026-04-30,2026-04-30,0.3982869,186,18.5272125931508
152083593,152085712,480,2367,1159,0.4141501,0.1575837,4.5830908,104.7328138,6,2026-06-26,2026-06-26,0.4141501,480,19.265125084894
152083593,152085714,482,2367,1156,0.416955,0.1585005,4.5828412,105.1749305,6,2026-06-26,2026-06-26,0.416955,482,19.3956013285328
152034011,152085712,483,2498,1159,0.4167386,0.1521739,4.5791006,105.4792277,8,2026-06-26,2026-06-26,0.4167386,483,19.3855349949296
153435823,66228851,180,329,110377,0.5471125,0.0016286,4.5747014,39.3468304,17,2026-07-25,2026-07-25,0.5471125,180,25.4501707183194
152034011,152085714,485,2498,1156,0.4195502,0.1530451,4.5737282,106.0404071,8,2026-06-26,2026-06-26,0.4195502,485,19.5163229041652
146105613,148588315,224,15172,506,0.4426877,0.0144946,4.5633508,49.0867366,4,2026-04-13,2026-04-13,0.4426877,224,20.5926158512192
151411536,27556632,174,494,22311,0.3522267,0.0076886,4.5078352,38.5994587,5,2026-06-14,2026-06-18,0.3522267,174,16.3846186050406
142327375,148856537,1179,172734,1999,0.5897949,0.0067933,4.4989594,262.0605972,16,2026-04-18,2026-04-18,0.5897949,1179,27.4356387284044
152979539,152979882,199,482,42077,0.4128631,0.0046978,4.4836229,44.3837504,27,2026-07-14,2026-07-14,0.4128631,199,19.2052573799622
146490625,150286144,184,29033,422,0.436019,0.0062861,4.4750681,41.1166929,27,2026-05-19,2026-05-19,0.436019,184,20.2824062444761
139698181,148338283,188,442,37765,0.4253394,0.0049449,4.4622774,42.1309531,7,2026-04-12,2026-04-12,0.4253394,188,19.7856205866756
151005661,151338539,183,17880,444,0.4121622,0.0100876,4.4481457,41.1407386,2,2026-06-11,2026-06-12,0.4121622,183,19.1726534371598
153260381,153520469,398,8631,1104,0.3605072,0.0426261,4.4129681,90.188733,6,2026-07-29,2026-07-29,0.3605072,398,16.7698047205709
148798931,149831906,209,60235,353,0.592068,0.0034615,4.4008349,47.4909883,17,2026-05-10,2026-05-10,0.592068,209,27.5413770967652
136954662,137696419,321,12748,540,0.5944444,0.0247551,4.3876223,73.160354,5,2026-03-31,2026-03-31,0.5944444,321,27.6519206973867
151881549,151937640,504,3892,1221,0.4127764,0.1093513,4.3841705,114.9590323,6,2026-06-23,2026-06-23,0.4127764,504,19.2012243341055
151368049,151937640,506,12183,1221,0.4144144,0.0392309,4.3834311,115.4346885,6,2026-06-23,2026-06-23,0.4144144,506,19.2774195949278
136233221,153721706,168,13756,350,0.48,0.0120534,4.3815119,38.3429289,5,2026-08-02,2026-08-02,0.48,168,22.3282815596305
152189745,152224716,245,2933,558,0.4390681,0.0754775,4.3799036,55.9373038,6,2026-06-29,2026-06-29,0.4390681,245,20.4242420013583
142668385,152846960,182,91047,375,0.4853333,0.0019947,4.3733724,41.615482,27,2026-07-11,2026-07-11,0.4853333,182,22.5763720263846
152196523,152224716,245,2608,558,0.4390681,0.0838754,4.3655671,56.1210023,6,2026-06-29,2026-06-29,0.4390681,245,20.4242420013583
152221047,152222020,305,728,1214,0.418956,0.1863164,4.364299,69.8852217,6,2026-06-29,2026-06-29,0.418956,305,19.4886823522845
113019101,148798931,249,417,60235,0.5971223,0.0041223,4.3450097,57.3071212,17,2026-05-10,2026-05-10,0.5971223,249,27.7764892498628
152189745,152224724,241,2933,555,0.4342342,0.0742224,4.331584,55.6378454,6,2026-06-29,2026-06-29,0.4342342,241,20.1993822508769
148862849,149536758,193,29099,445,0.4337079,0.0065756,4.3188619,44.6876991,8,2026-05-04,2026-05-04,0.4337079,193,20.1749002204918
152196523,152224724,241,2608,555,0.4342342,0.0824778,4.317406,55.820555,6,2026-06-29,2026-06-29,0.4342342,241,20.1993822508769
148484465,148677302,225,48832,378,0.5952381,0.0045932,4.30974,52.2073262,17,2026-04-14,2026-04-15,0.5952381,225,27.6888414412906
148541506,152305904,391,41768,1024,0.3818359,0.0092215,4.2982112,90.968075,28,2026-07-17,2026-07-17,0.3818359,391,17.7619572599477
152979882,153117382,507,42077,943,0.5376458,0.0119258,4.2927726,118.1054873,17,2026-07-17,2026-07-18,0.5376458,507,25.0098058369849
153517255,153677506,237,329,7046,0.7203647,0.0332026,4.2891601,55.2555737,4,2026-08-01,2026-08-01,0.7203647,237,33.5093871817057
151881536,151881956,611,3933,1153,0.5299219,0.1365363,4.2883424,142.4792949,6,2026-06-22,2026-06-22,0.5299219,611,24.6505112246132
153786305,153786355,191,1215,520,0.3673077,0.1237047,4.2700791,44.7298502,7,2026-08-03,2026-08-03,0.3673077,191,17.0861453012923
153786295,153786355,191,1213,520,0.3673077,0.1238651,4.266283,44.769651,7,2026-08-03,2026-08-03,0.3673077,191,17.0861453012923
122553987,147229984,589,8938,1290,0.4565891,0.0611059,4.2623149,138.1878181,16,2026-03-22,2026-03-22,0.4565891,589,21.2392707955381
152309755,153837820,504,3451,1200,0.42,0.1215336,4.1811417,120.5412396,7,2026-08-04,2026-08-04,0.42,504,19.5372463646767
152309755,153837827,504,3451,1201,0.4196503,0.1215043,4.1786962,120.6117835,7,2026-08-04,2026-08-04,0.4196503,504,19.5209792812154
153812970,19619027,239,328,86903,0.7286585,0.0027474,4.1783765,57.1992491,29,2026-08-04,2026-08-04,0.7286585,239,33.8951919767042
153837820,153839879,504,1200,1224,0.42,0.2625,4.1722619,120.797785,7,2026-08-04,2026-08-04,0.42,504,19.5372463646767
153837827,153839879,504,1201,1224,0.4196503,0.2623634,4.1699403,120.8650394,7,2026-08-04,2026-08-04,0.4196503,504,19.5209792812154
151368049,151745116,1634,12183,4107,0.3978573,0.1114902,4.1562156,393.1461148,6,2026-06-19,2026-06-21,0.3978573,1634,18.5072287811549
19619027,77376268,273,86903,348,0.7844828,0.0031387,4.1194607,66.2708101,29,2026-07-28,2026-07-28,0.7844828,273,36.4919850772652
143388918,151745116,1575,7064,4107,0.3834916,0.1641309,4.1099374,383.2175132,6,2026-06-19,2026-06-21,0.3834916,1575,17.8389758761525
152979882,153155990,199,42077,316,0.6297468,0.0047163,4.0914391,48.6381432,17,2026-07-18,2026-07-18,0.6297468,199,29.2940913784923
152979882,153153763,195,42077,330,0.5909091,0.0046195,4.0817157,47.7740281,17,2026-07-18,2026-07-18,0.5909091,195,27.4874682519747
118585876,151104426,1215,4013,1324,0.9176737,0.2947598,4.0610892,299.1808236,7,2026-06-07,2026-06-08,0.9176737,1215,42.687659903058
130016579,148249329,181,28730,407,0.4447174,0.0062509,4.051854,44.6709092,4,2026-04-05,2026-04-05,0.4447174,181,20.6870319201392
149350328,149430479,376,13098,655,0.5740458,0.0281079,4.0305048,93.2885638,17,2026-05-01,2026-05-01,0.5740458,376,26.7030338552569
148370408,148444330,234,60338,594,0.3939394,0.0038552,4.0230854,58.1643127,12,2026-04-09,2026-05-03,0.3939394,234,18.3249788346498
123591261,147779515,222,353875,543,0.4088398,0.0006268,4.0213007,55.2060188,27,2026-04-21,2026-04-28,0.4088398,222,19.0181045149646
151937640,151940454,564,1221,3473,0.4619165,0.1365617,4.0183957,140.3545213,6,2026-06-23,2026-06-23,0.4619165,564,21.487086810498
145545612,147104190,181,305,18508,0.5934426,0.0097145,4.0158206,45.0717348,6,2026-04-08,2026-04-13,0.5934426,181,27.6053197130816
151937640,151940437,560,1221,2879,0.4586405,0.1581921,3.9952134,140.1677317,6,2026-06-23,2026-06-23,0.4586405,560,21.3346962888535
151881549,151933625,501,3892,1335,0.3752809,0.1060093,3.9858077,125.6959791,6,2026-06-23,2026-06-23,0.3752809,501,17.457036664899
151368049,151933625,503,12183,1335,0.376779,0.0386477,3.9851831,126.2175384,6,2026-06-23,2026-06-23,0.376779,503,17.5267241619917
104817820,150270147,197,377,1999,0.5225464,0.0904084,3.9784218,49.5171223,4,2026-05-19,2026-05-19,0.5225464,197,24.3074232232735
142327375,147931838,390,172734,945,0.4126984,0.0022506,3.9765376,98.0752695,8,2026-03-29,2026-03-29,0.4126984,390,19.1975959883521
152011803,152013698,429,1246,1194,0.3592965,0.2133267,3.9763858,107.8869169,6,2026-06-24,2026-06-24,0.3592965,429,16.713486282062
141125415,152979882,1721,2508,42077,0.6862041,0.0401502,3.9440124,436.3576563,6,2026-07-18,2026-07-18,0.6862041,1721,31.92032990036
140445138,143074510,250,13093,305,0.8196721,0.0190143,3.9368642,63.5023182,6,2026-03-21,2026-03-22,0.8196721,250,38.1288946570283
153669849,153724494,179,314,5603,0.5700637,0.0311955,3.9187054,45.6783513,4,2026-08-05,2026-08-06,0.5700637,179,26.5177975010932
152011811,152013698,418,2405,1194,0.3500838,0.1314052,3.9186514,106.6693515,6,2026-06-24,2026-06-24,0.3500838,418,16.2849367830528
118585876,151069411,223,4013,499,0.4468938,0.0519935,3.910419,57.0271371,6,2026-06-06,2026-06-06,0.4468938,223,20.7882720701108
151069411,151074058,222,499,2339,0.4448898,0.0848624,3.9077733,56.8098457,6,2026-06-06,2026-06-06,0.4448898,222,20.6950514945993
151005661,151026220,229,17880,598,0.3829431,0.0125486,3.907428,58.6063261,8,2026-06-11,2026-06-11,0.3829431,229,17.8134611627453
148484465,98277366,227,48832,612,0.370915,0.0046122,3.8989202,58.2212478,4,2026-04-14,2026-04-15,0.370915,227,17.2539469889382
148705414,148706202,193,725,515,0.3747573,0.1843362,3.889481,49.6210169,3,2026-04-15,2026-04-16,0.3747573,193,17.4326802310977
153811181,19619027,305,454,86903,0.6718062,0.0035037,3.8695024,78.8215049,17,2026-08-04,2026-08-04,0.6718062,305,31.250579139803
152979882,153156827,180,42077,342,0.5263158,0.0042615,3.8669417,46.5484135,17,2026-07-18,2026-07-18,0.5263158,180,24.4827653576712
149280754,151881574,1234,10907,1648,0.7487864,0.109001,3.8516704,320.3804731,6,2026-06-22,2026-06-22,0.7487864,1234,34.8314865983793
153811326,19619027,289,433,86903,0.6674365,0.00332,3.8398361,75.2636289,17,2026-08-04,2026-08-04,0.6674365,289,31.0473126982798
148338283,148701452,367,37765,707,0.5190948,0.0096313,3.8346251,95.7068799,7,2026-04-15,2026-04-18,0.5190948,367,24.1468642719585
148602579,148739621,335,9094,510,0.6568627,0.036142,3.8204746,87.6854419,2,2026-04-16,2026-04-16,0.6568627,335,30.5554485658731
151423750,151423938,1631,4609,11622,0.3538729,0.1117123,3.811945,427.8655615,6,2026-06-13,2026-06-21,0.3538729,1631,16.4611953073395
152972998,19619027,252,398,86903,0.6331658,0.0028949,3.8097081,66.1467992,28,2026-07-25,2026-07-25,0.6331658,252,29.4531338673514
147104190,148903529,167,18508,379,0.4406332,0.0089209,3.8080432,43.854545,3,2026-04-20,2026-04-20,0.4406332,167,20.4970461544187
152877385,65601368,408,1927,854,0.4777518,0.1719343,3.7710845,108.1916898,10,2026-08-03,2026-08-03,0.4777518,408,22.2237014708755
129533265,147214919,368,59198,881,0.4177072,0.006163,3.7693955,97.6283863,29,2026-04-10,2026-04-12,0.4177072,368,19.4305916064268
152729733,152759901,199,2218,553,0.3598553,0.0773717,3.7687287,52.8029516,3,2026-07-09,2026-07-11,0.3598553,199,16.7394801231777
152979882,153153180,191,42077,326,0.5858896,0.0045248,3.7587272,50.815074,17,2026-07-18,2026-07-18,0.5858896,191,27.2539748992901
142668385,152852830,194,91047,466,0.416309,0.0021244,3.754137,51.676324,28,2026-07-11,2026-07-11,0.416309,194,19.3655511829337
152979882,48303491,185,42077,398,0.4648241,0.0043746,3.7496158,49.3383887,17,2026-07-15,2026-07-16,0.4648241,185,21.6223403760455
151522262,151729835,1201,8608,2510,0.4784861,0.1211052,3.7426305,320.897291,6,2026-06-20,2026-06-21,0.4784861,1201,22.2578590899365
141823875,151935194,205,12148,525,0.3904762,0.0164421,3.731003,54.9450103,4,2026-06-25,2026-06-28,0.3904762,205,18.163880283197
151886373,151890789,482,1094,1166,0.440585,0.2710911,3.7289311,129.2595605,6,2026-06-22,2026-06-22,0.440585,482,20.4948040228121
151886373,151890793,488,1094,4742,0.4460695,0.0912491,3.7180598,131.2512508,6,2026-06-22,2026-06-22,0.4460695,488,20.7499278982575
142715512,149292574,1228,1654,1711,0.7424426,0.5746373,3.6809154,333.6126696,4,2026-07-02,2026-07-05,0.7424426,1228,34.5363904472169
113375267,145758624,336,34074,837,0.4014337,0.009718,3.6715282,91.5150261,25,2026-03-23,2026-03-28,0.4014337,336,18.6735930856755
141125373,152983879,218,3766,550,0.3963636,0.0531967,3.656476,59.6202459,7,2026-07-14,2026-07-14,0.3963636,218,18.4377459599766
151933625,151940454,559,1335,3473,0.4187266,0.1315604,3.6438146,153.4106613,6,2026-06-23,2026-06-23,0.4187266,559,19.4780112943891
151871947,151881549,443,1152,3892,0.3845486,0.0962834,3.642406,121.6229057,6,2026-06-22,2026-06-22,0.3845486,443,17.8881446128369
151871913,151881549,437,1132,3892,0.3860424,0.0952692,3.6414378,120.0075408,6,2026-06-22,2026-06-22,0.3860424,437,17.9576320857406
123591261,84435804,258,353875,656,0.3932927,0.0007283,3.6337533,71.0009675,28,2026-04-20,2026-07-22,0.3932927,258,18.2948961269735
153886729,63958155,252,2368,476,0.5294118,0.0972222,3.626555,69.4874338,6,2026-08-06,2026-08-06,0.5294118,252,24.6267827737308
151933625,151940437,555,1335,2879,0.4157303,0.1516808,3.6225625,153.2064648,6,2026-06-23,2026-06-23,0.4157303,555,19.3386316484784
150077768,150482884,258,539,1671,0.4786642,0.1321721,3.5871139,71.9241162,4,2026-05-23,2026-05-24,0.4786642,258,22.2661438127401
146105613,148256609,182,15172,345,0.5275362,0.0118683,3.5668613,51.0252534,5,2026-04-06,2026-04-08,0.5275362,182,24.5395350135365
123591261,148021491,231,353875,525,0.44,0.0006522,3.5634097,64.8255513,28,2026-04-01,2026-04-21,0.44,231,20.4675914296613
130491909,142327375,245,327,172734,0.7492355,0.0014177,3.5596144,68.8276801,17,2026-04-18,2026-04-19,0.7492355,245,34.8523774968136
146554769,147869991,251,20476,714,0.3515406,0.0119872,3.5519331,70.6657449,21,2026-03-28,2026-03-29,0.3515406,251,16.3527031175863
152829936,19619027,259,712,86903,0.363764,0.0029649,3.5386961,73.1908001,29,2026-07-28,2026-07-28,0.363764,259,16.921302110953
121732938,148780974,180,110007,503,0.3578529,0.0016315,3.5351849,50.9167145,28,2026-04-17,2026-04-17,0.3578529,180,16.6463339752714
147684953,151384090,268,19519,376,0.712766,0.0136547,3.5344413,75.8252789,4,2026-06-12,2026-06-12,0.712766,268,33.1559165294408
152979882,153027790,200,42077,363,0.5509642,0.0047348,3.5229831,56.77007,4,2026-07-20,2026-07-23,0.5509642,200,25.6293412226595
153587778,19619027,240,322,86903,0.7453416,0.0027591,3.5147208,68.2842282,29,2026-07-29,2026-07-29,0.7453416,240,34.6712439643864
146329475,151572048,1104,10392,2344,0.4709898,0.0949106,3.5105859,314.4774168,6,2026-06-16,2026-06-16,0.4709898,1104,21.9091518044043
110122503,152979882,196,562,42077,0.3487544,0.004618,3.5005375,55.9914021,17,2026-07-18,2026-07-18,0.3487544,196,16.2230967465833
151871913,151881536,556,1132,3933,0.4911661,0.1233089,3.4901634,159.304861,6,2026-06-22,2026-06-22,0.4911661,556,22.8476978611367
151871947,151881536,563,1152,3933,0.4887153,0.1245024,3.4885327,161.3859053,6,2026-06-22,2026-06-22,0.4887153,563,22.7336933768735
151937061,151948137,527,2803,1236,0.4263754,0.1500569,3.4809874,151.3938268,6,2026-06-23,2026-06-23,0.4263754,527,19.8338124610418
151937061,151948104,526,2803,1234,0.4262561,0.1498149,3.4775635,151.2553254,6,2026-06-23,2026-06-23,0.4262561,526,19.8282629527292
151898438,151948137,527,5794,1236,0.4263754,0.0810395,3.4727113,151.7546249,6,2026-06-23,2026-06-23,0.4263754,527,19.8338124610418
151898438,151948104,526,5794,1234,0.4262561,0.0808982,3.4692982,151.6156776,6,2026-06-23,2026-06-23,0.4262561,526,19.8282629527292
142327375,148861859,313,172734,477,0.6561845,0.0018103,3.4373016,91.0598019,17,2026-04-18,2026-04-19,0.6561845,313,30.5239005647195
151937061,151937640,512,2803,1221,0.4193284,0.1457859,3.4343616,149.081564,6,2026-06-23,2026-06-23,0.4193284,512,19.5060053773945
151871947,151886373,402,1152,1094,0.3674589,0.2180043,3.4293395,117.2237395,6,2026-06-22,2026-06-22,0.3674589,402,17.0931787099835
151898438,151937640,512,5794,1221,0.4193284,0.0787329,3.4255934,149.4631575,6,2026-06-23,2026-06-23,0.4193284,512,19.5060053773945
153588432,19619027,243,334,86903,0.7275449,0.0027933,3.4152253,71.1519685,29,2026-07-29,2026-07-29,0.7275449,243,33.8433903634858
151871913,151886373,394,1132,1094,0.3601463,0.2150655,3.4059292,115.6806181,6,2026-06-22,2026-06-22,0.3601463,394,16.7530166438732
153586841,19619027,320,444,86903,0.7207207,0.003677,3.40257,94.0465603,29,2026-07-29,2026-07-29,0.7207207,320,33.5259473238624
139468086,153445093,174,413,12823,0.4213075,0.0133211,3.3881137,51.356009,4,2026-07-25,2026-07-27,0.4213075,174,19.5980676733
142078611,149262673,342,81574,730,0.4684932,0.0041727,3.380828,101.158651,4,2026-04-28,2026-04-28,0.4684932,342,21.7930168299422
148602579,148686878,689,9094,1652,0.4170702,0.0685095,3.3626016,204.9008736,4,2026-04-15,2026-04-15,0.4170702,689,19.4009601161071
148456890,148463264,221,1775,474,0.4662447,0.1089744,3.3588295,65.796731,4,2026-04-10,2026-04-10,0.4662447,221,21.6884227860113
123591261,148002753,338,353875,763,0.4429882,0.000954,3.3476064,100.9676634,29,2026-03-31,2026-05-09,0.4429882,338,20.6065942858206
125542962,148338283,663,1184,37765,0.5599662,0.017317,3.3453667,198.1845518,6,2026-04-20,2026-04-20,0.5599662,663,26.0480895364091
129533265,148499121,179,59198,311,0.5755627,0.003017,3.3186879,53.9369789,29,2026-04-10,2026-04-10,0.5755627,179,26.7735958767107
153633874,66228851,186,309,110377,0.6019417,0.0016833,3.3096093,56.1999878,17,2026-07-30,2026-07-30,0.6019417,186,28.0006745001721
153633367,66228851,188,318,110377,0.591195,0.0017012,3.3043728,56.8943064,17,2026-07-30,2026-07-30,0.591195,188,27.5007675346786
137377337,150640030,223,33842,618,0.3608414,0.0065134,3.2837188,67.9108081,29,2026-05-27,2026-06-17,0.3608414,223,16.7853507866068
145005802,148249329,199,9702,407,0.4889435,0.0200807,3.2767028,60.7317811,4,2026-04-05,2026-04-05,0.4889435,199,22.744308614065
153631504,66228851,185,335,110377,0.5522388,0.0016738,3.2735711,56.5132072,17,2026-07-30,2026-07-30,0.5522388,185,25.688632113651
147705663,149022230,280,37893,619,0.4523425,0.0073237,3.2589328,85.9176977,28,2026-04-22,2026-04-22,0.4523425,280,21.0417306278899
153724494,153794083,200,5603,512,0.390625,0.0338123,3.2534959,61.4723385,4,2026-08-04,2026-08-06,0.390625,200,18.1708020504805
152883002,152979882,214,359,42077,0.5961003,0.0050684,3.2516764,65.8122063,14,2026-07-14,2026-07-18,0.5961003,214,27.7289486170421
136162889,80385852,227,539,85725,0.4211503,0.0026384,3.2397585,70.0669502,5,2026-03-22,2026-03-26,0.4211503,227,19.5907551610892
153587216,19619027,235,340,86903,0.6911765,0.0027009,3.2348632,72.6460387,28,2026-07-29,2026-07-29,0.6911765,235,32.1516322904165
152752781,152839673,205,785,321,0.6386293,0.227525,3.2203328,63.658016,1,2026-07-10,2026-07-12,0.6386293,205,29.7072808804786
101912974,148058477,168,408,1847,0.4117647,0.0804983,3.2018333,52.4699393,6,2026-04-20,2026-04-20,0.4117647,168,19.1541628289933
147214454,151881956,506,4349,1153,0.4388552,0.101281,3.1973338,158.2568576,10,2026-06-22,2026-06-22,0.4388552,506,20.4143384781415
153463137,66228851,246,628,110377,0.3917197,0.002221,3.1960655,76.9696357,16,2026-07-25,2026-07-25,0.3917197,246,18.2217244876125
143388918,151742247,893,7064,2304,0.3875868,0.1053687,3.1909653,279.8526243,6,2026-06-19,2026-06-21,0.3875868,893,18.0294733316587
148862849,149537231,230,29099,408,0.5637255,0.007856,3.1904431,72.0903002,8,2026-05-04,2026-05-14,0.5637255,230,26.2229618465489
139514493,148484465,297,328,48832,0.9054878,0.0060782,3.1776605,93.4649884,7,2026-04-14,2026-04-15,0.9054878,297,42.1208053066882
145846574,149677477,255,484046,316,0.806962,0.0005267,3.1637047,80.6017077,29,2026-05-07,2026-05-15,0.806962,255,37.5376557165052
151368049,151871947,449,12183,1152,0.3897569,0.034844,3.1615709,142.0180091,6,2026-06-22,2026-06-22,0.3897569,449,18.1304204229349
151368049,151871913,443,12183,1132,0.3913428,0.0344158,3.1584994,140.2564786,6,2026-06-22,2026-06-22,0.3913428,443,18.2041921348628
153589507,19619027,209,313,86903,0.6677316,0.0024021,3.1568283,66.2056921,26,2026-07-29,2026-07-29,0.6677316,209,31.0610399397136
148370408,149464231,172,60338,484,0.3553719,0.0028359,3.1456757,54.6782369,17,2026-05-03,2026-05-03,0.3553719,172,16.5309246699601
123591261,147705663,18535,353875,37893,0.4891405,0.0496607,3.1432593,5896.7455336,29,2026-03-30,2026-04-23,0.4891405,18535,22.7534725129551
153588834,19619027,225,337,86903,0.6676558,0.0025858,3.1419529,71.6115133,29,2026-07-29,2026-07-29,0.6676558,225,31.0575139319173
142668385,149435631,185,91047,467,0.3961456,0.0020256,3.1373447,58.9670614,29,2026-07-10,2026-07-11,0.3961456,185,18.4276051987682
140809097,145846574,373,686,484046,0.5437318,0.0007701,3.1231259,119.4316232,29,2026-04-09,2026-07-18,0.5437318,373,25.2929098402598
145846574,149825969,210,484046,508,0.4133858,0.0004336,3.1200671,67.3062446,15,2026-05-11,2026-05-12,0.4133858,210,19.2295719482356
151933625,151937061,508,1335,2803,0.3805243,0.1399449,3.1186653,162.8901978,6,2026-06-23,2026-06-23,0.3805243,508,17.700945230586
146671258,81811234,395,1142,17191,0.3458844,0.0220203,3.1128306,126.8941509,6,2026-03-22,2026-03-22,0.3458844,395,16.089592229758
151423750,151742247,858,4609,2304,0.3723958,0.1417011,3.1126727,275.6473572,6,2026-06-19,2026-06-21,0.3723958,858,17.3228297375497
148484465,148681148,308,48832,469,0.6567164,0.0062866,3.1120682,98.9695525,17,2026-04-14,2026-04-15,0.6567164,308,30.5486430917227
151898438,151933625,508,5794,1335,0.3805243,0.0767256,3.1107667,163.3037933,6,2026-06-23,2026-06-23,0.3805243,508,17.700945230586
153581318,19619027,189,305,86903,0.6196721,0.0021719,3.1056689,60.8564556,29,2026-07-28,2026-07-29,0.6196721,189,28.8254440071823
123884962,19619027,616,1338,86903,0.4603886,0.00703,3.099497,198.7419232,29,2026-07-25,2026-08-05,0.4603886,616,21.4160130992585
112738117,151005661,195,543,17880,0.359116,0.0106978,3.0965644,62.9730156,7,2026-06-04,2026-06-12,0.359116,195,16.7050899178505
136233221,152555087,220,13756,589,0.3735144,0.0155752,3.0936053,71.1144382,5,2026-07-19,2026-07-26,0.3735144,220,17.3748639370342
151368049,151742247,899,12183,2304,0.390191,0.0661613,3.0909396,290.8500736,6,2026-06-19,2026-06-21,0.390191,899,18.1506135625704
147214454,151886373,561,4349,1094,0.5127971,0.1149119,3.0746534,182.4595886,6,2026-06-22,2026-06-22,0.5127971,561,23.8539125661708
123591261,147214919,420,353875,881,0.476731,0.0011853,3.0660307,136.9849291,29,2026-04-10,2026-04-12,0.476731,420,22.1762166587587
153616502,66228851,212,336,110377,0.6309524,0.0019185,3.0530988,69.4376488,13,2026-07-30,2026-07-30,0.6309524,212,29.3501725790096
146681748,81811234,170,307,17191,0.5537459,0.0098107,3.0530058,55.6828295,3,2026-03-22,2026-03-28,0.5537459,170,25.7587382660229
151881549,151886373,384,3892,1094,0.3510055,0.083442,3.0482876,125.9723662,6,2026-06-22,2026-06-22,0.3510055,384,16.3278117353727
152577793,19619027,555,1135,86903,0.4889868,0.0063441,3.0435091,182.3552964,29,2026-07-29,2026-07-29,0.4889868,555,22.7463228111306
115295631,147707637,3650,27691,7738,0.4716981,0.1148557,3.0262166,1206.1264892,28,2026-03-23,2026-03-24,0.4716981,3650,21.9420999748807
123657273,145438335,186,29215,535,0.3476636,0.0062914,3.0197082,61.595356,5,2026-05-08,2026-05-10,0.3476636,186,16.172355726739
151368049,151886373,384,12183,1094,0.3510055,0.0297836,3.0195507,127.1712388,6,2026-06-22,2026-06-22,0.3510055,384,16.3278117353727
152979882,153049006,169,42077,444,0.3806306,0.0039904,3.0106798,56.1335021,13,2026-07-15,2026-07-16,0.3806306,169,17.7058900146064
150822262,152979882,382,565,42077,0.6761062,0.0090393,3.0021485,127.242206,13,2026-07-15,2026-07-15,0.6761062,382,31.4506033287746
103293925,152979882,551,982,42077,0.5610998,0.0129623,3.0004173,183.641122,14,2026-07-14,2026-07-15,0.5610998,551,26.1008214946924
148433417,148561468,205,310,1872,0.6612903,0.1036925,2.9923332,68.5084125,4,2026-04-12,2026-04-12,0.6612903,205,30.7614083563594
123522051,140445138,197,484,13093,0.4070248,0.0147235,2.9922541,65.8366549,15,2026-03-21,2026-03-22,0.4070248,197,18.9336757003172
146701946,148539710,210,15956,342,0.6140351,0.0130532,2.9861706,70.3241804,8,2026-04-11,2026-04-12,0.6140351,210,28.5632262506164
147880914,148484465,277,596,48832,0.4647651,0.0056357,2.9849317,92.799442,13,2026-04-14,2026-04-15,0.4647651,277,21.6195958581038
151423780,151742247,858,6340,2304,0.3723958,0.1101978,2.982499,287.6782177,6,2026-06-19,2026-06-21,0.3723958,858,17.3228297375497
147203341,149343340,515,14196,1187,0.4338669,0.0346381,2.978689,172.8948539,3,2026-04-30,2026-05-04,0.4338669,515,20.1822964637584
123591261,150130238,178,353875,476,0.3739496,0.0005026,2.9602464,60.1301307,27,2026-07-11,2026-08-03,0.3739496,178,17.3951082456483
147214454,151871947,511,4349,1152,0.4435764,0.1024048,2.9557272,172.8846974,6,2026-06-22,2026-06-22,0.4435764,511,20.6339557341818
147214454,151871913,501,4349,1132,0.4425795,0.1006024,2.9386072,170.4889331,6,2026-06-22,2026-06-22,0.4425795,501,20.5875826844177
121732938,148433417,297,110007,310,0.9580645,0.0026995,2.9378334,101.0949088,6,2026-04-12,2026-04-12,0.9580645,297,44.5665289755971
152958754,152979882,311,698,42077,0.4455587,0.0073239,2.9316921,106.0820824,7,2026-07-14,2026-07-15,0.4455587,311,20.7261668852978
113139704,145846574,183,409,484046,0.4474328,0.0003779,2.926559,62.5307734,28,2026-04-08,2026-07-21,0.4474328,183,20.8133448696121
146329475,151821173,766,10392,1169,0.6552609,0.0709588,2.9223583,262.1170743,6,2026-06-20,2026-06-20,0.6552609,766,30.4809372296185
146329475,151803150,761,10392,1166,0.6526587,0.0704825,2.9096194,261.5462393,6,2026-06-20,2026-06-20,0.6526587,761,30.3598900332133
150202051,80385852,227,645,85725,0.351938,0.0026352,2.9066931,78.0956199,4,2026-05-18,2026-05-18,0.351938,227,16.3711890740276
137696419,146557768,350,540,7431,0.6481481,0.0459257,2.8928158,120.989385,5,2026-03-31,2026-03-31,0.6481481,350,30.1500693107073
152351703,152593006,436,3635,1211,0.360033,0.0988662,2.8732079,151.746766,8,2026-07-05,2026-07-05,0.360033,436,16.7477462390801
152979882,98669985,2790,42077,3589,0.7773753,0.0650714,2.8664313,973.3357234,17,2026-07-15,2026-07-15,0.7773753,2790,36.1613636997963
129475189,19619027,500,966,86903,0.5175983,0.0057229,2.863711,174.5986269,29,2026-07-29,2026-08-05,0.5175983,500,24.077251202471
148225606,152979882,171,433,42077,0.3949192,0.0040388,2.8570142,59.8526942,9,2026-07-15,2026-07-22,0.3949192,171,18.3705564393834
148484465,148673437,391,48832,743,0.526245,0.0079497,2.8539897,137.0011935,15,2026-04-14,2026-04-16,0.526245,391,24.4794719361411
147104190,147675464,3406,18508,5811,0.5861298,0.1628652,2.8508043,1194.750529,6,2026-04-06,2026-04-20,0.5861298,3406,27.2651483435206
153465642,66228851,235,531,110377,0.4425612,0.0021234,2.84556,82.5847977,12,2026-07-25,2026-07-30,0.4425612,235,20.5867314186832
146892789,147383252,1878,1878,12508,1,0.1501439,2.8354713,662.323748,6,2026-03-28,2026-03-28,1,1878,46.5172532492301
148338283,148862366,1297,37765,3105,0.4177134,0.0327749,2.8329351,457.8290553,8,2026-04-18,2026-04-20,0.4177134,1297,19.430880013397
152721540,152731924,169,477,3110,0.3542977,0.0494441,2.8314967,59.6857488,3,2026-07-08,2026-07-14,0.3542977,169,16.4809558365198
152979882,153050087,235,42077,422,0.556872,0.0055603,2.8070849,83.7167402,17,2026-07-15,2026-07-15,0.556872,235,25.9041558514053
139301993,139990304,199,340,52682,0.5852941,0.0037673,2.8057983,70.9245572,6,2026-04-24,2026-04-24,0.5852941,199,27.2262738749802
151244645,19619027,246,467,86903,0.5267666,0.0028236,2.8000791,87.8546596,10,2026-07-28,2026-08-05,0.5267666,246,24.5037353354359
147024262,148295582,178,316,5537,0.5632911,0.0313656,2.7953754,63.6765985,2,2026-04-18,2026-04-18,0.5632911,178,26.2027547517374
153630472,66228851,351,418,110377,0.8397129,0.0031781,2.7905601,125.7812024,7,2026-07-30,2026-07-30,0.8397129,351,39.0611376259455
142715512,146810177,328,1654,492,0.6666667,0.180418,2.7848074,117.7819332,4,2026-06-28,2026-07-04,0.6666667,328,31.0115037167285
123591261,140445138,8917,353875,13093,0.6810509,0.0249043,2.7632963,3226.9431659,28,2026-04-21,2026-04-22,0.6810509,8917,31.6806171909161
118407181,142668385,231,517,91047,0.4468085,0.0025292,2.7618549,83.6394423,6,2026-04-25,2026-04-25,0.4468085,231,20.7843041484086
146490510,148615223,407,27288,967,0.4208893,0.0146151,2.7564934,147.6513624,19,2026-04-13,2026-04-17,0.4208893,407,19.5786141579912
142290432,146701946,219,300,15956,0.73,0.0136559,2.7563707,79.4523042,7,2026-04-12,2026-04-12,0.73,219,33.957594871938
146490625,153568274,292,29033,561,0.5204991,0.0099652,2.7405919,106.5463269,29,2026-07-28,2026-07-29,0.5204991,292,24.2121884506964
123591261,139981367,202,353875,347,0.5821326,0.0005706,2.7354995,73.843917,29,2026-03-31,2026-06-23,0.5821326,202,27.0792095788328
141823875,152189481,334,12148,885,0.3774011,0.0263013,2.7282345,122.4234944,4,2026-06-28,2026-06-28,0.3774011,334,17.555662545238
146329475,151718449,626,10392,1271,0.4925256,0.0567183,2.7235007,229.851236,6,2026-06-18,2026-06-18,0.4925256,626,22.910938066929
151881536,151890789,479,3933,1166,0.4108062,0.1036797,2.7211999,176.0252914,6,2026-06-22,2026-06-22,0.4108062,479,19.1095760417539
139177500,142327375,205,321,172734,0.6386293,0.001186,2.7183318,75.4138999,10,2026-04-18,2026-04-19,0.6386293,205,29.7072808804786
123591261,148744198,271,353875,763,0.3551769,0.0007647,2.7177804,99.713722,14,2026-04-16,2026-04-20,0.3551769,271,16.5218538055765
152979882,153351839,253,42077,394,0.642132,0.0059927,2.7167966,93.1243817,16,2026-07-22,2026-07-22,0.642132,253,29.8702168634346
145846574,149655177,220,484046,374,0.5882353,0.0004544,2.7102397,81.1736317,15,2026-05-07,2026-05-08,0.5882353,220,27.3630904202369
116519872,147104190,168,474,18508,0.3544304,0.0089295,2.7100814,61.9907575,4,2026-04-08,2026-04-08,0.3544304,168,16.4871286760259
145846574,148520024,944,484046,1765,0.5348442,0.0019469,2.6903871,350.8788735,29,2026-04-11,2026-04-11,0.5348442,944,24.8794831002819
153259598,153591945,201,10827,392,0.5127551,0.0182429,2.6898812,74.724491,6,2026-07-29,2026-07-29,0.5127551,201,23.8519588415343
145846574,149430479,233,484046,655,0.3557252,0.0004809,2.6855083,86.7619749,10,2026-05-01,2026-05-01,0.3557252,233,16.547359215533
146814785,147715636,186,3531,528,0.3522727,0.0480248,2.6807222,69.3842873,6,2026-03-24,2026-03-24,0.3522727,186,16.3867583986901
136684119,152189481,333,45142,885,0.3762712,0.0072876,2.6801293,124.247738,10,2026-06-28,2026-06-28,0.3762712,333,17.5031027007917
152831565,19619027,324,863,86903,0.3754345,0.0037053,2.6775549,121.0059212,29,2026-07-25,2026-07-29,0.3754345,324,17.4641817149981
139046200,152979882,230,644,42077,0.3571429,0.0054129,2.6594932,86.482642,15,2026-07-22,2026-07-22,0.3571429,230,16.6133067254645
147370712,147634467,193,3695,323,0.5975232,0.0504575,2.6504163,72.8187487,3,2026-03-24,2026-03-24,0.5975232,193,27.7951380166904
135095032,147425893,246,326,10885,0.7546012,0.022435,2.6458741,92.9749438,6,2026-04-11,2026-04-11,0.7546012,246,35.101975122573
123591261,148208361,175,353875,496,0.3528226,0.0004941,2.6433226,66.2045575,28,2026-04-04,2026-07-18,0.3528226,175,16.4123382362518
151522262,151718449,629,8608,1271,0.4948859,0.068,2.6265513,239.4775227,6,2026-06-18,2026-06-18,0.4948859,629,23.0207327397732
147104190,98746838,203,18508,568,0.3573944,0.0107561,2.6178557,77.5443823,5,2026-04-08,2026-04-13,0.3573944,203,16.6250058146567
108362153,129533265,238,684,59198,0.3479532,0.0039903,2.6077007,91.2681443,28,2026-03-26,2026-04-14,0.3479532,238,16.18582712328
147676760,147727324,194,11331,455,0.4263736,0.0167357,2.6050564,74.4705559,4,2026-03-28,2026-03-28,0.4263736,194,19.833728729986
153853224,19619027,292,486,86903,0.600823,0.0033526,2.5984214,112.3759204,17,2026-08-05,2026-08-05,0.600823,292,27.9486356489622
147425893,147727324,194,10885,455,0.4263736,0.0174053,2.5787329,75.2307462,4,2026-03-28,2026-03-28,0.4263736,194,19.833728729986
123591261,97270934,173,353875,482,0.3589212,0.0004884,2.5761457,67.1545869,29,2026-04-02,2026-04-04,0.3589212,173,16.6960283569176
119850995,147104190,203,443,18508,0.4582393,0.0108278,2.5735392,78.8796985,6,2026-04-08,2026-04-08,0.4582393,203,21.3160335668499
153853257,19619027,277,466,86903,0.5944206,0.0031805,2.5692875,107.8119894,17,2026-08-05,2026-08-05,0.5944206,277,27.6508135867593
148323203,19619027,282,669,86903,0.4215247,0.0032306,2.5692686,109.7588643,27,2026-07-25,2026-07-25,0.4215247,282,19.6081712207058
153857834,19619027,251,424,86903,0.5919811,0.0028825,2.5578801,98.1281323,17,2026-08-05,2026-08-05,0.5919811,251,27.5373347474578
152979882,153159412,728,42077,1543,0.4718082,0.0169729,2.5454756,285.9976323,17,2026-07-18,2026-07-18,0.4718082,728,21.9472215244634
152979882,153341339,575,42077,945,0.6084656,0.0135463,2.5426222,226.1444913,17,2026-07-22,2026-07-22,0.6084656,575,28.3041484086448
153312103,19619027,218,563,86903,0.3872114,0.0024986,2.5354518,85.9807319,20,2026-07-28,2026-07-29,0.3872114,218,18.0120107547889
136455732,145846574,168,421,484046,0.3990499,0.0003469,2.532924,66.3265077,24,2026-04-08,2026-07-11,0.3990499,168,18.56270525738
121732938,134707181,242,110007,699,0.3462089,0.0021908,2.5252146,95.8334398,9,2026-04-05,2026-04-18,0.3462089,242,16.1046870784374
127775974,150299642,660,42564,934,0.7066381,0.0154069,2.5221805,261.6783386,6,2026-05-20,2026-05-21,0.7066381,660,32.8708634532548
139804852,19619027,258,456,86903,0.5657895,0.0029621,2.5213168,102.3274818,18,2026-08-03,2026-08-05,0.5657895,258,26.3189734572553
153550503,19619027,310,683,86903,0.4538799,0.003552,2.5180992,123.1087323,7,2026-07-28,2026-07-29,0.4538799,310,21.1132462530352
153857866,19619027,245,421,86903,0.5819477,0.0028135,2.5142393,97.4449793,17,2026-08-05,2026-08-05,0.5819477,245,27.070608538707
153852482,19619027,254,438,86903,0.5799087,0.0029166,2.5128096,101.0820731,17,2026-08-05,2026-08-05,0.5799087,254,26.9757598593318
146557768,147805867,3279,7431,7380,0.4443089,0.2843392,2.5087847,1307.0073233,6,2026-03-30,2026-03-31,0.4443089,3279,20.6680296221869
143074510,144714518,185,305,12714,0.6065574,0.0144148,2.5054112,73.8401745,4,2026-03-21,2026-03-22,0.6065574,185,28.2153841859946
147426771,147675464,200,461,5811,0.4338395,0.0329381,2.4985816,80.0454142,6,2026-04-06,2026-04-06,0.4338395,200,20.1810218910194
153857907,19619027,242,419,86903,0.5775656,0.0027791,2.4975818,96.8937215,17,2026-08-05,2026-08-05,0.5775656,242,26.8667652832436
153260381,153663291,178,8631,474,0.3755274,0.0199395,2.4914405,71.4446123,6,2026-07-31,2026-07-31,0.3755274,178,17.4685031678249
142327375,149223750,208,172734,310,0.6709677,0.0012035,2.4806853,83.8477976,17,2026-04-27,2026-04-27,0.6709677,208,31.2115744229535
153852336,19619027,260,454,86903,0.5726872,0.0029852,2.4775257,104.9434134,17,2026-08-05,2026-08-05,0.5726872,260,26.6398355149925
153857947,19619027,243,425,86903,0.5717647,0.0027904,2.4742476,98.2116757,17,2026-08-05,2026-08-05,0.5717647,243,26.5969233488701
142327375,149224210,178,172734,323,0.5510836,0.0010296,2.4733005,71.9686114,17,2026-04-27,2026-04-28,0.5510836,178,25.6348953826974
129502267,145846574,168,379,484046,0.4432718,0.0003469,2.4726575,67.9430949,24,2026-05-03,2026-05-11,0.4432718,168,20.6197865788421
123591261,143675950,247,353875,688,0.3590116,0.0006971,2.4670024,100.1215066,24,2026-04-02,2026-04-22,0.3590116,247,16.7002335166113
123591261,153036609,548,353875,1526,0.3591088,0.0015443,2.4611075,222.6639852,28,2026-07-16,2026-07-22,0.3591088,548,16.7047549936271
129533265,146597149,308,59198,813,0.3788438,0.0051589,2.4547272,125.472192,29,2026-03-25,2026-03-26,0.3788438,308,17.6227729865007
144714518,145518372,246,12714,686,0.3586006,0.0187015,2.4504096,100.3913815,6,2026-03-23,2026-03-23,0.3586006,246,16.6811149255259
123591261,148998349,479,353875,597,0.8023451,0.0013531,2.4475977,195.7020953,28,2026-04-22,2026-04-26,0.8023451,479,37.3228902099789
153852443,19619027,239,423,86903,0.5650118,0.0027444,2.4438649,97.7959127,17,2026-08-05,2026-08-05,0.5650118,239,26.2827969894034
153851025,19619027,276,493,86903,0.5598377,0.003168,2.4392468,113.1496841,17,2026-08-05,2026-08-05,0.5598377,276,26.0421120693665
148370408,148832790,388,60338,585,0.6632479,0.0064095,2.437183,159.2001909,18,2026-04-18,2026-04-18,0.6632479,388,30.8524705313201
147594713,81811234,421,942,17191,0.4469214,0.0237692,2.4363816,172.7972334,6,2026-03-22,2026-03-23,0.4469214,421,20.7895559463005
148370408,148828087,349,60338,354,0.9858757,0.0057836,2.4349056,143.3320446,17,2026-04-18,2026-04-18,0.9858757,349,45.860229609162
142327375,149307000,799,172734,1600,0.499375,0.0046043,2.4331183,328.3851863,17,2026-04-29,2026-04-29,0.499375,799,23.2295533413343
148370408,148828609,201,60338,310,0.6483871,0.0033252,2.4323505,82.6361169,17,2026-04-18,2026-04-18,0.6483871,201,30.1611869342339
144714518,146973647,243,12714,535,0.4542056,0.0186837,2.428527,100.0606542,6,2026-03-22,2026-03-22,0.4542056,243,21.1283969224185
144662311,34351174,174,16967,497,0.3501006,0.0100636,2.4245389,71.7662231,2,2026-03-24,2026-04-07,0.3501006,174,16.2857182729074
140309862,92282716,241,6487,613,0.3931485,0.0351363,2.4180415,99.667438,4,2026-03-27,2026-03-27,0.3931485,241,18.288188339055
153562850,19619027,622,1343,86903,0.4631422,0.0070985,2.4161863,257.430481,29,2026-07-28,2026-08-03,0.4631422,622,21.5441030078056
153856227,19619027,230,626,86903,0.3674121,0.0026346,2.4149859,95.2386497,17,2026-08-05,2026-08-05,0.3674121,230,17.0910017025315
148370408,148821167,279,60338,339,0.8230088,0.0046194,2.4137717,115.5867407,9,2026-04-18,2026-04-18,0.8230088,279,38.284108775945
153852364,19619027,237,425,86903,0.5576471,0.0027213,2.4124088,98.2420562,17,2026-08-05,2026-08-05,0.5576471,237,25.9402113743988
136674960,146807705,206,437,10993,0.4713959,0.0183535,2.4122448,85.3976356,4,2026-03-29,2026-03-29,0.4713959,206,21.9280424609488
146557768,147370712,3246,7431,3695,0.8784844,0.4119289,2.4114094,1346.1007745,6,2026-03-24,2026-03-24,0.8784844,3246,40.864681310298
123163751,140445138,617,1169,13093,0.5278015,0.045218,2.409147,256.1072486,14,2026-03-21,2026-03-22,0.5278015,617,24.5518760408235
126328923,144714518,182,369,12714,0.4932249,0.0141074,2.4091168,75.5463567,4,2026-03-23,2026-03-25,0.4932249,182,22.9434675821262
152395461,152979882,223,508,42077,0.4389764,0.0052642,2.4059232,92.6879137,16,2026-07-22,2026-07-22,0.4389764,223,20.4199763692353
149655296,149677708,188,347,12053,0.5417867,0.0153947,2.4030741,78.2331268,6,2026-05-07,2026-05-07,0.5417867,188,25.2024291309647
146490510,148771211,183,27288,510,0.3588235,0.0066268,2.3944289,76.4274104,29,2026-04-16,2026-04-17,0.3588235,183,16.6914836212751
120583279,146350147,171,4922,382,0.447644,0.0333139,2.388787,71.5844495,6,2026-03-21,2026-03-22,0.447644,171,20.8231693134984
147714615,148985313,206,50745,315,0.6539683,0.0040508,2.387392,86.2866257,9,2026-04-21,2026-04-21,0.6539683,206,30.4208090280685
123591261,125712678,205,353875,450,0.4555556,0.0005789,2.3834575,86.0095059,26,2026-04-11,2026-05-16,0.4555556,205,21.191195214305
129926887,151378947,337,707,16071,0.476662,0.0204975,2.3831636,141.4086698,6,2026-06-15,2026-06-17,0.476662,337,22.1730069682845
123591261,149304286,187,353875,408,0.4583333,0.0005281,2.3809599,78.5397508,10,2026-04-29,2026-05-07,0.4583333,187,21.3204061886554
151548232,151742247,1099,6034,2304,0.4769965,0.1518165,2.3799036,461.7834137,2,2026-06-21,2026-06-21,0.4769965,1099,22.1885669894964
149677708,3990578,180,12053,393,0.4580153,0.0146747,2.379746,75.6383246,17,2026-05-07,2026-05-07,0.4580153,180,21.3056137021221
127721099,130123303,212,366,6983,0.579235,0.0297044,2.3746929,89.2747023,1,2026-05-02,2026-05-03,0.579235,212,26.9444211858178
153855951,19619027,311,566,86903,0.54947,0.0035682,2.3732692,131.0428689,17,2026-08-05,2026-08-05,0.54947,311,25.5598351428545
153554765,19619027,205,374,86903,0.5481283,0.0023544,2.3708423,86.4671606,25,2026-07-28,2026-08-03,0.5481283,205,25.49742294417
153591945,19619027,189,392,86903,0.4821429,0.0021698,2.368626,79.7930943,7,2026-07-29,2026-07-29,0.4821429,189,22.4279633816182
136286232,147676760,265,651,11331,0.4070661,0.0226167,2.3684748,111.8863504,4,2026-03-28,2026-03-28,0.4070661,265,18.9355968628764
148338283,38805452,180,37765,503,0.3578529,0.0047259,2.3637505,76.1501689,7,2026-04-23,2026-04-24,0.3578529,180,16.6463339752714
142327375,149034231,392,172734,675,0.5807407,0.0022657,2.3588056,166.1858013,17,2026-04-28,2026-04-29,0.5807407,392,27.0144622140352
136286232,147425893,265,651,10885,0.4070661,0.0235117,2.3585832,112.3555869,4,2026-03-28,2026-03-28,0.4070661,265,18.9355968628764
137696419,147805867,295,540,7380,0.5462963,0.0386885,2.3577368,125.1199889,5,2026-03-31,2026-03-31,0.5462963,295,25.4122033362174
148798931,148941282,332,60235,480,0.6916667,0.0054982,2.3572432,140.8424869,17,2026-04-20,2026-04-21,0.6916667,332,32.1744350479593
147776964,151005661,213,528,17880,0.4034091,0.0117065,2.3527079,90.5339753,7,2026-06-04,2026-06-05,0.4034091,213,18.765483267744
144714518,147550448,331,12714,441,0.7505669,0.025811,2.3483886,140.9477123,4,2026-03-22,2026-03-23,0.7505669,331,34.9143105677896
142668385,152820911,498,91047,794,0.627204,0.005452,2.3477341,212.1194197,29,2026-07-10,2026-07-12,0.627204,498,29.1758073069301
145846574,147214919,446,484046,881,0.5062429,0.0009206,2.3391925,190.6640838,29,2026-04-10,2026-05-08,0.5062429,446,23.5490291849247
139990304,80650602,215,52682,449,0.4788419,0.004063,2.3385404,91.9376888,3,2026-04-24,2026-04-24,0.4788419,215,22.2744099286425
149677708,149697839,178,12053,334,0.5329341,0.0145794,2.3383197,76.1230367,9,2026-05-07,2026-05-07,0.5329341,178,24.7906304948505
120583279,146973647,243,4922,535,0.4542056,0.0466053,2.3369822,103.980251,6,2026-03-22,2026-03-22,0.4542056,243,21.1283969224185
123591261,148078720,298,353875,827,0.3603386,0.0008408,2.3368417,127.5225426,29,2026-04-01,2026-05-10,0.3603386,298,16.761961911673
135781634,19619027,248,583,86903,0.4253859,0.0028428,2.3348038,106.2187746,24,2026-07-25,2026-08-05,0.4253859,248,19.7877836389517
147669063,148024920,268,3856,594,0.4511785,0.0640842,2.3338457,114.8319292,6,2026-03-31,2026-03-31,0.4511785,268,20.9875845451078
130016579,149324717,181,28730,460,0.3934783,0.0062394,2.3314227,77.6349986,3,2026-05-01,2026-05-13,0.3934783,181,18.3035297291766
153850836,19619027,354,656,86903,0.5396341,0.0040594,2.329024,151.9949964,17,2026-08-05,2026-08-05,0.5396341,354,25.1022960916204
115295631,147705391,385,27691,500,0.77,0.0138459,2.3224432,165.7736998,28,2026-03-23,2026-03-24,0.77,385,35.8182850019072
123591261,148037225,209,353875,369,0.5663957,0.0005903,2.3193007,90.1133682,29,2026-03-31,2026-05-13,0.5663957,209,26.347172216175
105505284,123591261,210,594,353875,0.3535354,0.0005928,2.3168474,90.6404118,26,2026-04-10,2026-08-05,0.3535354,210,16.4454957343679
115295631,147691754,183,27691,330,0.5545455,0.0065737,2.3134892,79.1012984,29,2026-03-23,2026-03-23,0.5545455,183,25.795933461721
140005216,149150782,214,329,19321,0.6504559,0.0110105,2.3026901,92.9347826,6,2026-04-27,2026-04-27,0.6504559,214,30.2574218277559
149150782,149233645,416,19321,453,0.9183223,0.0214898,2.2981967,181.0114826,17,2026-04-27,2026-04-27,0.9183223,416,42.7178309935155
139990304,143776020,294,52682,754,0.3899204,0.0055323,2.2979203,127.9417737,6,2026-04-24,2026-04-24,0.3899204,294,18.1380259938411
140445138,148998349,278,13093,597,0.4656616,0.0207277,2.2937034,121.2013746,28,2026-04-22,2026-04-22,0.4656616,278,21.6612985756417
142668385,152789527,306,91047,534,0.5730337,0.0033525,2.2915609,133.533437,26,2026-07-09,2026-07-10,0.5730337,306,26.6559537432434
149150782,149237731,190,19321,330,0.5757576,0.0097631,2.290111,82.9654101,17,2026-04-27,2026-04-27,0.5757576,190,26.7826620893689
142327375,148639130,493,172734,493,1,0.0028541,2.2882772,215.4459283,16,2026-04-14,2026-04-14,1,493,46.5172532492301
149677708,149684423,355,12053,596,0.5956376,0.0288759,2.2876429,155.1815596,17,2026-05-07,2026-05-07,0.5956376,355,27.7074250839636
142327375,149178406,168,172734,382,0.4397906,0.0009714,2.2875793,73.4400769,9,2026-04-27,2026-04-29,0.4397906,168,20.4578507168309
142327375,98092471,266,172734,612,0.4346405,0.0015369,2.2854072,116.3906388,17,2026-04-14,2026-04-14,0.4346405,266,20.218282210872
149150782,149237818,688,19321,1078,0.6382189,0.0349044,2.2853685,301.0455441,17,2026-04-27,2026-04-27,0.6382189,688,29.6881901997451
123591261,147706743,746,353875,1971,0.3784881,0.0021008,2.2829451,326.7708823,28,2026-04-02,2026-04-02,0.3784881,746,17.6062267995199
149150782,149231835,253,19321,698,0.3624642,0.0127998,2.2813563,110.8989403,17,2026-04-27,2026-04-27,0.3624642,253,16.8608389851796
142668385,152843071,194,91047,402,0.4825871,0.0021259,2.2805585,85.0668823,29,2026-07-10,2026-07-11,0.4825871,194,22.4486263455115
136961384,148370408,372,595,60338,0.6252101,0.0061426,2.2798803,163.1664589,17,2026-04-18,2026-04-18,0.6252101,372,29.0830565556765
142327375,148643239,313,172734,489,0.6400818,0.0018102,2.2781015,137.3951053,17,2026-04-14,2026-04-14,0.6400818,313,29.7748471908231
153855675,19619027,307,583,86903,0.5265866,0.0035215,2.2744145,134.9797937,17,2026-08-05,2026-08-05,0.5265866,307,24.4953622298511
153858294,19619027,237,451,86903,0.5254989,0.0027205,2.2707155,104.3723885,17,2026-08-05,2026-08-05,0.5254989,237,24.4447654134919
142327375,149294439,282,172734,557,0.5062837,0.00163,2.2700793,124.2247353,15,2026-04-28,2026-04-29,0.5062837,282,23.5509270888573
153580767,19619027,188,423,86903,0.4444444,0.0021575,2.2679359,82.894758,27,2026-07-28,2026-07-29,0.4444444,188,20.6743327100021
136463912,145846574,189,310,484046,0.6096774,0.0003904,2.2659409,83.4090611,29,2026-07-08,2026-07-18,0.6096774,189,28.3605180161322
142327375,148641649,647,172734,1087,0.5952162,0.0037361,2.2646477,285.6956491,17,2026-04-14,2026-04-14,0.5952162,647,27.6878227134444
148370408,148831532,1095,60338,1840,0.5951087,0.0179264,2.2635302,483.7576268,17,2026-04-18,2026-04-18,0.5951087,1095,27.6828221087201
145846574,149537231,234,484046,408,0.5735294,0.0004833,2.2588292,103.5934913,8,2026-05-04,2026-05-04,0.5735294,234,26.679012345679
151378947,151629817,178,16071,337,0.5281899,0.0109673,2.2585103,78.8130108,6,2026-06-17,2026-06-17,0.5281899,178,24.5699433419855
142327375,148641652,681,172734,1168,0.5830479,0.0039314,2.2552249,301.9654495,18,2026-04-14,2026-04-14,0.5830479,681,27.1217868207318
153858328,19619027,238,456,86903,0.5219298,0.0027318,2.253925,105.5935759,17,2026-08-05,2026-08-05,0.5219298,238,24.27874068492
148484465,148671934,208,48832,514,0.4046693,0.004233,2.2527724,92.3306776,14,2026-04-14,2026-05-10,0.4046693,208,18.8241043102887
142327375,148641656,661,172734,1185,0.5578059,0.0038151,2.2519201,293.5272895,17,2026-04-14,2026-04-14,0.5578059,661,25.9475983142147
146807705,148246300,272,10993,714,0.3809524,0.0237866,2.2490926,120.9376615,6,2026-04-05,2026-04-05,0.3809524,272,17.720859266702
145846574,149584181,423,484046,1006,0.4204771,0.0008728,2.2484161,188.1324373,15,2026-05-05,2026-05-19,0.4204771,423,19.5594397462019
123591261,147706084,342,353875,844,0.4052133,0.0009651,2.2440045,152.4061111,29,2026-03-30,2026-04-12,0.4052133,342,18.8494096960563
148484465,69823857,241,48832,320,0.753125,0.0049273,2.2438806,107.403221,11,2026-04-14,2026-04-15,0.753125,241,35.0333063533265
148798931,148877585,624,60235,971,0.6426365,0.0103001,2.2433087,278.1605547,17,2026-04-20,2026-04-21,0.6426365,624,29.8936848176989
151005661,151006594,171,17880,315,0.5428571,0.0094874,2.2432663,76.2281334,5,2026-06-04,2026-06-06,0.5428571,171,25.2522211988427
116705282,66228851,274,652,110377,0.4202454,0.0024739,2.2343993,122.6280356,7,2026-07-24,2026-07-26,0.4202454,274,19.548661698624
142327375,148634762,339,172734,470,0.7212766,0.0019611,2.2338628,151.7550684,10,2026-04-14,2026-04-14,0.7212766,339,33.5518062649437
146281350,148370408,167,434,60338,0.3847926,0.0027555,2.2319148,74.8236455,9,2026-04-16,2026-05-03,0.3847926,167,17.8994948226297
153293429,153445093,204,508,12823,0.4015748,0.0155405,2.2282747,91.5506501,4,2026-07-25,2026-07-25,0.4015748,204,18.6801566701089
114353141,123591261,169,419,353875,0.4033413,0.0004772,2.2243208,75.9782493,8,2026-04-07,2026-04-07,0.4033413,169,18.7623293979737
148238700,148484465,231,667,48832,0.3463268,0.0046886,2.224261,103.8547177,12,2026-04-11,2026-04-15,0.3463268,231,16.1101714625955
142327375,148644586,774,172734,1279,0.6051603,0.0044678,2.2198028,348.6796221,17,2026-04-14,2026-04-14,0.6051603,774,28.1503949314801
153858358,19619027,230,448,86903,0.5133929,0.00264,2.2182828,103.6838026,17,2026-08-05,2026-08-05,0.5133929,230,23.8816275456567
145846574,152841052,187,484046,374,0.5,0.0003862,2.2156773,84.3985707,25,2026-07-10,2026-07-10,0.5,187,23.2586266246151
142327375,144860959,424,172734,470,0.9021277,0.002454,2.2153782,191.3894406,7,2026-04-29,2026-04-29,0.9021277,424,41.9645026840455
112531021,145846574,599,1451,484046,0.4128187,0.0012353,2.2128078,270.6968094,29,2026-04-10,2026-07-27,0.4128187,599,19.203192013918
142327375,149250176,496,172734,1163,0.4264832,0.0028604,2.2121735,224.2138761,17,2026-04-27,2026-04-29,0.4264832,496,19.8388270209421
12249654,146490510,255,626,27288,0.4073482,0.0092194,2.2106976,115.3482044,4,2026-04-16,2026-04-17,0.4073482,255,18.948719380018
142327375,145026051,319,172734,429,0.7435897,0.0018456,2.2061778,144.5939639,14,2026-04-27,2026-04-28,0.7435897,319,34.5897503884191
133879358,139990304,169,380,52682,0.4447368,0.0031951,2.2037153,76.6886709,5,2026-04-24,2026-04-24,0.4447368,169,20.6879343548522
145846574,147868489,517,484046,1296,0.3989198,0.0010664,2.203503,234.6264105,29,2026-04-08,2026-04-20,0.3989198,517,18.5566533627322
145846574,152688630,363,484046,561,0.6470588,0.0007496,2.201795,164.8654858,28,2026-07-09,2026-07-18,0.6470588,363,30.099398066743
121087607,142327375,191,323,172734,0.5913313,0.0011049,2.1956511,86.9901409,7,2026-04-05,2026-04-14,0.5913313,191,27.5071078362965
150074520,27556632,206,412,22311,0.5,0.0091486,2.195189,93.8415797,4,2026-05-15,2026-05-16,0.5,206,23.2586266246151
115295631,147689056,912,27691,1437,0.6346555,0.0323221,2.1918853,416.0801658,29,2026-03-23,2026-03-24,0.6346555,912,29.5224306195168
140445138,149022230,290,13093,619,0.4684976,0.0216063,2.1884187,132.5157752,28,2026-04-22,2026-04-22,0.4684976,290,21.7932215058565
145846574,152801743,188,484046,380,0.4947368,0.0003882,2.1851448,86.0354902,26,2026-07-10,2026-07-10,0.4947368,188,23.0137970173137
145846574,152802273,201,484046,406,0.4950739,0.0004151,2.1843968,92.0162491,25,2026-07-10,2026-07-10,0.4950739,201,23.029477983384
147970095,80385852,665,1564,85725,0.4251918,0.0076769,2.179807,305.0728853,6,2026-03-30,2026-03-30,0.4251918,665,19.778754640096
147998446,66228851,332,748,110377,0.4438503,0.0029966,2.1797646,152.3100262,7,2026-07-25,2026-07-26,0.4438503,332,20.6466968098468
123591261,142087478,480,353875,1077,0.4456825,0.0013541,2.1797434,220.2094075,29,2026-03-31,2026-05-15,0.4456825,480,20.73192572125
145846574,149435631,206,484046,467,0.4411135,0.0004254,2.178901,94.5430743,28,2026-05-01,2026-07-18,0.4411135,206,20.5193883911543
148798931,148919478,1758,60235,3269,0.5377791,0.0284715,2.178277,807.0599082,17,2026-04-20,2026-04-21,0.5377791,1758,25.0160065868431
147214454,151890789,422,4349,1166,0.3619211,0.0828588,2.1755287,193.975839,6,2026-06-22,2026-06-22,0.3619211,422,16.8355754649399
149272052,149677708,361,806,12053,0.4478908,0.0288846,2.172325,166.1813967,16,2026-05-07,2026-05-07,0.4478908,361,20.8346497716003
145846574,146914031,168,484046,384,0.4375,0.0003469,2.1714691,77.3669767,25,2026-04-11,2026-04-16,0.4375,168,20.3512982965382
145846574,149141909,183,484046,462,0.3961039,0.0003778,2.1697841,84.3401877,10,2026-04-29,2026-07-09,0.3961039,183,18.4256654293077
145846574,152407514,561,484046,1483,0.3782873,0.0011568,2.1686986,258.680488,29,2026-07-03,2026-07-29,0.3782873,561,17.5968861350675
145846574,152770517,204,484046,329,0.6200608,0.0004213,2.1672009,94.1306347,29,2026-07-09,2026-07-16,0.6200608,204,28.8435252635202
145846574,152533342,248,484046,517,0.4796905,0.0005121,2.1656304,114.5163067,29,2026-07-08,2026-07-16,0.4796905,248,22.3138844697498
132452783,148484465,238,354,48832,0.6723164,0.0048623,2.1622923,110.0683759,6,2026-04-14,2026-04-15,0.6723164,238,31.2743122424107
144714518,147534863,193,12714,467,0.4132762,0.0148599,2.1613174,89.297388,6,2026-03-23,2026-03-23,0.4132762,193,19.2244736572795
145846574,152625844,259,484046,584,0.4434932,0.0005347,2.159947,119.9103496,27,2026-07-06,2026-07-20,0.4434932,259,20.6300854987115
145846574,152800314,182,484046,372,0.4892473,0.0003758,2.159941,84.2615623,25,2026-07-10,2026-07-10,0.4892473,182,22.7584405556021
135873552,153445093,211,467,12823,0.4518201,0.0161327,2.1568448,97.8280861,5,2026-07-25,2026-07-27,0.4518201,211,21.0174300147925
123591261,153104445,291,353875,570,0.5105263,0.0008217,2.1549365,135.0387823,27,2026-07-16,2026-08-05,0.5105263,291,23.7482811874924
145846574,151933184,395,484046,857,0.4609102,0.0008153,2.148049,183.8877963,29,2026-07-08,2026-07-25,0.4609102,395,21.4402764985533
129533265,148494438,904,59198,2341,0.3861598,0.0149089,2.141264,422.1805509,29,2026-04-10,2026-04-11,0.3861598,904,17.9630932112721
145846574,152841976,272,484046,556,0.4892086,0.0005616,2.1377332,127.2375803,28,2026-07-10,2026-07-10,0.4892086,272,22.7566403379013
145846574,99015335,746,484046,1640,0.454878,0.0015383,2.1356118,349.3144247,29,2026-04-07,2026-07-19,0.454878,746,21.1596751235033
153850557,19619027,219,443,86903,0.4943567,0.0025136,2.1347136,102.5898726,16,2026-08-05,2026-08-05,0.4943567,219,22.9961158093537
142327375,149232718,233,172734,347,0.6714697,0.001348,2.1283004,109.4770279,17,2026-04-28,2026-04-29,0.6714697,233,31.2349260840846
145101802,148484465,500,1194,48832,0.4187605,0.0100957,2.1192442,235.9331645,4,2026-04-14,2026-04-15,0.4187605,500,19.4795882292742
153511221,19619027,311,797,86903,0.3902133,0.0035588,2.1187279,146.7861905,12,2026-07-28,2026-08-02,0.3902133,311,18.1516508973178
148162852,148484465,202,404,48832,0.5,0.0041196,2.1133547,95.5826286,12,2026-04-11,2026-04-15,0.5,202,23.2586266246151
142327375,146600761,1832,172734,2064,0.8875969,0.0105917,2.1099355,868.2730048,17,2026-03-21,2026-04-14,0.8875969,1832,41.2885697805316
153873118,66228851,412,412,110377,1,0.0037327,2.105645,195.6645092,17,2026-08-05,2026-08-05,1,412,46.5172532492301
153873129,66228851,397,397,110377,1,0.0035968,2.1055379,188.5503943,17,2026-08-05,2026-08-05,1,397,46.5172532492301
153873125,66228851,405,405,110377,1,0.0036692,2.1054995,192.3534064,17,2026-08-05,2026-08-05,1,405,46.5172532492301
153873854,66228851,426,426,110377,1,0.0038595,2.1053994,202.3369069,17,2026-08-05,2026-08-05,1,426,46.5172532492301
153873749,66228851,399,399,110377,1,0.0036149,2.1049167,189.5561963,17,2026-08-05,2026-08-05,1,399,46.5172532492301
153483660,66228851,188,328,110377,0.5731707,0.0017011,2.1044521,89.3344158,16,2026-07-26,2026-07-26,0.5731707,188,26.6623266069385
148370408,148840658,250,60338,450,0.5555556,0.0041296,2.10196,118.9366122,17,2026-04-18,2026-04-18,0.5555556,250,25.842920539228
152586750,152889066,335,741,18836,0.4520918,0.0174098,2.1001467,159.5126661,6,2026-07-12,2026-07-12,0.4520918,335,21.0300687525003
153872725,66228851,416,417,110377,0.9976019,0.0037689,2.0998993,198.1047415,17,2026-08-05,2026-08-05,0.9976019,416,46.4057002242132
153872701,66228851,425,426,110377,0.9976526,0.0038504,2.0998684,202.3936316,17,2026-08-05,2026-08-05,0.9976526,425,46.4080586489529
153872716,66228851,411,412,110377,0.9975728,0.0037236,2.0997267,195.7397611,17,2026-08-05,2026-08-05,0.9975728,411,46.4043465721436
153809659,19619027,301,461,86903,0.6529284,0.0034573,2.0978901,143.4774838,17,2026-08-03,2026-08-03,0.6529284,301,30.3724357364146
151005661,151017523,418,17880,659,0.6342944,0.0230672,2.0950504,199.5178769,8,2026-06-05,2026-06-05,0.6342944,418,29.5056332393685
153850411,66228851,310,328,110377,0.945122,0.0028081,2.0950363,147.9687981,14,2026-08-05,2026-08-05,0.945122,310,43.9644794254189
153867867,66228851,397,399,110377,0.9949875,0.0035967,2.0946557,189.5299535,17,2026-08-05,2026-08-05,0.9949875,397,46.2840855173184
147296567,148798931,198,324,60235,0.6111111,0.0032803,2.0945079,94.5329444,13,2026-04-21,2026-05-08,0.6111111,198,28.4272098021156
145846574,148495006,234,484046,369,0.6341463,0.0004833,2.0936231,111.7679685,22,2026-04-10,2026-04-12,0.6341463,234,29.4987440341623
129533265,148494437,843,59198,2243,0.3758359,0.0139114,2.0917954,403.0030941,28,2026-04-10,2026-04-11,0.3758359,843,17.4828537404523
145918724,146807705,238,595,10993,0.4,0.0209692,2.0896312,113.8956984,6,2026-03-29,2026-03-29,0.4,238,18.6069012996921
153586951,19619027,279,626,86903,0.4456869,0.0031977,2.088607,133.5818536,26,2026-07-29,2026-07-29,0.4456869,279,20.7321303971643
153483682,66228851,201,344,110377,0.5843023,0.0018187,2.0867094,96.3239044,17,2026-07-26,2026-07-26,0.5843023,201,27.1801380632076
153481166,66228851,182,333,110377,0.5465465,0.0016466,2.0866592,87.2207592,17,2026-07-26,2026-07-26,0.5465465,182,25.4238419529804
135377850,19619027,305,759,86903,0.4018445,0.0034914,2.0829835,146.424585,27,2026-07-28,2026-08-05,0.4018445,305,18.6927023733103
142327375,148707166,420,172734,1090,0.3853211,0.0024221,2.0810094,201.8251367,14,2026-04-18,2026-04-19,0.3853211,420,17.9240791909719
142327375,45253502,263,172734,464,0.5668103,0.0015208,2.08098,126.3827625,15,2026-04-27,2026-04-29,0.5668103,263,26.3664582693721
153550499,19619027,171,482,86903,0.3547718,0.0019607,2.0798814,82.2162253,7,2026-07-28,2026-07-28,0.3547718,171,16.5030096662852
145846574,149212236,195,484046,353,0.5524079,0.0004027,2.0798557,93.7565045,10,2026-04-28,2026-04-29,0.5524079,195,25.6964981811754
129533265,148494441,939,59198,2465,0.3809331,0.0154634,2.0775755,451.9691247,27,2026-04-10,2026-04-15,0.3809331,939,17.7199614837143
145846574,152807717,181,484046,372,0.4865591,0.0003738,2.0744319,87.2528021,28,2026-07-10,2026-07-15,0.4865591,181,22.6333928754175
147714615,148673455,509,50745,726,0.7011019,0.0099878,2.073203,245.5138305,7,2026-04-14,2026-04-22,0.7011019,509,32.6133346358164
146545518,148370408,266,658,60338,0.4042553,0.00438,2.06169,129.0203662,7,2026-04-18,2026-04-18,0.4042553,266,18.8048461674435
148484465,148635958,190,48832,409,0.4645477,0.0038735,2.0611492,92.1815837,9,2026-04-14,2026-05-10,0.4645477,190,21.6094830072474
153809605,19619027,319,498,86903,0.6405622,0.0036632,2.0589838,154.9307997,17,2026-08-03,2026-08-03,0.6405622,319,29.797194079284
153435395,66228851,175,312,110377,0.5608974,0.0015835,2.0582099,85.0253398,15,2026-07-25,2026-07-26,0.5608974,175,26.0914064026347
145846574,152806234,182,484046,390,0.4666667,0.0003758,2.0544429,88.5884938,28,2026-07-10,2026-07-10,0.4666667,182,21.7080530668825
145846574,153058452,259,484046,488,0.5307377,0.0005348,2.0543742,126.0724559,17,2026-07-15,2026-07-25,0.5307377,259,24.6884599998139
142327375,148794489,194,172734,375,0.5173333,0.0011219,2.0523119,94.5275415,4,2026-04-29,2026-04-29,0.5173333,194,24.06492413036
123591261,148105904,417,353875,1175,0.3548936,0.0011759,2.0519562,203.2207077,28,2026-04-02,2026-08-03,0.3548936,417,16.508675467731
145846574,153036609,1130,484046,1526,0.740498,0.0023326,2.0506546,551.0435519,28,2026-07-15,2026-07-21,0.740498,1130,34.4459329965484
145846574,149596306,185,484046,478,0.3870293,0.000382,2.0485845,90.3062567,13,2026-05-05,2026-06-02,0.3870293,185,18.0035399629723
123591261,149022230,420,353875,619,0.6785137,0.0011862,2.0480757,205.0705432,28,2026-04-22,2026-04-22,0.6785137,420,31.5625936159722
142668385,152841456,211,91047,416,0.5072115,0.0023123,2.0475932,103.0478136,29,2026-07-10,2026-07-11,0.5072115,211,23.5940857964219
147383252,147852257,462,12508,988,0.4676113,0.0354458,2.0445755,225.9637768,4,2026-03-27,2026-03-27,0.4676113,462,21.7519932643017
102916514,145846574,330,799,484046,0.4130163,0.0006811,2.0431534,161.5150379,29,2026-04-09,2026-07-27,0.4130163,330,19.21238382316
122596791,123591261,230,596,353875,0.385906,0.0006493,2.0427498,112.5933297,25,2026-03-31,2026-07-22,0.385906,230,17.9512871323974
129533265,148373566,174,59198,448,0.3883929,0.0029257,2.0410496,85.2502555,29,2026-04-10,2026-04-11,0.3883929,174,18.0669708895029
123591261,149771454,239,353875,534,0.4475655,0.0006748,2.0368798,117.3363325,12,2026-05-09,2026-05-09,0.4475655,239,20.8195177091183
145846574,24024610,475,484046,1315,0.3612167,0.0009796,2.0367461,233.2151304,29,2026-04-06,2026-05-05,0.3612167,475,16.8028087117512
115312811,145846574,309,670,484046,0.461194,0.0006379,2.0346461,151.8691636,12,2026-05-07,2026-05-07,0.461194,309,21.4534780950254
145846574,147305874,176,484046,502,0.3505976,0.0003634,2.0312272,86.6471279,28,2026-04-21,2026-07-26,0.3505976,176,16.3088373477723
153850387,19619027,246,532,86903,0.462406,0.0028215,2.0309932,121.1230045,16,2026-08-05,2026-08-05,0.462406,246,21.5098570059635
153482336,66228851,177,330,110377,0.5363636,0.0016014,2.0302365,87.1819608,17,2026-07-26,2026-07-26,0.5363636,177,24.9501614148688
147214454,151881574,573,4349,1648,0.3476942,0.1056416,2.0291918,282.3784326,6,2026-06-22,2026-06-22,0.3476942,573,16.1737791546885
115295631,145701987,359,27691,896,0.4006696,0.0127179,2.0271567,177.0953409,8,2026-03-23,2026-03-23,0.4006696,359,18.6380492524677
145846574,152800905,185,484046,399,0.4636591,0.000382,2.0232882,91.4353179,26,2026-07-10,2026-07-10,0.4636591,185,21.5681477760101
106773180,148484465,252,480,48832,0.525,0.0051366,2.0206493,124.712388,17,2026-04-14,2026-04-15,0.525,252,24.4215579558458
146303446,152979882,185,521,42077,0.3550864,0.0043619,2.0167331,91.7325149,16,2026-07-15,2026-07-18,0.3550864,185,16.5176439941574
114755242,19619027,651,1660,86903,0.3921687,0.0074051,2.0163921,322.8538696,22,2026-07-30,2026-08-04,0.3921687,651,18.2426107343214
105558716,145846574,542,735,484046,0.737415,0.0011193,2.0149211,268.9931605,29,2026-04-08,2026-07-12,0.737415,542,34.302520304781
142327375,148637279,402,172734,578,0.6955017,0.0023249,2.0100745,199.9925892,6,2026-04-14,2026-04-14,0.6955017,402,32.3528287141701
145846574,152840600,179,484046,381,0.4698163,0.0003696,2.0090675,89.0960592,27,2026-07-10,2026-07-10,0.4698163,179,21.8545638077163
145846574,147879325,382,484046,1054,0.3624288,0.0007881,2.00744,190.2921108,28,2026-07-16,2026-07-27,0.3624288,382,16.8591922744146
123591261,149395081,648,353875,1787,0.3626189,0.0018253,2.0045325,323.2673937,12,2026-05-05,2026-06-20,0.3626189,648,16.8680352042573
133685574,142327375,235,552,172734,0.4257246,0.001358,2.0026094,117.3468954,7,2026-04-05,2026-04-29,0.4257246,235,19.8035390326272
142327375,148766731,168,172734,358,0.4692737,0.0009715,2.001596,83.9330226,17,2026-04-28,2026-04-29,0.4692737,168,21.8293235461033
148484465,148706020,1049,48832,1695,0.6188791,0.0212013,2.0007259,524.3097128,18,2026-04-15,2026-04-15,0.6188791,1049,28.7885558253556
148484465,148694324,317,48832,491,0.6456212,0.0064686,1.9993347,158.5527448,17,2026-04-15,2026-04-15,0.6456212,317,30.0325248634719
123591261,148549682,247,353875,512,0.4824219,0.0006975,1.9978029,123.6358206,4,2026-04-12,2026-04-25,0.4824219,247,22.4409416952748
148484465,148698323,1071,48832,1729,0.6194332,0.0216407,1.9975242,536.1637077,17,2026-04-15,2026-04-15,0.6194332,1071,28.814331035381
145846574,152669980,660,484046,1662,0.3971119,0.0013607,1.9953898,330.7624336,29,2026-07-08,2026-07-20,0.3971119,660,18.472554820583
144714518,85388278,214,12714,535,0.4,0.0164173,1.9953457,107.2495868,6,2026-03-22,2026-03-23,0.4,214,18.6069012996921
139870414,144714518,169,334,12714,0.505988,0.0131221,1.9936426,84.7694558,4,2026-03-22,2026-03-23,0.505988,169,23.5371719370715
140004991,149150782,268,518,19321,0.5173745,0.0136937,1.9933241,134.4487832,15,2026-04-27,2026-04-27,0.5173745,268,24.0668406411938
145846574,152672438,472,484046,748,0.631016,0.0009746,1.9922918,236.9130919,27,2026-07-08,2026-07-18,0.631016,472,29.3531310763162
142327375,145621723,723,172734,938,0.7707889,0.0041804,1.9910393,363.1269369,10,2026-04-11,2026-04-14,0.7707889,723,35.8549824629955
123591261,153017529,348,353875,911,0.3819978,0.0009818,1.9910092,174.7857346,27,2026-07-17,2026-07-18,0.3819978,348,17.7694884032488
145846574,149554983,180,484046,384,0.46875,0.0003717,1.9909063,90.4110871,28,2026-05-07,2026-05-07,0.46875,180,21.8049624605766
144714518,147627761,233,12714,651,0.3579109,0.0177429,1.9887604,117.1584081,6,2026-03-22,2026-03-23,0.3579109,233,16.6490319759599
145846574,148392371,1158,484046,2369,0.4888138,0.0023864,1.986185,583.027263,29,2026-04-08,2026-04-08,0.4888138,1158,22.7382753263185
123591261,147845464,215,353875,609,0.3530378,0.0006069,1.9806131,108.552245,8,2026-03-30,2026-04-08,0.3530378,215,16.4223487491511
145846574,151683424,241,484046,340,0.7088235,0.0004978,1.9804514,121.6894272,26,2026-06-27,2026-07-17,0.7088235,241,32.9725222585057
148484465,98956919,457,48832,1192,0.3833893,0.0092198,1.9798384,230.8269142,16,2026-04-14,2026-04-15,0.3833893,457,17.8342171611451
153483687,66228851,181,310,110377,0.583871,0.0016379,1.97755,91.5273969,17,2026-07-26,2026-07-26,0.583871,181,27.1600751718813
153780794,19619027,195,306,86903,0.6372549,0.002241,1.9774757,98.6105652,29,2026-08-03,2026-08-03,0.6372549,195,29.6433475676128
148810101,149150782,214,413,19321,0.5181598,0.0109631,1.9773911,108.223406,14,2026-04-27,2026-04-27,0.5181598,214,24.1033706401704
153524047,19619027,187,522,86903,0.3582375,0.0021436,1.9764384,94.6146365,1,2026-07-29,2026-08-03,0.3582375,187,16.6642245108711
152477376,66228851,389,467,110377,0.8329764,0.0035218,1.9757295,196.8893018,8,2026-08-05,2026-08-06,0.8329764,389,38.747774149432
123591261,149374602,743,353875,1101,0.6748411,0.0020975,1.9753066,376.1441456,6,2026-04-30,2026-05-01,0.6748411,743,31.391754351689
148484465,148667695,244,48832,468,0.5213675,0.0049739,1.9735807,123.6331476,17,2026-04-14,2026-04-15,0.5213675,244,24.252584033418
121732938,55888493,304,110007,839,0.3623361,0.0027501,1.973535,154.0383131,24,2026-03-22,2026-07-27,0.3623361,304,16.8548801250384
148484465,148705489,275,48832,428,0.6425234,0.005614,1.9712318,139.5066795,17,2026-04-15,2026-04-15,0.6425234,275,29.8884237163564
145846574,152790769,659,484046,1207,0.5459818,0.0013599,1.9668714,335.0498672,28,2026-07-09,2026-07-27,0.5459818,659,25.3975736600705
144250914,144714518,314,807,12714,0.3890954,0.0237753,1.9652841,159.7733374,6,2026-03-22,2026-03-29,0.3890954,314,18.0996492599105
142327375,146607457,180,172734,386,0.4663212,0.0010408,1.9627012,91.7103417,17,2026-03-21,2026-04-29,0.4663212,180,21.6919813558849
124042647,145846574,247,566,484046,0.4363958,0.0005099,1.9622937,125.8731026,13,2026-04-06,2026-07-16,0.4363958,247,20.2999339455004
153479539,66228851,301,457,110377,0.6586433,0.0027232,1.9614706,153.4562889,12,2026-07-26,2026-07-26,0.6586433,301,30.6382771870087
145846574,152806597,387,484046,840,0.4607143,0.0007988,1.9597505,197.474122,26,2026-07-10,2026-07-12,0.4607143,387,21.4311637686418
147383252,147964186,428,12508,846,0.5059102,0.0331116,1.9595481,218.4177085,6,2026-03-30,2026-03-30,0.5059102,428,23.5335528947687
145846574,150130238,351,484046,476,0.737395,0.000725,1.9591287,179.1612731,28,2026-07-10,2026-07-25,0.737395,351,34.3015899597161
125238132,149979171,696,1503,9924,0.4630739,0.0648588,1.9562721,355.7787247,3,2026-05-14,2026-05-21,0.4630739,696,21.5409258794087
153851690,19619027,243,601,86903,0.4043261,0.0027847,1.9554497,124.2680907,17,2026-08-05,2026-08-05,0.4043261,243,18.8081395889736
153508066,66228851,200,437,110377,0.4576659,0.0018081,1.9532145,102.3953065,16,2026-08-05,2026-08-05,0.4576659,200,21.2893605738368
123591261,145021840,1555,353875,3605,0.4313454,0.0043689,1.9531444,796.1520934,29,2026-03-31,2026-07-27,0.4313454,1555,20.0650032096905
142327375,149292617,262,172734,373,0.7024129,0.0015158,1.9511328,134.2809667,16,2026-04-28,2026-04-29,0.7024129,262,32.6743187548262
153850157,19619027,263,582,86903,0.45189,0.0030153,1.9506934,134.8238502,17,2026-08-05,2026-08-05,0.45189,263,21.0206815707946
142327375,147319332,308,172734,790,0.3898734,0.0017781,1.9480467,158.1070888,17,2026-04-05,2026-04-14,0.3898734,308,18.1358396829384
123591261,133857806,536,353875,1380,0.3884058,0.0015111,1.9479652,275.1589178,27,2026-04-01,2026-04-17,0.3884058,536,18.0675709620698
142327375,149291912,264,172734,375,0.704,0.0015274,1.9420433,135.9392963,14,2026-04-28,2026-04-29,0.704,264,32.748146287458
142668385,91619685,691,91047,1092,0.6327839,0.0075562,1.941642,355.8843577,6,2026-06-02,2026-06-02,0.6327839,691,29.4353689283355
145846574,150451949,265,484046,584,0.4537671,0.0005471,1.9408551,136.5377584,26,2026-05-27,2026-07-21,0.4537671,265,21.1079991068687
102448994,151378947,305,467,16071,0.6531049,0.0187889,1.9282396,158.1753666,6,2026-06-15,2026-06-17,0.6531049,305,30.3806460316131
19619027,27596949,571,86903,1099,0.5195632,0.0065309,1.9268625,296.3366546,29,2026-08-02,2026-08-02,0.5195632,571,24.1686529533804
129605098,145846574,715,1311,484046,0.5453852,0.0014753,1.9259773,371.2400907,14,2026-04-09,2026-05-01,0.5453852,715,25.369821466782
123591261,148300149,208,353875,472,0.440678,0.0005873,1.9259441,107.9989808,4,2026-04-07,2026-04-20,0.440678,208,20.4991301273642
141590521,148798931,415,653,60235,0.6355283,0.0068626,1.9227836,215.8329178,6,2026-04-21,2026-04-21,0.6355283,415,29.5630308781527
145846574,149307000,641,484046,1600,0.400625,0.0013216,1.9217607,333.5483005,28,2026-04-29,2026-04-29,0.400625,641,18.6359745829728
123591261,153153503,429,353875,864,0.4965278,0.0012108,1.921256,223.2914349,28,2026-07-18,2026-07-30,0.4965278,429,23.0971094178831
148798931,148961162,339,60235,500,0.678,0.005613,1.9201006,176.5532471,3,2026-04-21,2026-04-21,0.678,339,31.538697702978
153643397,19619027,258,666,86903,0.3873874,0.002955,1.9188679,134.4542791,10,2026-07-30,2026-08-05,0.3873874,258,18.0201977913608
123591261,148313437,355,353875,966,0.3674948,0.0010014,1.9188675,185.0049567,17,2026-04-07,2026-04-22,0.3674948,355,17.0948486793752
149979171,150299642,481,9924,934,0.5149893,0.0463525,1.9173231,250.8705963,3,2026-05-20,2026-05-21,0.5149893,481,23.9558876887438
115295631,146844564,279,27691,608,0.4588816,0.0099572,1.9172077,145.5241362,14,2026-03-23,2026-03-25,0.4588816,279,21.3459115986119
120583279,144714518,4187,4922,12714,0.8506705,0.3113243,1.9155863,2185.7538199,6,2026-03-22,2026-03-29,0.8506705,4187,39.5708550801492
153023827,19619027,181,510,86903,0.354902,0.0020749,1.9126696,94.6321319,28,2026-07-25,2026-08-04,0.354902,181,16.5090662126583
142327375,148629951,250,172734,444,0.5630631,0.0014457,1.9115041,130.7870606,13,2026-04-13,2026-04-19,0.5630631,250,26.1921488179966
145846574,153017529,565,484046,911,0.6201976,0.0011664,1.9111802,295.6288501,28,2026-07-14,2026-07-18,0.6201976,565,28.8498888237647
142327375,148588610,200,172734,542,0.3690037,0.0011556,1.9088849,104.7732107,6,2026-04-14,2026-04-14,0.3690037,200,17.1650385628029
145846574,79867450,213,484046,476,0.447479,0.0004398,1.9088219,111.5871528,26,2026-07-10,2026-07-20,0.447479,213,20.8154939667123
123591261,123769745,206,353875,387,0.5322997,0.0005818,1.9056374,108.1003124,26,2026-04-22,2026-04-26,0.5322997,206,24.7611199493892
145846574,152518142,878,484046,2329,0.3769858,0.0018085,1.9044377,461.0284729,28,2026-07-03,2026-07-20,0.3769858,878,17.5363439299636
148798931,148953526,285,60235,449,0.6347439,0.0047186,1.9002555,149.9798297,17,2026-04-21,2026-04-21,0.6347439,285,29.526542744704
148798931,148950791,297,60235,457,0.6498906,0.0049176,1.8999735,156.3179656,17,2026-04-21,2026-04-21,0.6498906,297,30.2311256244941
148798931,148944035,254,60235,388,0.6546392,0.0042075,1.8999416,133.6883212,17,2026-04-21,2026-04-21,0.6546392,254,30.4520174532734
123591261,153162704,225,353875,353,0.6373938,0.0006356,1.8987191,118.5009426,26,2026-07-18,2026-07-18,0.6373938,225,29.6498088140891
142668385,150177504,209,91047,328,0.6371951,0.0022925,1.8959076,110.2374386,14,2026-05-17,2026-05-19,0.6371951,209,29.6405658358685
121732938,130267807,291,110007,815,0.3570552,0.0026327,1.8931784,153.709759,28,2026-03-22,2026-03-24,0.3570552,291,16.6092271623545
145846574,148393147,1221,484046,2483,0.4917439,0.0025159,1.8911126,645.6516617,29,2026-04-08,2026-04-09,0.4917439,1221,22.8745755300641
142327375,149023610,169,172734,403,0.4193548,0.0009771,1.8903278,89.4024838,14,2026-04-27,2026-04-28,0.4193548,169,19.5072334328803
153397983,66228851,250,645,110377,0.3875969,0.0022569,1.8865279,132.5185776,9,2026-07-24,2026-07-26,0.3875969,250,18.0299431559165
148798931,148869254,338,60235,346,0.9768786,0.0056106,1.8865091,179.1669048,7,2026-04-21,2026-04-21,0.9768786,338,45.4417092299534
150062410,150085233,256,3015,420,0.6095238,0.0805285,1.8859717,135.7390439,4,2026-05-15,2026-05-15,0.6095238,256,28.3533729660331
135665008,142327375,194,519,172734,0.3737958,0.001121,1.8848382,102.9266055,9,2026-03-27,2026-04-28,0.3737958,194,17.3879538920986
141976196,66228851,267,516,110377,0.5174419,0.0024135,1.8840845,141.7133911,12,2026-08-05,2026-08-05,0.5174419,267,24.0699759040628
123591261,148426135,454,353875,1103,0.4116047,0.0012806,1.8839597,240.9818033,6,2026-04-16,2026-04-19,0.4116047,454,19.1467200684734
145846574,152138221,241,484046,314,0.7675159,0.0004978,1.8806802,128.1451267,27,2026-07-14,2026-07-25,0.7675159,241,35.7027314931108
123591261,152733159,239,353875,388,0.6159794,0.0006751,1.8789101,127.2014055,28,2026-07-18,2026-07-18,0.6159794,239,28.6536697461088
147496575,148798931,400,545,60235,0.733945,0.0066247,1.8775272,213.0461775,14,2026-04-21,2026-04-21,0.733945,400,34.1411054360062
123591261,135641322,184,353875,414,0.4444444,0.0005196,1.8773762,98.0091268,25,2026-04-08,2026-04-30,0.4444444,184,20.6743327100021
142327375,148520470,515,172734,533,0.9662289,0.0029812,1.8773626,274.3210052,13,2026-04-12,2026-04-14,0.9662289,515,44.9463144380251
148484465,148686878,1545,48832,1652,0.93523,0.0315699,1.8737179,824.5638389,8,2026-04-15,2026-04-15,0.93523,1545,43.5043307562775
145846574,152235701,220,484046,534,0.411985,0.0004542,1.8733696,117.4354512,27,2026-07-08,2026-07-18,0.411985,220,19.1644105798841
105952566,115295631,431,882,27691,0.4886621,0.0153152,1.8712878,230.3226725,29,2026-03-23,2026-03-25,0.4886621,431,22.7312186590006
153480719,66228851,168,343,110377,0.4897959,0.0015196,1.8711157,89.786002,17,2026-07-26,2026-07-26,0.4897959,168,22.7839599207346
142327375,149025740,557,172734,1226,0.454323,0.0032122,1.8703161,297.810618,16,2026-04-27,2026-04-29,0.454323,557,21.13385804795
148064425,148798931,207,365,60235,0.5671233,0.0034275,1.869922,110.6998039,17,2026-04-21,2026-04-21,0.5671233,207,26.3810181696391
144859972,145846574,173,413,484046,0.4188862,0.0003572,1.8695774,92.5342793,14,2026-04-10,2026-04-12,0.4188862,173,19.4854354480077
153849764,19619027,241,556,86903,0.4334532,0.0027632,1.8694859,128.9124446,17,2026-08-05,2026-08-05,0.4334532,241,20.1630522760892
137092222,145846574,400,1015,484046,0.3940887,0.0008253,1.8691359,214.0026307,28,2026-04-27,2026-07-21,0.3940887,400,18.3319238605599
148484465,76763815,477,48832,912,0.5230263,0.0096819,1.864734,255.8005634,15,2026-04-14,2026-04-16,0.5230263,477,24.3297468531078
145846574,153077600,449,484046,749,0.599466,0.000927,1.8638653,240.897232,28,2026-07-16,2026-07-21,0.599466,449,27.885511736303
145846574,150646299,272,484046,595,0.4571429,0.0005616,1.8627183,146.0231554,27,2026-07-09,2026-07-19,0.4571429,272,21.2650320503875
123591261,147952026,286,353875,745,0.3838926,0.0008071,1.8611504,153.6683946,28,2026-03-30,2026-04-22,0.3838926,286,17.8576292947054
142668385,150054108,225,91047,565,0.3982301,0.0024621,1.8603891,120.9424398,28,2026-05-15,2026-05-15,0.3982301,225,18.5245704131662
148495185,149677708,180,426,12053,0.4225352,0.0146353,1.8597257,96.7884658,17,2026-05-07,2026-05-07,0.4225352,180,19.6551769051141
153483623,66228851,195,387,110377,0.503876,0.0017636,1.8596635,104.857678,17,2026-07-26,2026-07-26,0.503876,195,23.4389274982091
135015036,145846574,330,470,484046,0.7021277,0.0006816,1.8575863,177.6498873,28,2026-07-09,2026-07-10,0.7021277,330,32.6610520341995
153789863,19619027,245,424,86903,0.5778302,0.0028134,1.8557624,132.021209,21,2026-08-03,2026-08-03,0.5778302,245,26.8790737484533
153578498,19619027,345,945,86903,0.3650794,0.0039427,1.8532482,186.159626,28,2026-07-28,2026-07-29,0.3650794,345,16.982490905877
123591261,139046200,281,353875,644,0.4363354,0.0007933,1.8528186,151.6608237,11,2026-05-09,2026-07-22,0.4363354,281,20.2971243034041
122493127,145846574,211,386,484046,0.5466321,0.0004358,1.8526236,113.8925383,28,2026-07-15,2026-07-18,0.5466321,211,25.4278238298585
142327375,149228546,241,172734,491,0.490835,0.0013932,1.8501813,130.2575042,3,2026-04-27,2026-04-29,0.490835,241,22.8322959985859
146933027,148484465,1775,1934,48832,0.917787,0.0362311,1.8488,960.0822104,17,2026-04-15,2026-04-15,0.917787,1775,42.6929303078512
152549615,19619027,214,377,86903,0.5676393,0.0024579,1.8460666,115.9221476,27,2026-08-03,2026-08-04,0.5676393,214,26.4050210723157
144903740,145846574,176,366,484046,0.4808743,0.0003635,1.8452314,95.3809907,29,2026-04-17,2026-07-19,0.4808743,176,22.3689515941463
139244579,148798931,405,1055,60235,0.3838863,0.0066519,1.8449896,219.5134344,13,2026-04-20,2026-05-10,0.3838863,405,17.8573362360099
151772480,19619027,344,896,86903,0.3839286,0.0039335,1.8444162,186.5088804,29,2026-07-25,2026-08-04,0.3839286,344,17.8593039158224
147714615,148841537,439,50745,513,0.8557505,0.0086385,1.8437379,238.1032635,4,2026-04-18,2026-04-22,0.8557505,439,39.8071627266553
113730913,142327375,230,366,172734,0.6284153,0.0013305,1.8422745,124.8456762,18,2026-04-27,2026-04-29,0.6284153,230,29.2321536557909
148484465,148698436,1288,48832,2366,0.5443787,0.0258065,1.8419353,699.2645111,17,2026-04-15,2026-04-15,0.5443787,1288,25.3230018513867
144803950,145846574,487,843,484046,0.5776987,0.0010054,1.8385448,264.8833996,16,2026-05-05,2026-05-05,0.5776987,487,26.872956729651
142327375,149218365,231,172734,305,0.757377,0.0013367,1.8374352,125.7187192,18,2026-04-27,2026-04-28,0.757377,231,35.2310977141422
123591261,140921753,223,353875,587,0.3798978,0.0006295,1.8366068,121.4195669,28,2026-07-17,2026-08-03,0.3798978,223,17.6718021714254
123591261,149979809,442,353875,1091,0.4051329,0.0012467,1.8358475,240.7607433,9,2026-05-13,2026-05-19,0.4051329,442,18.845669708895
123591261,148065731,500,353875,943,0.5302227,0.0014112,1.8353911,272.4215073,29,2026-04-01,2026-04-01,0.5302227,500,24.6645036143906
142327375,144232586,251,172734,603,0.4162521,0.0014501,1.834962,136.7875705,15,2026-03-23,2026-04-29,0.4162521,251,19.3629043512239
153781504,19619027,301,556,86903,0.5413669,0.0034535,1.8344664,164.0804081,24,2026-08-03,2026-08-04,0.5413669,301,25.1829011880506
148484465,148682780,623,48832,690,0.9028986,0.0127405,1.8334082,339.8043004,17,2026-04-15,2026-04-15,0.9028986,623,42.0003628345753
139112658,148484465,178,304,48832,0.5855263,0.0036358,1.8322334,97.1491952,6,2026-04-15,2026-04-15,0.5855263,178,27.2370751811847
153853930,19619027,211,530,86903,0.3981132,0.0024191,1.8316373,115.1974787,17,2026-08-05,2026-08-05,0.3981132,211,18.5191325462614
145846574,148322850,182,484046,381,0.4776903,0.0003758,1.8313053,99.3826639,24,2026-04-07,2026-04-11,0.4776903,182,22.2208406598007
123591261,133195132,427,353875,1056,0.4043561,0.0012045,1.8312085,233.1793458,28,2026-04-18,2026-04-22,0.4043561,427,18.809535106571
123591261,149651013,197,353875,314,0.6273885,0.0005565,1.8309383,107.5951057,4,2026-05-06,2026-05-09,0.6273885,197,29.1843897401546
152666860,66228851,207,304,110377,0.6809211,0.0018737,1.830754,113.0681667,7,2026-07-26,2026-08-05,0.6809211,207,31.6745792514444
153859037,19619027,289,684,86903,0.4225146,0.0033105,1.8299298,157.9295558,17,2026-08-05,2026-08-05,0.4225146,289,19.6542186496972
123591261,148107046,399,353875,1056,0.3778409,0.0011254,1.8265811,218.4408863,28,2026-04-02,2026-05-20,0.3778409,399,17.576120833217
123591261,129347994,407,353875,1009,0.4033697,0.0011482,1.8255809,222.9427344,23,2026-04-01,2026-05-06,0.4033697,407,18.763650487966
152708689,66228851,419,1204,110377,0.3480066,0.0037693,1.82518,229.5663929,15,2026-08-05,2026-08-05,0.3480066,419,16.1883111446035
148484465,148698373,1345,48832,2491,0.5399438,0.0269118,1.8247189,737.0998254,18,2026-04-15,2026-04-15,0.5399438,1345,25.1167024849517
142327375,143841344,318,172734,470,0.6765957,0.0018394,1.8200992,174.715753,16,2026-04-18,2026-04-19,0.6765957,318,31.4733735242401
145846574,153023642,350,484046,743,0.4710633,0.0007225,1.8195497,192.3552864,27,2026-07-15,2026-07-16,0.4710633,350,21.9125708225181
145846574,152299442,190,484046,381,0.4986877,0.0003924,1.8194891,104.4249173,25,2026-07-08,2026-07-19,0.4986877,190,23.1975820331761
147809710,149677708,234,483,12053,0.484472,0.0190213,1.8193645,128.6163368,17,2026-05-07,2026-05-07,0.484472,234,22.536306716161
123591261,153148806,322,353875,572,0.5629371,0.0009093,1.8180824,177.1096855,28,2026-07-17,2026-07-18,0.5629371,322,26.1862876440872
144536667,145846574,287,694,484046,0.4135447,0.0005924,1.8164619,157.9994583,13,2026-04-08,2026-07-04,0.4135447,287,19.2369635397769
121732938,143902412,167,110007,440,0.3795455,0.0015143,1.8156543,91.9778613,6,2026-03-24,2026-04-18,0.3795455,167,17.6554141431057
122904711,142327375,285,626,172734,0.4552716,0.0016467,1.8147813,157.0437133,8,2026-04-18,2026-04-29,0.4552716,285,21.1779843143822
142327375,149173145,364,172734,623,0.5842697,0.0021041,1.8138884,200.6738678,15,2026-04-28,2026-04-28,0.5842697,364,27.1786216007517
142327375,148643010,551,172734,1359,0.4054452,0.003175,1.813164,303.8886671,7,2026-04-14,2026-04-14,0.4054452,551,18.8601970470848
153864806,66228851,232,353,110377,0.6572238,0.0020996,1.813058,127.9606065,15,2026-08-05,2026-08-05,0.6572238,232,30.5722459460214
153477195,66228851,619,1033,110377,0.5992256,0.0055871,1.8125297,341.5116387,8,2026-07-26,2026-07-26,0.5992256,619,27.8743289886219
148484465,148636875,178,48832,320,0.55625,0.0036346,1.8124717,98.2084321,17,2026-04-15,2026-04-15,0.55625,178,25.8752221198843
142327375,149262673,730,172734,730,1,0.0042262,1.8124585,402.7678364,7,2026-04-28,2026-04-28,1,730,46.5172532492301
142327375,148787021,816,172734,2271,0.3593131,0.0046846,1.8075515,451.4394168,18,2026-04-28,2026-04-28,0.3593131,816,16.714258468466
153853980,19619027,186,445,86903,0.4179775,0.002134,1.8060856,102.9851513,15,2026-08-05,2026-08-05,0.4179775,186,19.4431652199801
142327375,149151315,531,172734,1392,0.3814655,0.0030588,1.8055921,294.0863588,15,2026-04-27,2026-04-30,0.3814655,531,17.7447272693442
123591261,148027052,388,353875,968,0.4008264,0.0010946,1.805467,214.9028496,29,2026-03-31,2026-04-02,0.4008264,388,18.6453431577772
146310977,148798931,229,602,60235,0.3803987,0.0037784,1.8041931,126.926547,9,2026-04-20,2026-04-21,0.3803987,229,17.6951026635779
135966659,149677708,237,371,12053,0.638814,0.019447,1.8034409,131.4154547,12,2026-05-07,2026-05-07,0.638814,237,29.7158726171537
142327375,149269990,540,172734,879,0.6143345,0.0031201,1.8019817,299.6700717,17,2026-04-28,2026-04-28,0.6143345,540,28.5771535162392
142327375,149262305,817,172734,1808,0.4518805,0.0047028,1.8017327,453.4523929,17,2026-04-28,2026-04-28,0.4518805,817,21.0202396568887
117518457,142327375,284,395,172734,0.7189873,0.0016431,1.8009816,157.6917812,17,2026-04-28,2026-04-28,0.7189873,284,33.4453143170802
133934620,148370408,175,477,60338,0.3668763,0.0028859,1.8009641,97.1701781,5,2026-04-17,2026-04-18,0.3668763,175,17.0660777582405
142327375,149308279,926,172734,2065,0.4484262,0.0053257,1.7998749,514.4801946,7,2026-04-29,2026-04-29,0.4484262,926,20.8595551089899
123591261,142251571,190,353875,465,0.4086022,0.0005365,1.7998649,105.5634781,12,2026-04-02,2026-04-30,0.4086022,190,19.0070520155926
153309063,19619027,788,2132,86903,0.369606,0.0089295,1.7997647,437.8350157,29,2026-07-28,2026-08-05,0.369606,788,17.193055904435
117611148,142327375,562,1611,172734,0.3488516,0.0032339,1.795898,312.9353633,15,2026-03-28,2026-04-29,0.3488516,562,16.2276182235991
120583279,146577312,213,4922,608,0.3503289,0.0400602,1.7956891,118.6174171,5,2026-03-22,2026-03-22,0.3503289,213,16.2963381618242
153857842,66228851,331,417,110377,0.793765,0.0029965,1.795601,184.3393909,1,2026-08-05,2026-08-05,0.793765,331,36.9237675253752
153716304,66228851,691,1302,110377,0.530722,0.0062259,1.7953478,384.8836496,17,2026-08-05,2026-08-05,0.530722,691,24.6877296789379
145846574,152820481,238,484046,321,0.741433,0.0004916,1.7947208,132.6111552,27,2026-07-10,2026-07-11,0.741433,238,34.4894266283365
135095032,145846574,182,326,484046,0.5582822,0.0003759,1.7933447,101.4863456,13,2026-04-11,2026-04-11,0.5582822,182,25.9697544819373
145846574,151983257,901,484046,1436,0.6274373,0.0018593,1.7910987,503.0431782,27,2026-07-06,2026-07-11,0.6274373,901,29.1866597821132
142327375,149294273,851,172734,2090,0.407177,0.0048916,1.7894774,475.5578406,19,2026-04-28,2026-04-28,0.407177,851,18.9407556262618
153789401,19619027,236,424,86903,0.5566038,0.0027098,1.7894199,131.8863199,17,2026-08-03,2026-08-03,0.5566038,236,25.8916799240838
111334807,148798931,646,1862,60235,0.3469388,0.0105124,1.7890856,361.0783009,16,2026-04-21,2026-05-09,0.3469388,646,16.138640021584
153790685,19619027,239,429,86903,0.5571096,0.0027442,1.7879852,133.6700138,17,2026-08-03,2026-08-03,0.5571096,239,25.9152083507773
148484465,148698434,1393,48832,2503,0.5565322,0.0278924,1.7873618,779.3609771,18,2026-04-15,2026-04-15,0.5565322,1393,25.8883492887512
132756071,145846574,673,1267,484046,0.531176,0.0013887,1.7868532,376.6397771,26,2026-04-16,2026-06-27,0.531176,673,24.7088485119131
153431245,66228851,179,373,110377,0.4798928,0.0016189,1.7864122,100.2008403,12,2026-07-25,2026-07-26,0.4798928,179,22.3232949100822
145846574,152325725,808,484046,1728,0.4675926,0.0016661,1.7857534,452.4700919,29,2026-07-09,2026-07-29,0.4675926,808,21.751123391666
142668385,152822529,247,91047,618,0.3996764,0.0027019,1.7847157,138.3973918,13,2026-07-10,2026-07-13,0.3996764,247,18.5918483165406
153479288,66228851,171,358,110377,0.4776536,0.0015466,1.7844195,95.8294841,12,2026-07-26,2026-07-26,0.4776536,171,22.2191334766065
123591261,127692025,179,353875,479,0.3736952,0.0005054,1.7843365,100.3174019,21,2026-04-01,2026-04-29,0.3736952,179,17.3832742564217
153781320,19619027,239,430,86903,0.555814,0.0027442,1.7825499,134.0775961,21,2026-08-03,2026-08-03,0.555814,239,25.8549405974676
149155299,149677708,460,884,12053,0.520362,0.0368678,1.7824001,258.0789839,17,2026-05-07,2026-05-07,0.520362,460,24.2058109352759
153781096,19619027,284,521,86903,0.5451056,0.0032591,1.7786731,159.6695881,22,2026-08-03,2026-08-04,0.5451056,284,25.3568152427735
142327375,149310898,424,172734,587,0.7223169,0.0024523,1.7784829,238.405435,6,2026-04-29,2026-04-29,0.7223169,424,33.6001981634988
153868105,66228851,173,430,110377,0.4023256,0.0015637,1.7780282,97.2987964,17,2026-08-05,2026-08-05,0.4023256,173,18.7150818238485
142327375,149310631,426,172734,590,0.7220339,0.0024639,1.7777007,239.635387,6,2026-04-29,2026-04-29,0.7220339,426,33.5870337808293
142327375,147606048,195,172734,417,0.4676259,0.0011275,1.775025,109.857607,14,2026-04-14,2026-04-19,0.4676259,195,21.7526724161992
145846574,152812804,580,484046,922,0.6290672,0.0011974,1.7750161,326.7576059,28,2026-07-10,2026-07-20,0.6290672,580,29.2624782531841
153790662,19619027,240,434,86903,0.5529954,0.0027555,1.7746713,135.2363073,17,2026-08-03,2026-08-03,0.5529954,240,25.7238270674593
121455303,123591261,174,437,353875,0.3981693,0.0004913,1.7734029,98.1164502,10,2026-05-16,2026-05-18,0.3981693,174,18.5217421641687
152889066,153477195,365,18836,1033,0.3533398,0.0187141,1.772836,205.8848035,8,2026-07-26,2026-07-27,0.3533398,365,16.4363969596323
145846574,152222439,1731,484046,4774,0.362589,0.0035538,1.7711853,977.3116316,29,2026-07-07,2026-07-28,0.362589,1731,16.8666443383851
142327375,148087667,279,172734,654,0.4266055,0.0016117,1.7706431,157.5698694,12,2026-04-27,2026-04-29,0.4266055,279,19.8445160810145
148484465,148691406,293,48832,522,0.5613027,0.0059722,1.76941,165.5919171,18,2026-04-15,2026-04-15,0.5613027,293,26.1102598453767
153506643,19619027,402,1123,86903,0.3579697,0.0045878,1.7681824,227.352116,15,2026-07-28,2026-08-05,0.3579697,402,16.6517671904509
148462857,149150782,259,513,19321,0.5048733,0.0132312,1.7662213,146.6407403,7,2026-04-26,2026-04-27,0.5048733,259,23.4853191548745
123591261,148717755,241,353875,477,0.5052411,0.0006806,1.7656092,136.4967943,6,2026-04-16,2026-05-09,0.5052411,241,23.5024282006196
145846574,68298060,176,484046,479,0.3674322,0.0003634,1.7653621,99.6962627,28,2026-07-08,2026-07-15,0.3674322,176,17.0919366993218
142327375,149236547,281,172734,350,0.8028571,0.0016261,1.7645064,159.2513388,16,2026-04-28,2026-04-29,0.8028571,281,37.3467070436425
138975462,142327375,269,516,172734,0.5213178,0.0015551,1.7589857,152.9290398,13,2026-04-18,2026-04-29,0.5213178,269,24.2502721259315
142327375,149268057,362,172734,502,0.7211155,0.002094,1.7589138,205.8088347,17,2026-04-28,2026-04-28,0.7211155,362,33.5443123354452
145846574,147640233,209,484046,545,0.3834862,0.0004315,1.7572746,118.9341721,11,2026-04-10,2026-05-15,0.3834862,209,17.8387246829849
144230777,144714518,215,566,12714,0.3798587,0.0164562,1.7562662,122.4187976,3,2026-03-22,2026-03-23,0.3798587,215,17.6699833468233
153621887,19619027,318,845,86903,0.3763314,0.0036372,1.7540839,181.2912162,29,2026-07-29,2026-08-05,0.3763314,318,17.5059030394373
123591261,145125274,249,353875,659,0.3778452,0.0007028,1.7538084,141.9767398,29,2026-03-31,2026-04-29,0.3778452,249,17.576320857406
148312619,148484465,487,945,48832,0.5153439,0.0098803,1.7520637,277.9579276,3,2026-04-14,2026-04-16,0.5153439,487,23.9723827067459
123591261,152305904,596,353875,1024,0.5820313,0.0016822,1.7486165,340.8408883,28,2026-07-17,2026-07-17,0.5820313,596,27.0744973810786
123591261,142138808,177,353875,406,0.4359606,0.0004999,1.7470029,101.3163752,8,2026-04-11,2026-05-01,0.4359606,177,20.2796896368863
123591261,153148090,173,353875,396,0.4368687,0.0004886,1.7453971,99.1178442,28,2026-07-17,2026-07-19,0.4368687,173,20.3219319545619
145846574,152434705,264,484046,355,0.743662,0.0005453,1.7440757,151.36958,29,2026-07-09,2026-07-18,0.743662,264,34.593113585829
115295631,142160593,215,27691,346,0.6213873,0.0077277,1.7439379,123.2842098,26,2026-03-23,2026-03-24,0.6213873,215,28.9052303999553
145846574,152728156,714,484046,1533,0.4657534,0.0014726,1.740249,410.2861197,29,2026-07-08,2026-07-11,0.4657534,714,21.66556885949
142327375,149216786,292,172734,407,0.7174447,0.0016893,1.7398361,167.8319024,6,2026-04-27,2026-04-29,0.7174447,292,33.3735568022179
121135996,151960064,182,6789,418,0.4354067,0.0259075,1.7385614,104.6842526,1,2026-06-25,2026-07-05,0.4354067,182,20.2539237303116
148484465,148641440,227,48832,370,0.6135135,0.004635,1.7373658,130.6575757,3,2026-04-14,2026-04-15,0.6135135,227,28.5389628513216
142327375,149267933,340,172734,471,0.7218684,0.0019669,1.7358958,195.8642902,17,2026-04-28,2026-04-28,0.7218684,340,33.5793351754166
123591261,148034820,361,353875,813,0.4440344,0.0010188,1.7357322,207.9813971,28,2026-03-31,2026-04-04,0.4440344,361,20.65526063617
112956052,145846574,198,389,484046,0.5089974,0.0004089,1.7353275,114.0994996,10,2026-04-09,2026-05-28,0.5089974,198,23.6771609589997
145846574,152930166,323,484046,723,0.4467497,0.0006667,1.7345257,186.2180585,28,2026-07-13,2026-07-26,0.4467497,323,20.7815689339176
153259598,153520469,402,10827,1104,0.3641304,0.0348686,1.733904,231.8467511,6,2026-07-29,2026-07-29,0.3641304,402,16.9383460325435
123591261,142063132,167,353875,409,0.408313,0.0004716,1.73333,96.3463389,4,2026-05-05,2026-07-28,0.408313,167,18.9935992259529
145846574,148345140,459,484046,1119,0.4101877,0.000947,1.7331777,264.8314722,9,2026-04-07,2026-05-07,0.4101877,459,19.0808051206192
133739166,145846574,260,670,484046,0.3880597,0.0005367,1.7327356,150.0517447,6,2026-07-19,2026-07-20,0.3880597,260,18.0514713407203
145846574,89433099,370,484046,836,0.4425837,0.0007637,1.7313584,213.7050266,29,2026-07-05,2026-07-19,0.4425837,370,20.5877780568813
153786074,19619027,297,567,86903,0.5238095,0.003407,1.7306268,171.614121,24,2026-08-03,2026-08-04,0.5238095,297,24.3661791658526
148484465,148539031,179,48832,418,0.4282297,0.0036478,1.7303239,103.4488418,17,2026-04-14,2026-04-15,0.4282297,179,19.9200694037418
142011380,142327375,295,615,172734,0.4796748,0.0017047,1.7298299,170.5369976,4,2026-03-22,2026-04-29,0.4796748,295,22.3131541488738
123188655,145846574,431,541,484046,0.7966728,0.0008902,1.7259122,249.7230112,29,2026-07-09,2026-07-11,0.7966728,431,37.0590303943733
142327375,148819133,245,172734,631,0.3882726,0.0014152,1.7237768,142.1297696,17,2026-04-18,2026-04-19,0.3882726,245,18.061374863937
149677708,149689662,169,12053,407,0.4152334,0.0137499,1.7219212,98.1461873,10,2026-05-07,2026-05-07,0.4152334,169,19.3155172253389
153781883,19619027,215,391,86903,0.5498721,0.002469,1.7214918,124.8916782,29,2026-08-03,2026-08-03,0.5498721,215,25.578539730386
145846574,148349720,372,484046,884,0.4208145,0.0007677,1.720063,216.2711453,12,2026-04-07,2026-05-05,0.4208145,372,19.5751346674482
145846574,148192779,331,484046,726,0.4559229,0.0006833,1.7182658,192.6360828,29,2026-04-07,2026-05-02,0.4559229,331,21.2082810014234
145846574,152758190,1275,484046,1702,0.7491187,0.0026317,1.7181619,742.0720893,29,2026-07-09,2026-07-12,0.7491187,1275,34.8469442816341
145846574,148499121,179,484046,311,0.5755627,0.0003697,1.7160873,104.3070507,29,2026-04-10,2026-04-10,0.5755627,179,26.7735958767107
148484465,89641714,337,48832,806,0.4181141,0.0068356,1.7153726,196.4587735,15,2026-04-15,2026-04-15,0.4181141,337,19.4495194767739
131660733,145846574,202,426,484046,0.4741784,0.0004171,1.7143877,117.8263239,18,2026-04-07,2026-07-10,0.4741784,202,22.0574767181147
145846574,152802704,214,484046,577,0.3708839,0.0004418,1.7132735,124.9070849,29,2026-07-10,2026-07-25,0.3708839,214,17.2525003023621
145846574,150343471,304,484046,676,0.4497041,0.0006276,1.7129799,177.4685106,28,2026-06-02,2026-07-25,0.4497041,304,20.9189995069171
148798931,149812133,172,60235,361,0.4764543,0.0028466,1.7083252,100.6834081,17,2026-05-09,2026-05-10,0.4764543,172,22.1633453347847
131873440,145846574,596,1319,484046,0.4518575,0.0012295,1.7082529,348.8944806,28,2026-06-26,2026-07-10,0.4518575,596,21.019169760064
153786007,19619027,233,437,86903,0.5331808,0.0026749,1.7078971,136.4250823,24,2026-08-03,2026-08-03,0.5331808,233,24.8021063012271
142291682,142327375,184,472,172734,0.3898305,0.0010634,1.7072677,107.7745451,7,2026-04-13,2026-04-19,0.3898305,184,18.133844092774
153786355,19619027,273,520,86903,0.525,0.0031325,1.7048388,160.13244,7,2026-08-03,2026-08-03,0.525,273,24.4215579558458
45393601,66228851,364,851,110377,0.4277321,0.0032833,1.70464,213.534823,8,2026-08-05,2026-08-05,0.4277321,364,19.896922418525
145846574,146583870,243,484046,470,0.5170213,0.0005018,1.7042157,142.5875813,26,2026-04-28,2026-07-28,0.5170213,243,24.0504107473462
145846574,149155299,412,484046,884,0.4660633,0.0008503,1.702726,241.9649407,19,2026-05-06,2026-05-08,0.4660633,412,21.6799845562719
142327375,149033267,374,172734,903,0.414175,0.0021586,1.7022361,219.7109997,16,2026-04-27,2026-04-29,0.414175,374,19.2662833644999
123591261,139706947,168,353875,376,0.4468085,0.0004745,1.7019203,98.7120252,4,2026-03-31,2026-05-09,0.4468085,168,20.7843041484086
145846574,152795179,1407,484046,2664,0.5281532,0.0028992,1.7008896,827.2141989,29,2026-07-09,2026-07-26,0.5281532,1407,24.5682361587913
148484465,65467965,367,48832,759,0.483531,0.0074557,1.7007356,215.7889773,16,2026-04-14,2026-05-10,0.483531,367,22.4925339808535
142327375,148658557,680,172734,1168,0.5821918,0.0039256,1.7002929,399.9311059,16,2026-04-18,2026-04-28,0.5821918,680,27.0819634002251
142327375,148724877,179,172734,368,0.486413,0.0010351,1.6945496,105.6327913,16,2026-04-18,2026-04-28,0.486413,179,22.6265967047178
145846574,146840881,559,484046,1426,0.3920056,0.0011528,1.6941183,329.9651581,29,2026-07-07,2026-07-21,0.3920056,559,18.2350237703164
144714518,146577312,213,12714,608,0.3503289,0.0162484,1.6924341,125.8542351,5,2026-03-22,2026-03-22,0.3503289,213,16.2963381618242
123591261,148338419,327,353875,842,0.388361,0.0009227,1.6919705,193.2657841,28,2026-04-07,2026-04-11,0.388361,327,18.0654869891243
142327375,66881317,247,172734,438,0.5639269,0.0014284,1.6917314,146.0042669,14,2026-04-18,2026-04-19,0.5639269,247,26.2323304213533
102910256,148484465,469,1001,48832,0.4685315,0.0095009,1.6910726,277.3387807,16,2026-04-14,2026-04-15,0.4685315,469,21.7947984407417
149642899,149677708,453,983,12053,0.4608342,0.036001,1.6902421,268.0089468,17,2026-05-07,2026-05-07,0.4608342,453,21.4367411873064
145846574,149322667,802,484046,1251,0.6410871,0.0016553,1.6884316,474.9970226,12,2026-04-30,2026-05-08,0.6410871,802,29.8216109855145
145846574,153148806,382,484046,572,0.6678322,0.0007889,1.6880146,226.3013585,28,2026-07-17,2026-07-19,0.6678322,382,31.0657195753905
140557719,145846574,231,529,484046,0.436673,0.0004769,1.6869151,136.9363558,14,2026-05-04,2026-05-29,0.436673,231,20.3128285281011
153259598,153520079,312,10827,856,0.364486,0.0274382,1.6868043,184.9651481,6,2026-07-29,2026-07-29,0.364486,312,16.9548875677989
153569564,19619027,603,1195,86903,0.5046025,0.0068918,1.685333,357.7927915,28,2026-07-28,2026-08-04,0.5046025,603,23.4727222826947
145846574,152795722,646,484046,1179,0.547922,0.0013331,1.6842059,383.5635572,28,2026-07-09,2026-07-19,0.547922,646,25.4878264348247
147104190,147675130,2489,18508,3862,0.6444847,0.1251949,1.6820982,1479.6996136,6,2026-03-30,2026-03-30,0.6444847,2489,29.9796580051541
145846574,152969093,730,484046,1511,0.4831238,0.0015057,1.6813069,434.186046,28,2026-07-14,2026-07-26,0.4831238,730,22.4735921553304
123591261,148915329,176,353875,341,0.516129,0.0004971,1.6800785,104.7570092,26,2026-04-20,2026-04-28,0.516129,176,24.0089034022719
153780597,19619027,211,404,86903,0.5222772,0.0024226,1.6790931,125.6630759,17,2026-08-03,2026-08-03,0.5222772,211,24.2949007786988
152638182,19619027,194,483,86903,0.4016563,0.002225,1.6776103,115.6406819,13,2026-08-03,2026-08-05,0.4016563,194,18.6839478262488
145846574,152848192,186,484046,397,0.4685139,0.0003841,1.6773456,110.8894933,25,2026-07-11,2026-07-20,0.4685139,186,21.7939797370845
145846574,149356623,195,484046,381,0.511811,0.0004027,1.676964,116.2815629,6,2026-04-30,2026-05-17,0.511811,195,23.8080419027417
142668385,152733881,1062,91047,2844,0.3734177,0.0114404,1.6767325,633.374731,29,2026-07-09,2026-07-11,0.3734177,1062,17.370365718645
115295631,147273190,316,27691,686,0.4606414,0.0112612,1.671682,189.0311725,25,2026-03-23,2026-03-25,0.4606414,316,21.4277726608799
142327375,148443993,1265,172734,3214,0.3935905,0.0072417,1.6708392,757.104573,18,2026-04-12,2026-04-29,0.3935905,1265,18.3087489649911
153564530,19619027,406,1146,86903,0.3542757,0.0046324,1.6706961,243.0124791,17,2026-07-28,2026-08-05,0.3542757,406,16.4799324569483
142327375,43599607,636,172734,1625,0.3913846,0.003661,1.6684848,381.184184,16,2026-03-29,2026-04-28,0.3913846,636,18.2061365560486
104925738,152979882,504,1266,42077,0.3981043,0.011765,1.6681539,302.1303887,17,2026-07-22,2026-07-22,0.3981043,504,18.5187185427075
145846574,153246139,204,484046,341,0.5982405,0.0004213,1.6670337,122.3730545,12,2026-07-20,2026-07-21,0.5982405,204,27.8285048424461
145846574,148494438,1261,484046,2341,0.5386587,0.0025993,1.6661019,756.8564734,29,2026-04-10,2026-04-11,0.5386587,1261,25.0569231628011
153216797,19619027,650,1663,86903,0.3908599,0.0073934,1.6651614,390.3525624,29,2026-07-28,2026-08-05,0.3908599,650,18.1817289532688
123591261,148547645,296,353875,620,0.4774194,0.0008357,1.6630946,177.9814595,28,2026-07-17,2026-07-25,0.4774194,296,22.2082391358955
148370408,148828041,199,60338,381,0.5223097,0.0032882,1.6626668,119.6872423,17,2026-04-18,2026-04-18,0.5223097,199,24.2964125894294
123591261,129675321,209,353875,560,0.3732143,0.00059,1.6626494,125.7029922,28,2026-04-09,2026-07-21,0.3732143,209,17.3609041093342
145846574,146243181,242,484046,682,0.3548387,0.0004995,1.6619277,145.6140368,17,2026-07-17,2026-07-25,0.3548387,242,16.5061216705276
145061295,145846574,211,597,484046,0.3534338,0.0004356,1.660813,127.046214,13,2026-04-06,2026-04-18,0.3534338,211,16.4407695814378
148370408,66633561,521,60338,860,0.605814,0.0085864,1.6576957,314.2917001,18,2026-04-17,2026-04-18,0.605814,521,28.1808032599291
145846574,148494441,1299,484046,2465,0.5269777,0.0026772,1.6566474,784.1137576,27,2026-04-10,2026-04-11,0.5269777,1299,24.5135551275968
151378947,151517106,492,16071,1212,0.4059406,0.0293014,1.6555568,297.1809903,6,2026-06-15,2026-06-17,0.4059406,492,18.8832416943444
145846574,152881173,312,484046,774,0.4031008,0.000644,1.6546549,188.5589582,28,2026-07-13,2026-07-17,0.4031008,312,18.7511419985673
123591261,143065194,190,353875,503,0.3777336,0.0005364,1.6530623,114.9381965,7,2026-03-31,2026-07-07,0.3777336,190,17.5711295319434
145846574,153109844,451,484046,1100,0.41,0.0009305,1.6527698,272.8752601,16,2026-07-16,2026-07-29,0.41,451,19.0720738321844
129533265,145885463,204,59198,577,0.3535529,0.0034245,1.6520936,123.4796858,14,2026-04-10,2026-04-11,0.3535529,204,16.4463097862997
127942778,145846574,364,920,484046,0.3956522,0.0007511,1.6500791,220.5954902,27,2026-07-12,2026-07-29,0.3956522,364,18.4046535860151
123591261,153103800,293,353875,708,0.4138418,0.000827,1.6483663,177.7517511,11,2026-07-21,2026-07-24,0.4138418,293,19.2507838157172
152860975,19619027,419,1152,86903,0.3637153,0.0047811,1.648151,254.2242852,29,2026-07-28,2026-08-05,0.3637153,419,16.9190367207197
142668385,152841052,192,91047,374,0.513369,0.0021046,1.6479416,116.5089857,26,2026-07-10,2026-07-10,0.513369,192,23.880515783304
143713225,145846574,2707,4981,484046,0.5434652,0.0055663,1.6475983,1642.9975725,28,2026-07-17,2026-07-28,0.5434652,2707,25.2805083405435
145846574,152801753,527,484046,1173,0.4492754,0.0010873,1.6452108,320.3236963,27,2026-07-10,2026-07-26,0.4492754,527,20.8990575604492
145846574,153150100,685,484046,1709,0.4008192,0.0014122,1.6452065,416.3610959,29,2026-07-17,2026-07-26,0.4008192,685,18.6450082335538
144221430,145846574,230,312,484046,0.7371795,0.0004751,1.6451725,139.8029704,18,2026-07-20,2026-07-21,0.7371795,230,34.2915654916409
145846574,152728901,1009,484046,2188,0.4611517,0.0020794,1.6442928,613.6376818,28,2026-07-08,2026-07-17,0.4611517,1009,21.451510415213
142327375,148628305,381,172734,383,0.9947781,0.0022057,1.6442641,231.7146054,10,2026-04-13,2026-04-14,0.9947781,381,46.274344804488
145846574,152209405,898,484046,2348,0.3824532,0.0018497,1.6438699,546.2719555,28,2026-07-06,2026-07-25,0.3824532,898,17.7906723603785
145846574,149396760,335,484046,516,0.6492248,0.0006918,1.6434978,203.833552,6,2026-05-01,2026-05-12,0.6492248,335,30.2001544372808
145846574,152835798,265,484046,312,0.849359,0.0005474,1.641104,161.4766625,9,2026-07-11,2026-07-22,0.849359,265,39.5098477025129
145846574,152891302,278,484046,480,0.5791667,0.0005741,1.6409832,169.410628,20,2026-07-12,2026-07-26,0.5791667,278,26.9412440574209
145846574,152352973,9074,484046,24156,0.3756417,0.0181797,1.6399972,5532.9363173,29,2026-07-03,2026-07-27,0.3756417,9074,17.4738200898713
19619027,97375175,248,86903,669,0.3707025,0.00284,1.6394264,151.2724231,29,2026-08-02,2026-08-05,0.3707025,248,17.2440620726227
145846574,46028695,272,484046,338,0.8047337,0.0005619,1.6388476,165.9702791,18,2026-07-20,2026-07-20,0.8047337,272,37.43400132109
145846574,153248231,281,484046,379,0.7414248,0.0005804,1.6380978,171.5404274,18,2026-07-20,2026-07-20,0.7414248,281,34.4890451868598
129242026,149150782,561,1078,19321,0.5204082,0.0282791,1.6377548,342.5421297,17,2026-04-27,2026-04-27,0.5204082,561,24.207960032376
145846574,152841456,208,484046,416,0.5,0.0004295,1.6371396,127.0508608,28,2026-07-10,2026-07-11,0.5,208,23.2586266246151
145846574,153248193,258,484046,366,0.704918,0.0005329,1.6352016,157.7787059,18,2026-07-20,2026-07-20,0.704918,258,32.7908491259408
123591261,149372911,522,353875,596,0.8758389,0.0014748,1.6350857,319.2493238,6,2026-04-30,2026-05-05,0.8758389,522,40.7416199168271
148370408,148680624,169,60338,311,0.5434084,0.0027943,1.6343373,103.4058271,10,2026-04-18,2026-04-18,0.5434084,169,25.277866160559
148484465,148555525,262,48832,459,0.5708061,0.0053438,1.6334305,160.3986215,15,2026-04-14,2026-04-16,0.5708061,262,26.5523319099054
123591261,152987878,255,353875,681,0.3744493,0.0007197,1.6334081,156.1153023,14,2026-07-18,2026-07-25,0.3744493,255,17.4183529170969
145846574,152677112,184,484046,514,0.3579767,0.0003799,1.6316174,112.7715356,29,2026-07-07,2026-07-22,0.3579767,184,16.6520928112237
147383252,147805867,2661,12508,7380,0.3605691,0.1544668,1.6290298,1633.4875797,6,2026-03-27,2026-03-30,0.3605691,2661,16.772684138547
145846574,152305904,667,484046,1024,0.6513672,0.001377,1.6290145,409.4500139,28,2026-07-17,2026-07-17,0.6513672,667,30.2998130006419
121732938,147627761,318,110007,651,0.4884793,0.002882,1.6285496,195.2657748,12,2026-03-22,2026-03-23,0.4884793,318,22.7227153051067
123591261,150074520,195,353875,412,0.473301,0.0005507,1.6279894,119.7796522,5,2026-05-15,2026-05-16,0.473301,195,22.0166624801139
142327375,149260117,254,172734,640,0.396875,0.0014672,1.6267881,156.1358871,14,2026-04-28,2026-04-29,0.396875,254,18.4615348832882
118049809,145846574,288,683,484046,0.4216691,0.0005945,1.6266635,177.0495199,28,2026-04-08,2026-05-29,0.4216691,288,19.6148883120749
153786718,19619027,589,1184,86903,0.4974662,0.0067316,1.6247721,362.5123727,6,2026-08-03,2026-08-03,0.4974662,589,23.1407612083322
123591261,45567076,393,353875,1115,0.3524664,0.0011083,1.6234572,242.075988,13,2026-04-11,2026-05-18,0.3524664,393,16.3957687906444
145846574,153252002,211,484046,324,0.6512346,0.0004358,1.6231864,129.9912285,18,2026-07-20,2026-07-20,0.6512346,211,30.2936448128611
145846574,153250485,211,484046,310,0.6806452,0.0004358,1.6219955,130.0866733,18,2026-07-20,2026-07-20,0.6806452,211,31.6617451412729
145846574,153258857,206,484046,322,0.6397516,0.0004255,1.6213251,127.0565667,18,2026-07-20,2026-07-20,0.6397516,206,29.7594871938002
145846574,153241525,260,484046,366,0.7103825,0.000537,1.6211004,160.3848847,18,2026-07-20,2026-07-20,0.7103825,260,33.0450426563212
123591261,148351619,262,353875,605,0.4330579,0.0007397,1.6203491,161.693548,6,2026-04-07,2026-04-19,0.4330579,262,20.1446640058798
142668385,152834309,169,91047,335,0.5044776,0.0018528,1.6202423,104.305384,29,2026-07-10,2026-07-10,0.5044776,169,23.4669122777638
145846574,152828337,503,484046,1248,0.4030449,0.0010376,1.6201994,310.4556148,27,2026-07-10,2026-07-26,0.4030449,503,18.7485416841106
145846574,153248180,251,484046,379,0.6622691,0.0005184,1.6198845,154.9493153,17,2026-07-20,2026-07-20,0.6622691,251,30.8069394438397
145846574,153241506,267,484046,423,0.6312057,0.0005514,1.619656,164.849825,18,2026-07-20,2026-07-20,0.6312057,267,29.3619553992576
135417772,145846574,228,644,484046,0.3540373,0.0004706,1.6195654,140.7785042,10,2026-04-08,2026-04-29,0.3540373,228,16.4688427437737
145846574,148704253,179,484046,458,0.3908297,0.0003696,1.6191399,110.5525251,13,2026-05-07,2026-05-11,0.3908297,179,18.1803241322206
145846574,153241553,244,484046,386,0.6321244,0.0005039,1.6183853,150.7675613,18,2026-07-20,2026-07-20,0.6321244,244,29.4046907998177
123591261,148673455,263,353875,726,0.362259,0.0007422,1.6181872,162.5275467,7,2026-04-16,2026-04-22,0.362259,263,16.8512936448129
153786690,19619027,590,1191,86903,0.495382,0.0067425,1.6177576,364.7023506,9,2026-08-03,2026-08-03,0.495382,590,23.0438099491101
145846574,148105904,574,484046,1175,0.4885106,0.0011844,1.6175756,354.8520439,28,2026-07-09,2026-07-21,0.4885106,574,22.7241712951334
153786364,19619027,588,1185,86903,0.4962025,0.00672,1.6165797,363.7308972,7,2026-08-03,2026-08-03,0.4962025,588,23.0819773554011
142327375,96170860,671,172734,782,0.8580563,0.0038821,1.6162756,415.151962,13,2026-04-13,2026-04-29,0.8580563,671,39.9144222091974
145846574,153248202,333,484046,500,0.666,0.0006877,1.6162685,206.0301206,17,2026-07-20,2026-07-20,0.666,333,30.9804906639873
148484465,72949020,170,48832,375,0.4533333,0.0034668,1.6158313,105.2090002,12,2026-04-15,2026-05-10,0.4533333,170,21.0878199224092
145846574,153162704,222,484046,353,0.6288952,0.0004585,1.6153477,137.4317126,26,2026-07-18,2026-07-18,0.6288952,222,29.2544772856252
145846574,153249857,228,484046,354,0.6440678,0.0004709,1.6152493,141.1546796,18,2026-07-20,2026-07-20,0.6440678,228,29.9602649622745
123591261,148073464,183,353875,471,0.388535,0.0005167,1.6151131,113.3047596,15,2026-04-01,2026-05-01,0.388535,183,18.0735809911896
148484465,148681640,368,48832,554,0.6642599,0.0075074,1.6145837,227.9225357,6,2026-04-15,2026-04-15,0.6642599,368,30.8995459916083
153805221,19619027,585,1201,86903,0.4870941,0.0066843,1.6138951,362.4770907,8,2026-08-03,2026-08-04,0.4870941,585,22.6582796059058
107325379,148484465,198,557,48832,0.3554758,0.0040251,1.6138255,122.6898461,13,2026-04-14,2026-05-10,0.3554758,198,16.5357578125727
151378947,151650902,225,16071,336,0.6696429,0.0139043,1.6128527,139.5043667,6,2026-06-17,2026-06-17,0.6696429,225,31.1499483658489
123717848,145846574,359,846,484046,0.4243499,0.0007409,1.6125769,222.6250401,12,2026-04-16,2026-07-16,0.4243499,359,19.7395917645855
145846574,152632066,734,484046,1212,0.6056106,0.0015149,1.6108676,455.6550756,28,2026-07-11,2026-07-21,0.6056106,734,28.1713416506182
153785142,19619027,228,453,86903,0.5033113,0.0026168,1.6107236,141.5512871,26,2026-08-03,2026-08-03,0.5033113,228,23.4126592052992
145846574,148041892,244,484046,689,0.3541364,0.0005036,1.6106326,151.4932718,2,2026-04-19,2026-04-20,0.3541364,244,16.4734526035707
153574327,19619027,199,535,86903,0.3719626,0.0022811,1.6098765,123.6119665,25,2026-07-29,2026-08-04,0.3719626,199,17.3026784634421
115295631,146362292,193,27691,513,0.3762183,0.0068902,1.6097155,119.8969633,18,2026-03-23,2026-03-25,0.3762183,193,17.5006419380948
135123960,145846574,606,1645,484046,0.3683891,0.0012493,1.6089938,376.6329087,28,2026-07-11,2026-07-21,0.3683891,606,17.136449058956
145846574,153205464,243,484046,369,0.6585366,0.0005019,1.6089656,151.0287102,13,2026-07-19,2026-07-21,0.6585366,243,30.633313796087
115295631,147715636,265,27691,528,0.5018939,0.0094799,1.6086466,164.7347506,27,2026-03-24,2026-03-24,0.5018939,265,23.3467256505438
142327375,149258668,476,172734,590,0.8067797,0.0027539,1.6077839,296.0596895,5,2026-04-28,2026-04-29,0.8067797,476,37.5291756212379
148798931,149747885,329,60235,426,0.7723005,0.0054532,1.6076651,204.6446087,10,2026-05-08,2026-05-09,0.7723005,329,35.9252979430071
148484465,148672034,428,48832,958,0.4467641,0.0086706,1.6068509,266.3594979,11,2026-04-14,2026-04-15,0.4467641,428,20.7822387823644
121732938,143074510,280,110007,305,0.9180328,0.0025447,1.6064438,174.2980384,6,2026-03-21,2026-03-23,0.9180328,280,42.7043642486998
142327375,149251346,290,172734,575,0.5043478,0.0016761,1.6053529,180.6456422,14,2026-04-27,2026-04-29,0.5043478,290,23.4608743382921
147714615,148959794,172,50745,342,0.502924,0.0033782,1.6046916,107.1857065,4,2026-04-21,2026-04-22,0.502924,172,23.3946430731158
136042733,66228851,388,589,110377,0.6587436,0.0035088,1.6044167,241.8324365,14,2026-08-05,2026-08-05,0.6587436,388,30.6429428675096
145846574,153245003,189,484046,327,0.5779817,0.0003903,1.6030498,117.9002678,18,2026-07-20,2026-07-20,0.5779817,189,26.8861211123206
145846574,153245532,222,484046,358,0.6201117,0.0004585,1.6028851,138.5002605,18,2026-07-20,2026-07-20,0.6201117,222,28.8458929917106
121732938,146973647,294,110007,535,0.5495327,0.0026667,1.6026857,183.4420799,6,2026-03-22,2026-03-22,0.5495327,294,25.5627517746332
145846574,153253943,214,484046,371,0.5768194,0.000442,1.6021321,133.5720046,18,2026-07-20,2026-07-21,0.5768194,214,26.832054108869
106024414,123591261,190,370,353875,0.5135135,0.0005366,1.6008661,118.6857561,12,2026-03-31,2026-04-10,0.5135135,190,23.8872375263985
145846574,153251227,209,484046,341,0.6129032,0.0004317,1.6004263,130.5902072,18,2026-07-20,2026-07-20,0.6129032,209,28.5105733716636
123591261,149573914,709,353875,1637,0.4331093,0.0019983,1.5993513,443.3047311,3,2026-05-05,2026-05-12,0.4331093,709,20.1470549926968
123591261,139376055,322,353875,611,0.5270049,0.0009092,1.5991964,201.3511286,28,2026-07-18,2026-07-18,0.5270049,322,24.5148203968852
137280843,145846574,464,933,484046,0.4973205,0.0009577,1.5973937,290.4731582,18,2026-07-11,2026-07-22,0.4973205,464,23.1339836445338
153805213,19619027,584,1211,86903,0.4822461,0.006672,1.5970264,365.6796095,8,2026-08-03,2026-08-04,0.4822461,584,22.4327639621536
142327375,145874196,502,172734,1255,0.4,0.0028936,1.5965371,314.4305228,16,2026-04-19,2026-04-29,0.4,502,18.6069012996921
123591261,149322035,314,353875,703,0.4466572,0.0008863,1.5963217,196.7022018,7,2026-05-09,2026-05-18,0.4466572,314,20.777266087992
145846574,153245182,249,484046,659,0.3778452,0.000514,1.5959407,156.020838,15,2026-07-20,2026-07-29,0.3778452,249,17.576320857406
145846574,148494437,1160,484046,2243,0.5171645,0.0023911,1.5958554,726.8828849,29,2026-04-10,2026-04-11,0.5171645,1160,24.0570720180115
143100800,145846574,534,962,484046,0.5550936,0.0011022,1.5954759,334.696377,9,2026-04-21,2026-05-12,0.5550936,534,25.8214295682269
145846574,146021860,178,484046,340,0.5235294,0.0003676,1.5954562,111.5668345,14,2026-05-19,2026-07-21,0.5235294,178,24.3531496832175
137951184,145846574,334,916,484046,0.3646288,0.0006892,1.5938571,209.5545457,29,2026-04-07,2026-07-14,0.3646288,334,16.9615302315629
134207604,145846574,174,442,484046,0.3936652,0.0003593,1.5934564,109.196586,8,2026-05-06,2026-07-09,0.3936652,174,18.3122238038088
145846574,153104445,340,484046,570,0.5964912,0.0007021,1.5934509,213.3733713,28,2026-07-16,2026-07-18,0.5964912,340,27.7471322113372
145846574,152560389,324,484046,468,0.6923077,0.0006692,1.5933878,203.340327,28,2026-07-11,2026-07-12,0.6923077,324,32.204252607292
147714615,148903529,301,50745,379,0.7941953,0.0059225,1.5928589,188.9683973,5,2026-04-20,2026-04-21,0.7941953,301,36.9437838994483
129605098,142327375,759,1311,172734,0.5789474,0.00438,1.5926711,476.5579122,9,2026-04-27,2026-04-29,0.5789474,759,26.9310428237833
145846574,149113416,403,484046,928,0.4342672,0.0008317,1.5923785,253.080531,6,2026-04-26,2026-05-25,0.4342672,403,20.2009173202341
127692025,145846574,244,479,484046,0.5093946,0.0005038,1.5916534,153.2997086,22,2026-04-07,2026-05-12,0.5093946,244,23.6956376119903
148021491,148798931,206,525,60235,0.392381,0.0034019,1.5915644,129.4323999,21,2026-04-21,2026-04-21,0.392381,206,18.2524863471862
145846574,152733881,1431,484046,2844,0.5031646,0.0029477,1.5913376,899.2435259,29,2026-07-09,2026-07-11,0.5031646,1431,23.4058351242476
145846574,152638809,2481,484046,5214,0.4758343,0.0050968,1.5899613,1560.4153278,29,2026-07-08,2026-07-09,0.4758343,2481,22.1345046377701
144469258,149677708,286,616,12053,0.4642857,0.0230962,1.5899307,179.8820531,13,2026-05-07,2026-05-07,0.4642857,286,21.5972954868961
104280311,145846574,1248,2697,484046,0.4627364,0.0025706,1.5887722,785.5122523,28,2026-07-10,2026-07-28,0.4627364,1248,21.5252263064371
123591261,147989533,292,353875,815,0.3582822,0.0008239,1.5871217,183.9808488,15,2026-03-30,2026-04-07,0.3582822,292,16.6663038320913
147805867,147964186,354,7380,846,0.4184397,0.0449695,1.5838035,223.5125762,6,2026-03-30,2026-03-30,0.4184397,354,19.4646654944319
148655147,148798931,224,436,60235,0.5137615,0.0037057,1.579546,141.8128967,17,2026-04-20,2026-04-21,0.5137615,224,23.8987738052043
123591261,148283448,187,353875,510,0.3666667,0.000528,1.5793565,118.4026525,17,2026-04-07,2026-05-15,0.3666667,187,17.0563277419595
123591261,148512040,288,353875,790,0.364557,0.0008127,1.5783635,182.4674735,13,2026-04-11,2026-04-28,0.364557,288,16.9581902927796
123591261,153117382,505,353875,943,0.5355249,0.0014253,1.5781169,320.001643,28,2026-07-17,2026-07-18,0.5355249,505,24.9111473945686
140921753,145846574,354,587,484046,0.6030664,0.000731,1.5779231,224.3455344,28,2026-07-17,2026-07-20,0.6030664,354,28.0529924549015
153786295,19619027,592,1213,86903,0.4880462,0.0067639,1.5777836,375.2098901,11,2026-08-03,2026-08-03,0.4880462,592,22.7025686827244
135580100,145846574,217,543,484046,0.3996317,0.000448,1.5756512,137.7208329,27,2026-07-10,2026-07-14,0.3996317,217,18.5897689953204
121732938,147484657,180,110007,357,0.5042017,0.0016336,1.5751133,114.2774924,6,2026-03-22,2026-03-22,0.5042017,180,23.4540781675924
145846574,149037991,191,484046,469,0.4072495,0.0003944,1.5750052,121.2694445,7,2026-04-23,2026-05-13,0.4072495,191,18.9441281271224
145846574,151417419,284,484046,766,0.3707572,0.0005861,1.5727653,180.5736687,19,2026-07-09,2026-07-15,0.3707572,284,17.2466065663755
153786305,19619027,591,1215,86903,0.4864198,0.0067522,1.5725046,375.8335603,11,2026-08-03,2026-08-03,0.4864198,591,22.6269130220399
143163416,148484465,286,490,48832,0.5836735,0.0058324,1.5717116,181.9672209,15,2026-04-14,2026-04-15,0.5836735,286,27.1508880143645
142668385,152841976,271,91047,556,0.4874101,0.0029672,1.5709741,172.5044348,29,2026-07-10,2026-07-10,0.4874101,271,22.6729790579326
121732938,146976093,192,110007,332,0.5783133,0.0017431,1.5709639,122.2179617,6,2026-03-22,2026-03-22,0.5783133,192,26.901546233498
153785240,19619027,211,431,86903,0.4895592,0.0024219,1.569809,134.4112545,22,2026-08-03,2026-08-03,0.4895592,211,22.7729492868905
145846574,152987878,269,484046,681,0.3950073,0.0005553,1.5686646,171.4834406,18,2026-07-18,2026-07-25,0.3950073,269,18.3746546093946
125872093,142327375,235,337,172734,0.6973294,0.0013597,1.5685141,149.823325,7,2026-04-14,2026-04-28,0.6973294,235,32.4378482979337
142327375,148627822,2695,172734,6903,0.39041,0.015231,1.5684633,1718.2422885,17,2026-04-13,2026-04-29,0.39041,2695,18.1608008410319
132997963,145846574,211,393,484046,0.5368957,0.0004357,1.5675252,134.6070875,29,2026-04-07,2026-04-29,0.5368957,211,24.9749132453227
121732938,146088549,575,110007,1414,0.4066478,0.0051874,1.567132,366.9123062,5,2026-03-21,2026-03-29,0.4066478,575,18.9161386958423
123591261,149323610,481,353875,941,0.5111583,0.0013575,1.5666771,307.0192257,5,2026-04-29,2026-07-23,0.5111583,481,23.777680091546
145846574,59684807,449,484046,954,0.4706499,0.0009266,1.5656795,286.7764492,29,2026-04-08,2026-07-09,0.4706499,449,21.8933405900248
145846574,149964589,608,484046,1216,0.5,0.0012545,1.5656436,388.3387053,29,2026-07-09,2026-07-14,0.5,608,23.2586266246151
153784141,19619027,200,410,86903,0.4878049,0.0022959,1.5651515,127.7831537,19,2026-08-03,2026-08-03,0.4878049,200,22.6913440695154
134278875,145846574,168,385,484046,0.4363636,0.0003469,1.5645266,107.3807259,14,2026-04-09,2026-05-11,0.4363636,168,20.2984360899458
121732938,148246768,286,110007,778,0.3676093,0.0025883,1.5629823,182.9835239,9,2026-04-05,2026-04-19,0.3676093,286,17.1001749048722
144748431,145846574,858,2430,484046,0.3530864,0.0017668,1.5607359,549.7406767,27,2026-04-06,2026-07-15,0.3530864,858,16.424609487659
145846574,153253639,349,484046,553,0.6311031,0.0007207,1.5606191,223.6291964,13,2026-07-20,2026-07-21,0.6311031,349,29.3571827290742
121732938,146350147,211,110007,382,0.552356,0.0019151,1.5599875,135.2574918,6,2026-03-21,2026-03-23,0.552356,211,25.6940839357318
147605224,148484465,180,400,48832,0.45,0.0036696,1.557687,115.5559528,16,2026-04-14,2026-04-15,0.45,180,20.9327639621536
145846574,151320055,1109,484046,2228,0.4977558,0.0022858,1.5567458,712.3834785,28,2026-06-26,2026-07-20,0.4977558,1109,23.1542326048731
153784210,19619027,192,396,86903,0.4848485,0.0022042,1.5565603,123.3488997,16,2026-08-03,2026-08-03,0.4848485,192,22.5538204620094
142668385,149967346,215,91047,617,0.3484603,0.002351,1.5560158,138.1734076,12,2026-05-15,2026-05-19,0.3484603,215,16.2094160224027
142327375,148578968,170,172734,329,0.5167173,0.0009833,1.553691,109.4168664,15,2026-04-12,2026-04-28,0.5167173,170,24.0362695023584
145846574,152819605,242,484046,576,0.4201389,0.0004996,1.5529502,155.8324234,11,2026-07-20,2026-07-22,0.4201389,242,19.543707611153
123591261,148758001,276,353875,568,0.4859155,0.0007793,1.5526269,177.7632522,6,2026-04-29,2026-07-21,0.4859155,276,22.6034543712263
145846574,152660139,455,484046,993,0.4582075,0.0009389,1.5522994,293.1135557,17,2026-07-08,2026-07-17,0.4582075,455,21.3145543181966
145846574,150984294,1765,484046,4412,0.4000453,0.0036265,1.5497617,1138.884753,28,2026-07-17,2026-07-29,0.4000453,1765,18.6090085312642
148370408,148816194,232,60338,542,0.4280443,0.0038254,1.5484552,149.8267426,17,2026-04-17,2026-04-18,0.4280443,232,19.9114451049894
145846574,149035763,289,484046,722,0.400277,0.0005965,1.5479274,186.701267,10,2026-04-25,2026-05-07,0.400277,289,18.6197865788421
145846574,149366199,181,484046,441,0.4104308,0.0003737,1.5474635,116.9655993,7,2026-04-30,2026-07-12,0.4104308,181,19.0921134648841
143061382,19619027,338,955,86903,0.3539267,0.003862,1.5468983,218.5017649,29,2026-07-25,2026-08-05,0.3539267,338,16.4636979355643
121732938,134706723,289,110007,547,0.5283364,0.002621,1.5467698,186.8409843,6,2026-03-21,2026-03-22,0.5283364,289,24.5767581195866
145846574,152950362,1796,484046,3389,0.5299498,0.0036982,1.5457886,1161.866506,28,2026-07-13,2026-07-22,0.5299498,1796,24.6518090559789
142327375,147450613,635,172734,1131,0.56145,0.0036656,1.5412209,412.0110274,17,2026-04-28,2026-04-28,0.56145,635,26.1171118367803
132103713,142668385,201,395,91047,0.5088608,0.002203,1.5411937,130.4183859,2,2026-07-10,2026-07-10,0.5088608,201,23.6708067022058
142668385,152840600,183,91047,381,0.480315,0.0020056,1.5400731,118.8255247,28,2026-07-10,2026-07-10,0.480315,183,22.342934494404
145846574,149368465,325,484046,368,0.8831522,0.0006714,1.5391256,211.1588618,6,2026-04-30,2026-05-01,0.8831522,325,41.0818145450148
125040505,145846574,182,489,484046,0.3721881,0.0003758,1.53866,118.2847378,10,2026-05-13,2026-07-22,0.3721881,182,17.3131681040498
145846574,153225552,920,484046,2621,0.3510111,0.001894,1.5386283,597.9351936,17,2026-07-19,2026-07-28,0.3510111,920,16.3280722319908
148798931,98668872,169,60235,343,0.4927114,0.0027976,1.5386234,109.8384424,13,2026-05-09,2026-05-10,0.4927114,169,22.9195809725827
145846574,153148090,237,484046,396,0.5984848,0.0004895,1.5367894,154.2176223,28,2026-07-17,2026-07-19,0.5984848,237,27.8398690074149
102986550,145846574,374,737,484046,0.5074627,0.0007721,1.535638,243.5469774,6,2026-05-08,2026-07-27,0.5074627,374,23.6057709304381
145846574,149653796,173,484046,458,0.3777293,0.0003572,1.5346441,112.7297186,24,2026-07-16,2026-07-25,0.3777293,173,17.5709295077544
149979171,150074520,211,9924,412,0.5121359,0.0208395,1.5345073,137.5034156,2,2026-05-15,2026-05-16,0.5121359,211,23.8231553583224
139376055,145846574,360,611,484046,0.589198,0.0007433,1.5344651,234.6094447,28,2026-07-18,2026-07-18,0.589198,360,27.4078725799399
145846574,148397166,1326,484046,2465,0.537931,0.002733,1.5341588,864.3173282,29,2026-04-08,2026-04-09,0.537931,1326,25.0230725576116
144554770,148097435,183,479,12109,0.3820459,0.0147521,1.5318578,119.4627876,6,2026-04-02,2026-04-06,0.3820459,183,17.7717258831301
118683225,145846574,287,722,484046,0.3975069,0.0005924,1.5299463,187.5882871,28,2026-04-07,2026-07-19,0.3975069,287,18.4909291356164
145846574,149367876,249,484046,366,0.6803279,0.0005143,1.5295852,162.7892303,4,2026-04-30,2026-04-30,0.6803279,249,31.6469852168169
121732938,147052138,260,110007,659,0.3945372,0.0023549,1.5288592,170.0614464,29,2026-04-06,2026-04-06,0.3945372,260,18.3527868486422
145776860,148798931,194,380,60235,0.5105263,0.0032108,1.528424,126.9281287,4,2026-05-08,2026-05-09,0.5105263,194,23.7482811874924
142327375,149268408,837,172734,2202,0.380109,0.0048076,1.5279665,547.7868877,17,2026-04-28,2026-04-29,0.380109,837,17.6816266153116
145846574,149560171,406,484046,1145,0.3545852,0.0008375,1.5273852,265.813754,21,2026-05-04,2026-07-25,0.3545852,406,16.4943295468289
145846574,151759592,1127,484046,2898,0.3888889,0.0023198,1.527078,738.0107492,29,2026-07-09,2026-07-25,0.3888889,1127,18.0900434471145
115295631,145721692,195,27691,509,0.3831041,0.006963,1.5269506,127.7055078,26,2026-03-23,2026-03-24,0.3831041,195,17.8209504405184
145846574,152103002,651,484046,1237,0.5262732,0.0013433,1.5268605,426.3650927,28,2026-07-09,2026-07-20,0.5262732,651,24.4807837226827
142327375,149251439,277,172734,438,0.6324201,0.0016021,1.5261419,181.5034375,4,2026-04-28,2026-04-29,0.6324201,277,29.4184459516035
145846574,148338419,400,484046,842,0.4750594,0.0008256,1.5260252,262.1188708,28,2026-04-07,2026-04-11,0.4750594,400,22.0984584182273
121732938,148246300,269,110007,714,0.3767507,0.0024354,1.5258847,176.2911682,17,2026-04-05,2026-04-05,0.3767507,269,17.5254077237247
145846574,152347581,327,484046,835,0.3916168,0.0006748,1.5254821,214.3584633,28,2026-07-03,2026-07-22,0.3916168,327,18.2169378622531
137961554,142327375,450,1009,172734,0.4459861,0.0025968,1.5238279,295.3089356,17,2026-04-12,2026-04-14,0.4459861,450,20.7460483593365
142327375,147744272,259,172734,430,0.6023256,0.0014979,1.5233107,170.0244094,12,2026-03-30,2026-04-28,0.6023256,259,28.0185324736945
147714615,148634762,202,50745,470,0.4297872,0.0039598,1.5223249,132.6917761,7,2026-04-14,2026-04-18,0.4297872,202,19.9925200256775
147714615,148637279,311,50745,578,0.5380623,0.0060966,1.521846,204.3570712,5,2026-04-14,2026-04-16,0.5380623,311,25.0291802729632
145846574,82216433,257,484046,694,0.370317,0.0005305,1.5210274,168.9647403,24,2026-07-08,2026-07-21,0.370317,257,17.2261296714952
145846574,149357323,197,484046,397,0.4962217,0.0004068,1.5206143,129.5529019,9,2026-04-30,2026-05-07,0.4962217,197,23.0828704866635
115295631,122624677,283,27691,710,0.3985915,0.0100647,1.5203405,186.1425141,27,2026-03-23,2026-03-25,0.3985915,283,18.5413817484905
145846574,149251346,301,484046,575,0.5234783,0.0006215,1.5196551,198.071254,12,2026-04-27,2026-05-07,0.5234783,301,24.3507726515765
125146159,142327375,173,413,172734,0.4188862,0.0010002,1.5196103,113.8449755,12,2026-04-27,2026-04-28,0.4188862,173,19.4854354480077
145846574,153120076,403,484046,745,0.5409396,0.000832,1.5194877,265.2209635,22,2026-07-17,2026-07-26,0.5409396,403,25.1630243657373
145846574,149425017,176,484046,321,0.5482866,0.0003635,1.5192973,115.8430256,6,2026-05-02,2026-05-04,0.5482866,176,25.5047866253593
139919116,145846574,227,501,484046,0.4530938,0.0004687,1.5190562,149.4348937,29,2026-04-08,2026-04-30,0.4530938,227,21.076679040256
145846574,153252720,320,484046,680,0.4705882,0.0006606,1.5185735,210.7240716,9,2026-07-20,2026-07-26,0.4705882,320,21.8904704754994
149979171,150322553,218,9924,623,0.3499197,0.0211056,1.5185125,143.5615475,3,2026-05-20,2026-05-21,0.3499197,218,16.2773033017946
145846574,151589776,3292,484046,7374,0.4464334,0.0067441,1.5181551,2168.4213743,28,2026-07-16,2026-07-25,0.4464334,3292,20.7668555267149
148798931,148907080,221,60235,630,0.3507937,0.0036442,1.5180895,145.577719,8,2026-04-20,2026-04-21,0.3507937,221,16.3179593811345
145846574,149513926,207,484046,372,0.5564516,0.0004275,1.5180144,136.3623447,5,2026-05-03,2026-05-06,0.5564516,207,25.8845999981393
145846574,152806432,221,484046,618,0.3576052,0.0004562,1.5177332,145.6118928,27,2026-07-10,2026-07-29,0.3576052,221,16.6348116516416
148370408,148785366,220,60338,407,0.5405405,0.0036349,1.5175029,144.9750122,17,2026-04-17,2026-04-18,0.5405405,220,25.1444593299655
150348692,151236725,244,608,6479,0.4013158,0.0356569,1.5169409,160.8500323,4,2026-06-10,2026-06-10,0.4013158,244,18.6681087015174
145846574,147861543,629,484046,1777,0.3539674,0.0012964,1.5165312,414.7623154,6,2026-04-17,2026-06-26,0.3539674,629,16.4655911877715
145846574,153034780,311,484046,824,0.3774272,0.0006418,1.5151396,205.2616125,28,2026-07-15,2026-07-22,0.3774272,311,17.5568766455478
145846574,67861942,402,484046,1058,0.3799622,0.0008294,1.5144529,265.4423981,19,2026-04-06,2026-05-13,0.3799622,402,17.6747978825346
142327375,62377507,461,172734,852,0.5410798,0.0026628,1.5136975,304.5522593,17,2026-04-12,2026-04-19,0.5410798,461,25.1695460846428
145846574,148421894,362,484046,977,0.370522,0.0007469,1.5136476,239.1573846,19,2026-04-09,2026-07-26,0.370522,362,17.2356657084113
134490061,145846574,1445,3751,484046,0.3852306,0.0029711,1.5115192,955.9918379,29,2026-04-09,2026-07-21,0.3852306,1445,17.9198693795529
120583279,121732938,2468,4922,110007,0.5014222,0.0219454,1.5109985,1633.3569797,6,2026-03-21,2026-03-29,0.5014222,2468,23.3247834621861
145846574,152578887,816,484046,2177,0.3748277,0.0016811,1.5109881,540.0439494,28,2026-07-06,2026-07-19,0.3748277,816,17.4359550457265
147645930,92282716,325,4664,613,0.5301794,0.06563,1.5105848,215.1484654,6,2026-03-27,2026-03-27,0.5301794,325,24.6624894173249
121461370,148484465,355,912,48832,0.3892544,0.0071878,1.5101471,235.0764323,6,2026-04-14,2026-04-15,0.3892544,355,18.1070455031771
145846574,146793110,347,484046,668,0.5194611,0.0007164,1.5080957,230.0914975,15,2026-04-09,2026-04-28,0.5194611,347,24.1639035418237
148370408,148834292,739,60338,2054,0.3597858,0.0119864,1.5075977,490.1838086,17,2026-04-18,2026-04-18,0.3597858,739,16.7362471740769
145846574,148397171,1344,484046,2526,0.5320665,0.0027698,1.5065098,892.1282768,29,2026-04-08,2026-04-09,0.5320665,1344,24.7502721259315
145846574,147941890,339,484046,664,0.5105422,0.0006999,1.5048859,225.2662461,13,2026-04-09,2026-05-15,0.5105422,339,23.7490208118191
145846574,147375138,955,484046,2520,0.3789683,0.0019666,1.5045918,634.7236354,29,2026-04-30,2026-07-19,0.3789683,955,17.6285643845302
142327375,149222151,267,172734,694,0.3847262,0.0015419,1.5045129,177.4660748,14,2026-04-27,2026-04-29,0.3847262,267,17.896406077014
145846574,150618026,408,484046,846,0.4822695,0.0008421,1.5040573,271.2662669,21,2026-05-27,2026-07-25,0.4822695,408,22.4338524658796
142327375,148787549,228,172734,316,0.721519,0.0013193,1.5037161,151.624361,6,2026-04-18,2026-04-28,0.721519,228,33.5630820471313
145846574,153247386,237,484046,401,0.5910224,0.0004895,1.5032515,157.6582495,11,2026-07-20,2026-07-26,0.5910224,237,27.4927386567678
123591261,148068668,242,353875,501,0.4830339,0.0006834,1.5030745,161.0033307,17,2026-04-01,2026-04-02,0.4830339,242,22.4694102542633
142327375,144612406,376,172734,593,0.6340641,0.002174,1.5015202,250.412887,16,2026-04-12,2026-04-14,0.6340641,376,29.4949203159452
153781899,19619027,466,969,86903,0.4809082,0.0053314,1.5006351,310.535185,29,2026-08-03,2026-08-03,0.4809082,466,22.3705285290314
151327889,151378947,754,1080,16071,0.6981481,0.045984,1.5003717,502.5421525,6,2026-06-16,2026-06-17,0.6981481,754,32.4759319731688
145783622,145846574,432,966,484046,0.447205,0.0008915,1.5000691,287.9867423,23,2026-04-09,2026-05-01,0.447205,432,20.802748239322
118001105,148370408,343,397,60338,0.8639798,0.0056796,1.4999609,228.6726224,15,2026-04-17,2026-04-18,0.8639798,343,40.1899671588192
123591261,148309792,443,353875,1030,0.4300971,0.0012498,1.4999324,295.346644,7,2026-04-07,2026-04-09,0.4300971,443,20.0069357224595
145846574,149253291,281,484046,600,0.4683333,0.0005801,1.4995247,187.3927112,12,2026-04-28,2026-05-28,0.4683333,281,21.7855787211477
145846574,149581373,180,484046,481,0.3742204,0.0003716,1.4988871,120.0890994,23,2026-05-05,2026-05-05,0.3742204,180,17.4077051178282
132507451,145846574,1959,3996,484046,0.4902402,0.0040302,1.4988049,1307.0413531,29,2026-04-08,2026-04-29,0.4902402,1959,22.8046275363532
148484465,148687966,342,48832,851,0.4018801,0.0069314,1.4976981,228.3504303,9,2026-04-15,2026-04-16,0.4018801,342,18.6943583875259
121455303,142668385,172,437,91047,0.3935927,0.0018837,1.4974557,114.8614968,12,2026-05-16,2026-05-18,0.3935927,172,18.3088513029483
142327375,148497545,275,172734,562,0.4893238,0.0015894,1.4969528,183.7065254,8,2026-04-12,2026-04-27,0.4893238,275,22.7619991254756
143605133,145846574,191,419,484046,0.4558473,0.0003944,1.4962374,127.6535397,14,2026-04-08,2026-05-06,0.4558473,191,21.2047642970778
145846574,152265975,451,484046,1089,0.4141414,0.0009305,1.495376,301.596384,29,2026-07-09,2026-07-24,0.4141414,451,19.2647203847907
145846574,149638290,431,484046,1236,0.3487055,0.0008889,1.4953562,288.2256431,6,2026-05-11,2026-05-17,0.3487055,431,16.2208220528994
149062765,66228851,266,472,110377,0.5635593,0.0024054,1.4948897,177.939547,17,2026-05-03,2026-05-04,0.5635593,266,26.2152306790589
147383252,67097838,509,12508,1122,0.4536542,0.0387928,1.4941983,340.6509061,4,2026-03-26,2026-03-27,0.4536542,509,21.1027473089769
145846574,151646784,189,484046,394,0.4796954,0.0003903,1.4941708,126.4915657,16,2026-06-26,2026-07-21,0.4796954,189,22.3141124042907
129267276,145846574,345,988,484046,0.3491903,0.0007118,1.4940176,230.9209717,6,2026-04-17,2026-04-18,0.3491903,345,16.2433736172746
148798931,148940652,267,60235,581,0.4595525,0.0044097,1.4939097,178.725667,15,2026-04-20,2026-04-21,0.4595525,267,21.3771200238168
142327375,147960307,296,172734,670,0.441791,0.0017099,1.4918786,198.4075686,17,2026-03-30,2026-04-29,0.441791,296,20.5509038302306
123591261,128259376,311,353875,722,0.4307479,0.0008778,1.4917253,208.4834194,29,2026-03-31,2026-04-02,0.4307479,311,20.0372091508741
122037190,142327375,603,1672,172734,0.3606459,0.0034694,1.4902532,404.6292305,16,2026-03-22,2026-04-29,0.3606459,603,16.7762566635965
142279111,145846574,4968,12502,484046,0.3973764,0.0101062,1.4882665,3338.1117649,29,2026-07-09,2026-07-26,0.3973764,4968,18.4848586340674
145846574,148547645,359,484046,620,0.5790323,0.0007413,1.4881402,241.2407145,28,2026-07-17,2026-07-25,0.5790323,359,26.9349921385842
145846574,153108868,364,484046,590,0.6169492,0.0007516,1.4867084,244.8361702,5,2026-07-16,2026-07-29,0.6169492,364,28.6987821783099
145846574,147775034,178,484046,511,0.3483366,0.0003675,1.4862956,119.7608332,12,2026-04-08,2026-05-28,0.3483366,178,16.2036618381758
142327375,148879601,276,172734,355,0.7774648,0.0015971,1.4853172,185.8188962,17,2026-04-19,2026-04-29,0.7774648,276,36.1655269939621
144621965,145846574,587,1112,484046,0.5278777,0.0012114,1.485249,395.2199131,24,2026-06-27,2026-07-21,0.5278777,587,24.5554206555211
148370408,148812926,172,60338,464,0.3706897,0.0028369,1.4852339,115.8066791,9,2026-04-17,2026-04-18,0.3706897,172,17.2434666517811
123591261,150124686,246,353875,694,0.3544669,0.0006943,1.4852193,165.6321057,10,2026-05-16,2026-07-21,0.3544669,246,16.4888265557695
142327375,148827857,177,172734,431,0.4106729,0.0010232,1.4851434,119.1804131,17,2026-04-18,2026-04-27,0.4106729,177,19.1033752918958
145846574,48384658,174,484046,413,0.4213075,0.0003593,1.4846613,117.1984452,12,2026-04-08,2026-07-29,0.4213075,174,19.5980676733
149531486,66228851,180,313,110377,0.5750799,0.0016288,1.484061,121.2888162,17,2026-05-04,2026-05-04,0.5750799,180,26.7511373468419
145846574,148351745,710,484046,1515,0.4686469,0.0014644,1.4813477,479.2932949,20,2026-04-07,2026-04-08,0.4686469,710,21.8001665317666
145846574,152883111,361,484046,625,0.5776,0.0007454,1.4808993,243.770799,17,2026-07-11,2026-07-28,0.5776,361,26.8683654767553
148370408,148734542,246,60338,350,0.7028571,0.00407,1.4799848,166.2179247,18,2026-04-16,2026-04-18,0.7028571,246,32.6949817187195
147714615,148300149,209,50745,472,0.4427966,0.0040974,1.479813,141.2340647,4,2026-04-18,2026-04-20,0.4427966,209,20.5976815800981
123591261,153144456,185,353875,433,0.4272517,0.0005224,1.4795972,125.0340286,19,2026-07-17,2026-07-25,0.4272517,185,19.8745755300641
149533196,66228851,702,1085,110377,0.6470046,0.006338,1.4794544,474.4992589,17,2026-05-04,2026-05-04,0.6470046,702,30.0968768316169
145846574,151037944,212,484046,471,0.4501062,0.0004377,1.4790162,143.3385273,26,2026-07-09,2026-07-27,0.4501062,212,20.9377040944486
145846574,148404793,429,484046,965,0.4445596,0.0008853,1.4781119,290.2351395,29,2026-04-09,2026-07-21,0.4445596,429,20.6796914975765
145846574,149485124,846,484046,2434,0.347576,0.0017421,1.4776626,572.5258108,25,2026-05-03,2026-07-22,0.347576,846,16.1682808153544
121732938,85388278,241,110007,535,0.4504673,0.0021849,1.4774701,163.1166631,10,2026-03-22,2026-03-23,0.4504673,241,20.9545014745969
145846574,151550015,297,484046,518,0.5733591,0.0006133,1.4763473,201.1721784,26,2026-07-08,2026-07-16,0.5733591,297,26.6710904574507
142327375,148359543,530,172734,1261,0.4203013,0.0030554,1.476091,359.0564447,17,2026-04-12,2026-04-14,0.4203013,530,19.5512620130807
130534512,145846574,646,1718,484046,0.3760186,0.0013316,1.4749104,437.9927137,18,2026-04-30,2026-05-08,0.3760186,646,17.491352442621
123591261,148338327,183,353875,476,0.3844538,0.0005167,1.4740611,124.1468224,18,2026-04-07,2026-04-12,0.3844538,183,17.8837347772289
136780871,142327375,195,344,172734,0.5668605,0.0011279,1.472915,132.3905323,12,2026-04-13,2026-04-19,0.5668605,195,26.3687934354852
147688514,148729820,474,1043,38069,0.4544583,0.0122677,1.4710716,322.2140901,17,2026-04-20,2026-04-23,0.4544583,474,21.1401518323146
148798931,149759757,203,60235,304,0.6677632,0.0033645,1.4709338,138.0075667,16,2026-05-09,2026-05-10,0.6677632,203,31.0625098849163
145846574,152639340,415,484046,1114,0.3725314,0.0008561,1.469612,282.3874543,29,2026-07-06,2026-07-10,0.3725314,415,17.3291374770903
123878519,19619027,169,352,86903,0.4801136,0.0019406,1.4695546,115.0008329,27,2026-08-02,2026-08-04,0.4801136,169,22.3335659195996
153726493,19619027,245,491,86903,0.4989817,0.0028113,1.4679316,166.9015065,21,2026-08-01,2026-08-05,0.4989817,245,23.2112581056314
145846574,152087127,412,484046,886,0.4650113,0.0008503,1.4671924,280.8084428,21,2026-06-27,2026-07-12,0.4650113,412,21.6310484058537
136656562,148798931,167,316,60235,0.528481,0.0027656,1.4670232,113.8359603,9,2026-05-08,2026-05-09,0.528481,167,24.5834845144064
123591261,127112186,168,353875,381,0.4409449,0.0004745,1.4665696,114.5530393,16,2026-04-01,2026-04-02,0.4409449,168,20.5115455822565
145846574,148293282,309,484046,428,0.7219626,0.0006382,1.4664092,210.7188093,14,2026-04-06,2026-04-17,0.7219626,309,33.5837171006726
145846574,150693163,328,484046,900,0.3644444,0.0006768,1.4634311,224.1308086,24,2026-07-09,2026-07-22,0.3644444,328,16.9529524500637
145846574,148400403,815,484046,2244,0.3631907,0.0016788,1.4633858,556.927642,18,2026-04-15,2026-05-18,0.3631907,815,16.8946337696652
115295631,147685621,179,27691,367,0.4877384,0.0064206,1.4621874,122.4193277,6,2026-03-23,2026-03-24,0.4877384,179,22.6882506721743
142327375,148594056,223,172734,434,0.5138249,0.0012894,1.4603952,152.6983946,17,2026-04-13,2026-04-14,0.5138249,223,23.9017229990604
108929205,142327375,204,422,172734,0.4834123,0.0011795,1.4598391,139.7414294,17,2026-04-27,2026-04-28,0.4834123,204,22.4870123828928
137644288,145846574,179,512,484046,0.3496094,0.0003695,1.4592256,122.6678006,8,2026-04-16,2026-05-31,0.3496094,179,16.2628689981114
135851593,66228851,189,378,110377,0.5,0.0017094,1.4565457,129.7590602,10,2026-05-06,2026-06-11,0.5,189,23.2586266246151
141983063,145846574,200,561,484046,0.3565062,0.0004129,1.4547321,137.4823571,9,2026-04-25,2026-05-05,0.3565062,200,16.5836891903207
145846574,149763172,495,484046,981,0.5045872,0.0010216,1.4545592,340.3092874,28,2026-07-13,2026-07-22,0.5045872,495,23.4720105687199
123591261,147628687,204,353875,494,0.4129555,0.000576,1.4540292,140.2997991,8,2026-04-08,2026-04-30,0.4129555,204,19.2095555741625
145846574,149365667,184,484046,469,0.3923241,0.0003799,1.4536299,126.5796735,6,2026-04-30,2026-05-13,0.3923241,184,18.2498395154763
145846574,151606743,249,484046,489,0.5092025,0.0005142,1.4534164,171.3204813,15,2026-07-08,2026-07-21,0.5092025,249,23.6867016476411
145846574,152733159,217,484046,388,0.5592784,0.0004481,1.4533929,149.3058045,28,2026-07-18,2026-07-18,0.5592784,217,26.0160949696242
149480978,66228851,481,775,110377,0.6206452,0.0043462,1.4522849,331.202227,6,2026-05-04,2026-05-04,0.6206452,481,28.8707099463191
148370408,148616123,225,60338,595,0.3781513,0.0037063,1.4520308,154.9553912,16,2026-04-16,2026-04-18,0.3781513,225,17.5905597886256
145846574,148739573,906,484046,2565,0.3532164,0.0018653,1.4517199,624.0873122,17,2026-04-18,2026-05-04,0.3532164,906,16.4306567305814
147383252,92282716,401,12508,613,0.6541599,0.0315252,1.4512771,276.3083556,4,2026-03-27,2026-03-27,0.6541599,401,30.4297217337911
147714615,148125679,326,50745,677,0.4815362,0.0063801,1.4509484,224.6806299,3,2026-04-18,2026-04-21,0.4815362,326,22.3997413640719
145846574,153117382,547,484046,943,0.5800636,0.0011291,1.4509034,377.0064968,28,2026-07-17,2026-07-18,0.5800636,547,26.9829653818601
145846574,149282089,684,484046,1493,0.458138,0.0014107,1.4507211,471.4896547,25,2026-04-28,2026-07-29,0.458138,684,21.3113213690958
145846574,152703384,481,484046,1303,0.3691481,0.000992,1.4500544,331.7117013,28,2026-07-08,2026-07-13,0.3691481,481,17.1717556541721
145016797,145846574,341,971,484046,0.3511843,0.0007036,1.4496934,235.2221589,22,2026-07-03,2026-07-21,0.3511843,341,16.3361290202536
145846574,148419440,253,484046,532,0.4755639,0.0005224,1.4494865,174.5445756,26,2026-04-09,2026-04-12,0.4755639,253,22.1219263724916
145846574,152959232,762,484046,1592,0.4786432,0.0015715,1.4492365,525.7940851,27,2026-07-13,2026-07-22,0.4786432,762,22.2651669504219
137684375,148370408,256,597,60338,0.4288107,0.0042189,1.4491082,176.6603715,17,2026-04-16,2026-04-18,0.4288107,256,19.9470959278797
145846574,149192896,261,484046,707,0.3691655,0.0005387,1.4486195,180.1715342,12,2026-04-27,2026-05-03,0.3691655,261,17.1725650543787
145846574,146081526,192,484046,321,0.5981308,0.0003966,1.448035,132.5934769,6,2026-04-29,2026-05-15,0.5981308,192,27.8234018997646
123591261,150055374,264,353875,666,0.3963964,0.0007452,1.4480336,182.3162114,8,2026-05-15,2026-07-24,0.3963964,264,18.4392717258831
145846574,152570990,303,484046,599,0.5058431,0.0006256,1.4466644,209.4473334,27,2026-07-11,2026-07-17,0.5058431,303,23.5304315870756
144714518,146088549,566,12714,1414,0.4002829,0.0417343,1.4461726,391.3779058,4,2026-03-21,2026-03-29,0.4002829,566,18.6200610306363
145846574,152809302,268,484046,527,0.5085389,0.0005534,1.4461247,185.322883,24,2026-07-10,2026-07-17,0.5085389,268,23.6558327983849
108249234,121732938,193,511,110007,0.3776908,0.0017494,1.4457487,133.4948494,11,2026-03-22,2026-03-31,0.3776908,193,17.5691385935043
129675321,145846574,246,560,484046,0.4392857,0.0005079,1.4443889,170.314242,28,2026-04-09,2026-07-21,0.4392857,246,20.4343641556653
136593330,145846574,514,964,484046,0.533195,0.0010609,1.4437545,356.0162016,28,2026-07-12,2026-07-21,0.533195,514,24.8027668462233
145846574,153250889,282,484046,385,0.7324675,0.0005825,1.4422121,195.5329546,18,2026-07-20,2026-07-21,0.7324675,282,34.0723761943305
142327375,78714176,388,172734,1057,0.3670766,0.0022376,1.4421043,269.0512702,17,2026-04-18,2026-04-19,0.3670766,388,17.0753951640664
121732938,147126727,472,110007,1205,0.3917012,0.0042622,1.4414795,327.4413598,17,2026-04-05,2026-04-06,0.3917012,472,18.2208639184273
121732938,148239485,175,110007,501,0.3493014,0.0015861,1.4414781,121.4031614,4,2026-04-05,2026-04-06,0.3493014,175,16.2485416841106
147714615,148918229,249,50745,567,0.4391534,0.0048763,1.4405604,172.8493986,1,2026-04-20,2026-04-23,0.4391534,249,20.4282099230605
146173270,148484465,306,718,48832,0.4261838,0.006214,1.4405537,212.4183202,5,2026-04-15,2026-04-15,0.4261838,306,19.8248997553192
121732938,147644233,218,110007,491,0.4439919,0.0019768,1.4397212,151.4182043,1,2026-03-22,2026-03-22,0.4439919,218,20.6532836529069
125818927,148798931,192,550,60235,0.3490909,0.0031687,1.4389686,133.4289024,6,2026-04-21,2026-05-09,0.3490909,192,16.2387498023017
145846574,151933522,327,484046,515,0.6349515,0.0006753,1.437879,227.4183044,17,2026-07-09,2026-07-21,0.6349515,327,29.5361997264786
148484465,148702110,754,48832,1690,0.4461538,0.0151503,1.437552,524.5027815,17,2026-04-15,2026-04-15,0.4461538,754,20.7538493027064
123591261,153113526,278,353875,642,0.4330218,0.0007848,1.4374268,193.40115,28,2026-07-17,2026-07-24,0.4330218,278,20.1429847330375
142668385,150229388,170,91047,340,0.5,0.0018637,1.4367881,118.3194649,12,2026-05-18,2026-05-19,0.5,170,23.2586266246151
123591261,150099738,284,353875,660,0.430303,0.0008017,1.4352796,197.8708523,10,2026-05-15,2026-05-18,0.430303,284,20.0165136249035
145646177,149150782,204,553,19321,0.3688969,0.0103711,1.4346113,142.1987917,17,2026-04-27,2026-04-27,0.3688969,204,17.1600705201559
142327375,149219190,299,172734,862,0.3468677,0.0017254,1.434441,208.443564,16,2026-04-27,2026-04-29,0.3468677,299,16.135332644878
145846574,153062190,249,484046,485,0.5134021,0.0005142,1.4341837,173.6179209,24,2026-07-15,2026-07-25,0.5134021,249,23.8820555043866
145846574,152247877,508,484046,730,0.6958904,0.001049,1.4341526,354.2161293,25,2026-07-20,2026-07-21,0.6958904,508,32.3709099705081
142327375,149253291,301,172734,600,0.5016667,0.0017396,1.4325545,210.1141632,12,2026-04-28,2026-04-29,0.5016667,301,23.3361569306056
147725207,148370408,243,313,60338,0.7763578,0.0040226,1.4316548,169.7336482,13,2026-04-17,2026-04-18,0.7763578,243,36.1140323946152
141527176,153355435,239,481,11712,0.4968815,0.0199933,1.4302544,167.1031336,2,2026-07-25,2026-07-26,0.4968815,239,23.1135625703573
153164448,19619027,183,439,86903,0.4168565,0.0020996,1.4297845,127.9913125,10,2026-08-01,2026-08-05,0.4168565,183,19.3910193790877
149573409,66228851,173,305,110377,0.5672131,0.0015655,1.4288477,121.0765891,17,2026-05-05,2026-05-05,0.5672131,173,26.3851954189809
123591261,148561468,719,353875,1872,0.3840812,0.0020252,1.4257896,504.2819665,4,2026-04-12,2026-04-12,0.3840812,719,17.8664024486682
145846574,153005045,172,484046,470,0.3659574,0.0003551,1.4252221,120.6829444,22,2026-07-14,2026-07-15,0.3659574,172,17.0233330542298
145846574,150768676,171,484046,473,0.3615222,0.0003531,1.4250629,119.9947055,19,2026-07-07,2026-07-24,0.3615222,171,16.8170197326188
145846574,153030189,278,484046,722,0.3850416,0.0005738,1.4246376,195.1373449,25,2026-07-15,2026-07-28,0.3850416,278,17.9110776186888
145846574,82959981,238,484046,457,0.5207877,0.0004915,1.4244335,167.083966,5,2026-05-18,2026-07-16,0.5207877,238,24.2256133299841
145846574,149350700,659,484046,1839,0.3583469,0.0013581,1.4240916,462.7511191,4,2026-05-04,2026-05-04,0.3583469,659,16.6693134983765
145846574,153129297,623,484046,1152,0.5407986,0.0012857,1.4240885,437.4728166,28,2026-07-17,2026-07-22,0.5407986,623,25.1564654330291
145846574,146998419,247,484046,682,0.3621701,0.0005098,1.4228619,173.5937964,12,2026-04-20,2026-05-19,0.3621701,247,16.847158260999
121732938,141743382,242,110007,563,0.4298401,0.0021935,1.4227461,170.0935996,5,2026-03-21,2026-03-24,0.4298401,242,19.9949807883744
145846574,153113553,229,484046,412,0.5558252,0.0004729,1.4225205,160.9818596,24,2026-07-17,2026-07-21,0.5558252,229,25.855461590704
142327375,148800249,175,172734,323,0.5417957,0.0010123,1.4224207,123.0297072,3,2026-04-18,2026-04-19,0.5417957,175,25.2028477862439
145846574,152897886,255,484046,467,0.5460385,0.0005266,1.4223398,179.2820535,28,2026-07-12,2026-07-22,0.5460385,255,25.4002111883298
123591261,146303446,196,353875,521,0.3761996,0.0005534,1.4220297,137.8311606,28,2026-07-17,2026-07-18,0.3761996,196,17.4997720654591
128754340,145846574,289,443,484046,0.6523702,0.0005969,1.4217922,203.2645869,28,2026-07-11,2026-07-13,0.6523702,289,30.3464698056509
145846574,151020334,189,484046,332,0.5692771,0.0003903,1.4214231,132.9653339,14,2026-07-20,2026-07-26,0.5692771,189,26.4812070296873
145846574,153066073,270,484046,777,0.3474903,0.0005572,1.4213559,189.9594608,8,2026-07-16,2026-07-19,0.3474903,270,16.164294286751
147714615,148838855,358,50745,700,0.5114286,0.0070077,1.4213129,251.879789,9,2026-04-18,2026-04-22,0.5114286,358,23.7902537050992
123591261,150271275,400,353875,1070,0.3738318,0.0011282,1.4212976,281.4329653,6,2026-05-19,2026-05-19,0.3738318,400,17.3896285132156
147714615,148956432,255,50745,506,0.5039526,0.0050004,1.420963,179.4557651,9,2026-04-21,2026-04-22,0.5039526,255,23.442490719808
145846574,148228868,816,484046,1923,0.424337,0.0016819,1.4204981,574.4464027,29,2026-04-07,2026-04-30,0.424337,816,19.7389916920186
142668385,82959981,307,91047,457,0.6717724,0.0033663,1.4202871,216.1534862,6,2026-05-18,2026-07-13,0.6717724,307,31.2490068566431
123591261,149190938,448,353875,1120,0.4,0.0012636,1.4198434,315.5277564,9,2026-04-26,2026-05-01,0.4,448,18.6069012996921
148798931,148903529,191,60235,379,0.5039578,0.003161,1.419316,134.5718668,5,2026-04-20,2026-04-21,0.5039578,191,23.4427326095249
145846574,148365121,185,484046,329,0.56231,0.0003821,1.4187966,130.3921909,29,2026-04-08,2026-04-09,0.56231,185,26.1571166745746
145846574,147354706,306,484046,846,0.3617021,0.0006315,1.4187775,215.6786406,27,2026-04-08,2026-04-10,0.3617021,306,16.8253881864784
125820650,145846574,350,915,484046,0.3825137,0.0007222,1.418461,246.7463038,29,2026-04-06,2026-04-26,0.3825137,350,17.7934866542
145846574,148568070,260,484046,586,0.443686,0.0005368,1.4181292,183.3401369,3,2026-04-12,2026-05-06,0.443686,260,20.6390540251379
123591261,150298769,304,353875,642,0.4735202,0.0008582,1.417201,214.5073322,9,2026-06-20,2026-07-27,0.4735202,304,22.0268590620261
123591261,148939723,414,353875,1090,0.3798165,0.0011677,1.4169949,292.1675964,28,2026-04-22,2026-05-09,0.3798165,414,17.6680203187362
100516383,142327375,631,1169,172734,0.5397776,0.0036417,1.4156582,445.7290734,15,2026-04-12,2026-04-29,0.5397776,631,25.1089713174616
142111748,145846574,226,421,484046,0.5368171,0.0004667,1.41562,159.6473596,23,2026-07-08,2026-07-20,0.5368171,226,24.9712569892173
147714615,148956946,187,50745,511,0.3659491,0.0036617,1.41517,132.1396014,5,2026-04-21,2026-04-21,0.3659491,187,17.0229469610278
142327375,148511319,786,172734,1939,0.4053636,0.0045202,1.4124205,556.4915154,12,2026-04-11,2026-04-28,0.4053636,786,18.8564012392196
145846574,149223981,223,484046,375,0.5946667,0.0004606,1.4114094,157.9980936,8,2026-04-27,2026-05-17,0.5946667,223,27.662261482784
142327375,72510390,204,172734,545,0.3743119,0.0011787,1.4113822,144.5391665,10,2026-04-28,2026-04-29,0.3743119,204,17.4119614465005
145846574,148309792,460,484046,1030,0.4466019,0.0009492,1.4107282,326.0727419,10,2026-04-06,2026-04-09,0.4466019,460,20.7746936838874
145846574,147372309,174,484046,334,0.5209581,0.0003594,1.4092054,123.4738423,4,2026-04-09,2026-04-10,0.5209581,174,24.2335398699378
147714615,148296763,1862,50745,3937,0.4729489,0.0352518,1.4083464,1322.1178985,7,2026-04-14,2026-04-22,0.4729489,1862,22.0002837552448
145846574,152795367,206,484046,469,0.4392324,0.0004253,1.4075423,146.3543973,13,2026-07-09,2026-07-12,0.4392324,206,20.4318847860672
119675514,145846574,168,400,484046,0.42,0.0003469,1.4072521,119.3815937,25,2026-07-10,2026-07-21,0.42,168,19.5372463646767
145846574,148360758,889,484046,2541,0.3498623,0.0018304,1.4071216,631.7861745,29,2026-04-08,2026-05-15,0.3498623,889,16.2746332114581
145846574,29871265,276,484046,431,0.6403712,0.00057,1.4068413,196.1841792,9,2026-04-09,2026-04-10,0.6403712,276,29.7883092839134
145846574,152684265,187,484046,310,0.6032258,0.0003862,1.4057716,133.0230302,8,2026-07-11,2026-07-26,0.6032258,187,28.0604073050695
145331605,66228851,179,315,110377,0.568254,0.0016197,1.4045335,127.4444486,7,2026-05-06,2026-05-06,0.568254,179,26.433615227888
145846574,151770578,375,484046,699,0.5364807,0.0007742,1.40343,267.202489,28,2026-07-11,2026-07-11,0.5364807,375,24.9556085852243
142327375,148543222,183,172734,460,0.3978261,0.0010577,1.4032039,130.4158277,11,2026-04-11,2026-04-14,0.3978261,183,18.5057774428536
147424900,148798931,251,409,60235,0.6136919,0.0041561,1.4028575,178.9205271,13,2026-05-09,2026-05-10,0.6136919,251,28.5472615293012
145846574,153104714,189,484046,334,0.5658683,0.0003903,1.4015248,134.8531265,27,2026-07-16,2026-07-21,0.5658683,189,26.3226390168113
151378947,151591155,188,16071,434,0.4331797,0.0115217,1.4013456,134.156769,6,2026-06-16,2026-06-17,0.4331797,188,20.1503298073255
145846574,153036169,573,484046,1028,0.557393,0.0011827,1.4010522,408.978334,25,2026-07-15,2026-07-22,0.557393,573,25.9283913403481
119951812,145846574,250,563,484046,0.4440497,0.0005161,1.4009792,178.4466213,12,2026-07-07,2026-07-10,0.4440497,250,20.6559723501447
146816141,147714615,265,714,50745,0.3711485,0.0051764,1.4007234,189.1879639,8,2026-04-17,2026-04-22,0.3711485,265,17.2648087675719
142327375,147358606,330,172734,685,0.4817518,0.0019065,1.3987371,235.9271144,17,2026-03-25,2026-04-27,0.4817518,330,22.4097704838725
121732938,145872133,601,110007,1678,0.3581645,0.0054103,1.3973649,430.0952503,14,2026-03-22,2026-03-30,0.3581645,601,16.6608287513839
142327375,148722593,325,172734,733,0.4433834,0.0018771,1.3973106,232.5896635,4,2026-04-18,2026-04-29,0.4433834,325,20.6249779043047
142654282,145846574,183,373,484046,0.4906166,0.0003779,1.3970904,130.9865167,26,2026-07-15,2026-07-27,0.4906166,183,22.8221366304762
145846574,96867493,252,484046,494,0.5101215,0.0005204,1.3969616,180.3914986,21,2026-05-13,2026-07-20,0.5101215,252,23.7294510033772
145846574,77733348,237,484046,367,0.6457766,0.0004895,1.3967041,169.6851895,15,2026-04-09,2026-04-28,0.6457766,237,30.0397536446268
149496887,66228851,191,370,110377,0.5162162,0.0017276,1.3961614,136.8036723,2,2026-05-04,2026-05-05,0.5162162,191,24.0129597067552
142044021,142327375,458,1305,172734,0.3509579,0.0026385,1.3950445,328.3049414,17,2026-03-27,2026-04-19,0.3509579,458,16.325597514118
145846574,150511230,322,484046,868,0.3709677,0.0006645,1.3929948,231.1566423,19,2026-07-09,2026-07-29,0.3709677,322,17.2563984481844
142327375,148862366,1477,172734,3105,0.4756844,0.0084709,1.3926449,1060.5718715,14,2026-04-18,2026-04-20,0.4756844,1477,22.1275317015081
123591261,149510680,187,353875,449,0.4164811,0.000528,1.3925688,134.284205,7,2026-05-13,2026-05-18,0.4164811,187,19.3735568022179
137150727,145846574,341,715,484046,0.4769231,0.0007039,1.3918921,244.990253,27,2026-04-06,2026-07-29,0.4769231,341,22.1851526231079
103464723,148484465,193,354,48832,0.5451977,0.0039393,1.3914034,138.7088726,12,2026-04-15,2026-04-15,0.5451977,193,25.3610994817978
115295631,143584319,223,27691,573,0.3891798,0.0079526,1.391356,160.2753049,9,2026-03-23,2026-03-25,0.3891798,223,18.1035753160847
153336242,19619027,626,1565,86903,0.4,0.0071264,1.3906879,450.1369487,20,2026-08-02,2026-08-05,0.4,626,18.6069012996921
123591261,84645985,210,353875,543,0.3867403,0.0005929,1.3904574,151.0294411,13,2026-04-01,2026-04-02,0.3867403,210,17.9900964767832
145846574,152818215,231,484046,495,0.4666667,0.000477,1.3899242,166.1961075,27,2026-07-10,2026-07-16,0.4666667,231,21.7080530668825
142327375,148866594,358,172734,573,0.6247818,0.00207,1.389764,257.5976902,17,2026-04-19,2026-04-28,0.6247818,358,29.0631332161099
148484465,149826494,291,48832,473,0.615222,0.0059371,1.3891884,209.4748198,17,2026-05-10,2026-05-10,0.615222,291,28.6184375784979
142327375,65467965,276,172734,759,0.3636364,0.0015934,1.3890054,198.7033274,15,2026-04-14,2026-04-14,0.3636364,276,16.9153665094384
151378947,151522564,870,16071,1053,0.8262108,0.0535253,1.3888134,626.4340594,6,2026-06-15,2026-06-17,0.8262108,870,38.433057020849
148484465,149849824,223,48832,324,0.6882716,0.0045573,1.3882117,160.6383256,17,2026-05-10,2026-05-10,0.6882716,223,32.0165043214528
145846574,152879099,1413,484046,3079,0.4589152,0.0029091,1.3879085,1018.0786701,28,2026-07-11,2026-07-15,0.4589152,1413,21.3474745783211
36064890,66228851,260,591,110377,0.4399323,0.0023485,1.3870982,187.441665,8,2026-05-06,2026-05-06,0.4399323,260,20.4644422116163
133857806,145846574,642,1380,484046,0.4652174,0.0013243,1.3861306,463.1598289,28,2026-04-09,2026-04-17,0.4652174,642,21.6406356117484
142327375,148877207,205,172734,479,0.4279749,0.0011849,1.3861043,147.8965181,10,2026-04-19,2026-04-19,0.4279749,205,19.9082168076139
153782442,19619027,170,394,86903,0.4314721,0.0019512,1.3857437,122.6778046,17,2026-08-03,2026-08-03,0.4314721,170,20.0708969456772
142327375,146604838,414,172734,942,0.4394904,0.0023894,1.3856622,298.7741062,9,2026-04-12,2026-04-14,0.4394904,414,20.4438862374055
19619027,53501048,458,86903,1196,0.3829431,0.0052259,1.3853915,330.5924698,21,2026-07-28,2026-08-05,0.3829431,458,17.8134611627453
145846574,148355847,186,484046,371,0.5013477,0.0003841,1.3851933,134.2772897,15,2026-04-08,2026-05-19,0.5013477,186,23.3213179268191
143633448,148484465,1149,2559,48832,0.4490035,0.0228693,1.3845598,829.8666344,17,2026-04-11,2026-05-10,0.4490035,1149,20.8864095192907
138148969,145846574,194,544,484046,0.3566176,0.0004005,1.3840284,140.170535,27,2026-07-08,2026-07-20,0.3566176,194,16.5888712123327
123591261,123963636,636,353875,948,0.6708861,0.0017957,1.3837126,459.6330039,2,2026-04-17,2026-07-26,0.6708861,636,31.2077786150883
145846574,78941043,303,484046,538,0.563197,0.0006257,1.3829565,219.0958359,11,2026-04-30,2026-05-07,0.563197,303,26.1983774782067
142327375,148649764,916,172734,2563,0.3573937,0.0052529,1.3828123,662.4181928,17,2026-04-14,2026-04-14,0.3573937,916,16.6249732525794
142327375,148551492,470,172734,735,0.6394558,0.0027168,1.382721,339.9094969,13,2026-04-19,2026-04-27,0.6394558,470,29.7457273902891
142327375,148889227,238,172734,639,0.372457,0.0013746,1.3822365,172.1847201,4,2026-04-19,2026-04-19,0.372457,238,17.3256765934485
144973236,145846574,914,2124,484046,0.4303202,0.0018835,1.3821428,661.2920072,28,2026-04-07,2026-05-11,0.4303202,914,20.0173137216594
148939588,66228851,216,617,110377,0.350081,0.0019498,1.3817249,156.3263387,10,2026-05-06,2026-05-06,0.350081,216,16.2848065347437
142327375,148885829,455,172734,601,0.7570715,0.0026319,1.3815219,329.3469253,17,2026-04-19,2026-04-19,0.7570715,455,35.2168866932745
147714615,148684572,219,50745,572,0.3828671,0.0042859,1.381342,158.5414807,6,2026-04-16,2026-04-22,0.3828671,219,17.8099258514983
148484465,149655900,254,48832,522,0.48659,0.0051731,1.3809868,183.9264523,14,2026-05-10,2026-05-10,0.48659,254,22.6348302585429
139788064,142327375,170,423,172734,0.4018913,0.0009827,1.3804882,123.1448439,11,2026-04-05,2026-04-19,0.4018913,170,18.6948793807623
115295631,147689422,203,27691,380,0.5342105,0.0072843,1.3803873,147.0601802,19,2026-03-23,2026-03-24,0.5342105,203,24.8500051168979
148484465,148660911,465,48832,1144,0.4064685,0.0093919,1.3803272,336.8766366,17,2026-04-15,2026-04-15,0.4064685,465,18.9077981523347
145846574,148389194,205,484046,429,0.4778555,0.0004233,1.3801963,148.5295943,13,2026-04-08,2026-04-20,0.4778555,205,22.2285253100375
148484465,149843893,502,48832,697,0.7202296,0.0102393,1.3798611,363.8047316,17,2026-05-10,2026-05-10,0.7202296,502,33.5031027007917
136789868,142327375,591,849,172734,0.6961131,0.0034163,1.3795457,428.4018893,11,2026-04-13,2026-04-19,0.6961131,591,32.3812693628067
142327375,148863865,240,172734,376,0.6382979,0.0013883,1.3788139,174.0626453,17,2026-04-19,2026-04-19,0.6382979,240,29.6918650627518
142327375,148877404,233,172734,350,0.6657143,0.001348,1.3785548,169.0175878,17,2026-04-19,2026-04-19,0.6657143,233,30.967200684734
112392795,145846574,239,542,484046,0.4409594,0.0004934,1.3785095,173.3756592,12,2026-05-17,2026-07-18,0.4409594,239,20.5122200824286
148798931,149487277,270,60235,338,0.7988166,0.0044774,1.3783793,195.8822248,17,2026-05-08,2026-05-09,0.7988166,270,37.158754081889
142350287,152979882,191,531,42077,0.3596987,0.0045029,1.3782829,138.5782316,12,2026-07-15,2026-07-15,0.3596987,191,16.7321955213189
123764644,148484465,245,515,48832,0.4757282,0.0049896,1.3781277,177.7774329,11,2026-05-10,2026-05-10,0.4757282,245,22.1295691572004
134603850,148484465,242,608,48832,0.3980263,0.0049189,1.3781063,175.6032949,8,2026-05-10,2026-05-10,0.3980263,242,18.5150901969541
148095710,148097435,244,680,12109,0.3588235,0.01945,1.37771,177.105489,11,2026-04-02,2026-04-03,0.3588235,244,16.6914836212751
148484465,149185700,380,48832,387,0.9819121,0.0077807,1.3776817,275.8256898,2,2026-05-10,2026-05-10,0.9819121,380,45.6758538241834
115295631,147550448,191,27691,441,0.4331066,0.0068358,1.3775198,138.654992,6,2026-03-23,2026-03-24,0.4331066,191,20.146929396113
145846574,153090851,316,484046,813,0.3886839,0.0006522,1.3772607,229.4409475,23,2026-07-16,2026-07-22,0.3886839,316,18.0805074101984
145846574,145885463,260,484046,577,0.4506066,0.0005368,1.3767552,188.8498409,16,2026-04-10,2026-04-11,0.4506066,260,20.9609813279745
145846574,148981262,184,484046,351,0.5242165,0.00038,1.3765188,133.6705337,14,2026-04-21,2026-05-05,0.5242165,184,24.3851116879251
123591261,148458960,204,353875,532,0.3834586,0.0005759,1.3763239,148.2209291,28,2026-04-10,2026-04-11,0.3834586,204,17.8374408067952
142327375,148838843,587,172734,1233,0.4760746,0.0033856,1.3757787,426.6674534,8,2026-04-18,2026-04-19,0.4760746,587,22.1456827337259
146305179,149150782,204,557,19321,0.3662478,0.010369,1.3757303,148.2848744,16,2026-04-27,2026-04-27,0.3662478,204,17.0368416645734
121732938,123163751,421,110007,1169,0.3601369,0.0038012,1.3754492,306.0818339,6,2026-03-21,2026-03-22,0.3601369,421,16.7525793816927
123591261,132738864,285,353875,705,0.4042553,0.0008044,1.3750434,207.2661904,8,2026-03-30,2026-07-17,0.4042553,285,18.8048461674435
142327375,148894481,301,172734,449,0.6703786,0.0017411,1.3744878,218.9906621,17,2026-04-19,2026-04-19,0.6703786,301,31.1841711090644
140556544,145846574,293,737,484046,0.3975577,0.0006048,1.3741141,213.2282844,26,2026-05-30,2026-07-20,0.3975577,293,18.4932922120815
142327375,148726546,668,172734,1330,0.5022556,0.0038525,1.3731364,486.4775393,17,2026-04-18,2026-04-19,0.5022556,668,23.363550941044
145846574,152789527,214,484046,534,0.4007491,0.0004418,1.3727477,155.891719,27,2026-07-09,2026-07-10,0.4007491,214,18.6417473741011
148484465,149847884,212,48832,583,0.3636364,0.0043087,1.3725323,154.4590194,16,2026-05-10,2026-05-10,0.3636364,212,16.9153665094384
132487857,145846574,674,1533,484046,0.4396608,0.00139,1.3724867,491.0794436,10,2026-04-17,2026-07-21,0.4396608,674,20.4518127773591
148484465,149835058,255,48832,538,0.4739777,0.0051919,1.3723805,185.8085339,3,2026-05-10,2026-05-10,0.4739777,255,22.0481407053876
142668385,150221470,201,91047,341,0.5894428,0.0022043,1.3723001,146.4694211,13,2026-05-18,2026-05-19,0.5894428,201,27.4192600035353
145846574,152843071,191,484046,402,0.4751244,0.0003944,1.3722399,139.1884925,28,2026-07-10,2026-07-11,0.4751244,191,22.1014820396885
123591261,146032410,201,353875,564,0.356383,0.0005674,1.3721877,146.4814211,8,2026-04-10,2026-04-12,0.356383,201,16.5779582647204
148484465,149854549,216,48832,498,0.4337349,0.0043979,1.3718282,157.4541204,12,2026-05-10,2026-05-10,0.4337349,216,20.1761561863295
145846574,152934305,175,484046,343,0.5102041,0.0003614,1.3709542,127.6483226,22,2026-07-13,2026-07-21,0.5102041,175,23.7332933284955
121732938,76327414,260,110007,336,0.7738095,0.0023619,1.3707285,189.6801621,5,2026-03-21,2026-03-22,0.7738095,260,35.9954924781602
123591261,148309994,200,353875,515,0.3883495,0.0005647,1.3704675,145.9356047,10,2026-04-07,2026-04-16,0.3883495,200,18.0649520407119
148484465,149837779,429,48832,498,0.8614458,0.0087728,1.3701517,313.1040141,15,2026-05-10,2026-05-10,0.8614458,429,40.0720924390857
142327375,148521427,182,172734,339,0.5368732,0.0010527,1.3697361,132.8723113,9,2026-04-14,2026-04-19,0.5368732,182,24.9738666071246
123591261,149274311,263,353875,607,0.4332784,0.0007425,1.3690934,192.0979218,3,2026-04-28,2026-05-01,0.4332784,263,20.1549210602212
148484465,149847126,215,48832,391,0.5498721,0.004387,1.3689859,157.0505558,17,2026-05-10,2026-05-10,0.5498721,215,25.578539730386
146695580,148484465,309,821,48832,0.3763703,0.0062622,1.3681959,225.8448583,8,2026-04-14,2026-04-16,0.3763703,309,17.5077125605887
148484465,149604919,642,48832,1177,0.5454545,0.0130046,1.3664421,469.8332906,17,2026-05-10,2026-05-10,0.5454545,642,25.3730451124322
145846574,5547833,294,484046,543,0.5414365,0.0006071,1.3661849,215.1978058,24,2026-07-07,2026-07-12,0.5414365,294,25.1861387888768
148798931,149789512,180,60235,433,0.4157044,0.0029758,1.3652476,131.8442211,17,2026-05-09,2026-05-10,0.4157044,180,19.3374268516193
145846574,147507428,170,484046,303,0.5610561,0.0003511,1.3648052,124.5598997,6,2026-04-30,2026-05-01,0.5610561,170,26.0987886907254
142327375,148846577,172,172734,401,0.4289277,0.0009944,1.3646978,126.0352302,14,2026-04-19,2026-04-29,0.4289277,172,19.9525384465098
148484465,148884970,184,48832,486,0.3786008,0.0037449,1.3646785,134.8302958,8,2026-05-10,2026-05-10,0.3786008,184,17.6114692939611
149581883,66228851,493,862,110377,0.5719258,0.0044516,1.3644496,361.3178528,17,2026-05-05,2026-05-05,0.5719258,493,26.6044172783685
107040434,145846574,320,713,484046,0.4488079,0.0006606,1.3638497,234.6299597,4,2026-04-07,2026-05-02,0.4488079,320,20.8773107445552
145846574,152323815,543,484046,1545,0.3514563,0.0011195,1.3632331,398.3177806,28,2026-07-06,2026-07-21,0.3514563,543,16.3487817131374
145846574,149961206,190,484046,457,0.4157549,0.0003923,1.3630735,139.3908666,28,2026-05-13,2026-07-12,0.4157549,190,19.3397759729084
142668385,150201602,251,91047,505,0.4970297,0.0027491,1.3610615,184.4148844,12,2026-05-18,2026-05-19,0.4970297,251,23.1204564272889
123591261,147084288,209,353875,527,0.3965844,0.0005901,1.3610326,153.5598833,11,2026-04-02,2026-04-04,0.3965844,209,18.448016969494
145846574,152748867,624,484046,1401,0.4453961,0.0012871,1.3606026,458.6203083,29,2026-07-08,2026-07-26,0.4453961,624,20.7186031799194
145846574,149363531,401,484046,993,0.4038268,0.0008274,1.3595672,294.9468005,10,2026-04-30,2026-07-17,0.4038268,401,18.7849135244262
123591261,125040505,171,353875,489,0.3496933,0.0004828,1.3591329,125.8155098,10,2026-04-03,2026-07-22,0.3496933,171,16.266771795659
146958524,66228851,175,476,110377,0.3676471,0.0015812,1.3584416,128.8240831,14,2026-05-04,2026-05-06,0.3676471,175,17.101933257045
151378947,151590173,257,16071,514,0.5,0.0157398,1.3579614,189.2542799,6,2026-06-16,2026-06-17,0.5,257,23.2586266246151
145846574,153249711,168,484046,337,0.4985163,0.000347,1.3569892,123.8034909,20,2026-07-20,2026-07-29,0.4985163,168,23.1896089759692
149186267,66228851,415,1109,110377,0.374211,0.0037363,1.354778,306.3232497,14,2026-05-04,2026-05-06,0.374211,415,17.4072678556477
148370408,148767878,304,60338,371,0.819407,0.0050327,1.3546485,224.4124545,12,2026-04-17,2026-04-18,0.819407,304,38.1165629331919
119554687,145846574,273,698,484046,0.3911175,0.0005635,1.3534226,201.71084,11,2026-04-06,2026-06-02,0.3911175,273,18.1937117977058
145846574,152673849,250,484046,677,0.3692762,0.000516,1.3533199,184.7309002,15,2026-07-09,2026-07-26,0.3692762,250,17.1777145143134
136816634,145846574,289,616,484046,0.4691558,0.0005966,1.3533162,213.5494945,28,2026-04-10,2026-07-22,0.4691558,289,21.8238391619452
123591261,148337616,226,353875,417,0.5419664,0.0006383,1.3530727,167.0272449,4,2026-04-07,2026-04-09,0.5419664,226,25.2107882813736
123591261,148252865,174,353875,460,0.3782609,0.0004913,1.3510874,128.7851519,3,2026-04-07,2026-04-17,0.3782609,174,17.5956580795817
133902122,145846574,409,932,484046,0.4388412,0.000844,1.3510613,302.7249683,19,2026-04-06,2026-07-20,0.4388412,409,20.4136872365961
122086074,142327375,538,1195,172734,0.4502092,0.0031028,1.3509338,398.2430418,10,2026-04-05,2026-04-27,0.4502092,538,20.9424953715333
148484465,149805252,228,48832,479,0.4759916,0.0046452,1.3509094,168.7751924,10,2026-05-10,2026-05-10,0.4759916,228,22.1418218017063
145846574,92286099,381,484046,1023,0.372434,0.0007861,1.3507517,282.0651544,18,2026-04-06,2026-05-31,0.372434,381,17.3246066966238
145846574,153220530,200,484046,504,0.3968254,0.0004129,1.3492683,148.2284924,20,2026-07-19,2026-07-22,0.3968254,200,18.459227627527
142327375,147671092,268,172734,444,0.6036036,0.0015499,1.348224,198.780025,10,2026-03-23,2026-04-19,0.6036036,268,28.077981523347
123591261,141150604,1475,353875,4010,0.3678304,0.0041385,1.3482145,1094.0395236,3,2026-05-09,2026-05-19,0.3678304,1475,17.1104598695656
106527357,147714615,519,1372,50745,0.3782799,0.0100585,1.3481196,384.9806849,5,2026-04-16,2026-04-20,0.3782799,519,17.5965419073935
141570157,145846574,285,775,484046,0.3677419,0.0005882,1.3469776,211.5848047,6,2026-04-12,2026-07-03,0.3677419,285,17.1063430926531
142327375,148604560,167,172734,359,0.4651811,0.0009657,1.3467195,124.0050348,17,2026-04-13,2026-04-19,0.4651811,167,21.6389470354555
145846574,148951941,752,484046,1686,0.4460261,0.0015506,1.3464709,558.4970319,12,2026-04-23,2026-05-05,0.4460261,752,20.7479090494664
142327375,148649766,868,172734,2495,0.3478958,0.0049782,1.3463043,644.7279623,17,2026-04-14,2026-04-14,0.3478958,868,16.1831570329435
148986998,66228851,218,311,110377,0.7009646,0.0019734,1.3456437,162.0042452,16,2026-05-04,2026-05-06,0.7009646,218,32.6069478169453
148484465,149852371,197,48832,458,0.430131,0.0040128,1.3455879,146.4044102,17,2026-05-10,2026-05-10,0.430131,197,20.0085126573446
145846574,84172389,914,484046,2514,0.363564,0.001882,1.3453816,679.3611805,28,2026-04-07,2026-05-06,0.363564,914,16.9119986603031
145846574,56377204,2005,484046,4690,0.4275053,0.0041193,1.3448651,1490.8558526,29,2026-07-07,2026-07-27,0.4275053,2005,19.8863723054881
109511191,115295631,474,1167,27691,0.4061697,0.0166995,1.3443286,352.5923767,28,2026-03-23,2026-03-24,0.4061697,474,18.8938987970638
145846574,149188451,680,484046,1284,0.529595,0.0014031,1.343344,506.1994494,12,2026-05-01,2026-05-13,0.529595,680,24.635304734526
144806568,145846574,494,662,484046,0.7462236,0.0010202,1.343301,367.7507866,8,2026-05-02,2026-05-05,0.7462236,494,34.7122721817522
123591261,147644447,213,353875,454,0.469163,0.0006015,1.3431302,158.5847792,9,2026-04-01,2026-04-08,0.469163,213,21.8241740861686
138257068,142327375,297,688,172734,0.431686,0.0017155,1.3429227,221.1594116,17,2026-04-12,2026-04-27,0.431686,297,20.0808469861472
145846574,152858744,267,484046,630,0.4238095,0.0005512,1.3425819,198.8705425,26,2026-07-14,2026-07-18,0.4238095,267,19.7144538409296
145846574,153049006,212,484046,444,0.4774775,0.0004378,1.3421649,157.9537629,25,2026-07-15,2026-07-16,0.4774775,212,22.2109417883093
143754007,145846574,188,450,484046,0.4177778,0.0003882,1.3417985,140.1104613,7,2026-07-12,2026-07-29,0.4177778,188,19.4338757245062
148484465,149027175,197,48832,509,0.3870334,0.0040086,1.3408009,146.9271135,3,2026-05-10,2026-05-10,0.3870334,197,18.0037306837106
145846574,148783137,451,484046,1054,0.4278937,0.0009306,1.3401034,336.5412044,6,2026-04-17,2026-04-17,0.4278937,451,19.9044396066501
145846574,153179898,186,484046,507,0.3668639,0.000384,1.3400954,138.7960897,24,2026-07-18,2026-07-28,0.3668639,186,17.0655009443002
125238132,150282495,694,1503,10490,0.4617432,0.0614214,1.3399057,517.9469118,6,2026-05-20,2026-05-21,0.4617432,694,21.4790253705099
145846574,148453702,230,484046,560,0.4107143,0.0004748,1.3395851,171.6949581,11,2026-04-10,2026-05-07,0.4107143,230,19.1053011061803
145846574,149250492,585,484046,1508,0.387931,0.0012063,1.3394792,436.7368949,24,2026-04-27,2026-07-15,0.387931,585,18.0454845702271
145846574,152750437,179,484046,439,0.4077449,0.0003696,1.3392516,133.6567366,13,2026-07-08,2026-07-11,0.4077449,179,18.967172774382
123591261,149169175,177,353875,377,0.469496,0.0004999,1.3392339,132.1651122,10,2026-04-25,2026-05-11,0.469496,177,21.8396643315006
145846574,146914583,206,484046,564,0.3652482,0.0004253,1.3390182,153.8440573,12,2026-04-08,2026-07-04,0.3652482,206,16.9903430182255
145005802,145518372,246,9702,686,0.3586006,0.0242556,1.339013,183.7174033,6,2026-03-23,2026-03-23,0.3586006,246,16.6811149255259
135475425,145846574,251,509,484046,0.4931238,0.0005183,1.3389738,187.456998,29,2026-05-03,2026-07-25,0.4931238,251,22.9387646878227
145005802,147534863,193,9702,467,0.4132762,0.0193464,1.3381155,144.2326965,6,2026-03-23,2026-03-23,0.4132762,193,19.2244736572795
137573116,145846574,234,349,484046,0.6704871,0.0004833,1.3376366,174.9354089,4,2026-04-30,2026-05-06,0.6704871,234,31.1892182310419
123591261,153323615,192,353875,375,0.512,0.0005423,1.3373092,143.5718846,8,2026-07-22,2026-07-24,0.512,192,23.8168336636058
126637138,145846574,445,1252,484046,0.3554313,0.0009178,1.3372531,332.7717113,16,2026-04-09,2026-07-14,0.3554313,445,16.5336877948031
145846574,148841334,176,484046,478,0.3682008,0.0003634,1.3367765,131.6600001,12,2026-04-18,2026-07-25,0.3682008,176,17.1276898601691
142668385,152730276,325,91047,878,0.3701595,0.003548,1.3363847,243.1934402,10,2026-07-10,2026-07-11,0.3701595,325,17.2188032041084
123591261,149371058,338,353875,760,0.4447368,0.000954,1.3355676,253.0759197,6,2026-04-30,2026-05-01,0.4447368,338,20.6879343548522
145846574,152522244,168,484046,482,0.3485477,0.0003468,1.3353691,125.8079175,20,2026-07-14,2026-07-25,0.3485477,168,16.2134816303367
123591261,153376909,315,353875,344,0.9156977,0.0008901,1.3349514,235.9636475,5,2026-07-23,2026-08-03,0.9156977,315,42.5957418106376
145846574,149324717,340,484046,460,0.7391304,0.0007022,1.3344426,254.7880307,5,2026-04-30,2026-05-07,0.7391304,340,34.3823160010048
145846574,151531504,470,484046,1120,0.4196429,0.0009697,1.3340523,352.3100156,11,2026-07-19,2026-07-26,0.4196429,470,19.5206350535414
142327375,148374284,379,172734,526,0.7205323,0.0021923,1.333645,284.1835698,16,2026-04-12,2026-04-14,0.7205323,379,33.5171834733503
145846574,149097589,261,484046,575,0.453913,0.0005389,1.3335328,195.720713,6,2026-04-24,2026-05-19,0.453913,261,21.1147859741178
148370408,64984811,419,60338,1153,0.3633998,0.0068608,1.3331531,314.2924864,7,2026-04-17,2026-04-18,0.3633998,419,16.9043605273196
145846574,46270205,213,484046,352,0.6051136,0.0004399,1.3321395,159.8931599,13,2026-04-09,2026-04-11,0.6051136,213,28.1482225757533
142327375,145459925,235,172734,674,0.3486647,0.001357,1.3316204,176.4767187,11,2026-03-30,2026-04-29,0.3486647,235,16.2189241489669
145846574,152916028,181,484046,348,0.5201149,0.0003738,1.3312235,135.9651522,13,2026-07-12,2026-07-21,0.5201149,181,24.194316521998
142327375,148969818,476,172734,994,0.4788732,0.0027474,1.3293056,358.0817048,17,2026-04-28,2026-04-29,0.4788732,476,22.2758659186692
148370408,148789835,414,60338,969,0.4272446,0.0067988,1.3291481,311.4776986,3,2026-04-17,2026-04-18,0.4272446,414,19.874245257566
128090670,148484465,529,821,48832,0.6443362,0.0107687,1.3283918,398.2258739,17,2026-05-10,2026-05-10,0.6443362,529,29.9727501930466
145846574,152802803,290,484046,527,0.5502846,0.0005988,1.3283748,218.311874,20,2026-07-10,2026-07-26,0.5502846,290,25.5977280973513
145061295,148370408,252,597,60338,0.4221106,0.0041527,1.3278066,189.7866687,17,2026-04-17,2026-04-18,0.4221106,252,19.6354256793845
145846574,146303446,250,484046,521,0.4798464,0.0005162,1.3274914,188.3251394,28,2026-07-14,2026-07-18,0.4798464,250,22.3211365095314
111903535,145846574,427,1060,484046,0.4028302,0.000881,1.3257429,322.0835594,15,2026-04-09,2026-04-23,0.4028302,427,18.738554429838
145846574,152797409,227,484046,346,0.6560694,0.0004688,1.3253399,171.2768194,22,2026-07-09,2026-07-21,0.6560694,227,30.5185464288705
145846574,153113526,303,484046,642,0.4719626,0.0006255,1.3245262,228.7610548,28,2026-07-17,2026-07-20,0.4719626,303,21.9544037883651
25476687,66228851,402,906,110377,0.4437086,0.0036255,1.324148,303.5914497,17,2026-08-03,2026-08-05,0.4437086,402,20.6401053150614
145846574,149992307,169,484046,309,0.5469256,0.000349,1.3241253,127.6314295,20,2026-05-13,2026-07-20,0.5469256,169,25.4414766436871
153670568,19619027,409,1052,86903,0.3887833,0.0046718,1.3236652,308.9905138,28,2026-07-31,2026-08-04,0.3887833,409,18.0851312251714
122191010,145846574,226,649,484046,0.348228,0.0004665,1.3232714,170.7888528,10,2026-04-06,2026-05-02,0.348228,226,16.1986100644729
147714615,148770155,286,50745,369,0.7750678,0.0056268,1.3226285,216.2360859,5,2026-04-17,2026-04-21,0.7750678,286,36.0540251379237
142327375,144530291,1126,172734,1780,0.6325843,0.0064941,1.3224967,851.4199046,13,2026-04-27,2026-04-29,0.6325843,1126,29.426084084587
149598644,66228851,169,488,110377,0.3463115,0.0015267,1.3216084,127.8744917,5,2026-05-05,2026-05-06,0.3463115,169,16.1094597486208
134031686,145846574,174,380,484046,0.4578947,0.0003593,1.320407,131.7775546,24,2026-07-08,2026-07-20,0.4578947,174,21.3000037213803
142327375,147847981,192,172734,388,0.4948454,0.0011103,1.3201503,145.4379809,11,2026-03-27,2026-04-19,0.4948454,192,23.0188487910166
142327375,147098606,476,172734,845,0.5633136,0.0027498,1.3188176,360.929376,6,2026-04-28,2026-04-29,0.5633136,476,26.2038013899355
153779052,66228851,186,423,110377,0.4397163,0.0016815,1.318745,141.0431916,8,2026-08-05,2026-08-05,0.4397163,186,20.4543944849145
145846574,149374602,629,484046,1101,0.5712988,0.0012982,1.3183737,477.1029559,6,2026-04-30,2026-05-02,0.5712988,629,26.5752509605813
123591261,147775499,227,353875,616,0.3685065,0.0006408,1.3183644,172.1830495,6,2026-04-29,2026-05-19,0.3685065,227,17.1419101844874
123591261,125365732,307,353875,701,0.4379458,0.0008666,1.3180934,232.9121768,7,2026-04-09,2026-05-18,0.4379458,307,20.3720356880367
145846574,149272052,320,484046,806,0.3970223,0.0006604,1.3177324,242.8414151,14,2026-04-29,2026-05-07,0.3970223,320,18.4683868746918
148370408,95181881,451,60338,1182,0.3815567,0.0073851,1.3173258,342.3602633,16,2026-04-16,2026-04-18,0.3815567,451,17.7489696428405
145846574,153013527,268,484046,604,0.4437086,0.0005533,1.3170198,203.4897316,27,2026-07-15,2026-07-26,0.4437086,268,20.6401053150614
145846574,149291301,504,484046,1084,0.4649446,0.00104,1.3167081,382.7727696,10,2026-04-29,2026-05-08,0.4649446,504,21.627945705062
121138657,142327375,179,414,172734,0.4323671,0.0010349,1.315614,136.0581428,14,2026-04-13,2026-04-14,0.4323671,179,20.1125298873352
145846574,149280777,184,484046,324,0.5679012,0.00038,1.3155128,139.8694143,6,2026-04-30,2026-05-03,0.5679012,184,26.4172039409417
134518004,142668385,431,1238,91047,0.3481422,0.0046922,1.3155087,327.6299062,14,2026-05-17,2026-05-19,0.3481422,431,16.1946188841441
151378947,151572319,2152,16071,2764,0.7785818,0.1289936,1.3154937,1635.8877627,6,2026-06-16,2026-06-17,0.7785818,2152,36.2174867658414
144284082,145846574,175,329,484046,0.5319149,0.0003614,1.3150231,133.077511,26,2026-07-09,2026-07-22,0.5319149,175,24.7432201103389
145846574,152856184,397,484046,1125,0.3528889,0.0008189,1.3139739,302.1368892,25,2026-07-14,2026-07-25,0.3528889,397,16.4154223301422
142327375,149213451,220,172734,373,0.5898123,0.0012725,1.3137918,167.4542347,17,2026-04-28,2026-04-29,0.5898123,220,27.4364481286109
145846574,148117701,185,484046,526,0.351711,0.0003819,1.3137693,140.8162048,24,2026-04-06,2026-06-07,0.351711,185,16.36062965754
142327375,148441885,448,172734,647,0.6924266,0.0025906,1.3137401,341.011142,13,2026-04-13,2026-04-14,0.6924266,448,32.2097835087034
123591261,130308547,265,353875,643,0.4121306,0.0007481,1.3135859,201.7378506,8,2026-04-23,2026-07-30,0.4121306,265,19.1711834919572
123591261,150088389,187,353875,327,0.5718654,0.0005282,1.3127491,142.4491595,7,2026-05-15,2026-05-17,0.5718654,187,26.6016076362723
106482890,145846574,187,410,484046,0.4560976,0.0003861,1.3126348,142.4615563,9,2026-04-07,2026-05-02,0.4560976,187,21.2164075655661
145846574,152709702,225,484046,607,0.3706755,0.0004645,1.3119103,171.5056301,17,2026-07-07,2026-07-26,0.3706755,225,17.242806106785
153715546,19619027,361,974,86903,0.3706366,0.004125,1.3114467,275.2685313,27,2026-08-01,2026-08-04,0.3706366,361,17.2409965856336
124559637,145846574,3474,8251,484046,0.4210399,0.0071069,1.3111738,2649.5342333,13,2026-04-06,2026-05-28,0.4210399,3474,19.5856196563305
123591261,148385810,785,353875,2202,0.3564941,0.0022095,1.3107141,598.9101647,8,2026-04-08,2026-04-26,0.3564941,785,16.5831263315564
135913315,145846574,262,565,484046,0.4637168,0.0005409,1.3105501,199.9160462,10,2026-04-09,2026-05-08,0.4637168,262,21.5708318215226
139046200,148798931,230,644,60235,0.3571429,0.0037923,1.3094473,175.646621,16,2026-05-09,2026-05-10,0.3571429,230,16.6133067254645
145846574,151991537,325,484046,786,0.413486,0.0006708,1.3085563,248.3653246,15,2026-06-26,2026-07-29,0.413486,325,19.2342329770112
142327375,148598219,1752,172734,5046,0.3472057,0.009953,1.308293,1339.1495215,5,2026-04-13,2026-04-14,0.3472057,1752,16.1510554764762
149614829,66228851,369,690,110377,0.5347826,0.0033334,1.3078462,282.1432576,17,2026-05-05,2026-05-06,0.5347826,369,24.8766176374817
145846574,152697127,174,484046,502,0.3466135,0.0003592,1.3074472,133.0837642,16,2026-07-09,2026-07-22,0.3466135,174,16.123507959102
145846574,148525992,608,484046,1579,0.3850538,0.0012536,1.3064306,465.3902125,5,2026-04-11,2026-07-08,0.3850538,608,17.9116451291784
147425893,147676760,4869,10885,11331,0.4473128,0.2806825,1.306092,3727.9150442,6,2026-03-28,2026-04-04,0.4473128,4869,20.8077627992222
153765344,19619027,168,376,86903,0.4468085,0.0019286,1.3059873,128.6383114,23,2026-08-02,2026-08-04,0.4468085,168,20.7843041484086
139794400,147714615,239,410,50745,0.5829268,0.004694,1.3053055,183.0988979,4,2026-04-14,2026-04-21,0.5829268,239,27.1161535813633
145846574,148430243,467,484046,965,0.4839378,0.0009638,1.3052377,357.7892366,9,2026-04-09,2026-05-18,0.4839378,467,22.5114571994753
149526121,66228851,190,384,110377,0.4947917,0.0017184,1.3046334,145.6347797,11,2026-05-04,2026-05-05,0.4947917,190,23.0163508145171
142327375,148434771,595,172734,762,0.7808399,0.0034413,1.3045878,456.0827617,13,2026-04-12,2026-04-14,0.7808399,595,36.3225273754035
145846574,152753931,350,484046,951,0.3680336,0.0007222,1.3044886,268.3043778,10,2026-07-08,2026-07-22,0.3680336,350,17.1199121754259
145846574,148359386,221,484046,403,0.5483871,0.0004564,1.3044719,169.4172116,16,2026-04-08,2026-05-02,0.5483871,221,25.5094616093109
118118302,145846574,258,740,484046,0.3486486,0.0005325,1.3042286,197.8180785,6,2026-05-01,2026-05-02,0.3486486,258,16.2181752211895
146454183,148729820,225,357,38069,0.6302521,0.0058899,1.3037825,172.5747962,12,2026-04-22,2026-04-23,0.6302521,225,29.3175965465591
145846574,148107046,429,484046,1056,0.40625,0.0008851,1.3036008,329.088474,29,2026-04-07,2026-05-20,0.40625,429,18.8976341324997
148798931,148956432,217,60235,506,0.4288538,0.0035854,1.3029763,166.54179,11,2026-04-21,2026-04-21,0.4288538,217,19.9491008214947
123591261,145382986,184,353875,348,0.5287356,0.0005197,1.3029164,141.2216467,8,2026-05-18,2026-05-18,0.5287356,184,24.5953278070836
145846574,149271569,306,484046,861,0.3554007,0.0006314,1.3023831,234.9539059,7,2026-04-28,2026-07-14,0.3554007,306,16.5322643668537
145846574,148487976,242,484046,671,0.3606557,0.0004995,1.3023406,185.8192838,17,2026-04-10,2026-07-22,0.3606557,242,16.7767125326784
148484465,149856590,477,48832,638,0.7476489,0.0097361,1.3016542,366.4567627,8,2026-05-10,2026-05-10,0.7476489,477,34.7785732228083
145846574,149371058,298,484046,760,0.3921053,0.0006151,1.3000545,229.2211598,6,2026-04-30,2026-05-01,0.3921053,298,18.2396615404654
145846574,146709275,339,484046,648,0.5231481,0.0006999,1.2999802,260.7732086,9,2026-04-07,2026-05-17,0.5231481,339,24.3354126545536
145846574,149099313,2010,484046,4858,0.4137505,0.0041282,1.2998557,1546.3254991,29,2026-04-27,2026-07-14,0.4137505,2010,19.2465367904956
136941105,148370408,306,381,60338,0.8031496,0.0050651,1.2989414,235.5764516,8,2026-04-17,2026-04-18,0.8031496,306,37.3603133402179
145846574,153176069,315,484046,572,0.5506993,0.0006504,1.2986685,242.5561348,28,2026-07-18,2026-07-20,0.5506993,315,25.6170188022738
123591261,149354576,313,353875,678,0.4616519,0.0008836,1.2985736,241.0337073,3,2026-04-30,2026-05-01,0.4616519,313,21.4747783452883
142327375,147071108,404,172734,934,0.4325482,0.0023317,1.2984964,311.1290869,15,2026-03-27,2026-04-12,0.4325482,404,20.1209541618986
145846574,149299454,1201,484046,2257,0.5321223,0.0024758,1.2984543,924.9459255,8,2026-04-29,2026-04-30,0.5321223,1201,24.7528677886628
145846574,153164667,829,484046,1509,0.5493704,0.0017102,1.2983331,638.5110207,28,2026-07-18,2026-07-22,0.5493704,829,25.5552020244309
142327375,147970095,706,172734,1564,0.4514066,0.004067,1.2982032,543.8285752,7,2026-03-30,2026-03-30,0.4514066,706,20.9981951305739
140382564,148370408,257,517,60338,0.4970986,0.0042411,1.2973568,198.095082,16,2026-04-17,2026-04-18,0.4970986,257,23.1236614660378
147676760,148201752,516,11331,1160,0.4448276,0.0430898,1.2969551,397.8549518,4,2026-04-04,2026-04-04,0.4448276,516,20.6921581214472
139183835,145846574,176,486,484046,0.3621399,0.0003634,1.2965102,135.7490253,10,2026-04-26,2026-05-15,0.3621399,176,16.8457534399509
141538630,148370408,610,1472,60338,0.4144022,0.0099673,1.2960607,470.6569646,15,2026-04-17,2026-04-18,0.4144022,610,19.2768520844381
109199162,145846574,405,834,484046,0.4856115,0.000836,1.2949782,312.7465808,8,2026-04-30,2026-07-11,0.4856115,405,22.5893131262385
147714615,148846614,169,50745,479,0.3528184,0.0033102,1.293202,130.6833723,8,2026-04-18,2026-04-22,0.3528184,169,16.4121428637882
123591261,141766675,298,353875,771,0.386511,0.000841,1.2930115,230.4697239,10,2026-03-30,2026-05-01,0.386511,298,17.9794300706132
102083465,142327375,384,559,172734,0.686941,0.0022208,1.2920916,297.1925569,17,2026-04-12,2026-04-19,0.686941,384,31.9546084642794
145846574,149513799,413,484046,1032,0.4001938,0.0008521,1.2919641,319.6683159,9,2026-05-03,2026-07-28,0.4001938,413,18.6159163433718
148078814,148798931,194,467,60235,0.4154176,0.0032062,1.2915128,150.2114376,10,2026-04-21,2026-05-10,0.4154176,194,19.3240857033874
123591261,144908700,270,353875,691,0.3907381,0.0007621,1.2907927,209.1737896,11,2026-04-07,2026-05-16,0.3907381,270,18.176063151823
145846574,146243710,247,484046,689,0.3584906,0.0005098,1.2902857,191.4304713,5,2026-04-29,2026-05-02,0.3584906,247,16.6759980276685
145846574,150844646,261,484046,694,0.3760807,0.0005387,1.2902664,202.2838024,28,2026-07-05,2026-07-12,0.3760807,261,17.4942411640477
145846574,148303729,190,484046,315,0.6031746,0.0003924,1.2900286,147.2835526,4,2026-04-06,2026-04-09,0.6031746,190,28.0580256217031
142327375,143551913,345,172734,752,0.4587766,0.0019926,1.2895771,267.5295605,8,2026-04-12,2026-04-19,0.4587766,345,21.3410272870208
123591261,153147791,643,353875,1801,0.3570239,0.0018111,1.2894491,498.6625775,17,2026-07-18,2026-08-06,0.3570239,643,16.6077711723278
145846574,149345489,259,484046,324,0.7993827,0.000535,1.2891165,200.9128019,3,2026-04-30,2026-05-03,0.7993827,259,37.1850874989534
111460110,145846574,1402,3031,484046,0.4625536,0.0028867,1.2891034,1087.5776466,28,2026-07-15,2026-07-17,0.4625536,1402,21.5167229525431
145846574,148385810,997,484046,2202,0.4527702,0.0020546,1.288941,773.5032025,8,2026-04-08,2026-04-26,0.4527702,997,21.0616260571046
145846574,148340231,334,484046,958,0.348643,0.0006891,1.2877359,259.3699515,28,2026-07-08,2026-07-21,0.348643,334,16.2179147245713
142327375,147839553,516,172734,1489,0.3465413,0.0029705,1.2868589,400.9763605,15,2026-03-30,2026-04-19,0.3465413,516,16.1201494134174
145846574,148424163,341,484046,838,0.4069212,0.0007038,1.2863983,265.0812001,5,2026-04-09,2026-04-27,0.4069212,341,18.9288565128806
145846574,151683480,654,484046,1712,0.3820093,0.0013482,1.2863191,508.4274842,26,2026-07-06,2026-07-16,0.3820093,654,17.7700233516611
149399866,66228851,250,642,110377,0.3894081,0.0022569,1.2856545,194.4534867,12,2026-05-03,2026-05-06,0.3894081,250,18.1141952050015
145846574,148243390,210,484046,511,0.4109589,0.0004336,1.2854684,163.3645795,15,2026-04-06,2026-04-12,0.4109589,210,19.116679226325
145846574,151986093,386,484046,1042,0.3704415,0.0007964,1.2846328,300.474958,28,2026-07-16,2026-07-27,0.3704415,386,17.2319210695247
122059636,145846574,167,362,484046,0.461326,0.0003449,1.2846028,130.0012741,17,2026-04-08,2026-07-19,0.461326,167,21.4596183724543
142668385,149839222,388,91047,1004,0.3864542,0.0042329,1.2837865,302.2309492,13,2026-05-16,2026-05-19,0.3864542,388,17.9767878906286
145846574,152993966,323,484046,870,0.3712644,0.0006665,1.2832894,251.6969308,16,2026-07-14,2026-07-25,0.3712644,323,17.2702001172235
145846574,148433488,316,484046,864,0.3657407,0.0006521,1.2832229,246.254957,5,2026-04-09,2026-05-13,0.3657407,316,17.0132527654507
145846574,152505287,724,484046,1778,0.4071991,0.0014925,1.2831578,564.2330208,28,2026-07-12,2026-07-16,0.4071991,724,18.9417836575586
110886364,145846574,300,845,484046,0.3550296,0.0006191,1.2825659,233.906113,29,2026-07-08,2026-07-17,0.3550296,300,16.5150018141729
123591261,149453395,207,353875,560,0.3696429,0.0005844,1.2811722,161.570783,4,2026-05-05,2026-05-17,0.3696429,207,17.1947723910799
151378947,87903735,409,16071,647,0.6321484,0.0250782,1.2810749,319.2631399,4,2026-06-16,2026-06-17,0.6321484,409,29.4058072138956
123591261,132876051,510,353875,1390,0.3669065,0.0014376,1.2806992,398.2199794,16,2026-03-30,2026-04-08,0.3669065,510,17.0674825792887
148370408,148785644,195,60338,508,0.3838583,0.0032151,1.2805416,152.2793111,13,2026-04-17,2026-04-18,0.3838583,195,17.856033752919
123591261,149993588,214,353875,461,0.4642082,0.0006043,1.2804582,167.1276778,6,2026-05-13,2026-05-14,0.4642082,214,21.5936903997693
144176601,145846574,602,1152,484046,0.5225694,0.0012423,1.2803576,470.1811495,15,2026-04-08,2026-04-10,0.5225694,602,24.3084931200982
142327375,149163918,218,172734,463,0.4708423,0.0012603,1.280197,170.2862955,16,2026-04-27,2026-04-29,0.4708423,218,21.90229050955
101835420,123591261,236,672,353875,0.3511905,0.0006661,1.280154,184.3528145,3,2026-04-03,2026-04-28,0.3511905,236,16.3364174272238
137911537,66228851,204,316,110377,0.6455696,0.0018463,1.279738,159.407626,11,2026-05-06,2026-05-06,0.6455696,204,30.0301245732042
145846574,79359226,351,484046,990,0.3545455,0.0007242,1.2796629,274.2909788,9,2026-04-09,2026-07-16,0.3545455,351,16.4924828118749
142327375,148407847,266,172734,738,0.3604336,0.0015357,1.2777739,208.1745401,17,2026-04-12,2026-04-19,0.3604336,266,16.7663810507317
147695084,148484465,387,1098,48832,0.352459,0.0078114,1.277573,302.9181083,15,2026-04-11,2026-05-10,0.352459,387,16.3954245629704
142327375,148574830,615,172734,1622,0.3791615,0.0035398,1.2774328,481.4343383,16,2026-04-19,2026-04-28,0.3791615,615,17.637551517858
142327375,148475027,305,172734,660,0.4621212,0.0017621,1.2773594,238.7738377,12,2026-04-12,2026-04-29,0.4621212,305,21.4966088922381
142327375,148509007,256,172734,451,0.5676275,0.0014804,1.2765977,200.5330228,14,2026-04-12,2026-04-14,0.5676275,256,26.4044721687274
145846574,152802722,236,484046,576,0.4097222,0.0004872,1.2758694,184.9719094,29,2026-07-10,2026-07-17,0.4097222,236,19.0591513392317
145846574,152793110,259,484046,683,0.3792094,0.0005346,1.2731484,203.4326939,29,2026-07-09,2026-07-27,0.3792094,259,17.6397796942886
145846574,147759089,271,484046,654,0.4143731,0.0005594,1.2727736,212.9208163,15,2026-04-09,2026-04-27,0.4143731,271,19.2754984323686
145846574,149677708,5093,484046,12053,0.4225504,0.0103726,1.2725051,4002.3414906,17,2026-05-07,2026-05-07,0.4225504,5093,19.6558839673635
122836633,145846574,230,526,484046,0.4372624,0.0004749,1.2709498,180.9670224,9,2026-04-10,2026-07-28,0.4372624,230,20.3402457971662
123591261,150114746,456,353875,1073,0.4249767,0.0012863,1.2707285,358.8492667,10,2026-05-16,2026-05-17,0.4249767,456,19.7687487789221
66228851,83119636,211,110377,410,0.5146341,0.0019082,1.2705819,166.0656428,13,2026-05-04,2026-05-06,0.5146341,211,23.9393647603896
145846574,149391760,168,484046,334,0.502994,0.000347,1.2695173,132.3337621,3,2026-05-01,2026-05-08,0.502994,168,23.3978992808433
145846574,149126209,202,484046,559,0.3613596,0.000417,1.2693271,159.1394355,10,2026-04-24,2026-05-04,0.3613596,202,16.8094560272405
145846574,151332614,688,484046,1379,0.4989123,0.0014193,1.2689228,542.1921539,24,2026-07-06,2026-07-22,0.4989123,688,23.2080298082559
139698181,142327375,248,442,172734,0.561086,0.0014341,1.2687335,195.4705263,8,2026-03-27,2026-04-27,0.561086,248,26.1001795565975
144714518,145005802,3433,12714,9702,0.3538446,0.180846,1.2687024,2705.9142587,6,2026-03-23,2026-03-23,0.3538446,3433,16.4598788690725
145846574,149354576,473,484046,678,0.6976401,0.0009768,1.2682826,372.9452819,3,2026-04-30,2026-05-04,0.6976401,473,32.4523012085182
121732938,144230777,222,110007,566,0.3922261,0.0020118,1.268271,175.0414605,4,2026-03-22,2026-03-23,0.3922261,222,18.2452808246579
148370408,148814301,242,60338,577,0.4194107,0.0039886,1.2681144,190.8345232,15,2026-04-17,2026-04-18,0.4194107,242,19.5098337473369
133446535,142327375,227,443,172734,0.5124153,0.0013125,1.2679863,179.0240163,10,2026-04-19,2026-04-19,0.5124153,227,23.8361522788802
106668028,145846574,532,941,484046,0.565356,0.0010981,1.2673846,419.762087,5,2026-04-30,2026-05-17,0.565356,532,26.2988082279718
144714518,147794837,234,12714,617,0.3792545,0.0178667,1.267328,184.6404403,4,2026-03-29,2026-03-29,0.3792545,234,17.6418776224102
148370408,148733899,230,60338,430,0.5348837,0.0037993,1.2670584,181.5228067,7,2026-04-16,2026-04-18,0.5348837,230,24.8813205317852
145846574,149354581,726,484046,992,0.7318548,0.001499,1.2667804,573.106417,3,2026-04-30,2026-05-05,0.7318548,726,34.0438750732647
148578731,66228851,265,543,110377,0.4880295,0.0023948,1.2661344,209.2984686,4,2026-05-03,2026-05-05,0.4880295,265,22.7017918445952
145846574,148749926,399,484046,731,0.5458276,0.0008237,1.2658688,315.1985352,6,2026-04-16,2026-05-06,0.5458276,399,25.3904006996195
142327375,148072567,594,172734,787,0.7547649,0.003435,1.2656455,469.3257356,9,2026-04-05,2026-04-18,0.7547649,594,35.1095899969299
145846574,152787521,497,484046,1114,0.44614,0.0010255,1.2652558,392.8059567,23,2026-07-09,2026-07-29,0.44614,497,20.7532073646115
145846574,152120264,1618,484046,3083,0.5248135,0.0033326,1.2648199,1279.2335119,28,2026-06-26,2026-07-25,0.5248135,1618,24.4128824881148
139091913,142327375,416,1054,172734,0.3946869,0.0023995,1.2645929,328.9596081,11,2026-03-25,2026-04-27,0.3946869,416,18.3597504814536
145128615,145846574,179,435,484046,0.4114943,0.0003696,1.264462,141.5621849,18,2026-04-28,2026-07-26,0.4114943,179,19.1415845637147
123591261,144958513,285,353875,583,0.4888508,0.0008047,1.2642995,225.4212797,2,2026-05-05,2026-05-09,0.4888508,285,22.7399964646888
142327375,148824800,1247,172734,2263,0.5510384,0.007177,1.2642505,986.3551359,4,2026-04-18,2026-04-19,0.5510384,1247,25.6327928028506
145846574,95007519,170,484046,416,0.4086538,0.000351,1.2641637,134.476251,15,2026-05-03,2026-07-27,0.4086538,170,19.0094523058602
145846574,153237518,396,484046,1046,0.3785851,0.000817,1.2638415,313.3304184,15,2026-07-20,2026-07-22,0.3785851,396,17.6107389730851
142668385,150099738,324,91047,660,0.4909091,0.0035455,1.2632594,256.47938,12,2026-05-15,2026-05-18,0.4909091,324,22.8357429270516
126349154,145846574,211,586,484046,0.3600683,0.0004356,1.2628537,167.0819038,26,2026-04-07,2026-05-27,0.3600683,211,16.7493882981198
147714615,148752121,1423,50745,1934,0.7357808,0.0277626,1.2628271,1126.8367679,3,2026-04-16,2026-04-22,0.7357808,1423,34.2265018095212
125515744,142327375,169,307,172734,0.5504886,0.0009776,1.2628256,133.8268739,6,2026-03-25,2026-04-12,0.5504886,169,25.6072176170142
145846574,153125478,249,484046,677,0.3677991,0.000514,1.2619165,197.3189131,7,2026-07-17,2026-07-22,0.3677991,249,17.1090038795389
142327375,148591071,441,172734,561,0.7860963,0.0025513,1.2618775,349.4792441,16,2026-04-13,2026-04-19,0.7860963,441,36.5670406653828
145846574,152920917,167,484046,469,0.3560768,0.0003448,1.2617444,132.3564414,7,2026-07-12,2026-07-22,0.3560768,167,16.5637146817755
145005802,99318293,182,9702,315,0.5777778,0.0185053,1.2617279,144.2466321,6,2026-03-23,2026-04-05,0.5777778,182,26.876636244383
145846574,147744106,392,484046,1122,0.3493761,0.0008086,1.2614055,310.7644578,14,2026-04-07,2026-05-05,0.3493761,392,16.2520165229284
142327375,148810013,385,172734,944,0.407839,0.0022217,1.2611532,305.276146,16,2026-04-27,2026-04-29,0.407839,385,18.9715500479128
149626418,66228851,168,469,110377,0.358209,0.0015179,1.2608235,133.2462485,14,2026-05-06,2026-05-06,0.358209,168,16.6628987691535
142856921,145846574,292,682,484046,0.4281525,0.0006028,1.2607871,231.6013539,8,2026-04-27,2026-05-15,0.4281525,292,19.916478271791
145846574,152704772,314,484046,675,0.4651852,0.0006482,1.2597934,249.2472254,20,2026-07-08,2026-07-16,0.4651852,314,21.6391377561938
142327375,146305179,249,172734,557,0.4470377,0.001439,1.2581772,197.9053456,16,2026-04-27,2026-04-29,0.4470377,249,20.7949659028534
145846574,148492538,173,484046,345,0.5014493,0.0003573,1.2572151,137.6057283,6,2026-04-10,2026-04-12,0.5014493,173,23.3260440797492
145846574,150085233,194,484046,420,0.4619048,0.0004006,1.2569753,154.3387545,4,2026-05-15,2026-05-15,0.4619048,194,21.486542558635
123591261,98746838,211,353875,568,0.3714789,0.0005957,1.2560451,167.9876022,16,2026-04-08,2026-05-13,0.3714789,211,17.2801780680454
135299530,145846574,246,454,484046,0.5418502,0.000508,1.255938,195.8695459,8,2026-04-20,2026-05-20,0.5418502,246,25.205382976546
141395090,66228851,199,350,110377,0.5685714,0.0018004,1.2554508,158.5087979,9,2026-05-05,2026-05-06,0.5685714,199,26.4483798040693
145846574,146750472,289,484046,830,0.3481928,0.0005964,1.2551314,230.2547801,22,2026-07-08,2026-07-29,0.3481928,289,16.1969726571585
145846574,21874014,554,484046,1492,0.3713137,0.0011423,1.2550681,441.4103257,16,2026-04-28,2026-07-28,0.3713137,554,17.2724934178087
145846574,151608444,232,484046,422,0.549763,0.0004791,1.2548158,184.8876918,28,2026-07-11,2026-07-26,0.549763,232,25.5734646980565
109917512,145846574,561,1434,484046,0.3912134,0.0011569,1.2547393,447.1048154,6,2026-05-04,2026-05-04,0.3912134,561,18.1981728022924
145846574,148351619,269,484046,605,0.4446281,0.0005553,1.2544895,214.429847,7,2026-04-07,2026-04-12,0.4446281,269,20.682877929424
138021106,145846574,513,1349,484046,0.3802817,0.001058,1.2544125,408.9563812,28,2026-07-19,2026-07-20,0.3802817,513,17.6896601449478
139514677,142327375,284,781,172734,0.3636364,0.0016394,1.2541901,226.4409474,15,2026-03-30,2026-04-19,0.3636364,284,16.9153665094384
145846574,86845192,296,484046,471,0.6284501,0.0006113,1.2539272,236.0583586,8,2026-07-19,2026-07-21,0.6284501,296,29.233772456204
145846574,153255597,505,484046,984,0.5132114,0.0010423,1.2537866,402.7798812,11,2026-07-20,2026-07-22,0.5132114,505,23.8731846641919
137656437,142327375,187,380,172734,0.4921053,0.0010814,1.2530284,149.2384406,16,2026-04-13,2026-04-29,0.4921053,187,22.8913868653884
145846574,152772900,424,484046,1164,0.3642612,0.0008746,1.2524521,338.5358951,28,2026-07-09,2026-07-22,0.3642612,424,16.9444304892685
147714615,148535925,231,50745,430,0.5372093,0.0045344,1.2522949,184.4613411,5,2026-04-18,2026-04-22,0.5372093,231,24.9895010559416
115295631,147534863,190,27691,467,0.4068522,0.0067935,1.2520897,151.7463193,6,2026-03-23,2026-03-23,0.4068522,190,18.9256468224064
145846574,42354389,1759,484046,4922,0.3573751,0.0036104,1.2516445,1405.3511233,27,2026-04-19,2026-07-21,0.3573751,1759,16.6241080316689
145846574,148283448,177,484046,510,0.3470588,0.0003654,1.2515454,141.4251494,19,2026-04-06,2026-05-15,0.3470588,177,16.1442220919739
142327375,148337922,302,172734,787,0.3837357,0.0017435,1.2509338,241.4196409,14,2026-04-13,2026-04-14,0.3837357,302,17.8503307376706
145846574,145911981,492,484046,1160,0.4241379,0.001015,1.250866,393.3274937,29,2026-04-09,2026-04-12,0.4241379,492,19.7297301068966
112164973,145846574,185,431,484046,0.4292343,0.000382,1.2504381,147.9481433,17,2026-04-07,2026-04-10,0.4292343,185,19.966800636356
144803950,66228851,689,843,110377,0.8173191,0.0062335,1.2500254,551.1888022,16,2026-05-05,2026-05-06,0.8173191,689,38.0194395601329
130371209,142327375,653,1284,172734,0.508567,0.0037666,1.2486693,522.956718,17,2026-04-12,2026-04-18,0.508567,653,23.6571399332012
149614732,66228851,445,1046,110377,0.4254302,0.0040098,1.2483755,356.4632586,17,2026-05-05,2026-05-06,0.4254302,445,19.7898443532706
141991527,142327375,479,590,172734,0.8118644,0.0027713,1.2478898,383.8479938,9,2026-04-12,2026-04-12,0.8118644,479,37.7657018988343
123038694,142327375,380,1069,172734,0.3554724,0.0021912,1.2472201,304.6775788,18,2026-04-19,2026-04-29,0.3554724,380,16.5355996539116
145846574,147068463,187,484046,325,0.5753846,0.0003862,1.2470701,149.9514799,21,2026-04-09,2026-04-09,0.5753846,187,26.765311153907
145846574,152644547,222,484046,457,0.4857768,0.0004584,1.2466151,178.082227,27,2026-07-08,2026-07-28,0.4857768,222,22.5970024282006
153671665,19619027,207,591,86903,0.3502538,0.0023715,1.246326,166.0881642,23,2026-07-31,2026-08-02,0.3502538,207,16.2928447161052
126328923,145005802,173,369,9702,0.4688347,0.0174783,1.245995,138.844855,3,2026-03-23,2026-03-23,0.4688347,173,21.8089024719268
145846574,99124122,185,484046,386,0.4792746,0.000382,1.2459054,148.4863953,17,2026-04-08,2026-07-20,0.4792746,185,22.2945379441235
145846574,153151173,196,484046,322,0.6086957,0.0004048,1.2458439,157.3230773,11,2026-07-17,2026-07-21,0.6086957,196,28.3148520286174
142668385,145382986,248,91047,348,0.7126437,0.0027209,1.2458158,199.0663395,12,2026-05-18,2026-05-18,0.7126437,248,33.1502274693684
145846574,152616474,229,484046,472,0.4851695,0.0004729,1.245715,183.8301752,18,2026-07-08,2026-07-26,0.4851695,229,22.5687525003024
145846574,148265399,470,484046,982,0.4786151,0.00097,1.2453381,377.4075595,16,2026-04-07,2026-04-12,0.4786151,470,22.2638598156056
140346154,145846574,213,357,484046,0.5966387,0.0004399,1.2451445,171.0644796,4,2026-04-26,2026-05-04,0.5966387,213,27.7539935061914
150282495,150299642,817,10490,934,0.8747323,0.0770246,1.2449879,656.2312689,6,2026-05-20,2026-05-21,0.8747323,817,40.6901439243816
135049921,145846574,260,706,484046,0.368272,0.0005366,1.2447468,208.8778141,26,2026-07-09,2026-07-24,0.368272,260,17.1310018886005
145230620,145846574,337,965,484046,0.3492228,0.0006953,1.2445689,270.776493,12,2026-04-09,2026-05-11,0.3492228,337,16.2448854280052
145846574,152814165,178,484046,419,0.424821,0.0003676,1.2444411,143.0361005,26,2026-07-10,2026-07-25,0.424821,178,19.7615060425912
100989340,145846574,201,483,484046,0.4161491,0.000415,1.244126,161.5591988,20,2026-06-27,2026-07-12,0.4161491,201,19.3581130741392
145846574,153217329,772,484046,1642,0.4701583,0.001592,1.2438037,620.6767339,17,2026-07-20,2026-07-21,0.4701583,772,21.8704727083275
153355435,66228851,4484,11712,110377,0.3828552,0.0381276,1.2437561,3605.2083082,6,2026-07-25,2026-07-26,0.3828552,4484,17.8093722961847
142327375,148433417,297,172734,310,0.9580645,0.0017193,1.2434444,238.8526593,6,2026-04-12,2026-04-12,0.9580645,297,44.5665289755971
142327375,148571829,307,172734,336,0.9136905,0.001777,1.2433258,246.918391,17,2026-04-12,2026-04-12,0.9136905,307,42.5023723799157
139115612,142327375,176,315,172734,0.5587302,0.0010181,1.243317,141.5568218,18,2026-04-12,2026-04-14,0.5587302,176,25.990594211393
148370408,148602579,3824,60338,9094,0.420497,0.0582856,1.2430109,3076.4009817,8,2026-04-16,2026-04-17,0.420497,3824,19.5603654395415
142327375,148575559,1738,172734,2904,0.5984848,0.0099942,1.2429769,1398.2560794,20,2026-04-12,2026-04-12,0.5984848,1738,27.8398690074149
142327375,146450431,348,172734,574,0.6062718,0.002012,1.2427447,280.0253282,17,2026-04-12,2026-04-12,0.6062718,348,28.2020988584666
132294136,145846574,1062,2667,484046,0.3982002,0.0021868,1.2419704,855.0928172,6,2026-04-07,2026-07-29,0.3982002,1062,18.5231795472941
142327375,148819439,485,172734,1366,0.3550512,0.0027935,1.241959,390.5120896,7,2026-04-18,2026-04-27,0.3550512,485,16.5160065868431
142327375,148562672,1197,172734,2012,0.5949304,0.0068972,1.2409696,964.5683292,17,2026-04-12,2026-04-12,0.5949304,1197,27.6745280824658
102324735,145846574,341,731,484046,0.4664843,0.0007039,1.2406381,274.8585665,17,2026-07-09,2026-07-25,0.4664843,341,21.6995683198898
147714615,148732697,334,50745,631,0.5293185,0.0065436,1.2402209,269.3068697,4,2026-04-16,2026-04-16,0.5293185,334,24.6224427140026
142327375,148561468,1872,172734,1872,1,0.0108375,1.2400854,1509.5734972,4,2026-04-12,2026-04-12,1,1872,46.5172532492301
142327375,148570647,1153,172734,1957,0.5891671,0.0066441,1.2396411,930.107885,17,2026-04-12,2026-04-12,0.5891671,1153,27.4064351968145
142327375,146422275,326,172734,462,0.7056277,0.0018858,1.239563,262.9959054,17,2026-04-12,2026-04-12,0.7056277,326,32.8238624205718
145846574,152166677,637,484046,1333,0.4778695,0.0013141,1.2392335,514.0274375,28,2026-07-09,2026-07-22,0.4778695,637,22.229176551583
145846574,152031686,250,484046,507,0.4930966,0.0005162,1.2391485,201.7514482,15,2026-07-15,2026-07-20,0.4930966,250,22.9374994185343
120674251,145846574,2638,6336,484046,0.416351,0.0054086,1.2390022,2129.1326294,28,2026-04-16,2026-07-18,0.416351,2638,19.3675049075702
145846574,146476773,206,484046,409,0.5036675,0.0004254,1.2388126,166.2882708,6,2026-04-06,2026-05-20,0.5036675,206,23.4292286509066
145846574,149310898,518,484046,587,0.8824532,0.00107,1.2387762,418.1546183,6,2026-04-29,2026-04-29,0.8824532,518,41.0492989849935
142327375,148357672,317,172734,442,0.7171946,0.0018339,1.2387744,255.8980834,17,2026-04-12,2026-04-12,0.7171946,317,33.3619228371803
142327375,148580445,239,172734,338,0.7071006,0.0013828,1.2386821,192.9470098,9,2026-04-12,2026-04-12,0.7071006,239,32.8923776828826
142327375,146291938,289,172734,510,0.5666667,0.001671,1.2382909,233.3861876,7,2026-03-22,2026-04-28,0.5666667,289,26.3597783918055
145846574,149507300,844,484046,2302,0.3666377,0.0017384,1.2381219,681.6776436,9,2026-05-03,2026-05-26,0.3666377,844,17.0549787416153
149634022,66228851,248,498,110377,0.497992,0.0022418,1.2378127,200.3534165,13,2026-05-06,2026-05-06,0.497992,248,23.1652199800906
145846574,153054820,175,484046,370,0.472973,0.0003614,1.2374529,141.4195189,23,2026-07-15,2026-07-19,0.472973,175,22.0014048210481
123591261,149299454,1181,353875,2257,0.523261,0.0033272,1.2372869,954.5078082,16,2026-04-29,2026-04-30,0.523261,1181,24.3406644524454
145846574,149331368,203,484046,396,0.5126263,0.0004192,1.2371928,164.0811386,15,2026-07-09,2026-07-20,0.5126263,203,23.8459674193158
145846574,148512040,331,484046,790,0.4189873,0.0006832,1.2364915,267.6929097,9,2026-04-11,2026-04-28,0.4189873,331,19.4901383423112
145835525,145846574,655,1723,484046,0.3801509,0.0013502,1.2363784,529.7730749,25,2026-07-11,2026-07-28,0.3801509,655,17.6835756882228
145846574,153068361,564,484046,1320,0.4272727,0.0011634,1.2360238,456.3019013,22,2026-07-16,2026-07-26,0.4272727,564,19.8755523923823
145846574,149496887,273,484046,370,0.7378378,0.0005639,1.2355571,220.9529656,3,2026-05-03,2026-05-05,0.7378378,273,34.3221877994548
145846574,147136480,1422,484046,3976,0.3576459,0.0029223,1.235223,1151.2091402,18,2026-04-16,2026-05-18,0.3576459,1422,16.6367049038488
147714615,148907080,276,50745,630,0.4380952,0.0054013,1.2350103,223.4799227,7,2026-04-20,2026-04-23,0.4380952,276,20.3789853656721
147714615,148712007,514,50745,1074,0.4785847,0.0100185,1.2347887,416.2655439,3,2026-04-15,2026-04-16,0.4785847,514,22.2624456911068
143487931,145846574,290,522,484046,0.5555556,0.0005988,1.2347585,234.8637493,16,2026-04-09,2026-04-10,0.5555556,290,25.842920539228
142327375,148459136,178,172734,483,0.36853,0.0010287,1.2332139,144.3382981,17,2026-04-13,2026-04-14,0.36853,178,17.1430033399388
126852804,145846574,253,499,484046,0.507014,0.0005224,1.2330148,205.1881337,5,2026-04-30,2026-07-18,0.507014,253,23.5848986389052
146918011,150282495,181,481,10490,0.3762994,0.0167748,1.2326564,146.8373532,6,2026-05-20,2026-05-20,0.3762994,181,17.5044144873334
145846574,149310631,518,484046,590,0.8779661,0.00107,1.2324271,420.3088236,6,2026-04-29,2026-04-29,0.8779661,518,40.8405714179389
148729820,61417387,573,38069,1337,0.4285714,0.0147555,1.232405,464.9445541,17,2026-04-22,2026-04-25,0.4285714,573,19.9359643491771
145846574,65595639,272,484046,782,0.3478261,0.0005613,1.2320203,220.7755782,27,2026-07-13,2026-07-22,0.3478261,272,16.179914780392
145846574,152735886,211,484046,592,0.3564189,0.0004356,1.2315901,171.3232365,15,2026-07-08,2026-07-10,0.3564189,211,16.579628234112
142327375,89802792,281,172734,338,0.8313609,0.0016262,1.2314545,228.185453,17,2026-04-12,2026-04-13,0.8313609,281,38.6726255268079
145846574,152720999,318,484046,821,0.3873325,0.0006563,1.2309806,258.3306268,28,2026-07-08,2026-07-15,0.3873325,318,18.0176439941574
145846574,149312387,568,484046,1444,0.3933518,0.0011713,1.2307796,461.4961202,3,2026-04-29,2026-05-02,0.3933518,568,18.2976452966405
142327375,145982876,445,172734,445,1,0.0025762,1.2304213,361.6647532,8,2026-04-13,2026-04-14,1,445,46.5172532492301
148370408,148726927,809,60338,1719,0.4706225,0.0132086,1.2303192,657.5529357,17,2026-04-16,2026-04-17,0.4706225,809,21.8920660172858
142327375,148364245,188,172734,424,0.4433962,0.0010869,1.2301306,152.8293062,7,2026-04-12,2026-04-19,0.4433962,188,20.6255733251463
112390525,123591261,235,678,353875,0.3466077,0.0006632,1.229963,191.0626599,10,2026-04-01,2026-05-10,0.3466077,235,16.1232381590332
115295631,122768654,213,27691,498,0.4277108,0.0076137,1.2298572,173.190833,13,2026-03-23,2026-03-24,0.4277108,213,19.8959316010308
149531217,66228851,264,606,110377,0.4356436,0.0023844,1.2296955,214.6872868,18,2026-05-04,2026-05-06,0.4356436,264,20.2649436676063
118665573,145846574,176,384,484046,0.4583333,0.0003634,1.2293189,143.1687115,4,2026-04-17,2026-05-29,0.4583333,176,21.3204061886554
119957806,145846574,275,592,484046,0.464527,0.0005678,1.2292079,223.7213132,15,2026-07-09,2026-07-20,0.464527,275,21.6085201001051
136273140,142327375,294,672,172734,0.4375,0.0016983,1.2285885,239.2990044,17,2026-04-12,2026-04-13,0.4375,294,20.3512982965382
142044110,142327375,432,1059,172734,0.407932,0.0024919,1.2273524,351.977149,18,2026-03-25,2026-04-20,0.407932,432,18.9758761524649
145846574,149169175,174,484046,377,0.4615385,0.0003593,1.2269928,141.8101274,10,2026-04-25,2026-05-05,0.4615385,174,21.4695032887698
153734556,19619027,236,630,86903,0.3746032,0.0027034,1.2265167,192.4148315,5,2026-08-02,2026-08-05,0.3746032,236,17.425511922372
145846574,152908770,175,484046,372,0.4704301,0.0003614,1.2261513,142.7230081,27,2026-07-12,2026-07-19,0.4704301,175,21.8831160977607
145846574,153143112,207,484046,374,0.5534759,0.0004275,1.2261171,168.8256371,23,2026-07-17,2026-07-19,0.5534759,207,25.7461786076456
139990304,148911521,248,52682,679,0.365243,0.0046693,1.2259305,202.2953189,6,2026-04-24,2026-04-29,0.365243,248,16.9901011285086
142327375,148033204,257,172734,709,0.3624824,0.001484,1.2254884,209.7123136,17,2026-04-19,2026-04-19,0.3624824,257,16.8616855991887
151378947,151598001,182,16071,313,0.5814696,0.0112332,1.2251196,148.5569209,5,2026-06-16,2026-06-16,0.5814696,182,27.0483686399286
137732506,145846574,177,435,484046,0.4068966,0.0003655,1.2250893,144.4792653,7,2026-05-01,2026-05-31,0.4068966,177,18.9277121884507
142327375,149221590,427,172734,1189,0.3591253,0.0024612,1.2250837,348.5476257,17,2026-04-27,2026-04-29,0.3591253,427,16.7055225283057
145846574,146358160,487,484046,978,0.497955,0.0010051,1.2250224,397.543763,16,2026-04-08,2026-04-12,0.497955,487,23.1634988417204
145846574,152533220,200,484046,374,0.5347594,0.000413,1.2245706,163.3225556,11,2026-07-09,2026-07-12,0.5347594,200,24.8755384372064
115295631,126328923,180,27691,369,0.4878049,0.0064562,1.2241037,147.0463658,5,2026-03-23,2026-03-23,0.4878049,180,22.6913440695154
145846574,151367041,310,484046,539,0.5751391,0.0006401,1.2240873,253.2499117,20,2026-07-09,2026-07-25,0.5751391,310,26.7538911682343
123591261,149592973,514,353875,1171,0.4389411,0.0014498,1.224037,419.9219335,3,2026-05-05,2026-05-18,0.4389411,514,20.4183343101957
145846574,152848992,469,484046,1112,0.4217626,0.0009676,1.2240168,383.1646625,28,2026-07-11,2026-07-18,0.4217626,469,19.6192376752537
148370408,148717786,333,60338,956,0.3483264,0.0054625,1.223708,272.123745,17,2026-04-17,2026-04-18,0.3483264,333,16.2031873621926
145846574,148451685,198,484046,555,0.3567568,0.0004088,1.2231168,161.8815113,26,2026-04-10,2026-04-24,0.3567568,198,16.5953464139849
145846574,152639433,221,484046,517,0.4274662,0.0004563,1.2223397,180.8008065,16,2026-07-06,2026-07-12,0.4274662,221,19.8845534808861
142007350,145846574,468,1211,484046,0.3864575,0.0009654,1.2219678,382.9888085,26,2026-07-08,2026-07-26,0.3864575,468,17.9769413975644
141007943,142327375,257,642,172734,0.4003115,0.0014845,1.2219656,210.3168882,17,2026-04-12,2026-04-14,0.4003115,257,18.6213914240792
145846574,149468676,284,484046,399,0.7117794,0.0005866,1.2218204,232.4400497,5,2026-05-02,2026-05-02,0.7117794,284,33.1100226073851
145846574,149270027,515,484046,1005,0.5124378,0.0010629,1.2212409,421.7022309,7,2026-04-28,2026-05-03,0.5124378,515,23.8371989170783
145846574,153067781,208,484046,384,0.5416667,0.0004296,1.2211559,170.3304256,15,2026-07-16,2026-07-21,0.5416667,208,25.1968470605748
145846574,153245069,775,484046,2019,0.3838534,0.001597,1.2202124,635.1353471,9,2026-07-20,2026-07-29,0.3838534,775,17.855805818378
145846574,152764046,362,484046,832,0.4350962,0.0007471,1.2198907,296.7478889,27,2026-07-09,2026-07-15,0.4350962,362,20.2394801231777
145846574,148415646,218,484046,303,0.7194719,0.0004503,1.2193822,178.7790614,13,2026-04-09,2026-04-30,0.7194719,218,33.4678565780048
145846574,152766248,251,484046,442,0.5678733,0.0005183,1.2192362,205.866588,28,2026-07-09,2026-07-09,0.5678733,251,26.415906109576
145846574,152260253,745,484046,2132,0.3494371,0.0015347,1.2190638,611.1247048,25,2026-07-04,2026-07-29,0.3494371,745,16.2548540753766
123591261,147408206,804,353875,1736,0.4631336,0.002266,1.2182377,659.9697408,5,2026-04-30,2026-04-30,0.4631336,804,21.5437029594277
147714615,148426135,719,50745,1103,0.6518586,0.0140625,1.2173565,590.6240301,5,2026-04-16,2026-04-21,0.6518586,719,30.3226715788886
121732938,148270287,209,110007,597,0.3500838,0.0018932,1.2172653,171.6963361,29,2026-04-06,2026-04-06,0.3500838,209,16.2849367830528
145846574,152765662,188,484046,329,0.5714286,0.0003883,1.2172355,154.4483332,28,2026-07-09,2026-07-09,0.5714286,188,26.581288900053
142327375,148431767,198,172734,406,0.4876847,0.0011449,1.2169743,162.6985864,17,2026-04-11,2026-04-27,0.4876847,198,22.6857526956748
114047529,148484465,895,1357,48832,0.6595431,0.0181564,1.2167169,735.5860966,10,2026-05-10,2026-05-10,0.6595431,895,30.6801334114823
145846574,149063793,197,484046,502,0.3924303,0.0004067,1.2165283,161.9362287,10,2026-05-02,2026-05-04,0.3924303,197,18.2547796477714
142327375,147246092,175,172734,424,0.4127358,0.0010117,1.2165066,143.8545412,11,2026-03-22,2026-04-19,0.4127358,175,19.1993357336236
145846574,146074865,501,484046,1372,0.3651603,0.0010332,1.2160304,411.9962842,28,2026-04-09,2026-07-28,0.3651603,501,16.9862541516649
138903869,145846574,181,476,484046,0.3802521,0.0003737,1.2153476,148.9285859,10,2026-04-06,2026-05-18,0.3802521,181,17.6882832342516
145846574,153153503,413,484046,864,0.4780093,0.0008524,1.2153425,339.8219037,28,2026-07-18,2026-07-26,0.4780093,413,22.2356796635872
123591261,148256214,283,353875,687,0.411936,0.0007988,1.2151553,232.8920346,8,2026-04-08,2026-04-22,0.411936,283,19.1621312344749
145846574,147628687,231,484046,494,0.4676113,0.000477,1.2150279,190.1190844,11,2026-04-08,2026-07-19,0.4676113,231,21.7519932643017
148370408,148786436,179,60338,507,0.3530572,0.0029506,1.214879,147.3397704,17,2026-04-17,2026-04-18,0.3530572,179,16.4232511838641
145846574,98746838,287,484046,568,0.5052817,0.0005926,1.2143667,236.3371729,15,2026-04-08,2026-05-13,0.5052817,287,23.5043168011015
145846574,153061155,185,484046,431,0.4292343,0.000382,1.2143537,152.3444158,12,2026-07-15,2026-07-21,0.4292343,185,19.966800636356
145846574,152990244,263,484046,472,0.5572034,0.0005431,1.2141387,216.6144618,16,2026-07-15,2026-07-21,0.5572034,263,25.9195716691321
145846574,153209389,186,484046,403,0.4615385,0.0003841,1.2138873,153.2267457,14,2026-07-19,2026-07-22,0.4615385,186,21.4695032887698
145846574,152852830,260,484046,466,0.5579399,0.0005369,1.2135099,214.2545338,27,2026-07-11,2026-07-11,0.5579399,260,25.9538316261501
129348312,148370408,309,841,60338,0.3674197,0.0050764,1.213435,254.6489917,11,2026-04-10,2026-04-18,0.3674197,309,17.0913552336562
110542958,145846574,369,847,484046,0.4356553,0.0007616,1.2131227,304.1736845,20,2026-07-15,2026-07-22,0.4356553,369,20.2654879194693
151378947,151595112,223,16071,595,0.3747899,0.013562,1.2126556,183.8939206,6,2026-06-16,2026-06-17,0.3747899,223,17.4341966935536
142327375,53005987,211,172734,525,0.4019048,0.0012193,1.2121852,174.0658098,16,2026-04-12,2026-04-19,0.4019048,211,18.6955073636812
123591261,149354581,386,353875,992,0.3891129,0.0010889,1.2116165,318.5826424,3,2026-04-30,2026-05-05,0.3891129,386,18.1004633118424
145846574,152719286,332,484046,860,0.3860465,0.0006851,1.2115199,274.0359361,12,2026-07-08,2026-07-27,0.3860465,332,17.9578228064789
129294270,142327375,632,1713,172734,0.3689434,0.003636,1.2112195,521.7881519,4,2026-03-22,2026-04-20,0.3689434,632,17.162233572432
145846574,152908721,208,484046,439,0.4738041,0.0004295,1.2106397,171.8099914,19,2026-07-12,2026-07-21,0.4738041,208,22.0400653102236
115028593,142327375,287,764,172734,0.3756545,0.0016569,1.2102264,237.1457032,17,2026-04-12,2026-04-19,0.3756545,287,17.4744155107129
145846574,152733208,358,484046,723,0.4951591,0.000739,1.2099946,295.8690994,28,2026-07-08,2026-07-12,0.4951591,358,23.0334412533609
66228851,93597181,343,110377,592,0.5793919,0.0031005,1.2099297,283.4875435,14,2026-05-06,2026-05-06,0.5793919,343,26.9517197428526
145846574,148130867,304,484046,722,0.4210526,0.0006275,1.2097812,251.2850981,1,2026-04-10,2026-05-14,0.4210526,304,19.5862104254468
145846574,148438619,194,484046,549,0.3533698,0.0004005,1.209526,160.3934068,10,2026-04-09,2026-05-18,0.3533698,194,16.4377924772298
142327375,144399291,406,172734,1040,0.3903846,0.0023418,1.2094889,335.6789934,7,2026-03-26,2026-04-14,0.3903846,406,18.1596193027994
119554425,142327375,377,929,172734,0.4058127,0.0021756,1.2093903,311.7273102,16,2026-04-11,2026-04-12,0.4058127,377,18.8772921376539
145846574,149653650,318,484046,835,0.3808383,0.0006563,1.2093346,262.9545174,10,2026-05-06,2026-05-08,0.3808383,318,17.7155516481063
148729820,148990019,182,38069,343,0.5306122,0.0047607,1.2092161,150.5107343,12,2026-04-22,2026-04-23,0.5306122,182,24.6826220845312
145846574,152846164,401,484046,1054,0.3804554,0.0008273,1.2091767,331.6306103,12,2026-07-11,2026-07-26,0.3804554,401,17.6977401918372
145846574,152711089,167,484046,342,0.4883041,0.0003449,1.2082512,138.216296,15,2026-07-07,2026-07-12,0.4883041,167,22.7145654823374
119367469,123591261,553,1350,353875,0.4096296,0.0015592,1.2075263,457.9610313,4,2026-04-25,2026-05-06,0.4096296,553,19.0548438415808
145846574,148313437,344,484046,966,0.3561077,0.0007098,1.2065355,285.1138632,14,2026-04-07,2026-04-21,0.3561077,344,16.5651520649009
141976879,145846574,495,1105,484046,0.4479638,0.0010213,1.2064247,410.3032787,27,2026-06-26,2026-07-27,0.4479638,495,20.8380455310875
130446087,145846574,639,1842,484046,0.3469055,0.0013168,1.2059968,529.8521438,28,2026-07-08,2026-07-29,0.3469055,639,16.1370909970508
142327375,148492538,199,172734,345,0.5768116,0.0011511,1.2058878,165.0236439,4,2026-04-12,2026-04-13,0.5768116,199,26.8316912742936
142327375,148249329,175,172734,407,0.4299754,0.0010118,1.2048454,145.2468556,10,2026-04-05,2026-04-05,0.4299754,175,20.001274572739
145846574,151938161,249,484046,689,0.3613933,0.0005139,1.2045273,206.7200943,22,2026-07-05,2026-07-29,0.3613933,249,16.811023658675
144714518,147426077,409,12714,1131,0.3616269,0.0304406,1.2044663,339.5694868,4,2026-03-22,2026-03-22,0.3616269,409,16.821890089034
142668385,149693393,552,91047,1585,0.348265,0.0059948,1.2035847,458.629951,11,2026-05-15,2026-06-02,0.348265,552,16.2003312028431
132048223,145846574,383,815,484046,0.4699387,0.0007905,1.2031324,318.3357091,11,2026-04-26,2026-05-29,0.4699387,383,21.860257519514
142327375,147575623,560,172734,1086,0.5156538,0.0032321,1.2028384,465.5654491,12,2026-04-28,2026-04-29,0.5156538,560,23.9867984035279
122765300,145846574,430,1017,484046,0.4228122,0.0008873,1.2026839,357.5336689,9,2026-04-11,2026-05-17,0.4228122,430,19.6680621842641
145846574,148379062,333,484046,939,0.3546326,0.0006871,1.2022425,276.9823859,27,2026-04-08,2026-05-05,0.3546326,333,16.4965344646329
145846574,150166213,238,484046,629,0.3783784,0.0004913,1.2017859,198.0386,6,2026-05-17,2026-05-19,0.3783784,238,17.6011238568385
145846574,149509548,244,484046,506,0.4822134,0.0005038,1.2015945,203.0635098,6,2026-05-03,2026-05-12,0.4822134,244,22.4312428479723
145846574,153105798,351,484046,780,0.45,0.0007245,1.201254,292.194651,27,2026-07-16,2026-07-26,0.45,351,20.9327639621536
123591261,126867868,504,353875,726,0.6942149,0.0014233,1.2006097,419.7867301,6,2026-04-29,2026-04-30,0.6942149,504,32.292970312689
145846574,152554791,799,484046,2261,0.3533835,0.0016457,1.2004026,665.6100395,21,2026-07-04,2026-07-12,0.3533835,799,16.4384297635993
145846574,148719812,242,484046,409,0.591687,0.0004998,1.2002159,201.6303828,6,2026-04-23,2026-05-03,0.591687,242,27.5236540232772
149572620,66228851,234,626,110377,0.3738019,0.0021125,1.2001827,194.9703224,17,2026-05-05,2026-05-06,0.3738019,234,17.3882376473434
145846574,6127020,274,484046,744,0.3682796,0.0005655,1.199854,228.3611237,6,2026-04-11,2026-07-27,0.3682796,274,17.1313554197252
114537654,145846574,170,456,484046,0.372807,0.000351,1.1997694,141.6938897,4,2026-04-06,2026-04-08,0.372807,170,17.3419576320857
145846574,145919898,189,484046,500,0.378,0.0003902,1.199327,157.588378,14,2026-07-08,2026-07-14,0.378,189,17.583521728209
128928341,145846574,272,508,484046,0.5354331,0.0005617,1.1991937,226.8190772,20,2026-04-16,2026-07-29,0.5354331,272,24.9068771107204
145846574,149453395,225,484046,560,0.4017857,0.0004645,1.1987913,187.689051,3,2026-05-02,2026-05-17,0.4017857,225,18.6899671588192
117423107,145846574,469,1304,484046,0.3596626,0.0009672,1.1987006,391.2570072,29,2026-06-26,2026-07-29,0.3596626,469,16.7305162484766
145846574,152883452,174,484046,454,0.3832599,0.0003593,1.1986576,145.1623887,20,2026-07-11,2026-07-16,0.3832599,174,17.8281978285746
123591261,149836191,1115,353875,2717,0.4103791,0.0031366,1.1985767,930.2700666,6,2026-05-12,2026-05-20,0.4103791,1115,19.0897085228911
122065668,145846574,377,756,484046,0.4986772,0.0007782,1.1980687,314.6730972,28,2026-07-11,2026-07-14,0.4986772,377,23.197093602017
148370408,148774661,281,60338,303,0.9273927,0.0046554,1.1980277,234.5521707,16,2026-04-17,2026-04-18,0.9273927,281,43.1397610873873
142327375,146260356,375,172734,594,0.6313131,0.0021682,1.1977876,313.0772111,13,2026-04-12,2026-04-28,0.6313131,375,29.3669513522565
119844686,145846574,181,504,484046,0.359127,0.0003737,1.197648,151.1295519,17,2026-04-06,2026-05-31,0.359127,181,16.7056016076363
133632832,145846574,203,396,484046,0.5126263,0.0004192,1.1974432,169.5278755,14,2026-07-09,2026-07-25,0.5126263,203,23.8459674193158
145846574,148421475,245,484046,694,0.3530259,0.0005057,1.1969099,204.6937639,11,2026-04-09,2026-06-27,0.3530259,245,16.4217951938374
145846574,148494419,248,484046,674,0.3679525,0.0005119,1.1965346,207.2652166,8,2026-04-10,2026-05-25,0.3679525,248,17.1161396261874
142327375,148591206,426,172734,1015,0.4197044,0.0024578,1.196476,356.0455935,12,2026-04-13,2026-04-29,0.4197044,426,19.5234958646162
143053908,148798931,490,596,60235,0.8221477,0.0081205,1.1956829,409.8076517,14,2026-05-08,2026-05-10,0.8221477,490,38.2440527691721
145438335,148798931,289,535,60235,0.5401869,0.0047784,1.1956148,241.7166521,5,2026-05-08,2026-05-10,0.5401869,289,25.1280108292166
147714615,148798698,733,50745,974,0.7525667,0.0143765,1.1955023,613.1313816,5,2026-04-17,2026-04-21,0.7525667,733,35.0073357708374
123591261,146473313,199,353875,446,0.4461883,0.000562,1.1954052,166.4707556,9,2026-04-30,2026-08-06,0.4461883,199,20.7554541479435
142327375,149225906,413,172734,778,0.5308483,0.0023859,1.1949853,345.6109366,16,2026-04-27,2026-04-29,0.5308483,413,24.6936048080233
145723838,147714615,178,496,50745,0.358871,0.0034859,1.1948156,148.9769598,7,2026-04-15,2026-04-21,0.358871,178,16.6936931908045
145846574,65659200,183,484046,475,0.3852632,0.0003778,1.1947814,153.1660937,10,2026-04-16,2026-04-18,0.3852632,183,17.9213858420088
145846574,152541993,392,484046,880,0.4454545,0.000809,1.1942953,328.2270361,15,2026-07-04,2026-07-28,0.4454545,392,20.7213197875092
151378947,151392488,247,16071,710,0.3478873,0.0149389,1.1942798,206.819208,6,2026-06-15,2026-06-17,0.3478873,247,16.1827616362909
136237025,145846574,178,417,484046,0.4268585,0.0003676,1.194161,149.0586251,14,2026-04-10,2026-07-14,0.4268585,178,19.8562849460865
142327375,145271249,179,172734,508,0.3523622,0.0010343,1.1931159,150.0273396,12,2026-04-04,2026-04-06,0.3523622,179,16.3909216928559
129073805,145846574,634,1593,484046,0.3979912,0.0013072,1.1927698,531.5359148,29,2026-07-04,2026-07-12,0.3979912,634,18.513457441365
145690091,145846574,178,446,484046,0.3991031,0.0003675,1.1914764,149.3944881,16,2026-04-16,2026-07-20,0.3991031,178,18.5651799752528
141135177,148370408,227,378,60338,0.6005291,0.0037527,1.1908293,190.6234548,17,2026-04-16,2026-04-18,0.6005291,227,27.9349642282323
142327375,148430232,359,172734,803,0.4470735,0.002073,1.1904479,301.5671707,5,2026-04-12,2026-04-28,0.4470735,359,20.7966312205197
129267276,147714615,348,988,50745,0.3522267,0.0067724,1.1903576,292.3491244,5,2026-04-17,2026-04-22,0.3522267,348,16.3846186050406
121732938,147064028,353,110007,933,0.3783494,0.0031921,1.1903565,296.5498145,4,2026-03-22,2026-04-17,0.3783494,353,17.5997748564943
119367469,145846574,770,1350,484046,0.5703704,0.0015889,1.1899497,647.0861749,4,2026-04-25,2026-07-12,0.5703704,770,26.5320643426647
145846574,150154175,225,484046,557,0.4039497,0.0004645,1.1899105,189.0898561,10,2026-06-19,2026-07-25,0.4039497,225,18.7906304948505
142327375,145522566,208,172734,366,0.568306,0.0012031,1.1897794,174.822322,16,2026-04-13,2026-04-14,0.568306,208,26.436034125057
145846574,152404430,178,484046,475,0.3747368,0.0003675,1.1896432,149.6246959,23,2026-07-12,2026-07-20,0.3747368,178,17.4317266274061
145846574,148122602,298,484046,817,0.3647491,0.000615,1.1894753,250.5306419,5,2026-04-08,2026-05-06,0.3647491,298,16.9671262571288
142327375,147631686,247,172734,474,0.521097,0.0014281,1.1892865,207.6875446,12,2026-04-12,2026-04-13,0.521097,247,24.2400011164141
145846574,146693736,171,484046,409,0.4180929,0.0003531,1.1892127,143.7926061,13,2026-04-07,2026-04-10,0.4180929,171,19.4485333110051
132795399,145846574,539,1463,484046,0.3684211,0.0011114,1.1882717,453.5999461,21,2026-07-03,2026-07-20,0.3684211,539,17.1379376110599
145846574,149411341,331,484046,408,0.8112745,0.0006837,1.1882254,278.5666808,3,2026-05-01,2026-05-11,0.8112745,331,37.7382613711426
148370408,148726546,503,60338,1330,0.3781955,0.0082237,1.1879698,423.4114331,16,2026-04-17,2026-04-18,0.3781955,503,17.5926158512192
145846574,152737755,188,484046,465,0.4043011,0.0003882,1.1874809,158.3183329,10,2026-07-08,2026-07-12,0.4043011,188,18.8069766576423
149619375,66228851,230,419,110377,0.548926,0.0020802,1.187418,193.6975872,17,2026-05-06,2026-05-06,0.548926,230,25.5345297570869
148370408,148396039,454,60338,1110,0.409009,0.0074434,1.1873628,382.3599709,17,2026-04-10,2026-04-18,0.409009,454,19.0259752342144
147714615,148549246,283,50745,738,0.3834688,0.0055273,1.1872111,238.3737728,2,2026-04-14,2026-04-21,0.3834688,283,17.8379152827784
142327375,148488610,291,172734,788,0.3692893,0.0016798,1.1871687,245.1210146,17,2026-04-12,2026-04-14,0.3692893,291,17.1783238903309
135342845,145846574,200,493,484046,0.4056795,0.0004129,1.1870634,168.4830006,21,2026-04-08,2026-04-17,0.4056795,200,18.8710960395211
145846574,149695413,233,484046,599,0.3889816,0.000481,1.187013,196.2910257,4,2026-05-14,2026-05-18,0.3889816,233,18.0943555964907
145846574,149271884,210,484046,541,0.3881701,0.0004335,1.1869636,176.9220169,11,2026-04-28,2026-07-29,0.3881701,210,18.056606845479
142327375,148209263,472,172734,1320,0.3575758,0.0027192,1.1860643,397.9548044,6,2026-04-05,2026-04-14,0.3575758,472,16.6334440443961
144450267,145846574,266,584,484046,0.4554795,0.0005492,1.1858915,224.3038314,10,2026-04-08,2026-04-10,0.4554795,266,21.1876552513327
148798931,90678312,334,60235,922,0.362256,0.0054913,1.185503,281.7369601,14,2026-04-21,2026-05-10,0.362256,334,16.8511540930531
142015356,145846574,537,1416,484046,0.3792373,0.0011074,1.1850528,453.1443545,4,2026-04-12,2026-07-09,0.3792373,537,17.6410775256543
145846574,148307050,817,484046,2318,0.352459,0.0016826,1.184997,689.4532409,28,2026-04-06,2026-04-12,0.352459,817,16.3954245629704
145846574,149273014,631,484046,1003,0.6291127,0.0013026,1.184814,532.573054,6,2026-04-28,2026-05-07,0.6291127,631,29.2645947882069
123591261,149456178,187,353875,539,0.3469388,0.0005279,1.1845272,157.8688888,4,2026-05-05,2026-05-09,0.3469388,187,16.138640021584
142327375,148605975,196,172734,496,0.3951613,0.0011327,1.1839927,165.5415587,17,2026-04-13,2026-04-29,0.3951613,196,18.381818266395
145846574,152598798,335,484046,889,0.3768279,0.0006913,1.1832889,283.1092199,13,2026-07-05,2026-07-22,0.3768279,335,17.5289988556756
143622508,145846574,581,1475,484046,0.3938983,0.0011981,1.1828539,491.1849386,5,2026-04-29,2026-06-02,0.3938983,581,18.3230669755412
148177794,148798931,385,1091,60235,0.3528873,0.0063176,1.182751,325.5122953,12,2026-05-08,2026-05-10,0.3528873,385,16.4153479025371
142327375,5788502,315,172734,898,0.3507795,0.0018175,1.1811239,266.6951303,17,2026-04-12,2026-04-13,0.3507795,315,16.3172988361383
145846574,152698389,284,484046,616,0.461039,0.0005863,1.1808727,240.5000902,28,2026-07-09,2026-07-19,0.461039,284,21.4462679207718
123591261,82959981,277,353875,457,0.6061269,0.0007824,1.1807831,234.5900854,6,2026-05-18,2026-05-19,0.6061269,277,28.1953585084708
123591261,150712021,303,353875,681,0.4449339,0.0008553,1.179975,256.7851003,10,2026-07-21,2026-07-26,0.4449339,303,20.6971029054676
147714615,148193117,359,50745,800,0.44875,0.0070136,1.1797419,304.3038595,3,2026-04-14,2026-04-19,0.44875,359,20.874617395592
149451662,66228851,631,1361,110377,0.4636297,0.0056792,1.1796694,534.8956233,17,2026-05-04,2026-05-06,0.4636297,631,21.5667801687646
145846574,152794439,238,484046,462,0.5151515,0.0004915,1.179073,201.8534934,24,2026-07-09,2026-07-18,0.5151515,238,23.9634327872208
115295631,143780224,181,27691,346,0.5231214,0.0064977,1.1788656,153.537434,7,2026-03-23,2026-03-24,0.5231214,181,24.3341706438918
121005167,145846574,271,631,484046,0.429477,0.0005594,1.1788548,229.8841121,22,2026-05-12,2026-07-25,0.429477,271,19.9780903737196
145846574,149251439,198,484046,438,0.4520548,0.0004088,1.1788068,167.9664592,6,2026-04-28,2026-05-02,0.4520548,198,21.0283476141301
144255772,145846574,231,480,484046,0.48125,0.000477,1.1785474,196.0039896,13,2026-04-28,2026-07-20,0.48125,231,22.386428126192
148798931,149480917,296,60235,781,0.3790013,0.0048748,1.1785343,251.1594247,17,2026-05-09,2026-05-10,0.3790013,296,17.6300994538874
142327375,148315303,1292,172734,3400,0.38,0.0073895,1.1781826,1096.6042072,17,2026-04-11,2026-04-19,0.38,1292,17.6765562347075
145846574,151727741,321,484046,925,0.347027,0.0006623,1.178067,272.4802582,17,2026-07-08,2026-07-22,0.347027,321,16.1427428433206
145846574,153031119,530,484046,1382,0.3835022,0.001093,1.1780035,449.913758,20,2026-07-15,2026-07-27,0.3835022,530,17.8394689590369
145846574,149348948,1260,484046,1487,0.8473436,0.0026018,1.1772429,1070.2973764,3,2026-04-30,2026-05-03,0.8473436,1260,39.4160968303144
145846574,146886931,1496,484046,4045,0.3698393,0.0030744,1.1766486,1271.4076731,9,2026-04-16,2026-05-31,0.3698393,1496,17.203908379618
145846574,153114132,524,484046,1131,0.4633068,0.0010812,1.1765888,445.3552614,24,2026-07-17,2026-07-22,0.4633068,524,21.5517597476904
134925971,145846574,1271,3067,484046,0.4144115,0.0026161,1.1764964,1080.3263061,28,2026-07-07,2026-07-25,0.4144115,1271,19.2772846948933
145846574,149190754,1997,484046,5072,0.3937303,0.0040996,1.1759646,1698.1804193,11,2026-04-26,2026-06-02,0.3937303,1997,18.3152520769954
145846574,148739621,246,484046,510,0.4823529,0.0005079,1.1756011,209.2546501,2,2026-04-16,2026-04-16,0.4823529,246,22.4377320048006
145846574,151336314,225,484046,505,0.4455446,0.0004646,1.1753319,191.4352872,25,2026-07-14,2026-07-20,0.4455446,225,20.7255109920269
103845920,145846574,458,1276,484046,0.3589342,0.0009446,1.1751136,389.7495676,24,2026-07-09,2026-07-26,0.3589342,458,16.6966330812098
145846574,149993588,184,484046,461,0.3991323,0.0003799,1.1745821,156.6514547,6,2026-05-13,2026-05-14,0.3991323,184,18.5665382790477
142327375,145779386,279,172734,790,0.3531646,0.0016104,1.1744167,237.5647507,17,2026-03-23,2026-04-29,0.3531646,279,16.4282471368631
109142939,66228851,636,1255,110377,0.5067729,0.0057299,1.1743213,541.5894295,10,2026-05-03,2026-05-06,0.5067729,636,23.5736833291468
149425017,66228851,213,321,110377,0.6635514,0.0019279,1.1737416,181.4709521,6,2026-05-04,2026-05-04,0.6635514,213,30.8665885176812
135833314,145846574,209,497,484046,0.4205231,0.0004315,1.1732103,178.1436769,17,2026-04-29,2026-07-19,0.4205231,209,19.5615795398513
140031438,145846574,1296,3366,484046,0.3850267,0.002666,1.1730503,1104.8119607,28,2026-07-08,2026-07-29,0.3850267,1296,17.9103845116154
149115409,66228851,233,301,110377,0.7740864,0.0021096,1.1729917,198.6373851,10,2026-05-04,2026-05-06,0.7740864,233,36.0083731055849
145846574,81142611,343,484046,873,0.3928981,0.0007078,1.1725803,292.5172731,16,2026-04-07,2026-07-21,0.3928981,343,18.2765404188413
142327375,145860077,1266,172734,1665,0.7603604,0.0073123,1.1718511,1080.341996,17,2026-04-12,2026-04-12,0.7603604,1266,35.3698772874859
148798931,149740153,238,60235,585,0.4068376,0.0039286,1.1716339,203.1351238,16,2026-05-08,2026-05-10,0.4068376,238,18.924967670509
142668385,150235453,313,91047,848,0.3691038,0.0034177,1.1710937,267.2715207,12,2026-05-18,2026-05-18,0.3691038,313,17.1696949398532
123591261,153346132,487,353875,1296,0.3757716,0.0013731,1.1707595,415.9692953,13,2026-07-22,2026-07-30,0.3757716,487,17.4798626810684
145846574,152762710,429,484046,999,0.4294294,0.0008852,1.1692924,366.8885659,26,2026-07-09,2026-07-21,0.4294294,429,19.9758761524649
145846574,76081122,252,484046,400,0.63,0.0005205,1.1688675,215.5933009,9,2026-04-08,2026-04-10,0.63,252,29.305869547015
133058101,148370408,372,711,60338,0.5232068,0.0061308,1.1680244,318.4865058,12,2026-04-16,2026-04-18,0.5232068,372,24.3381432173193
153733292,19619027,178,413,86903,0.4309927,0.0020427,1.1672032,152.5012984,22,2026-08-02,2026-08-04,0.4309927,178,20.0485965744695
145846574,152862822,317,484046,875,0.3622857,0.0006541,1.1670852,271.6168404,14,2026-07-11,2026-07-21,0.3622857,317,16.8525356554746
121732938,147550448,185,110007,441,0.4195011,0.0016778,1.1669809,158.5287292,5,2026-03-22,2026-03-24,0.4195011,185,19.5140389070306
145846574,149541805,374,484046,907,0.4123484,0.0007718,1.1661591,320.7109516,4,2026-05-04,2026-05-06,0.4123484,374,19.1813149497148
145846574,152683598,1221,484046,3490,0.3498567,0.0025107,1.1657607,1047.3847277,29,2026-07-08,2026-07-17,0.3498567,1221,16.2743727148399
145846574,152759901,227,484046,553,0.4104882,0.0004686,1.1656887,194.7346667,7,2026-07-09,2026-07-15,0.4104882,227,19.0947835552206
145846574,149546639,267,484046,604,0.442053,0.0005512,1.1652396,229.1374197,13,2026-07-12,2026-07-26,0.442053,267,20.5630913505819
145846574,153136811,493,484046,939,0.5250266,0.0010176,1.1650379,423.1622003,28,2026-07-17,2026-07-19,0.5250266,493,24.4227953147823
148798931,149617555,244,60235,379,0.6437995,0.0040417,1.1645248,209.5275236,17,2026-05-09,2026-05-10,0.6437995,244,29.9477843832277
145846574,148270158,240,484046,639,0.3755869,0.0004954,1.164074,206.1724576,15,2026-04-06,2026-04-17,0.3755869,240,17.4712709443933
131821397,145846574,224,529,484046,0.4234405,0.0004625,1.1637269,192.4850175,26,2026-07-09,2026-07-18,0.4234405,224,19.6972889744806
142327375,148533240,359,172734,484,0.7417355,0.0020768,1.1630952,308.6591587,12,2026-04-12,2026-04-14,0.7417355,359,34.5034980974443
145846574,148458960,202,484046,532,0.3796992,0.000417,1.1629514,173.695992,28,2026-04-10,2026-04-11,0.3796992,202,17.6625638449301
149566919,66228851,687,1200,110377,0.5725,0.0061953,1.1625902,590.9218784,16,2026-05-05,2026-05-06,0.5725,687,26.6311274851843
144158286,145846574,184,400,484046,0.46,0.00038,1.1625648,158.2707475,11,2026-04-08,2026-04-09,0.46,184,21.3979364946459
145846574,152698897,372,484046,861,0.4320557,0.0007677,1.1624009,320.0272745,13,2026-07-08,2026-07-12,0.4320557,372,20.0980444146734
145846574,149405127,220,484046,350,0.6285714,0.0004544,1.162112,189.3104971,6,2026-05-02,2026-05-13,0.6285714,220,29.2394149990231
147714615,148774112,532,50745,1402,0.3794579,0.0103071,1.1620437,457.8141263,5,2026-04-17,2026-04-23,0.3794579,532,17.651339231721
114458559,147714615,343,864,50745,0.3969907,0.0066906,1.1619582,295.1913395,5,2026-04-15,2026-04-20,0.3969907,343,18.4669169294891
145846574,148604599,204,484046,495,0.4121212,0.0004212,1.1618085,175.5883248,14,2026-07-11,2026-07-25,0.4121212,204,19.1707462297766
145846574,148252937,198,484046,540,0.3666667,0.0004088,1.1617858,170.4272902,13,2026-04-08,2026-04-19,0.3666667,198,17.0563277419595
145846574,153135571,636,484046,1795,0.3543175,0.0013108,1.1614381,547.5969841,24,2026-07-18,2026-07-22,0.3543175,636,16.4818768781341
145846574,148732697,287,484046,631,0.4548336,0.0005925,1.1610892,247.1816921,9,2026-04-16,2026-04-16,0.4548336,287,21.157609757459
149212703,150282495,361,1012,10490,0.3567194,0.0324028,1.1602869,311.1299383,6,2026-05-20,2026-05-20,0.3567194,361,16.5936066687134
145846574,152682369,254,484046,570,0.445614,0.0005244,1.1601972,218.9283044,22,2026-07-09,2026-07-25,0.445614,254,20.7287392894024
115848237,142327375,224,574,172734,0.3902439,0.0012942,1.1597094,193.1518327,15,2026-04-12,2026-04-29,0.3902439,224,18.1530743252672
145846574,149268408,790,484046,2202,0.3587648,0.0016273,1.1595256,681.3130954,16,2026-04-28,2026-05-01,0.3587648,790,16.6887530585094
123591261,149200229,200,353875,554,0.3610108,0.0005646,1.158555,172.6288305,6,2026-05-16,2026-05-17,0.3610108,200,16.7932308093072
123591261,149274336,237,353875,414,0.5724638,0.0006694,1.1583528,204.6008699,3,2026-04-28,2026-04-30,0.5724638,237,26.6294435606166
145846574,152929912,497,484046,1128,0.4406028,0.0010254,1.1583,429.0771037,26,2026-07-13,2026-07-20,0.4406028,497,20.4956320299199
145846574,153228585,203,484046,470,0.4319149,0.0004192,1.158237,175.2663756,16,2026-07-19,2026-07-21,0.4319149,203,20.0914947854159
131499886,145846574,1238,3205,484046,0.3862715,0.0025473,1.1579636,1069.1182707,14,2026-04-12,2026-07-27,0.3862715,1238,17.96828918846
123591261,147780268,241,353875,678,0.3554572,0.0006802,1.1577193,208.1679113,11,2026-04-07,2026-05-13,0.3554572,241,16.5348925916622
149584181,66228851,480,1006,110377,0.4771372,0.0043281,1.1574774,414.6949392,15,2026-05-05,2026-05-06,0.4771372,480,22.1951119670286
112392795,123591261,211,542,353875,0.3892989,0.0005957,1.1569609,182.3743491,10,2026-05-16,2026-07-18,0.3892989,211,18.1091155209467
149060404,66228851,285,768,110377,0.3710938,0.0025708,1.1567382,246.3824589,13,2026-05-04,2026-05-06,0.3710938,285,17.2622642738192
145846574,148969909,167,484046,435,0.383908,0.0003448,1.1566085,144.3876604,3,2026-04-21,2026-05-04,0.383908,167,17.8583456604054
142327375,148243443,195,172734,460,0.423913,0.0011272,1.1562827,168.6438779,13,2026-04-05,2026-04-14,0.423913,195,19.7192683766409
142327375,148409908,328,172734,911,0.3600439,0.0018925,1.1560388,283.7274958,15,2026-04-12,2026-04-28,0.3600439,328,16.7482532771405
147714615,148774912,224,50745,407,0.5503686,0.0043984,1.1558951,193.789217,5,2026-04-17,2026-04-19,0.5503686,224,25.6016355466242
142327375,148846309,267,172734,676,0.3949704,0.0015421,1.1557943,231.0099606,17,2026-04-19,2026-04-19,0.3949704,267,18.3729381227497
124341966,142327375,276,681,172734,0.4052863,0.0015941,1.1552096,238.9176867,16,2026-04-11,2026-04-14,0.4052863,276,18.8528054555435
148370408,148781324,218,60338,325,0.6707692,0.0036066,1.155064,188.7341253,12,2026-04-17,2026-04-18,0.6707692,218,31.2023407481835
145846574,148578731,254,484046,543,0.4677716,0.0005244,1.1545189,220.0050548,4,2026-05-01,2026-05-07,0.4677716,254,21.7594499799976
123591261,143372444,402,353875,1069,0.3760524,0.0011339,1.154082,348.3287911,8,2026-04-18,2026-05-20,0.3760524,402,17.4929247257808
142327375,147964186,311,172734,846,0.3676123,0.0017949,1.1540104,269.4949609,15,2026-03-30,2026-03-30,0.3676123,311,17.100314456632
145846574,152250503,204,484046,385,0.5298701,0.0004213,1.1540047,176.7757169,13,2026-07-09,2026-07-14,0.5298701,204,24.6481016308949
145846574,152706663,182,484046,507,0.3589744,0.0003757,1.1538503,157.7327684,26,2026-07-12,2026-07-22,0.3589744,182,16.6985030747904
123591261,144450267,225,353875,584,0.385274,0.0006352,1.1538088,195.0063095,10,2026-04-07,2026-04-10,0.385274,225,17.9218882283439
140061643,145846574,192,473,484046,0.4059197,0.0003964,1.1537128,166.4192405,18,2026-07-16,2026-07-20,0.4059197,192,18.8822694837515
145846574,152885462,652,484046,1373,0.4748725,0.001345,1.1531773,565.3944227,18,2026-07-15,2026-07-20,0.4748725,652,22.089764343595
147270399,148798931,171,434,60235,0.3940092,0.0028265,1.1530551,148.3016672,9,2026-05-09,2026-05-10,0.3940092,171,18.3282257389266
153768779,19619027,215,382,86903,0.5628272,0.0024693,1.1528704,186.4910438,17,2026-08-02,2026-08-02,0.5628272,215,26.1811753979551
142327375,148558420,499,172734,757,0.659181,0.0028845,1.1525686,432.9460216,12,2026-04-12,2026-04-14,0.659181,499,30.6632895140808
145846574,153074526,291,484046,600,0.485,0.0006008,1.1523309,252.5316261,21,2026-07-16,2026-07-22,0.485,291,22.5608678258766
142327375,148333858,168,172734,353,0.4759207,0.0009716,1.1523193,145.7929278,11,2026-04-12,2026-04-19,0.4759207,168,22.1385237284509
148569413,148729820,511,1427,38069,0.3580939,0.0131076,1.151959,443.5921947,9,2026-04-22,2026-04-24,0.3580939,511,16.6575446333045
152877385,19619027,680,1927,86903,0.3528801,0.0077141,1.15184,590.3597956,29,2026-07-25,2026-08-03,0.3528801,680,16.4150129783137
148370408,148385810,879,60338,2202,0.3991826,0.0142554,1.1518242,763.1372797,10,2026-04-17,2026-04-18,0.3991826,879,18.5688780968861
148729820,148993770,174,38069,336,0.5178571,0.0045513,1.1510047,151.1722766,10,2026-04-22,2026-04-24,0.5178571,174,24.0892898676119
145846574,151467998,557,484046,1361,0.4092579,0.0011488,1.1504161,484.1726522,15,2026-07-08,2026-07-28,0.4092579,557,19.0375533785481
145846574,152808015,227,484046,574,0.3954704,0.0004686,1.1503826,197.3256563,20,2026-07-10,2026-07-20,0.3954704,227,18.3961967493743
145846574,150280313,259,484046,728,0.3557692,0.0005346,1.1502146,225.1753699,26,2026-06-26,2026-07-22,0.3557692,259,16.549405974676
153743751,19619027,339,749,86903,0.4526035,0.0038826,1.1499033,294.807409,13,2026-08-02,2026-08-03,0.4526035,339,21.0538716309879
145846574,152857426,205,484046,345,0.5942029,0.0004234,1.1493927,178.3550605,17,2026-07-11,2026-07-13,0.5942029,205,27.640686780727
145846574,153120026,202,484046,398,0.5075377,0.0004171,1.1491055,175.7889066,7,2026-07-17,2026-07-21,0.5075377,202,23.6092597244318
142327375,144591993,551,172734,964,0.5715768,0.0031823,1.1488958,479.5909092,20,2026-04-11,2026-04-14,0.5715768,551,26.5881827569846
145367744,148484465,794,1961,48832,0.4048955,0.0158803,1.1481826,691.5276335,17,2026-05-10,2026-05-10,0.4048955,794,18.8346265129737
145846574,151477016,360,484046,957,0.3761755,0.0007428,1.1480244,313.5821818,25,2026-06-27,2026-07-26,0.3761755,360,17.4986509996558
148798931,149698577,318,60235,378,0.8412698,0.0052741,1.1478602,277.0372285,17,2026-05-09,2026-05-10,0.8412698,318,39.1335603375292
142668385,150020548,179,91047,504,0.3551587,0.001959,1.1477422,155.9583727,10,2026-05-15,2026-05-18,0.3551587,179,16.5210071915674
123591261,149577268,186,353875,322,0.5776398,0.0005254,1.147518,162.0889654,6,2026-05-05,2026-05-05,0.5776398,186,26.8702168634346
142327375,145314700,280,172734,582,0.4810997,0.0016182,1.1471842,244.0758905,16,2026-03-29,2026-04-27,0.4810997,280,22.3794365830286
142257375,148484465,201,389,48832,0.5167095,0.0041004,1.1470959,175.2251113,13,2026-05-10,2026-05-10,0.5167095,201,24.0359066677831
145846574,152867056,361,484046,666,0.542042,0.0007453,1.1465881,314.8471447,11,2026-07-11,2026-07-28,0.542042,361,25.2143049857192
145846574,68852780,403,484046,821,0.4908648,0.0008318,1.1463826,351.5405904,26,2026-04-28,2026-07-16,0.4908648,403,22.8336822127327
123591261,147858016,273,353875,670,0.4074627,0.0007706,1.1463629,238.1444834,9,2026-03-31,2026-05-14,0.4074627,273,18.9540456055151
148484465,149778323,177,48832,481,0.3679834,0.0036022,1.1453112,154.5431546,13,2026-05-10,2026-05-10,0.3679834,177,17.1175770093128
123591261,153110401,403,353875,922,0.4370933,0.0011372,1.1450291,351.9561234,4,2026-07-17,2026-07-31,0.4370933,403,20.3323797296417
134520028,145846574,342,886,484046,0.3860045,0.0007058,1.1449296,298.7083098,15,2026-04-09,2026-07-27,0.3860045,342,17.9558690818425
123591261,152250331,255,353875,489,0.5214724,0.0007201,1.1448125,222.7438955,10,2026-07-18,2026-07-24,0.5214724,255,24.2574636932838
145943582,148370408,210,336,60338,0.625,0.0034731,1.1446905,183.45571,17,2026-04-17,2026-04-18,0.625,210,29.0732832807688
145846574,148403240,1290,484046,2433,0.5302096,0.0026588,1.1438828,1127.7379597,29,2026-04-09,2026-04-09,0.5302096,1290,24.663894238373
148370408,148790434,488,60338,869,0.561565,0.008037,1.1436922,426.6882136,17,2026-04-17,2026-04-18,0.561565,488,26.1224613209039
149513709,66228851,207,442,110377,0.4683258,0.0018714,1.1434177,181.0361969,12,2026-05-04,2026-05-05,0.4683258,207,21.7852298417483
145846574,148256214,324,484046,687,0.4716157,0.0006689,1.1428864,283.4927416,7,2026-04-08,2026-04-16,0.4716157,324,21.9382669532129
145846574,152223666,525,484046,1207,0.4349627,0.0010831,1.1427061,459.4357136,7,2026-07-08,2026-07-24,0.4349627,525,20.2332700698689
145846574,147644447,214,484046,454,0.4713656,0.0004419,1.1423441,187.3340949,10,2026-04-08,2026-04-09,0.4713656,214,21.9266329881753
145846574,149171004,311,484046,512,0.6074219,0.0006422,1.1420961,272.3063244,6,2026-04-29,2026-05-03,0.6074219,311,28.2555983514285
123591261,153183083,176,353875,384,0.4583333,0.0004971,1.1419465,154.1228087,4,2026-07-18,2026-07-25,0.4583333,176,21.3204061886554
145846574,152474539,375,484046,1017,0.3687316,0.0007737,1.1415422,328.5029658,16,2026-07-08,2026-07-28,0.3687316,375,17.1523812181938
137595951,142327375,388,1034,172734,0.3752418,0.0022379,1.1407218,340.1355198,14,2026-04-13,2026-04-30,0.3752418,388,17.455217840297
145846574,148225606,178,484046,433,0.4110855,0.0003675,1.1406832,156.0468256,12,2026-07-14,2026-07-20,0.4110855,178,19.1225683105864
145846574,148309994,203,484046,515,0.3941748,0.0004191,1.1402471,178.0315862,12,2026-04-06,2026-04-16,0.3941748,203,18.3359289960646
141676831,145846574,302,860,484046,0.3511628,0.0006232,1.1402463,264.8550593,24,2026-05-12,2026-07-28,0.3511628,302,16.3351288993088
145846574,152890941,470,484046,987,0.4761905,0.0009699,1.1397026,412.3882861,25,2026-07-12,2026-07-20,0.4761905,470,22.1510740833775
149513926,66228851,186,372,110377,0.5,0.0016823,1.1389657,163.3060549,3,2026-05-04,2026-05-06,0.5,186,23.2586266246151
121732938,148231980,191,110007,452,0.4225664,0.0017321,1.13892,167.7027315,8,2026-04-05,2026-04-07,0.4225664,191,19.6566282434155
145846574,152656687,671,484046,1578,0.4252218,0.0013836,1.1385381,589.3522453,29,2026-07-08,2026-07-19,0.4252218,671,19.7801501576935
145846574,148151808,220,484046,540,0.4074074,0.0004542,1.1382948,193.2715551,16,2026-04-08,2026-04-16,0.4074074,220,18.9514732014104
149450236,66228851,528,1021,110377,0.5171401,0.0047623,1.1378346,464.0393173,16,2026-05-04,2026-05-06,0.5171401,528,24.0559369970322
147352115,147714615,361,1006,50745,0.3588469,0.0070247,1.137624,317.3280421,6,2026-04-15,2026-04-22,0.3588469,361,16.6925721250012
145846574,152669828,224,484046,613,0.365416,0.0004624,1.1373352,196.9516143,15,2026-07-08,2026-07-14,0.365416,224,16.9981486133207
145846574,148274389,302,484046,836,0.361244,0.0006232,1.1372565,265.5513466,10,2026-04-06,2026-04-12,0.361244,302,16.8040786327649
130885769,145846574,653,1603,484046,0.4073612,0.0013464,1.1369264,574.3555726,18,2026-04-17,2026-07-20,0.4073612,653,18.9493241043103
148969909,66228851,246,435,110377,0.5655172,0.0022249,1.1364498,216.4635825,3,2026-05-04,2026-05-04,0.5655172,246,26.3063068091955
145846574,153140118,208,484046,428,0.4859813,0.0004295,1.136001,183.0984312,23,2026-07-17,2026-07-19,0.4859813,208,22.6065152064901
145846574,151721859,561,484046,1138,0.4929701,0.0011576,1.1349344,494.3016803,16,2026-07-09,2026-07-21,0.4929701,561,22.9316149859983
59336657,66228851,233,665,110377,0.3503759,0.0021027,1.134839,205.3154618,8,2026-05-04,2026-08-05,0.3503759,233,16.2985244727269
140271164,145846574,218,420,484046,0.5190476,0.0004502,1.134299,192.1891891,17,2026-07-12,2026-07-21,0.5190476,218,24.1446686576051
145846574,48768813,211,484046,463,0.4557235,0.0004357,1.1339262,186.0791324,9,2026-07-11,2026-07-26,0.4557235,211,21.1990054611255
123591261,150166213,311,353875,629,0.4944356,0.0008781,1.1338114,274.2960639,8,2026-05-17,2026-05-19,0.4944356,311,22.9997860206351
112912349,66228851,477,1304,110377,0.3657975,0.0042894,1.1336817,420.7530139,17,2026-05-05,2026-05-06,0.3657975,477,17.0158949454353
139165718,145846574,700,1242,484046,0.5636071,0.0014445,1.1336678,617.4648218,6,2026-04-25,2026-05-05,0.5636071,700,26.2174542037642
153769297,19619027,245,467,86903,0.5246253,0.0028121,1.1330273,216.2348528,8,2026-08-02,2026-08-03,0.5246253,245,24.4041279410533
145846574,148077072,168,484046,445,0.3775281,0.0003469,1.1324859,148.3462222,5,2026-04-07,2026-04-09,0.3775281,168,17.5615702364007
145846574,149228914,213,484046,579,0.3678756,0.0004397,1.1320803,188.1492047,10,2026-04-27,2026-05-05,0.3678756,213,17.1125624494125
145846574,152799805,270,484046,733,0.3683492,0.0005573,1.1318207,238.5536774,15,2026-07-10,2026-07-27,0.3683492,270,17.1345930205513
102250812,145846574,354,912,484046,0.3881579,0.0007305,1.131365,312.896374,15,2026-07-03,2026-07-20,0.3881579,354,18.0560393349893
148729820,70558249,200,38069,571,0.3502627,0.0052029,1.1312256,176.7993942,14,2026-04-22,2026-04-23,0.3502627,200,16.2932587196591
145846574,152675604,478,484046,1109,0.4310189,0.0009862,1.1310819,422.6042524,7,2026-07-08,2026-07-22,0.4310189,478,20.0498153265046
145846574,152861130,228,484046,508,0.4488189,0.0004708,1.131006,201.5904379,9,2026-07-11,2026-07-16,0.4488189,228,20.8778224343409
145846574,152813964,167,484046,333,0.5015015,0.0003449,1.1304362,147.7305799,6,2026-07-10,2026-07-27,0.5015015,167,23.3284722803688
145846574,153101180,171,484046,476,0.3592437,0.000353,1.1297224,151.3646212,17,2026-07-16,2026-07-25,0.3592437,171,16.7110301710905
142332317,148370408,173,371,60338,0.4663073,0.0028578,1.1288711,153.2504495,13,2026-04-17,2026-04-18,0.4663073,173,21.6913347660647
153769168,19619027,222,403,86903,0.5508685,0.0025493,1.128363,196.7452043,17,2026-08-02,2026-08-02,0.5508685,222,25.6248895215235
145846574,153097769,167,484046,314,0.5318471,0.0003449,1.1283502,148.0037017,20,2026-07-16,2026-07-19,0.5318471,167,24.7400662405686
145846574,152738903,257,484046,378,0.6798942,0.0005308,1.1282385,227.7887241,14,2026-07-08,2026-07-12,0.6798942,257,31.6268106840827
145846574,151993548,291,484046,829,0.3510253,0.0006005,1.1270634,258.1931114,21,2026-06-27,2026-07-27,0.3510253,291,16.328732776987
145846574,15659266,437,484046,1209,0.3614557,0.0009014,1.1268154,387.8186364,27,2026-07-11,2026-07-21,0.3614557,437,16.8139263352778
115295631,147370712,1525,27691,3695,0.4127199,0.05107,1.1267358,1353.4672982,6,2026-03-23,2026-03-24,0.4127199,1525,19.1985961092969
148370408,148687734,239,60338,501,0.4770459,0.0039439,1.1266175,212.1394283,10,2026-04-17,2026-04-18,0.4770459,239,22.1908649418069
142327375,148151947,250,172734,317,0.7886435,0.0014468,1.1261567,221.9939708,12,2026-04-12,2026-04-19,0.7886435,250,36.6855294128592
124559637,66228851,3089,8251,110377,0.3743789,0.0267356,1.1257883,2743.8550071,16,2026-05-04,2026-05-06,0.3743789,3089,17.4150781024682
141791776,145846574,258,683,484046,0.3777452,0.0005325,1.1256722,229.1963889,18,2026-07-18,2026-07-27,0.3777452,258,17.5716691320811
142327375,147362543,309,172734,852,0.3626761,0.0017833,1.1254765,274.5503789,17,2026-03-22,2026-04-29,0.3626761,309,16.8706959911431
145846574,152752237,373,484046,1049,0.3555767,0.0007695,1.125403,331.436821,27,2026-07-08,2026-07-17,0.3555767,373,16.5404514034255
109015821,66228851,203,325,110377,0.6246154,0.0018371,1.1251818,180.4152954,11,2026-05-04,2026-05-05,0.6246154,203,29.0553927451692
145846574,152655577,1396,484046,3025,0.4614876,0.0028744,1.1250028,1240.8858165,17,2026-07-07,2026-07-20,0.4614876,1396,21.4671355605794
139832306,145846574,192,469,484046,0.4093817,0.0003964,1.124519,170.7396718,19,2026-04-09,2026-04-11,0.4093817,192,19.0433122145004
135911272,145846574,570,1524,484046,0.3740157,0.0011753,1.1243528,506.9582985,12,2026-04-07,2026-04-18,0.3740157,570,17.3981830360881
142327375,149254729,269,172734,631,0.4263074,0.0015541,1.1243238,239.2549136,15,2026-04-28,2026-04-28,0.4263074,269,19.8306492878209
145846574,148417547,217,484046,498,0.435743,0.000448,1.1240111,193.0585871,13,2026-04-09,2026-05-28,0.435743,217,20.2695674825793
142327375,148614914,206,172734,329,0.6261398,0.0011917,1.123727,183.3185478,17,2026-04-13,2026-04-14,0.6261398,206,29.1263036460223
145846574,147648225,280,484046,551,0.508167,0.0005781,1.1227022,249.3982904,25,2026-04-08,2026-04-10,0.508167,280,23.6385330319015
145846574,147611986,384,484046,1066,0.3602251,0.0007922,1.1226847,342.03725,12,2026-04-06,2026-05-17,0.3602251,384,16.7566822034293
147714615,148102250,228,50745,631,0.3613312,0.0044577,1.121683,203.2659929,3,2026-04-14,2026-04-22,0.3613312,228,16.8081349372482
153750627,19619027,196,355,86903,0.5521127,0.0022513,1.1216552,174.7417509,29,2026-08-02,2026-08-02,0.5521127,196,25.6827662880162
148370408,148774916,256,60338,378,0.6772487,0.0042342,1.1213936,228.2873795,16,2026-04-17,2026-04-18,0.6772487,256,31.5037492906119
145846574,152270799,451,484046,1178,0.3828523,0.0009303,1.1213134,402.2069074,16,2026-07-17,2026-07-25,0.3828523,451,17.8092373961502
145846574,149331432,715,484046,1637,0.4367746,0.0014743,1.1212349,637.68975,6,2026-04-30,2026-05-04,0.4367746,715,20.3175546810312
148798931,149250328,189,60235,479,0.394572,0.0031227,1.1212224,168.5660271,15,2026-05-08,2026-05-09,0.394572,189,18.3544056490552
153768882,19619027,666,1222,86903,0.5450082,0.007615,1.1206781,594.283071,8,2026-08-02,2026-08-02,0.5450082,666,25.3522844623071
145846574,153235029,362,484046,935,0.3871658,0.000747,1.1205126,323.0664321,10,2026-07-20,2026-07-29,0.3871658,362,18.0098895680408
122538955,142327375,778,2232,172734,0.3485663,0.0044664,1.1204854,694.3419207,17,2026-04-12,2026-04-28,0.3485663,778,16.2143468512471
145846574,98826426,253,484046,714,0.3543417,0.0005222,1.1201958,225.8533776,13,2026-07-08,2026-07-27,0.3543417,253,16.4830025956627
123591261,152295977,215,353875,358,0.6005587,0.0006073,1.1198446,191.9909287,2,2026-07-22,2026-07-24,0.6005587,215,27.9363411389284
145846574,148417767,1292,484046,2495,0.5178357,0.0026626,1.1191828,1154.413751,29,2026-04-09,2026-04-09,0.5178357,1292,24.0882943983924
142327375,145793127,324,172734,766,0.4229765,0.0018709,1.1191137,289.5148246,18,2026-03-22,2026-04-19,0.4229765,324,19.675704968973
153768870,19619027,665,1222,86903,0.5441899,0.0076035,1.11893,594.3178108,8,2026-08-02,2026-08-02,0.5441899,665,25.3142193939732
123591261,148823723,276,353875,661,0.4175492,0.0007791,1.1189059,246.6695346,3,2026-04-18,2026-04-30,0.4175492,276,19.4232418804134
145846574,152856064,253,484046,502,0.5039841,0.0005224,1.1188401,226.127031,28,2026-07-11,2026-07-11,0.5039841,253,23.4439560132853
123591261,149189831,225,353875,510,0.4411765,0.0006353,1.1186296,201.1389614,4,2026-04-26,2026-04-30,0.4411765,225,20.522318978109
102305113,145846574,186,518,484046,0.3590734,0.000384,1.1185112,166.2924763,20,2026-07-12,2026-07-26,0.3590734,186,16.7031082828621
142376439,145846574,175,478,484046,0.3661088,0.0003613,1.1183259,156.4838949,9,2026-04-29,2026-05-11,0.3661088,175,17.0303757663717
145846574,59639163,232,484046,563,0.4120782,0.000479,1.1183014,207.4574878,10,2026-04-12,2026-05-19,0.4120782,232,19.1687459878869
145846574,86816952,487,484046,1236,0.3940129,0.0010045,1.1178138,435.6718276,12,2026-04-06,2026-05-17,0.3940129,487,18.3283978527636
142050424,145846574,230,614,484046,0.3745928,0.0004748,1.1177877,205.7635813,9,2026-04-27,2026-06-02,0.3745928,230,17.4250281429382
147714615,148511319,686,50745,1939,0.3537906,0.0131928,1.1176798,613.7715107,4,2026-04-14,2026-04-21,0.3537906,686,16.4573669373971
145846574,152813939,224,484046,366,0.6120219,0.0004626,1.1176757,200.4159099,10,2026-07-10,2026-07-12,0.6120219,224,28.469577716375
145846574,148754200,389,484046,881,0.4415437,0.0008028,1.1175086,348.0957612,6,2026-04-16,2026-05-06,0.4415437,389,20.5394001135021
148729820,148990037,209,38069,527,0.3965844,0.0054446,1.1173601,187.0480176,12,2026-04-22,2026-04-23,0.3965844,209,18.448016969494
145846574,151524492,228,484046,405,0.562963,0.0004709,1.1172188,204.0782023,14,2026-07-08,2026-07-29,0.562963,228,26.1874924409463
145846574,151246194,335,484046,905,0.3701657,0.0006913,1.1168522,299.950151,5,2026-07-08,2026-07-20,0.3701657,335,17.2190916110786
153747836,19619027,213,387,86903,0.5503876,0.0024461,1.116536,190.768597,29,2026-08-02,2026-08-02,0.5503876,213,25.602519374436
145662866,145846574,274,595,484046,0.4605042,0.0005657,1.1159222,245.5368264,16,2026-04-08,2026-04-10,0.4605042,274,21.4213904937341
123591261,153022848,284,353875,637,0.4458399,0.0008017,1.1155307,254.587354,5,2026-07-17,2026-07-24,0.4458399,284,20.7392475369114
145846574,152925351,191,484046,322,0.5931677,0.0003945,1.1155283,171.2193195,20,2026-07-12,2026-07-18,0.5931677,191,27.5925321201634
145846574,148784136,403,484046,1120,0.3598214,0.0008313,1.115157,361.3840939,4,2026-04-17,2026-04-17,0.3598214,403,16.7379031882925
145846574,152773102,191,484046,477,0.4004193,0.0003944,1.1150844,171.2874795,6,2026-07-09,2026-07-26,0.4004193,191,18.6264059839795
142489006,145846574,221,524,484046,0.4217557,0.0004563,1.1148023,198.2414351,16,2026-04-08,2026-05-18,0.4217557,221,19.6189167062063
153769804,19619027,215,395,86903,0.5443038,0.0024689,1.1145429,192.9042002,17,2026-08-02,2026-08-02,0.5443038,215,25.3195177091183
148370408,148720256,286,60338,421,0.6793349,0.0047294,1.114124,256.7039266,12,2026-04-17,2026-04-18,0.6793349,286,31.6007935843404
145846574,146032410,232,484046,564,0.4113475,0.000479,1.1140478,208.2495962,8,2026-04-10,2026-04-12,0.4113475,232,19.1347558309377
114679449,145846574,637,1096,484046,0.5812044,0.0013147,1.1139065,571.8612671,11,2026-04-09,2026-07-27,0.5812044,637,27.0360322643669
153727538,19619027,467,1211,86903,0.3856317,0.0053282,1.1138497,419.2666317,29,2026-08-01,2026-08-05,0.3856317,467,17.9385274498311
12249654,145846574,253,626,484046,0.4041534,0.0005223,1.1130747,227.2983155,4,2026-04-16,2026-04-23,0.4041534,253,18.8001060593374
145846574,152835928,776,484046,1481,0.5239703,0.0016008,1.1126498,697.4342069,23,2026-07-11,2026-07-20,0.5239703,776,24.3736591401751
143592017,145846574,609,955,484046,0.6376963,0.0012572,1.1125973,547.3678641,6,2026-04-30,2026-05-13,0.6376963,609,29.663880283197
145846574,152652197,241,484046,676,0.3565089,0.0004974,1.1122607,216.6758244,21,2026-07-09,2026-07-25,0.3565089,241,16.5838147869045
146933027,147714615,784,1934,50745,0.4053775,0.0151074,1.112242,704.8825469,4,2026-04-15,2026-04-15,0.4053775,784,18.8570478290398
153755468,19619027,215,396,86903,0.5429293,0.0024689,1.1120156,193.3426028,17,2026-08-02,2026-08-02,0.5429293,215,25.2555797445272
145846574,153070911,172,484046,379,0.4538259,0.0003552,1.111893,154.6911421,11,2026-07-16,2026-07-20,0.4538259,172,21.1107343213598
145846574,152977215,314,484046,892,0.3520179,0.0006479,1.1116703,282.4578485,26,2026-07-14,2026-07-26,0.3520179,314,16.3749058025622
147714615,148838843,635,50745,1233,0.5150041,0.0123678,1.1106979,571.7126012,8,2026-04-18,2026-04-21,0.5150041,635,23.9565761440918
142327375,147628270,504,172734,1165,0.432618,0.0029067,1.1104717,453.8611793,17,2026-04-11,2026-04-29,0.432618,504,20.1242010661754
145846574,153183093,172,484046,381,0.4514436,0.0003552,1.1104679,154.889658,27,2026-07-18,2026-07-19,0.4514436,172,20.9999162689442
145846574,148401690,235,484046,540,0.4351852,0.0004852,1.1102354,211.6668305,24,2026-04-09,2026-04-18,0.4351852,235,20.2436201587169
145846574,152859946,320,484046,452,0.7079646,0.0006609,1.1101072,288.2604538,26,2026-07-11,2026-07-16,0.7079646,320,32.9325685896899
145846574,81925121,447,484046,1096,0.4078467,0.0009222,1.1099101,402.7353267,4,2026-04-11,2026-05-31,0.4078467,447,18.9719082307628
145846574,151338601,186,484046,447,0.4161074,0.0003841,1.1096753,167.6165924,9,2026-07-11,2026-07-12,0.4161074,186,19.3561733046787
142327375,146779301,315,172734,650,0.4846154,0.0018201,1.1092088,283.9861992,10,2026-04-13,2026-04-14,0.4846154,315,22.542977290277
134689350,145846574,347,959,484046,0.3618352,0.000716,1.1091482,312.8526964,8,2026-07-14,2026-07-24,0.3618352,347,16.8315796328858
123591261,148777122,569,353875,1514,0.3758256,0.0016036,1.108736,513.1970317,8,2026-04-18,2026-05-06,0.3758256,569,17.4823746127439
129267276,148370408,883,988,60338,0.8937247,0.0146088,1.1083252,796.6975928,7,2026-04-17,2026-04-18,0.8937247,883,41.5736182049922
142327375,148134357,447,172734,1096,0.4078467,0.0025781,1.1082766,403.3289089,17,2026-04-05,2026-04-14,0.4078467,447,18.9719082307628
149346647,66228851,205,409,110377,0.5012225,0.0018538,1.1069741,185.1895239,17,2026-05-04,2026-05-05,0.5012225,205,23.3154939667123
145846574,152158980,203,484046,433,0.4688222,0.0004192,1.1063747,183.4821365,18,2026-06-27,2026-07-26,0.4688222,203,21.8083210062612
145846574,152820618,223,484046,548,0.4069343,0.0004604,1.1062067,201.5898048,17,2026-07-14,2026-07-21,0.4069343,223,18.9294658888982
142327375,145618424,232,172734,446,0.5201794,0.0013414,1.1058647,209.7905813,12,2026-04-05,2026-04-13,0.5201794,232,24.1973168848326
120582366,145846574,690,1778,484046,0.3880765,0.0014223,1.1056914,624.043904,6,2026-04-26,2026-07-28,0.3880765,690,18.0522528305749
122420531,142327375,554,1266,172734,0.4375987,0.0031941,1.1055744,501.0969904,8,2026-04-11,2026-04-14,0.4375987,554,20.3558895494339
146414347,148729820,469,1348,38069,0.3479228,0.0120417,1.1055369,424.2282692,7,2026-04-22,2026-04-23,0.3479228,469,16.1844129987812
142327375,144056019,235,172734,617,0.3808752,0.0013575,1.1054613,212.5809398,17,2026-04-12,2026-04-13,0.3808752,235,17.7172681347512
113826403,142327375,363,769,172734,0.4720416,0.0020966,1.1053985,328.3883672,17,2026-04-12,2026-04-12,0.4720416,363,21.9580786513718
145846574,149352983,212,484046,423,0.501182,0.0004378,1.10508,191.841307,5,2026-04-30,2026-05-07,0.501182,212,23.3136100179557
145846574,149490815,230,484046,428,0.5373832,0.000475,1.1048274,208.1773119,11,2026-05-03,2026-07-10,0.5373832,230,24.9975904062817
148370408,148784361,176,60338,329,0.5349544,0.0029095,1.1047272,159.3153532,17,2026-04-17,2026-04-18,0.5349544,176,24.88460930159
148370408,148567324,292,60338,357,0.8179272,0.0048342,1.1032733,264.6669741,3,2026-04-16,2026-04-17,0.8179272,292,38.0477267018337
145846574,152695695,250,484046,468,0.534188,0.0005162,1.1030801,226.6381157,14,2026-07-08,2026-07-12,0.534188,250,24.8489584786997
142327375,147865408,187,172734,435,0.4298851,0.001081,1.1028931,169.5540581,12,2026-03-30,2026-04-29,0.4298851,187,19.9970740647706
142668385,150203100,180,91047,397,0.4534005,0.0019723,1.1025028,163.2648902,11,2026-05-18,2026-05-19,0.4534005,180,21.0909458818276
145846574,149349857,313,484046,790,0.3962025,0.000646,1.1022222,283.9717817,4,2026-04-30,2026-05-04,0.3962025,313,18.4302520304781
142327375,148296098,409,172734,1114,0.3671454,0.0023582,1.1022086,371.0731417,17,2026-04-06,2026-04-14,0.3671454,409,17.0785955510899
145846574,149270000,1435,484046,3499,0.4101172,0.002952,1.1020937,1302.0671174,10,2026-04-28,2026-05-03,0.4101172,1435,19.0775256542652
149975583,149979171,269,468,9924,0.5747863,0.0265732,1.101528,244.2062274,2,2026-05-14,2026-05-17,0.5747863,269,26.737479881288
145846574,152699182,502,484046,1009,0.4975223,0.001036,1.1013474,455.8053331,4,2026-07-07,2026-07-14,0.4975223,502,23.1433708262395
147714615,65659200,191,50745,475,0.4021053,0.003743,1.1013368,173.4255993,5,2026-04-16,2026-04-18,0.4021053,191,18.7048340729577
142327375,147710767,394,172734,1113,0.3539982,0.0022715,1.1007554,357.9360009,17,2026-04-18,2026-04-19,0.3539982,394,16.4670239191716
145846574,152683947,388,484046,885,0.4384181,0.0008008,1.1002198,352.6568157,20,2026-07-12,2026-07-29,0.4384181,388,20.3940057867463
145846574,149274311,388,484046,607,0.6392092,0.0008012,1.100033,352.7166758,3,2026-04-28,2026-05-19,0.6392092,388,29.7342562356378
145846574,152586508,295,484046,608,0.4851974,0.0006091,1.0999031,268.2054393,28,2026-07-09,2026-07-18,0.4851974,295,22.570050331668
123591261,20489397,388,353875,744,0.5215054,0.0010953,1.0998594,352.7723736,3,2026-04-15,2026-04-30,0.5215054,388,24.2589987626411
142668385,150085233,193,91047,420,0.4595238,0.0021145,1.0996869,175.5045003,4,2026-05-15,2026-05-15,0.4595238,193,21.3757849786486
146807705,148053777,262,10993,649,0.403698,0.0230228,1.0995723,238.2744568,3,2026-04-05,2026-04-05,0.403698,262,18.7789221022077
137635710,145846574,1196,3386,484046,0.3532191,0.0024597,1.0990548,1088.2078214,9,2026-07-14,2026-07-27,0.3532191,1196,16.4307823271651
147714615,148774916,208,50745,378,0.5502646,0.0040852,1.0987174,189.311647,6,2026-04-17,2026-04-19,0.5502646,208,25.5967977522863
149537231,66228851,289,408,110377,0.7083333,0.0026155,1.0987116,263.0353526,13,2026-05-04,2026-05-04,0.7083333,289,32.9497195009629
145846574,149480942,349,484046,876,0.3984018,0.0007202,1.0983321,317.75453,10,2026-05-03,2026-05-08,0.3984018,349,18.5325574255491
142668385,150166213,268,91047,629,0.4260731,0.0029319,1.0981982,244.036089,13,2026-05-17,2026-05-19,0.4260731,268,19.8197502953846
145846574,151513360,318,484046,713,0.4460028,0.0006564,1.0977299,289.6887453,18,2026-07-09,2026-07-27,0.4460028,318,20.7468251974657
145846574,147807065,1554,484046,3993,0.3891811,0.0031943,1.0976232,1415.7864089,10,2026-04-06,2026-04-30,0.3891811,1554,18.103635788514
142327375,149270670,1020,172734,1686,0.6049822,0.0058824,1.0967281,930.0390837,5,2026-04-28,2026-04-29,0.6049822,1020,28.1421102086764
145846574,153026457,211,484046,518,0.4073359,0.0004356,1.0964436,192.4403524,15,2026-07-15,2026-07-22,0.4073359,211,18.9481472178031
123591261,153183001,198,353875,548,0.3613139,0.000559,1.0963994,180.5911159,9,2026-07-18,2026-08-03,0.3613139,198,16.807330188767
148798931,149779961,247,60235,418,0.5909091,0.004089,1.096198,225.3242473,13,2026-05-09,2026-05-10,0.5909091,247,27.4874682519747
123591261,151405567,228,353875,314,0.7261146,0.0006441,1.0957527,208.0761429,4,2026-07-21,2026-07-24,0.7261146,228,33.7768567361634
141417137,142327375,183,471,172734,0.388535,0.0010577,1.0956161,167.029313,16,2026-04-12,2026-04-14,0.388535,183,18.0735809911896
145846574,153188494,201,484046,418,0.4808612,0.0004151,1.0951099,183.5432248,12,2026-07-18,2026-07-25,0.4808612,201,22.3683422181287
145846574,152866492,882,484046,2455,0.3592668,0.0018162,1.0939284,806.2684828,25,2026-07-11,2026-07-29,0.3592668,882,16.7121047196405
151162890,151378947,168,317,16071,0.5299685,0.0103576,1.0936021,153.6207702,4,2026-06-16,2026-06-17,0.5299685,168,24.6526789286146
148370408,148706574,628,60338,1031,0.6091174,0.010339,1.0935163,574.294115,4,2026-04-16,2026-04-18,0.6091174,628,28.3344683543126
127162965,145846574,218,586,484046,0.3720137,0.00045,1.0933243,199.391896,4,2026-04-18,2026-07-11,0.3720137,218,17.3050554950831
147714615,148789835,648,50745,969,0.6687307,0.0126895,1.0929739,592.8778567,3,2026-04-17,2026-04-21,0.6687307,648,31.1075153274349
145812254,148370408,586,1242,60338,0.4718196,0.0096075,1.0925922,536.339153,17,2026-04-16,2026-04-18,0.4718196,586,21.9477518211505
145846574,152838337,760,484046,1979,0.3840323,0.0015662,1.0925046,695.6492472,25,2026-07-11,2026-07-22,0.3840323,760,17.8641277549843
147714615,148641440,181,50745,370,0.4891892,0.0035536,1.0923085,165.7041034,4,2026-04-14,2026-04-15,0.4891892,181,22.7557379031883
142327375,145545612,182,172734,305,0.5967213,0.0010529,1.092129,166.6469782,7,2026-04-12,2026-04-13,0.5967213,182,27.7578358313098
148798931,149616971,486,60235,1192,0.4077181,0.0079749,1.0915939,445.2205327,16,2026-05-08,2026-05-09,0.4077181,486,18.9659261119949
142327375,148347223,315,172734,629,0.5007949,0.0018203,1.0914068,288.6183308,16,2026-04-12,2026-04-13,0.5007949,315,23.2956031892229
147714615,148655147,178,50745,436,0.4082569,0.00349,1.0903783,163.2461012,6,2026-04-19,2026-04-21,0.4082569,178,18.9909896080456
145846574,152793574,282,484046,706,0.3994334,0.0005821,1.0903677,258.6283573,28,2026-07-09,2026-07-20,0.3994334,282,18.580544624001
145846574,149256983,1871,484046,5360,0.3490672,0.0038377,1.0900501,1716.434794,10,2026-04-28,2026-07-20,0.3490672,1871,16.2376473433997
142327375,149042047,191,172734,539,0.3543599,0.0011035,1.0896071,175.2925371,13,2026-04-27,2026-04-28,0.3543599,191,16.4838492096719
145846574,148587874,369,484046,970,0.3804124,0.0007614,1.0894314,338.7087976,7,2026-04-16,2026-06-02,0.3804124,369,17.6957399499474
145846574,152729498,173,484046,498,0.3473896,0.0003572,1.0893372,158.8121678,12,2026-07-08,2026-07-10,0.3473896,173,16.1596099993488
149537764,66228851,269,549,110377,0.4899818,0.0024309,1.0886828,247.0875809,17,2026-05-04,2026-05-04,0.4899818,269,22.7926074781136
149599262,66228851,328,818,110377,0.400978,0.0029585,1.0884517,301.3454787,10,2026-05-05,2026-05-06,0.400978,328,18.6523951733698
123591261,126504486,340,353875,822,0.4136253,0.0009595,1.0874504,312.6579413,15,2026-03-30,2026-07-27,0.4136253,340,19.2407128303888
115295631,147693345,169,27691,403,0.4193548,0.0060519,1.0873334,155.4261099,15,2026-03-23,2026-03-24,0.4193548,169,19.5072334328803
147558368,66228851,174,347,110377,0.5014409,0.0015739,1.0873073,160.0283538,11,2026-05-05,2026-05-06,0.5014409,174,23.3256533348219
148370408,148684572,202,60338,572,0.3531469,0.0033274,1.0872428,185.7910698,7,2026-04-17,2026-04-18,0.3531469,202,16.4274237814805
136838394,145846574,254,632,484046,0.4018987,0.0005243,1.0871316,233.6423578,28,2026-05-18,2026-07-19,0.4018987,254,18.6952236084364
132321231,142327375,195,387,172734,0.503876,0.0011276,1.0867718,179.4304849,12,2026-04-06,2026-04-19,0.503876,195,23.4389274982091
148370408,148400403,899,60338,2244,0.4006239,0.0145745,1.0867501,827.2370875,16,2026-04-16,2026-04-17,0.4006239,899,18.6359234139942
132533198,142327375,624,1521,172734,0.4102564,0.0035938,1.0866527,574.2405178,9,2026-04-06,2026-04-14,0.4102564,624,19.0840008559175
145459925,145846574,248,674,484046,0.3679525,0.0005119,1.086057,228.3489759,9,2026-04-20,2026-05-07,0.3679525,248,17.1161396261874
142327375,147443789,721,172734,1759,0.409892,0.0041491,1.085896,663.9678055,17,2026-03-23,2026-04-14,0.409892,721,19.0670499688334
142327375,148473810,543,172734,1240,0.4379032,0.0031309,1.0857577,500.1115727,16,2026-04-11,2026-04-19,0.4379032,543,20.3700540530483
137740387,148484465,371,851,48832,0.4359577,0.0075235,1.0849752,341.9433078,8,2026-04-15,2026-04-15,0.4359577,371,20.2795547368519
142327375,7378611,387,172734,400,0.9675,0.0022403,1.0848605,356.7278792,14,2026-04-13,2026-04-14,0.9675,387,45.0054425186302
148668921,66228851,1220,3093,110377,0.3944391,0.0108686,1.0847128,1124.721712,17,2026-05-04,2026-05-06,0.3944391,1220,18.3482235060984
145846574,152877033,254,484046,573,0.443281,0.0005244,1.0840032,234.3166409,12,2026-07-11,2026-07-19,0.443281,254,20.620214537572
145846574,152729733,978,484046,2218,0.4409378,0.0020153,1.0838761,902.3171835,8,2026-07-08,2026-07-29,0.4409378,978,20.5112153097584
123591261,152765611,219,353875,360,0.6083333,0.0006186,1.0838462,202.0581884,7,2026-07-22,2026-07-24,0.6083333,219,28.2979941760399
145846574,152856564,597,484046,1362,0.438326,0.0012314,1.0837423,550.8689899,25,2026-07-11,2026-07-27,0.438326,597,20.3897215477221
123591261,150203100,197,353875,397,0.4962217,0.0005564,1.0831615,181.8750082,8,2026-05-18,2026-05-20,0.4962217,197,23.0828704866635
145846574,152761893,242,484046,472,0.5127119,0.0004997,1.0829622,223.4611625,15,2026-07-09,2026-07-09,0.5127119,242,23.849949296194
123591261,149498321,297,353875,823,0.3608748,0.000838,1.0829495,274.2510196,10,2026-07-23,2026-08-06,0.3608748,297,16.7869044628653
145846574,149573914,630,484046,1637,0.3848503,0.0012988,1.0829248,581.7578586,3,2026-05-05,2026-05-12,0.3848503,630,17.9021788681422
145846574,152900458,632,484046,1116,0.5663082,0.0013044,1.0825825,583.7892403,9,2026-07-12,2026-07-26,0.5663082,632,26.3431019565157
123591261,149368465,270,353875,368,0.7336957,0.0007628,1.0812531,249.7102616,6,2026-04-30,2026-04-30,0.7336957,270,34.1295086847712
142668385,150129045,472,91047,896,0.5267857,0.0051601,1.0807995,436.7137567,12,2026-05-16,2026-05-18,0.5267857,472,24.504623814973
123591261,149126209,239,353875,559,0.4275492,0.0006748,1.080414,221.2115066,10,2026-04-25,2026-05-11,0.4275492,239,19.8884144129057
145846574,34295623,548,484046,1554,0.3526384,0.0011298,1.0803402,507.2476084,10,2026-07-13,2026-07-29,0.3526384,548,16.4037697582033
144073550,66228851,220,391,110377,0.5626598,0.0019901,1.0802804,203.6508293,7,2026-05-05,2026-05-06,0.5626598,220,26.1733884097612
153769516,19619027,202,383,86903,0.5274151,0.0023196,1.0801325,187.0141011,17,2026-08-02,2026-08-02,0.5274151,202,24.533901774168
145846574,152993306,275,484046,640,0.4296875,0.0005677,1.0796327,254.7162483,18,2026-07-14,2026-07-25,0.4296875,275,19.9878822555286
145846574,148254119,220,484046,590,0.3728814,0.0004542,1.0793888,203.819053,16,2026-04-06,2026-04-12,0.3728814,220,17.3454185157275
145846574,152829412,419,484046,989,0.4236603,0.0008646,1.0792419,388.2354747,15,2026-07-10,2026-07-18,0.4236603,419,19.7075134667448
149979171,149998769,402,9924,724,0.5552486,0.0392348,1.0790285,372.5573453,2,2026-05-14,2026-05-17,0.5552486,402,25.8286397424805
123591261,153084579,4507,353875,12972,0.3474406,0.0124386,1.0787916,4177.8225073,28,2026-07-18,2026-08-06,0.3474406,4507,16.1619823792645
148729820,148998349,387,38069,597,0.6482412,0.01011,1.0783477,358.8823739,18,2026-04-22,2026-04-22,0.6482412,387,30.1544000669848
145846574,149478205,261,484046,746,0.349866,0.0005387,1.0782562,242.0574942,8,2026-05-03,2026-07-20,0.349866,261,16.2748053252952
135847551,145846574,181,464,484046,0.3900862,0.0003737,1.0779252,167.9151716,18,2026-07-14,2026-07-22,0.3900862,181,18.1457385544298
148729820,148922041,341,38069,525,0.6495238,0.0089143,1.0772426,316.5489516,11,2026-04-22,2026-04-23,0.6495238,341,30.2140630960023
145846574,148283785,239,484046,565,0.4230088,0.0004934,1.0770873,221.8947284,1,2026-04-06,2026-05-03,0.4230088,239,19.6772074762529
131059559,145846574,348,684,484046,0.5087719,0.0007184,1.0770246,323.1123922,6,2026-04-28,2026-05-05,0.5087719,348,23.666671318392
145846574,152872165,352,484046,922,0.3817787,0.0007263,1.07657,326.9643501,8,2026-07-11,2026-07-26,0.3817787,352,17.7592964730619
148370408,148776652,171,60338,323,0.5294118,0.0028269,1.0765473,158.8411328,8,2026-04-17,2026-04-18,0.5294118,171,24.6267827737308
145846574,152746370,235,484046,464,0.5064655,0.0004853,1.0763859,218.32318,15,2026-07-08,2026-07-14,0.5064655,235,23.559383925498
145846574,152544494,197,484046,441,0.446712,0.0004068,1.0760257,183.081122,28,2026-07-16,2026-07-21,0.446712,197,20.7798152334701
145846574,148417761,1207,484046,2371,0.5090679,0.0024876,1.0758382,1121.9159662,29,2026-04-09,2026-04-09,0.5090679,1207,23.6804404253538
145846574,153112321,298,484046,824,0.3616505,0.000615,1.075593,277.0564591,18,2026-07-17,2026-07-29,0.3616505,298,16.8229878962107
145846574,148399460,233,484046,424,0.5495283,0.0004812,1.0751337,216.717228,11,2026-04-08,2026-06-07,0.5495283,233,25.5625470987189
142327375,148757664,231,172734,318,0.7264151,0.0013366,1.0750787,214.8679872,11,2026-04-18,2026-04-19,0.7264151,231,33.7908351707648
145846574,147262147,231,484046,563,0.410302,0.0004769,1.0749116,214.9013874,14,2026-04-10,2026-07-20,0.410302,231,19.0861220426656
145846574,152730743,167,484046,406,0.41133,0.0003448,1.0746941,155.3930607,18,2026-07-10,2026-07-20,0.41133,167,19.1339417790058
123591261,153323419,190,353875,331,0.5740181,0.0005367,1.0745851,176.8124251,8,2026-07-22,2026-07-26,0.5740181,190,26.7017453273419
153744708,19619027,201,380,86903,0.5289474,0.0023082,1.07455,187.0550501,29,2026-08-02,2026-08-02,0.5289474,201,24.6051801613218
142327375,148491942,561,172734,969,0.5789474,0.0032401,1.0741104,522.292679,17,2026-04-12,2026-04-14,0.5789474,561,26.9310428237833
123591261,148772689,247,353875,590,0.4186441,0.0006973,1.0737061,230.0443376,9,2026-04-17,2026-05-17,0.4186441,247,19.474173620996
145846574,152731924,1237,484046,3110,0.3977492,0.0025457,1.0735177,1152.2865068,20,2026-07-08,2026-07-21,0.3977492,1237,18.5022002660787
137607678,147714615,178,379,50745,0.469657,0.0034939,1.0725787,165.9551846,6,2026-04-17,2026-04-19,0.469657,178,21.8471536092737
148729820,148995694,298,38069,489,0.609407,0.0077888,1.0725399,277.8451287,17,2026-04-22,2026-04-22,0.609407,298,28.3479397508536
145846574,152653028,703,484046,1769,0.3973997,0.0014491,1.0718209,655.8931861,25,2026-07-11,2026-07-22,0.3973997,703,18.4859424860681
113710082,148729820,348,368,38069,0.9456522,0.0091365,1.0713057,324.8372579,16,2026-04-22,2026-04-22,0.9456522,348,43.9891428730916
142327375,148518437,874,172734,2291,0.3814928,0.0050186,1.0708765,816.1538829,17,2026-04-11,2026-04-29,0.3814928,874,17.7459971903579
142327375,148469983,329,172734,589,0.5585739,0.0019018,1.0706754,307.2826857,12,2026-04-11,2026-04-14,0.5585739,329,25.9833235647101
145846574,153229831,316,484046,608,0.5197368,0.0006524,1.0705878,295.1649615,8,2026-07-19,2026-07-21,0.5197368,316,24.1767283485445
147754903,148729820,2972,5367,38069,0.5537544,0.073448,1.0704558,2776.3875109,6,2026-04-22,2026-04-22,0.5537544,2972,25.7591336626755
145846574,152764047,790,484046,1863,0.4240472,0.0016285,1.0698696,738.4077567,24,2026-07-09,2026-07-21,0.4240472,790,19.7255109920269
148729820,149022230,378,38069,619,0.6106624,0.0098669,1.0693698,353.4792314,17,2026-04-22,2026-04-22,0.6106624,378,28.4063375105827
145846574,151484188,238,484046,610,0.3901639,0.0004913,1.0692804,222.5796054,26,2026-07-14,2026-07-25,0.3901639,238,18.1493529450073
148370408,99301466,175,60338,342,0.5116959,0.0028923,1.0692794,163.6616161,14,2026-04-17,2026-04-18,0.5116959,175,23.8026877668927
148729820,148974767,417,38069,1013,0.4116486,0.0107849,1.0689138,390.1156532,17,2026-04-22,2026-04-22,0.4116486,417,19.148762175891
133195132,148729820,622,1056,38069,0.5890152,0.0161546,1.0687021,582.0143997,17,2026-04-22,2026-06-10,0.5890152,622,27.3993692260459
153677716,19619027,177,485,86903,0.3649485,0.0020296,1.0686567,165.6284914,4,2026-08-01,2026-08-02,0.3649485,177,16.9764017974267
148729820,149020386,365,38069,665,0.5488722,0.0095129,1.0685915,341.5711385,17,2026-04-22,2026-04-22,0.5488722,365,25.5320271288621
153758871,19619027,262,502,86903,0.5219124,0.0030066,1.0684252,245.2207332,17,2026-08-02,2026-08-02,0.5219124,262,24.2779312847135
144292654,19619027,246,473,86903,0.5200846,0.0028234,1.0682066,230.2925338,12,2026-08-02,2026-08-02,0.5200846,246,24.1929070492246
123591261,148430243,344,353875,965,0.3564767,0.0009704,1.0680162,322.0925072,10,2026-04-09,2026-05-18,0.3564767,344,16.5823169313498
145846574,152559786,259,484046,731,0.3543092,0.0005346,1.0678296,242.5480691,15,2026-07-04,2026-07-20,0.3543092,259,16.4814907849321
103280331,148729820,232,454,38069,0.5110132,0.0060589,1.0677362,217.2821256,7,2026-04-22,2026-04-22,0.5110132,232,23.7709304380995
148729820,148998699,222,38069,309,0.7184466,0.0058182,1.0673371,207.9942701,15,2026-04-22,2026-04-22,0.7184466,222,33.4201624382483
145846574,152873293,694,484046,1524,0.4553806,0.0014313,1.0672057,650.2963816,17,2026-07-11,2026-07-19,0.4553806,694,21.1830546949864
148729820,149014798,311,38069,395,0.7873418,0.0081514,1.0671829,291.4214586,16,2026-04-22,2026-04-22,0.7873418,311,36.6249779043047
121785936,145846574,478,1157,484046,0.4131374,0.0009861,1.0667861,448.0748324,4,2026-04-06,2026-06-27,0.4131374,478,19.2180170625285
145846574,152851920,745,484046,1554,0.479408,0.0015365,1.0667271,698.3979032,19,2026-07-17,2026-07-22,0.479408,745,22.3007433457069
142327375,98827649,213,172734,559,0.3810376,0.0012306,1.0665993,199.7001041,15,2026-04-19,2026-04-19,0.3810376,213,17.7248225366789
142327375,40469220,495,172734,925,0.5351351,0.0028586,1.066538,464.1184728,17,2026-04-12,2026-04-13,0.5351351,495,24.8930149692521
145846574,23285877,571,484046,1619,0.3526868,0.0011771,1.0665219,535.3851476,29,2026-04-10,2026-07-18,0.3526868,571,16.4060211932606
145846574,148421222,223,484046,617,0.3614263,0.0004603,1.066516,209.0920306,12,2026-04-09,2026-04-12,0.3614263,223,16.8125587280322
145846574,152663026,198,484046,350,0.5657143,0.0004089,1.065851,185.7670587,14,2026-07-08,2026-07-12,0.5657143,198,26.315475359811
145846574,152867512,182,484046,375,0.4853333,0.0003758,1.0650616,170.8821317,28,2026-07-11,2026-07-16,0.4853333,182,22.5763720263846
107110361,123591261,201,497,353875,0.4044266,0.0005675,1.0645249,188.8166252,11,2026-07-18,2026-08-01,0.4044266,201,18.8128145729251
148729820,148915329,272,38069,341,0.797654,0.007132,1.0644554,255.5297399,17,2026-04-22,2026-04-22,0.797654,272,37.1046731232614
145846574,65475034,439,484046,1136,0.3864437,0.0009056,1.0643091,412.4741406,28,2026-04-08,2026-07-20,0.3864437,439,17.9762994594695
145846574,148523125,210,484046,592,0.3547297,0.0004335,1.0638779,197.3910771,4,2026-04-11,2026-04-19,0.3547297,210,16.5010512899234
148370408,93127964,427,60338,1205,0.3543568,0.0069867,1.0636154,401.4609101,17,2026-04-17,2026-04-18,0.3543568,427,16.4837050061868
148086189,149979171,317,541,9924,0.5859519,0.0312377,1.0628442,298.2563199,2,2026-05-14,2026-05-17,0.5859519,317,27.2568729241676
63300013,66228851,729,1006,110377,0.7246521,0.0065881,1.0622634,686.270451,13,2026-05-05,2026-05-06,0.7246521,729,33.7088252532864
145846574,152169331,212,484046,470,0.4510638,0.0004377,1.061713,199.6773146,13,2026-07-08,2026-07-25,0.4510638,212,20.9822490161601
153751853,19619027,225,434,86903,0.5184332,0.0025829,1.0616957,211.9251334,17,2026-08-02,2026-08-02,0.5184332,225,24.1160884572088
145846574,152855070,354,484046,499,0.7094188,0.0007311,1.0616039,333.4577198,8,2026-07-11,2026-07-17,0.7094188,354,33.000213979365
142327375,145480784,585,172734,1311,0.4462243,0.0033725,1.0613795,551.1694878,13,2026-03-25,2026-04-18,0.4462243,585,20.7571287690604
132037533,142668385,202,532,91047,0.3796992,0.0022106,1.0611186,190.3651458,12,2026-05-15,2026-05-16,0.3796992,202,17.6625638449301
12249654,147714615,322,626,50745,0.514377,0.0063077,1.0606723,303.5810287,3,2026-04-16,2026-04-20,0.514377,322,23.9274051745792
142327375,145646177,212,172734,553,0.3833635,0.0012249,1.0606194,199.8832034,17,2026-04-27,2026-04-29,0.3833635,212,17.8330170160112
140557719,66228851,308,529,110377,0.5822306,0.0027849,1.0602796,290.4894054,15,2026-05-04,2026-05-05,0.5822306,308,27.0837682696512
145846574,152722534,733,484046,1681,0.43605,0.0015114,1.0598182,691.6280778,18,2026-07-08,2026-07-25,0.43605,733,20.2838482793268
153749793,19619027,2062,3982,86903,0.5178302,0.0232147,1.0588834,1947.3343214,29,2026-08-02,2026-08-03,0.5178302,2062,24.0880385534995
145846574,148360649,263,484046,589,0.4465195,0.000543,1.0585529,248.4523964,14,2026-04-08,2026-04-11,0.4465195,263,20.7708606622196
145846574,148437190,983,484046,1985,0.4952141,0.0020266,1.0583433,928.8101845,14,2026-04-09,2026-04-09,0.4952141,983,23.0359997022896
145846574,148431240,1173,484046,2361,0.4968234,0.0024174,1.0580232,1108.6713028,14,2026-04-09,2026-04-09,0.4968234,1173,23.1108599179436
148729820,148944995,278,38069,725,0.3834483,0.0072178,1.0570392,262.998754,15,2026-04-22,2026-04-24,0.3834483,278,17.8369616790868
141279816,66228851,183,362,110377,0.5055249,0.0016553,1.0569964,173.1320925,4,2026-08-05,2026-08-05,0.5055249,183,23.5156297970917
145846574,152235265,748,484046,1726,0.433372,0.0015422,1.0569315,707.7090796,18,2026-07-11,2026-07-19,0.433372,748,20.1592750751254
145846574,153133484,373,484046,835,0.4467066,0.0007699,1.0563085,353.1165266,27,2026-07-17,2026-07-22,0.4467066,373,20.7795640403025
142548748,148798931,310,793,60235,0.3909206,0.0051056,1.0561576,293.5168067,15,2026-05-09,2026-05-10,0.3909206,310,18.184552550541
115295631,146814785,1351,27691,3531,0.3826112,0.0452278,1.0560329,1279.3161969,6,2026-03-24,2026-03-24,0.3826112,1351,17.7980220863918
148798931,149732449,352,60235,748,0.4705882,0.0058056,1.055625,333.4517425,17,2026-05-08,2026-05-10,0.4705882,352,21.8904704754994
149536758,66228851,278,445,110377,0.6247191,0.0025148,1.0549749,263.5133826,17,2026-05-04,2026-05-04,0.6247191,278,29.0602165843311
145846574,152922816,212,484046,559,0.3792487,0.0004377,1.0548915,200.9685292,7,2026-07-12,2026-07-20,0.3792487,212,17.6416078223413
145846574,152855196,235,484046,550,0.4272727,0.0004852,1.0548521,222.7800435,24,2026-07-11,2026-07-12,0.4272727,235,19.8755523923823
145846574,152923751,239,484046,485,0.4927835,0.0004935,1.0546837,226.6082213,11,2026-07-12,2026-07-15,0.4927835,239,22.922934866542
125906589,145846574,172,314,484046,0.5477707,0.0003552,1.0543813,163.1288411,21,2026-07-19,2026-07-20,0.5477707,172,25.4807883744081
145846574,32911873,310,484046,895,0.3463687,0.0006397,1.0540078,294.1154582,10,2026-04-07,2026-07-22,0.3463687,310,16.1121205355066
145846574,148549682,214,484046,512,0.4179688,0.0004418,1.0535105,203.1303894,4,2026-04-12,2026-04-18,0.4179688,214,19.4427605198768
123591261,132909955,781,353875,1477,0.5287745,0.0022027,1.0530023,741.6887933,6,2026-07-22,2026-07-30,0.5287745,781,24.597137328235
145846574,152757118,422,484046,1025,0.4117073,0.0008707,1.052994,400.7620103,14,2026-07-09,2026-07-19,0.4117073,422,19.1514927386568
145846574,153055441,354,484046,961,0.3683663,0.0007304,1.0527309,336.2682833,9,2026-07-15,2026-07-19,0.3683663,354,17.1353884655819
107020099,145846574,725,2095,484046,0.3460621,0.0014936,1.0526414,688.7435858,19,2026-04-09,2026-04-28,0.3460621,725,16.0978583456604
128264907,66228851,198,465,110377,0.4258065,0.0017895,1.0518856,188.2333949,9,2026-05-04,2026-05-06,0.4258065,198,19.8073487956683
145846574,153129585,306,484046,750,0.408,0.0006316,1.051811,290.9267991,28,2026-07-17,2026-07-18,0.408,306,18.9790393256859
148798931,34650214,217,60235,335,0.6477612,0.0035955,1.0510679,206.4566986,12,2026-05-08,2026-05-09,0.6477612,217,30.1320717854252
146008799,148729820,286,725,38069,0.3944828,0.007427,1.0506069,272.2236115,13,2026-04-22,2026-04-22,0.3944828,286,18.3502563100654
123591261,144803950,299,353875,843,0.3546856,0.0008436,1.050175,284.7144529,6,2026-05-05,2026-05-05,0.3546856,299,16.4989998790551
140212183,145846574,340,865,484046,0.3930636,0.0007017,1.0496305,323.9235021,9,2026-05-15,2026-07-16,0.3930636,340,18.2842390242541
142668385,149400015,168,91047,480,0.35,0.0018389,1.0493332,160.1016768,2,2026-05-18,2026-05-19,0.35,168,16.2810386372305
145846574,148794489,186,484046,375,0.496,0.0003841,1.0492922,177.2623405,4,2026-04-17,2026-05-05,0.496,186,23.0725576116181
145846574,153194515,274,484046,546,0.5018315,0.0005657,1.0491646,261.1601751,13,2026-07-19,2026-07-25,0.5018315,274,23.343822973941
123591261,151133335,205,353875,532,0.3853383,0.0005788,1.0490386,195.417018,6,2026-07-11,2026-07-23,0.3853383,205,17.9248792877278
149609445,66228851,270,682,110377,0.3958944,0.0024371,1.048573,257.4927967,6,2026-05-05,2026-05-06,0.3958944,270,18.415920064752
145846574,153094699,242,484046,601,0.4026622,0.0004996,1.0485354,230.7981142,27,2026-07-16,2026-07-17,0.4026622,242,18.7307395312922
105389950,145846574,243,667,484046,0.3643178,0.0005016,1.0484032,231.7810464,24,2026-07-13,2026-07-26,0.3643178,243,16.9470633658024
145846574,151704924,180,484046,487,0.3696099,0.0003716,1.0483587,171.6969519,14,2026-06-27,2026-07-20,0.3696099,180,17.1932373217226
145846574,153092979,195,484046,502,0.3884462,0.0004026,1.0480945,186.0519285,18,2026-07-16,2026-07-22,0.3884462,195,18.0694502591011
148798931,149407138,167,60235,345,0.484058,0.0027643,1.047977,159.3546394,15,2026-05-09,2026-05-10,0.484058,167,22.5170485733158
145846574,149274336,235,484046,414,0.5676329,0.0004853,1.0464939,224.5593693,3,2026-04-28,2026-04-30,0.5676329,235,26.4047233618949
142297979,151378947,175,405,16071,0.4320988,0.0107355,1.0461049,167.2872426,5,2026-06-16,2026-06-16,0.4320988,175,20.1000493082884
142668385,146650678,330,91047,862,0.3828306,0.0036034,1.0459524,315.5019176,8,2026-05-17,2026-05-18,0.3828306,330,17.8082279717547
123591261,137315793,340,353875,950,0.3578947,0.0009591,1.0458413,325.0971265,8,2026-04-08,2026-08-05,0.3578947,340,16.6482783964572
147714615,148767286,214,50745,590,0.3627119,0.0041861,1.0458202,204.6240834,5,2026-04-16,2026-04-21,0.3627119,214,16.8723613088094
123591261,152755858,183,353875,437,0.4187643,0.0005168,1.045733,174.9968639,6,2026-07-21,2026-07-25,0.4187643,183,19.4797649948366
145846574,152833402,892,484046,1626,0.5485855,0.00184,1.0455412,853.1466561,27,2026-07-11,2026-07-12,0.5485855,892,25.5186906323555
123591261,150238000,286,353875,692,0.4132948,0.0008073,1.0451147,273.6541787,5,2026-05-18,2026-05-19,0.4132948,286,19.2253388781899
148608735,66228851,519,774,110377,0.6705426,0.0046912,1.044896,496.7001574,9,2026-05-05,2026-05-06,0.6705426,519,31.1917999385972
145846574,148403242,1231,484046,2532,0.4861769,0.0025363,1.0447721,1178.2474168,14,2026-04-09,2026-04-09,0.4861769,1231,22.6156139812256
137636166,145846574,682,1876,484046,0.3635394,0.0014055,1.0445723,652.8988027,13,2026-04-09,2026-07-15,0.3635394,682,16.9108543358732
148798931,149756632,247,60235,399,0.6190476,0.0040903,1.0444861,236.4799311,12,2026-05-08,2026-05-09,0.6190476,247,28.7963939825281
145846574,149372911,334,484046,596,0.5604027,0.0006896,1.0441912,319.8647773,4,2026-04-30,2026-05-01,0.5604027,334,26.0683943174523
145846574,152771123,178,484046,358,0.4972067,0.0003676,1.0441903,170.4670193,8,2026-07-09,2026-07-14,0.4972067,178,23.128689981114
142327375,146865551,1534,172734,2462,0.6230707,0.0088333,1.0441579,1469.1264886,18,2026-03-23,2026-04-13,0.6230707,1534,28.9835375440751
145846574,94289228,234,484046,572,0.4090909,0.0004831,1.0438202,224.1765411,8,2026-04-09,2026-05-25,0.4090909,234,19.0297849972555
142327375,145974547,334,172734,334,1,0.0019336,1.0435511,320.0609871,8,2026-04-13,2026-04-13,1,334,46.5172532492301
142327375,148474575,1516,172734,2444,0.6202946,0.0087296,1.0433213,1453.0518551,17,2026-04-13,2026-04-13,0.6202946,1516,28.8544009973299
142327375,148614552,1431,172734,2564,0.5581123,0.0082304,1.0432805,1371.6348993,17,2026-04-13,2026-04-13,0.5581123,1431,25.9618512006103
142327375,148614584,1594,172734,2531,0.6297906,0.0091783,1.0432721,1527.8852326,17,2026-04-13,2026-04-13,0.6297906,1594,29.2961288341846
145846574,153032252,179,484046,435,0.4114943,0.0003696,1.0432138,171.5851568,13,2026-07-15,2026-07-21,0.4114943,179,19.1415845637147
123591261,148526769,183,353875,501,0.3652695,0.0005167,1.0428032,175.4885365,8,2026-04-11,2026-05-01,0.3652695,183,16.9913338357197
148798931,149628343,250,60235,582,0.4295533,0.0041277,1.0428012,239.7388879,17,2026-05-08,2026-05-10,0.4295533,250,19.9816396401425
142668385,150114746,375,91047,1073,0.3494874,0.0040874,1.0427783,359.6162443,9,2026-05-16,2026-05-17,0.3494874,375,16.257193893215
123591261,89865230,346,353875,824,0.4199029,0.0009764,1.0426237,331.8551155,10,2026-04-26,2026-04-27,0.4199029,346,19.5327295393862
123591261,149975583,168,353875,468,0.3589744,0.0004743,1.0424739,161.1551179,4,2026-05-13,2026-05-18,0.3589744,168,16.6985030747904
145846574,148089487,587,484046,1653,0.3551119,0.00121,1.0417628,563.4679893,15,2026-04-07,2026-05-31,0.3551119,587,16.5188301841153
145846574,148381994,178,484046,482,0.3692946,0.0003675,1.0415991,170.8910822,10,2026-04-09,2026-07-12,0.3692946,178,17.1785704317731
142327375,147126545,365,172734,953,0.383001,0.0021059,1.0415961,350.4237407,17,2026-03-26,2026-04-13,0.383001,365,17.8161545117084
145846574,152851038,202,484046,392,0.5153061,0.0004172,1.0414376,193.962658,9,2026-07-11,2026-07-13,0.5153061,202,23.9706243545731
123591261,149155357,169,353875,448,0.3772321,0.0004772,1.0406081,162.405038,4,2026-04-26,2026-04-30,0.3772321,169,17.5478011294389
130534512,66228851,787,1718,110377,0.4580908,0.0070705,1.0399225,756.7871317,17,2026-05-04,2026-05-06,0.4580908,787,21.3091257547424
142327375,148591347,1504,172734,2350,0.64,0.0086646,1.0397812,1446.4582215,17,2026-04-13,2026-04-13,0.64,1504,29.7710420795073
114675073,148370408,646,1647,60338,0.3922283,0.0105316,1.0397263,621.3173542,13,2026-04-09,2026-04-18,0.3922283,646,18.245383162615
148370408,148690716,307,60338,820,0.3743902,0.0050451,1.0393439,295.378648,17,2026-04-16,2026-04-18,0.3743902,307,17.4156037474299
141914541,142327375,350,894,172734,0.3914989,0.0020199,1.0393276,336.7561917,9,2026-04-13,2026-04-28,0.3914989,350,18.211453478095
125723891,145846574,169,458,484046,0.3689956,0.0003489,1.038916,162.6695541,25,2026-07-09,2026-07-18,0.3689956,169,17.1646617730516
145489028,145846574,636,1634,484046,0.3892289,0.0013112,1.0388893,612.1922868,16,2026-07-11,2026-07-29,0.3892289,636,18.1058593132193
142327375,148591343,1346,172734,2319,0.5804226,0.0077487,1.0387277,1295.815965,18,2026-04-13,2026-04-13,0.5804226,1346,26.9996650757766
145846574,146324422,404,484046,806,0.5012407,0.0008339,1.038044,389.1935332,9,2026-04-26,2026-07-17,0.5012407,404,23.3163405807214
145846574,150963238,171,484046,436,0.3922018,0.0003531,1.0378031,164.7711445,20,2026-07-18,2026-07-21,0.3922018,171,18.2441504554039
148729820,148954448,202,38069,321,0.6292835,0.0052896,1.0377826,194.6457694,14,2026-04-22,2026-04-22,0.6292835,202,29.2725399350619
145846574,27320030,256,484046,585,0.4376068,0.0005285,1.0375968,246.7239676,10,2026-07-11,2026-07-25,0.4376068,256,20.3562663391852
145846574,151042079,216,484046,624,0.3461538,0.0004459,1.0372534,208.242267,4,2026-07-07,2026-07-20,0.3461538,216,16.1021239777834
121732938,148168923,240,110007,640,0.375,0.0021738,1.037233,231.3848581,8,2026-04-04,2026-04-07,0.375,240,17.4439699684613
145846574,152865845,368,484046,539,0.6827458,0.00076,1.0371077,354.8329696,15,2026-07-11,2026-07-15,0.6827458,368,31.7594592834482
145846574,153167766,183,484046,442,0.4140271,0.0003779,1.0369553,176.4781957,25,2026-07-18,2026-07-26,0.4140271,183,19.2594034627443
142327375,148592252,650,172734,1149,0.5657093,0.0037522,1.0363666,627.1911787,15,2026-04-13,2026-04-19,0.5657093,650,26.3152427735447
145846574,29284158,470,484046,1065,0.4413146,0.0009698,1.0360307,453.654531,8,2026-04-29,2026-05-17,0.4413146,470,20.5287430107827
145846574,152611514,203,484046,562,0.36121,0.0004191,1.0358008,195.9836362,27,2026-07-09,2026-07-16,0.36121,203,16.8024970461544
145846574,152789856,301,484046,584,0.515411,0.0006215,1.0351881,290.768404,14,2026-07-09,2026-07-20,0.515411,301,23.975504014439
145846574,152867119,447,484046,968,0.4617769,0.0009225,1.0347487,431.9889598,10,2026-07-11,2026-07-22,0.4617769,447,21.4805930019444
151289101,151378947,575,1321,16071,0.4352763,0.0341916,1.0347376,555.6964328,6,2026-06-16,2026-06-17,0.4352763,575,20.2478578804879
142327375,147106594,296,172734,842,0.3515439,0.0017082,1.0346571,286.085128,15,2026-03-30,2026-04-13,0.3515439,296,16.352856624522
145846574,152782552,294,484046,845,0.347929,0.0006067,1.0341408,284.293974,26,2026-07-09,2026-07-17,0.347929,294,16.1847014057514
145846574,152846960,180,484046,375,0.48,0.0003717,1.0338602,174.1047778,26,2026-07-11,2026-07-11,0.48,180,22.3282815596305
123591261,149505261,266,353875,570,0.4666667,0.000751,1.0338375,257.2938099,4,2026-05-05,2026-05-06,0.4666667,266,21.7080530668825
147714615,148703954,222,50745,504,0.4404762,0.0043506,1.0337493,214.7522623,4,2026-04-16,2026-04-22,0.4404762,222,20.4897429456585
149541805,66228851,636,907,110377,0.7012128,0.005748,1.0337109,615.2590386,5,2026-05-04,2026-05-06,0.7012128,636,32.6184933992018
145846574,152143712,216,484046,458,0.4716157,0.000446,1.0331336,209.0726714,17,2026-07-11,2026-07-18,0.4716157,216,21.9382669532129
142327375,148812926,213,172734,464,0.4590517,0.0012313,1.0328601,206.2234684,7,2026-04-18,2026-04-28,0.4590517,213,21.3538241833896
137607678,148370408,331,379,60338,0.8733509,0.0054814,1.0327533,320.5024867,11,2026-04-17,2026-04-18,0.8733509,331,40.6258849907431
143297558,145846574,206,553,484046,0.3725136,0.0004253,1.0326402,199.4886411,4,2026-04-06,2026-04-10,0.3725136,206,17.3283094699824
145846574,151273990,312,484046,871,0.358209,0.0006438,1.0325316,302.16994,14,2026-07-12,2026-07-26,0.358209,312,16.6628987691535
145846574,152784521,998,484046,2676,0.3729447,0.0020547,1.0324076,966.6724532,17,2026-07-09,2026-07-11,0.3729447,998,17.3483630578582
149582988,66228851,212,548,110377,0.3868613,0.0019149,1.031467,205.5325054,7,2026-05-05,2026-05-06,0.3868613,212,17.9957250644264
109917512,66228851,949,1434,110377,0.6617852,0.0085602,1.0311265,920.3526141,6,2026-05-04,2026-05-04,0.6617852,949,30.7844297449924
142668385,150202051,416,91047,645,0.6449612,0.0045576,1.0310781,403.4611915,4,2026-05-18,2026-05-18,0.6449612,416,30.0018234763274
145846574,152770356,186,484046,387,0.4806202,0.0003841,1.0308533,180.4330522,26,2026-07-09,2026-07-09,0.4806202,186,22.3571315600956
145846574,151430505,200,484046,525,0.3809524,0.0004129,1.0301809,194.1406646,28,2026-07-08,2026-07-19,0.3809524,200,17.720859266702
145846574,152959090,270,484046,777,0.3474903,0.0005572,1.0298867,262.1647683,19,2026-07-15,2026-07-17,0.3474903,270,16.164294286751
153750676,19619027,1211,2390,86903,0.5066946,0.0137486,1.0298817,1175.8631868,29,2026-08-02,2026-08-02,0.5066946,1211,23.5700410282174
145846574,152201363,1438,484046,3274,0.4392181,0.0029596,1.0298063,1396.3790872,16,2026-07-08,2026-07-18,0.4392181,1438,20.4312195893457
142327375,148607929,222,172734,590,0.3762712,0.0012825,1.029487,215.6413927,12,2026-04-13,2026-04-13,0.3762712,222,17.5031027007917
148370408,148803058,910,60338,2428,0.3747941,0.0147116,1.0293458,884.0566328,17,2026-04-17,2026-04-17,0.3747941,910,17.4343920660173
148370408,148781151,692,60338,1606,0.4308842,0.0112976,1.0289961,672.5001104,17,2026-04-17,2026-04-17,0.4308842,692,20.0435494524919
148370408,148774912,232,60338,407,0.5700246,0.0038339,1.0288605,225.4921759,13,2026-04-17,2026-04-18,0.5700246,232,26.5159786764911
148370408,148807778,1066,60338,1700,0.6270588,0.0174834,1.0288071,1036.1515025,17,2026-04-17,2026-04-17,0.6270588,1066,29.1690530017584
145846574,148561468,994,484046,1872,0.5309829,0.0020498,1.0287932,966.1805943,4,2026-04-12,2026-04-12,0.5309829,994,24.6998660303106
148370408,148780974,321,60338,503,0.638171,0.005304,1.0287231,312.0373283,17,2026-04-17,2026-04-17,0.638171,321,29.6859620233144
148370408,148784843,332,60338,498,0.6666667,0.0054872,1.0287039,322.7362237,17,2026-04-17,2026-04-17,0.6666667,332,31.0115037167285
133842212,145846574,242,675,484046,0.3585185,0.0004995,1.0284197,235.3124916,14,2026-04-28,2026-05-03,0.3585185,242,16.6772958590341
145846574,148408590,372,484046,1048,0.3549618,0.0007675,1.0284182,361.7205357,13,2026-04-09,2026-07-19,0.3549618,372,16.5118479444026
142327375,148355550,606,172734,1664,0.3641827,0.0034869,1.028165,589.3995474,12,2026-04-12,2026-04-18,0.3641827,606,16.9407788848884
131200770,148729820,203,556,38069,0.3651079,0.0052834,1.0280322,197.4646362,10,2026-04-22,2026-04-24,0.3651079,203,16.9838166475946
145846574,149400902,619,484046,1353,0.4575018,0.0012769,1.0279784,602.152751,6,2026-05-01,2026-06-07,0.4575018,619,21.2817270925786
148370408,148791881,1069,60338,1718,0.6222352,0.0175283,1.0278195,1040.0658516,17,2026-04-17,2026-04-17,0.6222352,1069,28.9446723789854
148370408,148807384,1172,60338,2002,0.5854146,0.0191603,1.0277932,1140.3072499,15,2026-04-17,2026-04-17,0.5854146,1172,27.2318792039968
148370408,148804778,1029,60338,1662,0.6191336,0.0168769,1.0277454,1001.2207561,17,2026-04-17,2026-04-17,0.6191336,1029,28.8003944663076
142327375,149116783,167,172734,366,0.4562842,0.0009657,1.0276982,162.4990657,3,2026-04-27,2026-04-28,0.4562842,167,21.2250876850224
145846574,92476187,447,484046,1172,0.3813993,0.0009221,1.0274496,435.0578406,15,2026-04-16,2026-07-22,0.3813993,447,17.7416478271791
145846574,152746437,890,484046,1967,0.4524657,0.0018346,1.0273554,866.3019519,21,2026-07-08,2026-07-20,0.4524657,890,21.0474615534902
145846574,149228546,222,484046,491,0.4521385,0.0004584,1.0270179,216.1598133,3,2026-04-27,2026-06-02,0.4521385,222,21.032241108227
122937613,145846574,295,846,484046,0.3486998,0.0006088,1.0269759,287.2511556,8,2026-07-06,2026-07-17,0.3486998,295,16.2205569045559
153752181,19619027,225,565,86903,0.3982301,0.002579,1.0264733,219.1971221,6,2026-08-02,2026-08-03,0.3982301,225,18.5245704131662
148370408,148765787,213,60338,320,0.665625,0.0035239,1.0264481,207.5117152,12,2026-04-16,2026-04-18,0.665625,213,30.9630466940188
148370408,148783265,910,60338,1584,0.5744949,0.0149151,1.0263994,886.5944733,15,2026-04-17,2026-04-17,0.5744949,910,26.7239247536911
148370408,148796015,1209,60338,2012,0.6008946,0.019774,1.0261377,1178.2044466,17,2026-04-17,2026-04-17,0.6008946,1209,27.9519662842948
132041650,148370408,243,302,60338,0.8046358,0.0040234,1.0260006,236.8419707,17,2026-04-17,2026-04-18,0.8046358,243,37.4294472819969
105634549,148370408,360,886,60338,0.4063205,0.0059148,1.0258099,350.9422206,17,2026-04-17,2026-04-17,0.4063205,360,18.9009135988538
145846574,152711069,219,484046,631,0.3470681,0.0004521,1.0257688,213.498411,15,2026-07-08,2026-07-20,0.3470681,219,16.1446547024291
122556614,145846574,301,559,484046,0.5384615,0.0006215,1.0252383,293.5902928,10,2026-07-11,2026-07-15,0.5384615,301,25.0477499604603
145846574,152760795,172,484046,357,0.4817927,0.0003552,1.0251667,167.7775961,20,2026-07-09,2026-07-09,0.4817927,172,22.4116730395304
148370408,148479691,209,60338,320,0.653125,0.0034575,1.0245748,203.9870534,13,2026-04-17,2026-04-18,0.653125,209,30.3815810284034
142668385,150202155,169,91047,353,0.4787535,0.0018524,1.0244214,164.9711762,9,2026-05-18,2026-05-18,0.4787535,169,22.2702978034553
144958513,66228851,384,583,110377,0.6586621,0.0034727,1.0243803,374.8607967,1,2026-05-04,2026-05-05,0.6586621,384,30.6391517113697
148370408,148807635,306,60338,472,0.6483051,0.0050575,1.0239625,298.839083,17,2026-04-17,2026-04-18,0.6483051,306,30.1573725194675
145846574,152789671,208,484046,395,0.5265823,0.0004295,1.0239591,203.1331058,13,2026-07-09,2026-07-27,0.5265823,208,24.4951622056621
145846574,147251550,205,484046,385,0.5324675,0.0004234,1.0237106,200.2519074,11,2026-05-18,2026-07-25,0.5324675,205,24.7689255444844
145846574,152595775,645,484046,1601,0.4028732,0.0013299,1.023619,630.11727,19,2026-07-08,2026-07-20,0.4028732,645,18.7405546717277
145846574,153010914,716,484046,1979,0.3617989,0.0014753,1.0235745,699.5093969,16,2026-07-14,2026-07-29,0.3617989,716,16.8298910565929
145846574,152860664,275,484046,359,0.7660167,0.000568,1.0234704,268.693651,7,2026-07-11,2026-07-12,0.7660167,275,35.6329928270396
136320698,145846574,372,618,484046,0.6019417,0.0007681,1.0231669,363.577058,10,2026-04-09,2026-04-21,0.6019417,372,28.0006745001721
145846574,151879786,1357,484046,3873,0.3503744,0.002789,1.0228645,1326.6664539,17,2026-07-07,2026-07-22,0.3503744,1357,16.2984546968471
142327375,148596453,464,172734,562,0.8256228,0.0026847,1.022589,453.7502239,17,2026-04-13,2026-04-13,0.8256228,464,38.4057048759385
148370408,148778143,608,60338,1061,0.5730443,0.0100015,1.021915,594.9614093,17,2026-04-17,2026-04-17,0.5730443,608,26.6564468261278
145846574,35297520,372,484046,589,0.6315789,0.0007682,1.0217381,364.0854714,16,2026-07-11,2026-07-14,0.6315789,372,29.3793156381702
148370408,148767922,438,60338,1086,0.4033149,0.007182,1.021609,428.7354695,14,2026-04-16,2026-04-17,0.4033149,438,18.7611013424879
142327375,148543187,260,172734,467,0.5567452,0.0015034,1.0211569,254.6131784,12,2026-04-11,2026-04-13,0.5567452,260,25.8982574636933
145846574,151802229,1016,484046,2386,0.4258173,0.0020931,1.02043,995.6587041,28,2026-07-11,2026-07-16,0.4258173,1016,19.8078511820034
145846574,152665178,437,484046,1052,0.4153992,0.0009017,1.0200615,428.405531,10,2026-07-09,2026-07-11,0.4153992,437,19.3232297859276
142327375,148424384,307,172734,718,0.4275766,0.0017731,1.0187841,301.3396192,16,2026-04-12,2026-04-27,0.4275766,307,19.8896889856448
142327375,147833658,168,172734,302,0.5562914,0.0009718,1.018106,165.0122816,17,2026-04-06,2026-04-13,0.5562914,168,25.8771479341688
123178879,66228851,181,330,110377,0.5484848,0.0016376,1.0178557,177.8248109,11,2026-05-04,2026-05-06,0.5484848,181,25.5140063449533
122757790,142327375,791,2262,172734,0.3496905,0.0045406,1.0174046,777.4684642,11,2026-03-22,2026-04-19,0.3496905,791,16.2666415473499
145846574,152644563,532,484046,1448,0.3674033,0.001097,1.0172002,523.0042312,17,2026-07-09,2026-07-20,0.3674033,532,17.0905923507029
121732938,147426077,500,110007,1131,0.4420866,0.0045192,1.0169705,491.6563536,4,2026-03-22,2026-03-22,0.4420866,500,20.5646543302911
148798931,149689543,189,60235,437,0.4324943,0.0031248,1.0166533,185.9040876,15,2026-05-09,2026-05-10,0.4324943,189,20.1184468819485
148370408,148813825,207,60338,376,0.5505319,0.0034211,1.0162742,203.6851939,17,2026-04-17,2026-04-18,0.5505319,207,25.6092318140798
149445478,66228851,292,780,110377,0.374359,0.0026338,1.016212,287.3416091,17,2026-05-04,2026-05-05,0.374359,292,17.4141524091285
145846574,152867195,316,484046,631,0.5007924,0.0006524,1.0160286,311.0148717,15,2026-07-11,2026-07-13,0.5007924,316,23.2954868960898
128741550,145846574,223,581,484046,0.383821,0.0004604,1.0157288,219.5467878,14,2026-07-12,2026-07-12,0.383821,223,17.8542986593728
142327375,146932590,208,172734,429,0.4848485,0.0012026,1.0153427,204.856937,17,2026-03-26,2026-04-14,0.4848485,208,22.5538204620094
110759126,145846574,189,543,484046,0.3480663,0.0003902,1.0149705,186.2123032,11,2026-07-08,2026-07-20,0.3480663,189,16.1910882246225
145846574,148364245,181,484046,424,0.4268868,0.0003737,1.014953,178.3333842,8,2026-04-08,2026-04-12,0.4268868,181,19.8576013843535
145846574,152733331,697,484046,1114,0.6256732,0.0014387,1.0138986,687.4454601,11,2026-07-11,2026-07-14,0.6256732,697,29.1045986956562
148717755,148798931,225,477,60235,0.4716981,0.0037198,1.0138042,221.9363523,4,2026-04-21,2026-05-09,0.4716981,225,21.9420999748807
148360565,148798931,856,2263,60235,0.3782589,0.0138866,1.0137829,844.3622341,7,2026-05-09,2026-05-10,0.3782589,856,17.5955650450752
145846574,152233812,439,484046,847,0.5182999,0.0009062,1.0135694,433.1227901,9,2026-07-11,2026-07-19,0.5182999,439,24.1098877073507
123591261,149406361,301,353875,479,0.6283925,0.0008502,1.0134791,296.9967513,5,2026-07-21,2026-08-06,0.6283925,301,29.2310930624168
148370408,148783137,1037,60338,1054,0.983871,0.0171817,1.0128898,1023.8034014,8,2026-04-17,2026-04-17,0.983871,1037,45.7669764715733
145846574,148119881,710,484046,1765,0.4022663,0.0014636,1.012723,701.0801797,3,2026-04-06,2026-05-03,0.4022663,710,18.7123233507308
145846574,152745247,419,484046,997,0.4202608,0.0008646,1.0124893,413.8315419,15,2026-07-08,2026-07-25,0.4202608,419,19.5493780643241
117874782,148798931,202,508,60235,0.3976378,0.0033366,1.0123143,199.5427795,17,2026-05-09,2026-05-10,0.3976378,202,18.4970182440667
145846574,153101057,469,484046,1191,0.3937867,0.0009675,1.0122932,463.3044839,10,2026-07-16,2026-07-16,0.3937867,469,18.3178756500786
145846574,152586750,724,484046,741,0.977058,0.0014957,1.0122325,715.2506832,6,2026-07-12,2026-07-12,0.977058,724,45.4500544251863
145846574,152721540,295,484046,477,0.6184486,0.0006092,1.0121719,291.452456,8,2026-07-08,2026-07-15,0.6184486,295,28.7685301478318
149542074,66228851,209,306,110377,0.6830065,0.0018918,1.0120508,206.5113671,3,2026-05-04,2026-05-05,0.6830065,209,31.7715863313703
148162095,148370408,196,435,60338,0.4505747,0.0032356,1.0115672,193.7587445,11,2026-04-17,2026-04-17,0.4505747,196,20.9594974275959
145719339,145846574,429,1052,484046,0.4077947,0.0008851,1.0111319,424.2770104,23,2026-07-08,2026-07-16,0.4077947,429,18.9694893335938
145846574,153097546,189,484046,458,0.4126638,0.0003902,1.0104059,187.0535391,24,2026-07-16,2026-07-17,0.4126638,189,19.1959864913897
145846574,153202969,184,484046,437,0.4210526,0.0003799,1.010367,182.1120428,20,2026-07-19,2026-07-20,0.4210526,184,19.5862104254468
148798931,149813459,172,60235,301,0.5714286,0.0028494,1.0103534,170.2374657,14,2026-05-09,2026-05-09,0.5714286,172,26.581288900053
149637483,66228851,284,612,110377,0.4640523,0.0025654,1.0100807,281.1656567,10,2026-05-06,2026-05-06,0.4640523,284,21.5864383599877
121949356,148798931,243,537,60235,0.452514,0.0040146,1.0099811,240.5985501,17,2026-05-09,2026-05-09,0.452514,243,21.0497083368221
148798931,149811550,169,60235,366,0.4617486,0.0027965,1.0097687,167.3650673,17,2026-05-09,2026-05-09,0.4617486,169,21.4792765636775
148798931,149782091,254,60235,435,0.583908,0.0042042,1.0096848,251.5636449,17,2026-05-09,2026-05-09,0.583908,254,27.1617963102515
145846574,150945329,204,484046,504,0.4047619,0.0004212,1.0093667,202.1069219,7,2026-07-16,2026-07-16,0.4047619,204,18.8284118079396
148798931,149769647,179,60235,497,0.360161,0.0029561,1.0093296,177.3454374,10,2026-05-09,2026-05-09,0.360161,179,16.753700447496
145846574,147065372,746,484046,1829,0.4078732,0.0015377,1.0084244,739.7678958,7,2026-04-16,2026-07-19,0.4078732,746,18.9731409379739
145846574,152719808,276,484046,697,0.3959828,0.0005697,1.0083167,273.7235176,21,2026-07-08,2026-07-16,0.3959828,276,18.4200321899392
122703672,145846574,668,1323,484046,0.5049131,0.0013782,1.0081982,662.5681057,9,2026-04-06,2026-04-11,0.5049131,668,23.4871705415539
111688286,145846574,387,787,484046,0.4917408,0.0007989,1.0081578,383.8684885,17,2026-04-07,2026-04-10,0.4917408,387,22.874431326579
145846574,153079014,342,484046,797,0.4291092,0.0007059,1.0075577,339.4346437,22,2026-07-16,2026-07-21,0.4291092,342,19.9609813279745
141019582,147714615,183,518,50745,0.3532819,0.0035826,1.0073285,181.668636,5,2026-04-16,2026-04-21,0.3532819,183,16.4337036106692
148370408,148784136,1096,60338,1120,0.9785714,0.0181571,1.0067657,1088.6345727,8,2026-04-17,2026-04-17,0.9785714,1096,45.5204536362537
153532552,19619027,220,630,86903,0.3492063,0.0025197,1.0067636,218.5219945,13,2026-07-31,2026-08-02,0.3492063,220,16.2441178933266
148798931,149813257,319,60235,508,0.6279528,0.0052794,1.0066412,316.8954462,17,2026-05-09,2026-05-09,0.6279528,319,29.2106394261632
142327375,82912966,246,172734,362,0.679558,0.0014232,1.0064515,244.4231155,14,2026-04-13,2026-04-28,0.679558,246,31.6111715835403
145846574,148706202,183,484046,515,0.3553398,0.0003778,1.0057754,181.9491733,4,2026-04-16,2026-04-17,0.3553398,183,16.5294314661308
145846574,152759235,181,484046,419,0.4319809,0.0003737,1.005509,180.0083267,20,2026-07-09,2026-07-17,0.4319809,181,20.0945649241304
140445138,148729820,6244,13093,38069,0.4768961,0.1390089,1.0054721,6210.0182689,18,2026-04-22,2026-04-22,0.4768961,6244,22.1838966572702
148798931,149395081,973,60235,1787,0.544488,0.015938,1.0049885,968.1703276,17,2026-05-09,2026-05-09,0.544488,973,25.3280861871668
145846574,149190938,492,484046,1120,0.4392857,0.0010151,1.0047813,489.658811,8,2026-04-26,2026-05-30,0.4392857,492,20.4343641556653
148591729,148798931,3745,5388,60235,0.6950631,0.0605223,1.0047145,3727.4268774,17,2026-05-09,2026-05-09,0.6950631,3745,32.332426246895
148798931,149637953,188,60235,366,0.5136612,0.0031119,1.0046163,187.1361327,17,2026-05-09,2026-05-09,0.5136612,188,23.8941081247035
142327375,148596518,4093,172734,4260,0.9607981,0.0236725,1.0039611,4076.8513714,6,2026-04-13,2026-04-13,0.9607981,4093,44.6936885390791
123591261,149367876,208,353875,366,0.568306,0.0005875,1.0038552,207.2011984,4,2026-04-30,2026-04-30,0.568306,208,26.436034125057
149536291,66228851,1088,2071,110377,0.5253501,0.0097701,1.0038294,1083.8494742,7,2026-05-04,2026-05-06,0.5253501,1088,24.4378436462084
145846574,152723354,341,484046,632,0.539557,0.0007041,1.0036237,339.7687663,12,2026-07-12,2026-07-12,0.539557,341,25.0987096113949
145846574,152959899,213,484046,558,0.3817204,0.0004397,1.0036014,212.2356496,6,2026-07-13,2026-07-28,0.3817204,213,17.7565845171974
145846574,151352675,827,484046,2299,0.3597216,0.0017033,1.003493,824.1213174,13,2026-07-05,2026-07-29,0.3597216,827,16.7332607664183
145846574,152768169,176,484046,370,0.4756757,0.0003635,1.0033582,175.4109342,28,2026-07-09,2026-07-09,0.4756757,176,22.1271270014048
136324461,142327375,343,657,172734,0.52207,0.0019821,1.0031183,341.9337325,17,2026-04-11,2026-04-13,0.52207,343,24.2852624038256
142327375,148519063,189,172734,534,0.3539326,0.001092,1.0029899,188.4365854,14,2026-04-11,2026-04-19,0.3539326,189,16.4639723873585
145846574,149442649,209,484046,466,0.4484979,0.0004315,1.0022807,208.5244099,8,2026-05-02,2026-05-19,0.4484979,209,20.8628903960479
142327375,148421143,203,172734,459,0.4422658,0.0011735,1.0016667,202.6622243,14,2026-04-12,2026-04-28,0.4422658,203,20.5729902220734
145846574,148014756,175,484046,332,0.5271084,0.0003614,1.0013202,174.7692708,12,2026-04-06,2026-04-10,0.5271084,175,24.5196349325965
145846574,152871790,327,484046,822,0.3978102,0.0006749,1.001122,326.6335278,20,2026-07-11,2026-07-19,0.3978102,327,18.5050378185269
145846574,152901702,213,484046,381,0.5590551,0.0004399,1.0010245,212.782008,7,2026-07-12,2026-07-27,0.5590551,213,26.0057076669737
142327375,148816194,209,172734,542,0.3856089,0.0012076,1.0008104,208.8307685,17,2026-04-19,2026-04-19,0.3856089,209,17.9374668564571
145846574,146447063,260,484046,700,0.3714286,0.0005367,1.0007547,259.803917,8,2026-04-08,2026-04-30,0.3714286,260,17.277838250207
112655445,145846574,213,588,484046,0.3622449,0.0004397,1.000597,212.8729164,17,2026-04-09,2026-05-16,0.3622449,213,16.850637751542
149979171,150062410,1087,9924,3015,0.3605307,0.0917145,1.0004761,1086.4827215,2,2026-05-15,2026-05-15,0.3605307,1087,16.7708978760222
153751265,19619027,207,424,86903,0.4882075,0.002376,1.0003708,206.923272,17,2026-08-02,2026-08-02,0.4882075,207,22.7100719156735
145846574,97069760,374,484046,938,0.3987207,0.0007718,1.00001,373.9962463,11,2026-07-16,2026-07-21,0.3987207,374,18.5473917776103
147206219,148798931,212,582,60235,0.3642612,0.0034981,0.9999953,212.0009903,10,2026-05-09,2026-05-09,0.3642612,212,16.9444304892685
145846574,153142117,190,484046,443,0.4288939,0.0003923,0.9999309,190.0131391,24,2026-07-17,2026-07-21,0.4288939,190,19.95096616335
145846574,152839673,292,484046,321,0.9096573,0.0006032,0.9995151,292.1416476,4,2026-07-12,2026-07-14,0.9096573,292,42.3147589941109
145846574,152874441,232,484046,575,0.4034783,0.000479,0.9986493,232.3137775,15,2026-07-11,2026-07-27,0.4034783,232,18.7687022616689
142327375,149198544,179,172734,468,0.3824786,0.0010345,0.9986317,179.2452561,8,2026-04-27,2026-04-28,0.3824786,179,17.791853898611
149565846,150282495,409,830,10490,0.4927711,0.0374851,0.9984598,409.630915,6,2026-05-19,2026-05-20,0.4927711,409,22.9223580526017
145846574,98755791,249,484046,480,0.51875,0.0005142,0.9978809,249.5287742,5,2026-05-03,2026-05-04,0.51875,249,24.1308251230381
145846574,152264123,228,484046,552,0.4130435,0.0004707,0.9974933,228.5729573,14,2026-07-08,2026-07-17,0.4130435,228,19.2136490924484
145846574,152785324,260,484046,435,0.5977011,0.0005369,0.9973988,260.6780708,10,2026-07-09,2026-07-25,0.5977011,260,27.8034134360434
146473313,148798931,232,446,60235,0.5201794,0.0038379,0.9972824,232.6321945,14,2026-05-09,2026-05-09,0.5201794,232,24.1973168848326
145846574,152851304,392,484046,1087,0.3606256,0.0008087,0.9963888,393.4207381,26,2026-07-11,2026-07-19,0.3606256,392,16.7753123633556
140432995,142327375,167,329,172734,0.5075988,0.0009659,0.9961726,167.6416318,17,2026-04-11,2026-04-14,0.5075988,167,23.6121019286053
123591261,153167139,587,353875,1696,0.3461085,0.0016536,0.9961112,589.2916312,12,2026-07-18,2026-07-24,0.3461085,587,16.1000167462112
145846574,152610356,475,484046,1264,0.3757911,0.0009797,0.9959685,476.9227366,14,2026-07-05,2026-07-14,0.3757911,475,17.4807697675068
145846574,151153119,850,484046,2413,0.3522586,0.0017504,0.9958959,853.5028415,12,2026-07-09,2026-07-20,0.3522586,850,16.3861025054193
123591261,153243717,179,353875,336,0.5327381,0.0005056,0.995814,179.7524463,7,2026-07-20,2026-07-23,0.5327381,179,24.7815131132137
148777122,66228851,929,1514,110377,0.6136063,0.0083722,0.9958018,932.9165942,17,2026-05-04,2026-05-06,0.6136063,929,28.5432796524231
145846574,60879934,610,484046,979,0.6230848,0.0012593,0.9955969,612.6977681,15,2026-07-11,2026-07-25,0.6230848,610,28.9841934373459
148798931,149771454,434,60235,534,0.8127341,0.0071932,0.9955956,435.9199714,17,2026-05-09,2026-05-10,0.8127341,434,37.8061579539851
145846574,153112421,302,484046,735,0.4108844,0.0006234,0.9954334,303.3854342,21,2026-07-17,2026-07-19,0.4108844,302,19.113213690958
145846574,152845478,311,484046,541,0.5748614,0.0006422,0.9953904,312.4402224,10,2026-07-11,2026-07-27,0.5748614,311,26.740973327007
123591261,152200651,206,353875,553,0.3725136,0.0005816,0.994756,207.0859513,1,2026-07-08,2026-08-06,0.3725136,206,17.3283094699824
147714615,148784136,483,50745,1120,0.43125,0.0094002,0.9947286,485.5595776,2,2026-04-17,2026-04-17,0.43125,483,20.0605654637305
123591261,153167153,593,353875,1713,0.3461763,0.0016704,0.9943584,596.3644587,12,2026-07-18,2026-07-24,0.3461763,593,16.1031706159815
148798931,149684792,246,60235,476,0.5168067,0.0040685,0.994208,247.4331328,17,2026-05-09,2026-05-09,0.5168067,246,24.0404281447989
141613668,145846574,223,546,484046,0.4084249,0.0004604,0.9941536,224.311422,28,2026-07-15,2026-07-19,0.4084249,223,18.9988045065915
142327375,148826757,1113,172734,2713,0.410247,0.0063843,0.9934379,1120.3518063,2,2026-04-18,2026-04-19,0.410247,1113,19.0835635937369
145846574,147494158,400,484046,1115,0.3587444,0.0008251,0.9922564,403.1216301,14,2026-04-06,2026-07-25,0.3587444,400,16.6878041065431
142668385,150062410,1221,91047,3015,0.4049751,0.0131515,0.9904149,1232.8166276,6,2026-05-15,2026-05-15,0.4049751,1221,18.8383292863323
148798931,149651013,298,60235,314,0.9490446,0.004946,0.9902993,300.9191366,4,2026-05-09,2026-05-09,0.9490446,298,44.1469480030143
153728943,19619027,477,1248,86903,0.3822115,0.0054406,0.990142,481.7490928,26,2026-08-01,2026-08-02,0.3822115,477,17.7794291402681
148370408,43246471,289,60338,690,0.4188406,0.0047581,0.9889627,292.2253932,17,2026-04-17,2026-04-17,0.4188406,289,19.4833142612595
142327375,148365937,4970,172734,6670,0.7451274,0.0284922,0.9888722,5025.9272932,17,2026-04-11,2026-04-13,0.7451274,4970,34.6612799687404
153582874,19619027,246,608,86903,0.4046053,0.002819,0.9886555,248.8227774,10,2026-08-02,2026-08-03,0.4046053,246,18.8211272060807
146609141,148370408,169,433,60338,0.3903002,0.0027887,0.9881722,171.0228266,15,2026-04-17,2026-04-17,0.3903002,169,18.1556932466252
142668385,150074520,170,91047,412,0.4126214,0.0018622,0.9880981,172.0476936,7,2026-05-15,2026-05-16,0.4126214,170,19.1940141598519
115063576,145846574,201,402,484046,0.5,0.0004151,0.9878628,203.4695525,7,2026-04-09,2026-07-16,0.5,201,23.2586266246151
145565211,145846574,182,496,484046,0.3669355,0.0003758,0.9877046,184.2656259,10,2026-05-03,2026-05-04,0.3669355,182,17.0688315796329
145846574,152614595,420,484046,937,0.4482391,0.0008668,0.9874564,425.3352515,19,2026-07-18,2026-07-19,0.4482391,420,20.850851730907
144511827,148798931,256,547,60235,0.4680073,0.0042296,0.9873946,259.2681687,7,2026-05-08,2026-05-09,0.4680073,256,21.7704140965884
145846574,149467539,207,484046,565,0.3663717,0.0004273,0.9873042,209.6618201,9,2026-05-02,2026-05-05,0.3663717,207,17.042605152251
142327375,148053777,279,172734,649,0.4298921,0.0016117,0.9872365,282.6070424,5,2026-04-05,2026-04-13,0.4298921,279,19.9973996855434
140458146,145846574,217,585,484046,0.3709402,0.000448,0.987154,219.8238566,15,2026-07-20,2026-07-27,0.3709402,217,17.2551192237201
145846574,153159412,604,484046,1543,0.3914452,0.0012454,0.9868261,612.0632706,28,2026-07-18,2026-07-19,0.3914452,604,18.2089555015955
114996549,145846574,181,483,484046,0.3747412,0.0003737,0.9867892,183.4231723,8,2026-04-06,2026-05-11,0.3747412,181,17.4319313033204
145846574,152215475,353,484046,934,0.3779443,0.0007284,0.9865275,357.8207528,1,2026-07-08,2026-07-25,0.3779443,353,17.580930717203
147714615,148783137,437,50745,1054,0.414611,0.0085082,0.9852611,443.5372694,3,2026-04-17,2026-04-17,0.414611,437,19.2865648869166
153746005,19619027,178,374,86903,0.4759358,0.0020437,0.9841878,180.8597946,26,2026-08-02,2026-08-03,0.4759358,178,22.1392261389749
120582289,66228851,542,1027,110377,0.5277507,0.004889,0.984065,550.7766273,16,2026-05-05,2026-05-06,0.5277507,542,24.5495129643585
145846574,148992817,609,484046,1632,0.3731618,0.0012555,0.9836665,619.1122388,4,2026-07-06,2026-07-28,0.3731618,609,17.3584619535386
145846574,152220088,352,484046,841,0.4185493,0.0007265,0.9834252,357.9326653,11,2026-07-08,2026-07-20,0.4185493,352,19.469763785388
145846574,72069242,206,484046,356,0.5786517,0.0004254,0.9828173,209.6015129,12,2026-04-08,2026-04-09,0.5786517,206,26.9172876719975
145846574,151472931,322,484046,865,0.3722543,0.0006645,0.9827844,327.6405176,12,2026-07-09,2026-07-27,0.3722543,322,17.3162475462149
145846574,152761557,918,484046,1772,0.5180587,0.0018932,0.9824197,934.4274723,14,2026-07-09,2026-07-12,0.5180587,918,24.0986677458669
149502723,66228851,888,1936,110377,0.4586777,0.0079695,0.9822653,904.0327842,17,2026-05-04,2026-05-06,0.4586777,888,21.3364267306744
129129982,66228851,252,578,110377,0.4359862,0.0022764,0.9813414,256.7913773,15,2026-05-04,2026-05-06,0.4359862,252,20.2808804785695
145846574,153089834,306,484046,753,0.4063745,0.0006316,0.9805275,312.0769042,7,2026-07-16,2026-07-25,0.4063745,306,18.9034255305293
142327375,148381801,511,172734,1298,0.3936826,0.0029449,0.9803351,521.2503189,12,2026-04-12,2026-04-19,0.3936826,511,18.3130332040154
142327375,148622254,1275,172734,2393,0.532804,0.0073338,0.9802752,1300.6551761,20,2026-04-13,2026-04-13,0.532804,1275,24.7845786002028
142668385,149695413,210,91047,599,0.3505843,0.0022967,0.9799207,214.3030594,4,2026-05-15,2026-05-18,0.3505843,210,16.3082186683041
142327375,148622257,1433,172734,2412,0.5941128,0.0082492,0.9795714,1462.8846601,19,2026-04-13,2026-04-13,0.5941128,1433,27.6364955762092
142327375,148622258,1378,172734,2335,0.5901499,0.0079336,0.9793843,1407.0063505,19,2026-04-13,2026-04-13,0.5901499,1378,27.4521523533078
145846574,153198959,223,484046,430,0.5186047,0.0004605,0.979378,227.6955324,13,2026-07-19,2026-07-19,0.5186047,223,24.124066166141
148370408,148750747,279,60338,553,0.5045208,0.004603,0.9791414,284.9435334,14,2026-04-17,2026-04-18,0.5045208,279,23.4689218231042
148370408,148785055,1043,60338,1750,0.596,0.0170858,0.9790391,1065.330259,17,2026-04-17,2026-04-17,0.596,1043,27.7242829365412
123591261,153315696,221,353875,588,0.3758503,0.0006239,0.9786285,225.826249,9,2026-07-22,2026-07-25,0.3758503,221,17.4835235888991
148798931,149770229,210,60235,481,0.4365904,0.0034707,0.9780161,214.720398,8,2026-05-09,2026-05-10,0.4365904,210,20.3089862029827
142327375,148428821,450,172734,1263,0.3562945,0.002593,0.9779883,460.1282271,16,2026-04-12,2026-04-29,0.3562945,450,16.5738414878078
145565211,66228851,228,496,110377,0.4596774,0.0020606,0.9769223,233.3860079,17,2026-05-04,2026-05-04,0.4596774,228,21.3829300287477
111345406,145846574,598,1179,484046,0.5072095,0.0012339,0.9766832,612.2763075,11,2026-07-11,2026-07-22,0.5072095,598,23.5939927619154
147714615,148058477,881,50745,1847,0.4769897,0.017037,0.9758567,902.7964472,3,2026-04-20,2026-04-20,0.4769897,881,22.1882506721743
123717848,148370408,303,846,60338,0.358156,0.0049769,0.9754233,310.6343729,7,2026-04-17,2026-04-17,0.358156,303,16.6604333547313
145846574,152864075,292,484046,450,0.6488889,0.0006031,0.9750619,299.4681675,18,2026-07-11,2026-07-12,0.6488889,292,30.1845292919144
132675545,145846574,513,1292,484046,0.3970588,0.0010581,0.9746055,526.3668029,4,2026-04-08,2026-07-28,0.3970588,513,18.4700847544354
145846574,152840330,191,484046,413,0.4624697,0.0003944,0.9742213,196.0540203,13,2026-07-10,2026-07-11,0.4624697,191,21.5128201549955
145846574,152764989,179,484046,394,0.4543147,0.0003696,0.974196,183.7412525,27,2026-07-09,2026-07-09,0.4543147,179,21.133471954748
131042000,66228851,631,1077,110377,0.5858867,0.0056938,0.9741017,647.7763205,17,2026-05-04,2026-05-06,0.5858867,631,27.2538399992557
149481170,66228851,368,831,110377,0.44284,0.0033201,0.97387,377.873859,12,2026-05-04,2026-05-06,0.44284,368,20.5997004288891
114870646,150925366,369,7479,972,0.3796296,0.045657,0.9738689,378.9011186,2,2026-06-02,2026-06-04,0.3796296,369,17.6593262441039
149615902,66228851,172,473,110377,0.3636364,0.0015541,0.9726968,176.827964,7,2026-05-05,2026-05-06,0.3636364,172,16.9153665094384
145846574,152762383,629,484046,1751,0.3592233,0.0012965,0.9725365,646.7623477,24,2026-07-09,2026-07-15,0.3592233,629,16.7100812191242
148798931,149693362,280,60235,688,0.4069767,0.0046172,0.9696644,288.7597037,4,2026-05-08,2026-05-10,0.4069767,280,18.931438220436
145846574,153150759,176,484046,371,0.4743935,0.0003635,0.9696623,181.5064955,10,2026-07-17,2026-07-20,0.4743935,176,22.0674825792887
145846574,149333369,221,484046,534,0.4138577,0.0004563,0.9691054,228.0453649,4,2026-04-30,2026-05-19,0.4138577,221,19.2515234400439
144665151,148370408,213,536,60338,0.3973881,0.0035113,0.9685522,219.9158803,16,2026-04-16,2026-04-18,0.3973881,213,18.4854028859304
145846574,149286125,327,484046,800,0.40875,0.0006749,0.9683614,337.6838314,4,2026-05-02,2026-05-30,0.40875,327,19.0139272656228
145846574,152634930,428,484046,1001,0.4275724,0.0008832,0.9671123,442.5545982,10,2026-07-09,2026-07-26,0.4275724,428,19.8894936131811
123591261,148015013,186,353875,327,0.5688073,0.0005254,0.9666619,192.4147487,4,2026-04-26,2026-04-26,0.5688073,186,26.4593532241108
148370408,148748396,387,60338,819,0.4725275,0.0063683,0.9662662,400.5107578,5,2026-04-17,2026-04-18,0.4725275,387,21.9806813847256
123591261,148578731,246,353875,543,0.4530387,0.0006946,0.965366,254.8256331,6,2026-05-05,2026-05-09,0.4530387,246,21.074115939602
145846574,152667945,221,484046,532,0.4154135,0.0004563,0.9648359,229.054501,11,2026-07-12,2026-07-25,0.4154135,221,19.3238949826491
145846574,7061849,305,484046,870,0.3505747,0.0006294,0.9641828,316.3300471,16,2026-07-08,2026-07-16,0.3505747,305,16.3077721026729
145846574,152794068,187,484046,372,0.5026882,0.0003862,0.9640321,193.9769498,10,2026-07-09,2026-07-17,0.5026882,187,23.3836743047997
142327375,148580550,431,172734,813,0.5301353,0.0024897,0.9634104,447.3690353,12,2026-04-12,2026-04-28,0.5301353,431,24.6604380064566
123591261,149604075,181,353875,411,0.4403893,0.0005111,0.9632126,187.9128162,3,2026-05-05,2026-05-06,0.4403893,181,20.4857005963512
128521536,142668385,204,554,91047,0.368231,0.002232,0.9632084,211.7921635,9,2026-05-15,2026-05-19,0.368231,204,17.1290946812173
129804862,145846574,188,434,484046,0.4331797,0.0003882,0.9622934,195.3666066,26,2026-05-17,2026-07-19,0.4331797,188,20.1503298073255
145846574,151718208,425,484046,1212,0.3506601,0.0008766,0.9619483,441.8117049,4,2026-07-04,2026-07-12,0.3506601,425,16.3117446761004
142256148,148370408,176,499,60338,0.3527054,0.0029014,0.9616315,183.0222944,17,2026-04-17,2026-04-17,0.3527054,176,16.406886414171
145846574,153101851,287,484046,776,0.3698454,0.0005923,0.9601517,298.9111048,26,2026-07-16,2026-07-16,0.3698454,287,17.2041921348628
123591261,149695413,243,353875,599,0.4056761,0.000686,0.9601089,253.0962827,4,2026-05-15,2026-05-19,0.4056761,243,18.87093788086
145846574,148843033,219,484046,495,0.4424242,0.0004522,0.9596112,228.2174329,3,2026-04-18,2026-05-07,0.4424242,219,20.580358554988
145846574,150139750,427,484046,1077,0.3964717,0.000881,0.9595664,444.9926358,16,2026-07-09,2026-07-25,0.3964717,427,18.4427744750528
149525179,66228851,286,644,110377,0.4440994,0.0025827,0.9586651,298.3315162,17,2026-05-04,2026-05-05,0.4440994,286,20.6582842576312
145846574,148354285,510,484046,1353,0.3769401,0.0010518,0.9586266,532.0111327,15,2026-04-07,2026-04-12,0.3769401,510,17.5342180914901
142327375,149211348,207,172734,442,0.4683258,0.0011967,0.9575937,216.1668343,6,2026-04-28,2026-04-29,0.4683258,207,21.7852298417483
147894226,148798931,185,308,60235,0.6006494,0.003065,0.9573757,193.2365656,10,2026-05-09,2026-05-09,0.6006494,185,27.9405602537981
142931499,66228851,382,711,110377,0.5372714,0.0034506,0.9563018,399.4554794,17,2026-05-04,2026-05-06,0.5372714,382,24.9923897773684
145846574,148423291,319,484046,655,0.4870229,0.0006586,0.9554302,333.881024,12,2026-04-09,2026-04-29,0.4870229,319,22.6549675774745
145846574,149410570,171,484046,393,0.4351145,0.0003531,0.9538172,179.2796386,5,2026-05-01,2026-05-13,0.4351145,171,20.2403313889121
147714615,148547797,499,50745,1312,0.3803354,0.0096784,0.9531979,523.5009171,4,2026-04-14,2026-04-20,0.3803354,499,17.6921581214472
123591261,153304910,242,353875,677,0.3574594,0.000683,0.9530925,253.9103074,3,2026-07-21,2026-07-22,0.3574594,242,16.6280294361179
137972912,145846574,216,573,484046,0.3769634,0.0004459,0.9518639,226.9231919,7,2026-07-03,2026-07-27,0.3769634,216,17.5353019434908
138118209,145846574,388,901,484046,0.4306326,0.0008007,0.9517219,407.6821134,18,2026-07-17,2026-07-25,0.4306326,388,20.0318457115744
145846574,152861757,591,484046,1240,0.4766129,0.0012193,0.951479,621.1382792,12,2026-07-11,2026-07-11,0.4766129,591,22.17072297115
145846574,149343340,734,484046,1187,0.6183656,0.001515,0.9509583,771.8529675,6,2026-04-30,2026-05-04,0.6183656,734,28.7646692158121
145846574,152861761,586,484046,1230,0.4764228,0.001209,0.950695,616.3911402,11,2026-07-11,2026-07-11,0.4764228,586,22.1618800413073
124508993,66228851,212,500,110377,0.424,0.0019157,0.9500692,223.1416472,16,2026-05-05,2026-05-06,0.424,212,19.7233153776736
144920260,145846574,178,333,484046,0.5345345,0.0003676,0.9485729,187.6503199,4,2026-04-08,2026-05-07,0.5345345,178,24.8650767069506
145846574,152717322,200,484046,303,0.660066,0.0004131,0.9482647,210.9115638,7,2026-07-11,2026-07-15,0.660066,200,30.7044572832063
123591261,148943599,194,353875,392,0.494898,0.0005479,0.9476125,204.725027,9,2026-07-21,2026-07-22,0.494898,194,23.0212955985375
145846574,146614916,227,484046,491,0.4623218,0.0004687,0.9470163,239.7001962,6,2026-04-12,2026-07-13,0.4623218,227,21.5059402532399
145846574,153200659,170,484046,387,0.4392765,0.000351,0.9458906,179.7248005,26,2026-07-19,2026-07-19,0.4392765,170,20.4339361969354
145846574,152892264,332,484046,819,0.4053724,0.0006852,0.9427382,352.1656439,12,2026-07-12,2026-07-19,0.4053724,332,18.8568105910482
145846574,152881823,184,484046,478,0.3849372,0.0003799,0.9424553,195.2347202,22,2026-07-11,2026-07-19,0.3849372,184,17.9062212174496
142327375,148607752,190,172734,436,0.4357798,0.0010984,0.9393021,202.2778391,17,2026-04-13,2026-04-29,0.4357798,190,20.2712793174989
130103915,145846574,681,1351,484046,0.5040711,0.0014049,0.9392521,725.044938,7,2026-04-29,2026-07-14,0.5040711,681,23.448003014318
148729820,148980458,270,38069,734,0.3678474,0.007007,0.9390272,287.5316101,17,2026-04-22,2026-04-23,0.3678474,270,17.1112506628709
145846574,147352115,384,484046,1006,0.3817097,0.0007923,0.9389812,408.9538651,7,2026-04-16,2026-07-19,0.3817097,384,17.7560867825877
148729820,148884376,378,38069,787,0.480305,0.0098238,0.9388358,402.6263214,17,2026-04-22,2026-04-23,0.480305,378,22.3424693218715
145846574,146285541,517,484046,1275,0.4054902,0.0010664,0.9386895,550.7678762,17,2026-04-06,2026-04-11,0.4054902,517,18.862290323481
147714615,148523125,333,50745,592,0.5625,0.0065289,0.9381558,354.9517159,2,2026-04-15,2026-04-19,0.5625,333,26.165954952692
148497406,66228851,422,890,110377,0.4741573,0.0038071,0.9373896,450.1863497,16,2026-05-04,2026-07-25,0.4741573,422,22.0564952040712
133673357,145846574,196,512,484046,0.3828125,0.0004047,0.9365652,209.2753438,16,2026-05-14,2026-07-20,0.3828125,196,17.8073860094709
145846574,152752781,477,484046,785,0.6076433,0.0009848,0.9357941,509.7275235,4,2026-07-09,2026-07-25,0.6076433,477,28.2658972712979
134058554,142327375,356,855,172734,0.4163743,0.002055,0.9352987,380.6270511,14,2026-04-11,2026-04-28,0.4163743,356,19.3685887595709
123591261,153027790,229,353875,363,0.630854,0.0006469,0.9350759,244.8999187,5,2026-07-18,2026-07-25,0.630854,229,29.3455952812898
114870646,142266250,236,7479,423,0.5579196,0.0307853,0.9349578,252.4178055,2,2026-06-03,2026-06-03,0.5579196,236,25.9528873259092
145846574,152872744,678,484046,1238,0.5476575,0.0013991,0.9345356,725.4940302,21,2026-07-11,2026-07-12,0.5476575,678,25.4755226213403
145846574,152802776,659,484046,1321,0.4988645,0.0013596,0.9344358,705.2383792,18,2026-07-10,2026-07-14,0.4988645,659,23.2058062835506
145846574,153044457,183,484046,527,0.3472486,0.0003778,0.9341798,195.8937616,17,2026-07-15,2026-07-22,0.3472486,183,16.1530510666406
149525400,66228851,431,839,110377,0.5137068,0.0038904,0.9327692,462.0649769,17,2026-05-04,2026-05-06,0.5137068,431,23.8962293114516
148798931,148931265,182,60235,421,0.432304,0.0030096,0.9310672,195.4746062,14,2026-04-20,2026-04-21,0.432304,182,20.1095946486552
145846574,99162196,208,484046,516,0.4031008,0.0004294,0.9310248,223.4097428,17,2026-05-01,2026-07-21,0.4031008,208,18.7511419985673
142327375,148505396,3727,172734,9053,0.4116867,0.0209311,0.9309935,4003.2504096,21,2026-04-12,2026-04-14,0.4116867,3727,19.1505344832398
129313591,145846574,167,477,484046,0.3501048,0.0003448,0.9309682,179.3831447,10,2026-04-09,2026-07-18,0.3501048,167,16.2859136453711
145846574,152898412,908,484046,2493,0.3642198,0.0018697,0.9295927,976.7719134,11,2026-07-12,2026-07-20,0.3642198,908,16.942504674984
145846574,152820606,266,484046,615,0.4325203,0.0005491,0.929536,286.1642784,18,2026-07-11,2026-07-16,0.4325203,266,20.119656330533
145846574,149404495,231,484046,454,0.5088106,0.000477,0.9267551,249.2567819,3,2026-05-01,2026-05-04,0.5088106,231,23.6684715360927
142327375,148474568,1244,172734,2276,0.5465729,0.0071591,0.921271,1350.3083666,18,2026-04-13,2026-04-13,0.5465729,1244,25.4250700084661
145846574,151283387,381,484046,858,0.4440559,0.0007863,0.9196772,414.2757822,13,2026-07-10,2026-07-21,0.4440559,381,20.6562607571148
145846574,148153636,482,484046,973,0.4953751,0.0009948,0.9183263,524.8678781,11,2026-04-08,2026-05-18,0.4953751,482,23.0434889800627
23728868,66228851,171,311,110377,0.5498392,0.0015473,0.9180306,186.2682992,14,2026-05-04,2026-05-05,0.5498392,171,25.5770093127541
123591261,150129045,352,353875,896,0.3928571,0.0009932,0.9171396,383.8019801,10,2026-05-16,2026-05-20,0.3928571,352,18.2746332114581
142327375,148421301,337,172734,921,0.3659066,0.0019444,0.9165661,367.6766951,14,2026-04-11,2026-04-19,0.3659066,337,17.0209699777648
153709254,19619027,258,646,86903,0.3993808,0.0029556,0.9155308,281.8037428,18,2026-08-01,2026-08-05,0.3993808,258,18.5780978164801
147714615,148705414,357,50745,725,0.4924138,0.0069845,0.9150085,390.1603193,2,2026-04-15,2026-04-17,0.4924138,357,22.9057374380158
123591261,146650678,383,353875,862,0.4443155,0.0010808,0.9142766,418.9104084,7,2026-05-17,2026-06-22,0.4443155,383,20.6683366360583
145846574,149294439,223,484046,557,0.4003591,0.0004604,0.9130679,244.2315737,9,2026-04-28,2026-05-15,0.4003591,223,18.6236056453339
145846574,153159215,446,484046,990,0.4505051,0.0009204,0.9125534,488.73853,6,2026-07-18,2026-07-19,0.4505051,446,20.9562598267697
123591261,149541805,335,353875,907,0.3693495,0.0009451,0.9102058,368.0486318,4,2026-05-05,2026-05-06,0.3693495,335,17.1811242289765
145846574,152710991,486,484046,1377,0.3529412,0.0010022,0.908702,534.8287905,24,2026-07-08,2026-07-19,0.3529412,486,16.4178551824872
149581373,66228851,214,481,110377,0.4449064,0.0019341,0.9066176,236.0421791,17,2026-05-05,2026-05-05,0.4449064,214,20.6958236810033
145846574,149454582,305,484046,753,0.4050465,0.0006295,0.9059876,336.6492135,3,2026-05-02,2026-05-08,0.4050465,305,18.8416506182143
147714615,148706574,410,50745,1031,0.3976722,0.0079819,0.9046059,453.2360679,4,2026-04-15,2026-04-19,0.3976722,410,18.4986184375785
149456178,66228851,248,539,110377,0.4601113,0.0022409,0.9025253,274.7845537,5,2026-05-04,2026-05-06,0.4601113,248,21.4031138649325
145846574,148429677,196,484046,557,0.3518851,0.0004046,0.9019156,217.3152367,29,2026-04-09,2026-04-11,0.3518851,196,16.3687283113307
145846574,153197542,391,484046,785,0.4980892,0.0008071,0.8987768,435.0357106,8,2026-07-19,2026-07-21,0.4980892,391,23.1697414571064
145846574,153167418,181,484046,478,0.3786611,0.0003737,0.8981588,201.5233882,14,2026-07-18,2026-07-19,0.3786611,181,17.6142742843321
145846574,149323610,382,484046,941,0.4059511,0.0007883,0.8966792,426.0163296,5,2026-04-29,2026-07-10,0.4059511,382,18.8837301255036
148798931,149778323,172,60235,481,0.3575884,0.0028409,0.8948104,192.2194958,17,2026-05-09,2026-05-10,0.3575884,172,16.634030161787
149483609,66228851,242,597,110377,0.4053601,0.0021855,0.8922663,271.2194836,16,2026-05-04,2026-07-22,0.4053601,242,18.8562384288333
12249654,148370408,286,626,60338,0.456869,0.0047134,0.886127,322.7528445,4,2026-04-16,2026-04-17,0.456869,286,21.2522909747225
145846574,148407347,925,484046,2065,0.4479419,0.0019065,0.885447,1044.6700592,17,2026-04-09,2026-04-10,0.4479419,925,20.8370268032413
148798931,149786528,296,60235,574,0.5156794,0.0048915,0.8816933,335.7176584,2,2026-05-09,2026-05-09,0.5156794,296,23.9879892452111
145846574,149450514,251,484046,628,0.3996815,0.0005181,0.881361,284.7868113,7,2026-05-02,2026-05-08,0.3996815,251,18.5920855545322
145846574,153211273,178,484046,446,0.3991031,0.0003675,0.8803901,202.1830976,27,2026-07-19,2026-07-19,0.3991031,178,18.5651799752528
145846574,152847379,195,484046,526,0.3707224,0.0004026,0.8800472,221.5790299,11,2026-07-11,2026-07-19,0.3707224,195,17.2449877659624
145846574,152052667,172,484046,395,0.435443,0.0003552,0.879087,195.6575391,15,2026-07-10,2026-07-20,0.435443,172,20.2556123066045
149537723,66228851,439,1161,110377,0.3781223,0.0039514,0.8779869,500.0074518,17,2026-05-04,2026-05-04,0.3781223,439,17.5892107882814
142327375,145599753,737,172734,1936,0.3806818,0.0042373,0.8745996,842.6713192,16,2026-04-11,2026-04-13,0.3806818,737,17.7082716979728
145846574,148338327,176,484046,476,0.3697479,0.0003634,0.8730899,201.5828999,19,2026-04-07,2026-04-12,0.3697479,176,17.199656702671
148370408,148426135,463,60338,1103,0.4197643,0.0075929,0.872659,530.5623566,9,2026-04-16,2026-04-18,0.4197643,463,19.5262822480858
131492674,145846574,186,498,484046,0.373494,0.000384,0.8712809,213.4788072,15,2026-07-14,2026-07-20,0.373494,186,17.373914985068
123591261,153216599,528,353875,1274,0.4144427,0.0014889,0.8681845,608.1656829,12,2026-07-21,2026-07-27,0.4144427,528,19.2787360331947
149504459,66228851,227,563,110377,0.4031972,0.0020503,0.8677387,261.5994997,5,2026-05-04,2026-05-06,0.4031972,227,18.7556262617805
145846574,149308279,871,484046,2065,0.4217918,0.001795,0.8660372,1005.7304878,4,2026-04-29,2026-04-30,0.4217918,871,19.6205959790486
126081889,145846574,2314,3532,484046,0.6551529,0.0047685,0.8636489,2679.3293904,6,2026-05-02,2026-05-03,0.6551529,2314,30.4759133662676
145653909,145846574,189,527,484046,0.3586338,0.0003902,0.8631045,218.9769627,7,2026-05-01,2026-07-26,0.3586338,189,16.6826592983338
145846574,78108211,223,484046,569,0.3919156,0.0004604,0.8598736,259.3404498,14,2026-07-16,2026-07-21,0.3919156,223,18.230837217524
145846574,152768469,417,484046,1144,0.3645105,0.0008602,0.8573351,486.3909294,15,2026-07-09,2026-07-19,0.3645105,417,16.9560272405035
144433827,148370408,376,1084,60338,0.3468635,0.0061593,0.8559005,439.30338,17,2026-04-17,2026-04-17,0.3468635,376,16.1351372724143
142327375,143778441,378,172734,984,0.3841463,0.0021807,0.8471374,446.2085986,7,2026-03-22,2026-04-13,0.3841463,378,17.8694307218547
148370408,148571054,208,60338,481,0.4324324,0.0034317,0.8412708,247.2449972,17,2026-04-17,2026-04-18,0.4324324,208,20.1155674639724
147167946,66228851,213,363,110377,0.5867769,0.0019271,0.8397976,253.6325508,11,2026-05-05,2026-05-06,0.5867769,213,27.2952496580982
145846574,153050182,331,484046,948,0.3491561,0.0006829,0.8345965,396.5988255,17,2026-07-15,2026-07-25,0.3491561,331,16.2417827272135
124107925,66228851,244,638,110377,0.3824451,0.0022027,0.8334323,292.7652324,17,2026-05-06,2026-05-06,0.3824451,244,17.7902955706271
145846574,5852326,200,484046,505,0.3960396,0.0004129,0.8295268,241.1013267,13,2026-07-18,2026-07-19,0.3960396,200,18.4226743699238
145224352,66228851,212,467,110377,0.4539615,0.0019163,0.8120328,261.0731947,14,2026-05-04,2026-05-04,0.4539615,212,21.1170420609004
145846574,149321619,435,484046,969,0.4489164,0.0008977,0.8087098,537.8938116,8,2026-04-29,2026-04-29,0.4489164,435,20.8823578665327
148673455,148729820,294,726,38069,0.4049587,0.0076362,0.8068383,364.3852674,7,2026-04-22,2026-04-22,0.4049587,294,18.837566403379
145480149,66228851,757,1839,110377,0.4116368,0.0067917,0.8042502,941.2493466,17,2026-05-04,2026-05-06,0.4116368,757,19.1482132723027
147714615,148681640,205,50745,554,0.3700361,0.0040122,0.8041864,254.9160143,2,2026-04-15,2026-04-16,0.3700361,205,17.2130629750574
149570234,66228851,181,344,110377,0.5261628,0.0016374,0.8037038,225.2073462,13,2026-05-05,2026-05-05,0.5261628,181,24.475648217924
145846574,148382568,200,484046,564,0.3546099,0.0004129,0.8000551,249.9827733,7,2026-04-08,2026-04-09,0.3546099,200,16.4954785229842
149527327,66228851,264,551,110377,0.4791289,0.0023856,0.7989927,330.4160545,16,2026-05-04,2026-05-06,0.4791289,264,22.2877603803251
149350700,66228851,967,1839,110377,0.5258293,0.0086922,0.798518,1210.9933941,6,2026-05-04,2026-05-04,0.5258293,967,24.4601347139654
145846574,149403120,269,484046,466,0.5772532,0.0005555,0.7950559,338.34098,4,2026-05-01,2026-05-05,0.5772532,269,26.8522332933285
123591261,150202051,315,353875,645,0.4883721,0.0008893,0.790964,398.2482364,4,2026-05-18,2026-05-18,0.4883721,315,22.7177286555583
145846574,148823723,265,484046,661,0.4009077,0.000547,0.7883612,336.1403353,3,2026-04-18,2026-04-29,0.4009077,265,18.6491250104664
147714615,148706202,219,50745,515,0.4252427,0.0042907,0.7870632,278.2495656,2,2026-04-15,2026-04-17,0.4252427,219,19.7811223682864
149279970,66228851,217,565,110377,0.3840708,0.0019598,0.7786057,278.7033421,17,2026-05-04,2026-05-06,0.3840708,217,17.8659186692344
145846574,148096844,182,484046,482,0.3775934,0.0003758,0.7710291,236.0481589,9,2026-04-09,2026-04-10,0.3775934,182,17.5646078130379
145846574,153199381,177,484046,502,0.3525896,0.0003654,0.7705279,229.7126377,28,2026-07-19,2026-07-19,0.3525896,177,16.4014997162448
148729820,148943476,841,38069,2071,0.406084,0.0214,0.7650642,1099.2540912,15,2026-04-22,2026-04-22,0.406084,841,18.8899122684604
149537629,66228851,219,471,110377,0.4649682,0.0019796,0.7524392,291.0534071,13,2026-05-04,2026-05-06,0.4649682,219,21.6290435122387
145846574,153105218,236,484046,631,0.3740095,0.0004872,0.7380776,319.7495553,16,2026-07-16,2026-07-20,0.3740095,236,17.3978946291179
145846574,149453626,201,484046,353,0.5694051,0.0004151,0.7359631,273.1115072,3,2026-05-02,2026-05-03,0.5694051,201,26.4871612381032
153859037,66228851,238,684,110377,0.3479532,0.0021476,0.7324527,324.9356518,17,2026-08-05,2026-08-05,0.3479532,238,16.18582712328
142290432,142327375,178,300,172734,0.5933333,0.0010298,0.7323399,243.0565397,8,2026-04-12,2026-04-13,0.5933333,178,27.6002353773014
142327375,148552698,886,172734,2378,0.372582,0.0050853,0.7223484,1226.5549233,17,2026-04-12,2026-04-12,0.372582,886,17.3314912501047
126867868,145846574,253,726,484046,0.3484848,0.0005222,0.6934153,364.860701,6,2026-04-30,2026-05-01,0.3484848,253,16.2105556951073
150282495,150317650,501,10490,994,0.5040241,0.045616,0.6804301,736.2990309,6,2026-05-20,2026-05-20,0.5040241,501,23.4458167034153
145846574,149505261,234,484046,570,0.4105263,0.0004831,0.6760827,346.1115221,4,2026-05-03,2026-05-05,0.4105263,234,19.0965558625694
145846574,20489397,265,484046,744,0.3561828,0.0005469,0.6545637,404.849808,2,2026-04-16,2026-05-02,0.3561828,265,16.5686455106199
149544717,66228851,270,676,110377,0.3994083,0.0024372,0.6317317,427.3966073,17,2026-05-04,2026-05-05,0.3994083,270,18.5793770409445
142327375,148588315,224,172734,506,0.4426877,0.0012947,0.5089204,440.147395,4,2026-04-13,2026-04-13,0.4426877,224,20.5926158512192
