__source_pk,dt,id,gtype,set01,set02,set03,set04,set05,set06,set07,set08,set09,set10,set11,set12,set13,set14,status,sort,source_db,source_table,ods_table_name,sync_time
00411460f7c92d2124a67ea0f4cb5f85,2026-07-23,363,101,"100,300000","100,300000","100,5000","100,5000","100,300000","100,75000","100,5000","100,60000","100,5000","100,10000","0,0","1,3000","0,0","20,5000",1,61,a168,bet_limit_default,ods_a168_bet_limit_default,2026-07-23 04:05:14
01161aaa0b6d1345dd8fe4e481144d84,2026-07-23,236,108,"100000,10000000","100000,10000000","100000,3333333","100000,1000000",,,,,,,,,,,1,31,a168,bet_limit_default,ods_a168_bet_limit_default,2026-07-23 04:05:14
019d385eb67632a7e958e23f24bd07d7,2026-07-23,433,108,"200,100000","200,100000","200,33333","200,10000",,,,,,,,,,,1,43,a168,bet_limit_default,ods_a168_bet_limit_default,2026-07-23 04:05:14
0266e33d3f546cb5436a10798e657d97,2026-07-23,245,107,"500,50000","500,50000","500,12500","500,18500","500,50000","500,50000","500,50000",,,,,,,,1,17,a168,bet_limit_default,ods_a168_bet_limit_default,2026-07-23 04:05:14
0353ab4cbed5beae847a7ff6e220b5cf,2026-07-23,461,101,"10,50000","10,50000","10,6250","10,4550","10,50000","10,12500","10,4550","10,10000","10,4550","10,1666","0,0","1,500","0,0",,1,66,a168,bet_limit_default,ods_a168_bet_limit_default,2026-07-23 04:05:14
04025959b191f8f9de3f924f0940515f,2026-07-23,339,112,"100000,10000000","100000,10000000",,,,,,,,,,,,,1,17,a168,bet_limit_default,ods_a168_bet_limit_default,2026-07-23 04:05:14
0584ce565c824b7b7f50282d9a19945b,2026-07-23,384,107,"2,5000","2,5000","2,2000","2,2500","2,5000","2,5000","2,5000",,,,,,,,1,3,a168,bet_limit_default,ods_a168_bet_limit_default,2026-07-23 04:05:14
0777d5c17d4066b82ab86dff8a46af6f,2026-07-23,163,102,"200,10000","200,10000","200,1250","200,10000","200,10000",,,,,,,,,,1,21,a168,bet_limit_default,ods_a168_bet_limit_default,2026-07-23 04:05:14
084b6fbb10729ed4da8c3d3f5a3ae7c9,2026-07-23,196,105,"10,100000","10,100000","10,20000",,,,,,,,,,,,1,10,a168,bet_limit_default,ods_a168_bet_limit_default,2026-07-23 04:05:14
093f65e080a295f8076b1c5722a46aa2,2026-07-23,59,101,"5,500","5,500","5,100","5,50","5,500","5,125","5,50","5,100","5,50","5,17","0,0","1,5","0,0","1,50",1,4,a168,bet_limit_default,ods_a168_bet_limit_default,2026-07-23 04:05:14
094cc96136319f75f6a7be9c625752c4,2026-07-23,99102,102,"1,100","1,100","1,20","1,100","1,100",,,,,,,,,,0,67,a168,bet_limit_default,ods_a168_bet_limit_default,2026-07-23 04:05:14
0a09c8844ba8f0936c20bd791130d6b6,2026-07-23,144,104,"5,500","5,500","5,250","5,100","5,100","5,70","5,50","5,40","5,30","5,25","5,30","5,10","5,10","4,4",1,4,a168,bet_limit_default,ods_a168_bet_limit_default,2026-07-23 04:05:14
13f3cf8c531952d72e5847c4183e6910,2026-07-23,443,111,"100,20000","100,20000","100,10000","100,2800","100,2500","100,200","100,150",,,,,,,,1,29,a168,bet_limit_default,ods_a168_bet_limit_default,2026-07-23 04:05:14
140f6969d5213fd0ece03148e62e461e,2026-07-23,159,102,"30,1500","30,1500","30,200","30,1500","30,1500",,,,,,,,,,1,14,a168,bet_limit_default,ods_a168_bet_limit_default,2026-07-23 04:05:14
149e9677a5989fd342ae44213df68868,2026-07-23,170,104,"500,30000","500,30000","500,15000","500,6000","500,5000","500,3750","500,2500","500,2150","500,1700","500,1250","500,1000","500,600","500,500","200,200",1,24,a168,bet_limit_default,ods_a168_bet_limit_default,2026-07-23 04:05:14
14bfa6bb14875e45bba028a21ed38046,2026-07-23,69,101,"2000000,200000000","2000000,200000000","2000000,25000000","2000000,19000000","2000000,200000000","2000000,50000000","2000000,19000000","2000000,40000000","2000000,19000000","2000000,6666666","0,0","1,2000000","0,0","200000,19000000",1,56,a168,bet_limit_default,ods_a168_bet_limit_default,2026-07-23 04:05:14
158f3069a435b314a80bdcb024f8e422,2026-07-23,313,108,"700,70000","700,70000","700,25000","700,7000",,,,,,,,,,,1,17,a168,bet_limit_default,ods_a168_bet_limit_default,2026-07-23 04:05:14
1c9ac0159c94d8d0cbedc973445af2da,2026-07-23,156,104,"10,500","10,500","10,250","10,100","10,100","10,100","10,50","10,50","10,50","10,20","10,20","10,10","10,10","5,5",1,8,a168,bet_limit_default,ods_a168_bet_limit_default,2026-07-23 04:05:14
218a0aefd1d1a4be65601cc6ddc1520e,2026-07-23,485,102,"5,2000","5,2000","5,250","5,2000","5,2000",,,,,,,,,,1,6,a168,bet_limit_default,ods_a168_bet_limit_default,2026-07-23 04:05:14
28dd2c7955ce926456240b2ff0100bde,2026-07-23,77,102,"200000,20000000","200000,20000000","200000,2500000","200000,20000000","200000,20000000",,,,,,,,,,1,43,a168,bet_limit_default,ods_a168_bet_limit_default,2026-07-23 04:05:14
2a38a4a9316c49e5a833517c45d31070,2026-07-23,88,103,"100000,10000000","100000,10000000","100000,5000000","100000,2000000","100000,1250000","100000,950000","100000,600000","100000,300000",,,,,,,1,35,a168,bet_limit_default,ods_a168_bet_limit_default,2026-07-23 04:05:14
310dcbbf4cce62f762a2aaa148d556bd,2026-07-23,333,112,"1000,100000","1000,100000",,,,,,,,,,,,,1,12,a168,bet_limit_default,ods_a168_bet_limit_default,2026-07-23 04:05:14
33e8075e9970de0cfea955afd4644bb2,2026-07-23,535,110,"5,75000","5,75000","5,75000","5,7500","5,7500","5,7500","5,7500","5,7500","5,3750","5,2250","5,2250","5,2250","5,1500",,1,41,a168,bet_limit_default,ods_a168_bet_limit_default,2026-07-23 04:05:14
3416a75f4cea9109507cacd8e2f2aefc,2026-07-23,41,102,"50000,1000000","50000,1000000","50000,125000","50000,1000000","50000,1000000",,,,,,,,,,1,39,a168,bet_limit_default,ods_a168_bet_limit_default,2026-07-23 04:05:14
3644a684f98ea8fe223c713b77189a77,2026-07-23,200,101,"10,3000","10,3000","10,400","10,300","10,3000","10,750","10,300","10,600","10,300","10,100","0,0","10,30","0,0","1,300",1,10,a168,bet_limit_default,ods_a168_bet_limit_default,2026-07-23 04:05:14
3b8a614226a953a8cd9526fca6fe9ba5,2026-07-23,215,111,"50000,5000000","50000,5000000","50000,2500000","50000,375000","50000,300000","25000,25000","25000,25000",,,,,,,,1,23,a168,bet_limit_default,ods_a168_bet_limit_default,2026-07-23 04:05:14
3cec07e9ba5f5bb252d13f5f431e4bbb,2026-07-23,247,111,"500,50000","500,50000","500,2500","500,3750","500,3000","250,250","250,250",,,,,,,,1,12,a168,bet_limit_default,ods_a168_bet_limit_default,2026-07-23 04:05:14
3fc685cf33edf02c547abb4eb7dba00f,2026-07-23,99104,104,"1,100","1,100","1,50","1,20","1,20","1,15","1,10","1,10","1,10","1,5","1,5","1,3","1,3","1,2",0,61,a168,bet_limit_default,ods_a168_bet_limit_default,2026-07-23 04:05:14
443cb001c138b2561a0d90720d6ce111,2026-07-23,648,101,"20,200000","20,200000","20,200000","20,200000","20,200000","20,200000","20,200000","20,200000","20,200000","20,200000","0,0","20,2000",,,1,0,a168,bet_limit_default,ods_a168_bet_limit_default,2026-07-23 04:05:14
46ba9f2a6976570b0353203ec4474217,2026-07-23,284,104,"70000,7000000","70000,7000000","70000,3500000","70000,1400000","70000,1200000","70000,900000","70000,600000","70000,500000","70000,400000","70000,300000","70000,250000","70000,140000","70000,120000","50000,50000",1,39,a168,bet_limit_default,ods_a168_bet_limit_default,2026-07-23 04:05:14
49182f81e6a13cf5eaa496d51fea6406,2026-07-23,295,106,"1100,110000","1100,110000","1100,15000","1100,10000","1100,5000",,,,,,,,,,1,21,a168,bet_limit_default,ods_a168_bet_limit_default,2026-07-23 04:05:14
4e732ced3463d06de0ca9a15b6153677,2026-07-23,26,103,"300,30000","300,30000","300,15000","300,6000","300,3750","300,2750","300,1800","300,900",,,,,,,1,19,a168,bet_limit_default,ods_a168_bet_limit_default,2026-07-23 04:05:14
502e4a16930e414107ee22b6198c578f,2026-07-23,258,107,"1000,100000","1000,100000","1000,25000","1000,37000","1000,100000","1000,100000","1000,100000",,,,,,,,1,20,a168,bet_limit_default,ods_a168_bet_limit_default,2026-07-23 04:05:14
53fde96fcc4b4ce72d7739202324cd49,2026-07-23,522,104,"1,10000","1,10000","1,5000","1,2000","1,1700","1,1250","1,850","1,750","1,600","1,450","1,350","1,200","1,200","1,100",1,58,a168,bet_limit_default,ods_a168_bet_limit_default,2026-07-23 04:05:14
5737034557ef5b8c02c0e46513b98f90,2026-07-23,539,113,"5,75000","5,75000","5,12500","5,5000",,,,,,,,,,,1,29,a168,bet_limit_default,ods_a168_bet_limit_default,2026-07-23 04:05:14
577bcc914f9e55d5e4e4f82f9f00e7d4,2026-07-23,302,107,"1100,110000","1100,110000","1100,30000","1100,40000","1100,110000","1100,110000","1100,110000",,,,,,,,1,21,a168,bet_limit_default,ods_a168_bet_limit_default,2026-07-23 04:05:14
5ef0b4eba35ab2d6180b0bca7e46b6f9,2026-07-23,475,103,"5,1000","5,1000","5,500","5,200","5,150","5,100","5,100","5,30",,,,,,,1,6,a168,bet_limit_default,ods_a168_bet_limit_default,2026-07-23 04:05:14
65b9eea6e1cc6bb9f0cd2a47751a186f,2026-07-23,105,105,"50000,5000000","50000,5000000","50000,1000000",,,,,,,,,,,,1,29,a168,bet_limit_default,ods_a168_bet_limit_default,2026-07-23 04:05:14
65ded5353c5ee48d0b7d48c591b8f430,2026-07-23,132,108,"5,500","5,500","5,165","5,50",,,,,,,,,,,1,4,a168,bet_limit_default,ods_a168_bet_limit_default,2026-07-23 04:05:14
66368270ffd51418ec58bd793f2d9b1b,2026-07-23,431,108,"100,30000","100,30000","100,10000","100,3000",,,,,,,,,,,1,41,a168,bet_limit_default,ods_a168_bet_limit_default,2026-07-23 04:05:14
70efdf2ec9b086079795c442636b55fb,2026-07-23,17,104,"100,10000","100,10000","100,5000","100,2000","100,1700","100,1250","100,850","100,750","100,600","100,450","100,350","100,200","100,200","100,100",1,20,a168,bet_limit_default,ods_a168_bet_limit_default,2026-07-23 04:05:14
73278a4a86960eeb576a8fd4c9ec6997,2026-07-23,113,107,"50,5000","50,5000","50,1250","50,1750","50,5000","50,5000","50,5000",,,,,,,,1,13,a168,bet_limit_default,ods_a168_bet_limit_default,2026-07-23 04:05:14
7380ad8a673226ae47fce7bff88e9c33,2026-07-23,497,101,"1,30000","1,30000","1,3750","1,2750","1,30000","1,7500","1,2750","1,6000","1,2750","1,1000","0,0","1,300","0,0",,1,67,a168,bet_limit_default,ods_a168_bet_limit_default,2026-07-23 04:05:14
851ddf5058cf22df63d3344ad89919cf,2026-07-23,614,105,"0,0","0,0","0,0",,,,,,,,,,,,1,1,a168,bet_limit_default,ods_a168_bet_limit_default,2026-07-23 04:05:14
85422afb467e9456013a2a51d4dff702,2026-07-23,526,103,"5,75000","5,75000","5,37500","5,15000","5,9400","5,6900","5,4500","5,2250",,,,,,,1,50,a168,bet_limit_default,ods_a168_bet_limit_default,2026-07-23 04:05:14
8597a6cfa74defcbde3047c891d78f90,2026-07-23,1119,106,"3000,300000","3000,300000","3000,40000","3000,20000","3000,15000",,,,,,,,,,1,23,a168,bet_limit_default,ods_a168_bet_limit_default,2026-07-23 04:05:14
8bf1211fd4b7b94528899de0a43b9fb3,2026-07-23,378,101,"2,5000","2,5000","2,500","2,500","2,3500","2,1250","2,500","2,1000","2,500","2,166","0,0","2,50","0,0",,1,3,a168,bet_limit_default,ods_a168_bet_limit_default,2026-07-23 04:05:14
8d3bba7425e7c98c50f52ca1b52d3735,2026-07-23,319,110,"70,7000","70,7000","70,7000","70,700","70,7000","70,700","70,700","70,700","70,350","70,250","70,250","70,250","70,140","70,70",1,14,a168,bet_limit_default,ods_a168_bet_limit_default,2026-07-23 04:05:14
8efb100a295c0c690931222ff4467bb8,2026-07-23,387,112,"2,5000","2,5000",,,,,,,,,,,,,1,2,a168,bet_limit_default,ods_a168_bet_limit_default,2026-07-23 04:05:14
9431c87f273e507e6040fcb07dcb4509,2026-07-23,452,107,"20,30000","20,30000","20,10000","20,15000","20,30000","20,30000","20,30000",,,,,,,,1,39,a168,bet_limit_default,ods_a168_bet_limit_default,2026-07-23 04:05:14
950a4152c2b4aa3ad78bdd6b366cc179,2026-07-23,312,108,"70,7000","70,7000","70,2500","70,1000",,,,,,,,,,,1,12,a168,bet_limit_default,ods_a168_bet_limit_default,2026-07-23 04:05:14
979d472a84804b9f647bc185a877a8b5,2026-07-23,213,111,"10000,1000000","10000,1000000","10000,500000","10000,75000","10000,60000","5000,5000","5000,5000",,,,,,,,1,20,a168,bet_limit_default,ods_a168_bet_limit_default,2026-07-23 04:05:14
9ad6aaed513b73148b7d49f70afcfb32,2026-07-23,583,128,"50,5000","50,5000",,,,,,,,,,,,,1,10,a168,bet_limit_default,ods_a168_bet_limit_default,2026-07-23 04:05:14
9de6d14fff9806d4bcd1ef555be766cd,2026-07-23,350,101,"20,50000","20,50000","20,5000","20,5000","20,35000","20,12500","20,5000","20,10000","20,2500","20,3333","0,0","20,500","0,0","20,5000",1,13,a168,bet_limit_default,ods_a168_bet_limit_default,2026-07-23 04:05:14
a1d0c6e83f027327d8461063f4ac58a6,2026-07-23,42,103,"500,50000","500,50000","500,25000","500,10000","500,6250","500,4550","500,2950","500,1450",,,,,,,1,20,a168,bet_limit_default,ods_a168_bet_limit_default,2026-07-23 04:05:14
a8baa56554f96369ab93e4f3bb068c22,2026-07-23,142,110,"100000,10000000","100000,10000000","100000,10000000","100000,1000000","100000,10000000","100000,1000000","100000,1000000","100000,1000000","100000,500000","100000,300000","100000,300000","100000,300000","100000,200000","100000,100000",1,30,a168,bet_limit_default,ods_a168_bet_limit_default,2026-07-23 04:05:14
bca82e41ee7b0833588399b1fcd177c7,2026-07-23,380,103,"2,5000","2,5000","2,2500","2,1000","2,700","2,500","2,350","2,200",,,,,,,1,4,a168,bet_limit_default,ods_a168_bet_limit_default,2026-07-23 04:05:14
c361bc7b2c033a83d663b8d9fb4be56e,2026-07-23,605,101,"1,1000000","1,1000000","1,1000000","1,1000000","1,1000000","1,1000000","1,1000000","1,1000000","1,1000000","1,1000000","0,0","1,10000","0,0",,1,75,a168,bet_limit_default,ods_a168_bet_limit_default,2026-07-23 04:05:14
c7e1249ffc03eb9ded908c236bd1996d,2026-07-23,87,103,"50000,5000000","50000,5000000","50000,2500000","50000,1000000","50000,650000","50000,500000","50000,300000","50000,150000",,,,,,,1,33,a168,bet_limit_default,ods_a168_bet_limit_default,2026-07-23 04:05:14
c86a7ee3d8ef0b551ed58e354a836f2b,2026-07-23,389,103,"5,5000","5,5000","5,2500","5,1000","5,700","5,500","5,300","5,200","5,500","5,500","5,500","5,500","5,500",,1,8,a168,bet_limit_default,ods_a168_bet_limit_default,2026-07-23 04:05:14
cb70ab375662576bd1ac5aaf16b3fca4,2026-07-23,243,105,"500,50000","500,50000","500,10000",,,,,,,,,,,,1,18,a168,bet_limit_default,ods_a168_bet_limit_default,2026-07-23 04:05:14
d67d8ab4f4c10bf22aa353e27879133c,2026-07-23,39,102,"5000,200000","5000,200000","5000,25000","5000,200000","5000,200000",,,,,,,,,,1,34,a168,bet_limit_default,ods_a168_bet_limit_default,2026-07-23 04:05:14
d6baf65e0b240ce177cf70da146c8dc8,2026-07-23,264,101,"1100,110000","1100,110000","1100,15000","1100,10000","1100,110000","1100,27500","1100,10000","1100,22000","1100,10000","110,3666","0,0","1,1100","0,0","100,10000",1,35,a168,bet_limit_default,ods_a168_bet_limit_default,2026-07-23 04:05:14
d6ef5f7fa914c19931a55bb262ec879c,2026-07-23,1114,101,"3000,300000","3000,300000","3000,37500","3000,27500","3000,300000","3000,75000","3000,27500","3000,60000","3000,27500","3000,10000","0,0","1,3000","0,0","300,27500",1,39,a168,bet_limit_default,ods_a168_bet_limit_default,2026-07-23 04:05:14
d81f9c1be2e08964bf9f24b15f0e4900,2026-07-23,345,113,"1000,100000","1000,100000","1000,20000","1000,2000",,,,,,,,,,,1,12,a168,bet_limit_default,ods_a168_bet_limit_default,2026-07-23 04:05:14
e19347e1c3ca0c0b97de5fb3b690855a,2026-07-23,1115,102,"3000,300000","3000,300000","3000,5000","3000,300000","3000,300000",,,,,,,,,,1,32,a168,bet_limit_default,ods_a168_bet_limit_default,2026-07-23 04:05:14
e2c0be24560d78c5e599c2a9c9d0bbd2,2026-07-23,203,104,"10,3000","10,3000","10,1500","10,600","10,500","10,400","10,250","10,250","10,200","10,150","10,100","10,60","10,50","10,20",1,10,a168,bet_limit_default,ods_a168_bet_limit_default,2026-07-23 04:05:14
e3796ae838835da0b6f6ea37bcf8bcb7,2026-07-23,281,103,"3400,340000","3400,340000","3400,170000","3400,70000","3400,45000","3400,30000","3400,20000","3400,10000",,,,,,,1,28,a168,bet_limit_default,ods_a168_bet_limit_default,2026-07-23 04:05:14
eba0dc302bcd9a273f8bbb72be3a687b,2026-07-23,484,101,"5,2000","5,2000","5,280","5,200","5,2000","5,500","5,200","5,400","5,200","5,66","0,0","5,20","0,0",,1,6,a168,bet_limit_default,ods_a168_bet_limit_default,2026-07-23 04:05:14
ec5decca5ed3d6b8079e2e7e7bacc9f2,2026-07-23,127,105,"1,100","1,100","1,20",,,,,,,,,,,,1,2,a168,bet_limit_default,ods_a168_bet_limit_default,2026-07-23 04:05:14
ef575e8837d065a1683c022d2077d342,2026-07-23,472,113,"10,50000","10,50000","10,10000","10,1000",,,,,,,,,,,1,27,a168,bet_limit_default,ods_a168_bet_limit_default,2026-07-23 04:05:14
fe73f687e5bc5280214e0486b273a5f9,2026-07-23,330,102,"70,7000","70,7000","70,1000","70,7000","70,7000",,,,,,,,,,1,18,a168,bet_limit_default,ods_a168_bet_limit_default,2026-07-23 04:05:14
ff4d5fbbafdf976cfdc032e3bde78de5,2026-07-23,506,102,"1000,3000000","1000,3000000","1000,400000","1000,3000000","1000,3000000",,,,,,,,,,1,65,a168,bet_limit_default,ods_a168_bet_limit_default,2026-07-23 04:05:14
006f52e9102a8d3be2fe5614f42ba989,2026-07-23,168,104,"100,5000","100,5000","100,2500","100,1000","100,850","100,650","100,450","100,400","100,300","100,250","100,200","100,100","100,100","50,50",1,19,a168,bet_limit_default,ods_a168_bet_limit_default,2026-07-23 04:05:14
00ec53c4682d36f5c4359f4ae7bd7ba1,2026-07-23,381,104,"2,5000","2,5000","2,2000","2,1200","2,1000","2,750","2,500","2,300","2,300","2,200","2,200","2,100","2,100","2,30",1,3,a168,bet_limit_default,ods_a168_bet_limit_default,2026-07-23 04:05:14
01386bd6d8e091c2ab4c7c7de644d37b,2026-07-23,348,113,"50000,5000000","50000,5000000","50000,1000000","50000,100000",,,,,,,,,,,1,16,a168,bet_limit_default,ods_a168_bet_limit_default,2026-07-23 04:05:14
02e74f10e0327ad868d138f2b4fdd6f0,2026-07-23,27,104,"200,20000","200,20000","200,10000","200,4000","200,3400","200,2500","200,1700","200,1500","200,1200","200,900","200,750","200,400","200,400","200,200",1,22,a168,bet_limit_default,ods_a168_bet_limit_default,2026-07-23 04:05:14
15d4e891d784977cacbfcbb00c48f133,2026-07-23,441,113,"100,50000","100,50000","100,10000","100,1000",,,,,,,,,,,1,22,a168,bet_limit_default,ods_a168_bet_limit_default,2026-07-23 04:05:14
248e844336797ec98478f85e7626de4a,2026-07-23,432,108,"100,50000","100,50000","100,16666","100,5000",,,,,,,,,,,1,42,a168,bet_limit_default,ods_a168_bet_limit_default,2026-07-23 04:05:14
2b8a61594b1f4c4db0902a8a395ced93,2026-07-23,515,111,"1,30000","1,30000","1,15000","1,2250","1,1800","1,150","1,150",,,,,,,,1,34,a168,bet_limit_default,ods_a168_bet_limit_default,2026-07-23 04:05:14
2bb232c0b13c774965ef8558f0fbd615,2026-07-23,523,105,"1,10000","1,10000","1,2000",,,,,,,,,,,,1,45,a168,bet_limit_default,ods_a168_bet_limit_default,2026-07-23 04:05:14
30bb3825e8f631cc6075c0f87bb4978c,2026-07-23,589,128,"3000,300000","3000,300000",,,,,,,,,,,,,1,16,a168,bet_limit_default,ods_a168_bet_limit_default,2026-07-23 04:05:14
35051070e572e47d2c26c241ab88307f,2026-07-23,495,112,"5,500","5,500",,,,,,,,,,,,,1,3,a168,bet_limit_default,ods_a168_bet_limit_default,2026-07-23 04:05:14
357a6fdf7642bf815a88822c447d9dc4,2026-07-23,337,112,"10000,1000000","10000,1000000",,,,,,,,,,,,,1,15,a168,bet_limit_default,ods_a168_bet_limit_default,2026-07-23 04:05:14
35f4a8d465e6e1edc05f3d8ab658c551,2026-07-23,78,102,"300000,30000000","300000,30000000","300000,3750000","300000,30000000","300000,30000000",,,,,,,,,,1,44,a168,bet_limit_default,ods_a168_bet_limit_default,2026-07-23 04:05:14
38b3eff8baf56627478ec76a704e9b52,2026-07-23,101,104,"2000000,200000000","2000000,200000000","2000000,100000000","2000000,40000000","2000000,34000000","2000000,25000000","2000000,17000000","2000000,15000000","2000000,12000000","2000000,9000000","2000000,7500000","2000000,4000000","2000000,4000000","2000000,2000000",1,45,a168,bet_limit_default,ods_a168_bet_limit_default,2026-07-23 04:05:14
3b712de48137572f3849aabd5666a4e3,2026-07-23,1122,110,"3000,300000","3000,300000","3000,300000","3000,30000","3000,300000","3000,30000","3000,30000","3000,30000","3000,15000","3000,10000","3000,10000","3000,10000","3000,6000","3000,3000",1,23,a168,bet_limit_default,ods_a168_bet_limit_default,2026-07-23 04:05:14
3c59dc048e8850243be8079a5c74d079,2026-07-23,21,101,"200,20000","200,20000","200,2500","200,1900","200,20000","200,5000","200,1900","200,4000","200,1900","200,666","0,0","1,200","0,0","20,1900",1,24,a168,bet_limit_default,ods_a168_bet_limit_default,2026-07-23 04:05:14
3def184ad8f4755ff269862ea77393dd,2026-07-23,125,102,"1,100","1,100","1,20","1,100","1,100",,,,,,,,,,1,2,a168,bet_limit_default,ods_a168_bet_limit_default,2026-07-23 04:05:14
3ef815416f775098fe977004015c6193,2026-07-23,85,103,"10000,1000000","10000,1000000","10000,500000","10000,200000","10000,150000","10000,100000","10000,100000","10000,30000",,,,,,,1,30,a168,bet_limit_default,ods_a168_bet_limit_default,2026-07-23 04:05:14
41ae36ecb9b3eee609d05b90c14222fb,2026-07-23,417,104,"200,100000","200,100000","200,50000","200,20000","200,17000","200,12500","200,8500","200,7500","200,6000","200,4500","200,4000","200,2000","200,2000","200,1000",1,52,a168,bet_limit_default,ods_a168_bet_limit_default,2026-07-23 04:05:14
432aca3a1e345e339f35a30c8f65edce,2026-07-23,318,110,"3400,340000","3400,340000","3400,340000","3400,34000","3400,340000","3400,34000","3400,34000","3400,34000","3400,17000","3400,12000","3400,12000","3400,12000","3400,6800","3400,3400",1,24,a168,bet_limit_default,ods_a168_bet_limit_default,2026-07-23 04:05:14
47d1e990583c9c67424d369f3414728e,2026-07-23,148,110,"5,500","5,500","5,500","5,50","5,50","5,50","5,50","5,50","5,25","5,20","5,20","5,20","5,10","5,5",1,4,a168,bet_limit_default,ods_a168_bet_limit_default,2026-07-23 04:05:14
48ab2f9b45957ab574cf005eb8a76760,2026-07-23,624,106,"0,0","0,0","0,0","0,0","0,0",,,,,,,,,,1,0,a168,bet_limit_default,ods_a168_bet_limit_default,2026-07-23 04:05:14
496e05e1aea0a9c4655800e8a7b9ea28,2026-07-23,305,107,"70,7000","70,7000","70,2000","70,2500","70,7000","70,7000","70,7000",,,,,,,,1,29,a168,bet_limit_default,ods_a168_bet_limit_default,2026-07-23 04:05:14
4c5bde74a8f110656874902f07378009,2026-07-23,182,107,"20000,2000000","20000,2000000","20000,500000","20000,700000","20000,2000000","20000,2000000","20000,2000000",,,,,,,,1,26,a168,bet_limit_default,ods_a168_bet_limit_default,2026-07-23 04:05:14
4e4b5fbbbb602b6d35bea8460aa8f8e5,2026-07-23,562,104,"1,15000","1,15000","1,7500","1,3000","1,2500","1,1875","1,1250","1,1075","1,850","1,625","1,500","1,300","1,250","1,100",1,57,a168,bet_limit_default,ods_a168_bet_limit_default,2026-07-23 04:05:14
4f6ffe13a5d75b2d6a3923922b3922e5,2026-07-23,382,105,"2,5000","2,5000","2,1000",,,,,,,,,,,,1,3,a168,bet_limit_default,ods_a168_bet_limit_default,2026-07-23 04:05:14
52720e003547c70561bf5e03b95aa99f,2026-07-23,361,113,"20,50000","20,50000","20,10000","20,1000",,,,,,,,,,,1,8,a168,bet_limit_default,ods_a168_bet_limit_default,2026-07-23 04:05:14
53c3bce66e43be4f209556518c2fcb54,2026-07-23,293,105,"70000,7000000","70000,7000000","70000,1400000",,,,,,,,,,,,1,30,a168,bet_limit_default,ods_a168_bet_limit_default,2026-07-23 04:05:14
555d6702c950ecb729a966504af0a635,2026-07-23,239,108,"1000000,100000000","1000000,100000000","1000000,33333333","1000000,10000000",,,,,,,,,,,1,35,a168,bet_limit_default,ods_a168_bet_limit_default,2026-07-23 04:05:14
58238e9ae2dd305d79c2ebc8c1883422,2026-07-23,342,113,"50,5000","50,5000","50,1000","50,100",,,,,,,,,,,1,9,a168,bet_limit_default,ods_a168_bet_limit_default,2026-07-23 04:05:14
5ef059938ba799aaa845e1c2e8a762bd,2026-07-23,118,106,"50000,5000000","50000,5000000","50000,625000","50000,312500","50000,250000",,,,,,,,,,1,28,a168,bet_limit_default,ods_a168_bet_limit_default,2026-07-23 04:05:14
5ef698cd9fe650923ea331c15af3b160,2026-07-23,366,104,"100,300000","100,300000","100,5000","100,5000","100,2000","100,5000","100,2000","100,2000","100,2000","100,2000","100,2000","100,2000","100,2000","100,2000",1,48,a168,bet_limit_default,ods_a168_bet_limit_default,2026-07-23 04:05:14
63923f49e5241343aa7acb6a06a751e7,2026-07-23,275,103,"1400,140000","1400,140000","1400,70000","1400,30000","1400,20000","1400,15000","1400,10000","500,500",,,,,,,1,25,a168,bet_limit_default,ods_a168_bet_limit_default,2026-07-23 04:05:14
647bba344396e7c8170902bcf2e15551,2026-07-23,545,108,"1000,3000000","1000,3000000","1000,1000000","1000,300000",,,,,,,,,,,1,51,a168,bet_limit_default,ods_a168_bet_limit_default,2026-07-23 04:05:14
67c6a1e7ce56d3d6fa748ab6d9af3fd7,2026-07-23,47,104,"5000,200000","5000,200000","5000,100000","5000,40000","5000,34000","5000,25000","5000,17000","5000,15000","5000,12000","5000,9000","5000,7500","4000,4000","4000,4000","2000,2000",1,34,a168,bet_limit_default,ods_a168_bet_limit_default,2026-07-23 04:05:14
698d51a19d8a121ce581499d7b701668,2026-07-23,111,107,"10,1000","10,1000","10,250","10,350","10,1000","10,1000","10,1000",,,,,,,,1,8,a168,bet_limit_default,ods_a168_bet_limit_default,2026-07-23 04:05:14
6c4b761a28b734fe93831e3fb400ce87,2026-07-23,157,102,"10,500","10,500","10,100","10,500","10,500",,,,,,,,,,1,8,a168,bet_limit_default,ods_a168_bet_limit_default,2026-07-23 04:05:14
6f3ef77ac0e3619e98159e9b6febf557,2026-07-23,210,111,"200,20000","200,20000","200,10000","200,1500","200,1200","100,100","100,100",,,,,,,,1,10,a168,bet_limit_default,ods_a168_bet_limit_default,2026-07-23 04:05:14
735b90b4568125ed6c3f678819b6e058,2026-07-23,67,101,"500000,50000000","500000,50000000","500000,6250000","500000,4550000","500000,50000000","500000,12500000","500000,4550000","500000,10000000","500000,4550000","500000,1666666","0,0","1,500000","0,0","50000,4550000",1,53,a168,bet_limit_default,ods_a168_bet_limit_default,2026-07-23 04:05:14
7b2f6512f3847170e11690972eae0924,2026-07-23,99110,110,"1,100","1,100","1,100","1,10","1,10","1,10","1,10","1,5","1,3","1,3","1,3","1,3","1,2","20,300",0,47,a168,bet_limit_default,ods_a168_bet_limit_default,2026-07-23 04:05:14
7bcdf75ad237b8e02e301f4091fb6bc8,2026-07-23,538,107,"1,10000","1,10000","1,2500","1,3700","1,10000","1,10000","1,10000",,,,,,,,1,45,a168,bet_limit_default,ods_a168_bet_limit_default,2026-07-23 04:05:14
7ef605fc8dba5425d6965fbd4c8fbe1f,2026-07-23,150,111,"1,100","1,100","1,50","1,15","1,12","1,1","1,1",,,,,,,,1,1,a168,bet_limit_default,ods_a168_bet_limit_default,2026-07-23 04:05:14
81448138f5f163ccdba4acc69819f280,2026-07-23,543,102,"2,50000","2,50000","2,6250","2,50000","2,50000",,,,,,,,,,1,62,a168,bet_limit_default,ods_a168_bet_limit_default,2026-07-23 04:05:14
854d6fae5ee42911677c739ee1734486,2026-07-23,202,103,"10,3000","10,3000","10,1500","10,600","10,400","10,300","10,200","10,100",,,,,,,1,10,a168,bet_limit_default,ods_a168_bet_limit_default,2026-07-23 04:05:14
85fc37b18c57097425b52fc7afbb6969,2026-07-23,621,117,"0,0","0,0",,,,,,,,,,,,,1,0,a168,bet_limit_default,ods_a168_bet_limit_default,2026-07-23 04:05:14
89f0fd5c927d466d6ec9a21b9ac34ffa,2026-07-23,325,111,"3400,340000","3400,340000","3400,170000","3400,50000","3400,42500","3400,3400","3400,3400",,,,,,,,1,19,a168,bet_limit_default,ods_a168_bet_limit_default,2026-07-23 04:05:14
8f85517967795eeef66c225f7883bdcb,2026-07-23,178,103,"20000,2000000","20000,2000000","20000,1000000","20000,400000","20000,250000","20000,190000","20000,120000","20000,60000",,,,,,,1,31,a168,bet_limit_default,ods_a168_bet_limit_default,2026-07-23 04:05:14
9188905e74c28e489b44e954ec0b9bca,2026-07-23,244,106,"500,50000","500,50000","500,6250","500,5000","500,2500",,,,,,,,,,1,17,a168,bet_limit_default,ods_a168_bet_limit_default,2026-07-23 04:05:14
93db85ed909c13838ff95ccfa94cebd9,2026-07-23,86,103,"30000,3000000","30000,3000000","30000,1500000","30000,600000","30000,400000","30000,300000","30000,200000","30000,100000",,,,,,,1,32,a168,bet_limit_default,ods_a168_bet_limit_default,2026-07-23 04:05:14
9461cce28ebe3e76fb4b931c35a169b0,2026-07-23,481,110,"5,1000","5,1000","5,1000","5,100","5,100","5,100","5,100","5,100","5,50","5,30","5,30","5,30","5,20",,1,5,a168,bet_limit_default,ods_a168_bet_limit_default,2026-07-23 04:05:14
a5bfc9e07964f8dddeb95fc584cd965d,2026-07-23,37,101,"5000,500000","5000,500000","5000,62500","5000,45500","5000,500000","5000,125000","5000,45500","5000,100000","5000,45500","5000,16666","0,0","1,5000","0,0","500,45500",1,42,a168,bet_limit_default,ods_a168_bet_limit_default,2026-07-23 04:05:14
a8849b052492b5106526b2331e526138,2026-07-23,578,113,"1,10000","1,10000","1,2000","1,200",,,,,,,,,,,1,32,a168,bet_limit_default,ods_a168_bet_limit_default,2026-07-23 04:05:14
a8f15eda80c50adb0e71943adc8015cf,2026-07-23,151,111,"5,500","5,500","5,250","5,75","5,60","1,5","1,5",,,,,,,,1,3,a168,bet_limit_default,ods_a168_bet_limit_default,2026-07-23 04:05:14
a9a6653e48976138166de32772b1bf40,2026-07-23,560,102,"1,15000","1,15000","1,1875","1,15000","1,15000",,,,,,,,,,1,63,a168,bet_limit_default,ods_a168_bet_limit_default,2026-07-23 04:05:14
b2eb7349035754953b57a32e2841bda5,2026-07-23,306,107,"700,70000","700,70000","700,20000","700,25000","700,70000","700,70000","700,70000",,,,,,,,1,18,a168,bet_limit_default,ods_a168_bet_limit_default,2026-07-23 04:05:14
b6d767d2f8ed5d21a44b0e5886680cb9,2026-07-23,22,101,"300,30000","300,30000","300,3750","300,2750","300,30000","300,7500","300,2750","300,6000","300,2750","300,1000","0,0","1,300","0,0","30,2750",1,25,a168,bet_limit_default,ods_a168_bet_limit_default,2026-07-23 04:05:14
b73dfe25b4b8714c029b37a6ad3006fa,2026-07-23,620,121,"0,0","0,0","0,0",,,,,,,,,,,,1,0,a168,bet_limit_default,ods_a168_bet_limit_default,2026-07-23 04:05:14
b9228e0962a78b84f3d5d92f4faa000b,2026-07-23,412,103,"100,50000","100,50000","100,25000","100,10000","100,6250","100,4550","100,2950","100,1450",,,,,,,1,46,a168,bet_limit_default,ods_a168_bet_limit_default,2026-07-23 04:05:14
bd4c9ab730f5513206b999ec0d90d1fb,2026-07-23,161,102,"100,5000","100,5000","100,650","100,5000","100,5000",,,,,,,,,,1,19,a168,bet_limit_default,ods_a168_bet_limit_default,2026-07-23 04:05:14
bd686fd640be98efaae0091fa301e613,2026-07-23,193,102,"10,100000","10,100000","10,12500","10,100000","10,100000",,,,,,,,,,1,11,a168,bet_limit_default,ods_a168_bet_limit_default,2026-07-23 04:05:14
c5ff2543b53f4cc0ad3819a36752467b,2026-07-23,347,113,"10000,1000000","10000,1000000","10000,200000","10000,20000",,,,,,,,,,,1,15,a168,bet_limit_default,ods_a168_bet_limit_default,2026-07-23 04:05:14
c9e1074f5b3f9fc8ea15d152add07294,2026-07-23,104,105,"30000,3000000","30000,3000000","30000,600000",,,,,,,,,,,,1,28,a168,bet_limit_default,ods_a168_bet_limit_default,2026-07-23 04:05:14
cfa0860e83a4c3a763a7e62d825349f7,2026-07-23,259,111,"1000,100000","1000,100000","1000,50000","1000,7500","1000,6000","500,500","500,500",,,,,,,,1,15,a168,bet_limit_default,ods_a168_bet_limit_default,2026-07-23 04:05:14
d1f255a373a3cef72e03aa9d980c7eca,2026-07-23,418,105,"100,20000","100,20000","100,4000",,,,,,,,,,,,1,35,a168,bet_limit_default,ods_a168_bet_limit_default,2026-07-23 04:05:14
d1fe173d08e959397adf34b1d77e88d7,2026-07-23,79,102,"500000,50000000","500000,50000000","500000,6250000","500000,50000000","500000,50000000",,,,,,,,,,1,45,a168,bet_limit_default,ods_a168_bet_limit_default,2026-07-23 04:05:14
d296c101daa88a51f6ca8cfc1ac79b50,2026-07-23,296,106,"1400,140000","1400,140000","1400,20000","1400,10000","1400,7000",,,,,,,,,,1,22,a168,bet_limit_default,ods_a168_bet_limit_default,2026-07-23 04:05:14
db85e2590b6109813dafa101ceb2faeb,2026-07-23,566,107,"1,15000","1,15000","1,3750","1,5250","1,15000","1,15000","1,15000",,,,,,,,1,44,a168,bet_limit_default,ods_a168_bet_limit_default,2026-07-23 04:05:14
dd77279f7d325eec933f05b1672f6a1f,2026-07-23,1116,103,"3000,300000","3000,300000","3000,150000","3000,60000","3000,37500","3000,30000","3000,20000","3000,10000",,,,,,,1,27,a168,bet_limit_default,ods_a168_bet_limit_default,2026-07-23 04:05:14
e56954b4f6347e897f954495eab16a88,2026-07-23,265,101,"700,70000","700,70000","100,10000","700,10000","700,70000","700,17500","700,10000","700,14000","700,10000","70,233","0,0","1,700","0,0","100,10000",1,30,a168,bet_limit_default,ods_a168_bet_limit_default,2026-07-23 04:05:14
e8c0653fea13f91bf3c48159f7c24f78,2026-07-23,505,102,"1,2500","1,2500","1,350","1,2500","1,2500",,,,,,,,,,1,66,a168,bet_limit_default,ods_a168_bet_limit_default,2026-07-23 04:05:14
ef0d3930a7b6c95bd2b32ed45989c61f,2026-07-23,299,106,"700,70000","700,70000","700,10000","700,5000","700,3500",,,,,,,,,,1,18,a168,bet_limit_default,ods_a168_bet_limit_default,2026-07-23 04:05:14
efe937780e95574250dabe07151bdc23,2026-07-23,351,102,"20,50000","20,50000","20,7500","20,50000","20,50000",,,,,,,,,,1,13,a168,bet_limit_default,ods_a168_bet_limit_default,2026-07-23 04:05:14
f340f1b1f65b6df5b5e3f94d95b11daf,2026-07-23,241,108,"5000000,500000000","5000000,500000000","5000000,16666666","5000000,50000000",,,,,,,,,,,1,38,a168,bet_limit_default,ods_a168_bet_limit_default,2026-07-23 04:05:14
f4b9ec30ad9f68f89b29639786cb62ef,2026-07-23,94,104,"10000,1000000","10000,1000000","10000,500000","10000,200000","10000,200000","10000,150000","10000,100000","10000,100000","10000,100000","10000,50000","10000,50000","10000,20000","10000,20000","10000,10000",1,35,a168,bet_limit_default,ods_a168_bet_limit_default,2026-07-23 04:05:14
f770b62bc8f42a0b66751fe636fc6eb0,2026-07-23,482,112,"5,1000","5,1000",,,,,,,,,,,,,1,4,a168,bet_limit_default,ods_a168_bet_limit_default,2026-07-23 04:05:14
f85454e8279be180185cac7d243c5eb3,2026-07-23,422,106,"100,20000","100,20000","100,2500","100,1250","100,1000",,,,,,,,,,1,33,a168,bet_limit_default,ods_a168_bet_limit_default,2026-07-23 04:05:14
faa9afea49ef2ff029a833cccc778fd0,2026-07-23,423,106,"100,30000","100,30000","100,3750","100,3000","100,1500",,,,,,,,,,1,34,a168,bet_limit_default,ods_a168_bet_limit_default,2026-07-23 04:05:14
fbd7939d674997cdb4692d34de8633c4,2026-07-23,76,102,"100000,10000000","100000,10000000","100000,1250000","100000,10000000","100000,10000000",,,,,,,,,,1,42,a168,bet_limit_default,ods_a168_bet_limit_default,2026-07-23 04:05:14
05049e90fa4f5039a8cadc6acbb4b2cc,2026-07-23,367,105,"100,300000","100,300000","20,5000",,,,,,,,,,,,1,34,a168,bet_limit_default,ods_a168_bet_limit_default,2026-07-23 04:05:14
051e4e127b92f5d98d3c79b195f2b291,2026-07-23,629,105,"3000000,300000000","3000000,300000000","3000000,60000000",,,,,,,,,,,,1,33,a168,bet_limit_default,ods_a168_bet_limit_default,2026-07-23 04:05:14
05f971b5ec196b8c65b75d2ef8267331,2026-07-23,498,101,"1,2500","1,2500","1,350","1,250","1,2500","1,625","1,250","1,500","1,250","1,83","0,0","1,25","0,0",,1,73,a168,bet_limit_default,ods_a168_bet_limit_default,2026-07-23 04:05:14
069d3bb002acd8d7dd095917f9efe4cb,2026-07-23,580,113,"1,2500","1,2500","1,500","1,50",,,,,,,,,,,1,34,a168,bet_limit_default,ods_a168_bet_limit_default,2026-07-23 04:05:14
072b030ba126b2f4b2374f342be9ed44,2026-07-23,60,101,"1500,150000","1500,150000","1500,20000","1500,15000","1500,150000","1500,37500","1500,15000","1500,30000","1500,15000","150,5000","0,0","1,1500","0,0","150,15000",1,37,a168,bet_limit_default,ods_a168_bet_limit_default,2026-07-23 04:05:14
0d0fd7c6e093f7b804fa0150b875b868,2026-07-23,408,102,"100,50000","100,50000","100,6250","100,50000","100,50000",,,,,,,,,,1,57,a168,bet_limit_default,ods_a168_bet_limit_default,2026-07-23 04:05:14
0deb1c54814305ca9ad266f53bc82511,2026-07-23,413,103,"200,100000","200,100000","200,50000","200,20000","200,12500","200,9500","200,6000","200,3000",,,,,,,1,47,a168,bet_limit_default,ods_a168_bet_limit_default,2026-07-23 04:05:14
0e01938fc48a2cfb5f2217fbfb00722d,2026-07-23,285,104,"700,70000","700,70000","700,35000","700,14000","700,12000","700,9000","700,6000","700,5000","700,4000","700,3000","700,2500","700,1500","700,1500","500,500",1,26,a168,bet_limit_default,ods_a168_bet_limit_default,2026-07-23 04:05:14
0f28b5d49b3020afeecd95b4009adf4c,2026-07-23,141,110,"50000,5000000","50000,5000000","50000,5000000","50000,500000","50000,500000","50000,500000","50000,500000","50000,500000","50000,250000","50000,250000","50000,150000","50000,150000","50000,100000","50000,50000",1,28,a168,bet_limit_default,ods_a168_bet_limit_default,2026-07-23 04:05:14
0f49c89d1e7298bb9930789c8ed59d48,2026-07-23,283,104,"700000,70000000","700000,70000000","700000,35000000","700000,14000000","700000,12000000","700000,9000000","700000,6000000","700000,5000000","700000,4000000","700000,3000000","700000,2500000","700000,1400000","700000,1200000","500000,500000",1,44,a168,bet_limit_default,ods_a168_bet_limit_default,2026-07-23 04:05:14
10a7cdd970fe135cf4f7bb55c0e3b59f,2026-07-23,512,103,"1,10000","1,10000","1,5000","1,2000","1,1250","1,950","1,600","1,300",,,,,,,1,53,a168,bet_limit_default,ods_a168_bet_limit_default,2026-07-23 04:05:14
11b921ef080f7736089c757404650e40,2026-07-23,556,111,"2,50000","2,50000","2,2500","2,3750","2,3000","2,250","2,250",,,,,,,,1,36,a168,bet_limit_default,ods_a168_bet_limit_default,2026-07-23 04:05:14
12cda74722ca228f321e38329795ac41,2026-07-23,99108,108,"1,100","1,100","1,33","1,10",,,,,,,,,,,0,53,a168,bet_limit_default,ods_a168_bet_limit_default,2026-07-23 04:05:14
138bb0696595b338afbab333c555292a,2026-07-23,353,104,"20,50000","20,50000","20,20000","20,12000","20,10000","20,7500","20,5000","20,3000","20,3000","20,2000","20,2000","20,1000","20,1000","20,300",1,13,a168,bet_limit_default,ods_a168_bet_limit_default,2026-07-23 04:05:14
13fe9d84310e77f13a6d184dbf1232f3,2026-07-23,224,108,"100,10000","100,10000","100,3333","100,1000",,,,,,,,,,,1,13,a168,bet_limit_default,ods_a168_bet_limit_default,2026-07-23 04:05:14
1728efbda81692282ba642aafd57be3a,2026-07-23,564,106,"1,15000","1,15000","1,1875","1,1500","1,750",,,,,,,,,,1,41,a168,bet_limit_default,ods_a168_bet_limit_default,2026-07-23 04:05:14
182be0c5cdcd5072bb1864cdee4d3d6e,2026-07-23,33,102,"500,50000","500,50000","500,6250","500,50000","500,50000",,,,,,,,,,1,25,a168,bet_limit_default,ods_a168_bet_limit_default,2026-07-23 04:05:14
1a5b1e4daae265b790965a275b53ae50,2026-07-23,446,110,"100,30000","100,30000","100,30000","100,3000","100,3000","100,3000","100,3000","100,3000","100,1500","100,900","100,900","100,900","100,600",,1,35,a168,bet_limit_default,ods_a168_bet_limit_default,2026-07-23 04:05:14
1d7f7abc18fcb43975065399b0d1e48e,2026-07-23,154,101,"50,2500","50,2500","50,350","50,250","50,2500","50,625","50,250","50,500","50,250","50,83","0,0","1,25","0,0","5,250",1,17,a168,bet_limit_default,ods_a168_bet_limit_default,2026-07-23 04:05:14
2050e03ca119580f74cca14cc6e97462,2026-07-23,473,101,"5,1000","5,1000","5,150","5,100","5,1000","5,250","5,100","5,200","5,100","5,33","0,0","5,10","0,0",,1,5,a168,bet_limit_default,ods_a168_bet_limit_default,2026-07-23 04:05:14
2421fcb1263b9530df88f7f002e78ea5,2026-07-23,436,112,"100,30000","100,30000",,,,,,,,,,,,,1,20,a168,bet_limit_default,ods_a168_bet_limit_default,2026-07-23 04:05:14
250cf8b51c773f3f8dc8b4be867a9a02,2026-07-23,456,112,"200,20000","200,20000",,,,,,,,,,,,,1,25,a168,bet_limit_default,ods_a168_bet_limit_default,2026-07-23 04:05:14
25b2822c2f5a3230abfadd476e8b04c9,2026-07-23,425,106,"200,100000","200,100000","200,12500","200,10000","200,5000",,,,,,,,,,1,36,a168,bet_limit_default,ods_a168_bet_limit_default,2026-07-23 04:05:14
26337353b7962f533d78c762373b3318,2026-07-23,470,111,"10,50000","10,50000","10,2500","10,3750","10,3000","10,250","10,250",,,,,,,,1,33,a168,bet_limit_default,ods_a168_bet_limit_default,2026-07-23 04:05:14
26e359e83860db1d11b6acca57d8ea88,2026-07-23,298,106,"70,7000","70,7000","70,1000","70,500","70,500",,,,,,,,,,1,14,a168,bet_limit_default,ods_a168_bet_limit_default,2026-07-23 04:05:14
2d6cc4b2d139a53512fb8cbb3086ae2e,2026-07-23,507,106,"1,30000","1,30000","1,3750","1,3000","1,1500",,,,,,,,,,1,46,a168,bet_limit_default,ods_a168_bet_limit_default,2026-07-23 04:05:14
33e75ff09dd601bbe69f351039152189,2026-07-23,28,104,"300,30000","300,30000","300,15000","300,6000","300,5000","300,3750","300,2500","300,2150","300,1700","300,1250","300,1000","300,600","300,500","200,200",1,23,a168,bet_limit_default,ods_a168_bet_limit_default,2026-07-23 04:05:14
37f0e884fbad9667e38940169d0a3c95,2026-07-23,529,106,"1000,3000000","1000,3000000","1000,375000","1000,187500","1000,75000",,,,,,,,,,1,44,a168,bet_limit_default,ods_a168_bet_limit_default,2026-07-23 04:05:14
389bc7bb1e1c2a5e7e147703232a88f6,2026-07-23,508,102,"1,10000","1,10000","1,1250","1,10000","1,10000",,,,,,,,,,1,64,a168,bet_limit_default,ods_a168_bet_limit_default,2026-07-23 04:05:14
43ec517d68b6edd3015b3edc9a11367b,2026-07-23,81,102,"2000000,200000000","2000000,200000000","2000000,25000000","2000000,200000000","2000000,200000000",,,,,,,,,,1,48,a168,bet_limit_default,ods_a168_bet_limit_default,2026-07-23 04:05:14
44f683a84163b3523afe57c2e008bc8c,2026-07-23,62,101,"30000,3000000","30000,3000000","30000,400000","30000,300000","30000,3000000","30000,750000","30000,300000","30000,600000","30000,300000","30000,100000","0,0","1,30000","0,0","5000,300000",1,46,a168,bet_limit_default,ods_a168_bet_limit_default,2026-07-23 04:05:14
45c48cce2e2d7fbdea1afc51c7c6ad26,2026-07-23,9,103,"1,100","1,100","1,50","1,40","1,20","1,10","1,10","1,3",,,,,,,1,2,a168,bet_limit_default,ods_a168_bet_limit_default,2026-07-23 04:05:14
46922a0880a8f11f8f69cbb52b1396be,2026-07-23,582,128,"5,500","5,500",,,,,,,,,,,,,1,5,a168,bet_limit_default,ods_a168_bet_limit_default,2026-07-23 04:05:14
4f4adcbf8c6f66dcfc8a3282ac2bf10a,2026-07-23,404,101,"100,50000","100,50000","100,6250","100,4550","100,50000","100,12500","100,4550","100,10000","100,4550","100,1666","0,0","1,500","0,0",,1,64,a168,bet_limit_default,ods_a168_bet_limit_default,2026-07-23 04:05:14
54229abfcfa5649e7003b83dd4755294,2026-07-23,91,103,"500000,50000000","500000,50000000","500000,25000000","500000,10000000","500000,6250000","500000,4550000","500000,2950000","500000,1450000",,,,,,,1,38,a168,bet_limit_default,ods_a168_bet_limit_default,2026-07-23 04:05:14
559cb990c9dffd8675f6bc2186971dc2,2026-07-23,491,108,"5,2000","5,2000","5,666","5,200",,,,,,,,,,,1,6,a168,bet_limit_default,ods_a168_bet_limit_default,2026-07-23 04:05:14
577ef1154f3240ad5b9b413aa7346a1e,2026-07-23,235,108,"50000,5000000","50000,5000000","50000,1666666","50000,500000",,,,,,,,,,,1,29,a168,bet_limit_default,ods_a168_bet_limit_default,2026-07-23 04:05:14
5e9f92a01c986bafcabbafd145520b13,2026-07-23,645,107,"10,20000","10,20000","10,5000","10,7500","10,20000","10,20000","10,20000",,,,,,,,1,0,a168,bet_limit_default,ods_a168_bet_limit_default,2026-07-23 04:05:14
642e92efb79421734881b53e1e1b18b6,2026-07-23,48,105,"10,1000","10,1000","10,200",,,,,,,,,,,,1,8,a168,bet_limit_default,ods_a168_bet_limit_default,2026-07-23 04:05:14
6855456e2fe46a9d49d3d3af4f57443d,2026-07-23,336,112,"5000,500000","5000,500000",,,,,,,,,,,,,1,14,a168,bet_limit_default,ods_a168_bet_limit_default,2026-07-23 04:05:14
6883966fd8f918a4aa29be29d2c386fb,2026-07-23,294,105,"700000,70000000","700000,70000000","700000,14000000",,,,,,,,,,,,1,32,a168,bet_limit_default,ods_a168_bet_limit_default,2026-07-23 04:05:14
6faa8040da20ef399b63a72d0e4ab575,2026-07-23,329,111,"700000,70000000","700000,70000000","700000,35000000","700000,10000000","700000,8750000","700000,700000","700000,700000",,,,,,,,1,26,a168,bet_limit_default,ods_a168_bet_limit_default,2026-07-23 04:05:14
758874998f5bd0c393da094e1967a72b,2026-07-23,314,108,"70000,7000000","70000,7000000","70000,2500000","70000,700000",,,,,,,,,,,1,30,a168,bet_limit_default,ods_a168_bet_limit_default,2026-07-23 04:05:14
766ebcd59621e305170616ba3d3dac32,2026-07-23,587,128,"500,50000","500,50000",,,,,,,,,,,,,1,14,a168,bet_limit_default,ods_a168_bet_limit_default,2026-07-23 04:05:14
7f39f8317fbdb1988ef4c628eba02591,2026-07-23,61,101,"10000,1000000","10000,1000000","10000,150000","10000,100000","10000,1000000","10000,250000","10000,100000","10000,200000","10000,100000","10000,33333","0,0","1,10000","0,0","1000,100000",1,44,a168,bet_limit_default,ods_a168_bet_limit_default,2026-07-23 04:05:14
7f6ffaa6bb0b408017b62254211691b5,2026-07-23,112,107,"30,3000","30,3000","30,750","30,1000","30,3000","30,3000","30,3000",,,,,,,,1,12,a168,bet_limit_default,ods_a168_bet_limit_default,2026-07-23 04:05:14
8e98d81f8217304975ccb23337bb5761,2026-07-23,307,107,"70000,7000000","70000,7000000","70000,1750000","70000,2500000","70000,7000000","70000,7000000","70000,7000000",,,,,,,,1,30,a168,bet_limit_default,ods_a168_bet_limit_default,2026-07-23 04:05:14
8fe0093bb30d6f8c31474bd0764e6ac0,2026-07-23,416,104,"100,50000","100,50000","100,25000","100,10000","100,8350","100,6250","100,4200","100,3600","100,2800","100,2100","100,1700","100,1000","100,850","100,350",1,51,a168,bet_limit_default,ods_a168_bet_limit_default,2026-07-23 04:05:14
918317b57931b6b7a7d29490fe5ec9f9,2026-07-23,287,104,"1100,110000","1100,110000","1100,55000","1100,22000","1100,20000","1100,15000","1100,10000","1100,8000","1100,6000","1100,5000","1100,4000","1100,2000","1100,2000","1000,1000",1,29,a168,bet_limit_default,ods_a168_bet_limit_default,2026-07-23 04:05:14
92c8c96e4c37100777c7190b76d28233,2026-07-23,280,103,"70000,7000000","70000,7000000","70000,3500000","70000,1400000","70000,900000","70000,650000","70000,420000","70000,200000",,,,,,,1,34,a168,bet_limit_default,ods_a168_bet_limit_default,2026-07-23 04:05:14
92cc227532d17e56e07902b254dfad10,2026-07-23,92,103,"2000000,200000000","2000000,200000000","2000000,100000000","2000000,40000000","2000000,25000000","2000000,19000000","2000000,12000000","2000000,6000000",,,,,,,1,40,a168,bet_limit_default,ods_a168_bet_limit_default,2026-07-23 04:05:14
97e8527feaf77a97fc38f34216141515,2026-07-23,544,108,"1,10000","1,10000","1,3333","1,1000",,,,,,,,,,,1,50,a168,bet_limit_default,ods_a168_bet_limit_default,2026-07-23 04:05:14
9b04d152845ec0a378394003c96da594,2026-07-23,231,108,"5000,500000","5000,500000","5000,166666","5000,50000",,,,,,,,,,,1,25,a168,bet_limit_default,ods_a168_bet_limit_default,2026-07-23 04:05:14
9b70e8fe62e40c570a322f1b0b659098,2026-07-23,448,110,"200,100000","200,100000","200,100000","200,10000","200,10000","200,10000","200,10000","200,10000","200,5000","200,3000","200,3000","200,3000","200,2000",,1,37,a168,bet_limit_default,ods_a168_bet_limit_default,2026-07-23 04:05:14
9be40cee5b0eee1462c82c6964087ff9,2026-07-23,365,103,"100,300000","100,300000","100,5000","100,5000","100,5000","100,5000","100,2000","100,2000",,,,,,,1,43,a168,bet_limit_default,ods_a168_bet_limit_default,2026-07-23 04:05:14
9cf81d8026a9018052c429cc4e56739b,2026-07-23,604,101,"1000,20000","1000,20000","1000,2500","1000,1900","1000,20000","1000,5000","1000,1900","1000,4000","1000,1900","100,666","0,0","1,200","0,0",,1,32,a168,bet_limit_default,ods_a168_bet_limit_default,2026-07-23 04:05:14
9f61408e3afb633e50cdf1b20de6f466,2026-07-23,56,105,"30,3000","30,3000","30,600",,,,,,,,,,,,1,12,a168,bet_limit_default,ods_a168_bet_limit_default,2026-07-23 04:05:14
9fd81843ad7f202f26c1a174c7357585,2026-07-23,297,106,"3400,340000","3400,340000","3400,45000","3400,22000","3400,17000",,,,,,,,,,1,24,a168,bet_limit_default,ods_a168_bet_limit_default,2026-07-23 04:05:14
a4f23670e1833f3fdb077ca70bbd5d66,2026-07-23,260,117,"1,10","1,10",,,,,,,,,,,,,1,0,a168,bet_limit_default,ods_a168_bet_limit_default,2026-07-23 04:05:14
a86c450b76fb8c371afead6410d55534,2026-07-23,570,111,"1,15000","1,15000","1,7500","1,1125","1,900","1,75","1,75",,,,,,,,1,37,a168,bet_limit_default,ods_a168_bet_limit_default,2026-07-23 04:05:14
b337e84de8752b27eda3a12363109e80,2026-07-23,504,105,"1,30000","1,30000","1,6000",,,,,,,,,,,,1,41,a168,bet_limit_default,ods_a168_bet_limit_default,2026-07-23 04:05:14
b3967a0e938dc2a6340e258630febd5a,2026-07-23,344,113,"500,50000","500,50000","500,10000","500,1000",,,,,,,,,,,1,11,a168,bet_limit_default,ods_a168_bet_limit_default,2026-07-23 04:05:14
b3e3e393c77e35a4a3f3cbd1e429b5dc,2026-07-23,153,101,"30,1500","30,1500","30,200","30,150","30,1500","30,375","30,150","30,300","30,150","30,50","0,0","1,15","0,0","5,150",1,14,a168,bet_limit_default,ods_a168_bet_limit_default,2026-07-23 04:05:14
b534ba68236ba543ae44b22bd110a1d6,2026-07-23,496,113,"5,500","5,500","5,100","5,10",,,,,,,,,,,1,3,a168,bet_limit_default,ods_a168_bet_limit_default,2026-07-23 04:05:14
b5b41fac0361d157d9673ecb926af5ae,2026-07-23,502,104,"1,30000","1,30000","1,15000","1,6000","1,5000","1,3750","1,2500","1,2150","1,1700","1,1250","1,1000","1,600","1,500","1,200",1,54,a168,bet_limit_default,ods_a168_bet_limit_default,2026-07-23 04:05:14
c0e190d8267e36708f955d7ab048990d,2026-07-23,219,111,"30,3000","30,3000","30,1500","30,225","30,180","15,15","15,15",,,,,,,,1,6,a168,bet_limit_default,ods_a168_bet_limit_default,2026-07-23 04:05:14
c16a5320fa475530d9583c34fd356ef5,2026-07-23,31,101,"1000,100000","1000,100000","1000,12500","1000,9100","1000,100000","1000,25000","1000,9100","1000,20000","1000,5000","100,3333","0,0","1,1000","0,0","100,9100",1,34,a168,bet_limit_default,ods_a168_bet_limit_default,2026-07-23 04:05:14
c3c59e5f8b3e9753913f4d435b53c308,2026-07-23,488,105,"5,2000","5,2000","5,400",,,,,,,,,,,,1,6,a168,bet_limit_default,ods_a168_bet_limit_default,2026-07-23 04:05:14
c51ce410c124a10e0db5e4b97fc2af39,2026-07-23,13,103,"100,10000","100,10000","100,5000","100,2000","100,1250","100,950","100,600","100,300",,,,,,,1,17,a168,bet_limit_default,ods_a168_bet_limit_default,2026-07-23 04:05:14
c5ab0bc60ac7929182aadd08703f1ec6,2026-07-23,636,104,"20,2000","20,2000","20,1000","20,400","20,340","20,250","20,170","20,150","20,120","20,90","20,75","20,40","20,40","20,20",1,0,a168,bet_limit_default,ods_a168_bet_limit_default,2026-07-23 04:05:14
c9892a989183de32e976c6f04e700201,2026-07-23,571,112,"1,15000","1,15000",,,,,,,,,,,,,1,30,a168,bet_limit_default,ods_a168_bet_limit_default,2026-07-23 04:05:14
d395771085aab05244a4fb8fd91bf4ee,2026-07-23,279,103,"70,7000","70,7000","70,3500","70,1500","70,1000","70,1000","70,500","70,200",,,,,,,1,16,a168,bet_limit_default,ods_a168_bet_limit_default,2026-07-23 04:05:14
d3d9446802a44259755d38e6d163e820,2026-07-23,10,103,"10,1000","10,1000","10,500","10,200","10,150","10,100","10,100","10,30",,,,,,,1,9,a168,bet_limit_default,ods_a168_bet_limit_default,2026-07-23 04:05:14
d490d7b4576290fa60eb31b5fc917ad1,2026-07-23,600,128,"5,5000","5,5000",,,,,,,,,,,,,1,6,a168,bet_limit_default,ods_a168_bet_limit_default,2026-07-23 04:05:14
d645920e395fedad7bbbed0eca3fe2e0,2026-07-23,40,102,"5000,500000","5000,500000","5000,62500","5000,500000","5000,500000",,,,,,,,,,1,35,a168,bet_limit_default,ods_a168_bet_limit_default,2026-07-23 04:05:14
d947bf06a885db0d477d707121934ff8,2026-07-23,274,102,"70000,7000000","70000,7000000","70000,900000","70000,7000000","70000,7000000",,,,,,,,,,1,41,a168,bet_limit_default,ods_a168_bet_limit_default,2026-07-23 04:05:14
dbe272bab69f8e13f14b405e038deb64,2026-07-23,592,128,"50000,5000000","50000,5000000",,,,,,,,,,,,,1,19,a168,bet_limit_default,ods_a168_bet_limit_default,2026-07-23 04:05:14
e0c641195b27425bb056ac56f8953d24,2026-07-23,421,105,"200,100000","200,100000","200,20000",,,,,,,,,,,,1,38,a168,bet_limit_default,ods_a168_bet_limit_default,2026-07-23 04:05:14
e96ed478dab8595a7dbda4cbcbee168f,2026-07-23,218,101,"10000,300000","10000,300000","10000,37500","10000,27500","10000,300000","10000,75000","10000,27500","10000,60000","10000,27500","10000,10000","0,0","1,3000","0,0","1000,27500",1,43,a168,bet_limit_default,ods_a168_bet_limit_default,2026-07-23 04:05:14
ea5d2f1c4608232e07d3aa3d998e5135,2026-07-23,64,101,"100000,10000000","100000,10000000","100000,1250000","100000,950000","100000,10000000","100000,2500000","100000,950000","100000,2000000","100000,950000","100000,333333","0,0","1,100000","0,0","10000,950000",1,50,a168,bet_limit_default,ods_a168_bet_limit_default,2026-07-23 04:05:14
f033ab37c30201f73f142449d037028d,2026-07-23,80,102,"1000000,100000000","1000000,100000000","1000000,12500000","1000000,100000000","1000000,100000000",,,,,,,,,,1,47,a168,bet_limit_default,ods_a168_bet_limit_default,2026-07-23 04:05:14
f2fc990265c712c49d51a18a32b39f0c,2026-07-23,324,111,"1400,140000","1400,140000","1400,70000","1400,20000","1400,17500","1400,1400","1400,1400",,,,,,,,1,17,a168,bet_limit_default,ods_a168_bet_limit_default,2026-07-23 04:05:14
f3f27a324736617f20abbf2ffd806f6d,2026-07-23,516,112,"1,30000","1,30000",,,,,,,,,,,,,1,27,a168,bet_limit_default,ods_a168_bet_limit_default,2026-07-23 04:05:14
f5deaeeae1538fb6c45901d524ee2f98,2026-07-23,584,128,"1,100","1,100",,,,,,,,,,,,,1,3,a168,bet_limit_default,ods_a168_bet_limit_default,2026-07-23 04:05:14
f5f8590cd58a54e94377e6ae2eded4d9,2026-07-23,450,105,"20,30000","20,30000","20,6000",,,,,,,,,,,,1,39,a168,bet_limit_default,ods_a168_bet_limit_default,2026-07-23 04:05:14
f90f2aca5c640289d0a29417bcb63a37,2026-07-23,290,105,"3400,340000","3400,340000","3400,68000",,,,,,,,,,,,1,24,a168,bet_limit_default,ods_a168_bet_limit_default,2026-07-23 04:05:14
f9b902fc3289af4dd08de5d1de54f68f,2026-07-23,335,112,"100,10000","100,10000",,,,,,,,,,,,,1,10,a168,bet_limit_default,ods_a168_bet_limit_default,2026-07-23 04:05:14
ffeabd223de0d4eacb9a3e6e53e5448d,2026-07-23,575,112,"1,10000","1,10000",,,,,,,,,,,,,1,31,a168,bet_limit_default,ods_a168_bet_limit_default,2026-07-23 04:05:14
00ac8ed3b4327bdd4ebbebcb2ba10a00,2026-07-23,610,101,"0,0","0,0","0,0","0,0","0,0","0,0","0,0","0,0","0,0","0,0","0,0","0,0","0,0",,1,1,a168,bet_limit_default,ods_a168_bet_limit_default,2026-07-23 04:05:14
0336dcbab05b9d5ad24f4333c7658a0e,2026-07-23,195,104,"10,100000","10,100000","10,50000","10,20000","10,16700","10,12500","10,8400","10,7200","10,5600","10,4200","10,3400","10,2000","10,1700","10,700",1,11,a168,bet_limit_default,ods_a168_bet_limit_default,2026-07-23 04:05:14
045117b0e0a11a242b9765e79cbf113f,2026-07-23,180,105,"20000,2000000","20000,2000000","20000,400000",,,,,,,,,,,,1,27,a168,bet_limit_default,ods_a168_bet_limit_default,2026-07-23 04:05:14
04ecb1fa28506ccb6f72b12c0245ddbc,2026-07-23,595,128,"200,20000","200,20000",,,,,,,,,,,,,1,12,a168,bet_limit_default,ods_a168_bet_limit_default,2026-07-23 04:05:14
06138bc5af6023646ede0e1f7c1eac75,2026-07-23,269,102,"1400,140000","1400,140000","1400,20000","1400,140000","1400,140000",,,,,,,,,,1,30,a168,bet_limit_default,ods_a168_bet_limit_default,2026-07-23 04:05:14
06eb61b839a0cefee4967c67ccb099dc,2026-07-23,310,108,"1400,140000","1400,140000","1400,50000","1400,14000",,,,,,,,,,,1,20,a168,bet_limit_default,ods_a168_bet_limit_default,2026-07-23 04:05:14
076a0c97d09cf1a0ec3e19c7f2529f2b,2026-07-23,594,128,"30,3000","30,3000",,,,,,,,,,,,,1,9,a168,bet_limit_default,ods_a168_bet_limit_default,2026-07-23 04:05:14
077e29b11be80ab57e1a2ecabb7da330,2026-07-23,249,111,"30000,30000000","30000,30000000","30000,1500000","30000,225000","30000,180000","15000,15000","15000,15000",,,,,,,,1,22,a168,bet_limit_default,ods_a168_bet_limit_default,2026-07-23 04:05:14
087408522c31eeb1f982bc0eaf81d35f,2026-07-23,510,108,"1,30000","1,30000","1,10000","1,3000",,,,,,,,,,,1,46,a168,bet_limit_default,ods_a168_bet_limit_default,2026-07-23 04:05:14
0fcbc61acd0479dc77e3cccc0f5ffca7,2026-07-23,531,106,"5,75000","5,75000","5,9400","5,7500","5,3750",,,,,,,,,,1,40,a168,bet_limit_default,ods_a168_bet_limit_default,2026-07-23 04:05:14
13f320e7b5ead1024ac95c3b208610db,2026-07-23,527,106,"1,10000","1,10000","1,1250","1,1000","1,500",,,,,,,,,,1,43,a168,bet_limit_default,ods_a168_bet_limit_default,2026-07-23 04:05:14
1700002963a49da13542e0726b7bb758,2026-07-23,292,105,"700,70000","700,70000","700,14000",,,,,,,,,,,,1,15,a168,bet_limit_default,ods_a168_bet_limit_default,2026-07-23 04:05:14
25ddc0f8c9d3e22e03d3076f98d83cb2,2026-07-23,474,102,"5,1000","5,1000","5,150","5,1000","5,1000",,,,,,,,,,1,5,a168,bet_limit_default,ods_a168_bet_limit_default,2026-07-23 04:05:14
285e19f20beded7d215102b49d5c09a0,2026-07-23,503,101,"1,10000","1,10000","1,1250","1,950","1,10000","1,2500","1,950","1,2000","1,950","1,333","0,0","1,100","0,0",,1,71,a168,bet_limit_default,ods_a168_bet_limit_default,2026-07-23 04:05:14
320722549d1751cf3f247855f937b982,2026-07-23,320,110,"700,70000","700,70000","700,70000","700,7000","700,70000","700,7000","700,7000","700,7000","700,3500","700,2500","700,2500","700,2500","700,1400","700,700",1,18,a168,bet_limit_default,ods_a168_bet_limit_default,2026-07-23 04:05:14
335f5352088d7d9bf74191e006d8e24c,2026-07-23,240,108,"2000000,200000000","2000000,200000000","2000000,66666666","2000000,20000000",,,,,,,,,,,1,36,a168,bet_limit_default,ods_a168_bet_limit_default,2026-07-23 04:05:14
34173cb38f07f89ddbebc2ac9128303f,2026-07-23,30,101,"500,50000","500,50000","500,6250","500,4550","500,50000","500,12500","500,4550","500,10000","500,4550","500,1666","0,0","1,500","0,0","50,4550",1,29,a168,bet_limit_default,ods_a168_bet_limit_default,2026-07-23 04:05:14
3435c378bb76d4357324dd7e69f3cd18,2026-07-23,599,128,"300,30000","300,30000",,,,,,,,,,,,,1,13,a168,bet_limit_default,ods_a168_bet_limit_default,2026-07-23 04:05:14
34ed066df378efacc9b924ec161e7639,2026-07-23,301,106,"700000,70000000","700000,70000000","700000,8750000","700000,4500000","700000,3500000",,,,,,,,,,1,31,a168,bet_limit_default,ods_a168_bet_limit_default,2026-07-23 04:05:14
38af86134b65d0f10fe33d30dd76442e,2026-07-23,176,101,"20000,2000000","20000,2000000","20000,250000","20000,190000","20000,2000000","20000,500000","20000,190000","20000,400000","20000,190000","20000,66666","0,0","1,20000","0,0","2000,190000",1,45,a168,bet_limit_default,ods_a168_bet_limit_default,2026-07-23 04:05:14
39461a19e9eddfb385ea76b26521ea48,2026-07-23,386,110,"2,5000","2,5000","2,2500","2,2000","2,1000","2,800","2,750","2,500","2,400","2,200","2,250","2,200","2,100","2,30",1,3,a168,bet_limit_default,ods_a168_bet_limit_default,2026-07-23 04:05:14
3988c7f88ebcb58c6ce932b957b6f332,2026-07-23,137,110,"100,10000","100,10000","100,10000","100,1000","100,10000","100,1000","100,1000","100,1000","100,500","100,300","100,300","100,300","100,200","100,100",1,15,a168,bet_limit_default,ods_a168_bet_limit_default,2026-07-23 04:05:14
3c7781a36bcd6cf08c11a970fbe0e2a6,2026-07-23,424,106,"100,50000","100,50000","100,6250","100,5000","100,2500",,,,,,,,,,1,35,a168,bet_limit_default,ods_a168_bet_limit_default,2026-07-23 04:05:14
3fe94a002317b5f9259f82690aeea4cd,2026-07-23,316,110,"1100,110000","1100,110000","1100,110000","1100,11000","1100,110000","1100,11000","1100,11000","1100,11000","1100,5500","1100,4000","1100,4000","1100,4000","1100,2000","1100,1100",1,21,a168,bet_limit_default,ods_a168_bet_limit_default,2026-07-23 04:05:14
42998cf32d552343bc8e460416382dca,2026-07-23,457,113,"30,3000","30,3000","30,500","30,50",,,,,,,,,,,1,24,a168,bet_limit_default,ods_a168_bet_limit_default,2026-07-23 04:05:14
51d92be1c60d1db1d2e5e7a07da55b26,2026-07-23,462,102,"10,50000","10,50000","10,6250","10,50000","10,50000",,,,,,,,,,1,59,a168,bet_limit_default,ods_a168_bet_limit_default,2026-07-23 04:05:14
550a141f12de6341fba65b0ad0433500,2026-07-23,444,111,"100,30000","100,30000","100,15000","100,4300","100,3700","100,300","100,250",,,,,,,,1,30,a168,bet_limit_default,ods_a168_bet_limit_default,2026-07-23 04:05:14
5878a7ab84fb43402106c575658472fa,2026-07-23,167,104,"50,2500","50,2500","50,1250","50,500","50,450","50,350","50,250","50,200","50,150","50,150","50,100","50,50","50,50","20,20",1,16,a168,bet_limit_default,ods_a168_bet_limit_default,2026-07-23 04:05:14
5a4b25aaed25c2ee1b74de72dc03c14e,2026-07-23,391,101,"5,5000","5,5000","5,1000","5,500","5,5000","5,1250","5,500","5,1000","5,500","5,166","0,0","5,50","0,0",,1,7,a168,bet_limit_default,ods_a168_bet_limit_default,2026-07-23 04:05:14
5d44ee6f2c3f71b73125876103c8f6c4,2026-07-23,617,110,"0,0","0,0","0,0","0,0","0,0","0,0","0,0","0,0","0,0","0,0","0,0","0,0","0,0",,1,1,a168,bet_limit_default,ods_a168_bet_limit_default,2026-07-23 04:05:14
66f041e16a60928b05a7e228a89c3799,2026-07-23,58,105,"100,10000","100,10000","100,2000",,,,,,,,,,,,1,16,a168,bet_limit_default,ods_a168_bet_limit_default,2026-07-23 04:05:14
68ce199ec2c5517597ce0a4d89620f55,2026-07-23,465,105,"10,50000","10,50000","10,10000",,,,,,,,,,,,1,40,a168,bet_limit_default,ods_a168_bet_limit_default,2026-07-23 04:05:14
68d30a9594728bc39aa24be94b319d21,2026-07-23,84,102,"50000000,1000000000","50000000,1000000000","50000000,125000000","50000000,1000000000","50000000,1000000000",,,,,,,,,,1,52,a168,bet_limit_default,ods_a168_bet_limit_default,2026-07-23 04:05:14
69421f032498c97020180038fddb8e24,2026-07-23,525,105,"1,2500","1,2500","1,500",,,,,,,,,,,,1,47,a168,bet_limit_default,ods_a168_bet_limit_default,2026-07-23 04:05:14
6c524f9d5d7027454a783c841250ba71,2026-07-23,356,107,"20,50000","20,50000","20,20000","20,25000","20,50000","20,50000","20,50000",,,,,,,,1,11,a168,bet_limit_default,ods_a168_bet_limit_default,2026-07-23 04:05:14
6ea9ab1baa0efb9e19094440c317e21b,2026-07-23,29,301,"10,10000","10,10000","2,1500","1,1000","10,10000","10,10000",,,,,,,,,1,0,a168,bet_limit_default,ods_a168_bet_limit_default,2026-07-23 04:05:14
74db120f0a8e5646ef5a30154e9f6deb,2026-07-23,228,108,"1000,100000","1000,100000","1000,33333","1000,10000",,,,,,,,,,,1,18,a168,bet_limit_default,ods_a168_bet_limit_default,2026-07-23 04:05:14
76dc611d6ebaafc66cc0879c71b5db5c,2026-07-23,128,106,"1,100","1,100","1,20","1,10","1,5",,,,,,,,,,1,1,a168,bet_limit_default,ods_a168_bet_limit_default,2026-07-23 04:05:14
7750ca3559e5b8e1f44210283368fc16,2026-07-23,616,108,"0,0","0,0","0,0","0,0",,,,,,,,,,,1,1,a168,bet_limit_default,ods_a168_bet_limit_default,2026-07-23 04:05:14
7df0f1f1fff17a54e5bd6ba385d66fe1,2026-07-23,99128,128,"1,100","1,1000",,,,,,,,,,,,,0,22,a168,bet_limit_default,ods_a168_bet_limit_default,2026-07-23 04:05:14
7eabe3a1649ffa2b3ff8c02ebfd5659f,2026-07-23,206,106,"10,3000","10,3000","10,375","10,300","10,150",,,,,,,,,,1,9,a168,bet_limit_default,ods_a168_bet_limit_default,2026-07-23 04:05:14
7f24d240521d99071c93af3917215ef7,2026-07-23,551,106,"2,50000","2,50000","2,6250","2,5000","2,2500",,,,,,,,,,1,42,a168,bet_limit_default,ods_a168_bet_limit_default,2026-07-23 04:05:14
816b112c6105b3ebd537828a39af4818,2026-07-23,401,113,"5,5000","5,5000","5,1000","5,100",,,,,,,,,,,1,6,a168,bet_limit_default,ods_a168_bet_limit_default,2026-07-23 04:05:14
854d9fca60b4bd07f9bb215d59ef5561,2026-07-23,489,106,"5,2000","5,2000","5,250","5,125","5,100",,,,,,,,,,1,5,a168,bet_limit_default,ods_a168_bet_limit_default,2026-07-23 04:05:14
884d247c6f65a96a7da4d1105d584ddd,2026-07-23,650,101,"5000,400000","5000,400000","5000,50000","5000,40000","5000,400000","5000,100000","5000,25000","5000,80000","5000,16000","5000,15000","0,0","5000,5000",,,1,0,a168,bet_limit_default,ods_a168_bet_limit_default,2026-07-23 04:05:14
8b16ebc056e613024c057be590b542eb,2026-07-23,569,111,"1,10000","1,10000","1,5000","1,750","1,600","1,50","1,50",,,,,,,,1,38,a168,bet_limit_default,ods_a168_bet_limit_default,2026-07-23 04:05:14
8bc829b5c5fea9b25e5a063bcbf06d46,2026-07-23,99101,101,"1,100","1,100","1,20","1,10","1,100","1,25","1,10","1,20","1,10","1,3","0,0","1,10","0,0","20,5000",0,74,a168,bet_limit_default,ods_a168_bet_limit_default,2026-07-23 04:05:14
8c19f571e251e61cb8dd3612f26d5ecf,2026-07-23,263,101,"700000,70000000","700000,70000000","700000,9000000","700000,6500000","700000,70000000","700000,17500000","700000,6500000","700000,14000000","700000,6500000","700000,2333333","0,0","1,700000","0,0","65000,6500000",1,54,a168,bet_limit_default,ods_a168_bet_limit_default,2026-07-23 04:05:14
8c7bbbba95c1025975e548cee86dfadc,2026-07-23,644,105,"10,20000","10,20000","10,4000",,,,,,,,,,,,1,0,a168,bet_limit_default,ods_a168_bet_limit_default,2026-07-23 04:05:14
8eefcfdf5990e441f0fb6f3fad709e21,2026-07-23,563,105,"1,15000","1,15000","1,3000",,,,,,,,,,,,1,44,a168,bet_limit_default,ods_a168_bet_limit_default,2026-07-23 04:05:14
8f53295a73878494e9bc8dd6c3c7104f,2026-07-23,179,104,"20000,2000000","20000,2000000","20000,1000000","20000,400000","20000,340000","20000,250000","20000,170000","20000,150000","20000,120000","20000,90000","20000,75000","20000,40000","20000,40000","20000,20000",1,36,a168,bet_limit_default,ods_a168_bet_limit_default,2026-07-23 04:05:14
941e1aaaba585b952b62c14a3a175a61,2026-07-23,451,106,"20,30000","20,30000","20,3750","20,1875","20,1500",,,,,,,,,,1,37,a168,bet_limit_default,ods_a168_bet_limit_default,2026-07-23 04:05:14
96da2f590cd7246bbde0051047b0d6f7,2026-07-23,177,102,"20000,2000000","20000,2000000","20000,250000","20000,2000000","20000,2000000",,,,,,,,,,1,37,a168,bet_limit_default,ods_a168_bet_limit_default,2026-07-23 04:05:14
996a7fa078cc36c46d02f9af3bef918b,2026-07-23,608,111,"20,30000","20,30000","20,15000","20,2250","20,1800","20,150","20,150",,,,,,,,1,0,a168,bet_limit_default,ods_a168_bet_limit_default,2026-07-23 04:05:14
9dfcd5e558dfa04aaf37f137a1d9d3e5,2026-07-23,311,108,"3400,340000","3400,340000","3400,120000","3400,34000",,,,,,,,,,,1,23,a168,bet_limit_default,ods_a168_bet_limit_default,2026-07-23 04:05:14
a01a0380ca3c61428c26a231f0e49a09,2026-07-23,390,102,"5,5000","5,5000","5,1000","5,5000","5,5000",,,,,,,,,,1,7,a168,bet_limit_default,ods_a168_bet_limit_default,2026-07-23 04:05:14
a3c65c2974270fd093ee8a9bf8ae7d0b,2026-07-23,108,106,"30,3000","30,3000","30,375","30,300","30,150",,,,,,,,,,1,12,a168,bet_limit_default,ods_a168_bet_limit_default,2026-07-23 04:05:14
a9a1d5317a33ae8cef33961c34144f84,2026-07-23,585,128,"10,1000","10,1000",,,,,,,,,,,,,1,7,a168,bet_limit_default,ods_a168_bet_limit_default,2026-07-23 04:05:14
ac627ab1ccbdb62ec96e702f07f6425b,2026-07-23,99,104,"300000,30000000","300000,30000000","300000,15000000","300000,6000000","300000,5000000","300000,3750000","300000,2500000","300000,2150000","300000,1700000","300000,1250000","300000,1000000","300000,600000","300000,500000","200000,200000",1,42,a168,bet_limit_default,ods_a168_bet_limit_default,2026-07-23 04:05:14
b1a59b315fc9a3002ce38bbe070ec3f5,2026-07-23,261,121,"1,10","1,10","1,10",,,,,,,,,,,,1,0,a168,bet_limit_default,ods_a168_bet_limit_default,2026-07-23 04:05:14
c058f544c737782deacefa532d9add4c,2026-07-23,359,111,"20,50000","20,50000","10,25000","10,7000","10,6000","10,500","10,400",,,,,,,,1,27,a168,bet_limit_default,ods_a168_bet_limit_default,2026-07-23 04:05:14
c0c7c76d30bd3dcaefc96f40275bdc0a,2026-07-23,50,102,"5,500","5,500","5,100","5,500","5,500",,,,,,,,,,1,4,a168,bet_limit_default,ods_a168_bet_limit_default,2026-07-23 04:05:14
c21002f464c5fc5bee3b98ced83963b8,2026-07-23,1125,113,"3000,300000","3000,300000","3000,60000","3000,6000",,,,,,,,,,,1,13,a168,bet_limit_default,ods_a168_bet_limit_default,2026-07-23 04:05:14
c3e878e27f52e2a57ace4d9a76fd9acf,2026-07-23,362,102,"10,20000","10,20000","10,2500","10,20000","10,20000",,,,,,,,,,1,53,a168,bet_limit_default,ods_a168_bet_limit_default,2026-07-23 04:05:14
c6036a69be21cb660499b75718a3ef24,2026-07-23,1120,107,"3000,300000","3000,300000","3000,75000","3000,100000","3000,300000","3000,300000","3000,300000",,,,,,,,1,23,a168,bet_limit_default,ods_a168_bet_limit_default,2026-07-23 04:05:14
c74d97b01eae257e44aa9d5bade97baf,2026-07-23,16,104,"50,5000","50,5000","50,2500","50,1000","50,850","50,650","50,450","50,400","50,300","50,250","50,200","50,100","50,100","50,50",1,17,a168,bet_limit_default,ods_a168_bet_limit_default,2026-07-23 04:05:14
c75b6f114c23a4d7ea11331e7c00e73c,2026-07-23,547,108,"1,2500","1,2500","1,850","1,250",,,,,,,,,,,1,52,a168,bet_limit_default,ods_a168_bet_limit_default,2026-07-23 04:05:14
c9f0f895fb98ab9159f51fd0297e236d,2026-07-23,8,102,"100,10000","100,10000","100,1250","100,10000","100,10000",,,,,,,,,,1,20,a168,bet_limit_default,ods_a168_bet_limit_default,2026-07-23 04:05:14
cee631121c2ec9232f3a2f028ad5c89b,2026-07-23,500,103,"1,30000","1,30000","1,15000","1,6000","1,3750","1,2750","1,1800","1,900",,,,,,,1,49,a168,bet_limit_default,ods_a168_bet_limit_default,2026-07-23 04:05:14
d1c38a09acc34845c6be3a127a5aacaf,2026-07-23,225,108,"200,20000","200,20000","200,6666","200,2000",,,,,,,,,,,1,14,a168,bet_limit_default,ods_a168_bet_limit_default,2026-07-23 04:05:14
d96409bf894217686ba124d7356686c9,2026-07-23,257,106,"1000,100000","1000,100000","1000,12500","1000,10000","1000,5000",,,,,,,,,,1,20,a168,bet_limit_default,ods_a168_bet_limit_default,2026-07-23 04:05:14
d9fc5b73a8d78fad3d6dffe419384e70,2026-07-23,388,113,"2,5000","2,5000","2,1000","2,100",,,,,,,,,,,1,2,a168,bet_limit_default,ods_a168_bet_limit_default,2026-07-23 04:05:14
dc6a6489640ca02b0d42dabeb8e46bb7,2026-07-23,469,110,"10,50000","10,50000","10,50000","10,5000","10,50000","10,5000","10,5000","10,5000","10,2500","10,1500","10,1500","10,1500","10,1000",,1,39,a168,bet_limit_default,ods_a168_bet_limit_default,2026-07-23 04:05:14
df877f3865752637daa540ea9cbc474f,2026-07-23,533,108,"5,75000","5,75000","5,25000","5,75000",,,,,,,,,,,1,47,a168,bet_limit_default,ods_a168_bet_limit_default,2026-07-23 04:05:14
e44fea3bec53bcea3b7513ccef5857ac,2026-07-23,454,110,"20,30000","20,30000","20,30000","20,3000","20,5000","20,3000","20,3750","20,2500","20,2150","20,1650","20,900","20,900","20,600",,1,38,a168,bet_limit_default,ods_a168_bet_limit_default,2026-07-23 04:05:14
e46de7e1bcaaced9a54f1e9d0d2f800d,2026-07-23,397,108,"5,5000","5,5000","5,1650","5,500",,,,,,,,,,,1,7,a168,bet_limit_default,ods_a168_bet_limit_default,2026-07-23 04:05:14
e4da3b7fbbce2345d7772b0674a318d5,2026-07-23,5,102,"10,1000","10,1000","10,150","10,1000","10,1000",,,,,,,,,,1,9,a168,bet_limit_default,ods_a168_bet_limit_default,2026-07-23 04:05:14
e6b4b2a746ed40e1af829d1fa82daa10,2026-07-23,572,113,"1,15000","1,15000","1,2500","1,1000",,,,,,,,,,,1,31,a168,bet_limit_default,ods_a168_bet_limit_default,2026-07-23 04:05:14
e7b24b112a44fdd9ee93bdf998c6ca0e,2026-07-23,360,112,"20,50000","20,50000",,,,,,,,,,,,,1,8,a168,bet_limit_default,ods_a168_bet_limit_default,2026-07-23 04:05:14
e836d813fd184325132fca8edcdfb40e,2026-07-23,466,106,"10,50000","10,50000","10,6250","10,5000","10,2500",,,,,,,,,,1,38,a168,bet_limit_default,ods_a168_bet_limit_default,2026-07-23 04:05:14
eccbc87e4b5ce2fe28308fd9f2a7baf3,2026-07-23,3,101,"50,5000","50,5000","50,650","50,500","50,5000","50,1250","50,500","50,1000","50,500","50,166","0,0","1,50","0,0","5,500",1,18,a168,bet_limit_default,ods_a168_bet_limit_default,2026-07-23 04:05:14
eddea82ad2755b24c4e168c5fc2ebd40,2026-07-23,309,108,"1100,110000","1100,110000","1100,40000","1100,11000",,,,,,,,,,,1,19,a168,bet_limit_default,ods_a168_bet_limit_default,2026-07-23 04:05:14
f29c21d4897f78948b91f03172341b7b,2026-07-23,613,104,"0,0","0,0","0,0","0,0","0,0","0,0","0,0","0,0","0,0","0,0","0,0","0,0","0,0","0,0",1,1,a168,bet_limit_default,ods_a168_bet_limit_default,2026-07-23 04:05:14
f387624df552cea2f369918c5e1e12bc,2026-07-23,553,108,"2,50000","2,50000","2,16666","2,5000",,,,,,,,,,,1,48,a168,bet_limit_default,ods_a168_bet_limit_default,2026-07-23 04:05:14
f8c1f23d6a8d8d7904fc0ea8e066b3bb,2026-07-23,396,107,"5,5000","5,5000","5,1250","5,1800","5,5000","5,5000","5,5000",,,,,,,,1,7,a168,bet_limit_default,ods_a168_bet_limit_default,2026-07-23 04:05:14
fccb60fb512d13df5083790d64c4d5dd,2026-07-23,437,112,"100,50000","100,50000",,,,,,,,,,,,,1,21,a168,bet_limit_default,ods_a168_bet_limit_default,2026-07-23 04:05:14
fe131d7f5a6b38b23cc967316c13dae2,2026-07-23,255,104,"1000,100000","1000,100000","1000,50000","1000,20000","1000,17000","1000,12500","1000,8500","1000,7500","1000,6000","1000,4500","1000,4000","1000,2000","1000,2000","1000,1000",1,28,a168,bet_limit_default,ods_a168_bet_limit_default,2026-07-23 04:05:14
03afdbd66e7929b125f8597834fa83a4,2026-07-23,63,101,"50000,5000000","50000,5000000","50000,650000","50000,500000","50000,5000000","50000,1250000","50000,500000","50000,1000000","50000,500000","50000,166666","0,0","1,50000","0,0","5000,500000",1,48,a168,bet_limit_default,ods_a168_bet_limit_default,2026-07-23 04:05:14
060ad92489947d410d897474079c1477,2026-07-23,221,108,"10,1000","10,1000","10,333","10,100",,,,,,,,,,,1,8,a168,bet_limit_default,ods_a168_bet_limit_default,2026-07-23 04:05:14
07563a3fe3bbe7e3ba84431ad9d055af,2026-07-23,521,102,"5,75000","5,75000","5,9400","5,75000","5,75000",,,,,,,,,,1,61,a168,bet_limit_default,ods_a168_bet_limit_default,2026-07-23 04:05:14
07cdfd23373b17c6b337251c22b7ea57,2026-07-23,278,103,"700,70000","700,70000","700,35000","700,14000","700,9000","700,6500","700,5000","700,2000",,,,,,,1,21,a168,bet_limit_default,ods_a168_bet_limit_default,2026-07-23 04:05:14
08c5433a60135c32e34f46a71175850c,2026-07-23,597,128,"2,5000","2,5000",,,,,,,,,,,,,1,4,a168,bet_limit_default,ods_a168_bet_limit_default,2026-07-23 04:05:14
0aa1883c6411f7873cb83dacb17b0afc,2026-07-23,191,110,"1000,30000","1000,30000","1000,30000","1000,3000","1000,3000","1000,3000","1000,3000","1000,3000","1000,1500","900,900","900,900","900,900","600,600","10,300",1,19,a168,bet_limit_default,ods_a168_bet_limit_default,2026-07-23 04:05:14
0f96613235062963ccde717b18f97592,2026-07-23,639,108,"20,2000","20,2000","20,666","20,200",,,,,,,,,,,1,0,a168,bet_limit_default,ods_a168_bet_limit_default,2026-07-23 04:05:14
0ff39bbbf981ac0151d340c9aa40e63e,2026-07-23,646,108,"10,20000","10,20000","10,6666","10,2000",,,,,,,,,,,1,0,a168,bet_limit_default,ods_a168_bet_limit_default,2026-07-23 04:05:14
115f89503138416a242f40fb7d7f338e,2026-07-23,223,108,"50,5000","50,5000","50,1666","50,500",,,,,,,,,,,1,11,a168,bet_limit_default,ods_a168_bet_limit_default,2026-07-23 04:05:14
1534b76d325a8f591b52d302e7181331,2026-07-23,212,111,"1000,30000","1000,30000","100,15000","1000,7500","1000,6000","500,500","500,500",,,,,,,,1,14,a168,bet_limit_default,ods_a168_bet_limit_default,2026-07-23 04:05:14
15de21c670ae7c3f6f3f1f37029303c9,2026-07-23,555,110,"2,50000","2,50000","2,50000","2,5000","2,50000","2,5000","2,5000","2,5000","2,2500","2,1500","2,1500","2,1500","2,1000",,1,42,a168,bet_limit_default,ods_a168_bet_limit_default,2026-07-23 04:05:14
16a5cdae362b8d27a1d8f8c7b78b4330,2026-07-23,286,104,"70,7000","70,7000","70,3500","70,1500","70,1500","70,1000","70,600","70,500","70,400","70,300","70,200","70,100","70,100","70,100",1,18,a168,bet_limit_default,ods_a168_bet_limit_default,2026-07-23 04:05:14
16c222aa19898e5058938167c8ab6c57,2026-07-23,541,101,"2,50000","2,50000","2,6250","2,4550","2,50000","2,12500","2,4550","2,10000","2,4550","2,1666","0,0","1,500","0,0",,1,69,a168,bet_limit_default,ods_a168_bet_limit_default,2026-07-23 04:05:14
185c29dc24325934ee377cfda20e414c,2026-07-23,627,104,"3000000,300000000","3000000,300000000","3000000,150000000","3000000,60000000","3000000,50000000","3000000,37500000","3000000,25000000","3000000,21500000","3000000,17000000","3000000,12500000","3000000,10000000","3000000,6000000","3000000,5000000","2000000,2000000",1,46,a168,bet_limit_default,ods_a168_bet_limit_default,2026-07-23 04:05:14
19f3cd308f1455b3fa09a282e0d496f4,2026-07-23,251,113,"1,100","1,100","1,20","1,2",,,,,,,,,,,1,1,a168,bet_limit_default,ods_a168_bet_limit_default,2026-07-23 04:05:14
1afa34a7f984eeabdbb0a7d494132ee5,2026-07-23,131,110,"1,100","1,100","1,100","1,10","1,10","1,10","1,10","1,10","1,5","1,3","1,3","1,3","1,2","1,1",1,2,a168,bet_limit_default,ods_a168_bet_limit_default,2026-07-23 04:05:14
1ff1de774005f8da13f42943881c655f,2026-07-23,24,102,"300,30000","300,30000","300,3750","300,30000","300,30000",,,,,,,,,,1,23,a168,bet_limit_default,ods_a168_bet_limit_default,2026-07-23 04:05:14
24b16fede9a67c9251d3e7c7161c83ac,2026-07-23,372,111,"100,300000","100,300000","20,5000","20,5000","20,5000","10,2000","10,2000",,,,,,,,1,28,a168,bet_limit_default,ods_a168_bet_limit_default,2026-07-23 04:05:14
26c2cea56d0bc574a2215095b727b56e,2026-07-23,99103,103,"1,100","1,100","1,50","1,40","1,20","1,10","1,10","1,3",,,,,,,0,56,a168,bet_limit_default,ods_a168_bet_limit_default,2026-07-23 04:05:14
289dff07669d7a23de0ef88d2f7129e7,2026-07-23,234,108,"30000,3000000","30000,3000000","30000,1000000","30000,300000",,,,,,,,,,,1,27,a168,bet_limit_default,ods_a168_bet_limit_default,2026-07-23 04:05:14
37693cfc748049e45d87b8c7d8b9aacd,2026-07-23,23,102,"200,20000","200,20000","200,2500","200,20000","200,20000",,,,,,,,,,1,22,a168,bet_limit_default,ods_a168_bet_limit_default,2026-07-23 04:05:14
38db3aed920cf82ab059bfccbd02be6a,2026-07-23,246,110,"500,50000","500,50000","500,50000","500,5000","500,50000","500,5000","500,5000","500,5000","500,2500","500,1500","500,1500","500,1500","500,1000","500,500",1,17,a168,bet_limit_default,ods_a168_bet_limit_default,2026-07-23 04:05:14
3a15c7d0bbe60300a39f76f8a5ba6896,2026-07-23,1121,108,"3000,300000","3000,300000","3000,100000","3000,30000",,,,,,,,,,,1,22,a168,bet_limit_default,ods_a168_bet_limit_default,2026-07-23 04:05:14
3dc4876f3f08201c7c76cb71fa1da439,2026-07-23,513,110,"1,30000","1,30000","1,30000","1,3000","1,3000","1,3000","1,3000","1,3000","1,1500","1,900","1,900","1,900","1,600",,1,40,a168,bet_limit_default,ods_a168_bet_limit_default,2026-07-23 04:05:14
40008b9a5380fcacce3976bf7c08af5b,2026-07-23,340,112,"500,50000","500,50000",,,,,,,,,,,,,1,11,a168,bet_limit_default,ods_a168_bet_limit_default,2026-07-23 04:05:14
428fca9bc1921c25c5121f9da7815cde,2026-07-23,463,103,"10,50000","10,50000","10,25000","10,10000","10,6250","10,4550","10,2950","10,1450",,,,,,,1,48,a168,bet_limit_default,ods_a168_bet_limit_default,2026-07-23 04:05:14
45645a27c4f1adc8a7a835976064a86d,2026-07-23,626,103,"3000000,300000000","3000000,300000000","3000000,150000000","3000000,60000000","3000000,37500000","3000000,27500000","3000000,18000000","3000000,9000000",,,,,,,1,41,a168,bet_limit_default,ods_a168_bet_limit_default,2026-07-23 04:05:14
48aedb8880cab8c45637abc7493ecddd,2026-07-23,288,105,"1100,110000","1100,110000","1100,22000",,,,,,,,,,,,1,21,a168,bet_limit_default,ods_a168_bet_limit_default,2026-07-23 04:05:14
55a7cf9c71f1c9c495413f934dd1a158,2026-07-23,492,110,"5,2000","5,2000","5,2000","5,200","5,200","5,200","5,200","5,200","5,100","5,60","5,60","5,60","5,40",,1,6,a168,bet_limit_default,ods_a168_bet_limit_default,2026-07-23 04:05:14
58ae749f25eded36f486bc85feb3f0ab,2026-07-23,561,103,"1,15000","1,15000","1,7500","1,3000","1,1875","1,1375","1,900","1,450",,,,,,,1,52,a168,bet_limit_default,ods_a168_bet_limit_default,2026-07-23 04:05:14
58d4d1e7b1e97b258c9ed0b37e02d087,2026-07-23,615,107,"0,0","0,0","0,0","0,0","0,0","0,0","0,0",,,,,,,,1,1,a168,bet_limit_default,ods_a168_bet_limit_default,2026-07-23 04:05:14
598b3e71ec378bd83e0a727608b5db01,2026-07-23,476,104,"5,1000","5,1000","5,500","5,200","5,200","5,150","5,100","5,100","5,100","5,50","5,50","5,20","5,20","5,10",1,5,a168,bet_limit_default,ods_a168_bet_limit_default,2026-07-23 04:05:14
5b69b9cb83065d403869739ae7f0995e,2026-07-23,501,101,"1000,3000000","1000,3000000","1000,400000","1000,300000","1000,3000000","1000,750000","1000,300000","1000,600000","1000,300000","1000,100000","0,0","1,30000","0,0",,1,72,a168,bet_limit_default,ods_a168_bet_limit_default,2026-07-23 04:05:14
5ea1649a31336092c05438df996a3e59,2026-07-23,537,112,"5,75000","5,75000",,,,,,,,,,,,,1,28,a168,bet_limit_default,ods_a168_bet_limit_default,2026-07-23 04:05:14
5fd0b37cd7dbbb00f97ba6ce92bf5add,2026-07-23,114,107,"100,10000","100,10000","100,2500","100,3700","100,10000","100,10000","100,10000",,,,,,,,1,14,a168,bet_limit_default,ods_a168_bet_limit_default,2026-07-23 04:05:14
6974ce5ac660610b44d9b9fed0ff9548,2026-07-23,103,105,"10000,1000000","10000,1000000","10000,200000",,,,,,,,,,,,1,26,a168,bet_limit_default,ods_a168_bet_limit_default,2026-07-23 04:05:14
6da9003b743b65f4c0ccd295cc484e57,2026-07-23,230,108,"5000,200000","5000,200000","5000,66666","5000,20000",,,,,,,,,,,1,24,a168,bet_limit_default,ods_a168_bet_limit_default,2026-07-23 04:05:14
6ecbdd6ec859d284dc13885a37ce8d81,2026-07-23,426,107,"100,20000","100,20000","100,5000","100,7500","100,20000","100,20000","100,20000",,,,,,,,1,35,a168,bet_limit_default,ods_a168_bet_limit_default,2026-07-23 04:05:14
757b505cfd34c64c85ca5b5690ee5293,2026-07-23,201,102,"10,3000","10,3000","10,400","10,3000","10,3000",,,,,,,,,,1,10,a168,bet_limit_default,ods_a168_bet_limit_default,2026-07-23 04:05:14
7cbbc409ec990f19c78c75bd1e06f215,2026-07-23,70,101,"5000000,200000000","5000000,200000000","5000000,25000000","5000000,19000000","5000000,200000000","5000000,50000000","5000000,19000000","5000000,40000000","5000000,19000000","5000000,6666666","0,0","1,2000000","0,0","500000,19000000",1,58,a168,bet_limit_default,ods_a168_bet_limit_default,2026-07-23 04:05:14
7eacb532570ff6858afd2723755ff790,2026-07-23,419,105,"100,30000","100,30000","100,6000",,,,,,,,,,,,1,36,a168,bet_limit_default,ods_a168_bet_limit_default,2026-07-23 04:05:14
7f1de29e6da19d22b51c68001e7e0e54,2026-07-23,135,110,"30,3000","30,3000","30,3000","30,300","30,300","30,300","30,300","30,300","30,150","30,90","30,90","30,90","30,60","30,30",1,12,a168,bet_limit_default,ods_a168_bet_limit_default,2026-07-23 04:05:14
82161242827b703e6acf9c726942a1e4,2026-07-23,175,110,"200,20000","200,20000","200,20000","200,2000","200,20000","200,2000","200,2000","200,2000","200,1000","200,600","200,600","200,600","200,400","200,200",1,16,a168,bet_limit_default,ods_a168_bet_limit_default,2026-07-23 04:05:14
82aa4b0af34c2313a562076992e50aa3,2026-07-23,162,101,"200,10000","200,10000","200,1250","200,950","200,10000","200,2500","200,950","200,2000","200,950","200,333","0,0","1,100","0,0","20,950",1,23,a168,bet_limit_default,ods_a168_bet_limit_default,2026-07-23 04:05:14
9b698eb3105bd82528f23d0c92dedfc0,2026-07-23,643,104,"10,20000","10,20000","10,10000","10,4000","10,3400","10,2500","10,1700","10,1500","10,1200","10,900","10,750","10,400","10,400","10,200",1,0,a168,bet_limit_default,ods_a168_bet_limit_default,2026-07-23 04:05:14
9c838d2e45b2ad1094d42f4ef36764f6,2026-07-23,291,105,"70,7000","70,7000","70,1500",,,,,,,,,,,,1,14,a168,bet_limit_default,ods_a168_bet_limit_default,2026-07-23 04:05:14
9cc138f8dc04cbf16240daa92d8d50e2,2026-07-23,630,107,"3000000,300000000","3000000,300000000","3000000,100000000","3000000,150000000","3000000,300000000","3000000,300000000","3000000,300000000",,,,,,,,1,33,a168,bet_limit_default,ods_a168_bet_limit_default,2026-07-23 04:05:14
9dcb88e0137649590b755372b040afad,2026-07-23,188,105,"1000,30000","1000,30000","1000,6000",,,,,,,,,,,,1,19,a168,bet_limit_default,ods_a168_bet_limit_default,2026-07-23 04:05:14
a2557a7b2e94197ff767970b67041697,2026-07-23,189,106,"1000,30000","1000,30000","1000,3750","1000,3000","1000,1500",,,,,,,,,,1,19,a168,bet_limit_default,ods_a168_bet_limit_default,2026-07-23 04:05:14
a49e9411d64ff53eccfdd09ad10a15b3,2026-07-23,434,110,"100,20000","100,20000","100,20000","100,2000","100,2000","100,2000","100,2000","100,2000","100,1000","100,600","100,600","100,600","100,400",,1,34,a168,bet_limit_default,ods_a168_bet_limit_default,2026-07-23 04:05:14
a733fa9b25f33689e2adbe72199f0e62,2026-07-23,623,112,"0,0","0,0",,,,,,,,,,,,,1,0,a168,bet_limit_default,ods_a168_bet_limit_default,2026-07-23 04:05:14
a760880003e7ddedfef56acb3b09697f,2026-07-23,511,103,"1000,3000000","1000,3000000","1000,1500000","1000,600000","1000,400000","1000,300000","1000,200000","1000,100000",,,,,,,1,54,a168,bet_limit_default,ods_a168_bet_limit_default,2026-07-23 04:05:14
a8c88a0055f636e4a163a5e3d16adab7,2026-07-23,308,107,"700000,70000000","700000,70000000","700000,17500000","700000,25000000","700000,70000000","700000,70000000","700000,70000000",,,,,,,,1,32,a168,bet_limit_default,ods_a168_bet_limit_default,2026-07-23 04:05:14
a96b65a721e561e1e3de768ac819ffbb,2026-07-23,409,102,"200,100000","200,100000","200,12500","200,100000","200,100000",,,,,,,,,,1,58,a168,bet_limit_default,ods_a168_bet_limit_default,2026-07-23 04:05:14
aab3238922bcc25a6f606eb525ffdc56,2026-07-23,14,104,"10,1000","10,1000","10,500","10,200","10,200","10,150","10,100","10,100","10,100","10,50","10,50","10,20","10,20","10,10",1,9,a168,bet_limit_default,ods_a168_bet_limit_default,2026-07-23 04:05:14
ab817c9349cf9c4f6877e1894a1faa00,2026-07-23,467,107,"10,50000","10,50000","10,12500","10,18500","10,50000","10,50000","10,50000",,,,,,,,1,40,a168,bet_limit_default,ods_a168_bet_limit_default,2026-07-23 04:05:14
abd815286ba1007abfbb8415b83ae2cf,2026-07-23,632,110,"3000000,300000000","3000000,300000000","3000000,300000000","3000000,30000000","3000000,30000000","3000000,30000000","3000000,30000000","3000000,30000000","3000000,15000000","3000000,9000000","3000000,9000000","3000000,9000000","3000000,6000000",,1,32,a168,bet_limit_default,ods_a168_bet_limit_default,2026-07-23 04:05:14
ac1dd209cbcc5e5d1c6e28598e8cbbe8,2026-07-23,238,108,"500000,50000000","500000,50000000","500000,1666666","500000,5000000",,,,,,,,,,,1,33,a168,bet_limit_default,ods_a168_bet_limit_default,2026-07-23 04:05:14
ad59566544352f19adce87108468deb4,2026-07-23,99112,112,"1,100","1,100",,,,,,,,,,,,,0,34,a168,bet_limit_default,ods_a168_bet_limit_default,2026-07-23 04:05:14
b1d10e7bafa4421218a51b1e1f1b0ba2,2026-07-23,209,111,"100,10000","100,10000","100,5000","100,750","100,600","50,50","50,50",,,,,,,,1,9,a168,bet_limit_default,ods_a168_bet_limit_default,2026-07-23 04:05:14
b2f627fff19fda463cb386442eac2b3d,2026-07-23,601,101,"500,10000","500,10000","500,1250","500,950","500,10000","500,2500","500,950","500,2000","500,950","500,500","0,0","1,100","0,0",,1,26,a168,bet_limit_default,ods_a168_bet_limit_default,2026-07-23 04:05:14
b7bb35b9c6ca2aee2df08cf09d7016c2,2026-07-23,631,108,"3000000,300000000","3000000,300000000","3000000,100000000","3000000,30000000",,,,,,,,,,,1,37,a168,bet_limit_default,ods_a168_bet_limit_default,2026-07-23 04:05:14
b83aac23b9528732c23cc7352950e880,2026-07-23,327,111,"700,70000","700,70000","700,35000","700,10000","700,8750","700,700","700,700",,,,,,,,1,13,a168,bet_limit_default,ods_a168_bet_limit_default,2026-07-23 04:05:14
bac9162b47c56fc8a4d2a519803d51b3,2026-07-23,364,102,"100,300000","100,300000","100,5000","100,300000","100,300000",,,,,,,,,,1,54,a168,bet_limit_default,ods_a168_bet_limit_default,2026-07-23 04:05:14
bbf94b34eb32268ada57a3be5062fe7d,2026-07-23,403,101,"100,30000","100,30000","100,3750","100,2750","100,30000","100,7500","100,2750","100,6000","100,2750","100,1000","0,0","1,300","0,0",,1,63,a168,bet_limit_default,ods_a168_bet_limit_default,2026-07-23 04:05:14
c20ad4d76fe97759aa27a0c99bff6710,2026-07-23,12,103,"50,5000","50,5000","50,2500","50,1000","50,650","50,500","50,300","50,150",,,,,,,1,15,a168,bet_limit_default,ods_a168_bet_limit_default,2026-07-23 04:05:14
c399862d3b9d6b76c8436e924a68c45b,2026-07-23,534,106,"1,2500","1,2500","1,350","1,200","1,100",,,,,,,,,,1,45,a168,bet_limit_default,ods_a168_bet_limit_default,2026-07-23 04:05:14
c410003ef13d451727aeff9082c29a5c,2026-07-23,490,107,"5,2000","5,2000","5,500","5,750","5,2000","5,2000","5,2000",,,,,,,,1,6,a168,bet_limit_default,ods_a168_bet_limit_default,2026-07-23 04:05:14
c45147dee729311ef5b5c3003946c48f,2026-07-23,116,106,"10000,1000000","10000,1000000","10000,125000","10000,62500","10000,500000",,,,,,,,,,1,25,a168,bet_limit_default,ods_a168_bet_limit_default,2026-07-23 04:05:14
c81e728d9d4c2f636f067f89cc14862c,2026-07-23,2,101,"30,3000","30,3000","30,400","30,300","30,3000","30,750","30,300","30,600","30,300","30,100","0,0","1,30","0,0","5,300",1,15,a168,bet_limit_default,ods_a168_bet_limit_default,2026-07-23 04:05:14
c8ffe9a587b126f152ed3d89a146b445,2026-07-23,124,101,"1,100","1,100","1,20","1,10","1,100","1,25","1,10","1,20","1,10","1,3","0,0","1,1","0,0","1,10",1,2,a168,bet_limit_default,ods_a168_bet_limit_default,2026-07-23 04:05:14
cbcb58ac2e496207586df2854b17995f,2026-07-23,565,110,"1,2500","1,2500","1,450","1,250","1,420","1,250","1,310","1,210","1,180","1,140","1,100","1,100","1,50",,1,46,a168,bet_limit_default,ods_a168_bet_limit_default,2026-07-23 04:05:14
cdc0d6e63aa8e41c89689f54970bb35f,2026-07-23,619,128,"0,0","0,0",,,,,,,,,,,,,1,2,a168,bet_limit_default,ods_a168_bet_limit_default,2026-07-23 04:05:14
cf004fdc76fa1a4f25f62e0eb5261ca3,2026-07-23,368,106,"100,300000","100,300000","100,5000","100,2000","100,2000",,,,,,,,,,1,32,a168,bet_limit_default,ods_a168_bet_limit_default,2026-07-23 04:05:14
cfee398643cbc3dc5eefc89334cacdc1,2026-07-23,478,106,"5,1000","5,1000","5,125","5,100","5,50",,,,,,,,,,1,4,a168,bet_limit_default,ods_a168_bet_limit_default,2026-07-23 04:05:14
d09bf41544a3365a46c9077ebb5e35c3,2026-07-23,75,102,"50000,5000000","50000,5000000","50000,650000","50000,5000000","50000,5000000",,,,,,,,,,1,40,a168,bet_limit_default,ods_a168_bet_limit_default,2026-07-23 04:05:14
d18f655c3fce66ca401d5f38b48c89af,2026-07-23,479,107,"5,1000","5,1000","5,250","5,350","5,1000","5,1000","5,1000",,,,,,,,1,5,a168,bet_limit_default,ods_a168_bet_limit_default,2026-07-23 04:05:14
d2ddea18f00665ce8623e36bd4e3c7c5,2026-07-23,73,102,"10000,1000000","10000,1000000","10000,150000","10000,1000000","10000,1000000",,,,,,,,,,1,36,a168,bet_limit_default,ods_a168_bet_limit_default,2026-07-23 04:05:14
d61e4bbd6393c9111e6526ea173a7c8b,2026-07-23,449,111,"200,100000","200,100000","200,50000","200,14000","200,12500","200,1000","200,800",,,,,,,,1,32,a168,bet_limit_default,ods_a168_bet_limit_default,2026-07-23 04:05:14
da4fb5c6e93e74d3df8527599fa62642,2026-07-23,120,107,"10000,1000000","10000,1000000","10000,2500000","10000,3500000","10000,1000000","10000,1000000","10000,1000000",,,,,,,,1,25,a168,bet_limit_default,ods_a168_bet_limit_default,2026-07-23 04:05:14
db8e1af0cb3aca1ae2d0018624204529,2026-07-23,276,103,"700000,70000000","700000,70000000","700000,35000000","700000,14000000","700000,9000000","700000,6500000","700000,4200000","700000,2000000",,,,,,,1,39,a168,bet_limit_default,ods_a168_bet_limit_default,2026-07-23 04:05:14
e369853df766fa44e1ed0ff613f563bd,2026-07-23,34,102,"1000,100000","1000,100000","1000,12500","1000,100000","1000,100000",,,,,,,,,,1,28,a168,bet_limit_default,ods_a168_bet_limit_default,2026-07-23 04:05:14
eb6fdc36b281b7d5eabf33396c2683a2,2026-07-23,618,111,"0,0","0,0","0,0","0,0","0,0","0,0","0,0",,,,,,,,1,0,a168,bet_limit_default,ods_a168_bet_limit_default,2026-07-23 04:05:14
ed265bc903a5a097f61d3ec064d96d2e,2026-07-23,546,103,"2,50000","2,50000","2,25000","2,10000","2,6250","2,4550","2,2950","2,1450",,,,,,,1,51,a168,bet_limit_default,ods_a168_bet_limit_default,2026-07-23 04:05:14
f0935e4cd5920aa6c7c996a5ee53a70f,2026-07-23,106,105,"100000,10000000","100000,10000000","100000,2000000",,,,,,,,,,,,1,31,a168,bet_limit_default,ods_a168_bet_limit_default,2026-07-23 04:05:14
f4be00279ee2e0a53eafdaa94a151e2c,2026-07-23,528,104,"5,75000","5,75000","5,37500","5,15000","5,12500","5,9400","5,6250","5,5400","5,4250","5,3100","5,2500","5,1500","5,1250","5,500",1,55,a168,bet_limit_default,ods_a168_bet_limit_default,2026-07-23 04:05:14
f73b76ce8949fe29bf2a537cfa420e8f,2026-07-23,392,104,"5,5000","5,5000","5,2500","5,1000","5,1000","5,700","5,500","5,400","5,300","5,250","5,300","5,100","5,100","5,40",1,7,a168,bet_limit_default,ods_a168_bet_limit_default,2026-07-23 04:05:14
f76a89f0cb91bc419542ce9fa43902dc,2026-07-23,612,103,"0,0","0,0","0,0","0,0","0,0","0,0","0,0","0,0",,,,,,,1,1,a168,bet_limit_default,ods_a168_bet_limit_default,2026-07-23 04:05:14
f7e6c85504ce6e82442c770f7c8606f0,2026-07-23,173,106,"200,20000","200,20000","200,2500","200,1250","200,1000",,,,,,,,,,1,16,a168,bet_limit_default,ods_a168_bet_limit_default,2026-07-23 04:05:14
fb7b9ffa5462084c5f4e7e85a093e6d7,2026-07-23,357,108,"20,50000","20,50000","20,20000","20,5000",,,,,,,,,,,1,9,a168,bet_limit_default,ods_a168_bet_limit_default,2026-07-23 04:05:14
fde9264cf376fffe2ee4ddf4a988880d,2026-07-23,577,112,"1000,3000000","1000,3000000",,,,,,,,,,,,,1,32,a168,bet_limit_default,ods_a168_bet_limit_default,2026-07-23 04:05:14
ffd52f3c7e12435a724a8f30fddadd9c,2026-07-23,373,112,"100,300000","100,300000",,,,,,,,,,,,,1,18,a168,bet_limit_default,ods_a168_bet_limit_default,2026-07-23 04:05:14
013d407166ec4fa56eb1e1f8cbe183b9,2026-07-23,138,110,"1000,100000","1000,100000","1000,100000","1000,100000","1000,10000","1000,10000","1000,10000","1000,10000","1000,5000","1000,3000","1000,3000","1000,3000","1000,2000","1000,1000",1,20,a168,bet_limit_default,ods_a168_bet_limit_default,2026-07-23 04:05:14
0c74b7f78409a4022a2c4c5a5ca3ee19,2026-07-23,369,107,"100,300000","100,300000","100,5000","100,5000","100,300000","100,300000","100,300000",,,,,,,,1,34,a168,bet_limit_default,ods_a168_bet_limit_default,2026-07-23 04:05:14
0e65972dce68dad4d52d063967f0a705,2026-07-23,198,107,"10,100000","10,100000","10,25000","10,37000","10,100000","10,100000","10,100000",,,,,,,,1,10,a168,bet_limit_default,ods_a168_bet_limit_default,2026-07-23 04:05:14
1068c6e4c8051cfd4e9ea8072e3189e2,2026-07-23,410,103,"100,20000","100,20000","100,10000","100,4000","100,2500","100,1900","100,1200","100,600",,,,,,,1,44,a168,bet_limit_default,ods_a168_bet_limit_default,2026-07-23 04:05:14
1679091c5a880faf6fb5e6087eb1b2dc,2026-07-23,6,102,"30,3000","30,3000","30,400","30,3000","30,3000",,,,,,,,,,1,15,a168,bet_limit_default,ods_a168_bet_limit_default,2026-07-23 04:05:14
17e62166fc8586dfa4d1bc0e1742c08b,2026-07-23,43,103,"2000,200000","2000,200000","2000,100000","2000,40000","2000,25000","2000,19000","2000,12000","2000,6000",,,,,,,1,26,a168,bet_limit_default,ods_a168_bet_limit_default,2026-07-23 04:05:14
18c1db06e9fd090e341b17a9cd87bb84,2026-07-23,99113,113,"1,100","1,100","1,20","1,2",,,,,,,,,,,0,35,a168,bet_limit_default,ods_a168_bet_limit_default,2026-07-23 04:05:14
19ca14e7ea6328a42e0eb13d585e4c22,2026-07-23,36,101,"5000,200000","5000,200000","5000,25000","5000,19000","5000,200000","5000,50000","5000,19000","5000,40000","5000,19000","5000,6666","0,0","1,2000","0,0","500,19000",1,41,a168,bet_limit_default,ods_a168_bet_limit_default,2026-07-23 04:05:14
1be3bc32e6564055d5ca3e5a354acbef,2026-07-23,494,113,"5,2000","5,2000","5,400","5,40",,,,,,,,,,,1,5,a168,bet_limit_default,ods_a168_bet_limit_default,2026-07-23 04:05:14
202cb962ac59075b964b07152d234b70,2026-07-23,123,107,"100000,10000000","100000,10000000","100000,2500000","100000,3500000","100000,10000000","100000,10000000","100000,10000000",,,,,,,,1,31,a168,bet_limit_default,ods_a168_bet_limit_default,2026-07-23 04:05:14
20f07591c6fcb220ffe637cda29bb3f6,2026-07-23,277,103,"1100,110000","1100,110000","1100,55000","1100,22000","1100,15000","1100,10000","1100,10000","1100,5000",,,,,,,1,24,a168,bet_limit_default,ods_a168_bet_limit_default,2026-07-23 04:05:14
26dd0dbc6e3f4c8043749885523d6a25,2026-07-23,633,128,"3000000,300000000","3000000,300000000",,,,,,,,,,,,,1,21,a168,bet_limit_default,ods_a168_bet_limit_default,2026-07-23 04:05:14
274ad4786c3abca69fa097b85867d9a4,2026-07-23,204,105,"10,3000","10,3000","10,600",,,,,,,,,,,,1,9,a168,bet_limit_default,ods_a168_bet_limit_default,2026-07-23 04:05:14
298f95e1bf9136124592c8d4825a06fc,2026-07-23,532,107,"5,75000","5,75000","5,18750","5,26250","5,75000","5,75000","5,75000",,,,,,,,1,42,a168,bet_limit_default,ods_a168_bet_limit_default,2026-07-23 04:05:14
2cfd4560539f887a5e420412b370b361,2026-07-23,1123,111,"3000,300000","3000,300000","3000,150000","3000,45000","3000,37500","3000,3000","3000,3000",,,,,,,,1,18,a168,bet_limit_default,ods_a168_bet_limit_default,2026-07-23 04:05:14
2f2b265625d76a6704b08093c652fd79,2026-07-23,334,112,"50,5000","50,5000",,,,,,,,,,,,,1,9,a168,bet_limit_default,ods_a168_bet_limit_default,2026-07-23 04:05:14
3493894fa4ea036cfc6433c3e2ee63b0,2026-07-23,591,128,"10000,1000000","10000,1000000",,,,,,,,,,,,,1,18,a168,bet_limit_default,ods_a168_bet_limit_default,2026-07-23 04:05:14
3636638817772e42b59d74cff571fbb3,2026-07-23,169,104,"200,10000","200,10000","200,5000","200,2000","200,2000","200,1250","200,850","200,750","200,600","200,450","200,350","200,200","200,200","100,100",1,21,a168,bet_limit_default,ods_a168_bet_limit_default,2026-07-23 04:05:14
36660e59856b4de58a219bcf4e27eba3,2026-07-23,262,101,"1400,140000","1400,140000","1400,20000","1400,15000","1400,140000","1400,35000","1400,15000","1400,28000","1400,15000","140,4666","0,0","1,1400","0,0","150,15000",1,36,a168,bet_limit_default,ods_a168_bet_limit_default,2026-07-23 04:05:14
39059724f73a9969845dfe4146c5660e,2026-07-23,270,102,"700000,70000000","700000,70000000","700000,9000000","700000,70000000","700000,70000000",,,,,,,,,,1,46,a168,bet_limit_default,ods_a168_bet_limit_default,2026-07-23 04:05:14
3ad7c2ebb96fcba7cda0cf54a2e802f5,2026-07-23,343,113,"100,10000","100,10000","100,2000","100,200",,,,,,,,,,,1,10,a168,bet_limit_default,ods_a168_bet_limit_default,2026-07-23 04:05:14
41f1f19176d383480afa65d325c06ed0,2026-07-23,371,110,"100,300000","100,300000","100,5000","100,5000","100,5000","100,5000","100,5000","100,2000","100,2000","100,2000","100,2000","100,2000","100,2000","10,2000",1,33,a168,bet_limit_default,ods_a168_bet_limit_default,2026-07-23 04:05:14
42e7aaa88b48137a16a1acd04ed91125,2026-07-23,415,104,"100,30000","100,30000","100,15000","100,6000","100,5000","100,3750","100,2500","100,2150","100,1700","100,1250","100,1000","100,600","100,500","100,200",1,50,a168,bet_limit_default,ods_a168_bet_limit_default,2026-07-23 04:05:14
4734ba6f3de83d861c3176a6273cac6d,2026-07-23,273,102,"3400,340000","3400,340000","3400,45000","3400,340000","3400,340000",,,,,,,,,,1,33,a168,bet_limit_default,ods_a168_bet_limit_default,2026-07-23 04:05:14
49ae49a23f67c759bf4fc791ba842aa2,2026-07-23,453,108,"20,30000","20,30000","20,11500","20,2500",,,,,,,,,,,1,44,a168,bet_limit_default,ods_a168_bet_limit_default,2026-07-23 04:05:14
4c27cea8526af8cfee3be5e183ac9605,2026-07-23,638,107,"20,2000","20,2000","20,500","20,750","20,2000","20,2000","20,2000",,,,,,,,1,0,a168,bet_limit_default,ods_a168_bet_limit_default,2026-07-23 04:05:14
4c56ff4ce4aaf9573aa5dff913df997a,2026-07-23,121,107,"30000,3000000","30000,3000000","30000,750000","30000,1000000","30000,3000000","30000,3000000","30000,3000000",,,,,,,,1,27,a168,bet_limit_default,ods_a168_bet_limit_default,2026-07-23 04:05:14
4ffce04d92a4d6cb21c1494cdfcd6dc1,2026-07-23,640,101,"20,2000","20,2000","20,280","20,200","20,2000","20,500","20,200","20,400","20,200","20,66","0,0","20,20","0,0",,1,0,a168,bet_limit_default,ods_a168_bet_limit_default,2026-07-23 04:05:14
5f93f983524def3dca464469d2cf9f3e,2026-07-23,110,106,"100,10000","100,10000","100,1250","100,1000","100,500",,,,,,,,,,1,15,a168,bet_limit_default,ods_a168_bet_limit_default,2026-07-23 04:05:14
63dc7ed1010d3c3b8269faf0ba7491d4,2026-07-23,217,111,"10,1000","10,1000","10,500","10,75","10,60","5,5","5,5",,,,,,,,1,5,a168,bet_limit_default,ods_a168_bet_limit_default,2026-07-23 04:05:14
65658fde58ab3c2b6e5132a39fae7cb9,2026-07-23,536,111,"5,75000","5,75000","5,37500","5,5700","5,4500","5,375","5,375",,,,,,,,1,35,a168,bet_limit_default,ods_a168_bet_limit_default,2026-07-23 04:05:14
66808e327dc79d135ba18e051673d906,2026-07-23,414,104,"100,20000","100,20000","100,10000","100,4000","100,3400","100,2500","100,1700","100,1500","100,1200","100,900","100,750","100,400","100,400","100,400",1,49,a168,bet_limit_default,ods_a168_bet_limit_default,2026-07-23 04:05:14
6766aa2750c19aad2fa1b32f36ed4aee,2026-07-23,634,102,"20,2000","20,2000","20,250","20,2000","20,2000",,,,,,,,,,1,0,a168,bet_limit_default,ods_a168_bet_limit_default,2026-07-23 04:05:14
67e103b0761e60683e83c559be18d40c,2026-07-23,641,101,"10,20000","10,20000","10,2500","10,1900","10,20000","10,5000","10,1900","10,4000","10,1900","10,666","0,0","10,200","0,0",,1,0,a168,bet_limit_default,ods_a168_bet_limit_default,2026-07-23 04:05:14
6a10bbd480e4c5573d8f3af73ae0454b,2026-07-23,635,103,"20,2000","20,2000","20,1000","20,400","20,250","20,190","20,120","20,60",,,,,,,1,0,a168,bet_limit_default,ods_a168_bet_limit_default,2026-07-23 04:05:14
6aca97005c68f1206823815f66102863,2026-07-23,598,128,"20,50000","20,50000",,,,,,,,,,,,,1,8,a168,bet_limit_default,ods_a168_bet_limit_default,2026-07-23 04:05:14
6c9882bbac1c7093bd25041881277658,2026-07-23,250,112,"1,100","1,100",,,,,,,,,,,,,1,1,a168,bet_limit_default,ods_a168_bet_limit_default,2026-07-23 04:05:14
6e2713a6efee97bacb63e52c54f0ada0,2026-07-23,557,112,"2,50000","2,50000",,,,,,,,,,,,,1,29,a168,bet_limit_default,ods_a168_bet_limit_default,2026-07-23 04:05:14
705f2172834666788607efbfca35afb3,2026-07-23,227,108,"500,50000","500,50000","500,16666","500,5000",,,,,,,,,,,1,16,a168,bet_limit_default,ods_a168_bet_limit_default,2026-07-23 04:05:14
7d04bbbe5494ae9d2f5a76aa1c00fa2f,2026-07-23,486,103,"5,2000","5,2000","5,1000","5,400","5,250","5,190","5,120","5,60",,,,,,,1,7,a168,bet_limit_default,ods_a168_bet_limit_default,2026-07-23 04:05:14
7f100b7b36092fb9b06dfb4fac360931,2026-07-23,271,102,"1100,110000","1100,110000","1100,15000","1100,110000","1100,110000",,,,,,,,,,1,29,a168,bet_limit_default,ods_a168_bet_limit_default,2026-07-23 04:05:14
812b4ba287f5ee0bc9d43bbf5bbe87fb,2026-07-23,95,104,"30000,3000000","30000,3000000","30000,1500000","30000,600000","30000,500000","30000,400000","30000,250000","30000,250000","30000,200000","30000,150000","30000,100000","30000,60000","30000,50000","20000,20000",1,37,a168,bet_limit_default,ods_a168_bet_limit_default,2026-07-23 04:05:14
82cec96096d4281b7c95cd7e74623496,2026-07-23,355,106,"20,50000","20,50000","20,7500","20,4000","20,2000",,,,,,,,,,1,11,a168,bet_limit_default,ods_a168_bet_limit_default,2026-07-23 04:05:14
84d9ee44e457ddef7f2c4f25dc8fa865,2026-07-23,199,110,"10,100000","10,100000","10,100000","10,100000","10,10000","10,10000","10,10000","10,10000","10,5000","10,3000","10,3000","10,3000","10,2000","10,1000",1,10,a168,bet_limit_default,ods_a168_bet_limit_default,2026-07-23 04:05:14
85d8ce590ad8981ca2c8286f79f59954,2026-07-23,197,106,"10,100000","10,100000","10,12500","10,10000","10,5000",,,,,,,,,,1,10,a168,bet_limit_default,ods_a168_bet_limit_default,2026-07-23 04:05:14
8613985ec49eb8f757ae6439e879bb2a,2026-07-23,90,103,"300000,30000000","300000,30000000","300000,15000000","300000,6000000","300000,3750000","300000,2750000","300000,1800000","300000,900000",,,,,,,1,37,a168,bet_limit_default,ods_a168_bet_limit_default,2026-07-23 04:05:14
8d7d8ee069cb0cbbf816bbb65d56947e,2026-07-23,428,107,"100,50000","100,50000","100,12500","100,18500","100,50000","100,50000","100,50000",,,,,,,,1,37,a168,bet_limit_default,ods_a168_bet_limit_default,2026-07-23 04:05:14
8dd48d6a2e2cad213179a3992c0be53c,2026-07-23,354,105,"20,50000","20,50000","20,10000",,,,,,,,,,,,1,11,a168,bet_limit_default,ods_a168_bet_limit_default,2026-07-23 04:05:14
8e296a067a37563370ded05f5a3bf3ec,2026-07-23,25,103,"200,20000","200,20000","200,10000","200,4000","200,2500","200,1900","200,1200","200,600",,,,,,,1,18,a168,bet_limit_default,ods_a168_bet_limit_default,2026-07-23 04:05:14
8ebda540cbcc4d7336496819a46a1b68,2026-07-23,611,102,"0,0","0,0","0,0","0,0","0,0",,,,,,,,,,1,1,a168,bet_limit_default,ods_a168_bet_limit_default,2026-07-23 04:05:14
903ce9225fca3e988c2af215d4e544d3,2026-07-23,143,103,"5,500","5,500","5,250","5,100","5,70","5,50","5,30","5,20",,,,,,,1,5,a168,bet_limit_default,ods_a168_bet_limit_default,2026-07-23 04:05:14
9872ed9fc22fc182d371c3e9ed316094,2026-07-23,186,103,"1000,30000","1000,30000","1000,15000","1000,6000","1000,3750","1000,2750","1000,1800","900,900",,,,,,,1,22,a168,bet_limit_default,ods_a168_bet_limit_default,2026-07-23 04:05:14
9bf31c7ff062936a96d3c8bd1f8f2ff3,2026-07-23,15,104,"30,3000","30,3000","30,1500","30,600","30,500","30,400","30,250","30,250","30,200","30,150","30,100","30,60","30,50","20,20",1,15,a168,bet_limit_default,ods_a168_bet_limit_default,2026-07-23 04:05:14
9fc3d7152ba9336a670e36d0ed79bc43,2026-07-23,133,107,"300,30000","300,30000","300,7500","300,10500","300,30000","300,30000","300,30000",,,,,,,,1,16,a168,bet_limit_default,ods_a168_bet_limit_default,2026-07-23 04:05:14
a0a080f42e6f13b3a2df133f073095dd,2026-07-23,122,107,"50000,5000000","50000,5000000","50000,1250000","50000,1700000","50000,5000000","50000,5000000","50000,5000000",,,,,,,,1,28,a168,bet_limit_default,ods_a168_bet_limit_default,2026-07-23 04:05:14
a532400ed62e772b9dc0b86f46e583ff,2026-07-23,637,105,"20,2000","20,2000","20,400",,,,,,,,,,,,1,0,a168,bet_limit_default,ods_a168_bet_limit_default,2026-07-23 04:05:14
a5e00132373a7031000fd987a3c9f87b,2026-07-23,146,106,"5,500","5,500","5,65","5,100","5,30",,,,,,,,,,1,3,a168,bet_limit_default,ods_a168_bet_limit_default,2026-07-23 04:05:14
a7aeed74714116f3b292a982238f83d2,2026-07-23,576,112,"1,2500","1,2500",,,,,,,,,,,,,1,33,a168,bet_limit_default,ods_a168_bet_limit_default,2026-07-23 04:05:14
a97da629b098b75c294dffdc3e463904,2026-07-23,107,106,"10,1000","10,1000","10,125","10,100","10,50",,,,,,,,,,1,7,a168,bet_limit_default,ods_a168_bet_limit_default,2026-07-23 04:05:14
ad61ab143223efbc24c7d2583be69251,2026-07-23,74,102,"30000,3000000","30000,3000000","30000,400000","30000,3000000","30000,3000000",,,,,,,,,,1,38,a168,bet_limit_default,ods_a168_bet_limit_default,2026-07-23 04:05:14
ba2fd310dcaa8781a9a652a31baf3c68,2026-07-23,524,105,"1000,3000000","1000,3000000","1000,600000",,,,,,,,,,,,1,46,a168,bet_limit_default,ods_a168_bet_limit_default,2026-07-23 04:05:14
bcbe3365e6ac95ea2c0343a2395834dd,2026-07-23,222,108,"30,3000","30,3000","30,1000","30,300",,,,,,,,,,,1,10,a168,bet_limit_default,ods_a168_bet_limit_default,2026-07-23 04:05:14
c042f4db68f23406c6cecf84a7ebb0fe,2026-07-23,332,112,"10,1000","10,1000",,,,,,,,,,,,,1,7,a168,bet_limit_default,ods_a168_bet_limit_default,2026-07-23 04:05:14
c203d8a151612acf12457e4d67635a95,2026-07-23,442,113,"200,100000","200,100000","200,20000","200,2000",,,,,,,,,,,1,23,a168,bet_limit_default,ods_a168_bet_limit_default,2026-07-23 04:05:14
c3992e9a68c5ae12bd18488bc579b30d,2026-07-23,602,101,"1000,10000","1000,10000","1000,1250","950,950","1000,10000","950,2500","950,950","950,2000","950,950","100,333","0,0","1,100","0,0",,1,31,a168,bet_limit_default,ods_a168_bet_limit_default,2026-07-23 04:05:14
c52f1bd66cc19d05628bd8bf27af3ad6,2026-07-23,254,103,"1000,100000","1000,100000","1000,50000","1000,20000","1000,12500","1000,9500","1000,6000","1000,3000",,,,,,,1,23,a168,bet_limit_default,ods_a168_bet_limit_default,2026-07-23 04:05:14
c7635bfd99248a2cdef8249ef7bfbef4,2026-07-23,1124,112,"3000,300000","3000,300000",,,,,,,,,,,,,1,13,a168,bet_limit_default,ods_a168_bet_limit_default,2026-07-23 04:05:14
cedebb6e872f539bef8c3f919874e9d7,2026-07-23,183,110,"20000,2000000","20000,2000000","20000,2000000","20000,200000","20000,2000000","20000,200000","20000,200000","20000,200000","20000,100000","20000,60000","20000,60000","20000,60000","20000,40000","20000,20000",1,26,a168,bet_limit_default,ods_a168_bet_limit_default,2026-07-23 04:05:14
d64a340bcb633f536d56e51874281454,2026-07-23,530,105,"5,75000","5,75000","5,15000",,,,,,,,,,,,1,42,a168,bet_limit_default,ods_a168_bet_limit_default,2026-07-23 04:05:14
d86ea612dec96096c5e0fcc8dd42ab6d,2026-07-23,603,101,"500,20000","500,20000","500,2500","500,1900","500,20000","500,5000","500,1900","500,4000","500,1900","500,666","0,0","1,200","0,0",,1,27,a168,bet_limit_default,ods_a168_bet_limit_default,2026-07-23 04:05:14
dd458505749b2941217ddd59394240e8,2026-07-23,568,110,"1,15000","1,15000","1,15000","1,1500","1,1500","1,1500","1,1500","1,1500","1,750","1,450","1,450","1,450","1,300",,1,43,a168,bet_limit_default,ods_a168_bet_limit_default,2026-07-23 04:05:14
e165421110ba03099a1c0393373c5b43,2026-07-23,233,108,"10000,1000000","10000,1000000","10000,333333","10000,100000",,,,,,,,,,,1,26,a168,bet_limit_default,ods_a168_bet_limit_default,2026-07-23 04:05:14
e2c420d928d4bf8ce0ff2ec19b371514,2026-07-23,71,101,"5000000,500000000","5000000,500000000","5000000,62500000","5000000,45500000","5000000,500000000","5000000,125000000","5000000,45500000","5000000,100000000","5000000,45500000","5000000,16666666","0,0","1,5000000","0,0","500000,45500000",1,59,a168,bet_limit_default,ods_a168_bet_limit_default,2026-07-23 04:05:14
eae27d77ca20db309e056e3d2dcd7d69,2026-07-23,205,106,"10,3000","10,3000","10,375","10,300","10,150",,,,,,,,,,1,8,a168,bet_limit_default,ods_a168_bet_limit_default,2026-07-23 04:05:14
ec8956637a99787bd197eacd77acce5e,2026-07-23,102,104,"5000000,200000000","5000000,200000000","5000000,100000000","5000000,40000000","5000000,34000000","5000000,25000000","5000000,17000000","5000000,15000000","5000000,12000000","5000000,9000000","5000000,7500000","4000000,4000000","4000000,4000000","2000000,2000000",1,47,a168,bet_limit_default,ods_a168_bet_limit_default,2026-07-23 04:05:14
ed3d2c21991e3bef5e069713af9fa6ca,2026-07-23,98,104,"200000,20000000","200000,20000000","200000,10000000","200000,4000000","200000,3400000","200000,2500000","200000,1700000","200000,1500000","200000,1200000","200000,900000","200000,750000","200000,400000","200000,400000","200000,200000",1,41,a168,bet_limit_default,ods_a168_bet_limit_default,2026-07-23 04:05:14
eda80a3d5b344bc40f3bc04f65b7a357,2026-07-23,267,101,"3400,340000","3400,340000","3400,45000","3400,30000","3400,340000","3400,85000","3400,30000","3400,68000","3400,30000","3400,11333","0,0","1,3400","0,0","300,30000",1,40,a168,bet_limit_default,ods_a168_bet_limit_default,2026-07-23 04:05:14
f2217062e9a397a1dca429e7d70bc6ca,2026-07-23,149,108,"1,100","1,100","1,33","1,10",,,,,,,,,,,1,2,a168,bet_limit_default,ods_a168_bet_limit_default,2026-07-23 04:05:14
fc221309746013ac554571fbd180e1c8,2026-07-23,181,106,"20000,2000000","20000,2000000","20000,250000","20000,1250000","20000,1000000",,,,,,,,,,1,26,a168,bet_limit_default,ods_a168_bet_limit_default,2026-07-23 04:05:14
01f78be6f7cad02658508fe4616098a9,2026-07-23,550,110,"1,10000","1,10000","1,10000","1,1000","1,10000","1,1000","1,1000","1,1000","1,500","1,300","1,300","1,300","1,200",,1,44,a168,bet_limit_default,ods_a168_bet_limit_default,2026-07-23 04:05:14
03c6b06952c750899bb03d998e631860,2026-07-23,252,101,"100,2500","100,2500","100,350","100,250","100,2500","100,625","100,250","100,500","100,250","50,83","0,0","1,25","0,0","10,250",1,21,a168,bet_limit_default,ods_a168_bet_limit_default,2026-07-23 04:05:14
0eec27c419d0fe24e53c90338cdc8bc6,2026-07-23,1117,104,"3000,300000","3000,300000","3000,150000","3000,60000","3000,50000","3000,37500","3000,25000","3000,20000","3000,15000","3000,12500","3000,10000","3000,6000","3000,5000","2000,2000",1,32,a168,bet_limit_default,ods_a168_bet_limit_default,2026-07-23 04:05:14
11b9842e0a271ff252c1903e7132cd68,2026-07-23,303,107,"1400,140000","1400,140000","1400,35000","1400,50000","1400,140000","1400,140000","1400,140000",,,,,,,,1,22,a168,bet_limit_default,ods_a168_bet_limit_default,2026-07-23 04:05:14
13f9896df61279c928f19721878fac41,2026-07-23,346,113,"5000,500000","5000,500000","5000,100000","5000,10000",,,,,,,,,,,1,14,a168,bet_limit_default,ods_a168_bet_limit_default,2026-07-23 04:05:14
1543843a4723ed2ab08e18053ae6dc5b,2026-07-23,395,106,"5,5000","5,5000","5,650","5,1000","5,300",,,,,,,,,,1,6,a168,bet_limit_default,ods_a168_bet_limit_default,2026-07-23 04:05:14
18997733ec258a9fcaf239cc55d53363,2026-07-23,427,107,"100,30000","100,30000","100,7500","100,10500","100,30000","100,30000","100,30000",,,,,,,,1,36,a168,bet_limit_default,ods_a168_bet_limit_default,2026-07-23 04:05:14
1bb91f73e9d31ea2830a5e73ce3ed328,2026-07-23,558,113,"2,50000","2,50000","2,10000","2,1000",,,,,,,,,,,1,30,a168,bet_limit_default,ods_a168_bet_limit_default,2026-07-23 04:05:14
1c383cd30b7c298ab50293adfecb7b18,2026-07-23,35,102,"2000,200000","2000,200000","2000,25000","2000,200000","2000,200000",,,,,,,,,,1,31,a168,bet_limit_default,ods_a168_bet_limit_default,2026-07-23 04:05:14
258be18e31c8188555c2ff05b4d542c3,2026-07-23,579,113,"1000,3000000","1000,3000000","1000,600000","1000,60000",,,,,,,,,,,1,33,a168,bet_limit_default,ods_a168_bet_limit_default,2026-07-23 04:05:14
2838023a778dfaecdc212708f721b788,2026-07-23,51,101,"20,30000","20,30000","20,5000","20,5000","20,30000","20,7500","20,5000","20,6000","20,5000","20,1000","0,0","20,300","0,0","20,5000",1,12,a168,bet_limit_default,ods_a168_bet_limit_default,2026-07-23 04:05:14
28f0b864598a1291557bed248a998d4e,2026-07-23,394,105,"5,5000","5,5000","5,1000",,,,,,,,,,,,1,7,a168,bet_limit_default,ods_a168_bet_limit_default,2026-07-23 04:05:14
291597a100aadd814d197af4f4bab3a7,2026-07-23,642,103,"10,20000","10,20000","10,10000","10,4000","10,2500","10,1900","10,1200","10,600",,,,,,,1,0,a168,bet_limit_default,ods_a168_bet_limit_default,2026-07-23 04:05:14
2a79ea27c279e471f4d180b08d62b00a,2026-07-23,155,103,"1,500","1,500","1,250","1,100","1,70","1,50","1,30","1,20",,,,,,,1,3,a168,bet_limit_default,ods_a168_bet_limit_default,2026-07-23 04:05:14
2b24d495052a8ce66358eb576b8912c8,2026-07-23,145,105,"5,500","5,500","5,100",,,,,,,,,,,,1,4,a168,bet_limit_default,ods_a168_bet_limit_default,2026-07-23 04:05:14
2b44928ae11fb9384c4cf38708677c48,2026-07-23,115,105,"5000,200000","5000,200000","5000,40000",,,,,,,,,,,,1,25,a168,bet_limit_default,ods_a168_bet_limit_default,2026-07-23 04:05:14
2f55707d4193dc27118a0f19a1985716,2026-07-23,493,112,"5,2000","5,2000",,,,,,,,,,,,,1,5,a168,bet_limit_default,ods_a168_bet_limit_default,2026-07-23 04:05:14
303ed4c69846ab36c2904d3ba8573050,2026-07-23,647,101,"20,100000","20,100000","20,100000","20,100000","20,100000","20,100000","20,100000","20,100000","20,100000","20,100000","0,0","20,1000",,,1,0,a168,bet_limit_default,ods_a168_bet_limit_default,2026-07-23 04:05:14
3295c76acbf4caaed33c36b1b5fc2cb1,2026-07-23,66,101,"300000,30000000","300000,30000000","300000,3750000","300000,2750000","300000,30000000","300000,7500000","300000,2750000","300000,6000000","300000,2750000","300000,1000000","0,0","1,300000","0,0","30000,2750000",1,52,a168,bet_limit_default,ods_a168_bet_limit_default,2026-07-23 04:05:14
32bb90e8976aab5298d5da10fe66f21d,2026-07-23,72,101,"50000000,1000000000","50000000,1000000000","50000000,125000000","50000000,91000000","50000000,1000000000","50000000,250000000","50000000,91000000","50000000,200000000","50000000,91000000","20000000,33333333","0,0","1,10000000","0,0","5000000,91000000",1,60,a168,bet_limit_default,ods_a168_bet_limit_default,2026-07-23 04:05:14
352fe25daf686bdb4edca223c921acea,2026-07-23,399,112,"5,5000","5,5000",,,,,,,,,,,,,1,6,a168,bet_limit_default,ods_a168_bet_limit_default,2026-07-23 04:05:14
37a749d808e46495a8da1e5352d03cae,2026-07-23,152,101,"10,500","10,500","10,100","10,50","10,500","10,125","10,50","10,100","10,50","10,16","0,0","1,5","0,0","1,50",1,8,a168,bet_limit_default,ods_a168_bet_limit_default,2026-07-23 04:05:14
37bc2f75bf1bcfe8450a1a41c200364c,2026-07-23,304,107,"3400,340000","3400,340000","3400,85000","3400,120000","3400,340000","3400,340000","3400,340000",,,,,,,,1,24,a168,bet_limit_default,ods_a168_bet_limit_default,2026-07-23 04:05:14
3871bd64012152bfb53fdf04b401193f,2026-07-23,622,113,"0,0","0,0","0,0","0,0",,,,,,,,,,,1,0,a168,bet_limit_default,ods_a168_bet_limit_default,2026-07-23 04:05:14
38913e1d6a7b94cb0f55994f679f5956,2026-07-23,517,104,"1,2500","1,2500","1,1250","1,500","1,450","1,350","1,250","1,200","1,150","1,150","1,100","1,50","1,50","1,20",1,60,a168,bet_limit_default,ods_a168_bet_limit_default,2026-07-23 04:05:14
44c4c17332cace2124a1a836d9fc4b6f,2026-07-23,606,112,"300,30000","300,30000",,,,,,,,,,,,,1,0,a168,bet_limit_default,ods_a168_bet_limit_default,2026-07-23 04:05:14
45fbc6d3e05ebd93369ce542e8f2322d,2026-07-23,216,111,"100000,10000000","100000,10000000","100000,5000000","100000,750000","100000,600000","50000,50000","50000,50000",,,,,,,,1,25,a168,bet_limit_default,ods_a168_bet_limit_default,2026-07-23 04:05:14
539fd53b59e3bb12d203f45a912eeaf2,2026-07-23,237,108,"200000,20000000","200000,20000000","200000,6666666","200000,2000000",,,,,,,,,,,1,32,a168,bet_limit_default,ods_a168_bet_limit_default,2026-07-23 04:05:14
55b37c5c270e5d84c793e486d798c01d,2026-07-23,649,101,"20,500000","20,500000","20,500000","20,500000","20,500000","20,500000","20,500000","20,500000","20,500000","20,500000","0,0","20,5000",,,1,0,a168,bet_limit_default,ods_a168_bet_limit_default,2026-07-23 04:05:14
5d798e4d52300434b2c1a41162162020,2026-07-23,99106,106,"1,100","1,100","1,20","1,10","1,5",,,,,,,,,,0,47,a168,bet_limit_default,ods_a168_bet_limit_default,2026-07-23 04:05:14
605ff764c617d3cd28dbbdd72be8f9a2,2026-07-23,586,128,"100,10000","100,10000",,,,,,,,,,,,,1,11,a168,bet_limit_default,ods_a168_bet_limit_default,2026-07-23 04:05:14
6364d3f0f495b6ab9dcf8d3b5c6e0b01,2026-07-23,32,101,"2000,200000","2000,200000","2000,25000","2000,19000","2000,200000","2000,50000","2000,19000","2000,40000","2000,19000","2000,6666","0,0","1,2000","0,0","200,19000",1,38,a168,bet_limit_default,ods_a168_bet_limit_default,2026-07-23 04:05:14
69adc1e107f7f7d035d7baf04342e1ca,2026-07-23,207,107,"10,3000","10,3000","10,750","10,1000","10,3000","10,3000","10,3000",,,,,,,,1,9,a168,bet_limit_default,ods_a168_bet_limit_default,2026-07-23 04:05:14
6cdd60ea0045eb7a6ec44c54d29ed402,2026-07-23,184,101,"1000,30000","1000,30000","1000,3750","1000,2750","1000,30000","1000,7500","1000,2750","1000,6000","1000,2750","100,1000","0,0","1,300","0,0","100,2750",1,33,a168,bet_limit_default,ods_a168_bet_limit_default,2026-07-23 04:05:14
72b32a1f754ba1c09b3695e0cb6cde7f,2026-07-23,57,105,"50,5000","50,5000","50,1000",,,,,,,,,,,,1,13,a168,bet_limit_default,ods_a168_bet_limit_default,2026-07-23 04:05:14
75fc093c0ee742f6dddaa13fff98f104,2026-07-23,429,107,"200,100000","200,100000","200,25000","200,37000","200,100000","200,100000","200,100000",,,,,,,,1,38,a168,bet_limit_default,ods_a168_bet_limit_default,2026-07-23 04:05:14
7e7757b1e12abcb736ab9a754ffb617a,2026-07-23,166,104,"30,1500","30,1500","30,750","30,300","30,250","30,200","30,125","30,125","30,100","30,100","30,50","30,30","25,25","10,10",1,14,a168,bet_limit_default,ods_a168_bet_limit_default,2026-07-23 04:05:14
7fe1f8abaad094e0b5cb1b01d712f708,2026-07-23,459,113,"200,20000","200,20000","200,3300","200,350",,,,,,,,,,,1,26,a168,bet_limit_default,ods_a168_bet_limit_default,2026-07-23 04:05:14
821fa74b50ba3f7cba1e6c53e8fa6845,2026-07-23,455,112,"30,3000","30,3000",,,,,,,,,,,,,1,23,a168,bet_limit_default,ods_a168_bet_limit_default,2026-07-23 04:05:14
839ab46820b524afda05122893c2fe8e,2026-07-23,289,105,"1400,140000","1400,140000","1400,28000",,,,,,,,,,,,1,22,a168,bet_limit_default,ods_a168_bet_limit_default,2026-07-23 04:05:14
877a9ba7a98f75b90a9d49f53f15a858,2026-07-23,468,108,"10,50000","10,50000","10,16666","10,5000",,,,,,,,,,,1,45,a168,bet_limit_default,ods_a168_bet_limit_default,2026-07-23 04:05:14
8d34201a5b85900908db6cae92723617,2026-07-23,548,104,"2,50000","2,50000","2,25000","2,10000","2,8350","2,6250","2,4200","2,3600","2,2800","2,2100","2,1700","2,1000","2,850","2,350",1,56,a168,bet_limit_default,ods_a168_bet_limit_default,2026-07-23 04:05:14
8d5e957f297893487bd98fa830fa6413,2026-07-23,147,107,"5,500","5,500","5,125","5,180","5,500","5,500","5,500",,,,,,,,1,4,a168,bet_limit_default,ods_a168_bet_limit_default,2026-07-23 04:05:14
8e6b42f1644ecb1327dc03ab345e618b,2026-07-23,471,112,"10,50000","10,50000",,,,,,,,,,,,,1,26,a168,bet_limit_default,ods_a168_bet_limit_default,2026-07-23 04:05:14
94c7bb58efc3b337800875b5d382a072,2026-07-23,552,107,"2,50000","2,50000","2,12500","2,18500","2,50000","2,50000","2,50000",,,,,,,,1,43,a168,bet_limit_default,ods_a168_bet_limit_default,2026-07-23 04:05:14
94f6d7e04a4d452035300f18b984988c,2026-07-23,300,106,"70000,7000000","70000,7000000","70000,875000","70000,450000","70000,350000",,,,,,,,,,1,29,a168,bet_limit_default,ods_a168_bet_limit_default,2026-07-23 04:05:14
9766527f2b5d3e95d4a733fcfb77bd7e,2026-07-23,165,102,"500,30000","500,30000","500,3750","500,30000","500,30000",,,,,,,,,,1,24,a168,bet_limit_default,ods_a168_bet_limit_default,2026-07-23 04:05:14
9778d5d219c5080b9a6a17bef029331c,2026-07-23,82,102,"5000000,200000000","5000000,200000000","5000000,25000000","5000000,200000000","5000000,200000000",,,,,,,,,,1,50,a168,bet_limit_default,ods_a168_bet_limit_default,2026-07-23 04:05:14
98b297950041a42470269d56260243a1,2026-07-23,460,113,"20,30000","20,30000","20,5000","20,500",,,,,,,,,,,1,25,a168,bet_limit_default,ods_a168_bet_limit_default,2026-07-23 04:05:14
98dce83da57b0395e163467c9dae521b,2026-07-23,93,103,"5000000,200000000","5000000,200000000","5000000,100000000","5000000,40000000","5000000,25000000","5000000,19000000","5000000,12000000","5000000,6000000",,,,,,,1,42,a168,bet_limit_default,ods_a168_bet_limit_default,2026-07-23 04:05:14
9a1158154dfa42caddbd0694a4e9bdc8,2026-07-23,52,102,"20,30000","20,30000","20,5000","20,30000","20,30000",,,,,,,,,,1,12,a168,bet_limit_default,ods_a168_bet_limit_default,2026-07-23 04:05:14
9a96876e2f8f3dc4f3cf45f02c61c0c1,2026-07-23,447,110,"100,50000","100,50000","100,50000","100,5000","100,5000","100,5000","100,5000","100,5000","100,2500","100,1500","100,1500","100,1500","100,1000",,1,36,a168,bet_limit_default,ods_a168_bet_limit_default,2026-07-23 04:05:14
9cfdf10e8fc047a44b08ed031e1f0ed1,2026-07-23,226,108,"300,30000","300,30000","300,10000","300,3000",,,,,,,,,,,1,15,a168,bet_limit_default,ods_a168_bet_limit_default,2026-07-23 04:05:14
a3f390d88e4c41f2747bfa2f1b5f87db,2026-07-23,68,101,"1000000,100000000","1000000,100000000","1000000,12500000","1000000,9100000","1000000,100000000","1000000,25000000","1000000,9100000","1000000,20000000","1000000,9100000","1000000,3333333","0,0","1,1000000","0,0","100000,9100000",1,55,a168,bet_limit_default,ods_a168_bet_limit_default,2026-07-23 04:05:14
a516a87cfcaef229b342c437fe2b95f7,2026-07-23,487,104,"5,2000","5,2000","5,1000","5,400","5,340","5,250","5,170","5,150","5,120","5,90","5,75","5,40","5,40","5,20",1,6,a168,bet_limit_default,ods_a168_bet_limit_default,2026-07-23 04:05:14
a666587afda6e89aec274a3657558a27,2026-07-23,326,111,"70,7000","70,7000","70,3500","70,1000","70,875","70,70","70,70",,,,,,,,1,8,a168,bet_limit_default,ods_a168_bet_limit_default,2026-07-23 04:05:14
a684eceee76fc522773286a895bc8436,2026-07-23,54,104,"20,30000","20,30000","20,5000","20,3000","20,3000","20,3000","20,2000","20,2000","20,2000","20,1000","20,1000","20,1000","20,500","20,200",1,12,a168,bet_limit_default,ods_a168_bet_limit_default,2026-07-23 04:05:14
a8abb4bb284b5b27aa7cb790dc20f80b,2026-07-23,440,113,"100,30000","100,30000","100,6000","100,600",,,,,,,,,,,1,21,a168,bet_limit_default,ods_a168_bet_limit_default,2026-07-23 04:05:14
acc3e0404646c57502b480dc052c4fe1,2026-07-23,593,128,"100000,10000000","100000,10000000",,,,,,,,,,,,,1,20,a168,bet_limit_default,ods_a168_bet_limit_default,2026-07-23 04:05:14
ad13a2a07ca4b7642959dc0c4c740ab6,2026-07-23,315,108,"700000,70000000","700000,70000000","700000,25000000","700000,7000000",,,,,,,,,,,1,34,a168,bet_limit_default,ods_a168_bet_limit_default,2026-07-23 04:05:14
b2eeb7362ef83deff5c7813a67e14f0a,2026-07-23,596,111,"2,5000","2,5000","2,2500","2,750","2,600","2,50","2,50",,,,,,,,1,2,a168,bet_limit_default,ods_a168_bet_limit_default,2026-07-23 04:05:14
b34bd464f239385a4389d6093be9e004,2026-07-23,99111,111,"1,100","1,100","1,50","1,15","1,12","1,1","1,1",,,,,,,,0,41,a168,bet_limit_default,ods_a168_bet_limit_default,2026-07-23 04:05:14
b7b16ecf8ca53723593894116071700c,2026-07-23,398,110,"5,5000","5,5000","5,5000","5,500","5,500","5,500","5,500","5,500","5,250","5,200","5,200","5,200","5,100",,1,7,a168,bet_limit_default,ods_a168_bet_limit_default,2026-07-23 04:05:14
beed13602b9b0e6ecb5b568ff5058f07,2026-07-23,383,106,"2,5000","2,5000","2,750","2,400","2,200",,,,,,,,,,1,2,a168,bet_limit_default,ods_a168_bet_limit_default,2026-07-23 04:05:14
c24cd76e1ce41366a4bbe8a49b02a028,2026-07-23,253,101,"50,1250","50,1250","50,150","50,125","50,1250","50,350","50,125","50,250","50,125","30,41","0,0","1,12","0,0","10,125",1,16,a168,bet_limit_default,ods_a168_bet_limit_default,2026-07-23 04:05:14
c6e19e830859f2cb9f7c8f8cacb8d2a6,2026-07-23,581,106,"1,30000","1,30000","1,3750","1,1900","1,1500",,,,,,,,,,1,39,a168,bet_limit_default,ods_a168_bet_limit_default,2026-07-23 04:05:14
d07e70efcfab08731a97e7b91be644de,2026-07-23,458,112,"20,30000","20,30000",,,,,,,,,,,,,1,24,a168,bet_limit_default,ods_a168_bet_limit_default,2026-07-23 04:05:14
d1f491a404d6854880943e5c3cd9ca25,2026-07-23,129,107,"1,100","1,100","1,25","1,35","1,100","1,100","1,100",,,,,,,,1,2,a168,bet_limit_default,ods_a168_bet_limit_default,2026-07-23 04:05:14
d82c8d1619ad8176d665453cfb2e55f0,2026-07-23,53,103,"20,30000","20,30000","20,10000","20,5000","20,5000","20,2000","20,2000","20,1000",,,,,,,1,12,a168,bet_limit_default,ods_a168_bet_limit_default,2026-07-23 04:05:14
daca41214b39c5dc66674d09081940f0,2026-07-23,588,128,"1000,100000","1000,100000",,,,,,,,,,,,,1,15,a168,bet_limit_default,ods_a168_bet_limit_default,2026-07-23 04:05:14
dc82d632c9fcecb0778afbc7924494a6,2026-07-23,607,113,"300,30000","300,30000","300,5000","300,2000",,,,,,,,,,,1,0,a168,bet_limit_default,ods_a168_bet_limit_default,2026-07-23 04:05:14
dc912a253d1e9ba40e2c597ed2376640,2026-07-23,385,108,"2,5000","2,5000","2,2000","2,500",,,,,,,,,,,1,3,a168,bet_limit_default,ods_a168_bet_limit_default,2026-07-23 04:05:14
e00da03b685a0dd18fb6a08af0923de0,2026-07-23,139,110,"10000,1000000","10000,1000000","10000,1000000","10000,100000","10000,100000","10000,100000","10000,100000","10000,100000","10000,50000","10000,30000","10000,30000","10000,30000","10000,20000","10000,10000",1,25,a168,bet_limit_default,ods_a168_bet_limit_default,2026-07-23 04:05:14
e1e32e235eee1f970470a3a6658dfdd5,2026-07-23,483,113,"5,1000","5,1000","5,200","5,20",,,,,,,,,,,1,4,a168,bet_limit_default,ods_a168_bet_limit_default,2026-07-23 04:05:14
e2230b853516e7b05d79744fbd4c9c13,2026-07-23,509,107,"1,30000","1,30000","1,7500","1,10500","1,30000","1,30000","1,30000",,,,,,,,1,41,a168,bet_limit_default,ods_a168_bet_limit_default,2026-07-23 04:05:14
eb160de1de89d9058fcb0b968dbbbd68,2026-07-23,117,106,"30000,3000000","30000,3000000","30000,375000","30000,187500","30000,150000",,,,,,,,,,1,27,a168,bet_limit_default,ods_a168_bet_limit_default,2026-07-23 04:05:14
eecca5b6365d9607ee5a9d336962c534,2026-07-23,185,102,"1000,30000","1000,30000","1000,3750","1000,30000","1000,30000",,,,,,,,,,1,27,a168,bet_limit_default,ods_a168_bet_limit_default,2026-07-23 04:05:14
eed5af6add95a9a6f1252739b1ad8c24,2026-07-23,439,113,"100,20000","100,20000","100,4000","100,400",,,,,,,,,,,1,20,a168,bet_limit_default,ods_a168_bet_limit_default,2026-07-23 04:05:14
f718499c1c8cef6730f9fd03c8125cab,2026-07-23,256,105,"1000,100000","1000,100000","1000,20000",,,,,,,,,,,,1,20,a168,bet_limit_default,ods_a168_bet_limit_default,2026-07-23 04:05:14
f74909ace68e51891440e4da0b65a70c,2026-07-23,430,108,"100,20000","100,20000","100,6666","100,2000",,,,,,,,,,,1,40,a168,bet_limit_default,ods_a168_bet_limit_default,2026-07-23 04:05:14
fa7cdfad1a5aaf8370ebeda47a1ff1c3,2026-07-23,164,101,"500,30000","500,30000","500,5000","500,5000","500,30000","500,7500","500,5000","500,6000","500,5000","500,1000","0,0","1,300","0,0","50,5000",1,28,a168,bet_limit_default,ods_a168_bet_limit_default,2026-07-23 04:05:14
fe9fc289c3ff0af142b6d3bead98a923,2026-07-23,83,102,"5000000,500000000","5000000,500000000","5000000,62500000","5000000,500000000","5000000,500000000",,,,,,,,,,1,51,a168,bet_limit_default,ods_a168_bet_limit_default,2026-07-23 04:05:14
02522a2b2726fb0a03bb19f2d8d9524d,2026-07-23,134,110,"10,1000","10,1000","10,1000","10,100","10,100","10,100","10,100","10,100","10,50","10,30","10,30","10,30","10,20","10,10",1,8,a168,bet_limit_default,ods_a168_bet_limit_default,2026-07-23 04:05:14
06409663226af2f3114485aa4e0a23b4,2026-07-23,158,101,"100,5000","100,5000","100,650","100,500","100,5000","100,1250","100,500","100,1000","100,500","100,166","0,0","1,50","0,0","10,500",1,20,a168,bet_limit_default,ods_a168_bet_limit_default,2026-07-23 04:05:14
069059b7ef840f0c74a814ec9237b6ec,2026-07-23,126,104,"1,100","1,100","1,50","1,20","1,20","1,15","1,10","1,10","1,10","1,5","1,5","1,3","1,3","1,2",1,2,a168,bet_limit_default,ods_a168_bet_limit_default,2026-07-23 04:05:14
07e1cd7dca89a1678042477183b7ac3f,2026-07-23,119,106,"100000,10000000","100000,10000000","100000,12500000","100000,6250000","100000,5000000",,,,,,,,,,1,30,a168,bet_limit_default,ods_a168_bet_limit_default,2026-07-23 04:05:14
08b255a5d42b89b0585260b6f2360bdd,2026-07-23,590,128,"5000,500000","5000,500000",,,,,,,,,,,,,1,17,a168,bet_limit_default,ods_a168_bet_limit_default,2026-07-23 04:05:14
091d584fced301b442654dd8c23b3fc9,2026-07-23,208,110,"10,3000","10,3000","10,3000","10,300","10,300","10,300","10,300","10,300","10,150","10,90","10,90","10,90","10,60","10,30",1,9,a168,bet_limit_default,ods_a168_bet_limit_default,2026-07-23 04:05:14
0bb4aec1710521c12ee76289d9440817,2026-07-23,349,113,"100000,10000000","100000,10000000","100000,2000000","100000,200000",,,,,,,,,,,1,17,a168,bet_limit_default,ods_a168_bet_limit_default,2026-07-23 04:05:14
1385974ed5904a438616ff7bdb3f7439,2026-07-23,140,110,"30000,3000000","30000,3000000","30000,3000000","30000,300000","30000,300000","30000,300000","30000,300000","30000,300000","30000,150000","30000,90000","30000,90000","30000,90000","30000,60000","30000,30000",1,27,a168,bet_limit_default,ods_a168_bet_limit_default,2026-07-23 04:05:14
1651cf0d2f737d7adeab84d339dbabd3,2026-07-23,438,112,"200,100000","200,100000",,,,,,,,,,,,,1,22,a168,bet_limit_default,ods_a168_bet_limit_default,2026-07-23 04:05:14
17d63b1625c816c22647a73e1482372b,2026-07-23,411,103,"100,30000","100,30000","100,15000","100,6000","100,3750","100,2750","100,1800","100,900",,,,,,,1,45,a168,bet_limit_default,ods_a168_bet_limit_default,2026-07-23 04:05:14
18d8042386b79e2c279fd162df0205c8,2026-07-23,400,111,"5,5000","5,5000","5,2500","5,750","5,600","5,50","5,50",,,,,,,,1,4,a168,bet_limit_default,ods_a168_bet_limit_default,2026-07-23 04:05:14
1ff8a7b5dc7a7d1f0ed65aaa29c04b1e,2026-07-23,172,105,"200,20000","200,20000","200,4000",,,,,,,,,,,,1,17,a168,bet_limit_default,ods_a168_bet_limit_default,2026-07-23 04:05:14
233509073ed3432027d48b1a83f5fbd2,2026-07-23,625,101,"3000000,300000000","3000000,300000000","3000000,37500000","3000000,27500000","3000000,300000000","3000000,75000000","3000000,27500000","3000000,60000000","3000000,27500000","3000000,10000000","0,0","1,3000000","0,0",,1,57,a168,bet_limit_default,ods_a168_bet_limit_default,2026-07-23 04:05:14
26657d5ff9020d2abefe558796b99584,2026-07-23,96,104,"50000,5000000","50000,5000000","50000,2500000","50000,1000000","50000,850000","50000,650000","50000,450000","50000,400000","50000,300000","50000,250000","50000,200000","50000,100000","50000,100000","50000,50000",1,38,a168,bet_limit_default,ods_a168_bet_limit_default,2026-07-23 04:05:14
2723d092b63885e0d7c260cc007e8b9d,2026-07-23,109,106,"50,5000","50,5000","50,575","50,500","50,250",,,,,,,,,,1,13,a168,bet_limit_default,ods_a168_bet_limit_default,2026-07-23 04:05:14
31fefc0e570cb3860f2a6d4b38c6490d,2026-07-23,187,104,"1000,30000","1000,30000","1000,15000","1000,6000","1000,5000","1000,3750","1000,2500","1000,2150","1000,1700","1000,1250","1000,1000","600,600","500,500","200,200",1,27,a168,bet_limit_default,ods_a168_bet_limit_default,2026-07-23 04:05:14
371bce7dc83817b7893bcdeed13799b5,2026-07-23,352,103,"20,50000","20,50000","20,25000","20,10000","20,7000","20,5000","20,3500","20,2000",,,,,,,1,13,a168,bet_limit_default,ods_a168_bet_limit_default,2026-07-23 04:05:14
3a0772443a0739141292a5429b952fe6,2026-07-23,559,101,"1,15000","1,15000","1,1875","1,1375","1,15000","1,3750","1,1375","1,3000","1,1375","1,500","0,0","1,150","0,0",,1,70,a168,bet_limit_default,ods_a168_bet_limit_default,2026-07-23 04:05:14
3cf166c6b73f030b4f67eeaeba301103,2026-07-23,499,102,"1,30000","1,30000","1,3750","1,30000","1,30000",,,,,,,,,,1,60,a168,bet_limit_default,ods_a168_bet_limit_default,2026-07-23 04:05:14
3dd48ab31d016ffcbf3314df2b3cb9ce,2026-07-23,341,113,"10,1000","10,1000","10,200","10,20",,,,,,,,,,,1,7,a168,bet_limit_default,ods_a168_bet_limit_default,2026-07-23 04:05:14
42a0e188f5033bc65bf8d78622277c4e,2026-07-23,136,110,"50,5000","50,5000","50,5000","50,500","50,500","50,500","50,500","50,500","50,250","50,250","50,150","50,150","50,100","50,50",1,13,a168,bet_limit_default,ods_a168_bet_limit_default,2026-07-23 04:05:14
42e77b63637ab381e8be5f8318cc28a2,2026-07-23,628,102,"3000000,300000000","3000000,300000000","3000000,37500000","3000000,300000000","3000000,300000000",,,,,,,,,,1,49,a168,bet_limit_default,ods_a168_bet_limit_default,2026-07-23 04:05:14
5737c6ec2e0716f3d8a7a5c4e0de0d9a,2026-07-23,322,110,"700000,70000000","700000,70000000","700000,70000000","700000,7000000","700000,70000000","700000,7000000","700000,7000000","700000,7000000","700000,3500000","700000,2500000","700000,2500000","700000,2500000","700000,1400000","700000,1400000",1,31,a168,bet_limit_default,ods_a168_bet_limit_default,2026-07-23 04:05:14
57aeee35c98205091e18d1140e9f38cf,2026-07-23,229,108,"2000,200000","2000,200000","2000,66666","2000,20000",,,,,,,,,,,1,21,a168,bet_limit_default,ods_a168_bet_limit_default,2026-07-23 04:05:14
58a2fc6ed39fd083f55d4182bf88826d,2026-07-23,192,101,"10,100000","10,100000","10,12500","10,9100","10,100000","10,25000","10,9100","10,20000","10,9100","10,3333","0,0","10,1000","0,0","1,9100",1,11,a168,bet_limit_default,ods_a168_bet_limit_default,2026-07-23 04:05:14
59b90e1005a220e2ebc542eb9d950b1e,2026-07-23,514,103,"1,2500","1,2500","1,1250","1,500","1,350","1,250","1,150","1,100",,,,,,,1,55,a168,bet_limit_default,ods_a168_bet_limit_default,2026-07-23 04:05:14
5b8add2a5d98b1a652ea7fd72d942dac,2026-07-23,317,110,"1400,140000","1400,140000","1400,140000","1400,14000","1400,140000","1400,14000","1400,14000","1400,14000","1400,7000","1400,5000","1400,5000","1400,5000","1400,2800","1400,1400",1,22,a168,bet_limit_default,ods_a168_bet_limit_default,2026-07-23 04:05:14
5e388103a391daabe3de1d76a6739ccd,2026-07-23,554,110,"1000,3000000","1000,3000000","1000,3000000","1000,300000","1000,300000","1000,300000","1000,300000","1000,300000","1000,150000","1000,90000","1000,90000","1000,90000","1000,60000",,1,45,a168,bet_limit_default,ods_a168_bet_limit_default,2026-07-23 04:05:14
631c75ed8d851df5cd052244422a7f0c,2026-07-23,99105,105,"1,100","1,100","1,20",,,,,,,,,,,,0,48,a168,bet_limit_default,ods_a168_bet_limit_default,2026-07-23 04:05:14
63538fe6ef330c13a05a3ed7e599d5f7,2026-07-23,519,104,"3000,300000","3000,300000","3000,15000","3000,60000","3000,50000","3000,37500","3000,25000","3000,21500","3000,17000","3000,12500","3000,10000","3000,6000","3000,5000","2000,2000",1,59,a168,bet_limit_default,ods_a168_bet_limit_default,2026-07-23 04:05:14
6512bd43d9caa6e02c990b0a82652dca,2026-07-23,11,103,"30,3000","30,3000","30,1500","30,600","30,400","30,300","30,200","30,100",,,,,,,1,14,a168,bet_limit_default,ods_a168_bet_limit_default,2026-07-23 04:05:14
67f7fb873eaf29526a11a9b7ac33bfac,2026-07-23,445,111,"100,50000","100,50000","100,25000","100,7100","100,6300","100,500","100,400",,,,,,,,1,31,a168,bet_limit_default,ods_a168_bet_limit_default,2026-07-23 04:05:14
69cb3ea317a32c4e6143e665fdb20b14,2026-07-23,402,101,"100,20000","100,20000","100,2500","100,1900","100,20000","100,5000","100,1900","100,4000","100,1900","100,666","0,0","1,200","0,0",,1,62,a168,bet_limit_default,ods_a168_bet_limit_default,2026-07-23 04:05:14
6a9aeddfc689c1d0e3b9ccc3ab651bc5,2026-07-23,282,104,"1400,140000","1400,140000","1400,70000","1400,30000","1400,25000","1400,20000","1400,12000","1400,10000","1400,10000","1400,6000","1400,5000","1400,3000","1400,3000","1000,1000",1,30,a168,bet_limit_default,ods_a168_bet_limit_default,2026-07-23 04:05:14
6c8349cc7260ae62e3b1396831a8398f,2026-07-23,45,104,"500,50000","500,50000","500,25000","500,10000","500,8350","500,6250","500,4200","500,3600","500,2800","500,2100","500,1700","500,1000","500,850","350,350",1,25,a168,bet_limit_default,ods_a168_bet_limit_default,2026-07-23 04:05:14
6da37dd3139aa4d9aa55b8d237ec5d4a,2026-07-23,331,104,"3400,340000","3400,340000","3400,170000","3400,68000","3400,60000","3400,45000","3400,30000","3400,25000","3400,20000","3400,15000","3400,12000","3400,7000","3400,6000","2000,2000",1,33,a168,bet_limit_default,ods_a168_bet_limit_default,2026-07-23 04:05:14
6ea2ef7311b482724a9b7b0bc0dd85c6,2026-07-23,480,108,"5,1000","5,1000","5,333","5,100",,,,,,,,,,,1,5,a168,bet_limit_default,ods_a168_bet_limit_default,2026-07-23 04:05:14
74071a673307ca7459bcf75fbd024e09,2026-07-23,477,105,"5,1000","5,1000","5,200",,,,,,,,,,,,1,5,a168,bet_limit_default,ods_a168_bet_limit_default,2026-07-23 04:05:14
7647966b7343c29048673252e490f736,2026-07-23,89,103,"200000,20000000","200000,20000000","200000,10000000","200000,4000000","200000,2500000","200000,1900000","200000,1200000","200000,600000",,,,,,,1,36,a168,bet_limit_default,ods_a168_bet_limit_default,2026-07-23 04:05:14
7a614fd06c325499f1680b9896beedeb,2026-07-23,272,102,"700,70000","700,70000","700,10000","700,70000","700,70000",,,,,,,,,,1,26,a168,bet_limit_default,ods_a168_bet_limit_default,2026-07-23 04:05:14
7dcd340d84f762eba80aa538b0c527f7,2026-07-23,542,107,"1,2500","1,2500","1,850","1,1250","1,2500","1,2500","1,2500",,,,,,,,1,47,a168,bet_limit_default,ods_a168_bet_limit_default,2026-07-23 04:05:14
819f46e52c25763a55cc642422644317,2026-07-23,338,112,"50000,5000000","50000,5000000",,,,,,,,,,,,,1,16,a168,bet_limit_default,ods_a168_bet_limit_default,2026-07-23 04:05:14
8cb22bdd0b7ba1ab13d742e22eed8da2,2026-07-23,406,102,"100,20000","100,20000","100,2500","100,20000","100,20000",,,,,,,,,,1,55,a168,bet_limit_default,ods_a168_bet_limit_default,2026-07-23 04:05:14
8f121ce07d74717e0b1f21d122e04521,2026-07-23,268,101,"70000,7000000","70000,7000000","70000,900000","70000,650000","70000,7000000","70000,1750000","70000,650000","70000,1400000","70000,650000","70000,233333","0,0","1,70000","0,0","6500,650000",1,49,a168,bet_limit_default,ods_a168_bet_limit_default,2026-07-23 04:05:14
8f14e45fceea167a5a36dedd4bea2543,2026-07-23,7,102,"50,5000","50,5000","50,650","50,5000","50,5000",,,,,,,,,,1,17,a168,bet_limit_default,ods_a168_bet_limit_default,2026-07-23 04:05:14
99c5e07b4d5de9d18c350cdf64c5aa3d,2026-07-23,567,108,"1,15000","1,15000","1,5000","1,1500",,,,,,,,,,,1,49,a168,bet_limit_default,ods_a168_bet_limit_default,2026-07-23 04:05:14
9b72e31dac81715466cd580a448cf823,2026-07-23,540,107,"1000,3000000","1000,3000000","1000,1000000","1000,1500000","1000,3000000","1000,3000000","1000,3000000",,,,,,,,1,46,a168,bet_limit_default,ods_a168_bet_limit_default,2026-07-23 04:05:14
a02ffd91ece5e7efeb46db8f10a74059,2026-07-23,379,102,"2,5000","2,5000","2,750","2,5000","2,5000",,,,,,,,,,1,3,a168,bet_limit_default,ods_a168_bet_limit_default,2026-07-23 04:05:14
a5771bce93e200c36f7cd9dfd0e5deaa,2026-07-23,38,101,"50000,1000000","50000,1000000","50000,125000","50000,91000","50000,1000000","50000,250000","50000,91000","50000,200000","50000,91000","20000,33333","0,0","1,10000","0,0","5000,91000",1,47,a168,bet_limit_default,ods_a168_bet_limit_default,2026-07-23 04:05:14
a597e50502f5ff68e3e25b9114205d4a,2026-07-23,194,103,"10,100000","10,100000","10,50000","10,20000","10,17500","10,9500","10,6000","10,3000",,,,,,,1,11,a168,bet_limit_default,ods_a168_bet_limit_default,2026-07-23 04:05:14
a87ff679a2f3e71d9181a67b7542122c,2026-07-23,4,101,"100,10000","100,10000","100,1250","100,950","100,10000","100,2500","100,950","100,2000","100,950","100,333","0,0","1,100","0,0","10,950",1,22,a168,bet_limit_default,ods_a168_bet_limit_default,2026-07-23 04:05:14
aa942ab2bfa6ebda4840e7360ce6e7ef,2026-07-23,358,110,"20,50000","20,50000","20,25000","20,20000","20,10000","20,8000","20,7500","20,5000","20,4000","20,2000","20,2500","20,2000","20,1000","20,300",1,11,a168,bet_limit_default,ods_a168_bet_limit_default,2026-07-23 04:05:14
ad972f10e0800b49d76fed33a21f6698,2026-07-23,374,113,"100,300000","100,300000","100,5000","100,2000",,,,,,,,,,,1,18,a168,bet_limit_default,ods_a168_bet_limit_default,2026-07-23 04:05:14
b6f0479ae87d244975439c6124592772,2026-07-23,420,105,"100,50000","100,50000","100,10000",,,,,,,,,,,,1,37,a168,bet_limit_default,ods_a168_bet_limit_default,2026-07-23 04:05:14
b73ce398c39f506af761d2277d853a92,2026-07-23,160,102,"50,2500","50,2500","50,350","50,2500","50,2500",,,,,,,,,,1,16,a168,bet_limit_default,ods_a168_bet_limit_default,2026-07-23 04:05:14
bbcbff5c1f1ded46c25d28119a85c6c2,2026-07-23,405,101,"200,100000","200,100000","200,12500","200,9100","200,100000","200,25000","200,9100","200,20000","200,9100","200,3333","0,0","1,1000","0,0",,1,65,a168,bet_limit_default,ods_a168_bet_limit_default,2026-07-23 04:05:14
bc6dc48b743dc5d013b1abaebd2faed2,2026-07-23,323,111,"1100,110000","1100,110000","1100,55000","1100,15700","1100,13750","1100,1100","1100,1100",,,,,,,,1,16,a168,bet_limit_default,ods_a168_bet_limit_default,2026-07-23 04:05:14
be83ab3ecd0db773eb2dc1b0a17836a1,2026-07-23,232,108,"50000,1000000","50000,1000000","50000,333333","50000,100000",,,,,,,,,,,1,28,a168,bet_limit_default,ods_a168_bet_limit_default,2026-07-23 04:05:14
bf8229696f7a3bb4700cfddef19fa23f,2026-07-23,174,107,"200,20000","200,20000","200,5000","200,7500","200,20000","200,20000","200,20000",,,,,,,,1,15,a168,bet_limit_default,ods_a168_bet_limit_default,2026-07-23 04:05:14
c4ca4238a0b923820dcc509a6f75849b,2026-07-23,1,101,"10,1000","10,1000","10,150","10,100","10,1000","10,250","10,100","10,200","5,100","5,33","0,0","1,10","0,0","1,100",1,9,a168,bet_limit_default,ods_a168_bet_limit_default,2026-07-23 04:05:14
c60d060b946d6dd6145dcbad5c4ccf6f,2026-07-23,1118,105,"3000,300000","3000,300000","3000,60000",,,,,,,,,,,,1,23,a168,bet_limit_default,ods_a168_bet_limit_default,2026-07-23 04:05:14
ca46c1b9512a7a8315fa3c5a946e8265,2026-07-23,214,111,"20000,2000000","20000,2000000","20000,1000000","20000,150000","20000,120000","10000,10000","10000,10000",,,,,,,,1,21,a168,bet_limit_default,ods_a168_bet_limit_default,2026-07-23 04:05:14
caa1ca78b3cce39fd93722159cba55cb,2026-07-23,99107,107,"1,100","1,100","1,25","1,35","1,100","1,100","1,100",,,,,,,,0,48,a168,bet_limit_default,ods_a168_bet_limit_default,2026-07-23 04:05:14
caf1a3dfb505ffed0d024130f58c5cfa,2026-07-23,321,110,"70000,7000000","70000,7000000","70000,7000000","70000,700000","70000,7000000","70000,700000","70000,700000","70000,700000","70000,350000","70000,250000","70000,250000","70000,70000","70000,140000","70000,70000",1,29,a168,bet_limit_default,ods_a168_bet_limit_default,2026-07-23 04:05:14
ccb1d45fb76f7c5a0bf619f979c6cf36,2026-07-23,549,105,"2,50000","2,50000","2,10000",,,,,,,,,,,,1,43,a168,bet_limit_default,ods_a168_bet_limit_default,2026-07-23 04:05:14
cd00692c3bfe59267d5ecfac5310286c,2026-07-23,328,111,"70000,7000000","70000,7000000","70000,3500000","70000,1000000","70000,875000","70000,70000","70000,70000",,,,,,,,1,24,a168,bet_limit_default,ods_a168_bet_limit_default,2026-07-23 04:05:14
cf67355a3333e6e143439161adc2d82e,2026-07-23,520,101,"5,75000","5,75000","5,9400","5,6900","5,75000","5,18750","5,6900","5,15000","5,6900","5,2500","0,0","1,750","0,0",,1,68,a168,bet_limit_default,ods_a168_bet_limit_default,2026-07-23 04:05:14
cfecdb276f634854f3ef915e2e980c31,2026-07-23,190,107,"1000,30000","1000,30000","1000,7500","1000,10000","1000,30000","1000,30000","1000,30000",,,,,,,,1,19,a168,bet_limit_default,ods_a168_bet_limit_default,2026-07-23 04:05:14
d709f38ef758b5066ef31b18039b8ce5,2026-07-23,370,108,"100,300000","100,300000","100,5000","100,2000",,,,,,,,,,,1,39,a168,bet_limit_default,ods_a168_bet_limit_default,2026-07-23 04:05:14
d7a728a67d909e714c0774e22cb806f2,2026-07-23,609,128,"20,30000","20,30000",,,,,,,,,,,,,1,1,a168,bet_limit_default,ods_a168_bet_limit_default,2026-07-23 04:05:14
d9d4f495e875a2e075a1a4a6e1b9770f,2026-07-23,46,104,"2000,200000","2000,200000","2000,100000","2000,40000","2000,34000","2000,25000","2000,17000","2000,15000","2000,12000","2000,9000","2000,7500","2000,4000","2000,4000","2000,2000",1,31,a168,bet_limit_default,ods_a168_bet_limit_default,2026-07-23 04:05:14
ddb30680a691d157187ee1cf9e896d03,2026-07-23,435,112,"100,20000","100,20000",,,,,,,,,,,,,1,19,a168,bet_limit_default,ods_a168_bet_limit_default,2026-07-23 04:05:14
e2ef524fbf3d9fe611d5a8e90fefdc9c,2026-07-23,97,104,"100000,10000000","100000,10000000","100000,5000000","100000,2000000","100000,1700000","100000,1250000","100000,850000","100000,750000","100000,600000","100000,450000","100000,350000","100000,200000","100000,200000","100000,100000",1,40,a168,bet_limit_default,ods_a168_bet_limit_default,2026-07-23 04:05:14
e5f6ad6ce374177eef023bf5d0c018b6,2026-07-23,573,111,"1000,3000000","1000,3000000","1000,1500000","1000,2250000","1000,1800000","1000,15000","1000,15000",,,,,,,,1,39,a168,bet_limit_default,ods_a168_bet_limit_default,2026-07-23 04:05:14
eb163727917cbba1eea208541a643e74,2026-07-23,211,111,"300,30000","300,30000","300,15000","300,2250","300,1800","150,150","150,150",,,,,,,,1,11,a168,bet_limit_default,ods_a168_bet_limit_default,2026-07-23 04:05:14
ebd9629fc3ae5e9f6611e2ee05a31cef,2026-07-23,518,113,"1,30000","1,30000","1,5000","1,2000",,,,,,,,,,,1,28,a168,bet_limit_default,ods_a168_bet_limit_default,2026-07-23 04:05:14
ec8ce6abb3e952a85b8551ba726a1227,2026-07-23,220,111,"50,5000","50,5000","50,2500","50,375","50,300","25,25","25,25",,,,,,,,1,7,a168,bet_limit_default,ods_a168_bet_limit_default,2026-07-23 04:05:14
f0e52b27a7a5d6a1a87373dffa53dbe5,2026-07-23,574,111,"1,2500","1,2500","1,1250","1,1875","1,1500","1,15","1,15",,,,,,,,1,40,a168,bet_limit_default,ods_a168_bet_limit_default,2026-07-23 04:05:14
f1b6f2857fb6d44dd73c7041e0aa0f19,2026-07-23,464,104,"10,50000","10,50000","10,25000","10,10000","10,8350","10,6250","10,4200","10,3600","10,2800","10,2100","10,1700","10,1000","10,850","10,350",1,53,a168,bet_limit_default,ods_a168_bet_limit_default,2026-07-23 04:05:14
f4f6dce2f3a0f9dada0c2b5b66452017,2026-07-23,407,102,"100,30000","100,30000","100,3750","100,30000","100,30000",,,,,,,,,,1,56,a168,bet_limit_default,ods_a168_bet_limit_default,2026-07-23 04:05:14
f61d6947467ccd3aa5af24db320235dd,2026-07-23,375,113,"100,300000","100,300000","100,5000","100,2000",,,,,,,,,,,1,19,a168,bet_limit_default,ods_a168_bet_limit_default,2026-07-23 04:05:14
f7177163c833dff4b38fc8d2872f1ec6,2026-07-23,44,103,"5000,200000","5000,200000","5000,100000","5000,40000","5000,25000","5000,19000","5000,12000","5000,6000",,,,,,,1,29,a168,bet_limit_default,ods_a168_bet_limit_default,2026-07-23 04:05:14
f7664060cc52bc6f3d620bcedc94a4b6,2026-07-23,266,101,"70,7000","70,7000","70,1000","70,1000","70,7000","70,1750","70,1000","70,1400","70,1000","70,233","0,0","1,70","0,0","10,1000",1,19,a168,bet_limit_default,ods_a168_bet_limit_default,2026-07-23 04:05:14
f899139df5e1059396431415e770c6dd,2026-07-23,100,104,"500000,50000000","500000,50000000","500000,25000000","500000,10000000","500000,8350000","500000,6250000","500000,4200000","500000,3600000","500000,2800000","500000,2100000","500000,1700000","500000,1000000","500000,850000","350000,350000",1,43,a168,bet_limit_default,ods_a168_bet_limit_default,2026-07-23 04:05:14
fc490ca45c00b1249bbe3554a4fdf6fb,2026-07-23,65,101,"200000,20000000","200000,20000000","200000,2500000","200000,1900000","200000,20000000","200000,5000000","200000,1900000","200000,4000000","200000,1900000","200000,666666","0,0","1,200000","0,0","20000,1900000",1,51,a168,bet_limit_default,ods_a168_bet_limit_default,2026-07-23 04:05:14
