table_name,h_src,has_uid,has_time,has_amount,n_cols,table_nature,scope_db,scope_pattern,scope_scanned_at,stake,valid_bet,profit,n_bets,n_rounds,roi,roi_recent,roi_non_recent,roi_ex_rebate,roi_numerator,roi_denominator,roi_denominator_status,rebate_cost,cost_complement_b,pct_complement,pct_top_bet23,agent_formula_version,agent_level_scope,agent_cost_lv1,agent_cost_lv2,agent_cost_lv3,agent_cost_lv4,agent_cost_lv5,agent_pct_lv1,agent_pct_lv2,agent_pct_lv3,agent_pct_lv4,agent_pct_lv5,retain_pct_lv1,retain_pct_lv2,retain_pct_lv3,retain_pct_lv4,retain_pct_lv5,chain_depth_avg,agent_cost_chain_additive,agent_cost_chain_nested,residual_chain_additive,residual_chain_nested,decision_status,admit_to_risk_decision,deliverable_class,agent_cost_a_legacy,agent_cost_valid_base_legacy,ngr,residual_b,residual_a,ngr_rate,residual_b_rate,agent_cost_bet23_formal_canonical,net_margin_bet23_formal_canonical,net_margin_bet23_formal_rate_canonical,agent_cost_lv1_bet23_canonical,agent_cost_lv2_bet24_canonical,agent_cost_lv3_bet25_canonical,agent_cost_lv4_bet26_canonical,agent_cost_lv5_bet27_canonical,net_margin_lv1_bet23_canonical,net_margin_lv1_bet23_rate_canonical,agent_cost_chain_additive_canonical,agent_cost_chain_nested_canonical,net_margin_chain_additive_canonical,net_margin_chain_nested_canonical,net_margin_chain_additive_rate_canonical,net_margin_chain_nested_rate_canonical,residual_a_rate,avg_stake_per_bet,avg_valid_bet_per_round,avg_profit_per_round,avg_profit_per_day,avg_profit_per_shoe,avg_stake_per_active_day,avg_rounds_per_active_day,avg_stake_recent,avg_stake_non_recent,p25_stake,p50_stake,p75_stake,p90_stake,p95_stake,p99_stake,p50_valid_bet,p50_profit,p95_over_p50,p99_over_p50,avg_over_p50,common_table_count,common_dealer_count,common_ip_count,common_product_count,share_recent,hold_rate,hold_rate_recent,rebate_rate_actual,rebate_pct_config,turnover_multiple,free_comm_rate,roi_delta_recent,first_seen,last_seen,active_days,active_shoes,active_sessions,span_days,persistence,ramp_recent_vs_prior,ramp_recent_vs_all,stake_ramp,vip_tier,economic_value,roi_pr_global,risk_value,pr_stake,pr_global,pr_qualified,pr_qualified_population,pr_global_population_n,pr_qualified_population_n,pr_calculation_method,pr_calculation_version,evidence_flag,evidence_rate,hold_ci_halfwidth_approx,action_priority,audit_rn,batch_id,run_id,snapshot_sync_time
ods_a168_RedPacketSetup,（未命中六源）,1,1,1,26,★ 事务表候选（三列俱备）,ods_mariadb_2b,v1.0.1 六族表名正则 ＋ 三列性质判别（含编码式列名 betNN／memNNN／ageNNN／lmcNN）,2026-08-31 15:50:53,13436093473.3333,12101545164.6445,225932201.2126,124713543,6048562,-0.01681532,-0.01652984,-0.01689755,-0.01742716,-225932201.2126,13436093473.3333,OK,8220755.8918,9199860.2962,4.0013,95.9987,AG03-UNRESOLVED,ALL5_LEVELS_bet23_to_bet27,9199860.2962,9381979.6473,9615816.7414,9858968.4371,9338000.0461,4.001283,4.042136,4.252868,4.666985,4.496035,95.998717,95.957864,95.747132,95.333015,95.503965,4.9901,47394625.1681,43234853.3832,170316820.1526,174476591.9375,PENDING_AG03,FALSE,NOT_FOR_ENFORCEMENT,216732340.9164,11606300486.2161,217711445.3207,208511585.0246,979104.4043,0.01620348,0.01551877,9199860.2962,208511585.0246,0.01551877,9199860.2962,9381979.6473,9615816.7414,9858968.4371,9338000.0461,208511585.0246,0.01551877,47394625.1681,43234853.3832,170316820.1526,174476591.9375,0.01267607,0.01298566,0.00007287,107.7356,2000.7309,37.3530,1625411.5195,1831.5313,96662542.9736,43514.8345,113.5121,106.1793,5.1431,15.4907,52.3519,179.9915,345.4192,1499.4027,12.8578,-2.2009,22.298537,96.793939,6.954874,30,300,1326575,23,0.22362557,0.01681532,0.01652984,0.00067931,0.040378,0.900674,0.077531,0.00036771,2026-03-21,2026-08-06,139,123357,4007,139,1.000000,1.069061,1.053617,0.745419,4,0.0,0.0,0.0,0.0,0.0,0.0,n_rounds>=30,131,131,PERCENT_RANK_OVER_ORDER_BY_e_stake,HF9f,OK,L1_POWERED,0.0007571,A 净亏最大十分位 · 优先复核,1,1,A168_HF9F_20260827_0900,2026-08-27 09:00:00
ods_a168_RedPacketSetup_setting,（未命中六源）,0,1,1,16,无从判（须逐表验货）,ods_mariadb_2b,v1.0.1 六族表名正则 ＋ 三列性质判别（含编码式列名 betNN／memNNN／ageNNN／lmcNN）,2026-08-31 15:50:53,13436093473.3333,12101545164.6445,225932201.2126,124713543,6048562,-0.01681532,-0.01652984,-0.01689755,-0.01742716,-225932201.2126,13436093473.3333,OK,8220755.8918,9199860.2962,4.0013,95.9987,AG03-UNRESOLVED,ALL5_LEVELS_bet23_to_bet27,9199860.2962,9381979.6473,9615816.7414,9858968.4371,9338000.0461,4.001283,4.042136,4.252868,4.666985,4.496035,95.998717,95.957864,95.747132,95.333015,95.503965,4.9901,47394625.1681,43234853.3832,170316820.1526,174476591.9375,PENDING_AG03,FALSE,NOT_FOR_ENFORCEMENT,216732340.9164,11606300486.2161,217711445.3207,208511585.0246,979104.4043,0.01620348,0.01551877,9199860.2962,208511585.0246,0.01551877,9199860.2962,9381979.6473,9615816.7414,9858968.4371,9338000.0461,208511585.0246,0.01551877,47394625.1681,43234853.3832,170316820.1526,174476591.9375,0.01267607,0.01298566,0.00007287,107.7356,2000.7309,37.3530,1625411.5195,1831.5313,96662542.9736,43514.8345,113.5121,106.1793,5.1431,15.4907,52.3519,179.9915,345.4192,1499.4027,12.8578,-2.2009,22.298537,96.793939,6.954874,30,300,1326575,23,0.22362557,0.01681532,0.01652984,0.00067931,0.040378,0.900674,0.077531,0.00036771,2026-03-21,2026-08-06,139,123357,4007,139,1.000000,1.069061,1.053617,0.745419,2,0.0,0.0,0.0,0.0,0.0,0.0,n_rounds>=30,131,131,PERCENT_RANK_OVER_ORDER_BY_e_stake,HF9f,OK,L1_POWERED,0.0007571,A 净亏最大十分位 · 优先复核,2,1,A168_HF9F_20260827_0900,2026-08-27 09:00:00
ods_a168_RedPacket_No,（未命中六源）,0,1,0,7,无从判（须逐表验货）,ods_mariadb_2b,v1.0.1 六族表名正则 ＋ 三列性质判别（含编码式列名 betNN／memNNN／ageNNN／lmcNN）,2026-08-31 15:50:53,13436093473.3333,12101545164.6445,225932201.2126,124713543,6048562,-0.01681532,-0.01652984,-0.01689755,-0.01742716,-225932201.2126,13436093473.3333,OK,8220755.8918,9199860.2962,4.0013,95.9987,AG03-UNRESOLVED,ALL5_LEVELS_bet23_to_bet27,9199860.2962,9381979.6473,9615816.7414,9858968.4371,9338000.0461,4.001283,4.042136,4.252868,4.666985,4.496035,95.998717,95.957864,95.747132,95.333015,95.503965,4.9901,47394625.1681,43234853.3832,170316820.1526,174476591.9375,PENDING_AG03,FALSE,NOT_FOR_ENFORCEMENT,216732340.9164,11606300486.2161,217711445.3207,208511585.0246,979104.4043,0.01620348,0.01551877,9199860.2962,208511585.0246,0.01551877,9199860.2962,9381979.6473,9615816.7414,9858968.4371,9338000.0461,208511585.0246,0.01551877,47394625.1681,43234853.3832,170316820.1526,174476591.9375,0.01267607,0.01298566,0.00007287,107.7356,2000.7309,37.3530,1625411.5195,1831.5313,96662542.9736,43514.8345,113.5121,106.1793,5.1431,15.4907,52.3519,179.9915,345.4192,1499.4027,12.8578,-2.2009,22.298537,96.793939,6.954874,30,300,1326575,23,0.22362557,0.01681532,0.01652984,0.00067931,0.040378,0.900674,0.077531,0.00036771,2026-03-21,2026-08-06,139,123357,4007,139,1.000000,1.069061,1.053617,0.745419,4,0.0,0.0,0.0,0.0,0.0,0.0,n_rounds>=30,131,131,PERCENT_RANK_OVER_ORDER_BY_e_stake,HF9f,OK,L1_POWERED,0.0007571,A 净亏最大十分位 · 优先复核,3,1,A168_HF9F_20260827_0900,2026-08-27 09:00:00
ods_a168_RedPacket_Order,H-SRC-01 支付／资金,0,1,1,20,无从判（须逐表验货）,ods_mariadb_2b,v1.0.1 六族表名正则 ＋ 三列性质判别（含编码式列名 betNN／memNNN／ageNNN／lmcNN）,2026-08-31 15:50:53,13436093473.3333,12101545164.6445,225932201.2126,124713543,6048562,-0.01681532,-0.01652984,-0.01689755,-0.01742716,-225932201.2126,13436093473.3333,OK,8220755.8918,9199860.2962,4.0013,95.9987,AG03-UNRESOLVED,ALL5_LEVELS_bet23_to_bet27,9199860.2962,9381979.6473,9615816.7414,9858968.4371,9338000.0461,4.001283,4.042136,4.252868,4.666985,4.496035,95.998717,95.957864,95.747132,95.333015,95.503965,4.9901,47394625.1681,43234853.3832,170316820.1526,174476591.9375,PENDING_AG03,FALSE,NOT_FOR_ENFORCEMENT,216732340.9164,11606300486.2161,217711445.3207,208511585.0246,979104.4043,0.01620348,0.01551877,9199860.2962,208511585.0246,0.01551877,9199860.2962,9381979.6473,9615816.7414,9858968.4371,9338000.0461,208511585.0246,0.01551877,47394625.1681,43234853.3832,170316820.1526,174476591.9375,0.01267607,0.01298566,0.00007287,107.7356,2000.7309,37.3530,1625411.5195,1831.5313,96662542.9736,43514.8345,113.5121,106.1793,5.1431,15.4907,52.3519,179.9915,345.4192,1499.4027,12.8578,-2.2009,22.298537,96.793939,6.954874,30,300,1326575,23,0.22362557,0.01681532,0.01652984,0.00067931,0.040378,0.900674,0.077531,0.00036771,2026-03-21,2026-08-06,139,123357,4007,139,1.000000,1.069061,1.053617,0.745419,4,0.0,0.0,0.0,0.0,0.0,0.0,n_rounds>=30,131,131,PERCENT_RANK_OVER_ORDER_BY_e_stake,HF9f,OK,L1_POWERED,0.0007571,A 净亏最大十分位 · 优先复核,4,1,A168_HF9F_20260827_0900,2026-08-27 09:00:00
ods_a168_SMR_log,H-SRC-06 日志／变更留痕,0,1,0,13,无从判（须逐表验货）,ods_mariadb_2b,v1.0.1 六族表名正则 ＋ 三列性质判别（含编码式列名 betNN／memNNN／ageNNN／lmcNN）,2026-08-31 15:50:53,13436093473.3333,12101545164.6445,225932201.2126,124713543,6048562,-0.01681532,-0.01652984,-0.01689755,-0.01742716,-225932201.2126,13436093473.3333,OK,8220755.8918,9199860.2962,4.0013,95.9987,AG03-UNRESOLVED,ALL5_LEVELS_bet23_to_bet27,9199860.2962,9381979.6473,9615816.7414,9858968.4371,9338000.0461,4.001283,4.042136,4.252868,4.666985,4.496035,95.998717,95.957864,95.747132,95.333015,95.503965,4.9901,47394625.1681,43234853.3832,170316820.1526,174476591.9375,PENDING_AG03,FALSE,NOT_FOR_ENFORCEMENT,216732340.9164,11606300486.2161,217711445.3207,208511585.0246,979104.4043,0.01620348,0.01551877,9199860.2962,208511585.0246,0.01551877,9199860.2962,9381979.6473,9615816.7414,9858968.4371,9338000.0461,208511585.0246,0.01551877,47394625.1681,43234853.3832,170316820.1526,174476591.9375,0.01267607,0.01298566,0.00007287,107.7356,2000.7309,37.3530,1625411.5195,1831.5313,96662542.9736,43514.8345,113.5121,106.1793,5.1431,15.4907,52.3519,179.9915,345.4192,1499.4027,12.8578,-2.2009,22.298537,96.793939,6.954874,30,300,1326575,23,0.22362557,0.01681532,0.01652984,0.00067931,0.040378,0.900674,0.077531,0.00036771,2026-03-21,2026-08-06,139,123357,4007,139,1.000000,1.069061,1.053617,0.745419,4,0.0,0.0,0.0,0.0,0.0,0.0,n_rounds>=30,131,131,PERCENT_RANK_OVER_ORDER_BY_e_stake,HF9f,OK,L1_POWERED,0.0007571,A 净亏最大十分位 · 优先复核,5,1,A168_HF9F_20260827_0900,2026-08-27 09:00:00
ods_a168_age_login,H-SRC-02 会话／登录,0,1,0,13,无从判（须逐表验货）,ods_mariadb_2b,v1.0.1 六族表名正则 ＋ 三列性质判别（含编码式列名 betNN／memNNN／ageNNN／lmcNN）,2026-08-31 15:50:53,13436093473.3333,12101545164.6445,225932201.2126,124713543,6048562,-0.01681532,-0.01652984,-0.01689755,-0.01742716,-225932201.2126,13436093473.3333,OK,8220755.8918,9199860.2962,4.0013,95.9987,AG03-UNRESOLVED,ALL5_LEVELS_bet23_to_bet27,9199860.2962,9381979.6473,9615816.7414,9858968.4371,9338000.0461,4.001283,4.042136,4.252868,4.666985,4.496035,95.998717,95.957864,95.747132,95.333015,95.503965,4.9901,47394625.1681,43234853.3832,170316820.1526,174476591.9375,PENDING_AG03,FALSE,NOT_FOR_ENFORCEMENT,216732340.9164,11606300486.2161,217711445.3207,208511585.0246,979104.4043,0.01620348,0.01551877,9199860.2962,208511585.0246,0.01551877,9199860.2962,9381979.6473,9615816.7414,9858968.4371,9338000.0461,208511585.0246,0.01551877,47394625.1681,43234853.3832,170316820.1526,174476591.9375,0.01267607,0.01298566,0.00007287,107.7356,2000.7309,37.3530,1625411.5195,1831.5313,96662542.9736,43514.8345,113.5121,106.1793,5.1431,15.4907,52.3519,179.9915,345.4192,1499.4027,12.8578,-2.2009,22.298537,96.793939,6.954874,30,300,1326575,23,0.22362557,0.01681532,0.01652984,0.00067931,0.040378,0.900674,0.077531,0.00036771,2026-03-21,2026-08-06,139,123357,4007,139,1.000000,1.069061,1.053617,0.745419,5,0.0,0.0,0.0,0.0,0.0,0.0,n_rounds>=30,131,131,PERCENT_RANK_OVER_ORDER_BY_e_stake,HF9f,OK,L1_POWERED,0.0007571,A 净亏最大十分位 · 优先复核,6,1,A168_HF9F_20260827_0900,2026-08-27 09:00:00
ods_a168_age_sub_login,H-SRC-02 会话／登录,0,1,0,13,无从判（须逐表验货）,ods_mariadb_2b,v1.0.1 六族表名正则 ＋ 三列性质判别（含编码式列名 betNN／memNNN／ageNNN／lmcNN）,2026-08-31 15:50:53,13436093473.3333,12101545164.6445,225932201.2126,124713543,6048562,-0.01681532,-0.01652984,-0.01689755,-0.01742716,-225932201.2126,13436093473.3333,OK,8220755.8918,9199860.2962,4.0013,95.9987,AG03-UNRESOLVED,ALL5_LEVELS_bet23_to_bet27,9199860.2962,9381979.6473,9615816.7414,9858968.4371,9338000.0461,4.001283,4.042136,4.252868,4.666985,4.496035,95.998717,95.957864,95.747132,95.333015,95.503965,4.9901,47394625.1681,43234853.3832,170316820.1526,174476591.9375,PENDING_AG03,FALSE,NOT_FOR_ENFORCEMENT,216732340.9164,11606300486.2161,217711445.3207,208511585.0246,979104.4043,0.01620348,0.01551877,9199860.2962,208511585.0246,0.01551877,9199860.2962,9381979.6473,9615816.7414,9858968.4371,9338000.0461,208511585.0246,0.01551877,47394625.1681,43234853.3832,170316820.1526,174476591.9375,0.01267607,0.01298566,0.00007287,107.7356,2000.7309,37.3530,1625411.5195,1831.5313,96662542.9736,43514.8345,113.5121,106.1793,5.1431,15.4907,52.3519,179.9915,345.4192,1499.4027,12.8578,-2.2009,22.298537,96.793939,6.954874,30,300,1326575,23,0.22362557,0.01681532,0.01652984,0.00067931,0.040378,0.900674,0.077531,0.00036771,2026-03-21,2026-08-06,139,123357,4007,139,1.000000,1.069061,1.053617,0.745419,5,0.0,0.0,0.0,0.0,0.0,0.0,n_rounds>=30,131,131,PERCENT_RANK_OVER_ORDER_BY_e_stake,HF9f,OK,L1_POWERED,0.0007571,A 净亏最大十分位 · 优先复核,7,1,A168_HF9F_20260827_0900,2026-08-27 09:00:00
ods_a168_agent,（未命中六源）,1,1,1,51,★ 事务表候选（三列俱备）,ods_mariadb_2b,v1.0.1 六族表名正则 ＋ 三列性质判别（含编码式列名 betNN／memNNN／ageNNN／lmcNN）,2026-08-31 15:50:53,13436093473.3333,12101545164.6445,225932201.2126,124713543,6048562,-0.01681532,-0.01652984,-0.01689755,-0.01742716,-225932201.2126,13436093473.3333,OK,8220755.8918,9199860.2962,4.0013,95.9987,AG03-UNRESOLVED,ALL5_LEVELS_bet23_to_bet27,9199860.2962,9381979.6473,9615816.7414,9858968.4371,9338000.0461,4.001283,4.042136,4.252868,4.666985,4.496035,95.998717,95.957864,95.747132,95.333015,95.503965,4.9901,47394625.1681,43234853.3832,170316820.1526,174476591.9375,PENDING_AG03,FALSE,NOT_FOR_ENFORCEMENT,216732340.9164,11606300486.2161,217711445.3207,208511585.0246,979104.4043,0.01620348,0.01551877,9199860.2962,208511585.0246,0.01551877,9199860.2962,9381979.6473,9615816.7414,9858968.4371,9338000.0461,208511585.0246,0.01551877,47394625.1681,43234853.3832,170316820.1526,174476591.9375,0.01267607,0.01298566,0.00007287,107.7356,2000.7309,37.3530,1625411.5195,1831.5313,96662542.9736,43514.8345,113.5121,106.1793,5.1431,15.4907,52.3519,179.9915,345.4192,1499.4027,12.8578,-2.2009,22.298537,96.793939,6.954874,30,300,1326575,23,0.22362557,0.01681532,0.01652984,0.00067931,0.040378,0.900674,0.077531,0.00036771,2026-03-21,2026-08-06,139,123357,4007,139,1.000000,1.069061,1.053617,0.745419,5,0.0,0.0,0.0,0.0,0.0,0.0,n_rounds>=30,131,131,PERCENT_RANK_OVER_ORDER_BY_e_stake,HF9f,OK,L1_POWERED,0.0007571,A 净亏最大十分位 · 优先复核,8,1,A168_HF9F_20260827_0900,2026-08-27 09:00:00
ods_a168_agent_bak20250610,（未命中六源）,1,1,1,51,★ 事务表候选（三列俱备）,ods_mariadb_2b,v1.0.1 六族表名正则 ＋ 三列性质判别（含编码式列名 betNN／memNNN／ageNNN／lmcNN）,2026-08-31 15:50:53,13436093473.3333,12101545164.6445,225932201.2126,124713543,6048562,-0.01681532,-0.01652984,-0.01689755,-0.01742716,-225932201.2126,13436093473.3333,OK,8220755.8918,9199860.2962,4.0013,95.9987,AG03-UNRESOLVED,ALL5_LEVELS_bet23_to_bet27,9199860.2962,9381979.6473,9615816.7414,9858968.4371,9338000.0461,4.001283,4.042136,4.252868,4.666985,4.496035,95.998717,95.957864,95.747132,95.333015,95.503965,4.9901,47394625.1681,43234853.3832,170316820.1526,174476591.9375,PENDING_AG03,FALSE,NOT_FOR_ENFORCEMENT,216732340.9164,11606300486.2161,217711445.3207,208511585.0246,979104.4043,0.01620348,0.01551877,9199860.2962,208511585.0246,0.01551877,9199860.2962,9381979.6473,9615816.7414,9858968.4371,9338000.0461,208511585.0246,0.01551877,47394625.1681,43234853.3832,170316820.1526,174476591.9375,0.01267607,0.01298566,0.00007287,107.7356,2000.7309,37.3530,1625411.5195,1831.5313,96662542.9736,43514.8345,113.5121,106.1793,5.1431,15.4907,52.3519,179.9915,345.4192,1499.4027,12.8578,-2.2009,22.298537,96.793939,6.954874,30,300,1326575,23,0.22362557,0.01681532,0.01652984,0.00067931,0.040378,0.900674,0.077531,0.00036771,2026-03-21,2026-08-06,139,123357,4007,139,1.000000,1.069061,1.053617,0.745419,5,0.0,0.0,0.0,0.0,0.0,0.0,n_rounds>=30,131,131,PERCENT_RANK_OVER_ORDER_BY_e_stake,HF9f,OK,L1_POWERED,0.0007571,A 净亏最大十分位 · 优先复核,9,1,A168_HF9F_20260827_0900,2026-08-27 09:00:00
ods_a168_agent_dtl,（未命中六源）,0,1,0,22,无从判（须逐表验货）,ods_mariadb_2b,v1.0.1 六族表名正则 ＋ 三列性质判别（含编码式列名 betNN／memNNN／ageNNN／lmcNN）,2026-08-31 15:50:53,13436093473.3333,12101545164.6445,225932201.2126,124713543,6048562,-0.01681532,-0.01652984,-0.01689755,-0.01742716,-225932201.2126,13436093473.3333,OK,8220755.8918,9199860.2962,4.0013,95.9987,AG03-UNRESOLVED,ALL5_LEVELS_bet23_to_bet27,9199860.2962,9381979.6473,9615816.7414,9858968.4371,9338000.0461,4.001283,4.042136,4.252868,4.666985,4.496035,95.998717,95.957864,95.747132,95.333015,95.503965,4.9901,47394625.1681,43234853.3832,170316820.1526,174476591.9375,PENDING_AG03,FALSE,NOT_FOR_ENFORCEMENT,216732340.9164,11606300486.2161,217711445.3207,208511585.0246,979104.4043,0.01620348,0.01551877,9199860.2962,208511585.0246,0.01551877,9199860.2962,9381979.6473,9615816.7414,9858968.4371,9338000.0461,208511585.0246,0.01551877,47394625.1681,43234853.3832,170316820.1526,174476591.9375,0.01267607,0.01298566,0.00007287,107.7356,2000.7309,37.3530,1625411.5195,1831.5313,96662542.9736,43514.8345,113.5121,106.1793,5.1431,15.4907,52.3519,179.9915,345.4192,1499.4027,12.8578,-2.2009,22.298537,96.793939,6.954874,30,300,1326575,23,0.22362557,0.01681532,0.01652984,0.00067931,0.040378,0.900674,0.077531,0.00036771,2026-03-21,2026-08-06,139,123357,4007,139,1.000000,1.069061,1.053617,0.745419,5,0.0,0.0,0.0,0.0,0.0,0.0,n_rounds>=30,131,131,PERCENT_RANK_OVER_ORDER_BY_e_stake,HF9f,OK,L1_POWERED,0.0007571,A 净亏最大十分位 · 优先复核,10,1,A168_HF9F_20260827_0900,2026-08-27 09:00:00
ods_a168_agent_dtl_test,（未命中六源）,0,1,0,22,无从判（须逐表验货）,ods_mariadb_2b,v1.0.1 六族表名正则 ＋ 三列性质判别（含编码式列名 betNN／memNNN／ageNNN／lmcNN）,2026-08-31 15:50:53,13436093473.3333,12101545164.6445,225932201.2126,124713543,6048562,-0.01681532,-0.01652984,-0.01689755,-0.01742716,-225932201.2126,13436093473.3333,OK,8220755.8918,9199860.2962,4.0013,95.9987,AG03-UNRESOLVED,ALL5_LEVELS_bet23_to_bet27,9199860.2962,9381979.6473,9615816.7414,9858968.4371,9338000.0461,4.001283,4.042136,4.252868,4.666985,4.496035,95.998717,95.957864,95.747132,95.333015,95.503965,4.9901,47394625.1681,43234853.3832,170316820.1526,174476591.9375,PENDING_AG03,FALSE,NOT_FOR_ENFORCEMENT,216732340.9164,11606300486.2161,217711445.3207,208511585.0246,979104.4043,0.01620348,0.01551877,9199860.2962,208511585.0246,0.01551877,9199860.2962,9381979.6473,9615816.7414,9858968.4371,9338000.0461,208511585.0246,0.01551877,47394625.1681,43234853.3832,170316820.1526,174476591.9375,0.01267607,0.01298566,0.00007287,107.7356,2000.7309,37.3530,1625411.5195,1831.5313,96662542.9736,43514.8345,113.5121,106.1793,5.1431,15.4907,52.3519,179.9915,345.4192,1499.4027,12.8578,-2.2009,22.298537,96.793939,6.954874,30,300,1326575,23,0.22362557,0.01681532,0.01652984,0.00067931,0.040378,0.900674,0.077531,0.00036771,2026-03-21,2026-08-06,139,123357,4007,139,1.000000,1.069061,1.053617,0.745419,2,0.0,0.0,0.0,0.0,0.0,0.0,n_rounds>=30,131,131,PERCENT_RANK_OVER_ORDER_BY_e_stake,HF9f,OK,L1_POWERED,0.0007571,A 净亏最大十分位 · 优先复核,11,1,A168_HF9F_20260827_0900,2026-08-27 09:00:00
ods_a168_agent_elec,（未命中六源）,0,1,0,11,无从判（须逐表验货）,ods_mariadb_2b,v1.0.1 六族表名正则 ＋ 三列性质判别（含编码式列名 betNN／memNNN／ageNNN／lmcNN）,2026-08-31 15:50:53,13436093473.3333,12101545164.6445,225932201.2126,124713543,6048562,-0.01681532,-0.01652984,-0.01689755,-0.01742716,-225932201.2126,13436093473.3333,OK,8220755.8918,9199860.2962,4.0013,95.9987,AG03-UNRESOLVED,ALL5_LEVELS_bet23_to_bet27,9199860.2962,9381979.6473,9615816.7414,9858968.4371,9338000.0461,4.001283,4.042136,4.252868,4.666985,4.496035,95.998717,95.957864,95.747132,95.333015,95.503965,4.9901,47394625.1681,43234853.3832,170316820.1526,174476591.9375,PENDING_AG03,FALSE,NOT_FOR_ENFORCEMENT,216732340.9164,11606300486.2161,217711445.3207,208511585.0246,979104.4043,0.01620348,0.01551877,9199860.2962,208511585.0246,0.01551877,9199860.2962,9381979.6473,9615816.7414,9858968.4371,9338000.0461,208511585.0246,0.01551877,47394625.1681,43234853.3832,170316820.1526,174476591.9375,0.01267607,0.01298566,0.00007287,107.7356,2000.7309,37.3530,1625411.5195,1831.5313,96662542.9736,43514.8345,113.5121,106.1793,5.1431,15.4907,52.3519,179.9915,345.4192,1499.4027,12.8578,-2.2009,22.298537,96.793939,6.954874,30,300,1326575,23,0.22362557,0.01681532,0.01652984,0.00067931,0.040378,0.900674,0.077531,0.00036771,2026-03-21,2026-08-06,139,123357,4007,139,1.000000,1.069061,1.053617,0.745419,3,0.0,0.0,0.0,0.0,0.0,0.0,n_rounds>=30,131,131,PERCENT_RANK_OVER_ORDER_BY_e_stake,HF9f,OK,L1_POWERED,0.0007571,A 净亏最大十分位 · 优先复核,12,1,A168_HF9F_20260827_0900,2026-08-27 09:00:00
ods_a168_agent_partner_gamelist,（未命中六源）,0,1,0,11,无从判（须逐表验货）,ods_mariadb_2b,v1.0.1 六族表名正则 ＋ 三列性质判别（含编码式列名 betNN／memNNN／ageNNN／lmcNN）,2026-08-31 15:50:53,13436093473.3333,12101545164.6445,225932201.2126,124713543,6048562,-0.01681532,-0.01652984,-0.01689755,-0.01742716,-225932201.2126,13436093473.3333,OK,8220755.8918,9199860.2962,4.0013,95.9987,AG03-UNRESOLVED,ALL5_LEVELS_bet23_to_bet27,9199860.2962,9381979.6473,9615816.7414,9858968.4371,9338000.0461,4.001283,4.042136,4.252868,4.666985,4.496035,95.998717,95.957864,95.747132,95.333015,95.503965,4.9901,47394625.1681,43234853.3832,170316820.1526,174476591.9375,PENDING_AG03,FALSE,NOT_FOR_ENFORCEMENT,216732340.9164,11606300486.2161,217711445.3207,208511585.0246,979104.4043,0.01620348,0.01551877,9199860.2962,208511585.0246,0.01551877,9199860.2962,9381979.6473,9615816.7414,9858968.4371,9338000.0461,208511585.0246,0.01551877,47394625.1681,43234853.3832,170316820.1526,174476591.9375,0.01267607,0.01298566,0.00007287,107.7356,2000.7309,37.3530,1625411.5195,1831.5313,96662542.9736,43514.8345,113.5121,106.1793,5.1431,15.4907,52.3519,179.9915,345.4192,1499.4027,12.8578,-2.2009,22.298537,96.793939,6.954874,30,300,1326575,23,0.22362557,0.01681532,0.01652984,0.00067931,0.040378,0.900674,0.077531,0.00036771,2026-03-21,2026-08-06,139,123357,4007,139,1.000000,1.069061,1.053617,0.745419,4,0.0,0.0,0.0,0.0,0.0,0.0,n_rounds>=30,131,131,PERCENT_RANK_OVER_ORDER_BY_e_stake,HF9f,OK,L1_POWERED,0.0007571,A 净亏最大十分位 · 优先复核,13,1,A168_HF9F_20260827_0900,2026-08-27 09:00:00
ods_a168_agent_permissionrole,（未命中六源）,0,1,0,15,无从判（须逐表验货）,ods_mariadb_2b,v1.0.1 六族表名正则 ＋ 三列性质判别（含编码式列名 betNN／memNNN／ageNNN／lmcNN）,2026-08-31 15:50:53,13436093473.3333,12101545164.6445,225932201.2126,124713543,6048562,-0.01681532,-0.01652984,-0.01689755,-0.01742716,-225932201.2126,13436093473.3333,OK,8220755.8918,9199860.2962,4.0013,95.9987,AG03-UNRESOLVED,ALL5_LEVELS_bet23_to_bet27,9199860.2962,9381979.6473,9615816.7414,9858968.4371,9338000.0461,4.001283,4.042136,4.252868,4.666985,4.496035,95.998717,95.957864,95.747132,95.333015,95.503965,4.9901,47394625.1681,43234853.3832,170316820.1526,174476591.9375,PENDING_AG03,FALSE,NOT_FOR_ENFORCEMENT,216732340.9164,11606300486.2161,217711445.3207,208511585.0246,979104.4043,0.01620348,0.01551877,9199860.2962,208511585.0246,0.01551877,9199860.2962,9381979.6473,9615816.7414,9858968.4371,9338000.0461,208511585.0246,0.01551877,47394625.1681,43234853.3832,170316820.1526,174476591.9375,0.01267607,0.01298566,0.00007287,107.7356,2000.7309,37.3530,1625411.5195,1831.5313,96662542.9736,43514.8345,113.5121,106.1793,5.1431,15.4907,52.3519,179.9915,345.4192,1499.4027,12.8578,-2.2009,22.298537,96.793939,6.954874,30,300,1326575,23,0.22362557,0.01681532,0.01652984,0.00067931,0.040378,0.900674,0.077531,0.00036771,2026-03-21,2026-08-06,139,123357,4007,139,1.000000,1.069061,1.053617,0.745419,2,0.0,0.0,0.0,0.0,0.0,0.0,n_rounds>=30,131,131,PERCENT_RANK_OVER_ORDER_BY_e_stake,HF9f,OK,L1_POWERED,0.0007571,A 净亏最大十分位 · 优先复核,14,1,A168_HF9F_20260827_0900,2026-08-27 09:00:00
ods_a168_agent_sub,（未命中六源）,0,1,0,22,无从判（须逐表验货）,ods_mariadb_2b,v1.0.1 六族表名正则 ＋ 三列性质判别（含编码式列名 betNN／memNNN／ageNNN／lmcNN）,2026-08-31 15:50:53,13436093473.3333,12101545164.6445,225932201.2126,124713543,6048562,-0.01681532,-0.01652984,-0.01689755,-0.01742716,-225932201.2126,13436093473.3333,OK,8220755.8918,9199860.2962,4.0013,95.9987,AG03-UNRESOLVED,ALL5_LEVELS_bet23_to_bet27,9199860.2962,9381979.6473,9615816.7414,9858968.4371,9338000.0461,4.001283,4.042136,4.252868,4.666985,4.496035,95.998717,95.957864,95.747132,95.333015,95.503965,4.9901,47394625.1681,43234853.3832,170316820.1526,174476591.9375,PENDING_AG03,FALSE,NOT_FOR_ENFORCEMENT,216732340.9164,11606300486.2161,217711445.3207,208511585.0246,979104.4043,0.01620348,0.01551877,9199860.2962,208511585.0246,0.01551877,9199860.2962,9381979.6473,9615816.7414,9858968.4371,9338000.0461,208511585.0246,0.01551877,47394625.1681,43234853.3832,170316820.1526,174476591.9375,0.01267607,0.01298566,0.00007287,107.7356,2000.7309,37.3530,1625411.5195,1831.5313,96662542.9736,43514.8345,113.5121,106.1793,5.1431,15.4907,52.3519,179.9915,345.4192,1499.4027,12.8578,-2.2009,22.298537,96.793939,6.954874,30,300,1326575,23,0.22362557,0.01681532,0.01652984,0.00067931,0.040378,0.900674,0.077531,0.00036771,2026-03-21,2026-08-06,139,123357,4007,139,1.000000,1.069061,1.053617,0.745419,3,0.0,0.0,0.0,0.0,0.0,0.0,n_rounds>=30,131,131,PERCENT_RANK_OVER_ORDER_BY_e_stake,HF9f,OK,L1_POWERED,0.0007571,A 净亏最大十分位 · 优先复核,15,1,A168_HF9F_20260827_0900,2026-08-27 09:00:00
ods_a168_agent_test,（未命中六源）,1,1,1,49,★ 事务表候选（三列俱备）,ods_mariadb_2b,v1.0.1 六族表名正则 ＋ 三列性质判别（含编码式列名 betNN／memNNN／ageNNN／lmcNN）,2026-08-31 15:50:53,13436093473.3333,12101545164.6445,225932201.2126,124713543,6048562,-0.01681532,-0.01652984,-0.01689755,-0.01742716,-225932201.2126,13436093473.3333,OK,8220755.8918,9199860.2962,4.0013,95.9987,AG03-UNRESOLVED,ALL5_LEVELS_bet23_to_bet27,9199860.2962,9381979.6473,9615816.7414,9858968.4371,9338000.0461,4.001283,4.042136,4.252868,4.666985,4.496035,95.998717,95.957864,95.747132,95.333015,95.503965,4.9901,47394625.1681,43234853.3832,170316820.1526,174476591.9375,PENDING_AG03,FALSE,NOT_FOR_ENFORCEMENT,216732340.9164,11606300486.2161,217711445.3207,208511585.0246,979104.4043,0.01620348,0.01551877,9199860.2962,208511585.0246,0.01551877,9199860.2962,9381979.6473,9615816.7414,9858968.4371,9338000.0461,208511585.0246,0.01551877,47394625.1681,43234853.3832,170316820.1526,174476591.9375,0.01267607,0.01298566,0.00007287,107.7356,2000.7309,37.3530,1625411.5195,1831.5313,96662542.9736,43514.8345,113.5121,106.1793,5.1431,15.4907,52.3519,179.9915,345.4192,1499.4027,12.8578,-2.2009,22.298537,96.793939,6.954874,30,300,1326575,23,0.22362557,0.01681532,0.01652984,0.00067931,0.040378,0.900674,0.077531,0.00036771,2026-03-21,2026-08-06,139,123357,4007,139,1.000000,1.069061,1.053617,0.745419,2,0.0,0.0,0.0,0.0,0.0,0.0,n_rounds>=30,131,131,PERCENT_RANK_OVER_ORDER_BY_e_stake,HF9f,OK,L1_POWERED,0.0007571,A 净亏最大十分位 · 优先复核,16,1,A168_HF9F_20260827_0900,2026-08-27 09:00:00
ods_a168_agents_LoginPass,H-SRC-02 会话／登录,0,1,1,28,无从判（须逐表验货）,ods_mariadb_2b,v1.0.1 六族表名正则 ＋ 三列性质判别（含编码式列名 betNN／memNNN／ageNNN／lmcNN）,2026-08-31 15:50:53,13436093473.3333,12101545164.6445,225932201.2126,124713543,6048562,-0.01681532,-0.01652984,-0.01689755,-0.01742716,-225932201.2126,13436093473.3333,OK,8220755.8918,9199860.2962,4.0013,95.9987,AG03-UNRESOLVED,ALL5_LEVELS_bet23_to_bet27,9199860.2962,9381979.6473,9615816.7414,9858968.4371,9338000.0461,4.001283,4.042136,4.252868,4.666985,4.496035,95.998717,95.957864,95.747132,95.333015,95.503965,4.9901,47394625.1681,43234853.3832,170316820.1526,174476591.9375,PENDING_AG03,FALSE,NOT_FOR_ENFORCEMENT,216732340.9164,11606300486.2161,217711445.3207,208511585.0246,979104.4043,0.01620348,0.01551877,9199860.2962,208511585.0246,0.01551877,9199860.2962,9381979.6473,9615816.7414,9858968.4371,9338000.0461,208511585.0246,0.01551877,47394625.1681,43234853.3832,170316820.1526,174476591.9375,0.01267607,0.01298566,0.00007287,107.7356,2000.7309,37.3530,1625411.5195,1831.5313,96662542.9736,43514.8345,113.5121,106.1793,5.1431,15.4907,52.3519,179.9915,345.4192,1499.4027,12.8578,-2.2009,22.298537,96.793939,6.954874,30,300,1326575,23,0.22362557,0.01681532,0.01652984,0.00067931,0.040378,0.900674,0.077531,0.00036771,2026-03-21,2026-08-06,139,123357,4007,139,1.000000,1.069061,1.053617,0.745419,4,0.0,0.0,0.0,0.0,0.0,0.0,n_rounds>=30,131,131,PERCENT_RANK_OVER_ORDER_BY_e_stake,HF9f,OK,L1_POWERED,0.0007571,A 净亏最大十分位 · 优先复核,17,1,A168_HF9F_20260827_0900,2026-08-27 09:00:00
ods_a168_aggregate_setting,（未命中六源）,0,1,0,14,无从判（须逐表验货）,ods_mariadb_2b,v1.0.1 六族表名正则 ＋ 三列性质判别（含编码式列名 betNN／memNNN／ageNNN／lmcNN）,2026-08-31 15:50:53,13436093473.3333,12101545164.6445,225932201.2126,124713543,6048562,-0.01681532,-0.01652984,-0.01689755,-0.01742716,-225932201.2126,13436093473.3333,OK,8220755.8918,9199860.2962,4.0013,95.9987,AG03-UNRESOLVED,ALL5_LEVELS_bet23_to_bet27,9199860.2962,9381979.6473,9615816.7414,9858968.4371,9338000.0461,4.001283,4.042136,4.252868,4.666985,4.496035,95.998717,95.957864,95.747132,95.333015,95.503965,4.9901,47394625.1681,43234853.3832,170316820.1526,174476591.9375,PENDING_AG03,FALSE,NOT_FOR_ENFORCEMENT,216732340.9164,11606300486.2161,217711445.3207,208511585.0246,979104.4043,0.01620348,0.01551877,9199860.2962,208511585.0246,0.01551877,9199860.2962,9381979.6473,9615816.7414,9858968.4371,9338000.0461,208511585.0246,0.01551877,47394625.1681,43234853.3832,170316820.1526,174476591.9375,0.01267607,0.01298566,0.00007287,107.7356,2000.7309,37.3530,1625411.5195,1831.5313,96662542.9736,43514.8345,113.5121,106.1793,5.1431,15.4907,52.3519,179.9915,345.4192,1499.4027,12.8578,-2.2009,22.298537,96.793939,6.954874,30,300,1326575,23,0.22362557,0.01681532,0.01652984,0.00067931,0.040378,0.900674,0.077531,0.00036771,2026-03-21,2026-08-06,139,123357,4007,139,1.000000,1.069061,1.053617,0.745419,1,0.0,0.0,0.0,0.0,0.0,0.0,n_rounds>=30,131,131,PERCENT_RANK_OVER_ORDER_BY_e_stake,HF9f,OK,L1_POWERED,0.0007571,A 净亏最大十分位 · 优先复核,18,1,A168_HF9F_20260827_0900,2026-08-27 09:00:00
ods_a168_aggregate_token,H-SRC-02 会话／登录,0,1,0,11,无从判（须逐表验货）,ods_mariadb_2b,v1.0.1 六族表名正则 ＋ 三列性质判别（含编码式列名 betNN／memNNN／ageNNN／lmcNN）,2026-08-31 15:50:53,13436093473.3333,12101545164.6445,225932201.2126,124713543,6048562,-0.01681532,-0.01652984,-0.01689755,-0.01742716,-225932201.2126,13436093473.3333,OK,8220755.8918,9199860.2962,4.0013,95.9987,AG03-UNRESOLVED,ALL5_LEVELS_bet23_to_bet27,9199860.2962,9381979.6473,9615816.7414,9858968.4371,9338000.0461,4.001283,4.042136,4.252868,4.666985,4.496035,95.998717,95.957864,95.747132,95.333015,95.503965,4.9901,47394625.1681,43234853.3832,170316820.1526,174476591.9375,PENDING_AG03,FALSE,NOT_FOR_ENFORCEMENT,216732340.9164,11606300486.2161,217711445.3207,208511585.0246,979104.4043,0.01620348,0.01551877,9199860.2962,208511585.0246,0.01551877,9199860.2962,9381979.6473,9615816.7414,9858968.4371,9338000.0461,208511585.0246,0.01551877,47394625.1681,43234853.3832,170316820.1526,174476591.9375,0.01267607,0.01298566,0.00007287,107.7356,2000.7309,37.3530,1625411.5195,1831.5313,96662542.9736,43514.8345,113.5121,106.1793,5.1431,15.4907,52.3519,179.9915,345.4192,1499.4027,12.8578,-2.2009,22.298537,96.793939,6.954874,30,300,1326575,23,0.22362557,0.01681532,0.01652984,0.00067931,0.040378,0.900674,0.077531,0.00036771,2026-03-21,2026-08-06,139,123357,4007,139,1.000000,1.069061,1.053617,0.745419,3,0.0,0.0,0.0,0.0,0.0,0.0,n_rounds>=30,131,131,PERCENT_RANK_OVER_ORDER_BY_e_stake,HF9f,OK,L1_POWERED,0.0007571,A 净亏最大十分位 · 优先复核,19,1,A168_HF9F_20260827_0900,2026-08-27 09:00:00
ods_a168_aggregate_transaction,H-SRC-01 支付／资金,1,1,1,22,★ 事务表候选（三列俱备）,ods_mariadb_2b,v1.0.1 六族表名正则 ＋ 三列性质判别（含编码式列名 betNN／memNNN／ageNNN／lmcNN）,2026-08-31 15:50:53,13436093473.3333,12101545164.6445,225932201.2126,124713543,6048562,-0.01681532,-0.01652984,-0.01689755,-0.01742716,-225932201.2126,13436093473.3333,OK,8220755.8918,9199860.2962,4.0013,95.9987,AG03-UNRESOLVED,ALL5_LEVELS_bet23_to_bet27,9199860.2962,9381979.6473,9615816.7414,9858968.4371,9338000.0461,4.001283,4.042136,4.252868,4.666985,4.496035,95.998717,95.957864,95.747132,95.333015,95.503965,4.9901,47394625.1681,43234853.3832,170316820.1526,174476591.9375,PENDING_AG03,FALSE,NOT_FOR_ENFORCEMENT,216732340.9164,11606300486.2161,217711445.3207,208511585.0246,979104.4043,0.01620348,0.01551877,9199860.2962,208511585.0246,0.01551877,9199860.2962,9381979.6473,9615816.7414,9858968.4371,9338000.0461,208511585.0246,0.01551877,47394625.1681,43234853.3832,170316820.1526,174476591.9375,0.01267607,0.01298566,0.00007287,107.7356,2000.7309,37.3530,1625411.5195,1831.5313,96662542.9736,43514.8345,113.5121,106.1793,5.1431,15.4907,52.3519,179.9915,345.4192,1499.4027,12.8578,-2.2009,22.298537,96.793939,6.954874,30,300,1326575,23,0.22362557,0.01681532,0.01652984,0.00067931,0.040378,0.900674,0.077531,0.00036771,2026-03-21,2026-08-06,139,123357,4007,139,1.000000,1.069061,1.053617,0.745419,3,0.0,0.0,0.0,0.0,0.0,0.0,n_rounds>=30,131,131,PERCENT_RANK_OVER_ORDER_BY_e_stake,HF9f,OK,L1_POWERED,0.0007571,A 净亏最大十分位 · 优先复核,20,1,A168_HF9F_20260827_0900,2026-08-27 09:00:00
ods_a168_aisetting,（未命中六源）,0,1,0,9,无从判（须逐表验货）,ods_mariadb_2b,v1.0.1 六族表名正则 ＋ 三列性质判别（含编码式列名 betNN／memNNN／ageNNN／lmcNN）,2026-08-31 15:50:53,13436093473.3333,12101545164.6445,225932201.2126,124713543,6048562,-0.01681532,-0.01652984,-0.01689755,-0.01742716,-225932201.2126,13436093473.3333,OK,8220755.8918,9199860.2962,4.0013,95.9987,AG03-UNRESOLVED,ALL5_LEVELS_bet23_to_bet27,9199860.2962,9381979.6473,9615816.7414,9858968.4371,9338000.0461,4.001283,4.042136,4.252868,4.666985,4.496035,95.998717,95.957864,95.747132,95.333015,95.503965,4.9901,47394625.1681,43234853.3832,170316820.1526,174476591.9375,PENDING_AG03,FALSE,NOT_FOR_ENFORCEMENT,216732340.9164,11606300486.2161,217711445.3207,208511585.0246,979104.4043,0.01620348,0.01551877,9199860.2962,208511585.0246,0.01551877,9199860.2962,9381979.6473,9615816.7414,9858968.4371,9338000.0461,208511585.0246,0.01551877,47394625.1681,43234853.3832,170316820.1526,174476591.9375,0.01267607,0.01298566,0.00007287,107.7356,2000.7309,37.3530,1625411.5195,1831.5313,96662542.9736,43514.8345,113.5121,106.1793,5.1431,15.4907,52.3519,179.9915,345.4192,1499.4027,12.8578,-2.2009,22.298537,96.793939,6.954874,30,300,1326575,23,0.22362557,0.01681532,0.01652984,0.00067931,0.040378,0.900674,0.077531,0.00036771,2026-03-21,2026-08-06,139,123357,4007,139,1.000000,1.069061,1.053617,0.745419,3,0.0,0.0,0.0,0.0,0.0,0.0,n_rounds>=30,131,131,PERCENT_RANK_OVER_ORDER_BY_e_stake,HF9f,OK,L1_POWERED,0.0007571,A 净亏最大十分位 · 优先复核,21,1,A168_HF9F_20260827_0900,2026-08-27 09:00:00
ods_a168_alarmMessage,H-SRC-04 客服工单／消息,0,1,0,14,无从判（须逐表验货）,ods_mariadb_2b,v1.0.1 六族表名正则 ＋ 三列性质判别（含编码式列名 betNN／memNNN／ageNNN／lmcNN）,2026-08-31 15:50:53,13436093473.3333,12101545164.6445,225932201.2126,124713543,6048562,-0.01681532,-0.01652984,-0.01689755,-0.01742716,-225932201.2126,13436093473.3333,OK,8220755.8918,9199860.2962,4.0013,95.9987,AG03-UNRESOLVED,ALL5_LEVELS_bet23_to_bet27,9199860.2962,9381979.6473,9615816.7414,9858968.4371,9338000.0461,4.001283,4.042136,4.252868,4.666985,4.496035,95.998717,95.957864,95.747132,95.333015,95.503965,4.9901,47394625.1681,43234853.3832,170316820.1526,174476591.9375,PENDING_AG03,FALSE,NOT_FOR_ENFORCEMENT,216732340.9164,11606300486.2161,217711445.3207,208511585.0246,979104.4043,0.01620348,0.01551877,9199860.2962,208511585.0246,0.01551877,9199860.2962,9381979.6473,9615816.7414,9858968.4371,9338000.0461,208511585.0246,0.01551877,47394625.1681,43234853.3832,170316820.1526,174476591.9375,0.01267607,0.01298566,0.00007287,107.7356,2000.7309,37.3530,1625411.5195,1831.5313,96662542.9736,43514.8345,113.5121,106.1793,5.1431,15.4907,52.3519,179.9915,345.4192,1499.4027,12.8578,-2.2009,22.298537,96.793939,6.954874,30,300,1326575,23,0.22362557,0.01681532,0.01652984,0.00067931,0.040378,0.900674,0.077531,0.00036771,2026-03-21,2026-08-06,139,123357,4007,139,1.000000,1.069061,1.053617,0.745419,5,0.0,0.0,0.0,0.0,0.0,0.0,n_rounds>=30,131,131,PERCENT_RANK_OVER_ORDER_BY_e_stake,HF9f,OK,L1_POWERED,0.0007571,A 净亏最大十分位 · 优先复核,22,1,A168_HF9F_20260827_0900,2026-08-27 09:00:00
ods_a168_alertMessage,H-SRC-04 客服工单／消息,0,1,0,13,无从判（须逐表验货）,ods_mariadb_2b,v1.0.1 六族表名正则 ＋ 三列性质判别（含编码式列名 betNN／memNNN／ageNNN／lmcNN）,2026-08-31 15:50:53,13436093473.3333,12101545164.6445,225932201.2126,124713543,6048562,-0.01681532,-0.01652984,-0.01689755,-0.01742716,-225932201.2126,13436093473.3333,OK,8220755.8918,9199860.2962,4.0013,95.9987,AG03-UNRESOLVED,ALL5_LEVELS_bet23_to_bet27,9199860.2962,9381979.6473,9615816.7414,9858968.4371,9338000.0461,4.001283,4.042136,4.252868,4.666985,4.496035,95.998717,95.957864,95.747132,95.333015,95.503965,4.9901,47394625.1681,43234853.3832,170316820.1526,174476591.9375,PENDING_AG03,FALSE,NOT_FOR_ENFORCEMENT,216732340.9164,11606300486.2161,217711445.3207,208511585.0246,979104.4043,0.01620348,0.01551877,9199860.2962,208511585.0246,0.01551877,9199860.2962,9381979.6473,9615816.7414,9858968.4371,9338000.0461,208511585.0246,0.01551877,47394625.1681,43234853.3832,170316820.1526,174476591.9375,0.01267607,0.01298566,0.00007287,107.7356,2000.7309,37.3530,1625411.5195,1831.5313,96662542.9736,43514.8345,113.5121,106.1793,5.1431,15.4907,52.3519,179.9915,345.4192,1499.4027,12.8578,-2.2009,22.298537,96.793939,6.954874,30,300,1326575,23,0.22362557,0.01681532,0.01652984,0.00067931,0.040378,0.900674,0.077531,0.00036771,2026-03-21,2026-08-06,139,123357,4007,139,1.000000,1.069061,1.053617,0.745419,1,0.0,0.0,0.0,0.0,0.0,0.0,n_rounds>=30,131,131,PERCENT_RANK_OVER_ORDER_BY_e_stake,HF9f,OK,L1_POWERED,0.0007571,A 净亏最大十分位 · 优先复核,23,1,A168_HF9F_20260827_0900,2026-08-27 09:00:00
ods_a168_alert_ip_setting,H-SRC-04 客服工单／消息,0,1,0,11,无从判（须逐表验货）,ods_mariadb_2b,v1.0.1 六族表名正则 ＋ 三列性质判别（含编码式列名 betNN／memNNN／ageNNN／lmcNN）,2026-08-31 15:50:53,13436093473.3333,12101545164.6445,225932201.2126,124713543,6048562,-0.01681532,-0.01652984,-0.01689755,-0.01742716,-225932201.2126,13436093473.3333,OK,8220755.8918,9199860.2962,4.0013,95.9987,AG03-UNRESOLVED,ALL5_LEVELS_bet23_to_bet27,9199860.2962,9381979.6473,9615816.7414,9858968.4371,9338000.0461,4.001283,4.042136,4.252868,4.666985,4.496035,95.998717,95.957864,95.747132,95.333015,95.503965,4.9901,47394625.1681,43234853.3832,170316820.1526,174476591.9375,PENDING_AG03,FALSE,NOT_FOR_ENFORCEMENT,216732340.9164,11606300486.2161,217711445.3207,208511585.0246,979104.4043,0.01620348,0.01551877,9199860.2962,208511585.0246,0.01551877,9199860.2962,9381979.6473,9615816.7414,9858968.4371,9338000.0461,208511585.0246,0.01551877,47394625.1681,43234853.3832,170316820.1526,174476591.9375,0.01267607,0.01298566,0.00007287,107.7356,2000.7309,37.3530,1625411.5195,1831.5313,96662542.9736,43514.8345,113.5121,106.1793,5.1431,15.4907,52.3519,179.9915,345.4192,1499.4027,12.8578,-2.2009,22.298537,96.793939,6.954874,30,300,1326575,23,0.22362557,0.01681532,0.01652984,0.00067931,0.040378,0.900674,0.077531,0.00036771,2026-03-21,2026-08-06,139,123357,4007,139,1.000000,1.069061,1.053617,0.745419,2,0.0,0.0,0.0,0.0,0.0,0.0,n_rounds>=30,131,131,PERCENT_RANK_OVER_ORDER_BY_e_stake,HF9f,OK,L1_POWERED,0.0007571,A 净亏最大十分位 · 优先复核,24,1,A168_HF9F_20260827_0900,2026-08-27 09:00:00
ods_a168_apiurl,（未命中六源）,0,1,0,9,无从判（须逐表验货）,ods_mariadb_2b,v1.0.1 六族表名正则 ＋ 三列性质判别（含编码式列名 betNN／memNNN／ageNNN／lmcNN）,2026-08-31 15:50:53,13436093473.3333,12101545164.6445,225932201.2126,124713543,6048562,-0.01681532,-0.01652984,-0.01689755,-0.01742716,-225932201.2126,13436093473.3333,OK,8220755.8918,9199860.2962,4.0013,95.9987,AG03-UNRESOLVED,ALL5_LEVELS_bet23_to_bet27,9199860.2962,9381979.6473,9615816.7414,9858968.4371,9338000.0461,4.001283,4.042136,4.252868,4.666985,4.496035,95.998717,95.957864,95.747132,95.333015,95.503965,4.9901,47394625.1681,43234853.3832,170316820.1526,174476591.9375,PENDING_AG03,FALSE,NOT_FOR_ENFORCEMENT,216732340.9164,11606300486.2161,217711445.3207,208511585.0246,979104.4043,0.01620348,0.01551877,9199860.2962,208511585.0246,0.01551877,9199860.2962,9381979.6473,9615816.7414,9858968.4371,9338000.0461,208511585.0246,0.01551877,47394625.1681,43234853.3832,170316820.1526,174476591.9375,0.01267607,0.01298566,0.00007287,107.7356,2000.7309,37.3530,1625411.5195,1831.5313,96662542.9736,43514.8345,113.5121,106.1793,5.1431,15.4907,52.3519,179.9915,345.4192,1499.4027,12.8578,-2.2009,22.298537,96.793939,6.954874,30,300,1326575,23,0.22362557,0.01681532,0.01652984,0.00067931,0.040378,0.900674,0.077531,0.00036771,2026-03-21,2026-08-06,139,123357,4007,139,1.000000,1.069061,1.053617,0.745419,2,0.0,0.0,0.0,0.0,0.0,0.0,n_rounds>=30,131,131,PERCENT_RANK_OVER_ORDER_BY_e_stake,HF9f,OK,L1_POWERED,0.0007571,A 净亏最大十分位 · 优先复核,25,1,A168_HF9F_20260827_0900,2026-08-27 09:00:00
ods_a168_ban_bet_area,（未命中六源）,0,1,0,11,无从判（须逐表验货）,ods_mariadb_2b,v1.0.1 六族表名正则 ＋ 三列性质判别（含编码式列名 betNN／memNNN／ageNNN／lmcNN）,2026-08-31 15:50:53,13436093473.3333,12101545164.6445,225932201.2126,124713543,6048562,-0.01681532,-0.01652984,-0.01689755,-0.01742716,-225932201.2126,13436093473.3333,OK,8220755.8918,9199860.2962,4.0013,95.9987,AG03-UNRESOLVED,ALL5_LEVELS_bet23_to_bet27,9199860.2962,9381979.6473,9615816.7414,9858968.4371,9338000.0461,4.001283,4.042136,4.252868,4.666985,4.496035,95.998717,95.957864,95.747132,95.333015,95.503965,4.9901,47394625.1681,43234853.3832,170316820.1526,174476591.9375,PENDING_AG03,FALSE,NOT_FOR_ENFORCEMENT,216732340.9164,11606300486.2161,217711445.3207,208511585.0246,979104.4043,0.01620348,0.01551877,9199860.2962,208511585.0246,0.01551877,9199860.2962,9381979.6473,9615816.7414,9858968.4371,9338000.0461,208511585.0246,0.01551877,47394625.1681,43234853.3832,170316820.1526,174476591.9375,0.01267607,0.01298566,0.00007287,107.7356,2000.7309,37.3530,1625411.5195,1831.5313,96662542.9736,43514.8345,113.5121,106.1793,5.1431,15.4907,52.3519,179.9915,345.4192,1499.4027,12.8578,-2.2009,22.298537,96.793939,6.954874,30,300,1326575,23,0.22362557,0.01681532,0.01652984,0.00067931,0.040378,0.900674,0.077531,0.00036771,2026-03-21,2026-08-06,139,123357,4007,139,1.000000,1.069061,1.053617,0.745419,5,0.0,0.0,0.0,0.0,0.0,0.0,n_rounds>=30,131,131,PERCENT_RANK_OVER_ORDER_BY_e_stake,HF9f,OK,L1_POWERED,0.0007571,A 净亏最大十分位 · 优先复核,26,1,A168_HF9F_20260827_0900,2026-08-27 09:00:00
ods_a168_bet,（未命中六源）,0,1,0,60,无从判（须逐表验货）,ods_mariadb_2b,v1.0.1 六族表名正则 ＋ 三列性质判别（含编码式列名 betNN／memNNN／ageNNN／lmcNN）,2026-08-31 15:50:53,13436093473.3333,12101545164.6445,225932201.2126,124713543,6048562,-0.01681532,-0.01652984,-0.01689755,-0.01742716,-225932201.2126,13436093473.3333,OK,8220755.8918,9199860.2962,4.0013,95.9987,AG03-UNRESOLVED,ALL5_LEVELS_bet23_to_bet27,9199860.2962,9381979.6473,9615816.7414,9858968.4371,9338000.0461,4.001283,4.042136,4.252868,4.666985,4.496035,95.998717,95.957864,95.747132,95.333015,95.503965,4.9901,47394625.1681,43234853.3832,170316820.1526,174476591.9375,PENDING_AG03,FALSE,NOT_FOR_ENFORCEMENT,216732340.9164,11606300486.2161,217711445.3207,208511585.0246,979104.4043,0.01620348,0.01551877,9199860.2962,208511585.0246,0.01551877,9199860.2962,9381979.6473,9615816.7414,9858968.4371,9338000.0461,208511585.0246,0.01551877,47394625.1681,43234853.3832,170316820.1526,174476591.9375,0.01267607,0.01298566,0.00007287,107.7356,2000.7309,37.3530,1625411.5195,1831.5313,96662542.9736,43514.8345,113.5121,106.1793,5.1431,15.4907,52.3519,179.9915,345.4192,1499.4027,12.8578,-2.2009,22.298537,96.793939,6.954874,30,300,1326575,23,0.22362557,0.01681532,0.01652984,0.00067931,0.040378,0.900674,0.077531,0.00036771,2026-03-21,2026-08-06,139,123357,4007,139,1.000000,1.069061,1.053617,0.745419,3,0.0,0.0,0.0,0.0,0.0,0.0,n_rounds>=30,131,131,PERCENT_RANK_OVER_ORDER_BY_e_stake,HF9f,OK,L1_POWERED,0.0007571,A 净亏最大十分位 · 优先复核,27,1,A168_HF9F_20260827_0900,2026-08-27 09:00:00
ods_a168_bet01,（未命中六源）,1,1,1,49,★ 事务表候选（三列俱备）,ods_mariadb_2b,v1.0.1 六族表名正则 ＋ 三列性质判别（含编码式列名 betNN／memNNN／ageNNN／lmcNN）,2026-08-31 15:50:53,13436093473.3333,12101545164.6445,225932201.2126,124713543,6048562,-0.01681532,-0.01652984,-0.01689755,-0.01742716,-225932201.2126,13436093473.3333,OK,8220755.8918,9199860.2962,4.0013,95.9987,AG03-UNRESOLVED,ALL5_LEVELS_bet23_to_bet27,9199860.2962,9381979.6473,9615816.7414,9858968.4371,9338000.0461,4.001283,4.042136,4.252868,4.666985,4.496035,95.998717,95.957864,95.747132,95.333015,95.503965,4.9901,47394625.1681,43234853.3832,170316820.1526,174476591.9375,PENDING_AG03,FALSE,NOT_FOR_ENFORCEMENT,216732340.9164,11606300486.2161,217711445.3207,208511585.0246,979104.4043,0.01620348,0.01551877,9199860.2962,208511585.0246,0.01551877,9199860.2962,9381979.6473,9615816.7414,9858968.4371,9338000.0461,208511585.0246,0.01551877,47394625.1681,43234853.3832,170316820.1526,174476591.9375,0.01267607,0.01298566,0.00007287,107.7356,2000.7309,37.3530,1625411.5195,1831.5313,96662542.9736,43514.8345,113.5121,106.1793,5.1431,15.4907,52.3519,179.9915,345.4192,1499.4027,12.8578,-2.2009,22.298537,96.793939,6.954874,30,300,1326575,23,0.22362557,0.01681532,0.01652984,0.00067931,0.040378,0.900674,0.077531,0.00036771,2026-03-21,2026-08-06,139,123357,4007,139,1.000000,1.069061,1.053617,0.745419,4,0.0,0.0,0.0,0.0,0.0,0.0,n_rounds>=30,131,131,PERCENT_RANK_OVER_ORDER_BY_e_stake,HF9f,OK,L1_POWERED,0.0007571,A 净亏最大十分位 · 优先复核,28,1,A168_HF9F_20260827_0900,2026-08-27 09:00:00
ods_a168_bet02,（未命中六源）,1,1,1,58,★ 事务表候选（三列俱备）,ods_mariadb_2b,v1.0.1 六族表名正则 ＋ 三列性质判别（含编码式列名 betNN／memNNN／ageNNN／lmcNN）,2026-08-31 15:50:53,13436093473.3333,12101545164.6445,225932201.2126,124713543,6048562,-0.01681532,-0.01652984,-0.01689755,-0.01742716,-225932201.2126,13436093473.3333,OK,8220755.8918,9199860.2962,4.0013,95.9987,AG03-UNRESOLVED,ALL5_LEVELS_bet23_to_bet27,9199860.2962,9381979.6473,9615816.7414,9858968.4371,9338000.0461,4.001283,4.042136,4.252868,4.666985,4.496035,95.998717,95.957864,95.747132,95.333015,95.503965,4.9901,47394625.1681,43234853.3832,170316820.1526,174476591.9375,PENDING_AG03,FALSE,NOT_FOR_ENFORCEMENT,216732340.9164,11606300486.2161,217711445.3207,208511585.0246,979104.4043,0.01620348,0.01551877,9199860.2962,208511585.0246,0.01551877,9199860.2962,9381979.6473,9615816.7414,9858968.4371,9338000.0461,208511585.0246,0.01551877,47394625.1681,43234853.3832,170316820.1526,174476591.9375,0.01267607,0.01298566,0.00007287,107.7356,2000.7309,37.3530,1625411.5195,1831.5313,96662542.9736,43514.8345,113.5121,106.1793,5.1431,15.4907,52.3519,179.9915,345.4192,1499.4027,12.8578,-2.2009,22.298537,96.793939,6.954874,30,300,1326575,23,0.22362557,0.01681532,0.01652984,0.00067931,0.040378,0.900674,0.077531,0.00036771,2026-03-21,2026-08-06,139,123357,4007,139,1.000000,1.069061,1.053617,0.745419,4,0.0,0.0,0.0,0.0,0.0,0.0,n_rounds>=30,131,131,PERCENT_RANK_OVER_ORDER_BY_e_stake,HF9f,OK,L1_POWERED,0.0007571,A 净亏最大十分位 · 优先复核,29,1,A168_HF9F_20260827_0900,2026-08-27 09:00:00
ods_a168_bet_No,（未命中六源）,0,1,0,7,无从判（须逐表验货）,ods_mariadb_2b,v1.0.1 六族表名正则 ＋ 三列性质判别（含编码式列名 betNN／memNNN／ageNNN／lmcNN）,2026-08-31 15:50:53,13436093473.3333,12101545164.6445,225932201.2126,124713543,6048562,-0.01681532,-0.01652984,-0.01689755,-0.01742716,-225932201.2126,13436093473.3333,OK,8220755.8918,9199860.2962,4.0013,95.9987,AG03-UNRESOLVED,ALL5_LEVELS_bet23_to_bet27,9199860.2962,9381979.6473,9615816.7414,9858968.4371,9338000.0461,4.001283,4.042136,4.252868,4.666985,4.496035,95.998717,95.957864,95.747132,95.333015,95.503965,4.9901,47394625.1681,43234853.3832,170316820.1526,174476591.9375,PENDING_AG03,FALSE,NOT_FOR_ENFORCEMENT,216732340.9164,11606300486.2161,217711445.3207,208511585.0246,979104.4043,0.01620348,0.01551877,9199860.2962,208511585.0246,0.01551877,9199860.2962,9381979.6473,9615816.7414,9858968.4371,9338000.0461,208511585.0246,0.01551877,47394625.1681,43234853.3832,170316820.1526,174476591.9375,0.01267607,0.01298566,0.00007287,107.7356,2000.7309,37.3530,1625411.5195,1831.5313,96662542.9736,43514.8345,113.5121,106.1793,5.1431,15.4907,52.3519,179.9915,345.4192,1499.4027,12.8578,-2.2009,22.298537,96.793939,6.954874,30,300,1326575,23,0.22362557,0.01681532,0.01652984,0.00067931,0.040378,0.900674,0.077531,0.00036771,2026-03-21,2026-08-06,139,123357,4007,139,1.000000,1.069061,1.053617,0.745419,4,0.0,0.0,0.0,0.0,0.0,0.0,n_rounds>=30,131,131,PERCENT_RANK_OVER_ORDER_BY_e_stake,HF9f,OK,L1_POWERED,0.0007571,A 净亏最大十分位 · 优先复核,30,1,A168_HF9F_20260827_0900,2026-08-27 09:00:00
ods_a168_bet_limit_default,H-SRC-03 会员状态变更,0,1,0,24,无从判（须逐表验货）,ods_mariadb_2b,v1.0.1 六族表名正则 ＋ 三列性质判别（含编码式列名 betNN／memNNN／ageNNN／lmcNN）,2026-08-31 15:50:53,13436093473.3333,12101545164.6445,225932201.2126,124713543,6048562,-0.01681532,-0.01652984,-0.01689755,-0.01742716,-225932201.2126,13436093473.3333,OK,8220755.8918,9199860.2962,4.0013,95.9987,AG03-UNRESOLVED,ALL5_LEVELS_bet23_to_bet27,9199860.2962,9381979.6473,9615816.7414,9858968.4371,9338000.0461,4.001283,4.042136,4.252868,4.666985,4.496035,95.998717,95.957864,95.747132,95.333015,95.503965,4.9901,47394625.1681,43234853.3832,170316820.1526,174476591.9375,PENDING_AG03,FALSE,NOT_FOR_ENFORCEMENT,216732340.9164,11606300486.2161,217711445.3207,208511585.0246,979104.4043,0.01620348,0.01551877,9199860.2962,208511585.0246,0.01551877,9199860.2962,9381979.6473,9615816.7414,9858968.4371,9338000.0461,208511585.0246,0.01551877,47394625.1681,43234853.3832,170316820.1526,174476591.9375,0.01267607,0.01298566,0.00007287,107.7356,2000.7309,37.3530,1625411.5195,1831.5313,96662542.9736,43514.8345,113.5121,106.1793,5.1431,15.4907,52.3519,179.9915,345.4192,1499.4027,12.8578,-2.2009,22.298537,96.793939,6.954874,30,300,1326575,23,0.22362557,0.01681532,0.01652984,0.00067931,0.040378,0.900674,0.077531,0.00036771,2026-03-21,2026-08-06,139,123357,4007,139,1.000000,1.069061,1.053617,0.745419,1,0.0,0.0,0.0,0.0,0.0,0.0,n_rounds>=30,131,131,PERCENT_RANK_OVER_ORDER_BY_e_stake,HF9f,OK,L1_POWERED,0.0007571,A 净亏最大十分位 · 优先复核,31,1,A168_HF9F_20260827_0900,2026-08-27 09:00:00
ods_a168_bet_partner,（未命中六源）,1,1,0,15,事件表候选（无金额）,ods_mariadb_2b,v1.0.1 六族表名正则 ＋ 三列性质判别（含编码式列名 betNN／memNNN／ageNNN／lmcNN）,2026-08-31 15:50:53,13436093473.3333,12101545164.6445,225932201.2126,124713543,6048562,-0.01681532,-0.01652984,-0.01689755,-0.01742716,-225932201.2126,13436093473.3333,OK,8220755.8918,9199860.2962,4.0013,95.9987,AG03-UNRESOLVED,ALL5_LEVELS_bet23_to_bet27,9199860.2962,9381979.6473,9615816.7414,9858968.4371,9338000.0461,4.001283,4.042136,4.252868,4.666985,4.496035,95.998717,95.957864,95.747132,95.333015,95.503965,4.9901,47394625.1681,43234853.3832,170316820.1526,174476591.9375,PENDING_AG03,FALSE,NOT_FOR_ENFORCEMENT,216732340.9164,11606300486.2161,217711445.3207,208511585.0246,979104.4043,0.01620348,0.01551877,9199860.2962,208511585.0246,0.01551877,9199860.2962,9381979.6473,9615816.7414,9858968.4371,9338000.0461,208511585.0246,0.01551877,47394625.1681,43234853.3832,170316820.1526,174476591.9375,0.01267607,0.01298566,0.00007287,107.7356,2000.7309,37.3530,1625411.5195,1831.5313,96662542.9736,43514.8345,113.5121,106.1793,5.1431,15.4907,52.3519,179.9915,345.4192,1499.4027,12.8578,-2.2009,22.298537,96.793939,6.954874,30,300,1326575,23,0.22362557,0.01681532,0.01652984,0.00067931,0.040378,0.900674,0.077531,0.00036771,2026-03-21,2026-08-06,139,123357,4007,139,1.000000,1.069061,1.053617,0.745419,5,0.0,0.0,0.0,0.0,0.0,0.0,n_rounds>=30,131,131,PERCENT_RANK_OVER_ORDER_BY_e_stake,HF9f,OK,L1_POWERED,0.0007571,A 净亏最大十分位 · 优先复核,32,1,A168_HF9F_20260827_0900,2026-08-27 09:00:00
ods_a168_betchange_log,H-SRC-06 日志／变更留痕,0,1,0,18,无从判（须逐表验货）,ods_mariadb_2b,v1.0.1 六族表名正则 ＋ 三列性质判别（含编码式列名 betNN／memNNN／ageNNN／lmcNN）,2026-08-31 15:50:53,13436093473.3333,12101545164.6445,225932201.2126,124713543,6048562,-0.01681532,-0.01652984,-0.01689755,-0.01742716,-225932201.2126,13436093473.3333,OK,8220755.8918,9199860.2962,4.0013,95.9987,AG03-UNRESOLVED,ALL5_LEVELS_bet23_to_bet27,9199860.2962,9381979.6473,9615816.7414,9858968.4371,9338000.0461,4.001283,4.042136,4.252868,4.666985,4.496035,95.998717,95.957864,95.747132,95.333015,95.503965,4.9901,47394625.1681,43234853.3832,170316820.1526,174476591.9375,PENDING_AG03,FALSE,NOT_FOR_ENFORCEMENT,216732340.9164,11606300486.2161,217711445.3207,208511585.0246,979104.4043,0.01620348,0.01551877,9199860.2962,208511585.0246,0.01551877,9199860.2962,9381979.6473,9615816.7414,9858968.4371,9338000.0461,208511585.0246,0.01551877,47394625.1681,43234853.3832,170316820.1526,174476591.9375,0.01267607,0.01298566,0.00007287,107.7356,2000.7309,37.3530,1625411.5195,1831.5313,96662542.9736,43514.8345,113.5121,106.1793,5.1431,15.4907,52.3519,179.9915,345.4192,1499.4027,12.8578,-2.2009,22.298537,96.793939,6.954874,30,300,1326575,23,0.22362557,0.01681532,0.01652984,0.00067931,0.040378,0.900674,0.077531,0.00036771,2026-03-21,2026-08-06,139,123357,4007,139,1.000000,1.069061,1.053617,0.745419,5,0.0,0.0,0.0,0.0,0.0,0.0,n_rounds>=30,131,131,PERCENT_RANK_OVER_ORDER_BY_e_stake,HF9f,OK,L1_POWERED,0.0007571,A 净亏最大十分位 · 优先复核,33,1,A168_HF9F_20260827_0900,2026-08-27 09:00:00
ods_a168_category,（未命中六源）,0,1,1,33,无从判（须逐表验货）,ods_mariadb_2b,v1.0.1 六族表名正则 ＋ 三列性质判别（含编码式列名 betNN／memNNN／ageNNN／lmcNN）,2026-08-31 15:50:53,13436093473.3333,12101545164.6445,225932201.2126,124713543,6048562,-0.01681532,-0.01652984,-0.01689755,-0.01742716,-225932201.2126,13436093473.3333,OK,8220755.8918,9199860.2962,4.0013,95.9987,AG03-UNRESOLVED,ALL5_LEVELS_bet23_to_bet27,9199860.2962,9381979.6473,9615816.7414,9858968.4371,9338000.0461,4.001283,4.042136,4.252868,4.666985,4.496035,95.998717,95.957864,95.747132,95.333015,95.503965,4.9901,47394625.1681,43234853.3832,170316820.1526,174476591.9375,PENDING_AG03,FALSE,NOT_FOR_ENFORCEMENT,216732340.9164,11606300486.2161,217711445.3207,208511585.0246,979104.4043,0.01620348,0.01551877,9199860.2962,208511585.0246,0.01551877,9199860.2962,9381979.6473,9615816.7414,9858968.4371,9338000.0461,208511585.0246,0.01551877,47394625.1681,43234853.3832,170316820.1526,174476591.9375,0.01267607,0.01298566,0.00007287,107.7356,2000.7309,37.3530,1625411.5195,1831.5313,96662542.9736,43514.8345,113.5121,106.1793,5.1431,15.4907,52.3519,179.9915,345.4192,1499.4027,12.8578,-2.2009,22.298537,96.793939,6.954874,30,300,1326575,23,0.22362557,0.01681532,0.01652984,0.00067931,0.040378,0.900674,0.077531,0.00036771,2026-03-21,2026-08-06,139,123357,4007,139,1.000000,1.069061,1.053617,0.745419,3,0.0,0.0,0.0,0.0,0.0,0.0,n_rounds>=30,131,131,PERCENT_RANK_OVER_ORDER_BY_e_stake,HF9f,OK,L1_POWERED,0.0007571,A 净亏最大十分位 · 优先复核,34,1,A168_HF9F_20260827_0900,2026-08-27 09:00:00
ods_a168_categoryLevel,H-SRC-03 会员状态变更,0,1,1,21,无从判（须逐表验货）,ods_mariadb_2b,v1.0.1 六族表名正则 ＋ 三列性质判别（含编码式列名 betNN／memNNN／ageNNN／lmcNN）,2026-08-31 15:50:53,13436093473.3333,12101545164.6445,225932201.2126,124713543,6048562,-0.01681532,-0.01652984,-0.01689755,-0.01742716,-225932201.2126,13436093473.3333,OK,8220755.8918,9199860.2962,4.0013,95.9987,AG03-UNRESOLVED,ALL5_LEVELS_bet23_to_bet27,9199860.2962,9381979.6473,9615816.7414,9858968.4371,9338000.0461,4.001283,4.042136,4.252868,4.666985,4.496035,95.998717,95.957864,95.747132,95.333015,95.503965,4.9901,47394625.1681,43234853.3832,170316820.1526,174476591.9375,PENDING_AG03,FALSE,NOT_FOR_ENFORCEMENT,216732340.9164,11606300486.2161,217711445.3207,208511585.0246,979104.4043,0.01620348,0.01551877,9199860.2962,208511585.0246,0.01551877,9199860.2962,9381979.6473,9615816.7414,9858968.4371,9338000.0461,208511585.0246,0.01551877,47394625.1681,43234853.3832,170316820.1526,174476591.9375,0.01267607,0.01298566,0.00007287,107.7356,2000.7309,37.3530,1625411.5195,1831.5313,96662542.9736,43514.8345,113.5121,106.1793,5.1431,15.4907,52.3519,179.9915,345.4192,1499.4027,12.8578,-2.2009,22.298537,96.793939,6.954874,30,300,1326575,23,0.22362557,0.01681532,0.01652984,0.00067931,0.040378,0.900674,0.077531,0.00036771,2026-03-21,2026-08-06,139,123357,4007,139,1.000000,1.069061,1.053617,0.745419,3,0.0,0.0,0.0,0.0,0.0,0.0,n_rounds>=30,131,131,PERCENT_RANK_OVER_ORDER_BY_e_stake,HF9f,OK,L1_POWERED,0.0007571,A 净亏最大十分位 · 优先复核,35,1,A168_HF9F_20260827_0900,2026-08-27 09:00:00
ods_a168_change_log,H-SRC-06 日志／变更留痕,0,1,0,14,无从判（须逐表验货）,ods_mariadb_2b,v1.0.1 六族表名正则 ＋ 三列性质判别（含编码式列名 betNN／memNNN／ageNNN／lmcNN）,2026-08-31 15:50:53,13436093473.3333,12101545164.6445,225932201.2126,124713543,6048562,-0.01681532,-0.01652984,-0.01689755,-0.01742716,-225932201.2126,13436093473.3333,OK,8220755.8918,9199860.2962,4.0013,95.9987,AG03-UNRESOLVED,ALL5_LEVELS_bet23_to_bet27,9199860.2962,9381979.6473,9615816.7414,9858968.4371,9338000.0461,4.001283,4.042136,4.252868,4.666985,4.496035,95.998717,95.957864,95.747132,95.333015,95.503965,4.9901,47394625.1681,43234853.3832,170316820.1526,174476591.9375,PENDING_AG03,FALSE,NOT_FOR_ENFORCEMENT,216732340.9164,11606300486.2161,217711445.3207,208511585.0246,979104.4043,0.01620348,0.01551877,9199860.2962,208511585.0246,0.01551877,9199860.2962,9381979.6473,9615816.7414,9858968.4371,9338000.0461,208511585.0246,0.01551877,47394625.1681,43234853.3832,170316820.1526,174476591.9375,0.01267607,0.01298566,0.00007287,107.7356,2000.7309,37.3530,1625411.5195,1831.5313,96662542.9736,43514.8345,113.5121,106.1793,5.1431,15.4907,52.3519,179.9915,345.4192,1499.4027,12.8578,-2.2009,22.298537,96.793939,6.954874,30,300,1326575,23,0.22362557,0.01681532,0.01652984,0.00067931,0.040378,0.900674,0.077531,0.00036771,2026-03-21,2026-08-06,139,123357,4007,139,1.000000,1.069061,1.053617,0.745419,5,0.0,0.0,0.0,0.0,0.0,0.0,n_rounds>=30,131,131,PERCENT_RANK_OVER_ORDER_BY_e_stake,HF9f,OK,L1_POWERED,0.0007571,A 净亏最大十分位 · 优先复核,36,1,A168_HF9F_20260827_0900,2026-08-27 09:00:00
ods_a168_close_tip_list,H-SRC-03 会员状态变更,0,1,0,7,无从判（须逐表验货）,ods_mariadb_2b,v1.0.1 六族表名正则 ＋ 三列性质判别（含编码式列名 betNN／memNNN／ageNNN／lmcNN）,2026-08-31 15:50:53,13436093473.3333,12101545164.6445,225932201.2126,124713543,6048562,-0.01681532,-0.01652984,-0.01689755,-0.01742716,-225932201.2126,13436093473.3333,OK,8220755.8918,9199860.2962,4.0013,95.9987,AG03-UNRESOLVED,ALL5_LEVELS_bet23_to_bet27,9199860.2962,9381979.6473,9615816.7414,9858968.4371,9338000.0461,4.001283,4.042136,4.252868,4.666985,4.496035,95.998717,95.957864,95.747132,95.333015,95.503965,4.9901,47394625.1681,43234853.3832,170316820.1526,174476591.9375,PENDING_AG03,FALSE,NOT_FOR_ENFORCEMENT,216732340.9164,11606300486.2161,217711445.3207,208511585.0246,979104.4043,0.01620348,0.01551877,9199860.2962,208511585.0246,0.01551877,9199860.2962,9381979.6473,9615816.7414,9858968.4371,9338000.0461,208511585.0246,0.01551877,47394625.1681,43234853.3832,170316820.1526,174476591.9375,0.01267607,0.01298566,0.00007287,107.7356,2000.7309,37.3530,1625411.5195,1831.5313,96662542.9736,43514.8345,113.5121,106.1793,5.1431,15.4907,52.3519,179.9915,345.4192,1499.4027,12.8578,-2.2009,22.298537,96.793939,6.954874,30,300,1326575,23,0.22362557,0.01681532,0.01652984,0.00067931,0.040378,0.900674,0.077531,0.00036771,2026-03-21,2026-08-06,139,123357,4007,139,1.000000,1.069061,1.053617,0.745419,1,0.0,0.0,0.0,0.0,0.0,0.0,n_rounds>=30,131,131,PERCENT_RANK_OVER_ORDER_BY_e_stake,HF9f,OK,L1_POWERED,0.0007571,A 净亏最大十分位 · 优先复核,37,1,A168_HF9F_20260827_0900,2026-08-27 09:00:00
ods_a168_control,（未命中六源）,0,1,0,19,无从判（须逐表验货）,ods_mariadb_2b,v1.0.1 六族表名正则 ＋ 三列性质判别（含编码式列名 betNN／memNNN／ageNNN／lmcNN）,2026-08-31 15:50:53,13436093473.3333,12101545164.6445,225932201.2126,124713543,6048562,-0.01681532,-0.01652984,-0.01689755,-0.01742716,-225932201.2126,13436093473.3333,OK,8220755.8918,9199860.2962,4.0013,95.9987,AG03-UNRESOLVED,ALL5_LEVELS_bet23_to_bet27,9199860.2962,9381979.6473,9615816.7414,9858968.4371,9338000.0461,4.001283,4.042136,4.252868,4.666985,4.496035,95.998717,95.957864,95.747132,95.333015,95.503965,4.9901,47394625.1681,43234853.3832,170316820.1526,174476591.9375,PENDING_AG03,FALSE,NOT_FOR_ENFORCEMENT,216732340.9164,11606300486.2161,217711445.3207,208511585.0246,979104.4043,0.01620348,0.01551877,9199860.2962,208511585.0246,0.01551877,9199860.2962,9381979.6473,9615816.7414,9858968.4371,9338000.0461,208511585.0246,0.01551877,47394625.1681,43234853.3832,170316820.1526,174476591.9375,0.01267607,0.01298566,0.00007287,107.7356,2000.7309,37.3530,1625411.5195,1831.5313,96662542.9736,43514.8345,113.5121,106.1793,5.1431,15.4907,52.3519,179.9915,345.4192,1499.4027,12.8578,-2.2009,22.298537,96.793939,6.954874,30,300,1326575,23,0.22362557,0.01681532,0.01652984,0.00067931,0.040378,0.900674,0.077531,0.00036771,2026-03-21,2026-08-06,139,123357,4007,139,1.000000,1.069061,1.053617,0.745419,1,0.0,0.0,0.0,0.0,0.0,0.0,n_rounds>=30,131,131,PERCENT_RANK_OVER_ORDER_BY_e_stake,HF9f,OK,L1_POWERED,0.0007571,A 净亏最大十分位 · 优先复核,38,1,A168_HF9F_20260827_0900,2026-08-27 09:00:00
ods_a168_control_login,H-SRC-02 会话／登录,0,1,0,13,无从判（须逐表验货）,ods_mariadb_2b,v1.0.1 六族表名正则 ＋ 三列性质判别（含编码式列名 betNN／memNNN／ageNNN／lmcNN）,2026-08-31 15:50:53,13436093473.3333,12101545164.6445,225932201.2126,124713543,6048562,-0.01681532,-0.01652984,-0.01689755,-0.01742716,-225932201.2126,13436093473.3333,OK,8220755.8918,9199860.2962,4.0013,95.9987,AG03-UNRESOLVED,ALL5_LEVELS_bet23_to_bet27,9199860.2962,9381979.6473,9615816.7414,9858968.4371,9338000.0461,4.001283,4.042136,4.252868,4.666985,4.496035,95.998717,95.957864,95.747132,95.333015,95.503965,4.9901,47394625.1681,43234853.3832,170316820.1526,174476591.9375,PENDING_AG03,FALSE,NOT_FOR_ENFORCEMENT,216732340.9164,11606300486.2161,217711445.3207,208511585.0246,979104.4043,0.01620348,0.01551877,9199860.2962,208511585.0246,0.01551877,9199860.2962,9381979.6473,9615816.7414,9858968.4371,9338000.0461,208511585.0246,0.01551877,47394625.1681,43234853.3832,170316820.1526,174476591.9375,0.01267607,0.01298566,0.00007287,107.7356,2000.7309,37.3530,1625411.5195,1831.5313,96662542.9736,43514.8345,113.5121,106.1793,5.1431,15.4907,52.3519,179.9915,345.4192,1499.4027,12.8578,-2.2009,22.298537,96.793939,6.954874,30,300,1326575,23,0.22362557,0.01681532,0.01652984,0.00067931,0.040378,0.900674,0.077531,0.00036771,2026-03-21,2026-08-06,139,123357,4007,139,1.000000,1.069061,1.053617,0.745419,1,0.0,0.0,0.0,0.0,0.0,0.0,n_rounds>=30,131,131,PERCENT_RANK_OVER_ORDER_BY_e_stake,HF9f,OK,L1_POWERED,0.0007571,A 净亏最大十分位 · 优先复核,39,1,A168_HF9F_20260827_0900,2026-08-27 09:00:00
ods_a168_conversion,（未命中六源）,0,1,1,21,无从判（须逐表验货）,ods_mariadb_2b,v1.0.1 六族表名正则 ＋ 三列性质判别（含编码式列名 betNN／memNNN／ageNNN／lmcNN）,2026-08-31 15:50:53,13436093473.3333,12101545164.6445,225932201.2126,124713543,6048562,-0.01681532,-0.01652984,-0.01689755,-0.01742716,-225932201.2126,13436093473.3333,OK,8220755.8918,9199860.2962,4.0013,95.9987,AG03-UNRESOLVED,ALL5_LEVELS_bet23_to_bet27,9199860.2962,9381979.6473,9615816.7414,9858968.4371,9338000.0461,4.001283,4.042136,4.252868,4.666985,4.496035,95.998717,95.957864,95.747132,95.333015,95.503965,4.9901,47394625.1681,43234853.3832,170316820.1526,174476591.9375,PENDING_AG03,FALSE,NOT_FOR_ENFORCEMENT,216732340.9164,11606300486.2161,217711445.3207,208511585.0246,979104.4043,0.01620348,0.01551877,9199860.2962,208511585.0246,0.01551877,9199860.2962,9381979.6473,9615816.7414,9858968.4371,9338000.0461,208511585.0246,0.01551877,47394625.1681,43234853.3832,170316820.1526,174476591.9375,0.01267607,0.01298566,0.00007287,107.7356,2000.7309,37.3530,1625411.5195,1831.5313,96662542.9736,43514.8345,113.5121,106.1793,5.1431,15.4907,52.3519,179.9915,345.4192,1499.4027,12.8578,-2.2009,22.298537,96.793939,6.954874,30,300,1326575,23,0.22362557,0.01681532,0.01652984,0.00067931,0.040378,0.900674,0.077531,0.00036771,2026-03-21,2026-08-06,139,123357,4007,139,1.000000,1.069061,1.053617,0.745419,1,0.0,0.0,0.0,0.0,0.0,0.0,n_rounds>=30,131,131,PERCENT_RANK_OVER_ORDER_BY_e_stake,HF9f,OK,L1_POWERED,0.0007571,A 净亏最大十分位 · 优先复核,40,1,A168_HF9F_20260827_0900,2026-08-27 09:00:00
ods_a168_ctl_rto,（未命中六源）,0,1,0,9,无从判（须逐表验货）,ods_mariadb_2b,v1.0.1 六族表名正则 ＋ 三列性质判别（含编码式列名 betNN／memNNN／ageNNN／lmcNN）,2026-08-31 15:50:53,13436093473.3333,12101545164.6445,225932201.2126,124713543,6048562,-0.01681532,-0.01652984,-0.01689755,-0.01742716,-225932201.2126,13436093473.3333,OK,8220755.8918,9199860.2962,4.0013,95.9987,AG03-UNRESOLVED,ALL5_LEVELS_bet23_to_bet27,9199860.2962,9381979.6473,9615816.7414,9858968.4371,9338000.0461,4.001283,4.042136,4.252868,4.666985,4.496035,95.998717,95.957864,95.747132,95.333015,95.503965,4.9901,47394625.1681,43234853.3832,170316820.1526,174476591.9375,PENDING_AG03,FALSE,NOT_FOR_ENFORCEMENT,216732340.9164,11606300486.2161,217711445.3207,208511585.0246,979104.4043,0.01620348,0.01551877,9199860.2962,208511585.0246,0.01551877,9199860.2962,9381979.6473,9615816.7414,9858968.4371,9338000.0461,208511585.0246,0.01551877,47394625.1681,43234853.3832,170316820.1526,174476591.9375,0.01267607,0.01298566,0.00007287,107.7356,2000.7309,37.3530,1625411.5195,1831.5313,96662542.9736,43514.8345,113.5121,106.1793,5.1431,15.4907,52.3519,179.9915,345.4192,1499.4027,12.8578,-2.2009,22.298537,96.793939,6.954874,30,300,1326575,23,0.22362557,0.01681532,0.01652984,0.00067931,0.040378,0.900674,0.077531,0.00036771,2026-03-21,2026-08-06,139,123357,4007,139,1.000000,1.069061,1.053617,0.745419,3,0.0,0.0,0.0,0.0,0.0,0.0,n_rounds>=30,131,131,PERCENT_RANK_OVER_ORDER_BY_e_stake,HF9f,OK,L1_POWERED,0.0007571,A 净亏最大十分位 · 优先复核,41,1,A168_HF9F_20260827_0900,2026-08-27 09:00:00
ods_a168_currency,（未命中六源）,0,1,0,14,无从判（须逐表验货）,ods_mariadb_2b,v1.0.1 六族表名正则 ＋ 三列性质判别（含编码式列名 betNN／memNNN／ageNNN／lmcNN）,2026-08-31 15:50:53,13436093473.3333,12101545164.6445,225932201.2126,124713543,6048562,-0.01681532,-0.01652984,-0.01689755,-0.01742716,-225932201.2126,13436093473.3333,OK,8220755.8918,9199860.2962,4.0013,95.9987,AG03-UNRESOLVED,ALL5_LEVELS_bet23_to_bet27,9199860.2962,9381979.6473,9615816.7414,9858968.4371,9338000.0461,4.001283,4.042136,4.252868,4.666985,4.496035,95.998717,95.957864,95.747132,95.333015,95.503965,4.9901,47394625.1681,43234853.3832,170316820.1526,174476591.9375,PENDING_AG03,FALSE,NOT_FOR_ENFORCEMENT,216732340.9164,11606300486.2161,217711445.3207,208511585.0246,979104.4043,0.01620348,0.01551877,9199860.2962,208511585.0246,0.01551877,9199860.2962,9381979.6473,9615816.7414,9858968.4371,9338000.0461,208511585.0246,0.01551877,47394625.1681,43234853.3832,170316820.1526,174476591.9375,0.01267607,0.01298566,0.00007287,107.7356,2000.7309,37.3530,1625411.5195,1831.5313,96662542.9736,43514.8345,113.5121,106.1793,5.1431,15.4907,52.3519,179.9915,345.4192,1499.4027,12.8578,-2.2009,22.298537,96.793939,6.954874,30,300,1326575,23,0.22362557,0.01681532,0.01652984,0.00067931,0.040378,0.900674,0.077531,0.00036771,2026-03-21,2026-08-06,139,123357,4007,139,1.000000,1.069061,1.053617,0.745419,2,0.0,0.0,0.0,0.0,0.0,0.0,n_rounds>=30,131,131,PERCENT_RANK_OVER_ORDER_BY_e_stake,HF9f,OK,L1_POWERED,0.0007571,A 净亏最大十分位 · 优先复核,42,1,A168_HF9F_20260827_0900,2026-08-27 09:00:00
ods_a168_dailyreport,（未命中六源）,1,1,1,34,★ 事务表候选（三列俱备）,ods_mariadb_2b,v1.0.1 六族表名正则 ＋ 三列性质判别（含编码式列名 betNN／memNNN／ageNNN／lmcNN）,2026-08-31 15:50:53,13436093473.3333,12101545164.6445,225932201.2126,124713543,6048562,-0.01681532,-0.01652984,-0.01689755,-0.01742716,-225932201.2126,13436093473.3333,OK,8220755.8918,9199860.2962,4.0013,95.9987,AG03-UNRESOLVED,ALL5_LEVELS_bet23_to_bet27,9199860.2962,9381979.6473,9615816.7414,9858968.4371,9338000.0461,4.001283,4.042136,4.252868,4.666985,4.496035,95.998717,95.957864,95.747132,95.333015,95.503965,4.9901,47394625.1681,43234853.3832,170316820.1526,174476591.9375,PENDING_AG03,FALSE,NOT_FOR_ENFORCEMENT,216732340.9164,11606300486.2161,217711445.3207,208511585.0246,979104.4043,0.01620348,0.01551877,9199860.2962,208511585.0246,0.01551877,9199860.2962,9381979.6473,9615816.7414,9858968.4371,9338000.0461,208511585.0246,0.01551877,47394625.1681,43234853.3832,170316820.1526,174476591.9375,0.01267607,0.01298566,0.00007287,107.7356,2000.7309,37.3530,1625411.5195,1831.5313,96662542.9736,43514.8345,113.5121,106.1793,5.1431,15.4907,52.3519,179.9915,345.4192,1499.4027,12.8578,-2.2009,22.298537,96.793939,6.954874,30,300,1326575,23,0.22362557,0.01681532,0.01652984,0.00067931,0.040378,0.900674,0.077531,0.00036771,2026-03-21,2026-08-06,139,123357,4007,139,1.000000,1.069061,1.053617,0.745419,3,0.0,0.0,0.0,0.0,0.0,0.0,n_rounds>=30,131,131,PERCENT_RANK_OVER_ORDER_BY_e_stake,HF9f,OK,L1_POWERED,0.0007571,A 净亏最大十分位 · 优先复核,43,1,A168_HF9F_20260827_0900,2026-08-27 09:00:00
ods_a168_dailyreport2,（未命中六源）,1,1,1,35,★ 事务表候选（三列俱备）,ods_mariadb_2b,v1.0.1 六族表名正则 ＋ 三列性质判别（含编码式列名 betNN／memNNN／ageNNN／lmcNN）,2026-08-31 15:50:53,13436093473.3333,12101545164.6445,225932201.2126,124713543,6048562,-0.01681532,-0.01652984,-0.01689755,-0.01742716,-225932201.2126,13436093473.3333,OK,8220755.8918,9199860.2962,4.0013,95.9987,AG03-UNRESOLVED,ALL5_LEVELS_bet23_to_bet27,9199860.2962,9381979.6473,9615816.7414,9858968.4371,9338000.0461,4.001283,4.042136,4.252868,4.666985,4.496035,95.998717,95.957864,95.747132,95.333015,95.503965,4.9901,47394625.1681,43234853.3832,170316820.1526,174476591.9375,PENDING_AG03,FALSE,NOT_FOR_ENFORCEMENT,216732340.9164,11606300486.2161,217711445.3207,208511585.0246,979104.4043,0.01620348,0.01551877,9199860.2962,208511585.0246,0.01551877,9199860.2962,9381979.6473,9615816.7414,9858968.4371,9338000.0461,208511585.0246,0.01551877,47394625.1681,43234853.3832,170316820.1526,174476591.9375,0.01267607,0.01298566,0.00007287,107.7356,2000.7309,37.3530,1625411.5195,1831.5313,96662542.9736,43514.8345,113.5121,106.1793,5.1431,15.4907,52.3519,179.9915,345.4192,1499.4027,12.8578,-2.2009,22.298537,96.793939,6.954874,30,300,1326575,23,0.22362557,0.01681532,0.01652984,0.00067931,0.040378,0.900674,0.077531,0.00036771,2026-03-21,2026-08-06,139,123357,4007,139,1.000000,1.069061,1.053617,0.745419,3,0.0,0.0,0.0,0.0,0.0,0.0,n_rounds>=30,131,131,PERCENT_RANK_OVER_ORDER_BY_e_stake,HF9f,OK,L1_POWERED,0.0007571,A 净亏最大十分位 · 优先复核,44,1,A168_HF9F_20260827_0900,2026-08-27 09:00:00
ods_a168_dailyreport_member,（未命中六源）,1,1,1,35,★ 事务表候选（三列俱备）,ods_mariadb_2b,v1.0.1 六族表名正则 ＋ 三列性质判别（含编码式列名 betNN／memNNN／ageNNN／lmcNN）,2026-08-31 15:50:53,13436093473.3333,12101545164.6445,225932201.2126,124713543,6048562,-0.01681532,-0.01652984,-0.01689755,-0.01742716,-225932201.2126,13436093473.3333,OK,8220755.8918,9199860.2962,4.0013,95.9987,AG03-UNRESOLVED,ALL5_LEVELS_bet23_to_bet27,9199860.2962,9381979.6473,9615816.7414,9858968.4371,9338000.0461,4.001283,4.042136,4.252868,4.666985,4.496035,95.998717,95.957864,95.747132,95.333015,95.503965,4.9901,47394625.1681,43234853.3832,170316820.1526,174476591.9375,PENDING_AG03,FALSE,NOT_FOR_ENFORCEMENT,216732340.9164,11606300486.2161,217711445.3207,208511585.0246,979104.4043,0.01620348,0.01551877,9199860.2962,208511585.0246,0.01551877,9199860.2962,9381979.6473,9615816.7414,9858968.4371,9338000.0461,208511585.0246,0.01551877,47394625.1681,43234853.3832,170316820.1526,174476591.9375,0.01267607,0.01298566,0.00007287,107.7356,2000.7309,37.3530,1625411.5195,1831.5313,96662542.9736,43514.8345,113.5121,106.1793,5.1431,15.4907,52.3519,179.9915,345.4192,1499.4027,12.8578,-2.2009,22.298537,96.793939,6.954874,30,300,1326575,23,0.22362557,0.01681532,0.01652984,0.00067931,0.040378,0.900674,0.077531,0.00036771,2026-03-21,2026-08-06,139,123357,4007,139,1.000000,1.069061,1.053617,0.745419,5,0.0,0.0,0.0,0.0,0.0,0.0,n_rounds>=30,131,131,PERCENT_RANK_OVER_ORDER_BY_e_stake,HF9f,OK,L1_POWERED,0.0007571,A 净亏最大十分位 · 优先复核,45,1,A168_HF9F_20260827_0900,2026-08-27 09:00:00
ods_a168_dailyreport_table,（未命中六源）,0,1,1,23,无从判（须逐表验货）,ods_mariadb_2b,v1.0.1 六族表名正则 ＋ 三列性质判别（含编码式列名 betNN／memNNN／ageNNN／lmcNN）,2026-08-31 15:50:53,13436093473.3333,12101545164.6445,225932201.2126,124713543,6048562,-0.01681532,-0.01652984,-0.01689755,-0.01742716,-225932201.2126,13436093473.3333,OK,8220755.8918,9199860.2962,4.0013,95.9987,AG03-UNRESOLVED,ALL5_LEVELS_bet23_to_bet27,9199860.2962,9381979.6473,9615816.7414,9858968.4371,9338000.0461,4.001283,4.042136,4.252868,4.666985,4.496035,95.998717,95.957864,95.747132,95.333015,95.503965,4.9901,47394625.1681,43234853.3832,170316820.1526,174476591.9375,PENDING_AG03,FALSE,NOT_FOR_ENFORCEMENT,216732340.9164,11606300486.2161,217711445.3207,208511585.0246,979104.4043,0.01620348,0.01551877,9199860.2962,208511585.0246,0.01551877,9199860.2962,9381979.6473,9615816.7414,9858968.4371,9338000.0461,208511585.0246,0.01551877,47394625.1681,43234853.3832,170316820.1526,174476591.9375,0.01267607,0.01298566,0.00007287,107.7356,2000.7309,37.3530,1625411.5195,1831.5313,96662542.9736,43514.8345,113.5121,106.1793,5.1431,15.4907,52.3519,179.9915,345.4192,1499.4027,12.8578,-2.2009,22.298537,96.793939,6.954874,30,300,1326575,23,0.22362557,0.01681532,0.01652984,0.00067931,0.040378,0.900674,0.077531,0.00036771,2026-03-21,2026-08-06,139,123357,4007,139,1.000000,1.069061,1.053617,0.745419,5,0.0,0.0,0.0,0.0,0.0,0.0,n_rounds>=30,131,131,PERCENT_RANK_OVER_ORDER_BY_e_stake,HF9f,OK,L1_POWERED,0.0007571,A 净亏最大十分位 · 优先复核,46,1,A168_HF9F_20260827_0900,2026-08-27 09:00:00
ods_a168_dailyreport_usercount,（未命中六源）,1,1,0,12,事件表候选（无金额）,ods_mariadb_2b,v1.0.1 六族表名正则 ＋ 三列性质判别（含编码式列名 betNN／memNNN／ageNNN／lmcNN）,2026-08-31 15:50:53,13436093473.3333,12101545164.6445,225932201.2126,124713543,6048562,-0.01681532,-0.01652984,-0.01689755,-0.01742716,-225932201.2126,13436093473.3333,OK,8220755.8918,9199860.2962,4.0013,95.9987,AG03-UNRESOLVED,ALL5_LEVELS_bet23_to_bet27,9199860.2962,9381979.6473,9615816.7414,9858968.4371,9338000.0461,4.001283,4.042136,4.252868,4.666985,4.496035,95.998717,95.957864,95.747132,95.333015,95.503965,4.9901,47394625.1681,43234853.3832,170316820.1526,174476591.9375,PENDING_AG03,FALSE,NOT_FOR_ENFORCEMENT,216732340.9164,11606300486.2161,217711445.3207,208511585.0246,979104.4043,0.01620348,0.01551877,9199860.2962,208511585.0246,0.01551877,9199860.2962,9381979.6473,9615816.7414,9858968.4371,9338000.0461,208511585.0246,0.01551877,47394625.1681,43234853.3832,170316820.1526,174476591.9375,0.01267607,0.01298566,0.00007287,107.7356,2000.7309,37.3530,1625411.5195,1831.5313,96662542.9736,43514.8345,113.5121,106.1793,5.1431,15.4907,52.3519,179.9915,345.4192,1499.4027,12.8578,-2.2009,22.298537,96.793939,6.954874,30,300,1326575,23,0.22362557,0.01681532,0.01652984,0.00067931,0.040378,0.900674,0.077531,0.00036771,2026-03-21,2026-08-06,139,123357,4007,139,1.000000,1.069061,1.053617,0.745419,4,0.0,0.0,0.0,0.0,0.0,0.0,n_rounds>=30,131,131,PERCENT_RANK_OVER_ORDER_BY_e_stake,HF9f,OK,L1_POWERED,0.0007571,A 净亏最大十分位 · 优先复核,47,1,A168_HF9F_20260827_0900,2026-08-27 09:00:00
ods_a168_emp_login,H-SRC-02 会话／登录,0,1,0,12,无从判（须逐表验货）,ods_mariadb_2b,v1.0.1 六族表名正则 ＋ 三列性质判别（含编码式列名 betNN／memNNN／ageNNN／lmcNN）,2026-08-31 15:50:53,13436093473.3333,12101545164.6445,225932201.2126,124713543,6048562,-0.01681532,-0.01652984,-0.01689755,-0.01742716,-225932201.2126,13436093473.3333,OK,8220755.8918,9199860.2962,4.0013,95.9987,AG03-UNRESOLVED,ALL5_LEVELS_bet23_to_bet27,9199860.2962,9381979.6473,9615816.7414,9858968.4371,9338000.0461,4.001283,4.042136,4.252868,4.666985,4.496035,95.998717,95.957864,95.747132,95.333015,95.503965,4.9901,47394625.1681,43234853.3832,170316820.1526,174476591.9375,PENDING_AG03,FALSE,NOT_FOR_ENFORCEMENT,216732340.9164,11606300486.2161,217711445.3207,208511585.0246,979104.4043,0.01620348,0.01551877,9199860.2962,208511585.0246,0.01551877,9199860.2962,9381979.6473,9615816.7414,9858968.4371,9338000.0461,208511585.0246,0.01551877,47394625.1681,43234853.3832,170316820.1526,174476591.9375,0.01267607,0.01298566,0.00007287,107.7356,2000.7309,37.3530,1625411.5195,1831.5313,96662542.9736,43514.8345,113.5121,106.1793,5.1431,15.4907,52.3519,179.9915,345.4192,1499.4027,12.8578,-2.2009,22.298537,96.793939,6.954874,30,300,1326575,23,0.22362557,0.01681532,0.01652984,0.00067931,0.040378,0.900674,0.077531,0.00036771,2026-03-21,2026-08-06,139,123357,4007,139,1.000000,1.069061,1.053617,0.745419,2,0.0,0.0,0.0,0.0,0.0,0.0,n_rounds>=30,131,131,PERCENT_RANK_OVER_ORDER_BY_e_stake,HF9f,OK,L1_POWERED,0.0007571,A 净亏最大十分位 · 优先复核,48,1,A168_HF9F_20260827_0900,2026-08-27 09:00:00
ods_a168_employee,（未命中六源）,1,1,0,24,事件表候选（无金额）,ods_mariadb_2b,v1.0.1 六族表名正则 ＋ 三列性质判别（含编码式列名 betNN／memNNN／ageNNN／lmcNN）,2026-08-31 15:50:53,13436093473.3333,12101545164.6445,225932201.2126,124713543,6048562,-0.01681532,-0.01652984,-0.01689755,-0.01742716,-225932201.2126,13436093473.3333,OK,8220755.8918,9199860.2962,4.0013,95.9987,AG03-UNRESOLVED,ALL5_LEVELS_bet23_to_bet27,9199860.2962,9381979.6473,9615816.7414,9858968.4371,9338000.0461,4.001283,4.042136,4.252868,4.666985,4.496035,95.998717,95.957864,95.747132,95.333015,95.503965,4.9901,47394625.1681,43234853.3832,170316820.1526,174476591.9375,PENDING_AG03,FALSE,NOT_FOR_ENFORCEMENT,216732340.9164,11606300486.2161,217711445.3207,208511585.0246,979104.4043,0.01620348,0.01551877,9199860.2962,208511585.0246,0.01551877,9199860.2962,9381979.6473,9615816.7414,9858968.4371,9338000.0461,208511585.0246,0.01551877,47394625.1681,43234853.3832,170316820.1526,174476591.9375,0.01267607,0.01298566,0.00007287,107.7356,2000.7309,37.3530,1625411.5195,1831.5313,96662542.9736,43514.8345,113.5121,106.1793,5.1431,15.4907,52.3519,179.9915,345.4192,1499.4027,12.8578,-2.2009,22.298537,96.793939,6.954874,30,300,1326575,23,0.22362557,0.01681532,0.01652984,0.00067931,0.040378,0.900674,0.077531,0.00036771,2026-03-21,2026-08-06,139,123357,4007,139,1.000000,1.069061,1.053617,0.745419,1,0.0,0.0,0.0,0.0,0.0,0.0,n_rounds>=30,131,131,PERCENT_RANK_OVER_ORDER_BY_e_stake,HF9f,OK,L1_POWERED,0.0007571,A 净亏最大十分位 · 优先复核,49,1,A168_HF9F_20260827_0900,2026-08-27 09:00:00
ods_a168_func_counter,（未命中六源）,0,1,0,10,无从判（须逐表验货）,ods_mariadb_2b,v1.0.1 六族表名正则 ＋ 三列性质判别（含编码式列名 betNN／memNNN／ageNNN／lmcNN）,2026-08-31 15:50:53,13436093473.3333,12101545164.6445,225932201.2126,124713543,6048562,-0.01681532,-0.01652984,-0.01689755,-0.01742716,-225932201.2126,13436093473.3333,OK,8220755.8918,9199860.2962,4.0013,95.9987,AG03-UNRESOLVED,ALL5_LEVELS_bet23_to_bet27,9199860.2962,9381979.6473,9615816.7414,9858968.4371,9338000.0461,4.001283,4.042136,4.252868,4.666985,4.496035,95.998717,95.957864,95.747132,95.333015,95.503965,4.9901,47394625.1681,43234853.3832,170316820.1526,174476591.9375,PENDING_AG03,FALSE,NOT_FOR_ENFORCEMENT,216732340.9164,11606300486.2161,217711445.3207,208511585.0246,979104.4043,0.01620348,0.01551877,9199860.2962,208511585.0246,0.01551877,9199860.2962,9381979.6473,9615816.7414,9858968.4371,9338000.0461,208511585.0246,0.01551877,47394625.1681,43234853.3832,170316820.1526,174476591.9375,0.01267607,0.01298566,0.00007287,107.7356,2000.7309,37.3530,1625411.5195,1831.5313,96662542.9736,43514.8345,113.5121,106.1793,5.1431,15.4907,52.3519,179.9915,345.4192,1499.4027,12.8578,-2.2009,22.298537,96.793939,6.954874,30,300,1326575,23,0.22362557,0.01681532,0.01652984,0.00067931,0.040378,0.900674,0.077531,0.00036771,2026-03-21,2026-08-06,139,123357,4007,139,1.000000,1.069061,1.053617,0.745419,1,0.0,0.0,0.0,0.0,0.0,0.0,n_rounds>=30,131,131,PERCENT_RANK_OVER_ORDER_BY_e_stake,HF9f,OK,L1_POWERED,0.0007571,A 净亏最大十分位 · 优先复核,50,1,A168_HF9F_20260827_0900,2026-08-27 09:00:00
ods_a168_game_No,（未命中六源）,0,1,0,10,无从判（须逐表验货）,ods_mariadb_2b,v1.0.1 六族表名正则 ＋ 三列性质判别（含编码式列名 betNN／memNNN／ageNNN／lmcNN）,2026-08-31 15:50:53,13436093473.3333,12101545164.6445,225932201.2126,124713543,6048562,-0.01681532,-0.01652984,-0.01689755,-0.01742716,-225932201.2126,13436093473.3333,OK,8220755.8918,9199860.2962,4.0013,95.9987,AG03-UNRESOLVED,ALL5_LEVELS_bet23_to_bet27,9199860.2962,9381979.6473,9615816.7414,9858968.4371,9338000.0461,4.001283,4.042136,4.252868,4.666985,4.496035,95.998717,95.957864,95.747132,95.333015,95.503965,4.9901,47394625.1681,43234853.3832,170316820.1526,174476591.9375,PENDING_AG03,FALSE,NOT_FOR_ENFORCEMENT,216732340.9164,11606300486.2161,217711445.3207,208511585.0246,979104.4043,0.01620348,0.01551877,9199860.2962,208511585.0246,0.01551877,9199860.2962,9381979.6473,9615816.7414,9858968.4371,9338000.0461,208511585.0246,0.01551877,47394625.1681,43234853.3832,170316820.1526,174476591.9375,0.01267607,0.01298566,0.00007287,107.7356,2000.7309,37.3530,1625411.5195,1831.5313,96662542.9736,43514.8345,113.5121,106.1793,5.1431,15.4907,52.3519,179.9915,345.4192,1499.4027,12.8578,-2.2009,22.298537,96.793939,6.954874,30,300,1326575,23,0.22362557,0.01681532,0.01652984,0.00067931,0.040378,0.900674,0.077531,0.00036771,2026-03-21,2026-08-06,139,123357,4007,139,1.000000,1.069061,1.053617,0.745419,5,0.0,0.0,0.0,0.0,0.0,0.0,n_rounds>=30,131,131,PERCENT_RANK_OVER_ORDER_BY_e_stake,HF9f,OK,L1_POWERED,0.0007571,A 净亏最大十分位 · 优先复核,51,1,A168_HF9F_20260827_0900,2026-08-27 09:00:00
ods_a168_game_callwebapi,（未命中六源）,0,1,0,13,无从判（须逐表验货）,ods_mariadb_2b,v1.0.1 六族表名正则 ＋ 三列性质判别（含编码式列名 betNN／memNNN／ageNNN／lmcNN）,2026-08-31 15:50:53,13436093473.3333,12101545164.6445,225932201.2126,124713543,6048562,-0.01681532,-0.01652984,-0.01689755,-0.01742716,-225932201.2126,13436093473.3333,OK,8220755.8918,9199860.2962,4.0013,95.9987,AG03-UNRESOLVED,ALL5_LEVELS_bet23_to_bet27,9199860.2962,9381979.6473,9615816.7414,9858968.4371,9338000.0461,4.001283,4.042136,4.252868,4.666985,4.496035,95.998717,95.957864,95.747132,95.333015,95.503965,4.9901,47394625.1681,43234853.3832,170316820.1526,174476591.9375,PENDING_AG03,FALSE,NOT_FOR_ENFORCEMENT,216732340.9164,11606300486.2161,217711445.3207,208511585.0246,979104.4043,0.01620348,0.01551877,9199860.2962,208511585.0246,0.01551877,9199860.2962,9381979.6473,9615816.7414,9858968.4371,9338000.0461,208511585.0246,0.01551877,47394625.1681,43234853.3832,170316820.1526,174476591.9375,0.01267607,0.01298566,0.00007287,107.7356,2000.7309,37.3530,1625411.5195,1831.5313,96662542.9736,43514.8345,113.5121,106.1793,5.1431,15.4907,52.3519,179.9915,345.4192,1499.4027,12.8578,-2.2009,22.298537,96.793939,6.954874,30,300,1326575,23,0.22362557,0.01681532,0.01652984,0.00067931,0.040378,0.900674,0.077531,0.00036771,2026-03-21,2026-08-06,139,123357,4007,139,1.000000,1.069061,1.053617,0.745419,1,0.0,0.0,0.0,0.0,0.0,0.0,n_rounds>=30,131,131,PERCENT_RANK_OVER_ORDER_BY_e_stake,HF9f,OK,L1_POWERED,0.0007571,A 净亏最大十分位 · 优先复核,52,1,A168_HF9F_20260827_0900,2026-08-27 09:00:00
ods_a168_game_demoipsetting,（未命中六源）,0,1,0,10,无从判（须逐表验货）,ods_mariadb_2b,v1.0.1 六族表名正则 ＋ 三列性质判别（含编码式列名 betNN／memNNN／ageNNN／lmcNN）,2026-08-31 15:50:53,13436093473.3333,12101545164.6445,225932201.2126,124713543,6048562,-0.01681532,-0.01652984,-0.01689755,-0.01742716,-225932201.2126,13436093473.3333,OK,8220755.8918,9199860.2962,4.0013,95.9987,AG03-UNRESOLVED,ALL5_LEVELS_bet23_to_bet27,9199860.2962,9381979.6473,9615816.7414,9858968.4371,9338000.0461,4.001283,4.042136,4.252868,4.666985,4.496035,95.998717,95.957864,95.747132,95.333015,95.503965,4.9901,47394625.1681,43234853.3832,170316820.1526,174476591.9375,PENDING_AG03,FALSE,NOT_FOR_ENFORCEMENT,216732340.9164,11606300486.2161,217711445.3207,208511585.0246,979104.4043,0.01620348,0.01551877,9199860.2962,208511585.0246,0.01551877,9199860.2962,9381979.6473,9615816.7414,9858968.4371,9338000.0461,208511585.0246,0.01551877,47394625.1681,43234853.3832,170316820.1526,174476591.9375,0.01267607,0.01298566,0.00007287,107.7356,2000.7309,37.3530,1625411.5195,1831.5313,96662542.9736,43514.8345,113.5121,106.1793,5.1431,15.4907,52.3519,179.9915,345.4192,1499.4027,12.8578,-2.2009,22.298537,96.793939,6.954874,30,300,1326575,23,0.22362557,0.01681532,0.01652984,0.00067931,0.040378,0.900674,0.077531,0.00036771,2026-03-21,2026-08-06,139,123357,4007,139,1.000000,1.069061,1.053617,0.745419,2,0.0,0.0,0.0,0.0,0.0,0.0,n_rounds>=30,131,131,PERCENT_RANK_OVER_ORDER_BY_e_stake,HF9f,OK,L1_POWERED,0.0007571,A 净亏最大十分位 · 优先复核,53,1,A168_HF9F_20260827_0900,2026-08-27 09:00:00
ods_a168_game_info,（未命中六源）,0,1,1,23,无从判（须逐表验货）,ods_mariadb_2b,v1.0.1 六族表名正则 ＋ 三列性质判别（含编码式列名 betNN／memNNN／ageNNN／lmcNN）,2026-08-31 15:50:53,13436093473.3333,12101545164.6445,225932201.2126,124713543,6048562,-0.01681532,-0.01652984,-0.01689755,-0.01742716,-225932201.2126,13436093473.3333,OK,8220755.8918,9199860.2962,4.0013,95.9987,AG03-UNRESOLVED,ALL5_LEVELS_bet23_to_bet27,9199860.2962,9381979.6473,9615816.7414,9858968.4371,9338000.0461,4.001283,4.042136,4.252868,4.666985,4.496035,95.998717,95.957864,95.747132,95.333015,95.503965,4.9901,47394625.1681,43234853.3832,170316820.1526,174476591.9375,PENDING_AG03,FALSE,NOT_FOR_ENFORCEMENT,216732340.9164,11606300486.2161,217711445.3207,208511585.0246,979104.4043,0.01620348,0.01551877,9199860.2962,208511585.0246,0.01551877,9199860.2962,9381979.6473,9615816.7414,9858968.4371,9338000.0461,208511585.0246,0.01551877,47394625.1681,43234853.3832,170316820.1526,174476591.9375,0.01267607,0.01298566,0.00007287,107.7356,2000.7309,37.3530,1625411.5195,1831.5313,96662542.9736,43514.8345,113.5121,106.1793,5.1431,15.4907,52.3519,179.9915,345.4192,1499.4027,12.8578,-2.2009,22.298537,96.793939,6.954874,30,300,1326575,23,0.22362557,0.01681532,0.01652984,0.00067931,0.040378,0.900674,0.077531,0.00036771,2026-03-21,2026-08-06,139,123357,4007,139,1.000000,1.069061,1.053617,0.745419,4,0.0,0.0,0.0,0.0,0.0,0.0,n_rounds>=30,131,131,PERCENT_RANK_OVER_ORDER_BY_e_stake,HF9f,OK,L1_POWERED,0.0007571,A 净亏最大十分位 · 优先复核,54,1,A168_HF9F_20260827_0900,2026-08-27 09:00:00
ods_a168_game_info_verify,（未命中六源）,0,1,0,13,无从判（须逐表验货）,ods_mariadb_2b,v1.0.1 六族表名正则 ＋ 三列性质判别（含编码式列名 betNN／memNNN／ageNNN／lmcNN）,2026-08-31 15:50:53,13436093473.3333,12101545164.6445,225932201.2126,124713543,6048562,-0.01681532,-0.01652984,-0.01689755,-0.01742716,-225932201.2126,13436093473.3333,OK,8220755.8918,9199860.2962,4.0013,95.9987,AG03-UNRESOLVED,ALL5_LEVELS_bet23_to_bet27,9199860.2962,9381979.6473,9615816.7414,9858968.4371,9338000.0461,4.001283,4.042136,4.252868,4.666985,4.496035,95.998717,95.957864,95.747132,95.333015,95.503965,4.9901,47394625.1681,43234853.3832,170316820.1526,174476591.9375,PENDING_AG03,FALSE,NOT_FOR_ENFORCEMENT,216732340.9164,11606300486.2161,217711445.3207,208511585.0246,979104.4043,0.01620348,0.01551877,9199860.2962,208511585.0246,0.01551877,9199860.2962,9381979.6473,9615816.7414,9858968.4371,9338000.0461,208511585.0246,0.01551877,47394625.1681,43234853.3832,170316820.1526,174476591.9375,0.01267607,0.01298566,0.00007287,107.7356,2000.7309,37.3530,1625411.5195,1831.5313,96662542.9736,43514.8345,113.5121,106.1793,5.1431,15.4907,52.3519,179.9915,345.4192,1499.4027,12.8578,-2.2009,22.298537,96.793939,6.954874,30,300,1326575,23,0.22362557,0.01681532,0.01652984,0.00067931,0.040378,0.900674,0.077531,0.00036771,2026-03-21,2026-08-06,139,123357,4007,139,1.000000,1.069061,1.053617,0.745419,1,0.0,0.0,0.0,0.0,0.0,0.0,n_rounds>=30,131,131,PERCENT_RANK_OVER_ORDER_BY_e_stake,HF9f,OK,L1_POWERED,0.0007571,A 净亏最大十分位 · 优先复核,55,1,A168_HF9F_20260827_0900,2026-08-27 09:00:00
ods_a168_game_log,H-SRC-06 日志／变更留痕,0,1,0,26,无从判（须逐表验货）,ods_mariadb_2b,v1.0.1 六族表名正则 ＋ 三列性质判别（含编码式列名 betNN／memNNN／ageNNN／lmcNN）,2026-08-31 15:50:53,13436093473.3333,12101545164.6445,225932201.2126,124713543,6048562,-0.01681532,-0.01652984,-0.01689755,-0.01742716,-225932201.2126,13436093473.3333,OK,8220755.8918,9199860.2962,4.0013,95.9987,AG03-UNRESOLVED,ALL5_LEVELS_bet23_to_bet27,9199860.2962,9381979.6473,9615816.7414,9858968.4371,9338000.0461,4.001283,4.042136,4.252868,4.666985,4.496035,95.998717,95.957864,95.747132,95.333015,95.503965,4.9901,47394625.1681,43234853.3832,170316820.1526,174476591.9375,PENDING_AG03,FALSE,NOT_FOR_ENFORCEMENT,216732340.9164,11606300486.2161,217711445.3207,208511585.0246,979104.4043,0.01620348,0.01551877,9199860.2962,208511585.0246,0.01551877,9199860.2962,9381979.6473,9615816.7414,9858968.4371,9338000.0461,208511585.0246,0.01551877,47394625.1681,43234853.3832,170316820.1526,174476591.9375,0.01267607,0.01298566,0.00007287,107.7356,2000.7309,37.3530,1625411.5195,1831.5313,96662542.9736,43514.8345,113.5121,106.1793,5.1431,15.4907,52.3519,179.9915,345.4192,1499.4027,12.8578,-2.2009,22.298537,96.793939,6.954874,30,300,1326575,23,0.22362557,0.01681532,0.01652984,0.00067931,0.040378,0.900674,0.077531,0.00036771,2026-03-21,2026-08-06,139,123357,4007,139,1.000000,1.069061,1.053617,0.745419,4,0.0,0.0,0.0,0.0,0.0,0.0,n_rounds>=30,131,131,PERCENT_RANK_OVER_ORDER_BY_e_stake,HF9f,OK,L1_POWERED,0.0007571,A 净亏最大十分位 · 优先复核,56,1,A168_HF9F_20260827_0900,2026-08-27 09:00:00
ods_a168_game_parame,（未命中六源）,0,1,0,10,无从判（须逐表验货）,ods_mariadb_2b,v1.0.1 六族表名正则 ＋ 三列性质判别（含编码式列名 betNN／memNNN／ageNNN／lmcNN）,2026-08-31 15:50:53,13436093473.3333,12101545164.6445,225932201.2126,124713543,6048562,-0.01681532,-0.01652984,-0.01689755,-0.01742716,-225932201.2126,13436093473.3333,OK,8220755.8918,9199860.2962,4.0013,95.9987,AG03-UNRESOLVED,ALL5_LEVELS_bet23_to_bet27,9199860.2962,9381979.6473,9615816.7414,9858968.4371,9338000.0461,4.001283,4.042136,4.252868,4.666985,4.496035,95.998717,95.957864,95.747132,95.333015,95.503965,4.9901,47394625.1681,43234853.3832,170316820.1526,174476591.9375,PENDING_AG03,FALSE,NOT_FOR_ENFORCEMENT,216732340.9164,11606300486.2161,217711445.3207,208511585.0246,979104.4043,0.01620348,0.01551877,9199860.2962,208511585.0246,0.01551877,9199860.2962,9381979.6473,9615816.7414,9858968.4371,9338000.0461,208511585.0246,0.01551877,47394625.1681,43234853.3832,170316820.1526,174476591.9375,0.01267607,0.01298566,0.00007287,107.7356,2000.7309,37.3530,1625411.5195,1831.5313,96662542.9736,43514.8345,113.5121,106.1793,5.1431,15.4907,52.3519,179.9915,345.4192,1499.4027,12.8578,-2.2009,22.298537,96.793939,6.954874,30,300,1326575,23,0.22362557,0.01681532,0.01652984,0.00067931,0.040378,0.900674,0.077531,0.00036771,2026-03-21,2026-08-06,139,123357,4007,139,1.000000,1.069061,1.053617,0.745419,3,0.0,0.0,0.0,0.0,0.0,0.0,n_rounds>=30,131,131,PERCENT_RANK_OVER_ORDER_BY_e_stake,HF9f,OK,L1_POWERED,0.0007571,A 净亏最大十分位 · 优先复核,57,1,A168_HF9F_20260827_0900,2026-08-27 09:00:00
ods_a168_game_result,（未命中六源）,0,1,0,11,无从判（须逐表验货）,ods_mariadb_2b,v1.0.1 六族表名正则 ＋ 三列性质判别（含编码式列名 betNN／memNNN／ageNNN／lmcNN）,2026-08-31 15:50:53,13436093473.3333,12101545164.6445,225932201.2126,124713543,6048562,-0.01681532,-0.01652984,-0.01689755,-0.01742716,-225932201.2126,13436093473.3333,OK,8220755.8918,9199860.2962,4.0013,95.9987,AG03-UNRESOLVED,ALL5_LEVELS_bet23_to_bet27,9199860.2962,9381979.6473,9615816.7414,9858968.4371,9338000.0461,4.001283,4.042136,4.252868,4.666985,4.496035,95.998717,95.957864,95.747132,95.333015,95.503965,4.9901,47394625.1681,43234853.3832,170316820.1526,174476591.9375,PENDING_AG03,FALSE,NOT_FOR_ENFORCEMENT,216732340.9164,11606300486.2161,217711445.3207,208511585.0246,979104.4043,0.01620348,0.01551877,9199860.2962,208511585.0246,0.01551877,9199860.2962,9381979.6473,9615816.7414,9858968.4371,9338000.0461,208511585.0246,0.01551877,47394625.1681,43234853.3832,170316820.1526,174476591.9375,0.01267607,0.01298566,0.00007287,107.7356,2000.7309,37.3530,1625411.5195,1831.5313,96662542.9736,43514.8345,113.5121,106.1793,5.1431,15.4907,52.3519,179.9915,345.4192,1499.4027,12.8578,-2.2009,22.298537,96.793939,6.954874,30,300,1326575,23,0.22362557,0.01681532,0.01652984,0.00067931,0.040378,0.900674,0.077531,0.00036771,2026-03-21,2026-08-06,139,123357,4007,139,1.000000,1.069061,1.053617,0.745419,3,0.0,0.0,0.0,0.0,0.0,0.0,n_rounds>=30,131,131,PERCENT_RANK_OVER_ORDER_BY_e_stake,HF9f,OK,L1_POWERED,0.0007571,A 净亏最大十分位 · 优先复核,58,1,A168_HF9F_20260827_0900,2026-08-27 09:00:00
ods_a168_game_statistics,（未命中六源）,0,1,0,11,无从判（须逐表验货）,ods_mariadb_2b,v1.0.1 六族表名正则 ＋ 三列性质判别（含编码式列名 betNN／memNNN／ageNNN／lmcNN）,2026-08-31 15:50:53,13436093473.3333,12101545164.6445,225932201.2126,124713543,6048562,-0.01681532,-0.01652984,-0.01689755,-0.01742716,-225932201.2126,13436093473.3333,OK,8220755.8918,9199860.2962,4.0013,95.9987,AG03-UNRESOLVED,ALL5_LEVELS_bet23_to_bet27,9199860.2962,9381979.6473,9615816.7414,9858968.4371,9338000.0461,4.001283,4.042136,4.252868,4.666985,4.496035,95.998717,95.957864,95.747132,95.333015,95.503965,4.9901,47394625.1681,43234853.3832,170316820.1526,174476591.9375,PENDING_AG03,FALSE,NOT_FOR_ENFORCEMENT,216732340.9164,11606300486.2161,217711445.3207,208511585.0246,979104.4043,0.01620348,0.01551877,9199860.2962,208511585.0246,0.01551877,9199860.2962,9381979.6473,9615816.7414,9858968.4371,9338000.0461,208511585.0246,0.01551877,47394625.1681,43234853.3832,170316820.1526,174476591.9375,0.01267607,0.01298566,0.00007287,107.7356,2000.7309,37.3530,1625411.5195,1831.5313,96662542.9736,43514.8345,113.5121,106.1793,5.1431,15.4907,52.3519,179.9915,345.4192,1499.4027,12.8578,-2.2009,22.298537,96.793939,6.954874,30,300,1326575,23,0.22362557,0.01681532,0.01652984,0.00067931,0.040378,0.900674,0.077531,0.00036771,2026-03-21,2026-08-06,139,123357,4007,139,1.000000,1.069061,1.053617,0.745419,5,0.0,0.0,0.0,0.0,0.0,0.0,n_rounds>=30,131,131,PERCENT_RANK_OVER_ORDER_BY_e_stake,HF9f,OK,L1_POWERED,0.0007571,A 净亏最大十分位 · 优先复核,59,1,A168_HF9F_20260827_0900,2026-08-27 09:00:00
ods_a168_game_tip,（未命中六源）,0,1,1,8,无从判（须逐表验货）,ods_mariadb_2b,v1.0.1 六族表名正则 ＋ 三列性质判别（含编码式列名 betNN／memNNN／ageNNN／lmcNN）,2026-08-31 15:50:53,13436093473.3333,12101545164.6445,225932201.2126,124713543,6048562,-0.01681532,-0.01652984,-0.01689755,-0.01742716,-225932201.2126,13436093473.3333,OK,8220755.8918,9199860.2962,4.0013,95.9987,AG03-UNRESOLVED,ALL5_LEVELS_bet23_to_bet27,9199860.2962,9381979.6473,9615816.7414,9858968.4371,9338000.0461,4.001283,4.042136,4.252868,4.666985,4.496035,95.998717,95.957864,95.747132,95.333015,95.503965,4.9901,47394625.1681,43234853.3832,170316820.1526,174476591.9375,PENDING_AG03,FALSE,NOT_FOR_ENFORCEMENT,216732340.9164,11606300486.2161,217711445.3207,208511585.0246,979104.4043,0.01620348,0.01551877,9199860.2962,208511585.0246,0.01551877,9199860.2962,9381979.6473,9615816.7414,9858968.4371,9338000.0461,208511585.0246,0.01551877,47394625.1681,43234853.3832,170316820.1526,174476591.9375,0.01267607,0.01298566,0.00007287,107.7356,2000.7309,37.3530,1625411.5195,1831.5313,96662542.9736,43514.8345,113.5121,106.1793,5.1431,15.4907,52.3519,179.9915,345.4192,1499.4027,12.8578,-2.2009,22.298537,96.793939,6.954874,30,300,1326575,23,0.22362557,0.01681532,0.01652984,0.00067931,0.040378,0.900674,0.077531,0.00036771,2026-03-21,2026-08-06,139,123357,4007,139,1.000000,1.069061,1.053617,0.745419,2,0.0,0.0,0.0,0.0,0.0,0.0,n_rounds>=30,131,131,PERCENT_RANK_OVER_ORDER_BY_e_stake,HF9f,OK,L1_POWERED,0.0007571,A 净亏最大十分位 · 优先复核,60,1,A168_HF9F_20260827_0900,2026-08-27 09:00:00
ods_a168_game_transfer,（未命中六源）,0,1,0,12,无从判（须逐表验货）,ods_mariadb_2b,v1.0.1 六族表名正则 ＋ 三列性质判别（含编码式列名 betNN／memNNN／ageNNN／lmcNN）,2026-08-31 15:50:53,13436093473.3333,12101545164.6445,225932201.2126,124713543,6048562,-0.01681532,-0.01652984,-0.01689755,-0.01742716,-225932201.2126,13436093473.3333,OK,8220755.8918,9199860.2962,4.0013,95.9987,AG03-UNRESOLVED,ALL5_LEVELS_bet23_to_bet27,9199860.2962,9381979.6473,9615816.7414,9858968.4371,9338000.0461,4.001283,4.042136,4.252868,4.666985,4.496035,95.998717,95.957864,95.747132,95.333015,95.503965,4.9901,47394625.1681,43234853.3832,170316820.1526,174476591.9375,PENDING_AG03,FALSE,NOT_FOR_ENFORCEMENT,216732340.9164,11606300486.2161,217711445.3207,208511585.0246,979104.4043,0.01620348,0.01551877,9199860.2962,208511585.0246,0.01551877,9199860.2962,9381979.6473,9615816.7414,9858968.4371,9338000.0461,208511585.0246,0.01551877,47394625.1681,43234853.3832,170316820.1526,174476591.9375,0.01267607,0.01298566,0.00007287,107.7356,2000.7309,37.3530,1625411.5195,1831.5313,96662542.9736,43514.8345,113.5121,106.1793,5.1431,15.4907,52.3519,179.9915,345.4192,1499.4027,12.8578,-2.2009,22.298537,96.793939,6.954874,30,300,1326575,23,0.22362557,0.01681532,0.01652984,0.00067931,0.040378,0.900674,0.077531,0.00036771,2026-03-21,2026-08-06,139,123357,4007,139,1.000000,1.069061,1.053617,0.745419,1,0.0,0.0,0.0,0.0,0.0,0.0,n_rounds>=30,131,131,PERCENT_RANK_OVER_ORDER_BY_e_stake,HF9f,OK,L1_POWERED,0.0007571,A 净亏最大十分位 · 优先复核,61,1,A168_HF9F_20260827_0900,2026-08-27 09:00:00
ods_a168_game_type,（未命中六源）,0,1,0,28,无从判（须逐表验货）,ods_mariadb_2b,v1.0.1 六族表名正则 ＋ 三列性质判别（含编码式列名 betNN／memNNN／ageNNN／lmcNN）,2026-08-31 15:50:53,13436093473.3333,12101545164.6445,225932201.2126,124713543,6048562,-0.01681532,-0.01652984,-0.01689755,-0.01742716,-225932201.2126,13436093473.3333,OK,8220755.8918,9199860.2962,4.0013,95.9987,AG03-UNRESOLVED,ALL5_LEVELS_bet23_to_bet27,9199860.2962,9381979.6473,9615816.7414,9858968.4371,9338000.0461,4.001283,4.042136,4.252868,4.666985,4.496035,95.998717,95.957864,95.747132,95.333015,95.503965,4.9901,47394625.1681,43234853.3832,170316820.1526,174476591.9375,PENDING_AG03,FALSE,NOT_FOR_ENFORCEMENT,216732340.9164,11606300486.2161,217711445.3207,208511585.0246,979104.4043,0.01620348,0.01551877,9199860.2962,208511585.0246,0.01551877,9199860.2962,9381979.6473,9615816.7414,9858968.4371,9338000.0461,208511585.0246,0.01551877,47394625.1681,43234853.3832,170316820.1526,174476591.9375,0.01267607,0.01298566,0.00007287,107.7356,2000.7309,37.3530,1625411.5195,1831.5313,96662542.9736,43514.8345,113.5121,106.1793,5.1431,15.4907,52.3519,179.9915,345.4192,1499.4027,12.8578,-2.2009,22.298537,96.793939,6.954874,30,300,1326575,23,0.22362557,0.01681532,0.01652984,0.00067931,0.040378,0.900674,0.077531,0.00036771,2026-03-21,2026-08-06,139,123357,4007,139,1.000000,1.069061,1.053617,0.745419,2,0.0,0.0,0.0,0.0,0.0,0.0,n_rounds>=30,131,131,PERCENT_RANK_OVER_ORDER_BY_e_stake,HF9f,OK,L1_POWERED,0.0007571,A 净亏最大十分位 · 优先复核,62,1,A168_HF9F_20260827_0900,2026-08-27 09:00:00
ods_a168_in_out_m,（未命中六源）,0,1,0,16,无从判（须逐表验货）,ods_mariadb_2b,v1.0.1 六族表名正则 ＋ 三列性质判别（含编码式列名 betNN／memNNN／ageNNN／lmcNN）,2026-08-31 15:50:53,13436093473.3333,12101545164.6445,225932201.2126,124713543,6048562,-0.01681532,-0.01652984,-0.01689755,-0.01742716,-225932201.2126,13436093473.3333,OK,8220755.8918,9199860.2962,4.0013,95.9987,AG03-UNRESOLVED,ALL5_LEVELS_bet23_to_bet27,9199860.2962,9381979.6473,9615816.7414,9858968.4371,9338000.0461,4.001283,4.042136,4.252868,4.666985,4.496035,95.998717,95.957864,95.747132,95.333015,95.503965,4.9901,47394625.1681,43234853.3832,170316820.1526,174476591.9375,PENDING_AG03,FALSE,NOT_FOR_ENFORCEMENT,216732340.9164,11606300486.2161,217711445.3207,208511585.0246,979104.4043,0.01620348,0.01551877,9199860.2962,208511585.0246,0.01551877,9199860.2962,9381979.6473,9615816.7414,9858968.4371,9338000.0461,208511585.0246,0.01551877,47394625.1681,43234853.3832,170316820.1526,174476591.9375,0.01267607,0.01298566,0.00007287,107.7356,2000.7309,37.3530,1625411.5195,1831.5313,96662542.9736,43514.8345,113.5121,106.1793,5.1431,15.4907,52.3519,179.9915,345.4192,1499.4027,12.8578,-2.2009,22.298537,96.793939,6.954874,30,300,1326575,23,0.22362557,0.01681532,0.01652984,0.00067931,0.040378,0.900674,0.077531,0.00036771,2026-03-21,2026-08-06,139,123357,4007,139,1.000000,1.069061,1.053617,0.745419,4,0.0,0.0,0.0,0.0,0.0,0.0,n_rounds>=30,131,131,PERCENT_RANK_OVER_ORDER_BY_e_stake,HF9f,OK,L1_POWERED,0.0007571,A 净亏最大十分位 · 优先复核,63,1,A168_HF9F_20260827_0900,2026-08-27 09:00:00
ods_a168_in_out_m_chip,（未命中六源）,0,1,0,16,无从判（须逐表验货）,ods_mariadb_2b,v1.0.1 六族表名正则 ＋ 三列性质判别（含编码式列名 betNN／memNNN／ageNNN／lmcNN）,2026-08-31 15:50:53,13436093473.3333,12101545164.6445,225932201.2126,124713543,6048562,-0.01681532,-0.01652984,-0.01689755,-0.01742716,-225932201.2126,13436093473.3333,OK,8220755.8918,9199860.2962,4.0013,95.9987,AG03-UNRESOLVED,ALL5_LEVELS_bet23_to_bet27,9199860.2962,9381979.6473,9615816.7414,9858968.4371,9338000.0461,4.001283,4.042136,4.252868,4.666985,4.496035,95.998717,95.957864,95.747132,95.333015,95.503965,4.9901,47394625.1681,43234853.3832,170316820.1526,174476591.9375,PENDING_AG03,FALSE,NOT_FOR_ENFORCEMENT,216732340.9164,11606300486.2161,217711445.3207,208511585.0246,979104.4043,0.01620348,0.01551877,9199860.2962,208511585.0246,0.01551877,9199860.2962,9381979.6473,9615816.7414,9858968.4371,9338000.0461,208511585.0246,0.01551877,47394625.1681,43234853.3832,170316820.1526,174476591.9375,0.01267607,0.01298566,0.00007287,107.7356,2000.7309,37.3530,1625411.5195,1831.5313,96662542.9736,43514.8345,113.5121,106.1793,5.1431,15.4907,52.3519,179.9915,345.4192,1499.4027,12.8578,-2.2009,22.298537,96.793939,6.954874,30,300,1326575,23,0.22362557,0.01681532,0.01652984,0.00067931,0.040378,0.900674,0.077531,0.00036771,2026-03-21,2026-08-06,139,123357,4007,139,1.000000,1.069061,1.053617,0.745419,5,0.0,0.0,0.0,0.0,0.0,0.0,n_rounds>=30,131,131,PERCENT_RANK_OVER_ORDER_BY_e_stake,HF9f,OK,L1_POWERED,0.0007571,A 净亏最大十分位 · 优先复核,64,1,A168_HF9F_20260827_0900,2026-08-27 09:00:00
ods_a168_ipblacklist,（未命中六源）,0,1,0,12,无从判（须逐表验货）,ods_mariadb_2b,v1.0.1 六族表名正则 ＋ 三列性质判别（含编码式列名 betNN／memNNN／ageNNN／lmcNN）,2026-08-31 15:50:53,13436093473.3333,12101545164.6445,225932201.2126,124713543,6048562,-0.01681532,-0.01652984,-0.01689755,-0.01742716,-225932201.2126,13436093473.3333,OK,8220755.8918,9199860.2962,4.0013,95.9987,AG03-UNRESOLVED,ALL5_LEVELS_bet23_to_bet27,9199860.2962,9381979.6473,9615816.7414,9858968.4371,9338000.0461,4.001283,4.042136,4.252868,4.666985,4.496035,95.998717,95.957864,95.747132,95.333015,95.503965,4.9901,47394625.1681,43234853.3832,170316820.1526,174476591.9375,PENDING_AG03,FALSE,NOT_FOR_ENFORCEMENT,216732340.9164,11606300486.2161,217711445.3207,208511585.0246,979104.4043,0.01620348,0.01551877,9199860.2962,208511585.0246,0.01551877,9199860.2962,9381979.6473,9615816.7414,9858968.4371,9338000.0461,208511585.0246,0.01551877,47394625.1681,43234853.3832,170316820.1526,174476591.9375,0.01267607,0.01298566,0.00007287,107.7356,2000.7309,37.3530,1625411.5195,1831.5313,96662542.9736,43514.8345,113.5121,106.1793,5.1431,15.4907,52.3519,179.9915,345.4192,1499.4027,12.8578,-2.2009,22.298537,96.793939,6.954874,30,300,1326575,23,0.22362557,0.01681532,0.01652984,0.00067931,0.040378,0.900674,0.077531,0.00036771,2026-03-21,2026-08-06,139,123357,4007,139,1.000000,1.069061,1.053617,0.745419,1,0.0,0.0,0.0,0.0,0.0,0.0,n_rounds>=30,131,131,PERCENT_RANK_OVER_ORDER_BY_e_stake,HF9f,OK,L1_POWERED,0.0007571,A 净亏最大十分位 · 优先复核,65,1,A168_HF9F_20260827_0900,2026-08-27 09:00:00
ods_a168_iphistory,H-SRC-06 日志／变更留痕,1,1,0,12,事件表候选（无金额）,ods_mariadb_2b,v1.0.1 六族表名正则 ＋ 三列性质判别（含编码式列名 betNN／memNNN／ageNNN／lmcNN）,2026-08-31 15:50:53,13436093473.3333,12101545164.6445,225932201.2126,124713543,6048562,-0.01681532,-0.01652984,-0.01689755,-0.01742716,-225932201.2126,13436093473.3333,OK,8220755.8918,9199860.2962,4.0013,95.9987,AG03-UNRESOLVED,ALL5_LEVELS_bet23_to_bet27,9199860.2962,9381979.6473,9615816.7414,9858968.4371,9338000.0461,4.001283,4.042136,4.252868,4.666985,4.496035,95.998717,95.957864,95.747132,95.333015,95.503965,4.9901,47394625.1681,43234853.3832,170316820.1526,174476591.9375,PENDING_AG03,FALSE,NOT_FOR_ENFORCEMENT,216732340.9164,11606300486.2161,217711445.3207,208511585.0246,979104.4043,0.01620348,0.01551877,9199860.2962,208511585.0246,0.01551877,9199860.2962,9381979.6473,9615816.7414,9858968.4371,9338000.0461,208511585.0246,0.01551877,47394625.1681,43234853.3832,170316820.1526,174476591.9375,0.01267607,0.01298566,0.00007287,107.7356,2000.7309,37.3530,1625411.5195,1831.5313,96662542.9736,43514.8345,113.5121,106.1793,5.1431,15.4907,52.3519,179.9915,345.4192,1499.4027,12.8578,-2.2009,22.298537,96.793939,6.954874,30,300,1326575,23,0.22362557,0.01681532,0.01652984,0.00067931,0.040378,0.900674,0.077531,0.00036771,2026-03-21,2026-08-06,139,123357,4007,139,1.000000,1.069061,1.053617,0.745419,5,0.0,0.0,0.0,0.0,0.0,0.0,n_rounds>=30,131,131,PERCENT_RANK_OVER_ORDER_BY_e_stake,HF9f,OK,L1_POWERED,0.0007571,A 净亏最大十分位 · 优先复核,66,1,A168_HF9F_20260827_0900,2026-08-27 09:00:00
ods_a168_jackpot,（未命中六源）,0,1,0,17,无从判（须逐表验货）,ods_mariadb_2b,v1.0.1 六族表名正则 ＋ 三列性质判别（含编码式列名 betNN／memNNN／ageNNN／lmcNN）,2026-08-31 15:50:53,13436093473.3333,12101545164.6445,225932201.2126,124713543,6048562,-0.01681532,-0.01652984,-0.01689755,-0.01742716,-225932201.2126,13436093473.3333,OK,8220755.8918,9199860.2962,4.0013,95.9987,AG03-UNRESOLVED,ALL5_LEVELS_bet23_to_bet27,9199860.2962,9381979.6473,9615816.7414,9858968.4371,9338000.0461,4.001283,4.042136,4.252868,4.666985,4.496035,95.998717,95.957864,95.747132,95.333015,95.503965,4.9901,47394625.1681,43234853.3832,170316820.1526,174476591.9375,PENDING_AG03,FALSE,NOT_FOR_ENFORCEMENT,216732340.9164,11606300486.2161,217711445.3207,208511585.0246,979104.4043,0.01620348,0.01551877,9199860.2962,208511585.0246,0.01551877,9199860.2962,9381979.6473,9615816.7414,9858968.4371,9338000.0461,208511585.0246,0.01551877,47394625.1681,43234853.3832,170316820.1526,174476591.9375,0.01267607,0.01298566,0.00007287,107.7356,2000.7309,37.3530,1625411.5195,1831.5313,96662542.9736,43514.8345,113.5121,106.1793,5.1431,15.4907,52.3519,179.9915,345.4192,1499.4027,12.8578,-2.2009,22.298537,96.793939,6.954874,30,300,1326575,23,0.22362557,0.01681532,0.01652984,0.00067931,0.040378,0.900674,0.077531,0.00036771,2026-03-21,2026-08-06,139,123357,4007,139,1.000000,1.069061,1.053617,0.745419,3,0.0,0.0,0.0,0.0,0.0,0.0,n_rounds>=30,131,131,PERCENT_RANK_OVER_ORDER_BY_e_stake,HF9f,OK,L1_POWERED,0.0007571,A 净亏最大十分位 · 优先复核,67,1,A168_HF9F_20260827_0900,2026-08-27 09:00:00
ods_a168_keyserver_command,（未命中六源）,0,1,0,12,无从判（须逐表验货）,ods_mariadb_2b,v1.0.1 六族表名正则 ＋ 三列性质判别（含编码式列名 betNN／memNNN／ageNNN／lmcNN）,2026-08-31 15:50:53,13436093473.3333,12101545164.6445,225932201.2126,124713543,6048562,-0.01681532,-0.01652984,-0.01689755,-0.01742716,-225932201.2126,13436093473.3333,OK,8220755.8918,9199860.2962,4.0013,95.9987,AG03-UNRESOLVED,ALL5_LEVELS_bet23_to_bet27,9199860.2962,9381979.6473,9615816.7414,9858968.4371,9338000.0461,4.001283,4.042136,4.252868,4.666985,4.496035,95.998717,95.957864,95.747132,95.333015,95.503965,4.9901,47394625.1681,43234853.3832,170316820.1526,174476591.9375,PENDING_AG03,FALSE,NOT_FOR_ENFORCEMENT,216732340.9164,11606300486.2161,217711445.3207,208511585.0246,979104.4043,0.01620348,0.01551877,9199860.2962,208511585.0246,0.01551877,9199860.2962,9381979.6473,9615816.7414,9858968.4371,9338000.0461,208511585.0246,0.01551877,47394625.1681,43234853.3832,170316820.1526,174476591.9375,0.01267607,0.01298566,0.00007287,107.7356,2000.7309,37.3530,1625411.5195,1831.5313,96662542.9736,43514.8345,113.5121,106.1793,5.1431,15.4907,52.3519,179.9915,345.4192,1499.4027,12.8578,-2.2009,22.298537,96.793939,6.954874,30,300,1326575,23,0.22362557,0.01681532,0.01652984,0.00067931,0.040378,0.900674,0.077531,0.00036771,2026-03-21,2026-08-06,139,123357,4007,139,1.000000,1.069061,1.053617,0.745419,3,0.0,0.0,0.0,0.0,0.0,0.0,n_rounds>=30,131,131,PERCENT_RANK_OVER_ORDER_BY_e_stake,HF9f,OK,L1_POWERED,0.0007571,A 净亏最大十分位 · 优先复核,68,1,A168_HF9F_20260827_0900,2026-08-27 09:00:00
ods_a168_log_age_cash_change,H-SRC-01 支付／资金,0,1,1,19,无从判（须逐表验货）,ods_mariadb_2b,v1.0.1 六族表名正则 ＋ 三列性质判别（含编码式列名 betNN／memNNN／ageNNN／lmcNN）,2026-08-31 15:50:53,13436093473.3333,12101545164.6445,225932201.2126,124713543,6048562,-0.01681532,-0.01652984,-0.01689755,-0.01742716,-225932201.2126,13436093473.3333,OK,8220755.8918,9199860.2962,4.0013,95.9987,AG03-UNRESOLVED,ALL5_LEVELS_bet23_to_bet27,9199860.2962,9381979.6473,9615816.7414,9858968.4371,9338000.0461,4.001283,4.042136,4.252868,4.666985,4.496035,95.998717,95.957864,95.747132,95.333015,95.503965,4.9901,47394625.1681,43234853.3832,170316820.1526,174476591.9375,PENDING_AG03,FALSE,NOT_FOR_ENFORCEMENT,216732340.9164,11606300486.2161,217711445.3207,208511585.0246,979104.4043,0.01620348,0.01551877,9199860.2962,208511585.0246,0.01551877,9199860.2962,9381979.6473,9615816.7414,9858968.4371,9338000.0461,208511585.0246,0.01551877,47394625.1681,43234853.3832,170316820.1526,174476591.9375,0.01267607,0.01298566,0.00007287,107.7356,2000.7309,37.3530,1625411.5195,1831.5313,96662542.9736,43514.8345,113.5121,106.1793,5.1431,15.4907,52.3519,179.9915,345.4192,1499.4027,12.8578,-2.2009,22.298537,96.793939,6.954874,30,300,1326575,23,0.22362557,0.01681532,0.01652984,0.00067931,0.040378,0.900674,0.077531,0.00036771,2026-03-21,2026-08-06,139,123357,4007,139,1.000000,1.069061,1.053617,0.745419,4,0.0,0.0,0.0,0.0,0.0,0.0,n_rounds>=30,131,131,PERCENT_RANK_OVER_ORDER_BY_e_stake,HF9f,OK,L1_POWERED,0.0007571,A 净亏最大十分位 · 优先复核,69,1,A168_HF9F_20260827_0900,2026-08-27 09:00:00
ods_a168_log_mem_change,H-SRC-03 会员状态变更,1,1,0,17,事件表候选（无金额）,ods_mariadb_2b,v1.0.1 六族表名正则 ＋ 三列性质判别（含编码式列名 betNN／memNNN／ageNNN／lmcNN）,2026-08-31 15:50:53,13436093473.3333,12101545164.6445,225932201.2126,124713543,6048562,-0.01681532,-0.01652984,-0.01689755,-0.01742716,-225932201.2126,13436093473.3333,OK,8220755.8918,9199860.2962,4.0013,95.9987,AG03-UNRESOLVED,ALL5_LEVELS_bet23_to_bet27,9199860.2962,9381979.6473,9615816.7414,9858968.4371,9338000.0461,4.001283,4.042136,4.252868,4.666985,4.496035,95.998717,95.957864,95.747132,95.333015,95.503965,4.9901,47394625.1681,43234853.3832,170316820.1526,174476591.9375,PENDING_AG03,FALSE,NOT_FOR_ENFORCEMENT,216732340.9164,11606300486.2161,217711445.3207,208511585.0246,979104.4043,0.01620348,0.01551877,9199860.2962,208511585.0246,0.01551877,9199860.2962,9381979.6473,9615816.7414,9858968.4371,9338000.0461,208511585.0246,0.01551877,47394625.1681,43234853.3832,170316820.1526,174476591.9375,0.01267607,0.01298566,0.00007287,107.7356,2000.7309,37.3530,1625411.5195,1831.5313,96662542.9736,43514.8345,113.5121,106.1793,5.1431,15.4907,52.3519,179.9915,345.4192,1499.4027,12.8578,-2.2009,22.298537,96.793939,6.954874,30,300,1326575,23,0.22362557,0.01681532,0.01652984,0.00067931,0.040378,0.900674,0.077531,0.00036771,2026-03-21,2026-08-06,139,123357,4007,139,1.000000,1.069061,1.053617,0.745419,5,0.0,0.0,0.0,0.0,0.0,0.0,n_rounds>=30,131,131,PERCENT_RANK_OVER_ORDER_BY_e_stake,HF9f,OK,L1_POWERED,0.0007571,A 净亏最大十分位 · 优先复核,70,1,A168_HF9F_20260827_0900,2026-08-27 09:00:00
ods_a168_log_realtimebet,H-SRC-06 日志／变更留痕,0,1,1,12,无从判（须逐表验货）,ods_mariadb_2b,v1.0.1 六族表名正则 ＋ 三列性质判别（含编码式列名 betNN／memNNN／ageNNN／lmcNN）,2026-08-31 15:50:53,13436093473.3333,12101545164.6445,225932201.2126,124713543,6048562,-0.01681532,-0.01652984,-0.01689755,-0.01742716,-225932201.2126,13436093473.3333,OK,8220755.8918,9199860.2962,4.0013,95.9987,AG03-UNRESOLVED,ALL5_LEVELS_bet23_to_bet27,9199860.2962,9381979.6473,9615816.7414,9858968.4371,9338000.0461,4.001283,4.042136,4.252868,4.666985,4.496035,95.998717,95.957864,95.747132,95.333015,95.503965,4.9901,47394625.1681,43234853.3832,170316820.1526,174476591.9375,PENDING_AG03,FALSE,NOT_FOR_ENFORCEMENT,216732340.9164,11606300486.2161,217711445.3207,208511585.0246,979104.4043,0.01620348,0.01551877,9199860.2962,208511585.0246,0.01551877,9199860.2962,9381979.6473,9615816.7414,9858968.4371,9338000.0461,208511585.0246,0.01551877,47394625.1681,43234853.3832,170316820.1526,174476591.9375,0.01267607,0.01298566,0.00007287,107.7356,2000.7309,37.3530,1625411.5195,1831.5313,96662542.9736,43514.8345,113.5121,106.1793,5.1431,15.4907,52.3519,179.9915,345.4192,1499.4027,12.8578,-2.2009,22.298537,96.793939,6.954874,30,300,1326575,23,0.22362557,0.01681532,0.01652984,0.00067931,0.040378,0.900674,0.077531,0.00036771,2026-03-21,2026-08-06,139,123357,4007,139,1.000000,1.069061,1.053617,0.745419,2,0.0,0.0,0.0,0.0,0.0,0.0,n_rounds>=30,131,131,PERCENT_RANK_OVER_ORDER_BY_e_stake,HF9f,OK,L1_POWERED,0.0007571,A 净亏最大十分位 · 优先复核,71,1,A168_HF9F_20260827_0900,2026-08-27 09:00:00
ods_a168_mem_login,H-SRC-02 会话／登录,0,1,0,14,无从判（须逐表验货）,ods_mariadb_2b,v1.0.1 六族表名正则 ＋ 三列性质判别（含编码式列名 betNN／memNNN／ageNNN／lmcNN）,2026-08-31 15:50:53,13436093473.3333,12101545164.6445,225932201.2126,124713543,6048562,-0.01681532,-0.01652984,-0.01689755,-0.01742716,-225932201.2126,13436093473.3333,OK,8220755.8918,9199860.2962,4.0013,95.9987,AG03-UNRESOLVED,ALL5_LEVELS_bet23_to_bet27,9199860.2962,9381979.6473,9615816.7414,9858968.4371,9338000.0461,4.001283,4.042136,4.252868,4.666985,4.496035,95.998717,95.957864,95.747132,95.333015,95.503965,4.9901,47394625.1681,43234853.3832,170316820.1526,174476591.9375,PENDING_AG03,FALSE,NOT_FOR_ENFORCEMENT,216732340.9164,11606300486.2161,217711445.3207,208511585.0246,979104.4043,0.01620348,0.01551877,9199860.2962,208511585.0246,0.01551877,9199860.2962,9381979.6473,9615816.7414,9858968.4371,9338000.0461,208511585.0246,0.01551877,47394625.1681,43234853.3832,170316820.1526,174476591.9375,0.01267607,0.01298566,0.00007287,107.7356,2000.7309,37.3530,1625411.5195,1831.5313,96662542.9736,43514.8345,113.5121,106.1793,5.1431,15.4907,52.3519,179.9915,345.4192,1499.4027,12.8578,-2.2009,22.298537,96.793939,6.954874,30,300,1326575,23,0.22362557,0.01681532,0.01652984,0.00067931,0.040378,0.900674,0.077531,0.00036771,2026-03-21,2026-08-06,139,123357,4007,139,1.000000,1.069061,1.053617,0.745419,5,0.0,0.0,0.0,0.0,0.0,0.0,n_rounds>=30,131,131,PERCENT_RANK_OVER_ORDER_BY_e_stake,HF9f,OK,L1_POWERED,0.0007571,A 净亏最大十分位 · 优先复核,72,1,A168_HF9F_20260827_0900,2026-08-27 09:00:00
ods_a168_member,（未命中六源）,1,1,1,53,★ 事务表候选（三列俱备）,ods_mariadb_2b,v1.0.1 六族表名正则 ＋ 三列性质判别（含编码式列名 betNN／memNNN／ageNNN／lmcNN）,2026-08-31 15:50:53,13436093473.3333,12101545164.6445,225932201.2126,124713543,6048562,-0.01681532,-0.01652984,-0.01689755,-0.01742716,-225932201.2126,13436093473.3333,OK,8220755.8918,9199860.2962,4.0013,95.9987,AG03-UNRESOLVED,ALL5_LEVELS_bet23_to_bet27,9199860.2962,9381979.6473,9615816.7414,9858968.4371,9338000.0461,4.001283,4.042136,4.252868,4.666985,4.496035,95.998717,95.957864,95.747132,95.333015,95.503965,4.9901,47394625.1681,43234853.3832,170316820.1526,174476591.9375,PENDING_AG03,FALSE,NOT_FOR_ENFORCEMENT,216732340.9164,11606300486.2161,217711445.3207,208511585.0246,979104.4043,0.01620348,0.01551877,9199860.2962,208511585.0246,0.01551877,9199860.2962,9381979.6473,9615816.7414,9858968.4371,9338000.0461,208511585.0246,0.01551877,47394625.1681,43234853.3832,170316820.1526,174476591.9375,0.01267607,0.01298566,0.00007287,107.7356,2000.7309,37.3530,1625411.5195,1831.5313,96662542.9736,43514.8345,113.5121,106.1793,5.1431,15.4907,52.3519,179.9915,345.4192,1499.4027,12.8578,-2.2009,22.298537,96.793939,6.954874,30,300,1326575,23,0.22362557,0.01681532,0.01652984,0.00067931,0.040378,0.900674,0.077531,0.00036771,2026-03-21,2026-08-06,139,123357,4007,139,1.000000,1.069061,1.053617,0.745419,5,0.0,0.0,0.0,0.0,0.0,0.0,n_rounds>=30,131,131,PERCENT_RANK_OVER_ORDER_BY_e_stake,HF9f,OK,L1_POWERED,0.0007571,A 净亏最大十分位 · 优先复核,73,1,A168_HF9F_20260827_0900,2026-08-27 09:00:00
ods_a168_member_category,（未命中六源）,1,1,0,13,事件表候选（无金额）,ods_mariadb_2b,v1.0.1 六族表名正则 ＋ 三列性质判别（含编码式列名 betNN／memNNN／ageNNN／lmcNN）,2026-08-31 15:50:53,13436093473.3333,12101545164.6445,225932201.2126,124713543,6048562,-0.01681532,-0.01652984,-0.01689755,-0.01742716,-225932201.2126,13436093473.3333,OK,8220755.8918,9199860.2962,4.0013,95.9987,AG03-UNRESOLVED,ALL5_LEVELS_bet23_to_bet27,9199860.2962,9381979.6473,9615816.7414,9858968.4371,9338000.0461,4.001283,4.042136,4.252868,4.666985,4.496035,95.998717,95.957864,95.747132,95.333015,95.503965,4.9901,47394625.1681,43234853.3832,170316820.1526,174476591.9375,PENDING_AG03,FALSE,NOT_FOR_ENFORCEMENT,216732340.9164,11606300486.2161,217711445.3207,208511585.0246,979104.4043,0.01620348,0.01551877,9199860.2962,208511585.0246,0.01551877,9199860.2962,9381979.6473,9615816.7414,9858968.4371,9338000.0461,208511585.0246,0.01551877,47394625.1681,43234853.3832,170316820.1526,174476591.9375,0.01267607,0.01298566,0.00007287,107.7356,2000.7309,37.3530,1625411.5195,1831.5313,96662542.9736,43514.8345,113.5121,106.1793,5.1431,15.4907,52.3519,179.9915,345.4192,1499.4027,12.8578,-2.2009,22.298537,96.793939,6.954874,30,300,1326575,23,0.22362557,0.01681532,0.01652984,0.00067931,0.040378,0.900674,0.077531,0.00036771,2026-03-21,2026-08-06,139,123357,4007,139,1.000000,1.069061,1.053617,0.745419,3,0.0,0.0,0.0,0.0,0.0,0.0,n_rounds>=30,131,131,PERCENT_RANK_OVER_ORDER_BY_e_stake,HF9f,OK,L1_POWERED,0.0007571,A 净亏最大十分位 · 优先复核,74,1,A168_HF9F_20260827_0900,2026-08-27 09:00:00
ods_a168_member_click_counter,（未命中六源）,0,1,0,11,无从判（须逐表验货）,ods_mariadb_2b,v1.0.1 六族表名正则 ＋ 三列性质判别（含编码式列名 betNN／memNNN／ageNNN／lmcNN）,2026-08-31 15:50:53,13436093473.3333,12101545164.6445,225932201.2126,124713543,6048562,-0.01681532,-0.01652984,-0.01689755,-0.01742716,-225932201.2126,13436093473.3333,OK,8220755.8918,9199860.2962,4.0013,95.9987,AG03-UNRESOLVED,ALL5_LEVELS_bet23_to_bet27,9199860.2962,9381979.6473,9615816.7414,9858968.4371,9338000.0461,4.001283,4.042136,4.252868,4.666985,4.496035,95.998717,95.957864,95.747132,95.333015,95.503965,4.9901,47394625.1681,43234853.3832,170316820.1526,174476591.9375,PENDING_AG03,FALSE,NOT_FOR_ENFORCEMENT,216732340.9164,11606300486.2161,217711445.3207,208511585.0246,979104.4043,0.01620348,0.01551877,9199860.2962,208511585.0246,0.01551877,9199860.2962,9381979.6473,9615816.7414,9858968.4371,9338000.0461,208511585.0246,0.01551877,47394625.1681,43234853.3832,170316820.1526,174476591.9375,0.01267607,0.01298566,0.00007287,107.7356,2000.7309,37.3530,1625411.5195,1831.5313,96662542.9736,43514.8345,113.5121,106.1793,5.1431,15.4907,52.3519,179.9915,345.4192,1499.4027,12.8578,-2.2009,22.298537,96.793939,6.954874,30,300,1326575,23,0.22362557,0.01681532,0.01652984,0.00067931,0.040378,0.900674,0.077531,0.00036771,2026-03-21,2026-08-06,139,123357,4007,139,1.000000,1.069061,1.053617,0.745419,5,0.0,0.0,0.0,0.0,0.0,0.0,n_rounds>=30,131,131,PERCENT_RANK_OVER_ORDER_BY_e_stake,HF9f,OK,L1_POWERED,0.0007571,A 净亏最大十分位 · 优先复核,75,1,A168_HF9F_20260827_0900,2026-08-27 09:00:00
ods_a168_member_dtl,（未命中六源）,1,1,1,22,★ 事务表候选（三列俱备）,ods_mariadb_2b,v1.0.1 六族表名正则 ＋ 三列性质判别（含编码式列名 betNN／memNNN／ageNNN／lmcNN）,2026-08-31 15:50:53,13436093473.3333,12101545164.6445,225932201.2126,124713543,6048562,-0.01681532,-0.01652984,-0.01689755,-0.01742716,-225932201.2126,13436093473.3333,OK,8220755.8918,9199860.2962,4.0013,95.9987,AG03-UNRESOLVED,ALL5_LEVELS_bet23_to_bet27,9199860.2962,9381979.6473,9615816.7414,9858968.4371,9338000.0461,4.001283,4.042136,4.252868,4.666985,4.496035,95.998717,95.957864,95.747132,95.333015,95.503965,4.9901,47394625.1681,43234853.3832,170316820.1526,174476591.9375,PENDING_AG03,FALSE,NOT_FOR_ENFORCEMENT,216732340.9164,11606300486.2161,217711445.3207,208511585.0246,979104.4043,0.01620348,0.01551877,9199860.2962,208511585.0246,0.01551877,9199860.2962,9381979.6473,9615816.7414,9858968.4371,9338000.0461,208511585.0246,0.01551877,47394625.1681,43234853.3832,170316820.1526,174476591.9375,0.01267607,0.01298566,0.00007287,107.7356,2000.7309,37.3530,1625411.5195,1831.5313,96662542.9736,43514.8345,113.5121,106.1793,5.1431,15.4907,52.3519,179.9915,345.4192,1499.4027,12.8578,-2.2009,22.298537,96.793939,6.954874,30,300,1326575,23,0.22362557,0.01681532,0.01652984,0.00067931,0.040378,0.900674,0.077531,0.00036771,2026-03-21,2026-08-06,139,123357,4007,139,1.000000,1.069061,1.053617,0.745419,4,0.0,0.0,0.0,0.0,0.0,0.0,n_rounds>=30,131,131,PERCENT_RANK_OVER_ORDER_BY_e_stake,HF9f,OK,L1_POWERED,0.0007571,A 净亏最大十分位 · 优先复核,76,1,A168_HF9F_20260827_0900,2026-08-27 09:00:00
ods_a168_member_explosion_setting,（未命中六源）,0,1,0,13,无从判（须逐表验货）,ods_mariadb_2b,v1.0.1 六族表名正则 ＋ 三列性质判别（含编码式列名 betNN／memNNN／ageNNN／lmcNN）,2026-08-31 15:50:53,13436093473.3333,12101545164.6445,225932201.2126,124713543,6048562,-0.01681532,-0.01652984,-0.01689755,-0.01742716,-225932201.2126,13436093473.3333,OK,8220755.8918,9199860.2962,4.0013,95.9987,AG03-UNRESOLVED,ALL5_LEVELS_bet23_to_bet27,9199860.2962,9381979.6473,9615816.7414,9858968.4371,9338000.0461,4.001283,4.042136,4.252868,4.666985,4.496035,95.998717,95.957864,95.747132,95.333015,95.503965,4.9901,47394625.1681,43234853.3832,170316820.1526,174476591.9375,PENDING_AG03,FALSE,NOT_FOR_ENFORCEMENT,216732340.9164,11606300486.2161,217711445.3207,208511585.0246,979104.4043,0.01620348,0.01551877,9199860.2962,208511585.0246,0.01551877,9199860.2962,9381979.6473,9615816.7414,9858968.4371,9338000.0461,208511585.0246,0.01551877,47394625.1681,43234853.3832,170316820.1526,174476591.9375,0.01267607,0.01298566,0.00007287,107.7356,2000.7309,37.3530,1625411.5195,1831.5313,96662542.9736,43514.8345,113.5121,106.1793,5.1431,15.4907,52.3519,179.9915,345.4192,1499.4027,12.8578,-2.2009,22.298537,96.793939,6.954874,30,300,1326575,23,0.22362557,0.01681532,0.01652984,0.00067931,0.040378,0.900674,0.077531,0.00036771,2026-03-21,2026-08-06,139,123357,4007,139,1.000000,1.069061,1.053617,0.745419,2,0.0,0.0,0.0,0.0,0.0,0.0,n_rounds>=30,131,131,PERCENT_RANK_OVER_ORDER_BY_e_stake,HF9f,OK,L1_POWERED,0.0007571,A 净亏最大十分位 · 优先复核,77,1,A168_HF9F_20260827_0900,2026-08-27 09:00:00
ods_a168_member_odds,（未命中六源）,0,1,0,10,无从判（须逐表验货）,ods_mariadb_2b,v1.0.1 六族表名正则 ＋ 三列性质判别（含编码式列名 betNN／memNNN／ageNNN／lmcNN）,2026-08-31 15:50:53,13436093473.3333,12101545164.6445,225932201.2126,124713543,6048562,-0.01681532,-0.01652984,-0.01689755,-0.01742716,-225932201.2126,13436093473.3333,OK,8220755.8918,9199860.2962,4.0013,95.9987,AG03-UNRESOLVED,ALL5_LEVELS_bet23_to_bet27,9199860.2962,9381979.6473,9615816.7414,9858968.4371,9338000.0461,4.001283,4.042136,4.252868,4.666985,4.496035,95.998717,95.957864,95.747132,95.333015,95.503965,4.9901,47394625.1681,43234853.3832,170316820.1526,174476591.9375,PENDING_AG03,FALSE,NOT_FOR_ENFORCEMENT,216732340.9164,11606300486.2161,217711445.3207,208511585.0246,979104.4043,0.01620348,0.01551877,9199860.2962,208511585.0246,0.01551877,9199860.2962,9381979.6473,9615816.7414,9858968.4371,9338000.0461,208511585.0246,0.01551877,47394625.1681,43234853.3832,170316820.1526,174476591.9375,0.01267607,0.01298566,0.00007287,107.7356,2000.7309,37.3530,1625411.5195,1831.5313,96662542.9736,43514.8345,113.5121,106.1793,5.1431,15.4907,52.3519,179.9915,345.4192,1499.4027,12.8578,-2.2009,22.298537,96.793939,6.954874,30,300,1326575,23,0.22362557,0.01681532,0.01652984,0.00067931,0.040378,0.900674,0.077531,0.00036771,2026-03-21,2026-08-06,139,123357,4007,139,1.000000,1.069061,1.053617,0.745419,4,0.0,0.0,0.0,0.0,0.0,0.0,n_rounds>=30,131,131,PERCENT_RANK_OVER_ORDER_BY_e_stake,HF9f,OK,L1_POWERED,0.0007571,A 净亏最大十分位 · 优先复核,78,1,A168_HF9F_20260827_0900,2026-08-27 09:00:00
ods_a168_member_partner_account,（未命中六源）,1,1,0,12,事件表候选（无金额）,ods_mariadb_2b,v1.0.1 六族表名正则 ＋ 三列性质判别（含编码式列名 betNN／memNNN／ageNNN／lmcNN）,2026-08-31 15:50:53,13436093473.3333,12101545164.6445,225932201.2126,124713543,6048562,-0.01681532,-0.01652984,-0.01689755,-0.01742716,-225932201.2126,13436093473.3333,OK,8220755.8918,9199860.2962,4.0013,95.9987,AG03-UNRESOLVED,ALL5_LEVELS_bet23_to_bet27,9199860.2962,9381979.6473,9615816.7414,9858968.4371,9338000.0461,4.001283,4.042136,4.252868,4.666985,4.496035,95.998717,95.957864,95.747132,95.333015,95.503965,4.9901,47394625.1681,43234853.3832,170316820.1526,174476591.9375,PENDING_AG03,FALSE,NOT_FOR_ENFORCEMENT,216732340.9164,11606300486.2161,217711445.3207,208511585.0246,979104.4043,0.01620348,0.01551877,9199860.2962,208511585.0246,0.01551877,9199860.2962,9381979.6473,9615816.7414,9858968.4371,9338000.0461,208511585.0246,0.01551877,47394625.1681,43234853.3832,170316820.1526,174476591.9375,0.01267607,0.01298566,0.00007287,107.7356,2000.7309,37.3530,1625411.5195,1831.5313,96662542.9736,43514.8345,113.5121,106.1793,5.1431,15.4907,52.3519,179.9915,345.4192,1499.4027,12.8578,-2.2009,22.298537,96.793939,6.954874,30,300,1326575,23,0.22362557,0.01681532,0.01652984,0.00067931,0.040378,0.900674,0.077531,0.00036771,2026-03-21,2026-08-06,139,123357,4007,139,1.000000,1.069061,1.053617,0.745419,2,0.0,0.0,0.0,0.0,0.0,0.0,n_rounds>=30,131,131,PERCENT_RANK_OVER_ORDER_BY_e_stake,HF9f,OK,L1_POWERED,0.0007571,A 净亏最大十分位 · 优先复核,79,1,A168_HF9F_20260827_0900,2026-08-27 09:00:00
ods_a168_member_partner_gamelist,（未命中六源）,1,1,0,11,事件表候选（无金额）,ods_mariadb_2b,v1.0.1 六族表名正则 ＋ 三列性质判别（含编码式列名 betNN／memNNN／ageNNN／lmcNN）,2026-08-31 15:50:53,13436093473.3333,12101545164.6445,225932201.2126,124713543,6048562,-0.01681532,-0.01652984,-0.01689755,-0.01742716,-225932201.2126,13436093473.3333,OK,8220755.8918,9199860.2962,4.0013,95.9987,AG03-UNRESOLVED,ALL5_LEVELS_bet23_to_bet27,9199860.2962,9381979.6473,9615816.7414,9858968.4371,9338000.0461,4.001283,4.042136,4.252868,4.666985,4.496035,95.998717,95.957864,95.747132,95.333015,95.503965,4.9901,47394625.1681,43234853.3832,170316820.1526,174476591.9375,PENDING_AG03,FALSE,NOT_FOR_ENFORCEMENT,216732340.9164,11606300486.2161,217711445.3207,208511585.0246,979104.4043,0.01620348,0.01551877,9199860.2962,208511585.0246,0.01551877,9199860.2962,9381979.6473,9615816.7414,9858968.4371,9338000.0461,208511585.0246,0.01551877,47394625.1681,43234853.3832,170316820.1526,174476591.9375,0.01267607,0.01298566,0.00007287,107.7356,2000.7309,37.3530,1625411.5195,1831.5313,96662542.9736,43514.8345,113.5121,106.1793,5.1431,15.4907,52.3519,179.9915,345.4192,1499.4027,12.8578,-2.2009,22.298537,96.793939,6.954874,30,300,1326575,23,0.22362557,0.01681532,0.01652984,0.00067931,0.040378,0.900674,0.077531,0.00036771,2026-03-21,2026-08-06,139,123357,4007,139,1.000000,1.069061,1.053617,0.745419,1,0.0,0.0,0.0,0.0,0.0,0.0,n_rounds>=30,131,131,PERCENT_RANK_OVER_ORDER_BY_e_stake,HF9f,OK,L1_POWERED,0.0007571,A 净亏最大十分位 · 优先复核,80,1,A168_HF9F_20260827_0900,2026-08-27 09:00:00
ods_a168_member_url,（未命中六源）,1,1,0,12,事件表候选（无金额）,ods_mariadb_2b,v1.0.1 六族表名正则 ＋ 三列性质判别（含编码式列名 betNN／memNNN／ageNNN／lmcNN）,2026-08-31 15:50:53,13436093473.3333,12101545164.6445,225932201.2126,124713543,6048562,-0.01681532,-0.01652984,-0.01689755,-0.01742716,-225932201.2126,13436093473.3333,OK,8220755.8918,9199860.2962,4.0013,95.9987,AG03-UNRESOLVED,ALL5_LEVELS_bet23_to_bet27,9199860.2962,9381979.6473,9615816.7414,9858968.4371,9338000.0461,4.001283,4.042136,4.252868,4.666985,4.496035,95.998717,95.957864,95.747132,95.333015,95.503965,4.9901,47394625.1681,43234853.3832,170316820.1526,174476591.9375,PENDING_AG03,FALSE,NOT_FOR_ENFORCEMENT,216732340.9164,11606300486.2161,217711445.3207,208511585.0246,979104.4043,0.01620348,0.01551877,9199860.2962,208511585.0246,0.01551877,9199860.2962,9381979.6473,9615816.7414,9858968.4371,9338000.0461,208511585.0246,0.01551877,47394625.1681,43234853.3832,170316820.1526,174476591.9375,0.01267607,0.01298566,0.00007287,107.7356,2000.7309,37.3530,1625411.5195,1831.5313,96662542.9736,43514.8345,113.5121,106.1793,5.1431,15.4907,52.3519,179.9915,345.4192,1499.4027,12.8578,-2.2009,22.298537,96.793939,6.954874,30,300,1326575,23,0.22362557,0.01681532,0.01652984,0.00067931,0.040378,0.900674,0.077531,0.00036771,2026-03-21,2026-08-06,139,123357,4007,139,1.000000,1.069061,1.053617,0.745419,2,0.0,0.0,0.0,0.0,0.0,0.0,n_rounds>=30,131,131,PERCENT_RANK_OVER_ORDER_BY_e_stake,HF9f,OK,L1_POWERED,0.0007571,A 净亏最大十分位 · 优先复核,81,1,A168_HF9F_20260827_0900,2026-08-27 09:00:00
ods_a168_news,（未命中六源）,0,1,0,14,无从判（须逐表验货）,ods_mariadb_2b,v1.0.1 六族表名正则 ＋ 三列性质判别（含编码式列名 betNN／memNNN／ageNNN／lmcNN）,2026-08-31 15:50:53,13436093473.3333,12101545164.6445,225932201.2126,124713543,6048562,-0.01681532,-0.01652984,-0.01689755,-0.01742716,-225932201.2126,13436093473.3333,OK,8220755.8918,9199860.2962,4.0013,95.9987,AG03-UNRESOLVED,ALL5_LEVELS_bet23_to_bet27,9199860.2962,9381979.6473,9615816.7414,9858968.4371,9338000.0461,4.001283,4.042136,4.252868,4.666985,4.496035,95.998717,95.957864,95.747132,95.333015,95.503965,4.9901,47394625.1681,43234853.3832,170316820.1526,174476591.9375,PENDING_AG03,FALSE,NOT_FOR_ENFORCEMENT,216732340.9164,11606300486.2161,217711445.3207,208511585.0246,979104.4043,0.01620348,0.01551877,9199860.2962,208511585.0246,0.01551877,9199860.2962,9381979.6473,9615816.7414,9858968.4371,9338000.0461,208511585.0246,0.01551877,47394625.1681,43234853.3832,170316820.1526,174476591.9375,0.01267607,0.01298566,0.00007287,107.7356,2000.7309,37.3530,1625411.5195,1831.5313,96662542.9736,43514.8345,113.5121,106.1793,5.1431,15.4907,52.3519,179.9915,345.4192,1499.4027,12.8578,-2.2009,22.298537,96.793939,6.954874,30,300,1326575,23,0.22362557,0.01681532,0.01652984,0.00067931,0.040378,0.900674,0.077531,0.00036771,2026-03-21,2026-08-06,139,123357,4007,139,1.000000,1.069061,1.053617,0.745419,2,0.0,0.0,0.0,0.0,0.0,0.0,n_rounds>=30,131,131,PERCENT_RANK_OVER_ORDER_BY_e_stake,HF9f,OK,L1_POWERED,0.0007571,A 净亏最大十分位 · 优先复核,82,1,A168_HF9F_20260827_0900,2026-08-27 09:00:00
ods_a168_odds_default,（未命中六源）,0,1,0,10,无从判（须逐表验货）,ods_mariadb_2b,v1.0.1 六族表名正则 ＋ 三列性质判别（含编码式列名 betNN／memNNN／ageNNN／lmcNN）,2026-08-31 15:50:53,13436093473.3333,12101545164.6445,225932201.2126,124713543,6048562,-0.01681532,-0.01652984,-0.01689755,-0.01742716,-225932201.2126,13436093473.3333,OK,8220755.8918,9199860.2962,4.0013,95.9987,AG03-UNRESOLVED,ALL5_LEVELS_bet23_to_bet27,9199860.2962,9381979.6473,9615816.7414,9858968.4371,9338000.0461,4.001283,4.042136,4.252868,4.666985,4.496035,95.998717,95.957864,95.747132,95.333015,95.503965,4.9901,47394625.1681,43234853.3832,170316820.1526,174476591.9375,PENDING_AG03,FALSE,NOT_FOR_ENFORCEMENT,216732340.9164,11606300486.2161,217711445.3207,208511585.0246,979104.4043,0.01620348,0.01551877,9199860.2962,208511585.0246,0.01551877,9199860.2962,9381979.6473,9615816.7414,9858968.4371,9338000.0461,208511585.0246,0.01551877,47394625.1681,43234853.3832,170316820.1526,174476591.9375,0.01267607,0.01298566,0.00007287,107.7356,2000.7309,37.3530,1625411.5195,1831.5313,96662542.9736,43514.8345,113.5121,106.1793,5.1431,15.4907,52.3519,179.9915,345.4192,1499.4027,12.8578,-2.2009,22.298537,96.793939,6.954874,30,300,1326575,23,0.22362557,0.01681532,0.01652984,0.00067931,0.040378,0.900674,0.077531,0.00036771,2026-03-21,2026-08-06,139,123357,4007,139,1.000000,1.069061,1.053617,0.745419,3,0.0,0.0,0.0,0.0,0.0,0.0,n_rounds>=30,131,131,PERCENT_RANK_OVER_ORDER_BY_e_stake,HF9f,OK,L1_POWERED,0.0007571,A 净亏最大十分位 · 优先复核,83,1,A168_HF9F_20260827_0900,2026-08-27 09:00:00
ods_a168_opengame_log,H-SRC-06 日志／变更留痕,0,1,0,9,无从判（须逐表验货）,ods_mariadb_2b,v1.0.1 六族表名正则 ＋ 三列性质判别（含编码式列名 betNN／memNNN／ageNNN／lmcNN）,2026-08-31 15:50:53,13436093473.3333,12101545164.6445,225932201.2126,124713543,6048562,-0.01681532,-0.01652984,-0.01689755,-0.01742716,-225932201.2126,13436093473.3333,OK,8220755.8918,9199860.2962,4.0013,95.9987,AG03-UNRESOLVED,ALL5_LEVELS_bet23_to_bet27,9199860.2962,9381979.6473,9615816.7414,9858968.4371,9338000.0461,4.001283,4.042136,4.252868,4.666985,4.496035,95.998717,95.957864,95.747132,95.333015,95.503965,4.9901,47394625.1681,43234853.3832,170316820.1526,174476591.9375,PENDING_AG03,FALSE,NOT_FOR_ENFORCEMENT,216732340.9164,11606300486.2161,217711445.3207,208511585.0246,979104.4043,0.01620348,0.01551877,9199860.2962,208511585.0246,0.01551877,9199860.2962,9381979.6473,9615816.7414,9858968.4371,9338000.0461,208511585.0246,0.01551877,47394625.1681,43234853.3832,170316820.1526,174476591.9375,0.01267607,0.01298566,0.00007287,107.7356,2000.7309,37.3530,1625411.5195,1831.5313,96662542.9736,43514.8345,113.5121,106.1793,5.1431,15.4907,52.3519,179.9915,345.4192,1499.4027,12.8578,-2.2009,22.298537,96.793939,6.954874,30,300,1326575,23,0.22362557,0.01681532,0.01652984,0.00067931,0.040378,0.900674,0.077531,0.00036771,2026-03-21,2026-08-06,139,123357,4007,139,1.000000,1.069061,1.053617,0.745419,4,0.0,0.0,0.0,0.0,0.0,0.0,n_rounds>=30,131,131,PERCENT_RANK_OVER_ORDER_BY_e_stake,HF9f,OK,L1_POWERED,0.0007571,A 净亏最大十分位 · 优先复核,84,1,A168_HF9F_20260827_0900,2026-08-27 09:00:00
ods_a168_orderslist,H-SRC-01 支付／资金,0,1,0,9,无从判（须逐表验货）,ods_mariadb_2b,v1.0.1 六族表名正则 ＋ 三列性质判别（含编码式列名 betNN／memNNN／ageNNN／lmcNN）,2026-08-31 15:50:53,13436093473.3333,12101545164.6445,225932201.2126,124713543,6048562,-0.01681532,-0.01652984,-0.01689755,-0.01742716,-225932201.2126,13436093473.3333,OK,8220755.8918,9199860.2962,4.0013,95.9987,AG03-UNRESOLVED,ALL5_LEVELS_bet23_to_bet27,9199860.2962,9381979.6473,9615816.7414,9858968.4371,9338000.0461,4.001283,4.042136,4.252868,4.666985,4.496035,95.998717,95.957864,95.747132,95.333015,95.503965,4.9901,47394625.1681,43234853.3832,170316820.1526,174476591.9375,PENDING_AG03,FALSE,NOT_FOR_ENFORCEMENT,216732340.9164,11606300486.2161,217711445.3207,208511585.0246,979104.4043,0.01620348,0.01551877,9199860.2962,208511585.0246,0.01551877,9199860.2962,9381979.6473,9615816.7414,9858968.4371,9338000.0461,208511585.0246,0.01551877,47394625.1681,43234853.3832,170316820.1526,174476591.9375,0.01267607,0.01298566,0.00007287,107.7356,2000.7309,37.3530,1625411.5195,1831.5313,96662542.9736,43514.8345,113.5121,106.1793,5.1431,15.4907,52.3519,179.9915,345.4192,1499.4027,12.8578,-2.2009,22.298537,96.793939,6.954874,30,300,1326575,23,0.22362557,0.01681532,0.01652984,0.00067931,0.040378,0.900674,0.077531,0.00036771,2026-03-21,2026-08-06,139,123357,4007,139,1.000000,1.069061,1.053617,0.745419,1,0.0,0.0,0.0,0.0,0.0,0.0,n_rounds>=30,131,131,PERCENT_RANK_OVER_ORDER_BY_e_stake,HF9f,OK,L1_POWERED,0.0007571,A 净亏最大十分位 · 优先复核,85,1,A168_HF9F_20260827_0900,2026-08-27 09:00:00
ods_a168_partner_bng_token,H-SRC-02 会话／登录,0,1,0,10,无从判（须逐表验货）,ods_mariadb_2b,v1.0.1 六族表名正则 ＋ 三列性质判别（含编码式列名 betNN／memNNN／ageNNN／lmcNN）,2026-08-31 15:50:53,13436093473.3333,12101545164.6445,225932201.2126,124713543,6048562,-0.01681532,-0.01652984,-0.01689755,-0.01742716,-225932201.2126,13436093473.3333,OK,8220755.8918,9199860.2962,4.0013,95.9987,AG03-UNRESOLVED,ALL5_LEVELS_bet23_to_bet27,9199860.2962,9381979.6473,9615816.7414,9858968.4371,9338000.0461,4.001283,4.042136,4.252868,4.666985,4.496035,95.998717,95.957864,95.747132,95.333015,95.503965,4.9901,47394625.1681,43234853.3832,170316820.1526,174476591.9375,PENDING_AG03,FALSE,NOT_FOR_ENFORCEMENT,216732340.9164,11606300486.2161,217711445.3207,208511585.0246,979104.4043,0.01620348,0.01551877,9199860.2962,208511585.0246,0.01551877,9199860.2962,9381979.6473,9615816.7414,9858968.4371,9338000.0461,208511585.0246,0.01551877,47394625.1681,43234853.3832,170316820.1526,174476591.9375,0.01267607,0.01298566,0.00007287,107.7356,2000.7309,37.3530,1625411.5195,1831.5313,96662542.9736,43514.8345,113.5121,106.1793,5.1431,15.4907,52.3519,179.9915,345.4192,1499.4027,12.8578,-2.2009,22.298537,96.793939,6.954874,30,300,1326575,23,0.22362557,0.01681532,0.01652984,0.00067931,0.040378,0.900674,0.077531,0.00036771,2026-03-21,2026-08-06,139,123357,4007,139,1.000000,1.069061,1.053617,0.745419,4,0.0,0.0,0.0,0.0,0.0,0.0,n_rounds>=30,131,131,PERCENT_RANK_OVER_ORDER_BY_e_stake,HF9f,OK,L1_POWERED,0.0007571,A 净亏最大十分位 · 优先复核,86,1,A168_HF9F_20260827_0900,2026-08-27 09:00:00
ods_a168_partner_gamelist,（未命中六源）,0,1,0,37,无从判（须逐表验货）,ods_mariadb_2b,v1.0.1 六族表名正则 ＋ 三列性质判别（含编码式列名 betNN／memNNN／ageNNN／lmcNN）,2026-08-31 15:50:53,13436093473.3333,12101545164.6445,225932201.2126,124713543,6048562,-0.01681532,-0.01652984,-0.01689755,-0.01742716,-225932201.2126,13436093473.3333,OK,8220755.8918,9199860.2962,4.0013,95.9987,AG03-UNRESOLVED,ALL5_LEVELS_bet23_to_bet27,9199860.2962,9381979.6473,9615816.7414,9858968.4371,9338000.0461,4.001283,4.042136,4.252868,4.666985,4.496035,95.998717,95.957864,95.747132,95.333015,95.503965,4.9901,47394625.1681,43234853.3832,170316820.1526,174476591.9375,PENDING_AG03,FALSE,NOT_FOR_ENFORCEMENT,216732340.9164,11606300486.2161,217711445.3207,208511585.0246,979104.4043,0.01620348,0.01551877,9199860.2962,208511585.0246,0.01551877,9199860.2962,9381979.6473,9615816.7414,9858968.4371,9338000.0461,208511585.0246,0.01551877,47394625.1681,43234853.3832,170316820.1526,174476591.9375,0.01267607,0.01298566,0.00007287,107.7356,2000.7309,37.3530,1625411.5195,1831.5313,96662542.9736,43514.8345,113.5121,106.1793,5.1431,15.4907,52.3519,179.9915,345.4192,1499.4027,12.8578,-2.2009,22.298537,96.793939,6.954874,30,300,1326575,23,0.22362557,0.01681532,0.01652984,0.00067931,0.040378,0.900674,0.077531,0.00036771,2026-03-21,2026-08-06,139,123357,4007,139,1.000000,1.069061,1.053617,0.745419,2,0.0,0.0,0.0,0.0,0.0,0.0,n_rounds>=30,131,131,PERCENT_RANK_OVER_ORDER_BY_e_stake,HF9f,OK,L1_POWERED,0.0007571,A 净亏最大十分位 · 优先复核,87,1,A168_HF9F_20260827_0900,2026-08-27 09:00:00
ods_a168_partner_reportTime,（未命中六源）,0,1,0,11,无从判（须逐表验货）,ods_mariadb_2b,v1.0.1 六族表名正则 ＋ 三列性质判别（含编码式列名 betNN／memNNN／ageNNN／lmcNN）,2026-08-31 15:50:53,13436093473.3333,12101545164.6445,225932201.2126,124713543,6048562,-0.01681532,-0.01652984,-0.01689755,-0.01742716,-225932201.2126,13436093473.3333,OK,8220755.8918,9199860.2962,4.0013,95.9987,AG03-UNRESOLVED,ALL5_LEVELS_bet23_to_bet27,9199860.2962,9381979.6473,9615816.7414,9858968.4371,9338000.0461,4.001283,4.042136,4.252868,4.666985,4.496035,95.998717,95.957864,95.747132,95.333015,95.503965,4.9901,47394625.1681,43234853.3832,170316820.1526,174476591.9375,PENDING_AG03,FALSE,NOT_FOR_ENFORCEMENT,216732340.9164,11606300486.2161,217711445.3207,208511585.0246,979104.4043,0.01620348,0.01551877,9199860.2962,208511585.0246,0.01551877,9199860.2962,9381979.6473,9615816.7414,9858968.4371,9338000.0461,208511585.0246,0.01551877,47394625.1681,43234853.3832,170316820.1526,174476591.9375,0.01267607,0.01298566,0.00007287,107.7356,2000.7309,37.3530,1625411.5195,1831.5313,96662542.9736,43514.8345,113.5121,106.1793,5.1431,15.4907,52.3519,179.9915,345.4192,1499.4027,12.8578,-2.2009,22.298537,96.793939,6.954874,30,300,1326575,23,0.22362557,0.01681532,0.01652984,0.00067931,0.040378,0.900674,0.077531,0.00036771,2026-03-21,2026-08-06,139,123357,4007,139,1.000000,1.069061,1.053617,0.745419,4,0.0,0.0,0.0,0.0,0.0,0.0,n_rounds>=30,131,131,PERCENT_RANK_OVER_ORDER_BY_e_stake,HF9f,OK,L1_POWERED,0.0007571,A 净亏最大十分位 · 优先复核,88,1,A168_HF9F_20260827_0900,2026-08-27 09:00:00
ods_a168_partner_setting,（未命中六源）,0,1,0,15,无从判（须逐表验货）,ods_mariadb_2b,v1.0.1 六族表名正则 ＋ 三列性质判别（含编码式列名 betNN／memNNN／ageNNN／lmcNN）,2026-08-31 15:50:53,13436093473.3333,12101545164.6445,225932201.2126,124713543,6048562,-0.01681532,-0.01652984,-0.01689755,-0.01742716,-225932201.2126,13436093473.3333,OK,8220755.8918,9199860.2962,4.0013,95.9987,AG03-UNRESOLVED,ALL5_LEVELS_bet23_to_bet27,9199860.2962,9381979.6473,9615816.7414,9858968.4371,9338000.0461,4.001283,4.042136,4.252868,4.666985,4.496035,95.998717,95.957864,95.747132,95.333015,95.503965,4.9901,47394625.1681,43234853.3832,170316820.1526,174476591.9375,PENDING_AG03,FALSE,NOT_FOR_ENFORCEMENT,216732340.9164,11606300486.2161,217711445.3207,208511585.0246,979104.4043,0.01620348,0.01551877,9199860.2962,208511585.0246,0.01551877,9199860.2962,9381979.6473,9615816.7414,9858968.4371,9338000.0461,208511585.0246,0.01551877,47394625.1681,43234853.3832,170316820.1526,174476591.9375,0.01267607,0.01298566,0.00007287,107.7356,2000.7309,37.3530,1625411.5195,1831.5313,96662542.9736,43514.8345,113.5121,106.1793,5.1431,15.4907,52.3519,179.9915,345.4192,1499.4027,12.8578,-2.2009,22.298537,96.793939,6.954874,30,300,1326575,23,0.22362557,0.01681532,0.01652984,0.00067931,0.040378,0.900674,0.077531,0.00036771,2026-03-21,2026-08-06,139,123357,4007,139,1.000000,1.069061,1.053617,0.745419,1,0.0,0.0,0.0,0.0,0.0,0.0,n_rounds>=30,131,131,PERCENT_RANK_OVER_ORDER_BY_e_stake,HF9f,OK,L1_POWERED,0.0007571,A 净亏最大十分位 · 优先复核,89,1,A168_HF9F_20260827_0900,2026-08-27 09:00:00
ods_a168_partner_transation,H-SRC-01 支付／资金,0,1,1,22,无从判（须逐表验货）,ods_mariadb_2b,v1.0.1 六族表名正则 ＋ 三列性质判别（含编码式列名 betNN／memNNN／ageNNN／lmcNN）,2026-08-31 15:50:53,13436093473.3333,12101545164.6445,225932201.2126,124713543,6048562,-0.01681532,-0.01652984,-0.01689755,-0.01742716,-225932201.2126,13436093473.3333,OK,8220755.8918,9199860.2962,4.0013,95.9987,AG03-UNRESOLVED,ALL5_LEVELS_bet23_to_bet27,9199860.2962,9381979.6473,9615816.7414,9858968.4371,9338000.0461,4.001283,4.042136,4.252868,4.666985,4.496035,95.998717,95.957864,95.747132,95.333015,95.503965,4.9901,47394625.1681,43234853.3832,170316820.1526,174476591.9375,PENDING_AG03,FALSE,NOT_FOR_ENFORCEMENT,216732340.9164,11606300486.2161,217711445.3207,208511585.0246,979104.4043,0.01620348,0.01551877,9199860.2962,208511585.0246,0.01551877,9199860.2962,9381979.6473,9615816.7414,9858968.4371,9338000.0461,208511585.0246,0.01551877,47394625.1681,43234853.3832,170316820.1526,174476591.9375,0.01267607,0.01298566,0.00007287,107.7356,2000.7309,37.3530,1625411.5195,1831.5313,96662542.9736,43514.8345,113.5121,106.1793,5.1431,15.4907,52.3519,179.9915,345.4192,1499.4027,12.8578,-2.2009,22.298537,96.793939,6.954874,30,300,1326575,23,0.22362557,0.01681532,0.01652984,0.00067931,0.040378,0.900674,0.077531,0.00036771,2026-03-21,2026-08-06,139,123357,4007,139,1.000000,1.069061,1.053617,0.745419,4,0.0,0.0,0.0,0.0,0.0,0.0,n_rounds>=30,131,131,PERCENT_RANK_OVER_ORDER_BY_e_stake,HF9f,OK,L1_POWERED,0.0007571,A 净亏最大十分位 · 优先复核,90,1,A168_HF9F_20260827_0900,2026-08-27 09:00:00
ods_a168_partner_transation_log,H-SRC-01 支付／资金,0,1,0,9,无从判（须逐表验货）,ods_mariadb_2b,v1.0.1 六族表名正则 ＋ 三列性质判别（含编码式列名 betNN／memNNN／ageNNN／lmcNN）,2026-08-31 15:50:53,13436093473.3333,12101545164.6445,225932201.2126,124713543,6048562,-0.01681532,-0.01652984,-0.01689755,-0.01742716,-225932201.2126,13436093473.3333,OK,8220755.8918,9199860.2962,4.0013,95.9987,AG03-UNRESOLVED,ALL5_LEVELS_bet23_to_bet27,9199860.2962,9381979.6473,9615816.7414,9858968.4371,9338000.0461,4.001283,4.042136,4.252868,4.666985,4.496035,95.998717,95.957864,95.747132,95.333015,95.503965,4.9901,47394625.1681,43234853.3832,170316820.1526,174476591.9375,PENDING_AG03,FALSE,NOT_FOR_ENFORCEMENT,216732340.9164,11606300486.2161,217711445.3207,208511585.0246,979104.4043,0.01620348,0.01551877,9199860.2962,208511585.0246,0.01551877,9199860.2962,9381979.6473,9615816.7414,9858968.4371,9338000.0461,208511585.0246,0.01551877,47394625.1681,43234853.3832,170316820.1526,174476591.9375,0.01267607,0.01298566,0.00007287,107.7356,2000.7309,37.3530,1625411.5195,1831.5313,96662542.9736,43514.8345,113.5121,106.1793,5.1431,15.4907,52.3519,179.9915,345.4192,1499.4027,12.8578,-2.2009,22.298537,96.793939,6.954874,30,300,1326575,23,0.22362557,0.01681532,0.01652984,0.00067931,0.040378,0.900674,0.077531,0.00036771,2026-03-21,2026-08-06,139,123357,4007,139,1.000000,1.069061,1.053617,0.745419,5,0.0,0.0,0.0,0.0,0.0,0.0,n_rounds>=30,131,131,PERCENT_RANK_OVER_ORDER_BY_e_stake,HF9f,OK,L1_POWERED,0.0007571,A 净亏最大十分位 · 优先复核,91,1,A168_HF9F_20260827_0900,2026-08-27 09:00:00
ods_a168_partner_type,（未命中六源）,0,1,0,29,无从判（须逐表验货）,ods_mariadb_2b,v1.0.1 六族表名正则 ＋ 三列性质判别（含编码式列名 betNN／memNNN／ageNNN／lmcNN）,2026-08-31 15:50:53,13436093473.3333,12101545164.6445,225932201.2126,124713543,6048562,-0.01681532,-0.01652984,-0.01689755,-0.01742716,-225932201.2126,13436093473.3333,OK,8220755.8918,9199860.2962,4.0013,95.9987,AG03-UNRESOLVED,ALL5_LEVELS_bet23_to_bet27,9199860.2962,9381979.6473,9615816.7414,9858968.4371,9338000.0461,4.001283,4.042136,4.252868,4.666985,4.496035,95.998717,95.957864,95.747132,95.333015,95.503965,4.9901,47394625.1681,43234853.3832,170316820.1526,174476591.9375,PENDING_AG03,FALSE,NOT_FOR_ENFORCEMENT,216732340.9164,11606300486.2161,217711445.3207,208511585.0246,979104.4043,0.01620348,0.01551877,9199860.2962,208511585.0246,0.01551877,9199860.2962,9381979.6473,9615816.7414,9858968.4371,9338000.0461,208511585.0246,0.01551877,47394625.1681,43234853.3832,170316820.1526,174476591.9375,0.01267607,0.01298566,0.00007287,107.7356,2000.7309,37.3530,1625411.5195,1831.5313,96662542.9736,43514.8345,113.5121,106.1793,5.1431,15.4907,52.3519,179.9915,345.4192,1499.4027,12.8578,-2.2009,22.298537,96.793939,6.954874,30,300,1326575,23,0.22362557,0.01681532,0.01652984,0.00067931,0.040378,0.900674,0.077531,0.00036771,2026-03-21,2026-08-06,139,123357,4007,139,1.000000,1.069061,1.053617,0.745419,3,0.0,0.0,0.0,0.0,0.0,0.0,n_rounds>=30,131,131,PERCENT_RANK_OVER_ORDER_BY_e_stake,HF9f,OK,L1_POWERED,0.0007571,A 净亏最大十分位 · 优先复核,92,1,A168_HF9F_20260827_0900,2026-08-27 09:00:00
ods_a168_passiplist,（未命中六源）,1,1,0,10,事件表候选（无金额）,ods_mariadb_2b,v1.0.1 六族表名正则 ＋ 三列性质判别（含编码式列名 betNN／memNNN／ageNNN／lmcNN）,2026-08-31 15:50:53,13436093473.3333,12101545164.6445,225932201.2126,124713543,6048562,-0.01681532,-0.01652984,-0.01689755,-0.01742716,-225932201.2126,13436093473.3333,OK,8220755.8918,9199860.2962,4.0013,95.9987,AG03-UNRESOLVED,ALL5_LEVELS_bet23_to_bet27,9199860.2962,9381979.6473,9615816.7414,9858968.4371,9338000.0461,4.001283,4.042136,4.252868,4.666985,4.496035,95.998717,95.957864,95.747132,95.333015,95.503965,4.9901,47394625.1681,43234853.3832,170316820.1526,174476591.9375,PENDING_AG03,FALSE,NOT_FOR_ENFORCEMENT,216732340.9164,11606300486.2161,217711445.3207,208511585.0246,979104.4043,0.01620348,0.01551877,9199860.2962,208511585.0246,0.01551877,9199860.2962,9381979.6473,9615816.7414,9858968.4371,9338000.0461,208511585.0246,0.01551877,47394625.1681,43234853.3832,170316820.1526,174476591.9375,0.01267607,0.01298566,0.00007287,107.7356,2000.7309,37.3530,1625411.5195,1831.5313,96662542.9736,43514.8345,113.5121,106.1793,5.1431,15.4907,52.3519,179.9915,345.4192,1499.4027,12.8578,-2.2009,22.298537,96.793939,6.954874,30,300,1326575,23,0.22362557,0.01681532,0.01652984,0.00067931,0.040378,0.900674,0.077531,0.00036771,2026-03-21,2026-08-06,139,123357,4007,139,1.000000,1.069061,1.053617,0.745419,3,0.0,0.0,0.0,0.0,0.0,0.0,n_rounds>=30,131,131,PERCENT_RANK_OVER_ORDER_BY_e_stake,HF9f,OK,L1_POWERED,0.0007571,A 净亏最大十分位 · 优先复核,93,1,A168_HF9F_20260827_0900,2026-08-27 09:00:00
ods_a168_payment_bank,H-SRC-01 支付／资金,0,1,0,11,无从判（须逐表验货）,ods_mariadb_2b,v1.0.1 六族表名正则 ＋ 三列性质判别（含编码式列名 betNN／memNNN／ageNNN／lmcNN）,2026-08-31 15:50:53,13436093473.3333,12101545164.6445,225932201.2126,124713543,6048562,-0.01681532,-0.01652984,-0.01689755,-0.01742716,-225932201.2126,13436093473.3333,OK,8220755.8918,9199860.2962,4.0013,95.9987,AG03-UNRESOLVED,ALL5_LEVELS_bet23_to_bet27,9199860.2962,9381979.6473,9615816.7414,9858968.4371,9338000.0461,4.001283,4.042136,4.252868,4.666985,4.496035,95.998717,95.957864,95.747132,95.333015,95.503965,4.9901,47394625.1681,43234853.3832,170316820.1526,174476591.9375,PENDING_AG03,FALSE,NOT_FOR_ENFORCEMENT,216732340.9164,11606300486.2161,217711445.3207,208511585.0246,979104.4043,0.01620348,0.01551877,9199860.2962,208511585.0246,0.01551877,9199860.2962,9381979.6473,9615816.7414,9858968.4371,9338000.0461,208511585.0246,0.01551877,47394625.1681,43234853.3832,170316820.1526,174476591.9375,0.01267607,0.01298566,0.00007287,107.7356,2000.7309,37.3530,1625411.5195,1831.5313,96662542.9736,43514.8345,113.5121,106.1793,5.1431,15.4907,52.3519,179.9915,345.4192,1499.4027,12.8578,-2.2009,22.298537,96.793939,6.954874,30,300,1326575,23,0.22362557,0.01681532,0.01652984,0.00067931,0.040378,0.900674,0.077531,0.00036771,2026-03-21,2026-08-06,139,123357,4007,139,1.000000,1.069061,1.053617,0.745419,2,0.0,0.0,0.0,0.0,0.0,0.0,n_rounds>=30,131,131,PERCENT_RANK_OVER_ORDER_BY_e_stake,HF9f,OK,L1_POWERED,0.0007571,A 净亏最大十分位 · 优先复核,94,1,A168_HF9F_20260827_0900,2026-08-27 09:00:00
ods_a168_payment_method,H-SRC-01 支付／资金,0,1,0,13,无从判（须逐表验货）,ods_mariadb_2b,v1.0.1 六族表名正则 ＋ 三列性质判别（含编码式列名 betNN／memNNN／ageNNN／lmcNN）,2026-08-31 15:50:53,13436093473.3333,12101545164.6445,225932201.2126,124713543,6048562,-0.01681532,-0.01652984,-0.01689755,-0.01742716,-225932201.2126,13436093473.3333,OK,8220755.8918,9199860.2962,4.0013,95.9987,AG03-UNRESOLVED,ALL5_LEVELS_bet23_to_bet27,9199860.2962,9381979.6473,9615816.7414,9858968.4371,9338000.0461,4.001283,4.042136,4.252868,4.666985,4.496035,95.998717,95.957864,95.747132,95.333015,95.503965,4.9901,47394625.1681,43234853.3832,170316820.1526,174476591.9375,PENDING_AG03,FALSE,NOT_FOR_ENFORCEMENT,216732340.9164,11606300486.2161,217711445.3207,208511585.0246,979104.4043,0.01620348,0.01551877,9199860.2962,208511585.0246,0.01551877,9199860.2962,9381979.6473,9615816.7414,9858968.4371,9338000.0461,208511585.0246,0.01551877,47394625.1681,43234853.3832,170316820.1526,174476591.9375,0.01267607,0.01298566,0.00007287,107.7356,2000.7309,37.3530,1625411.5195,1831.5313,96662542.9736,43514.8345,113.5121,106.1793,5.1431,15.4907,52.3519,179.9915,345.4192,1499.4027,12.8578,-2.2009,22.298537,96.793939,6.954874,30,300,1326575,23,0.22362557,0.01681532,0.01652984,0.00067931,0.040378,0.900674,0.077531,0.00036771,2026-03-21,2026-08-06,139,123357,4007,139,1.000000,1.069061,1.053617,0.745419,4,0.0,0.0,0.0,0.0,0.0,0.0,n_rounds>=30,131,131,PERCENT_RANK_OVER_ORDER_BY_e_stake,HF9f,OK,L1_POWERED,0.0007571,A 净亏最大十分位 · 优先复核,95,1,A168_HF9F_20260827_0900,2026-08-27 09:00:00
ods_a168_payment_order,H-SRC-01 支付／资金,1,1,1,23,★ 事务表候选（三列俱备）,ods_mariadb_2b,v1.0.1 六族表名正则 ＋ 三列性质判别（含编码式列名 betNN／memNNN／ageNNN／lmcNN）,2026-08-31 15:50:53,13436093473.3333,12101545164.6445,225932201.2126,124713543,6048562,-0.01681532,-0.01652984,-0.01689755,-0.01742716,-225932201.2126,13436093473.3333,OK,8220755.8918,9199860.2962,4.0013,95.9987,AG03-UNRESOLVED,ALL5_LEVELS_bet23_to_bet27,9199860.2962,9381979.6473,9615816.7414,9858968.4371,9338000.0461,4.001283,4.042136,4.252868,4.666985,4.496035,95.998717,95.957864,95.747132,95.333015,95.503965,4.9901,47394625.1681,43234853.3832,170316820.1526,174476591.9375,PENDING_AG03,FALSE,NOT_FOR_ENFORCEMENT,216732340.9164,11606300486.2161,217711445.3207,208511585.0246,979104.4043,0.01620348,0.01551877,9199860.2962,208511585.0246,0.01551877,9199860.2962,9381979.6473,9615816.7414,9858968.4371,9338000.0461,208511585.0246,0.01551877,47394625.1681,43234853.3832,170316820.1526,174476591.9375,0.01267607,0.01298566,0.00007287,107.7356,2000.7309,37.3530,1625411.5195,1831.5313,96662542.9736,43514.8345,113.5121,106.1793,5.1431,15.4907,52.3519,179.9915,345.4192,1499.4027,12.8578,-2.2009,22.298537,96.793939,6.954874,30,300,1326575,23,0.22362557,0.01681532,0.01652984,0.00067931,0.040378,0.900674,0.077531,0.00036771,2026-03-21,2026-08-06,139,123357,4007,139,1.000000,1.069061,1.053617,0.745419,4,0.0,0.0,0.0,0.0,0.0,0.0,n_rounds>=30,131,131,PERCENT_RANK_OVER_ORDER_BY_e_stake,HF9f,OK,L1_POWERED,0.0007571,A 净亏最大十分位 · 优先复核,96,1,A168_HF9F_20260827_0900,2026-08-27 09:00:00
ods_a168_payment_platform,H-SRC-01 支付／资金,0,1,0,22,无从判（须逐表验货）,ods_mariadb_2b,v1.0.1 六族表名正则 ＋ 三列性质判别（含编码式列名 betNN／memNNN／ageNNN／lmcNN）,2026-08-31 15:50:53,13436093473.3333,12101545164.6445,225932201.2126,124713543,6048562,-0.01681532,-0.01652984,-0.01689755,-0.01742716,-225932201.2126,13436093473.3333,OK,8220755.8918,9199860.2962,4.0013,95.9987,AG03-UNRESOLVED,ALL5_LEVELS_bet23_to_bet27,9199860.2962,9381979.6473,9615816.7414,9858968.4371,9338000.0461,4.001283,4.042136,4.252868,4.666985,4.496035,95.998717,95.957864,95.747132,95.333015,95.503965,4.9901,47394625.1681,43234853.3832,170316820.1526,174476591.9375,PENDING_AG03,FALSE,NOT_FOR_ENFORCEMENT,216732340.9164,11606300486.2161,217711445.3207,208511585.0246,979104.4043,0.01620348,0.01551877,9199860.2962,208511585.0246,0.01551877,9199860.2962,9381979.6473,9615816.7414,9858968.4371,9338000.0461,208511585.0246,0.01551877,47394625.1681,43234853.3832,170316820.1526,174476591.9375,0.01267607,0.01298566,0.00007287,107.7356,2000.7309,37.3530,1625411.5195,1831.5313,96662542.9736,43514.8345,113.5121,106.1793,5.1431,15.4907,52.3519,179.9915,345.4192,1499.4027,12.8578,-2.2009,22.298537,96.793939,6.954874,30,300,1326575,23,0.22362557,0.01681532,0.01652984,0.00067931,0.040378,0.900674,0.077531,0.00036771,2026-03-21,2026-08-06,139,123357,4007,139,1.000000,1.069061,1.053617,0.745419,1,0.0,0.0,0.0,0.0,0.0,0.0,n_rounds>=30,131,131,PERCENT_RANK_OVER_ORDER_BY_e_stake,HF9f,OK,L1_POWERED,0.0007571,A 净亏最大十分位 · 优先复核,97,1,A168_HF9F_20260827_0900,2026-08-27 09:00:00
ods_a168_payment_setting,H-SRC-01 支付／资金,0,1,1,26,无从判（须逐表验货）,ods_mariadb_2b,v1.0.1 六族表名正则 ＋ 三列性质判别（含编码式列名 betNN／memNNN／ageNNN／lmcNN）,2026-08-31 15:50:53,13436093473.3333,12101545164.6445,225932201.2126,124713543,6048562,-0.01681532,-0.01652984,-0.01689755,-0.01742716,-225932201.2126,13436093473.3333,OK,8220755.8918,9199860.2962,4.0013,95.9987,AG03-UNRESOLVED,ALL5_LEVELS_bet23_to_bet27,9199860.2962,9381979.6473,9615816.7414,9858968.4371,9338000.0461,4.001283,4.042136,4.252868,4.666985,4.496035,95.998717,95.957864,95.747132,95.333015,95.503965,4.9901,47394625.1681,43234853.3832,170316820.1526,174476591.9375,PENDING_AG03,FALSE,NOT_FOR_ENFORCEMENT,216732340.9164,11606300486.2161,217711445.3207,208511585.0246,979104.4043,0.01620348,0.01551877,9199860.2962,208511585.0246,0.01551877,9199860.2962,9381979.6473,9615816.7414,9858968.4371,9338000.0461,208511585.0246,0.01551877,47394625.1681,43234853.3832,170316820.1526,174476591.9375,0.01267607,0.01298566,0.00007287,107.7356,2000.7309,37.3530,1625411.5195,1831.5313,96662542.9736,43514.8345,113.5121,106.1793,5.1431,15.4907,52.3519,179.9915,345.4192,1499.4027,12.8578,-2.2009,22.298537,96.793939,6.954874,30,300,1326575,23,0.22362557,0.01681532,0.01652984,0.00067931,0.040378,0.900674,0.077531,0.00036771,2026-03-21,2026-08-06,139,123357,4007,139,1.000000,1.069061,1.053617,0.745419,2,0.0,0.0,0.0,0.0,0.0,0.0,n_rounds>=30,131,131,PERCENT_RANK_OVER_ORDER_BY_e_stake,HF9f,OK,L1_POWERED,0.0007571,A 净亏最大十分位 · 优先复核,98,1,A168_HF9F_20260827_0900,2026-08-27 09:00:00
ods_a168_payment_type,H-SRC-01 支付／资金,0,1,0,17,无从判（须逐表验货）,ods_mariadb_2b,v1.0.1 六族表名正则 ＋ 三列性质判别（含编码式列名 betNN／memNNN／ageNNN／lmcNN）,2026-08-31 15:50:53,13436093473.3333,12101545164.6445,225932201.2126,124713543,6048562,-0.01681532,-0.01652984,-0.01689755,-0.01742716,-225932201.2126,13436093473.3333,OK,8220755.8918,9199860.2962,4.0013,95.9987,AG03-UNRESOLVED,ALL5_LEVELS_bet23_to_bet27,9199860.2962,9381979.6473,9615816.7414,9858968.4371,9338000.0461,4.001283,4.042136,4.252868,4.666985,4.496035,95.998717,95.957864,95.747132,95.333015,95.503965,4.9901,47394625.1681,43234853.3832,170316820.1526,174476591.9375,PENDING_AG03,FALSE,NOT_FOR_ENFORCEMENT,216732340.9164,11606300486.2161,217711445.3207,208511585.0246,979104.4043,0.01620348,0.01551877,9199860.2962,208511585.0246,0.01551877,9199860.2962,9381979.6473,9615816.7414,9858968.4371,9338000.0461,208511585.0246,0.01551877,47394625.1681,43234853.3832,170316820.1526,174476591.9375,0.01267607,0.01298566,0.00007287,107.7356,2000.7309,37.3530,1625411.5195,1831.5313,96662542.9736,43514.8345,113.5121,106.1793,5.1431,15.4907,52.3519,179.9915,345.4192,1499.4027,12.8578,-2.2009,22.298537,96.793939,6.954874,30,300,1326575,23,0.22362557,0.01681532,0.01652984,0.00067931,0.040378,0.900674,0.077531,0.00036771,2026-03-21,2026-08-06,139,123357,4007,139,1.000000,1.069061,1.053617,0.745419,3,0.0,0.0,0.0,0.0,0.0,0.0,n_rounds>=30,131,131,PERCENT_RANK_OVER_ORDER_BY_e_stake,HF9f,OK,L1_POWERED,0.0007571,A 净亏最大十分位 · 优先复核,99,1,A168_HF9F_20260827_0900,2026-08-27 09:00:00
ods_a168_permissionrole,（未命中六源）,0,1,0,10,无从判（须逐表验货）,ods_mariadb_2b,v1.0.1 六族表名正则 ＋ 三列性质判别（含编码式列名 betNN／memNNN／ageNNN／lmcNN）,2026-08-31 15:50:53,13436093473.3333,12101545164.6445,225932201.2126,124713543,6048562,-0.01681532,-0.01652984,-0.01689755,-0.01742716,-225932201.2126,13436093473.3333,OK,8220755.8918,9199860.2962,4.0013,95.9987,AG03-UNRESOLVED,ALL5_LEVELS_bet23_to_bet27,9199860.2962,9381979.6473,9615816.7414,9858968.4371,9338000.0461,4.001283,4.042136,4.252868,4.666985,4.496035,95.998717,95.957864,95.747132,95.333015,95.503965,4.9901,47394625.1681,43234853.3832,170316820.1526,174476591.9375,PENDING_AG03,FALSE,NOT_FOR_ENFORCEMENT,216732340.9164,11606300486.2161,217711445.3207,208511585.0246,979104.4043,0.01620348,0.01551877,9199860.2962,208511585.0246,0.01551877,9199860.2962,9381979.6473,9615816.7414,9858968.4371,9338000.0461,208511585.0246,0.01551877,47394625.1681,43234853.3832,170316820.1526,174476591.9375,0.01267607,0.01298566,0.00007287,107.7356,2000.7309,37.3530,1625411.5195,1831.5313,96662542.9736,43514.8345,113.5121,106.1793,5.1431,15.4907,52.3519,179.9915,345.4192,1499.4027,12.8578,-2.2009,22.298537,96.793939,6.954874,30,300,1326575,23,0.22362557,0.01681532,0.01652984,0.00067931,0.040378,0.900674,0.077531,0.00036771,2026-03-21,2026-08-06,139,123357,4007,139,1.000000,1.069061,1.053617,0.745419,1,0.0,0.0,0.0,0.0,0.0,0.0,n_rounds>=30,131,131,PERCENT_RANK_OVER_ORDER_BY_e_stake,HF9f,OK,L1_POWERED,0.0007571,A 净亏最大十分位 · 优先复核,100,1,A168_HF9F_20260827_0900,2026-08-27 09:00:00
ods_a168_permissions,（未命中六源）,1,1,0,16,事件表候选（无金额）,ods_mariadb_2b,v1.0.1 六族表名正则 ＋ 三列性质判别（含编码式列名 betNN／memNNN／ageNNN／lmcNN）,2026-08-31 15:50:53,13436093473.3333,12101545164.6445,225932201.2126,124713543,6048562,-0.01681532,-0.01652984,-0.01689755,-0.01742716,-225932201.2126,13436093473.3333,OK,8220755.8918,9199860.2962,4.0013,95.9987,AG03-UNRESOLVED,ALL5_LEVELS_bet23_to_bet27,9199860.2962,9381979.6473,9615816.7414,9858968.4371,9338000.0461,4.001283,4.042136,4.252868,4.666985,4.496035,95.998717,95.957864,95.747132,95.333015,95.503965,4.9901,47394625.1681,43234853.3832,170316820.1526,174476591.9375,PENDING_AG03,FALSE,NOT_FOR_ENFORCEMENT,216732340.9164,11606300486.2161,217711445.3207,208511585.0246,979104.4043,0.01620348,0.01551877,9199860.2962,208511585.0246,0.01551877,9199860.2962,9381979.6473,9615816.7414,9858968.4371,9338000.0461,208511585.0246,0.01551877,47394625.1681,43234853.3832,170316820.1526,174476591.9375,0.01267607,0.01298566,0.00007287,107.7356,2000.7309,37.3530,1625411.5195,1831.5313,96662542.9736,43514.8345,113.5121,106.1793,5.1431,15.4907,52.3519,179.9915,345.4192,1499.4027,12.8578,-2.2009,22.298537,96.793939,6.954874,30,300,1326575,23,0.22362557,0.01681532,0.01652984,0.00067931,0.040378,0.900674,0.077531,0.00036771,2026-03-21,2026-08-06,139,123357,4007,139,1.000000,1.069061,1.053617,0.745419,1,0.0,0.0,0.0,0.0,0.0,0.0,n_rounds>=30,131,131,PERCENT_RANK_OVER_ORDER_BY_e_stake,HF9f,OK,L1_POWERED,0.0007571,A 净亏最大十分位 · 优先复核,101,1,A168_HF9F_20260827_0900,2026-08-27 09:00:00
ods_a168_permissionsPage,（未命中六源）,0,1,0,12,无从判（须逐表验货）,ods_mariadb_2b,v1.0.1 六族表名正则 ＋ 三列性质判别（含编码式列名 betNN／memNNN／ageNNN／lmcNN）,2026-08-31 15:50:53,13436093473.3333,12101545164.6445,225932201.2126,124713543,6048562,-0.01681532,-0.01652984,-0.01689755,-0.01742716,-225932201.2126,13436093473.3333,OK,8220755.8918,9199860.2962,4.0013,95.9987,AG03-UNRESOLVED,ALL5_LEVELS_bet23_to_bet27,9199860.2962,9381979.6473,9615816.7414,9858968.4371,9338000.0461,4.001283,4.042136,4.252868,4.666985,4.496035,95.998717,95.957864,95.747132,95.333015,95.503965,4.9901,47394625.1681,43234853.3832,170316820.1526,174476591.9375,PENDING_AG03,FALSE,NOT_FOR_ENFORCEMENT,216732340.9164,11606300486.2161,217711445.3207,208511585.0246,979104.4043,0.01620348,0.01551877,9199860.2962,208511585.0246,0.01551877,9199860.2962,9381979.6473,9615816.7414,9858968.4371,9338000.0461,208511585.0246,0.01551877,47394625.1681,43234853.3832,170316820.1526,174476591.9375,0.01267607,0.01298566,0.00007287,107.7356,2000.7309,37.3530,1625411.5195,1831.5313,96662542.9736,43514.8345,113.5121,106.1793,5.1431,15.4907,52.3519,179.9915,345.4192,1499.4027,12.8578,-2.2009,22.298537,96.793939,6.954874,30,300,1326575,23,0.22362557,0.01681532,0.01652984,0.00067931,0.040378,0.900674,0.077531,0.00036771,2026-03-21,2026-08-06,139,123357,4007,139,1.000000,1.069061,1.053617,0.745419,1,0.0,0.0,0.0,0.0,0.0,0.0,n_rounds>=30,131,131,PERCENT_RANK_OVER_ORDER_BY_e_stake,HF9f,OK,L1_POWERED,0.0007571,A 净亏最大十分位 · 优先复核,102,1,A168_HF9F_20260827_0900,2026-08-27 09:00:00
ods_a168_permissionsPageRoles,（未命中六源）,0,1,0,10,无从判（须逐表验货）,ods_mariadb_2b,v1.0.1 六族表名正则 ＋ 三列性质判别（含编码式列名 betNN／memNNN／ageNNN／lmcNN）,2026-08-31 15:50:53,13436093473.3333,12101545164.6445,225932201.2126,124713543,6048562,-0.01681532,-0.01652984,-0.01689755,-0.01742716,-225932201.2126,13436093473.3333,OK,8220755.8918,9199860.2962,4.0013,95.9987,AG03-UNRESOLVED,ALL5_LEVELS_bet23_to_bet27,9199860.2962,9381979.6473,9615816.7414,9858968.4371,9338000.0461,4.001283,4.042136,4.252868,4.666985,4.496035,95.998717,95.957864,95.747132,95.333015,95.503965,4.9901,47394625.1681,43234853.3832,170316820.1526,174476591.9375,PENDING_AG03,FALSE,NOT_FOR_ENFORCEMENT,216732340.9164,11606300486.2161,217711445.3207,208511585.0246,979104.4043,0.01620348,0.01551877,9199860.2962,208511585.0246,0.01551877,9199860.2962,9381979.6473,9615816.7414,9858968.4371,9338000.0461,208511585.0246,0.01551877,47394625.1681,43234853.3832,170316820.1526,174476591.9375,0.01267607,0.01298566,0.00007287,107.7356,2000.7309,37.3530,1625411.5195,1831.5313,96662542.9736,43514.8345,113.5121,106.1793,5.1431,15.4907,52.3519,179.9915,345.4192,1499.4027,12.8578,-2.2009,22.298537,96.793939,6.954874,30,300,1326575,23,0.22362557,0.01681532,0.01652984,0.00067931,0.040378,0.900674,0.077531,0.00036771,2026-03-21,2026-08-06,139,123357,4007,139,1.000000,1.069061,1.053617,0.745419,2,0.0,0.0,0.0,0.0,0.0,0.0,n_rounds>=30,131,131,PERCENT_RANK_OVER_ORDER_BY_e_stake,HF9f,OK,L1_POWERED,0.0007571,A 净亏最大十分位 · 优先复核,103,1,A168_HF9F_20260827_0900,2026-08-27 09:00:00
ods_a168_permissionsgroup,（未命中六源）,0,1,0,13,无从判（须逐表验货）,ods_mariadb_2b,v1.0.1 六族表名正则 ＋ 三列性质判别（含编码式列名 betNN／memNNN／ageNNN／lmcNN）,2026-08-31 15:50:53,13436093473.3333,12101545164.6445,225932201.2126,124713543,6048562,-0.01681532,-0.01652984,-0.01689755,-0.01742716,-225932201.2126,13436093473.3333,OK,8220755.8918,9199860.2962,4.0013,95.9987,AG03-UNRESOLVED,ALL5_LEVELS_bet23_to_bet27,9199860.2962,9381979.6473,9615816.7414,9858968.4371,9338000.0461,4.001283,4.042136,4.252868,4.666985,4.496035,95.998717,95.957864,95.747132,95.333015,95.503965,4.9901,47394625.1681,43234853.3832,170316820.1526,174476591.9375,PENDING_AG03,FALSE,NOT_FOR_ENFORCEMENT,216732340.9164,11606300486.2161,217711445.3207,208511585.0246,979104.4043,0.01620348,0.01551877,9199860.2962,208511585.0246,0.01551877,9199860.2962,9381979.6473,9615816.7414,9858968.4371,9338000.0461,208511585.0246,0.01551877,47394625.1681,43234853.3832,170316820.1526,174476591.9375,0.01267607,0.01298566,0.00007287,107.7356,2000.7309,37.3530,1625411.5195,1831.5313,96662542.9736,43514.8345,113.5121,106.1793,5.1431,15.4907,52.3519,179.9915,345.4192,1499.4027,12.8578,-2.2009,22.298537,96.793939,6.954874,30,300,1326575,23,0.22362557,0.01681532,0.01652984,0.00067931,0.040378,0.900674,0.077531,0.00036771,2026-03-21,2026-08-06,139,123357,4007,139,1.000000,1.069061,1.053617,0.745419,3,0.0,0.0,0.0,0.0,0.0,0.0,n_rounds>=30,131,131,PERCENT_RANK_OVER_ORDER_BY_e_stake,HF9f,OK,L1_POWERED,0.0007571,A 净亏最大十分位 · 优先复核,104,1,A168_HF9F_20260827_0900,2026-08-27 09:00:00
ods_a168_play_set,（未命中六源）,0,1,0,18,无从判（须逐表验货）,ods_mariadb_2b,v1.0.1 六族表名正则 ＋ 三列性质判别（含编码式列名 betNN／memNNN／ageNNN／lmcNN）,2026-08-31 15:50:53,13436093473.3333,12101545164.6445,225932201.2126,124713543,6048562,-0.01681532,-0.01652984,-0.01689755,-0.01742716,-225932201.2126,13436093473.3333,OK,8220755.8918,9199860.2962,4.0013,95.9987,AG03-UNRESOLVED,ALL5_LEVELS_bet23_to_bet27,9199860.2962,9381979.6473,9615816.7414,9858968.4371,9338000.0461,4.001283,4.042136,4.252868,4.666985,4.496035,95.998717,95.957864,95.747132,95.333015,95.503965,4.9901,47394625.1681,43234853.3832,170316820.1526,174476591.9375,PENDING_AG03,FALSE,NOT_FOR_ENFORCEMENT,216732340.9164,11606300486.2161,217711445.3207,208511585.0246,979104.4043,0.01620348,0.01551877,9199860.2962,208511585.0246,0.01551877,9199860.2962,9381979.6473,9615816.7414,9858968.4371,9338000.0461,208511585.0246,0.01551877,47394625.1681,43234853.3832,170316820.1526,174476591.9375,0.01267607,0.01298566,0.00007287,107.7356,2000.7309,37.3530,1625411.5195,1831.5313,96662542.9736,43514.8345,113.5121,106.1793,5.1431,15.4907,52.3519,179.9915,345.4192,1499.4027,12.8578,-2.2009,22.298537,96.793939,6.954874,30,300,1326575,23,0.22362557,0.01681532,0.01652984,0.00067931,0.040378,0.900674,0.077531,0.00036771,2026-03-21,2026-08-06,139,123357,4007,139,1.000000,1.069061,1.053617,0.745419,2,0.0,0.0,0.0,0.0,0.0,0.0,n_rounds>=30,131,131,PERCENT_RANK_OVER_ORDER_BY_e_stake,HF9f,OK,L1_POWERED,0.0007571,A 净亏最大十分位 · 优先复核,105,1,A168_HF9F_20260827_0900,2026-08-27 09:00:00
ods_a168_realtimebet,（未命中六源）,0,1,1,18,无从判（须逐表验货）,ods_mariadb_2b,v1.0.1 六族表名正则 ＋ 三列性质判别（含编码式列名 betNN／memNNN／ageNNN／lmcNN）,2026-08-31 15:50:53,13436093473.3333,12101545164.6445,225932201.2126,124713543,6048562,-0.01681532,-0.01652984,-0.01689755,-0.01742716,-225932201.2126,13436093473.3333,OK,8220755.8918,9199860.2962,4.0013,95.9987,AG03-UNRESOLVED,ALL5_LEVELS_bet23_to_bet27,9199860.2962,9381979.6473,9615816.7414,9858968.4371,9338000.0461,4.001283,4.042136,4.252868,4.666985,4.496035,95.998717,95.957864,95.747132,95.333015,95.503965,4.9901,47394625.1681,43234853.3832,170316820.1526,174476591.9375,PENDING_AG03,FALSE,NOT_FOR_ENFORCEMENT,216732340.9164,11606300486.2161,217711445.3207,208511585.0246,979104.4043,0.01620348,0.01551877,9199860.2962,208511585.0246,0.01551877,9199860.2962,9381979.6473,9615816.7414,9858968.4371,9338000.0461,208511585.0246,0.01551877,47394625.1681,43234853.3832,170316820.1526,174476591.9375,0.01267607,0.01298566,0.00007287,107.7356,2000.7309,37.3530,1625411.5195,1831.5313,96662542.9736,43514.8345,113.5121,106.1793,5.1431,15.4907,52.3519,179.9915,345.4192,1499.4027,12.8578,-2.2009,22.298537,96.793939,6.954874,30,300,1326575,23,0.22362557,0.01681532,0.01652984,0.00067931,0.040378,0.900674,0.077531,0.00036771,2026-03-21,2026-08-06,139,123357,4007,139,1.000000,1.069061,1.053617,0.745419,1,0.0,0.0,0.0,0.0,0.0,0.0,n_rounds>=30,131,131,PERCENT_RANK_OVER_ORDER_BY_e_stake,HF9f,OK,L1_POWERED,0.0007571,A 净亏最大十分位 · 优先复核,106,1,A168_HF9F_20260827_0900,2026-08-27 09:00:00
ods_a168_realtimelobby,（未命中六源）,0,1,0,12,无从判（须逐表验货）,ods_mariadb_2b,v1.0.1 六族表名正则 ＋ 三列性质判别（含编码式列名 betNN／memNNN／ageNNN／lmcNN）,2026-08-31 15:50:53,13436093473.3333,12101545164.6445,225932201.2126,124713543,6048562,-0.01681532,-0.01652984,-0.01689755,-0.01742716,-225932201.2126,13436093473.3333,OK,8220755.8918,9199860.2962,4.0013,95.9987,AG03-UNRESOLVED,ALL5_LEVELS_bet23_to_bet27,9199860.2962,9381979.6473,9615816.7414,9858968.4371,9338000.0461,4.001283,4.042136,4.252868,4.666985,4.496035,95.998717,95.957864,95.747132,95.333015,95.503965,4.9901,47394625.1681,43234853.3832,170316820.1526,174476591.9375,PENDING_AG03,FALSE,NOT_FOR_ENFORCEMENT,216732340.9164,11606300486.2161,217711445.3207,208511585.0246,979104.4043,0.01620348,0.01551877,9199860.2962,208511585.0246,0.01551877,9199860.2962,9381979.6473,9615816.7414,9858968.4371,9338000.0461,208511585.0246,0.01551877,47394625.1681,43234853.3832,170316820.1526,174476591.9375,0.01267607,0.01298566,0.00007287,107.7356,2000.7309,37.3530,1625411.5195,1831.5313,96662542.9736,43514.8345,113.5121,106.1793,5.1431,15.4907,52.3519,179.9915,345.4192,1499.4027,12.8578,-2.2009,22.298537,96.793939,6.954874,30,300,1326575,23,0.22362557,0.01681532,0.01652984,0.00067931,0.040378,0.900674,0.077531,0.00036771,2026-03-21,2026-08-06,139,123357,4007,139,1.000000,1.069061,1.053617,0.745419,1,0.0,0.0,0.0,0.0,0.0,0.0,n_rounds>=30,131,131,PERCENT_RANK_OVER_ORDER_BY_e_stake,HF9f,OK,L1_POWERED,0.0007571,A 净亏最大十分位 · 优先复核,107,1,A168_HF9F_20260827_0900,2026-08-27 09:00:00
ods_a168_realtimelog,（未命中六源）,0,1,1,15,无从判（须逐表验货）,ods_mariadb_2b,v1.0.1 六族表名正则 ＋ 三列性质判别（含编码式列名 betNN／memNNN／ageNNN／lmcNN）,2026-08-31 15:50:53,13436093473.3333,12101545164.6445,225932201.2126,124713543,6048562,-0.01681532,-0.01652984,-0.01689755,-0.01742716,-225932201.2126,13436093473.3333,OK,8220755.8918,9199860.2962,4.0013,95.9987,AG03-UNRESOLVED,ALL5_LEVELS_bet23_to_bet27,9199860.2962,9381979.6473,9615816.7414,9858968.4371,9338000.0461,4.001283,4.042136,4.252868,4.666985,4.496035,95.998717,95.957864,95.747132,95.333015,95.503965,4.9901,47394625.1681,43234853.3832,170316820.1526,174476591.9375,PENDING_AG03,FALSE,NOT_FOR_ENFORCEMENT,216732340.9164,11606300486.2161,217711445.3207,208511585.0246,979104.4043,0.01620348,0.01551877,9199860.2962,208511585.0246,0.01551877,9199860.2962,9381979.6473,9615816.7414,9858968.4371,9338000.0461,208511585.0246,0.01551877,47394625.1681,43234853.3832,170316820.1526,174476591.9375,0.01267607,0.01298566,0.00007287,107.7356,2000.7309,37.3530,1625411.5195,1831.5313,96662542.9736,43514.8345,113.5121,106.1793,5.1431,15.4907,52.3519,179.9915,345.4192,1499.4027,12.8578,-2.2009,22.298537,96.793939,6.954874,30,300,1326575,23,0.22362557,0.01681532,0.01652984,0.00067931,0.040378,0.900674,0.077531,0.00036771,2026-03-21,2026-08-06,139,123357,4007,139,1.000000,1.069061,1.053617,0.745419,5,0.0,0.0,0.0,0.0,0.0,0.0,n_rounds>=30,131,131,PERCENT_RANK_OVER_ORDER_BY_e_stake,HF9f,OK,L1_POWERED,0.0007571,A 净亏最大十分位 · 优先复核,108,1,A168_HF9F_20260827_0900,2026-08-27 09:00:00
ods_a168_risklist,（未命中六源）,0,1,0,9,无从判（须逐表验货）,ods_mariadb_2b,v1.0.1 六族表名正则 ＋ 三列性质判别（含编码式列名 betNN／memNNN／ageNNN／lmcNN）,2026-08-31 15:50:53,13436093473.3333,12101545164.6445,225932201.2126,124713543,6048562,-0.01681532,-0.01652984,-0.01689755,-0.01742716,-225932201.2126,13436093473.3333,OK,8220755.8918,9199860.2962,4.0013,95.9987,AG03-UNRESOLVED,ALL5_LEVELS_bet23_to_bet27,9199860.2962,9381979.6473,9615816.7414,9858968.4371,9338000.0461,4.001283,4.042136,4.252868,4.666985,4.496035,95.998717,95.957864,95.747132,95.333015,95.503965,4.9901,47394625.1681,43234853.3832,170316820.1526,174476591.9375,PENDING_AG03,FALSE,NOT_FOR_ENFORCEMENT,216732340.9164,11606300486.2161,217711445.3207,208511585.0246,979104.4043,0.01620348,0.01551877,9199860.2962,208511585.0246,0.01551877,9199860.2962,9381979.6473,9615816.7414,9858968.4371,9338000.0461,208511585.0246,0.01551877,47394625.1681,43234853.3832,170316820.1526,174476591.9375,0.01267607,0.01298566,0.00007287,107.7356,2000.7309,37.3530,1625411.5195,1831.5313,96662542.9736,43514.8345,113.5121,106.1793,5.1431,15.4907,52.3519,179.9915,345.4192,1499.4027,12.8578,-2.2009,22.298537,96.793939,6.954874,30,300,1326575,23,0.22362557,0.01681532,0.01652984,0.00067931,0.040378,0.900674,0.077531,0.00036771,2026-03-21,2026-08-06,139,123357,4007,139,1.000000,1.069061,1.053617,0.745419,5,0.0,0.0,0.0,0.0,0.0,0.0,n_rounds>=30,131,131,PERCENT_RANK_OVER_ORDER_BY_e_stake,HF9f,OK,L1_POWERED,0.0007571,A 净亏最大十分位 · 优先复核,109,1,A168_HF9F_20260827_0900,2026-08-27 09:00:00
ods_a168_roles,（未命中六源）,0,1,0,10,无从判（须逐表验货）,ods_mariadb_2b,v1.0.1 六族表名正则 ＋ 三列性质判别（含编码式列名 betNN／memNNN／ageNNN／lmcNN）,2026-08-31 15:50:53,13436093473.3333,12101545164.6445,225932201.2126,124713543,6048562,-0.01681532,-0.01652984,-0.01689755,-0.01742716,-225932201.2126,13436093473.3333,OK,8220755.8918,9199860.2962,4.0013,95.9987,AG03-UNRESOLVED,ALL5_LEVELS_bet23_to_bet27,9199860.2962,9381979.6473,9615816.7414,9858968.4371,9338000.0461,4.001283,4.042136,4.252868,4.666985,4.496035,95.998717,95.957864,95.747132,95.333015,95.503965,4.9901,47394625.1681,43234853.3832,170316820.1526,174476591.9375,PENDING_AG03,FALSE,NOT_FOR_ENFORCEMENT,216732340.9164,11606300486.2161,217711445.3207,208511585.0246,979104.4043,0.01620348,0.01551877,9199860.2962,208511585.0246,0.01551877,9199860.2962,9381979.6473,9615816.7414,9858968.4371,9338000.0461,208511585.0246,0.01551877,47394625.1681,43234853.3832,170316820.1526,174476591.9375,0.01267607,0.01298566,0.00007287,107.7356,2000.7309,37.3530,1625411.5195,1831.5313,96662542.9736,43514.8345,113.5121,106.1793,5.1431,15.4907,52.3519,179.9915,345.4192,1499.4027,12.8578,-2.2009,22.298537,96.793939,6.954874,30,300,1326575,23,0.22362557,0.01681532,0.01652984,0.00067931,0.040378,0.900674,0.077531,0.00036771,2026-03-21,2026-08-06,139,123357,4007,139,1.000000,1.069061,1.053617,0.745419,2,0.0,0.0,0.0,0.0,0.0,0.0,n_rounds>=30,131,131,PERCENT_RANK_OVER_ORDER_BY_e_stake,HF9f,OK,L1_POWERED,0.0007571,A 净亏最大十分位 · 优先复核,110,1,A168_HF9F_20260827_0900,2026-08-27 09:00:00
ods_a168_shuffle_gid,（未命中六源）,0,1,0,8,无从判（须逐表验货）,ods_mariadb_2b,v1.0.1 六族表名正则 ＋ 三列性质判别（含编码式列名 betNN／memNNN／ageNNN／lmcNN）,2026-08-31 15:50:53,13436093473.3333,12101545164.6445,225932201.2126,124713543,6048562,-0.01681532,-0.01652984,-0.01689755,-0.01742716,-225932201.2126,13436093473.3333,OK,8220755.8918,9199860.2962,4.0013,95.9987,AG03-UNRESOLVED,ALL5_LEVELS_bet23_to_bet27,9199860.2962,9381979.6473,9615816.7414,9858968.4371,9338000.0461,4.001283,4.042136,4.252868,4.666985,4.496035,95.998717,95.957864,95.747132,95.333015,95.503965,4.9901,47394625.1681,43234853.3832,170316820.1526,174476591.9375,PENDING_AG03,FALSE,NOT_FOR_ENFORCEMENT,216732340.9164,11606300486.2161,217711445.3207,208511585.0246,979104.4043,0.01620348,0.01551877,9199860.2962,208511585.0246,0.01551877,9199860.2962,9381979.6473,9615816.7414,9858968.4371,9338000.0461,208511585.0246,0.01551877,47394625.1681,43234853.3832,170316820.1526,174476591.9375,0.01267607,0.01298566,0.00007287,107.7356,2000.7309,37.3530,1625411.5195,1831.5313,96662542.9736,43514.8345,113.5121,106.1793,5.1431,15.4907,52.3519,179.9915,345.4192,1499.4027,12.8578,-2.2009,22.298537,96.793939,6.954874,30,300,1326575,23,0.22362557,0.01681532,0.01652984,0.00067931,0.040378,0.900674,0.077531,0.00036771,2026-03-21,2026-08-06,139,123357,4007,139,1.000000,1.069061,1.053617,0.745419,2,0.0,0.0,0.0,0.0,0.0,0.0,n_rounds>=30,131,131,PERCENT_RANK_OVER_ORDER_BY_e_stake,HF9f,OK,L1_POWERED,0.0007571,A 净亏最大十分位 · 优先复核,111,1,A168_HF9F_20260827_0900,2026-08-27 09:00:00
ods_a168_shuffle_info,（未命中六源）,0,1,0,34,无从判（须逐表验货）,ods_mariadb_2b,v1.0.1 六族表名正则 ＋ 三列性质判别（含编码式列名 betNN／memNNN／ageNNN／lmcNN）,2026-08-31 15:50:53,13436093473.3333,12101545164.6445,225932201.2126,124713543,6048562,-0.01681532,-0.01652984,-0.01689755,-0.01742716,-225932201.2126,13436093473.3333,OK,8220755.8918,9199860.2962,4.0013,95.9987,AG03-UNRESOLVED,ALL5_LEVELS_bet23_to_bet27,9199860.2962,9381979.6473,9615816.7414,9858968.4371,9338000.0461,4.001283,4.042136,4.252868,4.666985,4.496035,95.998717,95.957864,95.747132,95.333015,95.503965,4.9901,47394625.1681,43234853.3832,170316820.1526,174476591.9375,PENDING_AG03,FALSE,NOT_FOR_ENFORCEMENT,216732340.9164,11606300486.2161,217711445.3207,208511585.0246,979104.4043,0.01620348,0.01551877,9199860.2962,208511585.0246,0.01551877,9199860.2962,9381979.6473,9615816.7414,9858968.4371,9338000.0461,208511585.0246,0.01551877,47394625.1681,43234853.3832,170316820.1526,174476591.9375,0.01267607,0.01298566,0.00007287,107.7356,2000.7309,37.3530,1625411.5195,1831.5313,96662542.9736,43514.8345,113.5121,106.1793,5.1431,15.4907,52.3519,179.9915,345.4192,1499.4027,12.8578,-2.2009,22.298537,96.793939,6.954874,30,300,1326575,23,0.22362557,0.01681532,0.01652984,0.00067931,0.040378,0.900674,0.077531,0.00036771,2026-03-21,2026-08-06,139,123357,4007,139,1.000000,1.069061,1.053617,0.745419,4,0.0,0.0,0.0,0.0,0.0,0.0,n_rounds>=30,131,131,PERCENT_RANK_OVER_ORDER_BY_e_stake,HF9f,OK,L1_POWERED,0.0007571,A 净亏最大十分位 · 优先复核,112,1,A168_HF9F_20260827_0900,2026-08-27 09:00:00
ods_a168_site,（未命中六源）,0,1,0,8,无从判（须逐表验货）,ods_mariadb_2b,v1.0.1 六族表名正则 ＋ 三列性质判别（含编码式列名 betNN／memNNN／ageNNN／lmcNN）,2026-08-31 15:50:53,13436093473.3333,12101545164.6445,225932201.2126,124713543,6048562,-0.01681532,-0.01652984,-0.01689755,-0.01742716,-225932201.2126,13436093473.3333,OK,8220755.8918,9199860.2962,4.0013,95.9987,AG03-UNRESOLVED,ALL5_LEVELS_bet23_to_bet27,9199860.2962,9381979.6473,9615816.7414,9858968.4371,9338000.0461,4.001283,4.042136,4.252868,4.666985,4.496035,95.998717,95.957864,95.747132,95.333015,95.503965,4.9901,47394625.1681,43234853.3832,170316820.1526,174476591.9375,PENDING_AG03,FALSE,NOT_FOR_ENFORCEMENT,216732340.9164,11606300486.2161,217711445.3207,208511585.0246,979104.4043,0.01620348,0.01551877,9199860.2962,208511585.0246,0.01551877,9199860.2962,9381979.6473,9615816.7414,9858968.4371,9338000.0461,208511585.0246,0.01551877,47394625.1681,43234853.3832,170316820.1526,174476591.9375,0.01267607,0.01298566,0.00007287,107.7356,2000.7309,37.3530,1625411.5195,1831.5313,96662542.9736,43514.8345,113.5121,106.1793,5.1431,15.4907,52.3519,179.9915,345.4192,1499.4027,12.8578,-2.2009,22.298537,96.793939,6.954874,30,300,1326575,23,0.22362557,0.01681532,0.01652984,0.00067931,0.040378,0.900674,0.077531,0.00036771,2026-03-21,2026-08-06,139,123357,4007,139,1.000000,1.069061,1.053617,0.745419,4,0.0,0.0,0.0,0.0,0.0,0.0,n_rounds>=30,131,131,PERCENT_RANK_OVER_ORDER_BY_e_stake,HF9f,OK,L1_POWERED,0.0007571,A 净亏最大十分位 · 优先复核,113,1,A168_HF9F_20260827_0900,2026-08-27 09:00:00
ods_a168_sms_setting,（未命中六源）,1,1,1,19,★ 事务表候选（三列俱备）,ods_mariadb_2b,v1.0.1 六族表名正则 ＋ 三列性质判别（含编码式列名 betNN／memNNN／ageNNN／lmcNN）,2026-08-31 15:50:53,13436093473.3333,12101545164.6445,225932201.2126,124713543,6048562,-0.01681532,-0.01652984,-0.01689755,-0.01742716,-225932201.2126,13436093473.3333,OK,8220755.8918,9199860.2962,4.0013,95.9987,AG03-UNRESOLVED,ALL5_LEVELS_bet23_to_bet27,9199860.2962,9381979.6473,9615816.7414,9858968.4371,9338000.0461,4.001283,4.042136,4.252868,4.666985,4.496035,95.998717,95.957864,95.747132,95.333015,95.503965,4.9901,47394625.1681,43234853.3832,170316820.1526,174476591.9375,PENDING_AG03,FALSE,NOT_FOR_ENFORCEMENT,216732340.9164,11606300486.2161,217711445.3207,208511585.0246,979104.4043,0.01620348,0.01551877,9199860.2962,208511585.0246,0.01551877,9199860.2962,9381979.6473,9615816.7414,9858968.4371,9338000.0461,208511585.0246,0.01551877,47394625.1681,43234853.3832,170316820.1526,174476591.9375,0.01267607,0.01298566,0.00007287,107.7356,2000.7309,37.3530,1625411.5195,1831.5313,96662542.9736,43514.8345,113.5121,106.1793,5.1431,15.4907,52.3519,179.9915,345.4192,1499.4027,12.8578,-2.2009,22.298537,96.793939,6.954874,30,300,1326575,23,0.22362557,0.01681532,0.01652984,0.00067931,0.040378,0.900674,0.077531,0.00036771,2026-03-21,2026-08-06,139,123357,4007,139,1.000000,1.069061,1.053617,0.745419,3,0.0,0.0,0.0,0.0,0.0,0.0,n_rounds>=30,131,131,PERCENT_RANK_OVER_ORDER_BY_e_stake,HF9f,OK,L1_POWERED,0.0007571,A 净亏最大十分位 · 优先复核,114,1,A168_HF9F_20260827_0900,2026-08-27 09:00:00
ods_a168_stream,（未命中六源）,0,1,0,9,无从判（须逐表验货）,ods_mariadb_2b,v1.0.1 六族表名正则 ＋ 三列性质判别（含编码式列名 betNN／memNNN／ageNNN／lmcNN）,2026-08-31 15:50:53,13436093473.3333,12101545164.6445,225932201.2126,124713543,6048562,-0.01681532,-0.01652984,-0.01689755,-0.01742716,-225932201.2126,13436093473.3333,OK,8220755.8918,9199860.2962,4.0013,95.9987,AG03-UNRESOLVED,ALL5_LEVELS_bet23_to_bet27,9199860.2962,9381979.6473,9615816.7414,9858968.4371,9338000.0461,4.001283,4.042136,4.252868,4.666985,4.496035,95.998717,95.957864,95.747132,95.333015,95.503965,4.9901,47394625.1681,43234853.3832,170316820.1526,174476591.9375,PENDING_AG03,FALSE,NOT_FOR_ENFORCEMENT,216732340.9164,11606300486.2161,217711445.3207,208511585.0246,979104.4043,0.01620348,0.01551877,9199860.2962,208511585.0246,0.01551877,9199860.2962,9381979.6473,9615816.7414,9858968.4371,9338000.0461,208511585.0246,0.01551877,47394625.1681,43234853.3832,170316820.1526,174476591.9375,0.01267607,0.01298566,0.00007287,107.7356,2000.7309,37.3530,1625411.5195,1831.5313,96662542.9736,43514.8345,113.5121,106.1793,5.1431,15.4907,52.3519,179.9915,345.4192,1499.4027,12.8578,-2.2009,22.298537,96.793939,6.954874,30,300,1326575,23,0.22362557,0.01681532,0.01652984,0.00067931,0.040378,0.900674,0.077531,0.00036771,2026-03-21,2026-08-06,139,123357,4007,139,1.000000,1.069061,1.053617,0.745419,3,0.0,0.0,0.0,0.0,0.0,0.0,n_rounds>=30,131,131,PERCENT_RANK_OVER_ORDER_BY_e_stake,HF9f,OK,L1_POWERED,0.0007571,A 净亏最大十分位 · 优先复核,115,1,A168_HF9F_20260827_0900,2026-08-27 09:00:00
ods_a168_subagent_permissionrole,（未命中六源）,0,1,0,15,无从判（须逐表验货）,ods_mariadb_2b,v1.0.1 六族表名正则 ＋ 三列性质判别（含编码式列名 betNN／memNNN／ageNNN／lmcNN）,2026-08-31 15:50:53,13436093473.3333,12101545164.6445,225932201.2126,124713543,6048562,-0.01681532,-0.01652984,-0.01689755,-0.01742716,-225932201.2126,13436093473.3333,OK,8220755.8918,9199860.2962,4.0013,95.9987,AG03-UNRESOLVED,ALL5_LEVELS_bet23_to_bet27,9199860.2962,9381979.6473,9615816.7414,9858968.4371,9338000.0461,4.001283,4.042136,4.252868,4.666985,4.496035,95.998717,95.957864,95.747132,95.333015,95.503965,4.9901,47394625.1681,43234853.3832,170316820.1526,174476591.9375,PENDING_AG03,FALSE,NOT_FOR_ENFORCEMENT,216732340.9164,11606300486.2161,217711445.3207,208511585.0246,979104.4043,0.01620348,0.01551877,9199860.2962,208511585.0246,0.01551877,9199860.2962,9381979.6473,9615816.7414,9858968.4371,9338000.0461,208511585.0246,0.01551877,47394625.1681,43234853.3832,170316820.1526,174476591.9375,0.01267607,0.01298566,0.00007287,107.7356,2000.7309,37.3530,1625411.5195,1831.5313,96662542.9736,43514.8345,113.5121,106.1793,5.1431,15.4907,52.3519,179.9915,345.4192,1499.4027,12.8578,-2.2009,22.298537,96.793939,6.954874,30,300,1326575,23,0.22362557,0.01681532,0.01652984,0.00067931,0.040378,0.900674,0.077531,0.00036771,2026-03-21,2026-08-06,139,123357,4007,139,1.000000,1.069061,1.053617,0.745419,2,0.0,0.0,0.0,0.0,0.0,0.0,n_rounds>=30,131,131,PERCENT_RANK_OVER_ORDER_BY_e_stake,HF9f,OK,L1_POWERED,0.0007571,A 净亏最大十分位 · 优先复核,116,1,A168_HF9F_20260827_0900,2026-08-27 09:00:00
ods_a168_symbol,（未命中六源）,0,1,0,11,无从判（须逐表验货）,ods_mariadb_2b,v1.0.1 六族表名正则 ＋ 三列性质判别（含编码式列名 betNN／memNNN／ageNNN／lmcNN）,2026-08-31 15:50:53,13436093473.3333,12101545164.6445,225932201.2126,124713543,6048562,-0.01681532,-0.01652984,-0.01689755,-0.01742716,-225932201.2126,13436093473.3333,OK,8220755.8918,9199860.2962,4.0013,95.9987,AG03-UNRESOLVED,ALL5_LEVELS_bet23_to_bet27,9199860.2962,9381979.6473,9615816.7414,9858968.4371,9338000.0461,4.001283,4.042136,4.252868,4.666985,4.496035,95.998717,95.957864,95.747132,95.333015,95.503965,4.9901,47394625.1681,43234853.3832,170316820.1526,174476591.9375,PENDING_AG03,FALSE,NOT_FOR_ENFORCEMENT,216732340.9164,11606300486.2161,217711445.3207,208511585.0246,979104.4043,0.01620348,0.01551877,9199860.2962,208511585.0246,0.01551877,9199860.2962,9381979.6473,9615816.7414,9858968.4371,9338000.0461,208511585.0246,0.01551877,47394625.1681,43234853.3832,170316820.1526,174476591.9375,0.01267607,0.01298566,0.00007287,107.7356,2000.7309,37.3530,1625411.5195,1831.5313,96662542.9736,43514.8345,113.5121,106.1793,5.1431,15.4907,52.3519,179.9915,345.4192,1499.4027,12.8578,-2.2009,22.298537,96.793939,6.954874,30,300,1326575,23,0.22362557,0.01681532,0.01652984,0.00067931,0.040378,0.900674,0.077531,0.00036771,2026-03-21,2026-08-06,139,123357,4007,139,1.000000,1.069061,1.053617,0.745419,2,0.0,0.0,0.0,0.0,0.0,0.0,n_rounds>=30,131,131,PERCENT_RANK_OVER_ORDER_BY_e_stake,HF9f,OK,L1_POWERED,0.0007571,A 净亏最大十分位 · 优先复核,117,1,A168_HF9F_20260827_0900,2026-08-27 09:00:00
ods_a168_tablelimit,H-SRC-03 会员状态变更,0,1,0,31,无从判（须逐表验货）,ods_mariadb_2b,v1.0.1 六族表名正则 ＋ 三列性质判别（含编码式列名 betNN／memNNN／ageNNN／lmcNN）,2026-08-31 15:50:53,13436093473.3333,12101545164.6445,225932201.2126,124713543,6048562,-0.01681532,-0.01652984,-0.01689755,-0.01742716,-225932201.2126,13436093473.3333,OK,8220755.8918,9199860.2962,4.0013,95.9987,AG03-UNRESOLVED,ALL5_LEVELS_bet23_to_bet27,9199860.2962,9381979.6473,9615816.7414,9858968.4371,9338000.0461,4.001283,4.042136,4.252868,4.666985,4.496035,95.998717,95.957864,95.747132,95.333015,95.503965,4.9901,47394625.1681,43234853.3832,170316820.1526,174476591.9375,PENDING_AG03,FALSE,NOT_FOR_ENFORCEMENT,216732340.9164,11606300486.2161,217711445.3207,208511585.0246,979104.4043,0.01620348,0.01551877,9199860.2962,208511585.0246,0.01551877,9199860.2962,9381979.6473,9615816.7414,9858968.4371,9338000.0461,208511585.0246,0.01551877,47394625.1681,43234853.3832,170316820.1526,174476591.9375,0.01267607,0.01298566,0.00007287,107.7356,2000.7309,37.3530,1625411.5195,1831.5313,96662542.9736,43514.8345,113.5121,106.1793,5.1431,15.4907,52.3519,179.9915,345.4192,1499.4027,12.8578,-2.2009,22.298537,96.793939,6.954874,30,300,1326575,23,0.22362557,0.01681532,0.01652984,0.00067931,0.040378,0.900674,0.077531,0.00036771,2026-03-21,2026-08-06,139,123357,4007,139,1.000000,1.069061,1.053617,0.745419,1,0.0,0.0,0.0,0.0,0.0,0.0,n_rounds>=30,131,131,PERCENT_RANK_OVER_ORDER_BY_e_stake,HF9f,OK,L1_POWERED,0.0007571,A 净亏最大十分位 · 优先复核,118,1,A168_HF9F_20260827_0900,2026-08-27 09:00:00
ods_a168_tablelimit_third,H-SRC-03 会员状态变更,0,1,0,19,无从判（须逐表验货）,ods_mariadb_2b,v1.0.1 六族表名正则 ＋ 三列性质判别（含编码式列名 betNN／memNNN／ageNNN／lmcNN）,2026-08-31 15:50:53,13436093473.3333,12101545164.6445,225932201.2126,124713543,6048562,-0.01681532,-0.01652984,-0.01689755,-0.01742716,-225932201.2126,13436093473.3333,OK,8220755.8918,9199860.2962,4.0013,95.9987,AG03-UNRESOLVED,ALL5_LEVELS_bet23_to_bet27,9199860.2962,9381979.6473,9615816.7414,9858968.4371,9338000.0461,4.001283,4.042136,4.252868,4.666985,4.496035,95.998717,95.957864,95.747132,95.333015,95.503965,4.9901,47394625.1681,43234853.3832,170316820.1526,174476591.9375,PENDING_AG03,FALSE,NOT_FOR_ENFORCEMENT,216732340.9164,11606300486.2161,217711445.3207,208511585.0246,979104.4043,0.01620348,0.01551877,9199860.2962,208511585.0246,0.01551877,9199860.2962,9381979.6473,9615816.7414,9858968.4371,9338000.0461,208511585.0246,0.01551877,47394625.1681,43234853.3832,170316820.1526,174476591.9375,0.01267607,0.01298566,0.00007287,107.7356,2000.7309,37.3530,1625411.5195,1831.5313,96662542.9736,43514.8345,113.5121,106.1793,5.1431,15.4907,52.3519,179.9915,345.4192,1499.4027,12.8578,-2.2009,22.298537,96.793939,6.954874,30,300,1326575,23,0.22362557,0.01681532,0.01652984,0.00067931,0.040378,0.900674,0.077531,0.00036771,2026-03-21,2026-08-06,139,123357,4007,139,1.000000,1.069061,1.053617,0.745419,1,0.0,0.0,0.0,0.0,0.0,0.0,n_rounds>=30,131,131,PERCENT_RANK_OVER_ORDER_BY_e_stake,HF9f,OK,L1_POWERED,0.0007571,A 净亏最大十分位 · 优先复核,119,1,A168_HF9F_20260827_0900,2026-08-27 09:00:00
ods_a168_temp_id_list,（未命中六源）,0,1,0,7,无从判（须逐表验货）,ods_mariadb_2b,v1.0.1 六族表名正则 ＋ 三列性质判别（含编码式列名 betNN／memNNN／ageNNN／lmcNN）,2026-08-31 15:50:53,13436093473.3333,12101545164.6445,225932201.2126,124713543,6048562,-0.01681532,-0.01652984,-0.01689755,-0.01742716,-225932201.2126,13436093473.3333,OK,8220755.8918,9199860.2962,4.0013,95.9987,AG03-UNRESOLVED,ALL5_LEVELS_bet23_to_bet27,9199860.2962,9381979.6473,9615816.7414,9858968.4371,9338000.0461,4.001283,4.042136,4.252868,4.666985,4.496035,95.998717,95.957864,95.747132,95.333015,95.503965,4.9901,47394625.1681,43234853.3832,170316820.1526,174476591.9375,PENDING_AG03,FALSE,NOT_FOR_ENFORCEMENT,216732340.9164,11606300486.2161,217711445.3207,208511585.0246,979104.4043,0.01620348,0.01551877,9199860.2962,208511585.0246,0.01551877,9199860.2962,9381979.6473,9615816.7414,9858968.4371,9338000.0461,208511585.0246,0.01551877,47394625.1681,43234853.3832,170316820.1526,174476591.9375,0.01267607,0.01298566,0.00007287,107.7356,2000.7309,37.3530,1625411.5195,1831.5313,96662542.9736,43514.8345,113.5121,106.1793,5.1431,15.4907,52.3519,179.9915,345.4192,1499.4027,12.8578,-2.2009,22.298537,96.793939,6.954874,30,300,1326575,23,0.22362557,0.01681532,0.01652984,0.00067931,0.040378,0.900674,0.077531,0.00036771,2026-03-21,2026-08-06,139,123357,4007,139,1.000000,1.069061,1.053617,0.745419,1,0.0,0.0,0.0,0.0,0.0,0.0,n_rounds>=30,131,131,PERCENT_RANK_OVER_ORDER_BY_e_stake,HF9f,OK,L1_POWERED,0.0007571,A 净亏最大十分位 · 优先复核,120,1,A168_HF9F_20260827_0900,2026-08-27 09:00:00
ods_a168_tip,（未命中六源）,0,1,0,10,无从判（须逐表验货）,ods_mariadb_2b,v1.0.1 六族表名正则 ＋ 三列性质判别（含编码式列名 betNN／memNNN／ageNNN／lmcNN）,2026-08-31 15:50:53,13436093473.3333,12101545164.6445,225932201.2126,124713543,6048562,-0.01681532,-0.01652984,-0.01689755,-0.01742716,-225932201.2126,13436093473.3333,OK,8220755.8918,9199860.2962,4.0013,95.9987,AG03-UNRESOLVED,ALL5_LEVELS_bet23_to_bet27,9199860.2962,9381979.6473,9615816.7414,9858968.4371,9338000.0461,4.001283,4.042136,4.252868,4.666985,4.496035,95.998717,95.957864,95.747132,95.333015,95.503965,4.9901,47394625.1681,43234853.3832,170316820.1526,174476591.9375,PENDING_AG03,FALSE,NOT_FOR_ENFORCEMENT,216732340.9164,11606300486.2161,217711445.3207,208511585.0246,979104.4043,0.01620348,0.01551877,9199860.2962,208511585.0246,0.01551877,9199860.2962,9381979.6473,9615816.7414,9858968.4371,9338000.0461,208511585.0246,0.01551877,47394625.1681,43234853.3832,170316820.1526,174476591.9375,0.01267607,0.01298566,0.00007287,107.7356,2000.7309,37.3530,1625411.5195,1831.5313,96662542.9736,43514.8345,113.5121,106.1793,5.1431,15.4907,52.3519,179.9915,345.4192,1499.4027,12.8578,-2.2009,22.298537,96.793939,6.954874,30,300,1326575,23,0.22362557,0.01681532,0.01652984,0.00067931,0.040378,0.900674,0.077531,0.00036771,2026-03-21,2026-08-06,139,123357,4007,139,1.000000,1.069061,1.053617,0.745419,3,0.0,0.0,0.0,0.0,0.0,0.0,n_rounds>=30,131,131,PERCENT_RANK_OVER_ORDER_BY_e_stake,HF9f,OK,L1_POWERED,0.0007571,A 净亏最大十分位 · 优先复核,121,1,A168_HF9F_20260827_0900,2026-08-27 09:00:00
ods_a168_urllist,（未命中六源）,0,1,0,23,无从判（须逐表验货）,ods_mariadb_2b,v1.0.1 六族表名正则 ＋ 三列性质判别（含编码式列名 betNN／memNNN／ageNNN／lmcNN）,2026-08-31 15:50:53,13436093473.3333,12101545164.6445,225932201.2126,124713543,6048562,-0.01681532,-0.01652984,-0.01689755,-0.01742716,-225932201.2126,13436093473.3333,OK,8220755.8918,9199860.2962,4.0013,95.9987,AG03-UNRESOLVED,ALL5_LEVELS_bet23_to_bet27,9199860.2962,9381979.6473,9615816.7414,9858968.4371,9338000.0461,4.001283,4.042136,4.252868,4.666985,4.496035,95.998717,95.957864,95.747132,95.333015,95.503965,4.9901,47394625.1681,43234853.3832,170316820.1526,174476591.9375,PENDING_AG03,FALSE,NOT_FOR_ENFORCEMENT,216732340.9164,11606300486.2161,217711445.3207,208511585.0246,979104.4043,0.01620348,0.01551877,9199860.2962,208511585.0246,0.01551877,9199860.2962,9381979.6473,9615816.7414,9858968.4371,9338000.0461,208511585.0246,0.01551877,47394625.1681,43234853.3832,170316820.1526,174476591.9375,0.01267607,0.01298566,0.00007287,107.7356,2000.7309,37.3530,1625411.5195,1831.5313,96662542.9736,43514.8345,113.5121,106.1793,5.1431,15.4907,52.3519,179.9915,345.4192,1499.4027,12.8578,-2.2009,22.298537,96.793939,6.954874,30,300,1326575,23,0.22362557,0.01681532,0.01652984,0.00067931,0.040378,0.900674,0.077531,0.00036771,2026-03-21,2026-08-06,139,123357,4007,139,1.000000,1.069061,1.053617,0.745419,1,0.0,0.0,0.0,0.0,0.0,0.0,n_rounds>=30,131,131,PERCENT_RANK_OVER_ORDER_BY_e_stake,HF9f,OK,L1_POWERED,0.0007571,A 净亏最大十分位 · 优先复核,122,1,A168_HF9F_20260827_0900,2026-08-27 09:00:00
ods_a168_wallet_dtl,H-SRC-01 支付／资金,0,1,1,20,无从判（须逐表验货）,ods_mariadb_2b,v1.0.1 六族表名正则 ＋ 三列性质判别（含编码式列名 betNN／memNNN／ageNNN／lmcNN）,2026-08-31 15:50:53,13436093473.3333,12101545164.6445,225932201.2126,124713543,6048562,-0.01681532,-0.01652984,-0.01689755,-0.01742716,-225932201.2126,13436093473.3333,OK,8220755.8918,9199860.2962,4.0013,95.9987,AG03-UNRESOLVED,ALL5_LEVELS_bet23_to_bet27,9199860.2962,9381979.6473,9615816.7414,9858968.4371,9338000.0461,4.001283,4.042136,4.252868,4.666985,4.496035,95.998717,95.957864,95.747132,95.333015,95.503965,4.9901,47394625.1681,43234853.3832,170316820.1526,174476591.9375,PENDING_AG03,FALSE,NOT_FOR_ENFORCEMENT,216732340.9164,11606300486.2161,217711445.3207,208511585.0246,979104.4043,0.01620348,0.01551877,9199860.2962,208511585.0246,0.01551877,9199860.2962,9381979.6473,9615816.7414,9858968.4371,9338000.0461,208511585.0246,0.01551877,47394625.1681,43234853.3832,170316820.1526,174476591.9375,0.01267607,0.01298566,0.00007287,107.7356,2000.7309,37.3530,1625411.5195,1831.5313,96662542.9736,43514.8345,113.5121,106.1793,5.1431,15.4907,52.3519,179.9915,345.4192,1499.4027,12.8578,-2.2009,22.298537,96.793939,6.954874,30,300,1326575,23,0.22362557,0.01681532,0.01652984,0.00067931,0.040378,0.900674,0.077531,0.00036771,2026-03-21,2026-08-06,139,123357,4007,139,1.000000,1.069061,1.053617,0.745419,3,0.0,0.0,0.0,0.0,0.0,0.0,n_rounds>=30,131,131,PERCENT_RANK_OVER_ORDER_BY_e_stake,HF9f,OK,L1_POWERED,0.0007571,A 净亏最大十分位 · 优先复核,123,1,A168_HF9F_20260827_0900,2026-08-27 09:00:00
ods_a168_wallet_feedbackerr,H-SRC-01 支付／资金,0,1,1,15,无从判（须逐表验货）,ods_mariadb_2b,v1.0.1 六族表名正则 ＋ 三列性质判别（含编码式列名 betNN／memNNN／ageNNN／lmcNN）,2026-08-31 15:50:53,13436093473.3333,12101545164.6445,225932201.2126,124713543,6048562,-0.01681532,-0.01652984,-0.01689755,-0.01742716,-225932201.2126,13436093473.3333,OK,8220755.8918,9199860.2962,4.0013,95.9987,AG03-UNRESOLVED,ALL5_LEVELS_bet23_to_bet27,9199860.2962,9381979.6473,9615816.7414,9858968.4371,9338000.0461,4.001283,4.042136,4.252868,4.666985,4.496035,95.998717,95.957864,95.747132,95.333015,95.503965,4.9901,47394625.1681,43234853.3832,170316820.1526,174476591.9375,PENDING_AG03,FALSE,NOT_FOR_ENFORCEMENT,216732340.9164,11606300486.2161,217711445.3207,208511585.0246,979104.4043,0.01620348,0.01551877,9199860.2962,208511585.0246,0.01551877,9199860.2962,9381979.6473,9615816.7414,9858968.4371,9338000.0461,208511585.0246,0.01551877,47394625.1681,43234853.3832,170316820.1526,174476591.9375,0.01267607,0.01298566,0.00007287,107.7356,2000.7309,37.3530,1625411.5195,1831.5313,96662542.9736,43514.8345,113.5121,106.1793,5.1431,15.4907,52.3519,179.9915,345.4192,1499.4027,12.8578,-2.2009,22.298537,96.793939,6.954874,30,300,1326575,23,0.22362557,0.01681532,0.01652984,0.00067931,0.040378,0.900674,0.077531,0.00036771,2026-03-21,2026-08-06,139,123357,4007,139,1.000000,1.069061,1.053617,0.745419,5,0.0,0.0,0.0,0.0,0.0,0.0,n_rounds>=30,131,131,PERCENT_RANK_OVER_ORDER_BY_e_stake,HF9f,OK,L1_POWERED,0.0007571,A 净亏最大十分位 · 优先复核,124,1,A168_HF9F_20260827_0900,2026-08-27 09:00:00
ods_a168_wallet_reporter,H-SRC-01 支付／资金,0,1,0,17,无从判（须逐表验货）,ods_mariadb_2b,v1.0.1 六族表名正则 ＋ 三列性质判别（含编码式列名 betNN／memNNN／ageNNN／lmcNN）,2026-08-31 15:50:53,13436093473.3333,12101545164.6445,225932201.2126,124713543,6048562,-0.01681532,-0.01652984,-0.01689755,-0.01742716,-225932201.2126,13436093473.3333,OK,8220755.8918,9199860.2962,4.0013,95.9987,AG03-UNRESOLVED,ALL5_LEVELS_bet23_to_bet27,9199860.2962,9381979.6473,9615816.7414,9858968.4371,9338000.0461,4.001283,4.042136,4.252868,4.666985,4.496035,95.998717,95.957864,95.747132,95.333015,95.503965,4.9901,47394625.1681,43234853.3832,170316820.1526,174476591.9375,PENDING_AG03,FALSE,NOT_FOR_ENFORCEMENT,216732340.9164,11606300486.2161,217711445.3207,208511585.0246,979104.4043,0.01620348,0.01551877,9199860.2962,208511585.0246,0.01551877,9199860.2962,9381979.6473,9615816.7414,9858968.4371,9338000.0461,208511585.0246,0.01551877,47394625.1681,43234853.3832,170316820.1526,174476591.9375,0.01267607,0.01298566,0.00007287,107.7356,2000.7309,37.3530,1625411.5195,1831.5313,96662542.9736,43514.8345,113.5121,106.1793,5.1431,15.4907,52.3519,179.9915,345.4192,1499.4027,12.8578,-2.2009,22.298537,96.793939,6.954874,30,300,1326575,23,0.22362557,0.01681532,0.01652984,0.00067931,0.040378,0.900674,0.077531,0.00036771,2026-03-21,2026-08-06,139,123357,4007,139,1.000000,1.069061,1.053617,0.745419,4,0.0,0.0,0.0,0.0,0.0,0.0,n_rounds>=30,131,131,PERCENT_RANK_OVER_ORDER_BY_e_stake,HF9f,OK,L1_POWERED,0.0007571,A 净亏最大十分位 · 优先复核,125,1,A168_HF9F_20260827_0900,2026-08-27 09:00:00
ods_a168_wallet_reporter_copy,H-SRC-01 支付／资金,0,1,0,17,无从判（须逐表验货）,ods_mariadb_2b,v1.0.1 六族表名正则 ＋ 三列性质判别（含编码式列名 betNN／memNNN／ageNNN／lmcNN）,2026-08-31 15:50:53,13436093473.3333,12101545164.6445,225932201.2126,124713543,6048562,-0.01681532,-0.01652984,-0.01689755,-0.01742716,-225932201.2126,13436093473.3333,OK,8220755.8918,9199860.2962,4.0013,95.9987,AG03-UNRESOLVED,ALL5_LEVELS_bet23_to_bet27,9199860.2962,9381979.6473,9615816.7414,9858968.4371,9338000.0461,4.001283,4.042136,4.252868,4.666985,4.496035,95.998717,95.957864,95.747132,95.333015,95.503965,4.9901,47394625.1681,43234853.3832,170316820.1526,174476591.9375,PENDING_AG03,FALSE,NOT_FOR_ENFORCEMENT,216732340.9164,11606300486.2161,217711445.3207,208511585.0246,979104.4043,0.01620348,0.01551877,9199860.2962,208511585.0246,0.01551877,9199860.2962,9381979.6473,9615816.7414,9858968.4371,9338000.0461,208511585.0246,0.01551877,47394625.1681,43234853.3832,170316820.1526,174476591.9375,0.01267607,0.01298566,0.00007287,107.7356,2000.7309,37.3530,1625411.5195,1831.5313,96662542.9736,43514.8345,113.5121,106.1793,5.1431,15.4907,52.3519,179.9915,345.4192,1499.4027,12.8578,-2.2009,22.298537,96.793939,6.954874,30,300,1326575,23,0.22362557,0.01681532,0.01652984,0.00067931,0.040378,0.900674,0.077531,0.00036771,2026-03-21,2026-08-06,139,123357,4007,139,1.000000,1.069061,1.053617,0.745419,5,0.0,0.0,0.0,0.0,0.0,0.0,n_rounds>=30,131,131,PERCENT_RANK_OVER_ORDER_BY_e_stake,HF9f,OK,L1_POWERED,0.0007571,A 净亏最大十分位 · 优先复核,126,1,A168_HF9F_20260827_0900,2026-08-27 09:00:00
ods_a168_wechat_url,H-SRC-04 客服工单／消息,0,1,0,10,无从判（须逐表验货）,ods_mariadb_2b,v1.0.1 六族表名正则 ＋ 三列性质判别（含编码式列名 betNN／memNNN／ageNNN／lmcNN）,2026-08-31 15:50:53,13436093473.3333,12101545164.6445,225932201.2126,124713543,6048562,-0.01681532,-0.01652984,-0.01689755,-0.01742716,-225932201.2126,13436093473.3333,OK,8220755.8918,9199860.2962,4.0013,95.9987,AG03-UNRESOLVED,ALL5_LEVELS_bet23_to_bet27,9199860.2962,9381979.6473,9615816.7414,9858968.4371,9338000.0461,4.001283,4.042136,4.252868,4.666985,4.496035,95.998717,95.957864,95.747132,95.333015,95.503965,4.9901,47394625.1681,43234853.3832,170316820.1526,174476591.9375,PENDING_AG03,FALSE,NOT_FOR_ENFORCEMENT,216732340.9164,11606300486.2161,217711445.3207,208511585.0246,979104.4043,0.01620348,0.01551877,9199860.2962,208511585.0246,0.01551877,9199860.2962,9381979.6473,9615816.7414,9858968.4371,9338000.0461,208511585.0246,0.01551877,47394625.1681,43234853.3832,170316820.1526,174476591.9375,0.01267607,0.01298566,0.00007287,107.7356,2000.7309,37.3530,1625411.5195,1831.5313,96662542.9736,43514.8345,113.5121,106.1793,5.1431,15.4907,52.3519,179.9915,345.4192,1499.4027,12.8578,-2.2009,22.298537,96.793939,6.954874,30,300,1326575,23,0.22362557,0.01681532,0.01652984,0.00067931,0.040378,0.900674,0.077531,0.00036771,2026-03-21,2026-08-06,139,123357,4007,139,1.000000,1.069061,1.053617,0.745419,3,0.0,0.0,0.0,0.0,0.0,0.0,n_rounds>=30,131,131,PERCENT_RANK_OVER_ORDER_BY_e_stake,HF9f,OK,L1_POWERED,0.0007571,A 净亏最大十分位 · 优先复核,127,1,A168_HF9F_20260827_0900,2026-08-27 09:00:00
ods_a168_white_list,（未命中六源）,0,1,0,15,无从判（须逐表验货）,ods_mariadb_2b,v1.0.1 六族表名正则 ＋ 三列性质判别（含编码式列名 betNN／memNNN／ageNNN／lmcNN）,2026-08-31 15:50:53,13436093473.3333,12101545164.6445,225932201.2126,124713543,6048562,-0.01681532,-0.01652984,-0.01689755,-0.01742716,-225932201.2126,13436093473.3333,OK,8220755.8918,9199860.2962,4.0013,95.9987,AG03-UNRESOLVED,ALL5_LEVELS_bet23_to_bet27,9199860.2962,9381979.6473,9615816.7414,9858968.4371,9338000.0461,4.001283,4.042136,4.252868,4.666985,4.496035,95.998717,95.957864,95.747132,95.333015,95.503965,4.9901,47394625.1681,43234853.3832,170316820.1526,174476591.9375,PENDING_AG03,FALSE,NOT_FOR_ENFORCEMENT,216732340.9164,11606300486.2161,217711445.3207,208511585.0246,979104.4043,0.01620348,0.01551877,9199860.2962,208511585.0246,0.01551877,9199860.2962,9381979.6473,9615816.7414,9858968.4371,9338000.0461,208511585.0246,0.01551877,47394625.1681,43234853.3832,170316820.1526,174476591.9375,0.01267607,0.01298566,0.00007287,107.7356,2000.7309,37.3530,1625411.5195,1831.5313,96662542.9736,43514.8345,113.5121,106.1793,5.1431,15.4907,52.3519,179.9915,345.4192,1499.4027,12.8578,-2.2009,22.298537,96.793939,6.954874,30,300,1326575,23,0.22362557,0.01681532,0.01652984,0.00067931,0.040378,0.900674,0.077531,0.00036771,2026-03-21,2026-08-06,139,123357,4007,139,1.000000,1.069061,1.053617,0.745419,2,0.0,0.0,0.0,0.0,0.0,0.0,n_rounds>=30,131,131,PERCENT_RANK_OVER_ORDER_BY_e_stake,HF9f,OK,L1_POWERED,0.0007571,A 净亏最大十分位 · 优先复核,128,1,A168_HF9F_20260827_0900,2026-08-27 09:00:00
ods_mariadb_2b_bet01_rt,（未命中六源）,1,1,1,44,★ 事务表候选（三列俱备）,ods_mariadb_2b,v1.0.1 六族表名正则 ＋ 三列性质判别（含编码式列名 betNN／memNNN／ageNNN／lmcNN）,2026-08-31 15:50:53,13436093473.3333,12101545164.6445,225932201.2126,124713543,6048562,-0.01681532,-0.01652984,-0.01689755,-0.01742716,-225932201.2126,13436093473.3333,OK,8220755.8918,9199860.2962,4.0013,95.9987,AG03-UNRESOLVED,ALL5_LEVELS_bet23_to_bet27,9199860.2962,9381979.6473,9615816.7414,9858968.4371,9338000.0461,4.001283,4.042136,4.252868,4.666985,4.496035,95.998717,95.957864,95.747132,95.333015,95.503965,4.9901,47394625.1681,43234853.3832,170316820.1526,174476591.9375,PENDING_AG03,FALSE,NOT_FOR_ENFORCEMENT,216732340.9164,11606300486.2161,217711445.3207,208511585.0246,979104.4043,0.01620348,0.01551877,9199860.2962,208511585.0246,0.01551877,9199860.2962,9381979.6473,9615816.7414,9858968.4371,9338000.0461,208511585.0246,0.01551877,47394625.1681,43234853.3832,170316820.1526,174476591.9375,0.01267607,0.01298566,0.00007287,107.7356,2000.7309,37.3530,1625411.5195,1831.5313,96662542.9736,43514.8345,113.5121,106.1793,5.1431,15.4907,52.3519,179.9915,345.4192,1499.4027,12.8578,-2.2009,22.298537,96.793939,6.954874,30,300,1326575,23,0.22362557,0.01681532,0.01652984,0.00067931,0.040378,0.900674,0.077531,0.00036771,2026-03-21,2026-08-06,139,123357,4007,139,1.000000,1.069061,1.053617,0.745419,4,0.0,0.0,0.0,0.0,0.0,0.0,n_rounds>=30,131,131,PERCENT_RANK_OVER_ORDER_BY_e_stake,HF9f,OK,L1_POWERED,0.0007571,A 净亏最大十分位 · 优先复核,129,1,A168_HF9F_20260827_0900,2026-08-27 09:00:00
ods_wm_live_a168_game_info,（未命中六源）,0,1,1,18,无从判（须逐表验货）,ods_mariadb_2b,v1.0.1 六族表名正则 ＋ 三列性质判别（含编码式列名 betNN／memNNN／ageNNN／lmcNN）,2026-08-31 15:50:53,13436093473.3333,12101545164.6445,225932201.2126,124713543,6048562,-0.01681532,-0.01652984,-0.01689755,-0.01742716,-225932201.2126,13436093473.3333,OK,8220755.8918,9199860.2962,4.0013,95.9987,AG03-UNRESOLVED,ALL5_LEVELS_bet23_to_bet27,9199860.2962,9381979.6473,9615816.7414,9858968.4371,9338000.0461,4.001283,4.042136,4.252868,4.666985,4.496035,95.998717,95.957864,95.747132,95.333015,95.503965,4.9901,47394625.1681,43234853.3832,170316820.1526,174476591.9375,PENDING_AG03,FALSE,NOT_FOR_ENFORCEMENT,216732340.9164,11606300486.2161,217711445.3207,208511585.0246,979104.4043,0.01620348,0.01551877,9199860.2962,208511585.0246,0.01551877,9199860.2962,9381979.6473,9615816.7414,9858968.4371,9338000.0461,208511585.0246,0.01551877,47394625.1681,43234853.3832,170316820.1526,174476591.9375,0.01267607,0.01298566,0.00007287,107.7356,2000.7309,37.3530,1625411.5195,1831.5313,96662542.9736,43514.8345,113.5121,106.1793,5.1431,15.4907,52.3519,179.9915,345.4192,1499.4027,12.8578,-2.2009,22.298537,96.793939,6.954874,30,300,1326575,23,0.22362557,0.01681532,0.01652984,0.00067931,0.040378,0.900674,0.077531,0.00036771,2026-03-21,2026-08-06,139,123357,4007,139,1.000000,1.069061,1.053617,0.745419,5,0.0,0.0,0.0,0.0,0.0,0.0,n_rounds>=30,131,131,PERCENT_RANK_OVER_ORDER_BY_e_stake,HF9f,OK,L1_POWERED,0.0007571,A 净亏最大十分位 · 优先复核,130,1,A168_HF9F_20260827_0900,2026-08-27 09:00:00
sync_checkpoint,（未命中六源）,0,1,0,13,无从判（须逐表验货）,ods_mariadb_2b,v1.0.1 六族表名正则 ＋ 三列性质判别（含编码式列名 betNN／memNNN／ageNNN／lmcNN）,2026-08-31 15:50:53,13436093473.3333,12101545164.6445,225932201.2126,124713543,6048562,-0.01681532,-0.01652984,-0.01689755,-0.01742716,-225932201.2126,13436093473.3333,OK,8220755.8918,9199860.2962,4.0013,95.9987,AG03-UNRESOLVED,ALL5_LEVELS_bet23_to_bet27,9199860.2962,9381979.6473,9615816.7414,9858968.4371,9338000.0461,4.001283,4.042136,4.252868,4.666985,4.496035,95.998717,95.957864,95.747132,95.333015,95.503965,4.9901,47394625.1681,43234853.3832,170316820.1526,174476591.9375,PENDING_AG03,FALSE,NOT_FOR_ENFORCEMENT,216732340.9164,11606300486.2161,217711445.3207,208511585.0246,979104.4043,0.01620348,0.01551877,9199860.2962,208511585.0246,0.01551877,9199860.2962,9381979.6473,9615816.7414,9858968.4371,9338000.0461,208511585.0246,0.01551877,47394625.1681,43234853.3832,170316820.1526,174476591.9375,0.01267607,0.01298566,0.00007287,107.7356,2000.7309,37.3530,1625411.5195,1831.5313,96662542.9736,43514.8345,113.5121,106.1793,5.1431,15.4907,52.3519,179.9915,345.4192,1499.4027,12.8578,-2.2009,22.298537,96.793939,6.954874,30,300,1326575,23,0.22362557,0.01681532,0.01652984,0.00067931,0.040378,0.900674,0.077531,0.00036771,2026-03-21,2026-08-06,139,123357,4007,139,1.000000,1.069061,1.053617,0.745419,1,0.0,0.0,0.0,0.0,0.0,0.0,n_rounds>=30,131,131,PERCENT_RANK_OVER_ORDER_BY_e_stake,HF9f,OK,L1_POWERED,0.0007571,A 净亏最大十分位 · 优先复核,131,1,A168_HF9F_20260827_0900,2026-08-27 09:00:00
